path,pickscore
/home/jnapolitano/Documents/metrique/dataset/coco_5000/00002.jpg,0.18603375554084778
/home/jnapolitano/Documents/metrique/dataset/coco_5000/00004.jpg,0.196511909365654
/home/jnapolitano/Documents/metrique/dataset/coco_5000/00005.jpg,0.17920148372650146
/home/jnapolitano/Documents/metrique/dataset/coco_5000/00006.jpg,0.19491513073444366
/home/jnapolitano/Documents/metrique/dataset/coco_5000/00009.jpg,0.19395488500595093
/home/jnapolitano/Documents/metrique/dataset/coco_5000/00012.jpg,0.18829572200775146
/home/jnapolitano/Documents/metrique/dataset/coco_5000/00013.jpg,0.18667879700660706
/home/jnapolitano/Documents/metrique/dataset/coco_5000/00014.jpg,0.18318600952625275
/home/jnapolitano/Documents/metrique/dataset/coco_5000/00015.jpg,0.1910180002450943
/home/jnapolitano/Documents/metrique/dataset/coco_5000/00016.jpg,0.19164717197418213
/home/jnapolitano/Documents/metrique/dataset/coco_5000/00018.jpg,0.19014427065849304
/home/jnapolitano/Documents/metrique/dataset/coco_5000/00021.jpg,0.18809425830841064
/home/jnapolitano/Documents/metrique/dataset/coco_5000/00022.jpg,0.18689510226249695
/home/jnapolitano/Documents/metrique/dataset/coco_5000/00023.jpg,0.19508525729179382
/home/jnapolitano/Documents/metrique/dataset/coco_5000/00025.jpg,0.18731281161308289
/home/jnapolitano/Documents/metrique/dataset/coco_5000/00026.jpg,0.17306873202323914
/home/jnapolitano/Documents/metrique/dataset/coco_5000/00027.jpg,0.18217992782592773
/home/jnapolitano/Documents/metrique/dataset/coco_5000/00028.jpg,0.18359869718551636
/home/jnapolitano/Documents/metrique/dataset/coco_5000/00031.jpg,0.19021320343017578
/home/jnapolitano/Documents/metrique/dataset/coco_5000/00032.jpg,0.19881772994995117
/home/jnapolitano/Documents/metrique/dataset/coco_5000/00033.jpg,0.19132938981056213
/home/jnapolitano/Documents/metrique/dataset/coco_5000/00034.jpg,0.18073679506778717
/home/jnapolitano/Documents/metrique/dataset/coco_5000/00038.jpg,0.18242844939231873
/home/jnapolitano/Documents/metrique/dataset/coco_5000/00041.jpg,0.1966521441936493
/home/jnapolitano/Documents/metrique/dataset/coco_5000/00043.jpg,0.1872139573097229
/home/jnapolitano/Documents/metrique/dataset/coco_5000/00044.jpg,0.1904071718454361
/home/jnapolitano/Documents/metrique/dataset/coco_5000/00045.jpg,0.19282805919647217
/home/jnapolitano/Documents/metrique/dataset/coco_5000/00049.jpg,0.18370097875595093
/home/jnapolitano/Documents/metrique/dataset/coco_5000/00051.jpg,0.19260559976100922
/home/jnapolitano/Documents/metrique/dataset/coco_5000/00052.jpg,0.18613769114017487
/home/jnapolitano/Documents/metrique/dataset/coco_5000/00053.jpg,0.18550734221935272
/home/jnapolitano/Documents/metrique/dataset/coco_5000/00059.jpg,0.18222862482070923
/home/jnapolitano/Documents/metrique/dataset/coco_5000/00060.jpg,0.18844297528266907
/home/jnapolitano/Documents/metrique/dataset/coco_5000/00061.jpg,0.18370938301086426
/home/jnapolitano/Documents/metrique/dataset/coco_5000/00065.jpg,0.1892528086900711
/home/jnapolitano/Documents/metrique/dataset/coco_5000/00066.jpg,0.1781618595123291
/home/jnapolitano/Documents/metrique/dataset/coco_5000/00067.jpg,0.19083860516548157
/home/jnapolitano/Documents/metrique/dataset/coco_5000/00068.jpg,0.19067636132240295
/home/jnapolitano/Documents/metrique/dataset/coco_5000/00069.jpg,0.19839414954185486
/home/jnapolitano/Documents/metrique/dataset/coco_5000/00072.jpg,0.19987395405769348
/home/jnapolitano/Documents/metrique/dataset/coco_5000/00074.jpg,0.18527492880821228
/home/jnapolitano/Documents/metrique/dataset/coco_5000/00076.jpg,0.184245765209198
/home/jnapolitano/Documents/metrique/dataset/coco_5000/00078.jpg,0.1896432340145111
/home/jnapolitano/Documents/metrique/dataset/coco_5000/00080.jpg,0.18333852291107178
/home/jnapolitano/Documents/metrique/dataset/coco_5000/00082.jpg,0.19500169157981873
/home/jnapolitano/Documents/metrique/dataset/coco_5000/00085.jpg,0.1889040470123291
/home/jnapolitano/Documents/metrique/dataset/coco_5000/00086.jpg,0.1865517497062683
/home/jnapolitano/Documents/metrique/dataset/coco_5000/00087.jpg,0.1840192973613739
/home/jnapolitano/Documents/metrique/dataset/coco_5000/00089.jpg,0.18673399090766907
/home/jnapolitano/Documents/metrique/dataset/coco_5000/00090.jpg,0.19309762120246887
/home/jnapolitano/Documents/metrique/dataset/coco_5000/00093.jpg,0.197573721408844
/home/jnapolitano/Documents/metrique/dataset/coco_5000/00096.jpg,0.1960574984550476
/home/jnapolitano/Documents/metrique/dataset/coco_5000/00097.jpg,0.17839106917381287
/home/jnapolitano/Documents/metrique/dataset/coco_5000/00101.jpg,0.1629582643508911
/home/jnapolitano/Documents/metrique/dataset/coco_5000/00102.jpg,0.19248974323272705
/home/jnapolitano/Documents/metrique/dataset/coco_5000/00105.jpg,0.19132962822914124
/home/jnapolitano/Documents/metrique/dataset/coco_5000/00107.jpg,0.1924673318862915
/home/jnapolitano/Documents/metrique/dataset/coco_5000/00110.jpg,0.17836299538612366
/home/jnapolitano/Documents/metrique/dataset/coco_5000/00111.jpg,0.19589276611804962
/home/jnapolitano/Documents/metrique/dataset/coco_5000/00112.jpg,0.19391149282455444
/home/jnapolitano/Documents/metrique/dataset/coco_5000/00114.jpg,0.1954992413520813
/home/jnapolitano/Documents/metrique/dataset/coco_5000/00115.jpg,0.18146049976348877
/home/jnapolitano/Documents/metrique/dataset/coco_5000/00116.jpg,0.17886309325695038
/home/jnapolitano/Documents/metrique/dataset/coco_5000/00117.jpg,0.18392129242420197
/home/jnapolitano/Documents/metrique/dataset/coco_5000/00118.jpg,0.1828153431415558
/home/jnapolitano/Documents/metrique/dataset/coco_5000/00120.jpg,0.19634586572647095
/home/jnapolitano/Documents/metrique/dataset/coco_5000/00121.jpg,0.19006280601024628
/home/jnapolitano/Documents/metrique/dataset/coco_5000/00122.jpg,0.19013647735118866
/home/jnapolitano/Documents/metrique/dataset/coco_5000/00123.jpg,0.19352763891220093
/home/jnapolitano/Documents/metrique/dataset/coco_5000/00124.jpg,0.1827179342508316
/home/jnapolitano/Documents/metrique/dataset/coco_5000/00125.jpg,0.19911034405231476
/home/jnapolitano/Documents/metrique/dataset/coco_5000/00126.jpg,0.2033098042011261
/home/jnapolitano/Documents/metrique/dataset/coco_5000/00127.jpg,0.1912991851568222
/home/jnapolitano/Documents/metrique/dataset/coco_5000/00129.jpg,0.1880289614200592
/home/jnapolitano/Documents/metrique/dataset/coco_5000/00132.jpg,0.18811096251010895
/home/jnapolitano/Documents/metrique/dataset/coco_5000/00134.jpg,0.1835363507270813
/home/jnapolitano/Documents/metrique/dataset/coco_5000/00135.jpg,0.19170308113098145
/home/jnapolitano/Documents/metrique/dataset/coco_5000/00138.jpg,0.18746358156204224
/home/jnapolitano/Documents/metrique/dataset/coco_5000/00140.jpg,0.18805921077728271
/home/jnapolitano/Documents/metrique/dataset/coco_5000/00141.jpg,0.1824265569448471
/home/jnapolitano/Documents/metrique/dataset/coco_5000/00142.jpg,0.19282227754592896
/home/jnapolitano/Documents/metrique/dataset/coco_5000/00145.jpg,0.1903735250234604
/home/jnapolitano/Documents/metrique/dataset/coco_5000/00147.jpg,0.1917119324207306
/home/jnapolitano/Documents/metrique/dataset/coco_5000/00148.jpg,0.18337596952915192
/home/jnapolitano/Documents/metrique/dataset/coco_5000/00150.jpg,0.19248652458190918
/home/jnapolitano/Documents/metrique/dataset/coco_5000/00153.jpg,0.18742723762989044
/home/jnapolitano/Documents/metrique/dataset/coco_5000/00155.jpg,0.18539129197597504
/home/jnapolitano/Documents/metrique/dataset/coco_5000/00157.jpg,0.1959902048110962
/home/jnapolitano/Documents/metrique/dataset/coco_5000/00159.jpg,0.18697577714920044
/home/jnapolitano/Documents/metrique/dataset/coco_5000/00160.jpg,0.1864267885684967
/home/jnapolitano/Documents/metrique/dataset/coco_5000/00161.jpg,0.18595576286315918
/home/jnapolitano/Documents/metrique/dataset/coco_5000/00162.jpg,0.19175121188163757
/home/jnapolitano/Documents/metrique/dataset/coco_5000/00163.jpg,0.1917543113231659
/home/jnapolitano/Documents/metrique/dataset/coco_5000/00164.jpg,0.19183720648288727
/home/jnapolitano/Documents/metrique/dataset/coco_5000/00167.jpg,0.19547507166862488
/home/jnapolitano/Documents/metrique/dataset/coco_5000/00168.jpg,0.18572932481765747
/home/jnapolitano/Documents/metrique/dataset/coco_5000/00169.jpg,0.18649572134017944
/home/jnapolitano/Documents/metrique/dataset/coco_5000/00170.jpg,0.18697448074817657
/home/jnapolitano/Documents/metrique/dataset/coco_5000/00171.jpg,0.17980825901031494
/home/jnapolitano/Documents/metrique/dataset/coco_5000/00172.jpg,0.19754618406295776
/home/jnapolitano/Documents/metrique/dataset/coco_5000/00175.jpg,0.19061928987503052
/home/jnapolitano/Documents/metrique/dataset/coco_5000/00176.jpg,0.2030022293329239
/home/jnapolitano/Documents/metrique/dataset/coco_5000/00178.jpg,0.18548166751861572
/home/jnapolitano/Documents/metrique/dataset/coco_5000/00179.jpg,0.20101699233055115
/home/jnapolitano/Documents/metrique/dataset/coco_5000/00182.jpg,0.19626371562480927
/home/jnapolitano/Documents/metrique/dataset/coco_5000/00183.jpg,0.1948409378528595
/home/jnapolitano/Documents/metrique/dataset/coco_5000/00187.jpg,0.18508073687553406
/home/jnapolitano/Documents/metrique/dataset/coco_5000/00188.jpg,0.18449647724628448
/home/jnapolitano/Documents/metrique/dataset/coco_5000/00189.jpg,0.1820928305387497
/home/jnapolitano/Documents/metrique/dataset/coco_5000/00192.jpg,0.1929609179496765
/home/jnapolitano/Documents/metrique/dataset/coco_5000/00193.jpg,0.18298357725143433
/home/jnapolitano/Documents/metrique/dataset/coco_5000/00195.jpg,0.19830730557441711
/home/jnapolitano/Documents/metrique/dataset/coco_5000/00197.jpg,0.19106578826904297
/home/jnapolitano/Documents/metrique/dataset/coco_5000/00198.jpg,0.19591422379016876
/home/jnapolitano/Documents/metrique/dataset/coco_5000/00199.jpg,0.17778505384922028
/home/jnapolitano/Documents/metrique/dataset/coco_5000/00201.jpg,0.18947221338748932
/home/jnapolitano/Documents/metrique/dataset/coco_5000/00202.jpg,0.18680772185325623
/home/jnapolitano/Documents/metrique/dataset/coco_5000/00203.jpg,0.19668230414390564
/home/jnapolitano/Documents/metrique/dataset/coco_5000/00205.jpg,0.19126257300376892
/home/jnapolitano/Documents/metrique/dataset/coco_5000/00206.jpg,0.189652219414711
/home/jnapolitano/Documents/metrique/dataset/coco_5000/00210.jpg,0.19209539890289307
/home/jnapolitano/Documents/metrique/dataset/coco_5000/00212.jpg,0.17977569997310638
/home/jnapolitano/Documents/metrique/dataset/coco_5000/00213.jpg,0.18565449118614197
/home/jnapolitano/Documents/metrique/dataset/coco_5000/00214.jpg,0.18419566750526428
/home/jnapolitano/Documents/metrique/dataset/coco_5000/00215.jpg,0.1934671401977539
/home/jnapolitano/Documents/metrique/dataset/coco_5000/00216.jpg,0.19246825575828552
/home/jnapolitano/Documents/metrique/dataset/coco_5000/00217.jpg,0.1876615732908249
/home/jnapolitano/Documents/metrique/dataset/coco_5000/00218.jpg,0.18292175233364105
/home/jnapolitano/Documents/metrique/dataset/coco_5000/00219.jpg,0.19624270498752594
/home/jnapolitano/Documents/metrique/dataset/coco_5000/00224.jpg,0.19429996609687805
/home/jnapolitano/Documents/metrique/dataset/coco_5000/00225.jpg,0.19330474734306335
/home/jnapolitano/Documents/metrique/dataset/coco_5000/00226.jpg,0.18716105818748474
/home/jnapolitano/Documents/metrique/dataset/coco_5000/00227.jpg,0.1866966187953949
/home/jnapolitano/Documents/metrique/dataset/coco_5000/00229.jpg,0.18784910440444946
/home/jnapolitano/Documents/metrique/dataset/coco_5000/00230.jpg,0.1875832974910736
/home/jnapolitano/Documents/metrique/dataset/coco_5000/00233.jpg,0.1895446479320526
/home/jnapolitano/Documents/metrique/dataset/coco_5000/00234.jpg,0.1989719122648239
/home/jnapolitano/Documents/metrique/dataset/coco_5000/00235.jpg,0.18801137804985046
/home/jnapolitano/Documents/metrique/dataset/coco_5000/00237.jpg,0.18562638759613037
/home/jnapolitano/Documents/metrique/dataset/coco_5000/00238.jpg,0.19788193702697754
/home/jnapolitano/Documents/metrique/dataset/coco_5000/00239.jpg,0.1802566796541214
/home/jnapolitano/Documents/metrique/dataset/coco_5000/00240.jpg,0.18498964607715607
/home/jnapolitano/Documents/metrique/dataset/coco_5000/00242.jpg,0.1915522813796997
/home/jnapolitano/Documents/metrique/dataset/coco_5000/00247.jpg,0.18960720300674438
/home/jnapolitano/Documents/metrique/dataset/coco_5000/00248.jpg,0.19823093712329865
/home/jnapolitano/Documents/metrique/dataset/coco_5000/00250.jpg,0.18383663892745972
/home/jnapolitano/Documents/metrique/dataset/coco_5000/00252.jpg,0.18928854167461395
/home/jnapolitano/Documents/metrique/dataset/coco_5000/00254.jpg,0.18913455307483673
/home/jnapolitano/Documents/metrique/dataset/coco_5000/00255.jpg,0.1913696974515915
/home/jnapolitano/Documents/metrique/dataset/coco_5000/00256.jpg,0.18753115832805634
/home/jnapolitano/Documents/metrique/dataset/coco_5000/00258.jpg,0.18701444566249847
/home/jnapolitano/Documents/metrique/dataset/coco_5000/00259.jpg,0.18401189148426056
/home/jnapolitano/Documents/metrique/dataset/coco_5000/00260.jpg,0.19691483676433563
/home/jnapolitano/Documents/metrique/dataset/coco_5000/00262.jpg,0.19557414948940277
/home/jnapolitano/Documents/metrique/dataset/coco_5000/00264.jpg,0.19310550391674042
/home/jnapolitano/Documents/metrique/dataset/coco_5000/00265.jpg,0.18427905440330505
/home/jnapolitano/Documents/metrique/dataset/coco_5000/00266.jpg,0.19491228461265564
/home/jnapolitano/Documents/metrique/dataset/coco_5000/00267.jpg,0.1788426637649536
/home/jnapolitano/Documents/metrique/dataset/coco_5000/00269.jpg,0.18496525287628174
/home/jnapolitano/Documents/metrique/dataset/coco_5000/00270.jpg,0.19751472771167755
/home/jnapolitano/Documents/metrique/dataset/coco_5000/00271.jpg,0.18794092535972595
/home/jnapolitano/Documents/metrique/dataset/coco_5000/00272.jpg,0.19515427947044373
/home/jnapolitano/Documents/metrique/dataset/coco_5000/00274.jpg,0.1860184520483017
/home/jnapolitano/Documents/metrique/dataset/coco_5000/00275.jpg,0.19168539345264435
/home/jnapolitano/Documents/metrique/dataset/coco_5000/00276.jpg,0.19756631553173065
/home/jnapolitano/Documents/metrique/dataset/coco_5000/00277.jpg,0.17270876467227936
/home/jnapolitano/Documents/metrique/dataset/coco_5000/00280.jpg,0.18380440771579742
/home/jnapolitano/Documents/metrique/dataset/coco_5000/00282.jpg,0.18714913725852966
/home/jnapolitano/Documents/metrique/dataset/coco_5000/00283.jpg,0.1940823793411255
/home/jnapolitano/Documents/metrique/dataset/coco_5000/00284.jpg,0.18809758126735687
/home/jnapolitano/Documents/metrique/dataset/coco_5000/00286.jpg,0.19462135434150696
/home/jnapolitano/Documents/metrique/dataset/coco_5000/00289.jpg,0.19376853108406067
/home/jnapolitano/Documents/metrique/dataset/coco_5000/00290.jpg,0.1907651126384735
/home/jnapolitano/Documents/metrique/dataset/coco_5000/00291.jpg,0.18966805934906006
/home/jnapolitano/Documents/metrique/dataset/coco_5000/00292.jpg,0.1779237687587738
/home/jnapolitano/Documents/metrique/dataset/coco_5000/00293.jpg,0.19564786553382874
/home/jnapolitano/Documents/metrique/dataset/coco_5000/00294.jpg,0.19520841538906097
/home/jnapolitano/Documents/metrique/dataset/coco_5000/00296.jpg,0.19830794632434845
/home/jnapolitano/Documents/metrique/dataset/coco_5000/00299.jpg,0.18803225457668304
/home/jnapolitano/Documents/metrique/dataset/coco_5000/00300.jpg,0.194062277674675
/home/jnapolitano/Documents/metrique/dataset/coco_5000/00301.jpg,0.1909836381673813
/home/jnapolitano/Documents/metrique/dataset/coco_5000/00303.jpg,0.19576866924762726
/home/jnapolitano/Documents/metrique/dataset/coco_5000/00309.jpg,0.19573871791362762
/home/jnapolitano/Documents/metrique/dataset/coco_5000/00310.jpg,0.19398975372314453
/home/jnapolitano/Documents/metrique/dataset/coco_5000/00311.jpg,0.18523664772510529
/home/jnapolitano/Documents/metrique/dataset/coco_5000/00314.jpg,0.18967090547084808
/home/jnapolitano/Documents/metrique/dataset/coco_5000/00315.jpg,0.19480879604816437
/home/jnapolitano/Documents/metrique/dataset/coco_5000/00317.jpg,0.1888410449028015
/home/jnapolitano/Documents/metrique/dataset/coco_5000/00318.jpg,0.19553932547569275
/home/jnapolitano/Documents/metrique/dataset/coco_5000/00319.jpg,0.17812886834144592
/home/jnapolitano/Documents/metrique/dataset/coco_5000/00323.jpg,0.18795818090438843
/home/jnapolitano/Documents/metrique/dataset/coco_5000/00324.jpg,0.18308591842651367
/home/jnapolitano/Documents/metrique/dataset/coco_5000/00326.jpg,0.1937718689441681
/home/jnapolitano/Documents/metrique/dataset/coco_5000/00328.jpg,0.19628119468688965
/home/jnapolitano/Documents/metrique/dataset/coco_5000/00329.jpg,0.1945493221282959
/home/jnapolitano/Documents/metrique/dataset/coco_5000/00330.jpg,0.1827668845653534
/home/jnapolitano/Documents/metrique/dataset/coco_5000/00331.jpg,0.17918181419372559
/home/jnapolitano/Documents/metrique/dataset/coco_5000/00332.jpg,0.18975931406021118
/home/jnapolitano/Documents/metrique/dataset/coco_5000/00334.jpg,0.18888768553733826
/home/jnapolitano/Documents/metrique/dataset/coco_5000/00335.jpg,0.1792157143354416
/home/jnapolitano/Documents/metrique/dataset/coco_5000/00337.jpg,0.19148069620132446
/home/jnapolitano/Documents/metrique/dataset/coco_5000/00339.jpg,0.18214969336986542
/home/jnapolitano/Documents/metrique/dataset/coco_5000/00341.jpg,0.19619186222553253
/home/jnapolitano/Documents/metrique/dataset/coco_5000/00342.jpg,0.1782255619764328
/home/jnapolitano/Documents/metrique/dataset/coco_5000/00344.jpg,0.17871993780136108
/home/jnapolitano/Documents/metrique/dataset/coco_5000/00345.jpg,0.18531256914138794
/home/jnapolitano/Documents/metrique/dataset/coco_5000/00346.jpg,0.19946688413619995
/home/jnapolitano/Documents/metrique/dataset/coco_5000/00347.jpg,0.1909327507019043
/home/jnapolitano/Documents/metrique/dataset/coco_5000/00348.jpg,0.18762362003326416
/home/jnapolitano/Documents/metrique/dataset/coco_5000/00349.jpg,0.18706390261650085
/home/jnapolitano/Documents/metrique/dataset/coco_5000/00350.jpg,0.19453167915344238
/home/jnapolitano/Documents/metrique/dataset/coco_5000/00351.jpg,0.18612873554229736
/home/jnapolitano/Documents/metrique/dataset/coco_5000/00352.jpg,0.19590625166893005
/home/jnapolitano/Documents/metrique/dataset/coco_5000/00355.jpg,0.18726730346679688
/home/jnapolitano/Documents/metrique/dataset/coco_5000/00357.jpg,0.19063006341457367
/home/jnapolitano/Documents/metrique/dataset/coco_5000/00358.jpg,0.18404515087604523
/home/jnapolitano/Documents/metrique/dataset/coco_5000/00359.jpg,0.19123977422714233
/home/jnapolitano/Documents/metrique/dataset/coco_5000/00361.jpg,0.18681350350379944
/home/jnapolitano/Documents/metrique/dataset/coco_5000/00363.jpg,0.1902787983417511
/home/jnapolitano/Documents/metrique/dataset/coco_5000/00364.jpg,0.19537082314491272
/home/jnapolitano/Documents/metrique/dataset/coco_5000/00365.jpg,0.18826128542423248
/home/jnapolitano/Documents/metrique/dataset/coco_5000/00366.jpg,0.18929705023765564
/home/jnapolitano/Documents/metrique/dataset/coco_5000/00368.jpg,0.1749838888645172
/home/jnapolitano/Documents/metrique/dataset/coco_5000/00369.jpg,0.19768774509429932
/home/jnapolitano/Documents/metrique/dataset/coco_5000/00372.jpg,0.17897586524486542
/home/jnapolitano/Documents/metrique/dataset/coco_5000/00373.jpg,0.19102826714515686
/home/jnapolitano/Documents/metrique/dataset/coco_5000/00374.jpg,0.19392192363739014
/home/jnapolitano/Documents/metrique/dataset/coco_5000/00375.jpg,0.18748334050178528
/home/jnapolitano/Documents/metrique/dataset/coco_5000/00376.jpg,0.18370237946510315
/home/jnapolitano/Documents/metrique/dataset/coco_5000/00378.jpg,0.18364465236663818
/home/jnapolitano/Documents/metrique/dataset/coco_5000/00379.jpg,0.18661373853683472
/home/jnapolitano/Documents/metrique/dataset/coco_5000/00380.jpg,0.1861889362335205
/home/jnapolitano/Documents/metrique/dataset/coco_5000/00383.jpg,0.19049310684204102
/home/jnapolitano/Documents/metrique/dataset/coco_5000/00385.jpg,0.19537171721458435
/home/jnapolitano/Documents/metrique/dataset/coco_5000/00386.jpg,0.18878377974033356
/home/jnapolitano/Documents/metrique/dataset/coco_5000/00387.jpg,0.19350580871105194
/home/jnapolitano/Documents/metrique/dataset/coco_5000/00389.jpg,0.1800847202539444
/home/jnapolitano/Documents/metrique/dataset/coco_5000/00390.jpg,0.19242292642593384
/home/jnapolitano/Documents/metrique/dataset/coco_5000/00391.jpg,0.1918390691280365
/home/jnapolitano/Documents/metrique/dataset/coco_5000/00392.jpg,0.18925991654396057
/home/jnapolitano/Documents/metrique/dataset/coco_5000/00394.jpg,0.19750268757343292
/home/jnapolitano/Documents/metrique/dataset/coco_5000/00395.jpg,0.18894396722316742
/home/jnapolitano/Documents/metrique/dataset/coco_5000/00398.jpg,0.19449672102928162
/home/jnapolitano/Documents/metrique/dataset/coco_5000/00399.jpg,0.1925969123840332
/home/jnapolitano/Documents/metrique/dataset/coco_5000/00401.jpg,0.18851689994335175
/home/jnapolitano/Documents/metrique/dataset/coco_5000/00402.jpg,0.18759438395500183
/home/jnapolitano/Documents/metrique/dataset/coco_5000/00403.jpg,0.18129709362983704
/home/jnapolitano/Documents/metrique/dataset/coco_5000/00404.jpg,0.1868855059146881
/home/jnapolitano/Documents/metrique/dataset/coco_5000/00405.jpg,0.19008103013038635
/home/jnapolitano/Documents/metrique/dataset/coco_5000/00406.jpg,0.18317171931266785
/home/jnapolitano/Documents/metrique/dataset/coco_5000/00409.jpg,0.1815166175365448
/home/jnapolitano/Documents/metrique/dataset/coco_5000/00411.jpg,0.18968045711517334
/home/jnapolitano/Documents/metrique/dataset/coco_5000/00413.jpg,0.18417131900787354
/home/jnapolitano/Documents/metrique/dataset/coco_5000/00419.jpg,0.1937250792980194
/home/jnapolitano/Documents/metrique/dataset/coco_5000/00420.jpg,0.18085655570030212
/home/jnapolitano/Documents/metrique/dataset/coco_5000/00422.jpg,0.19297263026237488
/home/jnapolitano/Documents/metrique/dataset/coco_5000/00423.jpg,0.19049380719661713
/home/jnapolitano/Documents/metrique/dataset/coco_5000/00424.jpg,0.18279799818992615
/home/jnapolitano/Documents/metrique/dataset/coco_5000/00427.jpg,0.18745066225528717
/home/jnapolitano/Documents/metrique/dataset/coco_5000/00428.jpg,0.19255676865577698
/home/jnapolitano/Documents/metrique/dataset/coco_5000/00429.jpg,0.19306042790412903
/home/jnapolitano/Documents/metrique/dataset/coco_5000/00433.jpg,0.19309546053409576
/home/jnapolitano/Documents/metrique/dataset/coco_5000/00434.jpg,0.19443312287330627
/home/jnapolitano/Documents/metrique/dataset/coco_5000/00435.jpg,0.19022542238235474
/home/jnapolitano/Documents/metrique/dataset/coco_5000/00436.jpg,0.1970127820968628
/home/jnapolitano/Documents/metrique/dataset/coco_5000/00437.jpg,0.190631702542305
/home/jnapolitano/Documents/metrique/dataset/coco_5000/00439.jpg,0.19131594896316528
/home/jnapolitano/Documents/metrique/dataset/coco_5000/00440.jpg,0.18362733721733093
/home/jnapolitano/Documents/metrique/dataset/coco_5000/00441.jpg,0.18896690011024475
/home/jnapolitano/Documents/metrique/dataset/coco_5000/00443.jpg,0.19117498397827148
/home/jnapolitano/Documents/metrique/dataset/coco_5000/00444.jpg,0.1884261667728424
/home/jnapolitano/Documents/metrique/dataset/coco_5000/00445.jpg,0.1846866011619568
/home/jnapolitano/Documents/metrique/dataset/coco_5000/00447.jpg,0.19506549835205078
/home/jnapolitano/Documents/metrique/dataset/coco_5000/00448.jpg,0.2048766314983368
/home/jnapolitano/Documents/metrique/dataset/coco_5000/00449.jpg,0.1769300103187561
/home/jnapolitano/Documents/metrique/dataset/coco_5000/00450.jpg,0.18806393444538116
/home/jnapolitano/Documents/metrique/dataset/coco_5000/00451.jpg,0.17584455013275146
/home/jnapolitano/Documents/metrique/dataset/coco_5000/00453.jpg,0.19142192602157593
/home/jnapolitano/Documents/metrique/dataset/coco_5000/00454.jpg,0.19586867094039917
/home/jnapolitano/Documents/metrique/dataset/coco_5000/00457.jpg,0.1912657916545868
/home/jnapolitano/Documents/metrique/dataset/coco_5000/00459.jpg,0.1892324984073639
/home/jnapolitano/Documents/metrique/dataset/coco_5000/00460.jpg,0.19384196400642395
/home/jnapolitano/Documents/metrique/dataset/coco_5000/00461.jpg,0.19274073839187622
/home/jnapolitano/Documents/metrique/dataset/coco_5000/00463.jpg,0.19841283559799194
/home/jnapolitano/Documents/metrique/dataset/coco_5000/00465.jpg,0.1825837790966034
/home/jnapolitano/Documents/metrique/dataset/coco_5000/00466.jpg,0.1930869221687317
/home/jnapolitano/Documents/metrique/dataset/coco_5000/00467.jpg,0.19394512474536896
/home/jnapolitano/Documents/metrique/dataset/coco_5000/00468.jpg,0.19104906916618347
/home/jnapolitano/Documents/metrique/dataset/coco_5000/00469.jpg,0.19236429035663605
/home/jnapolitano/Documents/metrique/dataset/coco_5000/00470.jpg,0.19687369465827942
/home/jnapolitano/Documents/metrique/dataset/coco_5000/00471.jpg,0.18933287262916565
/home/jnapolitano/Documents/metrique/dataset/coco_5000/00473.jpg,0.19208824634552002
/home/jnapolitano/Documents/metrique/dataset/coco_5000/00474.jpg,0.1884765475988388
/home/jnapolitano/Documents/metrique/dataset/coco_5000/00480.jpg,0.1925949603319168
/home/jnapolitano/Documents/metrique/dataset/coco_5000/00481.jpg,0.17862404882907867
/home/jnapolitano/Documents/metrique/dataset/coco_5000/00482.jpg,0.1871422529220581
/home/jnapolitano/Documents/metrique/dataset/coco_5000/00483.jpg,0.19743075966835022
/home/jnapolitano/Documents/metrique/dataset/coco_5000/00484.jpg,0.18977893888950348
/home/jnapolitano/Documents/metrique/dataset/coco_5000/00485.jpg,0.17684932053089142
/home/jnapolitano/Documents/metrique/dataset/coco_5000/00486.jpg,0.1934862732887268
/home/jnapolitano/Documents/metrique/dataset/coco_5000/00487.jpg,0.1896263062953949
/home/jnapolitano/Documents/metrique/dataset/coco_5000/00490.jpg,0.1805412322282791
/home/jnapolitano/Documents/metrique/dataset/coco_5000/00493.jpg,0.18584543466567993
/home/jnapolitano/Documents/metrique/dataset/coco_5000/00495.jpg,0.19176192581653595
/home/jnapolitano/Documents/metrique/dataset/coco_5000/00497.jpg,0.1872357428073883
/home/jnapolitano/Documents/metrique/dataset/coco_5000/00502.jpg,0.18430541455745697
/home/jnapolitano/Documents/metrique/dataset/coco_5000/00503.jpg,0.19640158116817474
/home/jnapolitano/Documents/metrique/dataset/coco_5000/00504.jpg,0.19514024257659912
/home/jnapolitano/Documents/metrique/dataset/coco_5000/00510.jpg,0.1769794225692749
/home/jnapolitano/Documents/metrique/dataset/coco_5000/00513.jpg,0.18334540724754333
/home/jnapolitano/Documents/metrique/dataset/coco_5000/00516.jpg,0.1781216561794281
/home/jnapolitano/Documents/metrique/dataset/coco_5000/00517.jpg,0.19371019303798676
/home/jnapolitano/Documents/metrique/dataset/coco_5000/00518.jpg,0.18715307116508484
/home/jnapolitano/Documents/metrique/dataset/coco_5000/00519.jpg,0.19053351879119873
/home/jnapolitano/Documents/metrique/dataset/coco_5000/00520.jpg,0.20147496461868286
/home/jnapolitano/Documents/metrique/dataset/coco_5000/00522.jpg,0.1961144506931305
/home/jnapolitano/Documents/metrique/dataset/coco_5000/00524.jpg,0.19114121794700623
/home/jnapolitano/Documents/metrique/dataset/coco_5000/00527.jpg,0.1983746588230133
/home/jnapolitano/Documents/metrique/dataset/coco_5000/00528.jpg,0.19236499071121216
/home/jnapolitano/Documents/metrique/dataset/coco_5000/00529.jpg,0.1909230798482895
/home/jnapolitano/Documents/metrique/dataset/coco_5000/00530.jpg,0.19510915875434875
/home/jnapolitano/Documents/metrique/dataset/coco_5000/00533.jpg,0.18513455986976624
/home/jnapolitano/Documents/metrique/dataset/coco_5000/00534.jpg,0.1839981973171234
/home/jnapolitano/Documents/metrique/dataset/coco_5000/00535.jpg,0.1841731071472168
/home/jnapolitano/Documents/metrique/dataset/coco_5000/00536.jpg,0.19039887189865112
/home/jnapolitano/Documents/metrique/dataset/coco_5000/00539.jpg,0.1906074583530426
/home/jnapolitano/Documents/metrique/dataset/coco_5000/00543.jpg,0.1827455461025238
/home/jnapolitano/Documents/metrique/dataset/coco_5000/00549.jpg,0.17951782047748566
/home/jnapolitano/Documents/metrique/dataset/coco_5000/00550.jpg,0.19281993806362152
/home/jnapolitano/Documents/metrique/dataset/coco_5000/00552.jpg,0.20108258724212646
/home/jnapolitano/Documents/metrique/dataset/coco_5000/00553.jpg,0.18406987190246582
/home/jnapolitano/Documents/metrique/dataset/coco_5000/00556.jpg,0.18821464478969574
/home/jnapolitano/Documents/metrique/dataset/coco_5000/00557.jpg,0.19768276810646057
/home/jnapolitano/Documents/metrique/dataset/coco_5000/00561.jpg,0.18480250239372253
/home/jnapolitano/Documents/metrique/dataset/coco_5000/00562.jpg,0.1936798244714737
/home/jnapolitano/Documents/metrique/dataset/coco_5000/00563.jpg,0.1927613914012909
/home/jnapolitano/Documents/metrique/dataset/coco_5000/00564.jpg,0.19292433559894562
/home/jnapolitano/Documents/metrique/dataset/coco_5000/00565.jpg,0.1810920536518097
/home/jnapolitano/Documents/metrique/dataset/coco_5000/00566.jpg,0.19173912703990936
/home/jnapolitano/Documents/metrique/dataset/coco_5000/00569.jpg,0.19807927310466766
/home/jnapolitano/Documents/metrique/dataset/coco_5000/00571.jpg,0.19882774353027344
/home/jnapolitano/Documents/metrique/dataset/coco_5000/00574.jpg,0.19493645429611206
/home/jnapolitano/Documents/metrique/dataset/coco_5000/00577.jpg,0.17546342313289642
/home/jnapolitano/Documents/metrique/dataset/coco_5000/00578.jpg,0.1968902349472046
/home/jnapolitano/Documents/metrique/dataset/coco_5000/00579.jpg,0.19623729586601257
/home/jnapolitano/Documents/metrique/dataset/coco_5000/00582.jpg,0.18740272521972656
/home/jnapolitano/Documents/metrique/dataset/coco_5000/00584.jpg,0.19746097922325134
/home/jnapolitano/Documents/metrique/dataset/coco_5000/00585.jpg,0.19124844670295715
/home/jnapolitano/Documents/metrique/dataset/coco_5000/00586.jpg,0.17967751622200012
/home/jnapolitano/Documents/metrique/dataset/coco_5000/00587.jpg,0.18834218382835388
/home/jnapolitano/Documents/metrique/dataset/coco_5000/00589.jpg,0.1794775277376175
/home/jnapolitano/Documents/metrique/dataset/coco_5000/00591.jpg,0.1964535117149353
/home/jnapolitano/Documents/metrique/dataset/coco_5000/00592.jpg,0.1928880214691162
/home/jnapolitano/Documents/metrique/dataset/coco_5000/00594.jpg,0.18353810906410217
/home/jnapolitano/Documents/metrique/dataset/coco_5000/00595.jpg,0.19469626247882843
/home/jnapolitano/Documents/metrique/dataset/coco_5000/00599.jpg,0.1970568597316742
/home/jnapolitano/Documents/metrique/dataset/coco_5000/00600.jpg,0.19173094630241394
/home/jnapolitano/Documents/metrique/dataset/coco_5000/00601.jpg,0.18119630217552185
/home/jnapolitano/Documents/metrique/dataset/coco_5000/00603.jpg,0.19313769042491913
/home/jnapolitano/Documents/metrique/dataset/coco_5000/00604.jpg,0.18601664900779724
/home/jnapolitano/Documents/metrique/dataset/coco_5000/00605.jpg,0.18101602792739868
/home/jnapolitano/Documents/metrique/dataset/coco_5000/00606.jpg,0.18813326954841614
/home/jnapolitano/Documents/metrique/dataset/coco_5000/00607.jpg,0.197610005736351
/home/jnapolitano/Documents/metrique/dataset/coco_5000/00608.jpg,0.1945975422859192
/home/jnapolitano/Documents/metrique/dataset/coco_5000/00610.jpg,0.19240275025367737
/home/jnapolitano/Documents/metrique/dataset/coco_5000/00611.jpg,0.18758586049079895
/home/jnapolitano/Documents/metrique/dataset/coco_5000/00612.jpg,0.19111809134483337
/home/jnapolitano/Documents/metrique/dataset/coco_5000/00613.jpg,0.1946668177843094
/home/jnapolitano/Documents/metrique/dataset/coco_5000/00614.jpg,0.18695446848869324
/home/jnapolitano/Documents/metrique/dataset/coco_5000/00615.jpg,0.1897190660238266
/home/jnapolitano/Documents/metrique/dataset/coco_5000/00617.jpg,0.18646088242530823
/home/jnapolitano/Documents/metrique/dataset/coco_5000/00618.jpg,0.1854778230190277
/home/jnapolitano/Documents/metrique/dataset/coco_5000/00619.jpg,0.18624764680862427
/home/jnapolitano/Documents/metrique/dataset/coco_5000/00620.jpg,0.19339793920516968
/home/jnapolitano/Documents/metrique/dataset/coco_5000/00621.jpg,0.20081865787506104
/home/jnapolitano/Documents/metrique/dataset/coco_5000/00622.jpg,0.18909768760204315
/home/jnapolitano/Documents/metrique/dataset/coco_5000/00623.jpg,0.18380793929100037
/home/jnapolitano/Documents/metrique/dataset/coco_5000/00624.jpg,0.18737469613552094
/home/jnapolitano/Documents/metrique/dataset/coco_5000/00625.jpg,0.18239547312259674
/home/jnapolitano/Documents/metrique/dataset/coco_5000/00626.jpg,0.19149664044380188
/home/jnapolitano/Documents/metrique/dataset/coco_5000/00629.jpg,0.19154807925224304
/home/jnapolitano/Documents/metrique/dataset/coco_5000/00630.jpg,0.1917499303817749
/home/jnapolitano/Documents/metrique/dataset/coco_5000/00632.jpg,0.1889597773551941
/home/jnapolitano/Documents/metrique/dataset/coco_5000/00635.jpg,0.18833650648593903
/home/jnapolitano/Documents/metrique/dataset/coco_5000/00636.jpg,0.18530508875846863
/home/jnapolitano/Documents/metrique/dataset/coco_5000/00640.jpg,0.19516561925411224
/home/jnapolitano/Documents/metrique/dataset/coco_5000/00642.jpg,0.1937950849533081
/home/jnapolitano/Documents/metrique/dataset/coco_5000/00643.jpg,0.18570587038993835
/home/jnapolitano/Documents/metrique/dataset/coco_5000/00644.jpg,0.17634132504463196
/home/jnapolitano/Documents/metrique/dataset/coco_5000/00645.jpg,0.18894615769386292
/home/jnapolitano/Documents/metrique/dataset/coco_5000/00647.jpg,0.183090940117836
/home/jnapolitano/Documents/metrique/dataset/coco_5000/00649.jpg,0.188192218542099
/home/jnapolitano/Documents/metrique/dataset/coco_5000/00650.jpg,0.18473292887210846
/home/jnapolitano/Documents/metrique/dataset/coco_5000/00652.jpg,0.1977977156639099
/home/jnapolitano/Documents/metrique/dataset/coco_5000/00653.jpg,0.19330118596553802
/home/jnapolitano/Documents/metrique/dataset/coco_5000/00654.jpg,0.19480204582214355
/home/jnapolitano/Documents/metrique/dataset/coco_5000/00660.jpg,0.19016069173812866
/home/jnapolitano/Documents/metrique/dataset/coco_5000/00661.jpg,0.19589143991470337
/home/jnapolitano/Documents/metrique/dataset/coco_5000/00663.jpg,0.18679028749465942
/home/jnapolitano/Documents/metrique/dataset/coco_5000/00665.jpg,0.197788804769516
/home/jnapolitano/Documents/metrique/dataset/coco_5000/00669.jpg,0.1837959885597229
/home/jnapolitano/Documents/metrique/dataset/coco_5000/00671.jpg,0.18476682901382446
/home/jnapolitano/Documents/metrique/dataset/coco_5000/00672.jpg,0.199959859251976
/home/jnapolitano/Documents/metrique/dataset/coco_5000/00673.jpg,0.18656767904758453
/home/jnapolitano/Documents/metrique/dataset/coco_5000/00674.jpg,0.1857469379901886
/home/jnapolitano/Documents/metrique/dataset/coco_5000/00678.jpg,0.18696796894073486
/home/jnapolitano/Documents/metrique/dataset/coco_5000/00679.jpg,0.18422278761863708
/home/jnapolitano/Documents/metrique/dataset/coco_5000/00680.jpg,0.18480709195137024
/home/jnapolitano/Documents/metrique/dataset/coco_5000/00681.jpg,0.19869717955589294
/home/jnapolitano/Documents/metrique/dataset/coco_5000/00682.jpg,0.18141412734985352
/home/jnapolitano/Documents/metrique/dataset/coco_5000/00683.jpg,0.18624275922775269
/home/jnapolitano/Documents/metrique/dataset/coco_5000/00685.jpg,0.18489420413970947
/home/jnapolitano/Documents/metrique/dataset/coco_5000/00686.jpg,0.1897476315498352
/home/jnapolitano/Documents/metrique/dataset/coco_5000/00690.jpg,0.19332394003868103
/home/jnapolitano/Documents/metrique/dataset/coco_5000/00691.jpg,0.17929565906524658
/home/jnapolitano/Documents/metrique/dataset/coco_5000/00692.jpg,0.189548522233963
/home/jnapolitano/Documents/metrique/dataset/coco_5000/00696.jpg,0.19250500202178955
/home/jnapolitano/Documents/metrique/dataset/coco_5000/00697.jpg,0.18325361609458923
/home/jnapolitano/Documents/metrique/dataset/coco_5000/00698.jpg,0.18479755520820618
/home/jnapolitano/Documents/metrique/dataset/coco_5000/00699.jpg,0.18954969942569733
/home/jnapolitano/Documents/metrique/dataset/coco_5000/00700.jpg,0.1868656873703003
/home/jnapolitano/Documents/metrique/dataset/coco_5000/00701.jpg,0.18491333723068237
/home/jnapolitano/Documents/metrique/dataset/coco_5000/00703.jpg,0.19289270043373108
/home/jnapolitano/Documents/metrique/dataset/coco_5000/00704.jpg,0.17948195338249207
/home/jnapolitano/Documents/metrique/dataset/coco_5000/00705.jpg,0.19151481986045837
/home/jnapolitano/Documents/metrique/dataset/coco_5000/00706.jpg,0.18709690868854523
/home/jnapolitano/Documents/metrique/dataset/coco_5000/00709.jpg,0.18994837999343872
/home/jnapolitano/Documents/metrique/dataset/coco_5000/00714.jpg,0.1876121312379837
/home/jnapolitano/Documents/metrique/dataset/coco_5000/00717.jpg,0.193226620554924
/home/jnapolitano/Documents/metrique/dataset/coco_5000/00719.jpg,0.19383352994918823
/home/jnapolitano/Documents/metrique/dataset/coco_5000/00720.jpg,0.19088272750377655
/home/jnapolitano/Documents/metrique/dataset/coco_5000/00721.jpg,0.1907804161310196
/home/jnapolitano/Documents/metrique/dataset/coco_5000/00722.jpg,0.19430503249168396
/home/jnapolitano/Documents/metrique/dataset/coco_5000/00723.jpg,0.18950006365776062
/home/jnapolitano/Documents/metrique/dataset/coco_5000/00724.jpg,0.19436433911323547
/home/jnapolitano/Documents/metrique/dataset/coco_5000/00725.jpg,0.19544725120067596
/home/jnapolitano/Documents/metrique/dataset/coco_5000/00726.jpg,0.18919996917247772
/home/jnapolitano/Documents/metrique/dataset/coco_5000/00727.jpg,0.1882036030292511
/home/jnapolitano/Documents/metrique/dataset/coco_5000/00728.jpg,0.19209985435009003
/home/jnapolitano/Documents/metrique/dataset/coco_5000/00729.jpg,0.19059473276138306
/home/jnapolitano/Documents/metrique/dataset/coco_5000/00731.jpg,0.19350574910640717
/home/jnapolitano/Documents/metrique/dataset/coco_5000/00732.jpg,0.19516566395759583
/home/jnapolitano/Documents/metrique/dataset/coco_5000/00734.jpg,0.18887323141098022
/home/jnapolitano/Documents/metrique/dataset/coco_5000/00736.jpg,0.1923082172870636
/home/jnapolitano/Documents/metrique/dataset/coco_5000/00739.jpg,0.1922864019870758
/home/jnapolitano/Documents/metrique/dataset/coco_5000/00740.jpg,0.18294888734817505
/home/jnapolitano/Documents/metrique/dataset/coco_5000/00741.jpg,0.18513277173042297
/home/jnapolitano/Documents/metrique/dataset/coco_5000/00742.jpg,0.19736988842487335
/home/jnapolitano/Documents/metrique/dataset/coco_5000/00743.jpg,0.18772339820861816
/home/jnapolitano/Documents/metrique/dataset/coco_5000/00744.jpg,0.19206275045871735
/home/jnapolitano/Documents/metrique/dataset/coco_5000/00745.jpg,0.18834616243839264
/home/jnapolitano/Documents/metrique/dataset/coco_5000/00746.jpg,0.17770466208457947
/home/jnapolitano/Documents/metrique/dataset/coco_5000/00747.jpg,0.19284799695014954
/home/jnapolitano/Documents/metrique/dataset/coco_5000/00748.jpg,0.1885540783405304
/home/jnapolitano/Documents/metrique/dataset/coco_5000/00749.jpg,0.1862991601228714
/home/jnapolitano/Documents/metrique/dataset/coco_5000/00750.jpg,0.18370655179023743
/home/jnapolitano/Documents/metrique/dataset/coco_5000/00752.jpg,0.17660537362098694
/home/jnapolitano/Documents/metrique/dataset/coco_5000/00753.jpg,0.18752631545066833
/home/jnapolitano/Documents/metrique/dataset/coco_5000/00755.jpg,0.1791599690914154
/home/jnapolitano/Documents/metrique/dataset/coco_5000/00756.jpg,0.18466058373451233
/home/jnapolitano/Documents/metrique/dataset/coco_5000/00758.jpg,0.177292138338089
/home/jnapolitano/Documents/metrique/dataset/coco_5000/00760.jpg,0.1953638195991516
/home/jnapolitano/Documents/metrique/dataset/coco_5000/00761.jpg,0.19344674050807953
/home/jnapolitano/Documents/metrique/dataset/coco_5000/00763.jpg,0.1896514743566513
/home/jnapolitano/Documents/metrique/dataset/coco_5000/00764.jpg,0.1952236294746399
/home/jnapolitano/Documents/metrique/dataset/coco_5000/00765.jpg,0.1908770203590393
/home/jnapolitano/Documents/metrique/dataset/coco_5000/00766.jpg,0.19077971577644348
/home/jnapolitano/Documents/metrique/dataset/coco_5000/00767.jpg,0.18711671233177185
/home/jnapolitano/Documents/metrique/dataset/coco_5000/00768.jpg,0.19362375140190125
/home/jnapolitano/Documents/metrique/dataset/coco_5000/00769.jpg,0.19449929893016815
/home/jnapolitano/Documents/metrique/dataset/coco_5000/00770.jpg,0.19055625796318054
/home/jnapolitano/Documents/metrique/dataset/coco_5000/00771.jpg,0.17566825449466705
/home/jnapolitano/Documents/metrique/dataset/coco_5000/00772.jpg,0.18531057238578796
/home/jnapolitano/Documents/metrique/dataset/coco_5000/00774.jpg,0.18844997882843018
/home/jnapolitano/Documents/metrique/dataset/coco_5000/00778.jpg,0.1757640540599823
/home/jnapolitano/Documents/metrique/dataset/coco_5000/00782.jpg,0.18587736785411835
/home/jnapolitano/Documents/metrique/dataset/coco_5000/00783.jpg,0.18564331531524658
/home/jnapolitano/Documents/metrique/dataset/coco_5000/00786.jpg,0.1843402087688446
/home/jnapolitano/Documents/metrique/dataset/coco_5000/00787.jpg,0.19547763466835022
/home/jnapolitano/Documents/metrique/dataset/coco_5000/00788.jpg,0.19469788670539856
/home/jnapolitano/Documents/metrique/dataset/coco_5000/00793.jpg,0.18786394596099854
/home/jnapolitano/Documents/metrique/dataset/coco_5000/00795.jpg,0.18864333629608154
/home/jnapolitano/Documents/metrique/dataset/coco_5000/00796.jpg,0.18656261265277863
/home/jnapolitano/Documents/metrique/dataset/coco_5000/00798.jpg,0.17860017716884613
/home/jnapolitano/Documents/metrique/dataset/coco_5000/00799.jpg,0.18482880294322968
/home/jnapolitano/Documents/metrique/dataset/coco_5000/00800.jpg,0.18431417644023895
/home/jnapolitano/Documents/metrique/dataset/coco_5000/00801.jpg,0.1943567395210266
/home/jnapolitano/Documents/metrique/dataset/coco_5000/00802.jpg,0.18818002939224243
/home/jnapolitano/Documents/metrique/dataset/coco_5000/00804.jpg,0.1945643573999405
/home/jnapolitano/Documents/metrique/dataset/coco_5000/00805.jpg,0.20018991827964783
/home/jnapolitano/Documents/metrique/dataset/coco_5000/00806.jpg,0.19664235413074493
/home/jnapolitano/Documents/metrique/dataset/coco_5000/00808.jpg,0.17921662330627441
/home/jnapolitano/Documents/metrique/dataset/coco_5000/00809.jpg,0.1972532570362091
/home/jnapolitano/Documents/metrique/dataset/coco_5000/00811.jpg,0.19526441395282745
/home/jnapolitano/Documents/metrique/dataset/coco_5000/00812.jpg,0.19221261143684387
/home/jnapolitano/Documents/metrique/dataset/coco_5000/00815.jpg,0.19591070711612701
/home/jnapolitano/Documents/metrique/dataset/coco_5000/00817.jpg,0.1937330961227417
/home/jnapolitano/Documents/metrique/dataset/coco_5000/00818.jpg,0.1803274154663086
/home/jnapolitano/Documents/metrique/dataset/coco_5000/00820.jpg,0.18416497111320496
/home/jnapolitano/Documents/metrique/dataset/coco_5000/00821.jpg,0.19477364420890808
/home/jnapolitano/Documents/metrique/dataset/coco_5000/00823.jpg,0.18114735186100006
/home/jnapolitano/Documents/metrique/dataset/coco_5000/00825.jpg,0.188380628824234
/home/jnapolitano/Documents/metrique/dataset/coco_5000/00827.jpg,0.18205095827579498
/home/jnapolitano/Documents/metrique/dataset/coco_5000/00831.jpg,0.19730721414089203
/home/jnapolitano/Documents/metrique/dataset/coco_5000/00832.jpg,0.1888183206319809
/home/jnapolitano/Documents/metrique/dataset/coco_5000/00833.jpg,0.1917056441307068
/home/jnapolitano/Documents/metrique/dataset/coco_5000/00834.jpg,0.1916642189025879
/home/jnapolitano/Documents/metrique/dataset/coco_5000/00836.jpg,0.1914554238319397
/home/jnapolitano/Documents/metrique/dataset/coco_5000/00837.jpg,0.18822063505649567
/home/jnapolitano/Documents/metrique/dataset/coco_5000/00839.jpg,0.17933599650859833
/home/jnapolitano/Documents/metrique/dataset/coco_5000/00840.jpg,0.1974393129348755
/home/jnapolitano/Documents/metrique/dataset/coco_5000/00842.jpg,0.18739837408065796
/home/jnapolitano/Documents/metrique/dataset/coco_5000/00844.jpg,0.18312960863113403
/home/jnapolitano/Documents/metrique/dataset/coco_5000/00845.jpg,0.18224969506263733
/home/jnapolitano/Documents/metrique/dataset/coco_5000/00846.jpg,0.1928648203611374
/home/jnapolitano/Documents/metrique/dataset/coco_5000/00848.jpg,0.19503067433834076
/home/jnapolitano/Documents/metrique/dataset/coco_5000/00849.jpg,0.19828757643699646
/home/jnapolitano/Documents/metrique/dataset/coco_5000/00850.jpg,0.1790783554315567
/home/jnapolitano/Documents/metrique/dataset/coco_5000/00852.jpg,0.18141524493694305
/home/jnapolitano/Documents/metrique/dataset/coco_5000/00853.jpg,0.19851276278495789
/home/jnapolitano/Documents/metrique/dataset/coco_5000/00855.jpg,0.19139474630355835
/home/jnapolitano/Documents/metrique/dataset/coco_5000/00858.jpg,0.1820855587720871
/home/jnapolitano/Documents/metrique/dataset/coco_5000/00860.jpg,0.18756602704524994
/home/jnapolitano/Documents/metrique/dataset/coco_5000/00861.jpg,0.17540375888347626
/home/jnapolitano/Documents/metrique/dataset/coco_5000/00864.jpg,0.19014739990234375
/home/jnapolitano/Documents/metrique/dataset/coco_5000/00867.jpg,0.18436206877231598
/home/jnapolitano/Documents/metrique/dataset/coco_5000/00868.jpg,0.18811175227165222
/home/jnapolitano/Documents/metrique/dataset/coco_5000/00873.jpg,0.18402713537216187
/home/jnapolitano/Documents/metrique/dataset/coco_5000/00875.jpg,0.1813720166683197
/home/jnapolitano/Documents/metrique/dataset/coco_5000/00876.jpg,0.19118398427963257
/home/jnapolitano/Documents/metrique/dataset/coco_5000/00878.jpg,0.19355209171772003
/home/jnapolitano/Documents/metrique/dataset/coco_5000/00879.jpg,0.1814473420381546
/home/jnapolitano/Documents/metrique/dataset/coco_5000/00880.jpg,0.18875513970851898
/home/jnapolitano/Documents/metrique/dataset/coco_5000/00882.jpg,0.18834711611270905
/home/jnapolitano/Documents/metrique/dataset/coco_5000/00885.jpg,0.18905189633369446
/home/jnapolitano/Documents/metrique/dataset/coco_5000/00887.jpg,0.1852237582206726
/home/jnapolitano/Documents/metrique/dataset/coco_5000/00888.jpg,0.18202117085456848
/home/jnapolitano/Documents/metrique/dataset/coco_5000/00892.jpg,0.18570546805858612
/home/jnapolitano/Documents/metrique/dataset/coco_5000/00893.jpg,0.19615215063095093
/home/jnapolitano/Documents/metrique/dataset/coco_5000/00898.jpg,0.18714356422424316
/home/jnapolitano/Documents/metrique/dataset/coco_5000/00899.jpg,0.18472525477409363
/home/jnapolitano/Documents/metrique/dataset/coco_5000/00900.jpg,0.1881449818611145
/home/jnapolitano/Documents/metrique/dataset/coco_5000/00902.jpg,0.19019070267677307
/home/jnapolitano/Documents/metrique/dataset/coco_5000/00903.jpg,0.1911328285932541
/home/jnapolitano/Documents/metrique/dataset/coco_5000/00904.jpg,0.19008177518844604
/home/jnapolitano/Documents/metrique/dataset/coco_5000/00905.jpg,0.18339528143405914
/home/jnapolitano/Documents/metrique/dataset/coco_5000/00908.jpg,0.1856028139591217
/home/jnapolitano/Documents/metrique/dataset/coco_5000/00909.jpg,0.18414774537086487
/home/jnapolitano/Documents/metrique/dataset/coco_5000/00910.jpg,0.1902950257062912
/home/jnapolitano/Documents/metrique/dataset/coco_5000/00911.jpg,0.19151559472084045
/home/jnapolitano/Documents/metrique/dataset/coco_5000/00912.jpg,0.19197112321853638
/home/jnapolitano/Documents/metrique/dataset/coco_5000/00913.jpg,0.19446659088134766
/home/jnapolitano/Documents/metrique/dataset/coco_5000/00914.jpg,0.19669084250926971
/home/jnapolitano/Documents/metrique/dataset/coco_5000/00915.jpg,0.18823857605457306
/home/jnapolitano/Documents/metrique/dataset/coco_5000/00917.jpg,0.1961413025856018
/home/jnapolitano/Documents/metrique/dataset/coco_5000/00922.jpg,0.1934897005558014
/home/jnapolitano/Documents/metrique/dataset/coco_5000/00923.jpg,0.19120021164417267
/home/jnapolitano/Documents/metrique/dataset/coco_5000/00926.jpg,0.1936858892440796
/home/jnapolitano/Documents/metrique/dataset/coco_5000/00928.jpg,0.18568047881126404
/home/jnapolitano/Documents/metrique/dataset/coco_5000/00930.jpg,0.19387900829315186
/home/jnapolitano/Documents/metrique/dataset/coco_5000/00932.jpg,0.19118410348892212
/home/jnapolitano/Documents/metrique/dataset/coco_5000/00934.jpg,0.20414723455905914
/home/jnapolitano/Documents/metrique/dataset/coco_5000/00935.jpg,0.18930584192276
/home/jnapolitano/Documents/metrique/dataset/coco_5000/00940.jpg,0.1896764487028122
/home/jnapolitano/Documents/metrique/dataset/coco_5000/00941.jpg,0.19390769302845
/home/jnapolitano/Documents/metrique/dataset/coco_5000/00942.jpg,0.19376662373542786
/home/jnapolitano/Documents/metrique/dataset/coco_5000/00943.jpg,0.1991361379623413
/home/jnapolitano/Documents/metrique/dataset/coco_5000/00944.jpg,0.18970221281051636
/home/jnapolitano/Documents/metrique/dataset/coco_5000/00945.jpg,0.18933632969856262
/home/jnapolitano/Documents/metrique/dataset/coco_5000/00947.jpg,0.1896665394306183
/home/jnapolitano/Documents/metrique/dataset/coco_5000/00948.jpg,0.190338134765625
/home/jnapolitano/Documents/metrique/dataset/coco_5000/00949.jpg,0.18607604503631592
/home/jnapolitano/Documents/metrique/dataset/coco_5000/00951.jpg,0.1805715262889862
/home/jnapolitano/Documents/metrique/dataset/coco_5000/00952.jpg,0.18605583906173706
/home/jnapolitano/Documents/metrique/dataset/coco_5000/00954.jpg,0.19097182154655457
/home/jnapolitano/Documents/metrique/dataset/coco_5000/00955.jpg,0.18153750896453857
/home/jnapolitano/Documents/metrique/dataset/coco_5000/00956.jpg,0.19250956177711487
/home/jnapolitano/Documents/metrique/dataset/coco_5000/00958.jpg,0.17691102623939514
/home/jnapolitano/Documents/metrique/dataset/coco_5000/00959.jpg,0.19437946379184723
/home/jnapolitano/Documents/metrique/dataset/coco_5000/00960.jpg,0.1886439323425293
/home/jnapolitano/Documents/metrique/dataset/coco_5000/00962.jpg,0.1925862729549408
/home/jnapolitano/Documents/metrique/dataset/coco_5000/00963.jpg,0.18589907884597778
/home/jnapolitano/Documents/metrique/dataset/coco_5000/00964.jpg,0.191524475812912
/home/jnapolitano/Documents/metrique/dataset/coco_5000/00965.jpg,0.18863455951213837
/home/jnapolitano/Documents/metrique/dataset/coco_5000/00967.jpg,0.19541922211647034
/home/jnapolitano/Documents/metrique/dataset/coco_5000/00969.jpg,0.1879698932170868
/home/jnapolitano/Documents/metrique/dataset/coco_5000/00970.jpg,0.19338098168373108
/home/jnapolitano/Documents/metrique/dataset/coco_5000/00971.jpg,0.1900579333305359
/home/jnapolitano/Documents/metrique/dataset/coco_5000/00973.jpg,0.18812255561351776
/home/jnapolitano/Documents/metrique/dataset/coco_5000/00974.jpg,0.1785302460193634
/home/jnapolitano/Documents/metrique/dataset/coco_5000/00975.jpg,0.1891060471534729
/home/jnapolitano/Documents/metrique/dataset/coco_5000/00978.jpg,0.18998536467552185
/home/jnapolitano/Documents/metrique/dataset/coco_5000/00979.jpg,0.18323588371276855
/home/jnapolitano/Documents/metrique/dataset/coco_5000/00982.jpg,0.1925753951072693
/home/jnapolitano/Documents/metrique/dataset/coco_5000/00983.jpg,0.18467487394809723
/home/jnapolitano/Documents/metrique/dataset/coco_5000/00986.jpg,0.1844412088394165
/home/jnapolitano/Documents/metrique/dataset/coco_5000/00987.jpg,0.19519531726837158
/home/jnapolitano/Documents/metrique/dataset/coco_5000/00989.jpg,0.19173409044742584
/home/jnapolitano/Documents/metrique/dataset/coco_5000/00991.jpg,0.1865757703781128
/home/jnapolitano/Documents/metrique/dataset/coco_5000/00994.jpg,0.19028961658477783
/home/jnapolitano/Documents/metrique/dataset/coco_5000/00996.jpg,0.18857014179229736
/home/jnapolitano/Documents/metrique/dataset/coco_5000/00997.jpg,0.19716188311576843
/home/jnapolitano/Documents/metrique/dataset/coco_5000/00998.jpg,0.19301587343215942
/home/jnapolitano/Documents/metrique/dataset/coco_5000/00999.jpg,0.1891421675682068
/home/jnapolitano/Documents/metrique/dataset/coco_5000/01000.jpg,0.19342738389968872
/home/jnapolitano/Documents/metrique/dataset/coco_5000/01002.jpg,0.18595370650291443
/home/jnapolitano/Documents/metrique/dataset/coco_5000/01004.jpg,0.1818953901529312
/home/jnapolitano/Documents/metrique/dataset/coco_5000/01005.jpg,0.1908475160598755
/home/jnapolitano/Documents/metrique/dataset/coco_5000/01006.jpg,0.19722604751586914
/home/jnapolitano/Documents/metrique/dataset/coco_5000/01008.jpg,0.19380468130111694
/home/jnapolitano/Documents/metrique/dataset/coco_5000/01009.jpg,0.18789374828338623
/home/jnapolitano/Documents/metrique/dataset/coco_5000/01010.jpg,0.19471758604049683
/home/jnapolitano/Documents/metrique/dataset/coco_5000/01011.jpg,0.18409405648708344
/home/jnapolitano/Documents/metrique/dataset/coco_5000/01012.jpg,0.18884040415287018
/home/jnapolitano/Documents/metrique/dataset/coco_5000/01013.jpg,0.19633632898330688
/home/jnapolitano/Documents/metrique/dataset/coco_5000/01014.jpg,0.19394324719905853
/home/jnapolitano/Documents/metrique/dataset/coco_5000/01016.jpg,0.1877768635749817
/home/jnapolitano/Documents/metrique/dataset/coco_5000/01017.jpg,0.18032516539096832
/home/jnapolitano/Documents/metrique/dataset/coco_5000/01019.jpg,0.1932620257139206
/home/jnapolitano/Documents/metrique/dataset/coco_5000/01022.jpg,0.18850935995578766
/home/jnapolitano/Documents/metrique/dataset/coco_5000/01023.jpg,0.1812400221824646
/home/jnapolitano/Documents/metrique/dataset/coco_5000/01024.jpg,0.19119921326637268
/home/jnapolitano/Documents/metrique/dataset/coco_5000/01025.jpg,0.19521492719650269
/home/jnapolitano/Documents/metrique/dataset/coco_5000/01026.jpg,0.19059690833091736
/home/jnapolitano/Documents/metrique/dataset/coco_5000/01029.jpg,0.18009227514266968
/home/jnapolitano/Documents/metrique/dataset/coco_5000/01032.jpg,0.19410857558250427
/home/jnapolitano/Documents/metrique/dataset/coco_5000/01033.jpg,0.18789386749267578
/home/jnapolitano/Documents/metrique/dataset/coco_5000/01035.jpg,0.18450802564620972
/home/jnapolitano/Documents/metrique/dataset/coco_5000/01036.jpg,0.1951136291027069
/home/jnapolitano/Documents/metrique/dataset/coco_5000/01037.jpg,0.18876808881759644
/home/jnapolitano/Documents/metrique/dataset/coco_5000/01040.jpg,0.19402609765529633
/home/jnapolitano/Documents/metrique/dataset/coco_5000/01041.jpg,0.18560096621513367
/home/jnapolitano/Documents/metrique/dataset/coco_5000/01042.jpg,0.1953621208667755
/home/jnapolitano/Documents/metrique/dataset/coco_5000/01043.jpg,0.19059592485427856
/home/jnapolitano/Documents/metrique/dataset/coco_5000/01044.jpg,0.18692606687545776
/home/jnapolitano/Documents/metrique/dataset/coco_5000/01045.jpg,0.18736332654953003
/home/jnapolitano/Documents/metrique/dataset/coco_5000/01050.jpg,0.18431039154529572
/home/jnapolitano/Documents/metrique/dataset/coco_5000/01052.jpg,0.1886337399482727
/home/jnapolitano/Documents/metrique/dataset/coco_5000/01054.jpg,0.19075897336006165
/home/jnapolitano/Documents/metrique/dataset/coco_5000/01055.jpg,0.19317543506622314
/home/jnapolitano/Documents/metrique/dataset/coco_5000/01056.jpg,0.1860019415616989
/home/jnapolitano/Documents/metrique/dataset/coco_5000/01057.jpg,0.1955036073923111
/home/jnapolitano/Documents/metrique/dataset/coco_5000/01058.jpg,0.18488888442516327
/home/jnapolitano/Documents/metrique/dataset/coco_5000/01061.jpg,0.19277729094028473
/home/jnapolitano/Documents/metrique/dataset/coco_5000/01063.jpg,0.1916062980890274
/home/jnapolitano/Documents/metrique/dataset/coco_5000/01064.jpg,0.18977896869182587
/home/jnapolitano/Documents/metrique/dataset/coco_5000/01065.jpg,0.18437981605529785
/home/jnapolitano/Documents/metrique/dataset/coco_5000/01066.jpg,0.18919283151626587
/home/jnapolitano/Documents/metrique/dataset/coco_5000/01068.jpg,0.1757044792175293
/home/jnapolitano/Documents/metrique/dataset/coco_5000/01069.jpg,0.18528003990650177
/home/jnapolitano/Documents/metrique/dataset/coco_5000/01070.jpg,0.19003495573997498
/home/jnapolitano/Documents/metrique/dataset/coco_5000/01074.jpg,0.1954561173915863
/home/jnapolitano/Documents/metrique/dataset/coco_5000/01076.jpg,0.19369375705718994
/home/jnapolitano/Documents/metrique/dataset/coco_5000/01079.jpg,0.1868758201599121
/home/jnapolitano/Documents/metrique/dataset/coco_5000/01081.jpg,0.1909831017255783
/home/jnapolitano/Documents/metrique/dataset/coco_5000/01082.jpg,0.1849561333656311
/home/jnapolitano/Documents/metrique/dataset/coco_5000/01084.jpg,0.19234967231750488
/home/jnapolitano/Documents/metrique/dataset/coco_5000/01085.jpg,0.18067306280136108
/home/jnapolitano/Documents/metrique/dataset/coco_5000/01090.jpg,0.18063586950302124
/home/jnapolitano/Documents/metrique/dataset/coco_5000/01092.jpg,0.1902986466884613
/home/jnapolitano/Documents/metrique/dataset/coco_5000/01093.jpg,0.18626154959201813
/home/jnapolitano/Documents/metrique/dataset/coco_5000/01096.jpg,0.1904122531414032
/home/jnapolitano/Documents/metrique/dataset/coco_5000/01097.jpg,0.192264124751091
/home/jnapolitano/Documents/metrique/dataset/coco_5000/01098.jpg,0.1816694140434265
/home/jnapolitano/Documents/metrique/dataset/coco_5000/01101.jpg,0.19575545191764832
/home/jnapolitano/Documents/metrique/dataset/coco_5000/01102.jpg,0.18295922875404358
/home/jnapolitano/Documents/metrique/dataset/coco_5000/01105.jpg,0.18581902980804443
/home/jnapolitano/Documents/metrique/dataset/coco_5000/01106.jpg,0.19792130589485168
/home/jnapolitano/Documents/metrique/dataset/coco_5000/01108.jpg,0.18465006351470947
/home/jnapolitano/Documents/metrique/dataset/coco_5000/01110.jpg,0.18909938633441925
/home/jnapolitano/Documents/metrique/dataset/coco_5000/01111.jpg,0.17676377296447754
/home/jnapolitano/Documents/metrique/dataset/coco_5000/01112.jpg,0.20199808478355408
/home/jnapolitano/Documents/metrique/dataset/coco_5000/01113.jpg,0.19639864563941956
/home/jnapolitano/Documents/metrique/dataset/coco_5000/01118.jpg,0.19661247730255127
/home/jnapolitano/Documents/metrique/dataset/coco_5000/01120.jpg,0.19770434498786926
/home/jnapolitano/Documents/metrique/dataset/coco_5000/01121.jpg,0.19534647464752197
/home/jnapolitano/Documents/metrique/dataset/coco_5000/01122.jpg,0.19446897506713867
/home/jnapolitano/Documents/metrique/dataset/coco_5000/01123.jpg,0.18892131745815277
/home/jnapolitano/Documents/metrique/dataset/coco_5000/01124.jpg,0.1856168508529663
/home/jnapolitano/Documents/metrique/dataset/coco_5000/01125.jpg,0.1894422024488449
/home/jnapolitano/Documents/metrique/dataset/coco_5000/01126.jpg,0.19297295808792114
/home/jnapolitano/Documents/metrique/dataset/coco_5000/01128.jpg,0.18882068991661072
/home/jnapolitano/Documents/metrique/dataset/coco_5000/01129.jpg,0.1816924512386322
/home/jnapolitano/Documents/metrique/dataset/coco_5000/01130.jpg,0.18912997841835022
/home/jnapolitano/Documents/metrique/dataset/coco_5000/01132.jpg,0.1809171736240387
/home/jnapolitano/Documents/metrique/dataset/coco_5000/01133.jpg,0.18774977326393127
/home/jnapolitano/Documents/metrique/dataset/coco_5000/01136.jpg,0.17979085445404053
/home/jnapolitano/Documents/metrique/dataset/coco_5000/01137.jpg,0.196211040019989
/home/jnapolitano/Documents/metrique/dataset/coco_5000/01138.jpg,0.20218238234519958
/home/jnapolitano/Documents/metrique/dataset/coco_5000/01139.jpg,0.18815486133098602
/home/jnapolitano/Documents/metrique/dataset/coco_5000/01142.jpg,0.17902186512947083
/home/jnapolitano/Documents/metrique/dataset/coco_5000/01143.jpg,0.18403485417366028
/home/jnapolitano/Documents/metrique/dataset/coco_5000/01145.jpg,0.18748119473457336
/home/jnapolitano/Documents/metrique/dataset/coco_5000/01146.jpg,0.1865229606628418
/home/jnapolitano/Documents/metrique/dataset/coco_5000/01149.jpg,0.1912168711423874
/home/jnapolitano/Documents/metrique/dataset/coco_5000/01150.jpg,0.190206378698349
/home/jnapolitano/Documents/metrique/dataset/coco_5000/01152.jpg,0.19570784270763397
/home/jnapolitano/Documents/metrique/dataset/coco_5000/01153.jpg,0.1957855522632599
/home/jnapolitano/Documents/metrique/dataset/coco_5000/01155.jpg,0.2019375115633011
/home/jnapolitano/Documents/metrique/dataset/coco_5000/01156.jpg,0.19636914134025574
/home/jnapolitano/Documents/metrique/dataset/coco_5000/01157.jpg,0.19791017472743988
/home/jnapolitano/Documents/metrique/dataset/coco_5000/01158.jpg,0.19625356793403625
/home/jnapolitano/Documents/metrique/dataset/coco_5000/01162.jpg,0.18933600187301636
/home/jnapolitano/Documents/metrique/dataset/coco_5000/01163.jpg,0.19137650728225708
/home/jnapolitano/Documents/metrique/dataset/coco_5000/01164.jpg,0.18405967950820923
/home/jnapolitano/Documents/metrique/dataset/coco_5000/01165.jpg,0.18324479460716248
/home/jnapolitano/Documents/metrique/dataset/coco_5000/01168.jpg,0.1854952573776245
/home/jnapolitano/Documents/metrique/dataset/coco_5000/01170.jpg,0.18925170600414276
/home/jnapolitano/Documents/metrique/dataset/coco_5000/01172.jpg,0.19404616951942444
/home/jnapolitano/Documents/metrique/dataset/coco_5000/01173.jpg,0.1791391223669052
/home/jnapolitano/Documents/metrique/dataset/coco_5000/01174.jpg,0.18304064869880676
/home/jnapolitano/Documents/metrique/dataset/coco_5000/01176.jpg,0.1994456946849823
/home/jnapolitano/Documents/metrique/dataset/coco_5000/01179.jpg,0.19048231840133667
/home/jnapolitano/Documents/metrique/dataset/coco_5000/01180.jpg,0.2010880708694458
/home/jnapolitano/Documents/metrique/dataset/coco_5000/01182.jpg,0.19173237681388855
/home/jnapolitano/Documents/metrique/dataset/coco_5000/01185.jpg,0.181969553232193
/home/jnapolitano/Documents/metrique/dataset/coco_5000/01186.jpg,0.18793568015098572
/home/jnapolitano/Documents/metrique/dataset/coco_5000/01188.jpg,0.17940431833267212
/home/jnapolitano/Documents/metrique/dataset/coco_5000/01189.jpg,0.18493537604808807
/home/jnapolitano/Documents/metrique/dataset/coco_5000/01193.jpg,0.17719337344169617
/home/jnapolitano/Documents/metrique/dataset/coco_5000/01194.jpg,0.1871919184923172
/home/jnapolitano/Documents/metrique/dataset/coco_5000/01195.jpg,0.18400582671165466
/home/jnapolitano/Documents/metrique/dataset/coco_5000/01196.jpg,0.18523231148719788
/home/jnapolitano/Documents/metrique/dataset/coco_5000/01197.jpg,0.19306817650794983
/home/jnapolitano/Documents/metrique/dataset/coco_5000/01198.jpg,0.17745190858840942
/home/jnapolitano/Documents/metrique/dataset/coco_5000/01199.jpg,0.19218814373016357
/home/jnapolitano/Documents/metrique/dataset/coco_5000/01200.jpg,0.18170428276062012
/home/jnapolitano/Documents/metrique/dataset/coco_5000/01201.jpg,0.18831953406333923
/home/jnapolitano/Documents/metrique/dataset/coco_5000/01202.jpg,0.1841849386692047
/home/jnapolitano/Documents/metrique/dataset/coco_5000/01203.jpg,0.19742636382579803
/home/jnapolitano/Documents/metrique/dataset/coco_5000/01204.jpg,0.1843934953212738
/home/jnapolitano/Documents/metrique/dataset/coco_5000/01205.jpg,0.1904049515724182
/home/jnapolitano/Documents/metrique/dataset/coco_5000/01206.jpg,0.17818358540534973
/home/jnapolitano/Documents/metrique/dataset/coco_5000/01207.jpg,0.19869381189346313
/home/jnapolitano/Documents/metrique/dataset/coco_5000/01208.jpg,0.18889710307121277
/home/jnapolitano/Documents/metrique/dataset/coco_5000/01209.jpg,0.18443819880485535
/home/jnapolitano/Documents/metrique/dataset/coco_5000/01210.jpg,0.19277045130729675
/home/jnapolitano/Documents/metrique/dataset/coco_5000/01211.jpg,0.1995467245578766
/home/jnapolitano/Documents/metrique/dataset/coco_5000/01213.jpg,0.18869993090629578
/home/jnapolitano/Documents/metrique/dataset/coco_5000/01214.jpg,0.1836899220943451
/home/jnapolitano/Documents/metrique/dataset/coco_5000/01217.jpg,0.19595058262348175
/home/jnapolitano/Documents/metrique/dataset/coco_5000/01218.jpg,0.19222204387187958
/home/jnapolitano/Documents/metrique/dataset/coco_5000/01219.jpg,0.19202053546905518
/home/jnapolitano/Documents/metrique/dataset/coco_5000/01220.jpg,0.19386965036392212
/home/jnapolitano/Documents/metrique/dataset/coco_5000/01223.jpg,0.19074630737304688
/home/jnapolitano/Documents/metrique/dataset/coco_5000/01224.jpg,0.19424676895141602
/home/jnapolitano/Documents/metrique/dataset/coco_5000/01225.jpg,0.18264973163604736
/home/jnapolitano/Documents/metrique/dataset/coco_5000/01227.jpg,0.1793508231639862
/home/jnapolitano/Documents/metrique/dataset/coco_5000/01238.jpg,0.1877807080745697
/home/jnapolitano/Documents/metrique/dataset/coco_5000/01240.jpg,0.19973143935203552
/home/jnapolitano/Documents/metrique/dataset/coco_5000/01241.jpg,0.2000030279159546
/home/jnapolitano/Documents/metrique/dataset/coco_5000/01242.jpg,0.19876554608345032
/home/jnapolitano/Documents/metrique/dataset/coco_5000/01243.jpg,0.19643524289131165
/home/jnapolitano/Documents/metrique/dataset/coco_5000/01244.jpg,0.19495759904384613
/home/jnapolitano/Documents/metrique/dataset/coco_5000/01247.jpg,0.17720404267311096
/home/jnapolitano/Documents/metrique/dataset/coco_5000/01250.jpg,0.19083763659000397
/home/jnapolitano/Documents/metrique/dataset/coco_5000/01251.jpg,0.19051194190979004
/home/jnapolitano/Documents/metrique/dataset/coco_5000/01252.jpg,0.1980934590101242
/home/jnapolitano/Documents/metrique/dataset/coco_5000/01253.jpg,0.19129285216331482
/home/jnapolitano/Documents/metrique/dataset/coco_5000/01254.jpg,0.1912287473678589
/home/jnapolitano/Documents/metrique/dataset/coco_5000/01255.jpg,0.19769658148288727
/home/jnapolitano/Documents/metrique/dataset/coco_5000/01259.jpg,0.18960946798324585
/home/jnapolitano/Documents/metrique/dataset/coco_5000/01262.jpg,0.18590247631072998
/home/jnapolitano/Documents/metrique/dataset/coco_5000/01263.jpg,0.19493021070957184
/home/jnapolitano/Documents/metrique/dataset/coco_5000/01264.jpg,0.19198480248451233
/home/jnapolitano/Documents/metrique/dataset/coco_5000/01268.jpg,0.18912746012210846
/home/jnapolitano/Documents/metrique/dataset/coco_5000/01269.jpg,0.19630217552185059
/home/jnapolitano/Documents/metrique/dataset/coco_5000/01270.jpg,0.18615488708019257
/home/jnapolitano/Documents/metrique/dataset/coco_5000/01271.jpg,0.19364720582962036
/home/jnapolitano/Documents/metrique/dataset/coco_5000/01273.jpg,0.18321791291236877
/home/jnapolitano/Documents/metrique/dataset/coco_5000/01274.jpg,0.20241768658161163
/home/jnapolitano/Documents/metrique/dataset/coco_5000/01275.jpg,0.19004404544830322
/home/jnapolitano/Documents/metrique/dataset/coco_5000/01276.jpg,0.1975005567073822
/home/jnapolitano/Documents/metrique/dataset/coco_5000/01278.jpg,0.18376362323760986
/home/jnapolitano/Documents/metrique/dataset/coco_5000/01281.jpg,0.18994364142417908
/home/jnapolitano/Documents/metrique/dataset/coco_5000/01283.jpg,0.1782415509223938
/home/jnapolitano/Documents/metrique/dataset/coco_5000/01284.jpg,0.18332573771476746
/home/jnapolitano/Documents/metrique/dataset/coco_5000/01285.jpg,0.19115090370178223
/home/jnapolitano/Documents/metrique/dataset/coco_5000/01286.jpg,0.18540599942207336
/home/jnapolitano/Documents/metrique/dataset/coco_5000/01288.jpg,0.188312366604805
/home/jnapolitano/Documents/metrique/dataset/coco_5000/01289.jpg,0.1858118772506714
/home/jnapolitano/Documents/metrique/dataset/coco_5000/01290.jpg,0.19845528900623322
/home/jnapolitano/Documents/metrique/dataset/coco_5000/01291.jpg,0.1897997111082077
/home/jnapolitano/Documents/metrique/dataset/coco_5000/01292.jpg,0.18567949533462524
/home/jnapolitano/Documents/metrique/dataset/coco_5000/01293.jpg,0.18554842472076416
/home/jnapolitano/Documents/metrique/dataset/coco_5000/01297.jpg,0.1862359195947647
/home/jnapolitano/Documents/metrique/dataset/coco_5000/01298.jpg,0.19162459671497345
/home/jnapolitano/Documents/metrique/dataset/coco_5000/01299.jpg,0.19485193490982056
/home/jnapolitano/Documents/metrique/dataset/coco_5000/01300.jpg,0.17905807495117188
/home/jnapolitano/Documents/metrique/dataset/coco_5000/01304.jpg,0.18526828289031982
/home/jnapolitano/Documents/metrique/dataset/coco_5000/01305.jpg,0.19044408202171326
/home/jnapolitano/Documents/metrique/dataset/coco_5000/01307.jpg,0.19693291187286377
/home/jnapolitano/Documents/metrique/dataset/coco_5000/01308.jpg,0.1922883838415146
/home/jnapolitano/Documents/metrique/dataset/coco_5000/01309.jpg,0.18904174864292145
/home/jnapolitano/Documents/metrique/dataset/coco_5000/01311.jpg,0.17769409716129303
/home/jnapolitano/Documents/metrique/dataset/coco_5000/01313.jpg,0.18494966626167297
/home/jnapolitano/Documents/metrique/dataset/coco_5000/01315.jpg,0.19926053285598755
/home/jnapolitano/Documents/metrique/dataset/coco_5000/01316.jpg,0.1956673264503479
/home/jnapolitano/Documents/metrique/dataset/coco_5000/01317.jpg,0.19103595614433289
/home/jnapolitano/Documents/metrique/dataset/coco_5000/01320.jpg,0.19307294487953186
/home/jnapolitano/Documents/metrique/dataset/coco_5000/01323.jpg,0.18785309791564941
/home/jnapolitano/Documents/metrique/dataset/coco_5000/01325.jpg,0.19587764143943787
/home/jnapolitano/Documents/metrique/dataset/coco_5000/01326.jpg,0.19475483894348145
/home/jnapolitano/Documents/metrique/dataset/coco_5000/01327.jpg,0.1874270737171173
/home/jnapolitano/Documents/metrique/dataset/coco_5000/01328.jpg,0.18073993921279907
/home/jnapolitano/Documents/metrique/dataset/coco_5000/01330.jpg,0.18307173252105713
/home/jnapolitano/Documents/metrique/dataset/coco_5000/01331.jpg,0.18733888864517212
/home/jnapolitano/Documents/metrique/dataset/coco_5000/01332.jpg,0.19538047909736633
/home/jnapolitano/Documents/metrique/dataset/coco_5000/01333.jpg,0.19559812545776367
/home/jnapolitano/Documents/metrique/dataset/coco_5000/01334.jpg,0.19874759018421173
/home/jnapolitano/Documents/metrique/dataset/coco_5000/01336.jpg,0.19759871065616608
/home/jnapolitano/Documents/metrique/dataset/coco_5000/01337.jpg,0.19694902002811432
/home/jnapolitano/Documents/metrique/dataset/coco_5000/01338.jpg,0.18118011951446533
/home/jnapolitano/Documents/metrique/dataset/coco_5000/01341.jpg,0.18476298451423645
/home/jnapolitano/Documents/metrique/dataset/coco_5000/01342.jpg,0.18511508405208588
/home/jnapolitano/Documents/metrique/dataset/coco_5000/01344.jpg,0.18759070336818695
/home/jnapolitano/Documents/metrique/dataset/coco_5000/01345.jpg,0.18454775214195251
/home/jnapolitano/Documents/metrique/dataset/coco_5000/01346.jpg,0.20128998160362244
/home/jnapolitano/Documents/metrique/dataset/coco_5000/01350.jpg,0.1853778064250946
/home/jnapolitano/Documents/metrique/dataset/coco_5000/01351.jpg,0.17984548211097717
/home/jnapolitano/Documents/metrique/dataset/coco_5000/01353.jpg,0.19274628162384033
/home/jnapolitano/Documents/metrique/dataset/coco_5000/01356.jpg,0.188640296459198
/home/jnapolitano/Documents/metrique/dataset/coco_5000/01357.jpg,0.1892474889755249
/home/jnapolitano/Documents/metrique/dataset/coco_5000/01358.jpg,0.19264107942581177
/home/jnapolitano/Documents/metrique/dataset/coco_5000/01359.jpg,0.19150492548942566
/home/jnapolitano/Documents/metrique/dataset/coco_5000/01362.jpg,0.19909195601940155
/home/jnapolitano/Documents/metrique/dataset/coco_5000/01363.jpg,0.19385221600532532
/home/jnapolitano/Documents/metrique/dataset/coco_5000/01368.jpg,0.1875481754541397
/home/jnapolitano/Documents/metrique/dataset/coco_5000/01370.jpg,0.18853378295898438
/home/jnapolitano/Documents/metrique/dataset/coco_5000/01371.jpg,0.1917797029018402
/home/jnapolitano/Documents/metrique/dataset/coco_5000/01372.jpg,0.1913619339466095
/home/jnapolitano/Documents/metrique/dataset/coco_5000/01373.jpg,0.19581225514411926
/home/jnapolitano/Documents/metrique/dataset/coco_5000/01374.jpg,0.19027535617351532
/home/jnapolitano/Documents/metrique/dataset/coco_5000/01376.jpg,0.18755370378494263
/home/jnapolitano/Documents/metrique/dataset/coco_5000/01377.jpg,0.18803027272224426
/home/jnapolitano/Documents/metrique/dataset/coco_5000/01380.jpg,0.18128857016563416
/home/jnapolitano/Documents/metrique/dataset/coco_5000/01381.jpg,0.19291362166404724
/home/jnapolitano/Documents/metrique/dataset/coco_5000/01382.jpg,0.1867755949497223
/home/jnapolitano/Documents/metrique/dataset/coco_5000/01385.jpg,0.1868073046207428
/home/jnapolitano/Documents/metrique/dataset/coco_5000/01386.jpg,0.19752171635627747
/home/jnapolitano/Documents/metrique/dataset/coco_5000/01388.jpg,0.19539807736873627
/home/jnapolitano/Documents/metrique/dataset/coco_5000/01389.jpg,0.19970078766345978
/home/jnapolitano/Documents/metrique/dataset/coco_5000/01393.jpg,0.18243719637393951
/home/jnapolitano/Documents/metrique/dataset/coco_5000/01394.jpg,0.1893642395734787
/home/jnapolitano/Documents/metrique/dataset/coco_5000/01395.jpg,0.1887359470129013
/home/jnapolitano/Documents/metrique/dataset/coco_5000/01396.jpg,0.19384634494781494
/home/jnapolitano/Documents/metrique/dataset/coco_5000/01400.jpg,0.18104426562786102
/home/jnapolitano/Documents/metrique/dataset/coco_5000/01401.jpg,0.18897974491119385
/home/jnapolitano/Documents/metrique/dataset/coco_5000/01403.jpg,0.1916571408510208
/home/jnapolitano/Documents/metrique/dataset/coco_5000/01404.jpg,0.19516411423683167
/home/jnapolitano/Documents/metrique/dataset/coco_5000/01405.jpg,0.19231021404266357
/home/jnapolitano/Documents/metrique/dataset/coco_5000/01406.jpg,0.1796918511390686
/home/jnapolitano/Documents/metrique/dataset/coco_5000/01407.jpg,0.19461455941200256
/home/jnapolitano/Documents/metrique/dataset/coco_5000/01408.jpg,0.19065463542938232
/home/jnapolitano/Documents/metrique/dataset/coco_5000/01409.jpg,0.18758907914161682
/home/jnapolitano/Documents/metrique/dataset/coco_5000/01410.jpg,0.19717851281166077
/home/jnapolitano/Documents/metrique/dataset/coco_5000/01411.jpg,0.1790323406457901
/home/jnapolitano/Documents/metrique/dataset/coco_5000/01412.jpg,0.1799975037574768
/home/jnapolitano/Documents/metrique/dataset/coco_5000/01413.jpg,0.19350148737430573
/home/jnapolitano/Documents/metrique/dataset/coco_5000/01414.jpg,0.1806696206331253
/home/jnapolitano/Documents/metrique/dataset/coco_5000/01416.jpg,0.18615220487117767
/home/jnapolitano/Documents/metrique/dataset/coco_5000/01417.jpg,0.19456806778907776
/home/jnapolitano/Documents/metrique/dataset/coco_5000/01418.jpg,0.19183868169784546
/home/jnapolitano/Documents/metrique/dataset/coco_5000/01422.jpg,0.18942806124687195
/home/jnapolitano/Documents/metrique/dataset/coco_5000/01424.jpg,0.19740858674049377
/home/jnapolitano/Documents/metrique/dataset/coco_5000/01427.jpg,0.19324280321598053
/home/jnapolitano/Documents/metrique/dataset/coco_5000/01430.jpg,0.19036026298999786
/home/jnapolitano/Documents/metrique/dataset/coco_5000/01431.jpg,0.1828228384256363
/home/jnapolitano/Documents/metrique/dataset/coco_5000/01433.jpg,0.1933312714099884
/home/jnapolitano/Documents/metrique/dataset/coco_5000/01434.jpg,0.19483447074890137
/home/jnapolitano/Documents/metrique/dataset/coco_5000/01435.jpg,0.19626647233963013
/home/jnapolitano/Documents/metrique/dataset/coco_5000/01436.jpg,0.18703493475914001
/home/jnapolitano/Documents/metrique/dataset/coco_5000/01441.jpg,0.1862986981868744
/home/jnapolitano/Documents/metrique/dataset/coco_5000/01445.jpg,0.18304327130317688
/home/jnapolitano/Documents/metrique/dataset/coco_5000/01446.jpg,0.19725555181503296
/home/jnapolitano/Documents/metrique/dataset/coco_5000/01449.jpg,0.18240317702293396
/home/jnapolitano/Documents/metrique/dataset/coco_5000/01450.jpg,0.18436333537101746
/home/jnapolitano/Documents/metrique/dataset/coco_5000/01451.jpg,0.1907595992088318
/home/jnapolitano/Documents/metrique/dataset/coco_5000/01452.jpg,0.19547227025032043
/home/jnapolitano/Documents/metrique/dataset/coco_5000/01455.jpg,0.19249963760375977
/home/jnapolitano/Documents/metrique/dataset/coco_5000/01457.jpg,0.1900402009487152
/home/jnapolitano/Documents/metrique/dataset/coco_5000/01458.jpg,0.19253557920455933
/home/jnapolitano/Documents/metrique/dataset/coco_5000/01459.jpg,0.18756753206253052
/home/jnapolitano/Documents/metrique/dataset/coco_5000/01460.jpg,0.19806936383247375
/home/jnapolitano/Documents/metrique/dataset/coco_5000/01461.jpg,0.17578770220279694
/home/jnapolitano/Documents/metrique/dataset/coco_5000/01463.jpg,0.18799392879009247
/home/jnapolitano/Documents/metrique/dataset/coco_5000/01465.jpg,0.17945609986782074
/home/jnapolitano/Documents/metrique/dataset/coco_5000/01466.jpg,0.19477583467960358
/home/jnapolitano/Documents/metrique/dataset/coco_5000/01468.jpg,0.19506525993347168
/home/jnapolitano/Documents/metrique/dataset/coco_5000/01471.jpg,0.1870376467704773
/home/jnapolitano/Documents/metrique/dataset/coco_5000/01472.jpg,0.19174924492835999
/home/jnapolitano/Documents/metrique/dataset/coco_5000/01475.jpg,0.1955716907978058
/home/jnapolitano/Documents/metrique/dataset/coco_5000/01477.jpg,0.18327470123767853
/home/jnapolitano/Documents/metrique/dataset/coco_5000/01479.jpg,0.18776652216911316
/home/jnapolitano/Documents/metrique/dataset/coco_5000/01480.jpg,0.18739768862724304
/home/jnapolitano/Documents/metrique/dataset/coco_5000/01481.jpg,0.19408807158470154
/home/jnapolitano/Documents/metrique/dataset/coco_5000/01483.jpg,0.1935940831899643
/home/jnapolitano/Documents/metrique/dataset/coco_5000/01485.jpg,0.18773862719535828
/home/jnapolitano/Documents/metrique/dataset/coco_5000/01486.jpg,0.19465816020965576
/home/jnapolitano/Documents/metrique/dataset/coco_5000/01487.jpg,0.18962007761001587
/home/jnapolitano/Documents/metrique/dataset/coco_5000/01489.jpg,0.1829642951488495
/home/jnapolitano/Documents/metrique/dataset/coco_5000/01490.jpg,0.18381357192993164
/home/jnapolitano/Documents/metrique/dataset/coco_5000/01491.jpg,0.1884840428829193
/home/jnapolitano/Documents/metrique/dataset/coco_5000/01493.jpg,0.1971168965101242
/home/jnapolitano/Documents/metrique/dataset/coco_5000/01494.jpg,0.18906600773334503
/home/jnapolitano/Documents/metrique/dataset/coco_5000/01497.jpg,0.18906275928020477
/home/jnapolitano/Documents/metrique/dataset/coco_5000/01498.jpg,0.187788188457489
/home/jnapolitano/Documents/metrique/dataset/coco_5000/01499.jpg,0.1896229237318039
/home/jnapolitano/Documents/metrique/dataset/coco_5000/01502.jpg,0.18695688247680664
/home/jnapolitano/Documents/metrique/dataset/coco_5000/01504.jpg,0.1825253814458847
/home/jnapolitano/Documents/metrique/dataset/coco_5000/01506.jpg,0.18300339579582214
/home/jnapolitano/Documents/metrique/dataset/coco_5000/01507.jpg,0.18679092824459076
/home/jnapolitano/Documents/metrique/dataset/coco_5000/01508.jpg,0.19090023636817932
/home/jnapolitano/Documents/metrique/dataset/coco_5000/01510.jpg,0.19566452503204346
/home/jnapolitano/Documents/metrique/dataset/coco_5000/01511.jpg,0.19292974472045898
/home/jnapolitano/Documents/metrique/dataset/coco_5000/01512.jpg,0.19334986805915833
/home/jnapolitano/Documents/metrique/dataset/coco_5000/01514.jpg,0.19189408421516418
/home/jnapolitano/Documents/metrique/dataset/coco_5000/01515.jpg,0.1911904364824295
/home/jnapolitano/Documents/metrique/dataset/coco_5000/01516.jpg,0.18130400776863098
/home/jnapolitano/Documents/metrique/dataset/coco_5000/01518.jpg,0.18209490180015564
/home/jnapolitano/Documents/metrique/dataset/coco_5000/01519.jpg,0.19054840505123138
/home/jnapolitano/Documents/metrique/dataset/coco_5000/01520.jpg,0.18466520309448242
/home/jnapolitano/Documents/metrique/dataset/coco_5000/01526.jpg,0.1850690245628357
/home/jnapolitano/Documents/metrique/dataset/coco_5000/01527.jpg,0.20035220682621002
/home/jnapolitano/Documents/metrique/dataset/coco_5000/01528.jpg,0.19260722398757935
/home/jnapolitano/Documents/metrique/dataset/coco_5000/01529.jpg,0.19177274405956268
/home/jnapolitano/Documents/metrique/dataset/coco_5000/01530.jpg,0.1920597404241562
/home/jnapolitano/Documents/metrique/dataset/coco_5000/01531.jpg,0.19315625727176666
/home/jnapolitano/Documents/metrique/dataset/coco_5000/01532.jpg,0.1881839632987976
/home/jnapolitano/Documents/metrique/dataset/coco_5000/01534.jpg,0.19196286797523499
/home/jnapolitano/Documents/metrique/dataset/coco_5000/01535.jpg,0.19185775518417358
/home/jnapolitano/Documents/metrique/dataset/coco_5000/01537.jpg,0.19190368056297302
/home/jnapolitano/Documents/metrique/dataset/coco_5000/01538.jpg,0.1871802657842636
/home/jnapolitano/Documents/metrique/dataset/coco_5000/01539.jpg,0.18711432814598083
/home/jnapolitano/Documents/metrique/dataset/coco_5000/01542.jpg,0.19761335849761963
/home/jnapolitano/Documents/metrique/dataset/coco_5000/01548.jpg,0.19845327734947205
/home/jnapolitano/Documents/metrique/dataset/coco_5000/01549.jpg,0.18674466013908386
/home/jnapolitano/Documents/metrique/dataset/coco_5000/01550.jpg,0.18956387042999268
/home/jnapolitano/Documents/metrique/dataset/coco_5000/01553.jpg,0.1930837333202362
/home/jnapolitano/Documents/metrique/dataset/coco_5000/01554.jpg,0.19834238290786743
/home/jnapolitano/Documents/metrique/dataset/coco_5000/01556.jpg,0.19285911321640015
/home/jnapolitano/Documents/metrique/dataset/coco_5000/01558.jpg,0.17793020606040955
/home/jnapolitano/Documents/metrique/dataset/coco_5000/01560.jpg,0.19601964950561523
/home/jnapolitano/Documents/metrique/dataset/coco_5000/01561.jpg,0.18690669536590576
/home/jnapolitano/Documents/metrique/dataset/coco_5000/01565.jpg,0.18452051281929016
/home/jnapolitano/Documents/metrique/dataset/coco_5000/01566.jpg,0.19162720441818237
/home/jnapolitano/Documents/metrique/dataset/coco_5000/01569.jpg,0.18539667129516602
/home/jnapolitano/Documents/metrique/dataset/coco_5000/01570.jpg,0.19426651298999786
/home/jnapolitano/Documents/metrique/dataset/coco_5000/01572.jpg,0.19403746724128723
/home/jnapolitano/Documents/metrique/dataset/coco_5000/01573.jpg,0.18474258482456207
/home/jnapolitano/Documents/metrique/dataset/coco_5000/01575.jpg,0.19327212870121002
/home/jnapolitano/Documents/metrique/dataset/coco_5000/01576.jpg,0.18866446614265442
/home/jnapolitano/Documents/metrique/dataset/coco_5000/01577.jpg,0.1899797022342682
/home/jnapolitano/Documents/metrique/dataset/coco_5000/01578.jpg,0.2008471041917801
/home/jnapolitano/Documents/metrique/dataset/coco_5000/01580.jpg,0.18983402848243713
/home/jnapolitano/Documents/metrique/dataset/coco_5000/01582.jpg,0.19812405109405518
/home/jnapolitano/Documents/metrique/dataset/coco_5000/01583.jpg,0.1914459764957428
/home/jnapolitano/Documents/metrique/dataset/coco_5000/01584.jpg,0.19868868589401245
/home/jnapolitano/Documents/metrique/dataset/coco_5000/01585.jpg,0.1804279088973999
/home/jnapolitano/Documents/metrique/dataset/coco_5000/01586.jpg,0.19184760749340057
/home/jnapolitano/Documents/metrique/dataset/coco_5000/01588.jpg,0.1879633665084839
/home/jnapolitano/Documents/metrique/dataset/coco_5000/01591.jpg,0.18895260989665985
/home/jnapolitano/Documents/metrique/dataset/coco_5000/01592.jpg,0.1907714456319809
/home/jnapolitano/Documents/metrique/dataset/coco_5000/01595.jpg,0.18327459692955017
/home/jnapolitano/Documents/metrique/dataset/coco_5000/01600.jpg,0.18205997347831726
/home/jnapolitano/Documents/metrique/dataset/coco_5000/01602.jpg,0.18203656375408173
/home/jnapolitano/Documents/metrique/dataset/coco_5000/01604.jpg,0.19716580212116241
/home/jnapolitano/Documents/metrique/dataset/coco_5000/01605.jpg,0.18829745054244995
/home/jnapolitano/Documents/metrique/dataset/coco_5000/01606.jpg,0.1938813477754593
/home/jnapolitano/Documents/metrique/dataset/coco_5000/01607.jpg,0.1822165697813034
/home/jnapolitano/Documents/metrique/dataset/coco_5000/01608.jpg,0.18625131249427795
/home/jnapolitano/Documents/metrique/dataset/coco_5000/01609.jpg,0.18969608843326569
/home/jnapolitano/Documents/metrique/dataset/coco_5000/01612.jpg,0.18930287659168243
/home/jnapolitano/Documents/metrique/dataset/coco_5000/01613.jpg,0.1899927258491516
/home/jnapolitano/Documents/metrique/dataset/coco_5000/01614.jpg,0.19636952877044678
/home/jnapolitano/Documents/metrique/dataset/coco_5000/01618.jpg,0.1963895559310913
/home/jnapolitano/Documents/metrique/dataset/coco_5000/01620.jpg,0.18906022608280182
/home/jnapolitano/Documents/metrique/dataset/coco_5000/01621.jpg,0.19297164678573608
/home/jnapolitano/Documents/metrique/dataset/coco_5000/01627.jpg,0.18622392416000366
/home/jnapolitano/Documents/metrique/dataset/coco_5000/01628.jpg,0.187044158577919
/home/jnapolitano/Documents/metrique/dataset/coco_5000/01629.jpg,0.179396852850914
/home/jnapolitano/Documents/metrique/dataset/coco_5000/01630.jpg,0.1859220564365387
/home/jnapolitano/Documents/metrique/dataset/coco_5000/01631.jpg,0.19078263640403748
/home/jnapolitano/Documents/metrique/dataset/coco_5000/01632.jpg,0.19396384060382843
/home/jnapolitano/Documents/metrique/dataset/coco_5000/01633.jpg,0.18579939007759094
/home/jnapolitano/Documents/metrique/dataset/coco_5000/01634.jpg,0.19298288226127625
/home/jnapolitano/Documents/metrique/dataset/coco_5000/01635.jpg,0.19524668157100677
/home/jnapolitano/Documents/metrique/dataset/coco_5000/01636.jpg,0.1921517550945282
/home/jnapolitano/Documents/metrique/dataset/coco_5000/01637.jpg,0.19903133809566498
/home/jnapolitano/Documents/metrique/dataset/coco_5000/01638.jpg,0.19101271033287048
/home/jnapolitano/Documents/metrique/dataset/coco_5000/01640.jpg,0.19019398093223572
/home/jnapolitano/Documents/metrique/dataset/coco_5000/01641.jpg,0.1968255639076233
/home/jnapolitano/Documents/metrique/dataset/coco_5000/01642.jpg,0.18791133165359497
/home/jnapolitano/Documents/metrique/dataset/coco_5000/01643.jpg,0.18824231624603271
/home/jnapolitano/Documents/metrique/dataset/coco_5000/01644.jpg,0.1809660643339157
/home/jnapolitano/Documents/metrique/dataset/coco_5000/01647.jpg,0.18731242418289185
/home/jnapolitano/Documents/metrique/dataset/coco_5000/01648.jpg,0.188494473695755
/home/jnapolitano/Documents/metrique/dataset/coco_5000/01650.jpg,0.18988220393657684
/home/jnapolitano/Documents/metrique/dataset/coco_5000/01651.jpg,0.17937599122524261
/home/jnapolitano/Documents/metrique/dataset/coco_5000/01652.jpg,0.171583354473114
/home/jnapolitano/Documents/metrique/dataset/coco_5000/01656.jpg,0.19068479537963867
/home/jnapolitano/Documents/metrique/dataset/coco_5000/01657.jpg,0.18630987405776978
/home/jnapolitano/Documents/metrique/dataset/coco_5000/01662.jpg,0.18131032586097717
/home/jnapolitano/Documents/metrique/dataset/coco_5000/01663.jpg,0.1879943311214447
/home/jnapolitano/Documents/metrique/dataset/coco_5000/01664.jpg,0.19772082567214966
/home/jnapolitano/Documents/metrique/dataset/coco_5000/01667.jpg,0.1764613837003708
/home/jnapolitano/Documents/metrique/dataset/coco_5000/01668.jpg,0.19253495335578918
/home/jnapolitano/Documents/metrique/dataset/coco_5000/01670.jpg,0.18480628728866577
/home/jnapolitano/Documents/metrique/dataset/coco_5000/01672.jpg,0.19917231798171997
/home/jnapolitano/Documents/metrique/dataset/coco_5000/01673.jpg,0.18541696667671204
/home/jnapolitano/Documents/metrique/dataset/coco_5000/01676.jpg,0.19503682851791382
/home/jnapolitano/Documents/metrique/dataset/coco_5000/01677.jpg,0.1839882731437683
/home/jnapolitano/Documents/metrique/dataset/coco_5000/01680.jpg,0.18337847292423248
/home/jnapolitano/Documents/metrique/dataset/coco_5000/01681.jpg,0.18567264080047607
/home/jnapolitano/Documents/metrique/dataset/coco_5000/01682.jpg,0.19438070058822632
/home/jnapolitano/Documents/metrique/dataset/coco_5000/01683.jpg,0.1889132708311081
/home/jnapolitano/Documents/metrique/dataset/coco_5000/01685.jpg,0.18593847751617432
/home/jnapolitano/Documents/metrique/dataset/coco_5000/01686.jpg,0.19297899305820465
/home/jnapolitano/Documents/metrique/dataset/coco_5000/01691.jpg,0.19216042757034302
/home/jnapolitano/Documents/metrique/dataset/coco_5000/01692.jpg,0.18943184614181519
/home/jnapolitano/Documents/metrique/dataset/coco_5000/01693.jpg,0.19835707545280457
/home/jnapolitano/Documents/metrique/dataset/coco_5000/01694.jpg,0.18993748724460602
/home/jnapolitano/Documents/metrique/dataset/coco_5000/01695.jpg,0.18260197341442108
/home/jnapolitano/Documents/metrique/dataset/coco_5000/01696.jpg,0.19976122677326202
/home/jnapolitano/Documents/metrique/dataset/coco_5000/01697.jpg,0.1834016889333725
/home/jnapolitano/Documents/metrique/dataset/coco_5000/01700.jpg,0.18762825429439545
/home/jnapolitano/Documents/metrique/dataset/coco_5000/01702.jpg,0.19031275808811188
/home/jnapolitano/Documents/metrique/dataset/coco_5000/01704.jpg,0.17832021415233612
/home/jnapolitano/Documents/metrique/dataset/coco_5000/01705.jpg,0.1827465444803238
/home/jnapolitano/Documents/metrique/dataset/coco_5000/01706.jpg,0.19625099003314972
/home/jnapolitano/Documents/metrique/dataset/coco_5000/01708.jpg,0.1852090060710907
/home/jnapolitano/Documents/metrique/dataset/coco_5000/01709.jpg,0.19288823008537292
/home/jnapolitano/Documents/metrique/dataset/coco_5000/01712.jpg,0.18858681619167328
/home/jnapolitano/Documents/metrique/dataset/coco_5000/01714.jpg,0.19355398416519165
/home/jnapolitano/Documents/metrique/dataset/coco_5000/01718.jpg,0.18457722663879395
/home/jnapolitano/Documents/metrique/dataset/coco_5000/01721.jpg,0.18918859958648682
/home/jnapolitano/Documents/metrique/dataset/coco_5000/01722.jpg,0.19052225351333618
/home/jnapolitano/Documents/metrique/dataset/coco_5000/01724.jpg,0.1876559853553772
/home/jnapolitano/Documents/metrique/dataset/coco_5000/01725.jpg,0.18747231364250183
/home/jnapolitano/Documents/metrique/dataset/coco_5000/01726.jpg,0.19122245907783508
/home/jnapolitano/Documents/metrique/dataset/coco_5000/01729.jpg,0.18613846600055695
/home/jnapolitano/Documents/metrique/dataset/coco_5000/01730.jpg,0.18313929438591003
/home/jnapolitano/Documents/metrique/dataset/coco_5000/01731.jpg,0.18385569751262665
/home/jnapolitano/Documents/metrique/dataset/coco_5000/01733.jpg,0.18115592002868652
/home/jnapolitano/Documents/metrique/dataset/coco_5000/01735.jpg,0.1952020823955536
/home/jnapolitano/Documents/metrique/dataset/coco_5000/01736.jpg,0.190087229013443
/home/jnapolitano/Documents/metrique/dataset/coco_5000/01737.jpg,0.18988719582557678
/home/jnapolitano/Documents/metrique/dataset/coco_5000/01738.jpg,0.1869736909866333
/home/jnapolitano/Documents/metrique/dataset/coco_5000/01739.jpg,0.18997463583946228
/home/jnapolitano/Documents/metrique/dataset/coco_5000/01740.jpg,0.1862163245677948
/home/jnapolitano/Documents/metrique/dataset/coco_5000/01741.jpg,0.19117245078086853
/home/jnapolitano/Documents/metrique/dataset/coco_5000/01743.jpg,0.19257766008377075
/home/jnapolitano/Documents/metrique/dataset/coco_5000/01744.jpg,0.18526536226272583
/home/jnapolitano/Documents/metrique/dataset/coco_5000/01746.jpg,0.19231995940208435
/home/jnapolitano/Documents/metrique/dataset/coco_5000/01747.jpg,0.1967763900756836
/home/jnapolitano/Documents/metrique/dataset/coco_5000/01748.jpg,0.18714657425880432
/home/jnapolitano/Documents/metrique/dataset/coco_5000/01749.jpg,0.195726215839386
/home/jnapolitano/Documents/metrique/dataset/coco_5000/01750.jpg,0.19481931626796722
/home/jnapolitano/Documents/metrique/dataset/coco_5000/01752.jpg,0.18804818391799927
/home/jnapolitano/Documents/metrique/dataset/coco_5000/01753.jpg,0.19297383725643158
/home/jnapolitano/Documents/metrique/dataset/coco_5000/01757.jpg,0.1899116337299347
/home/jnapolitano/Documents/metrique/dataset/coco_5000/01760.jpg,0.19003768265247345
/home/jnapolitano/Documents/metrique/dataset/coco_5000/01761.jpg,0.19080843031406403
/home/jnapolitano/Documents/metrique/dataset/coco_5000/01762.jpg,0.18849441409111023
/home/jnapolitano/Documents/metrique/dataset/coco_5000/01763.jpg,0.19717735052108765
/home/jnapolitano/Documents/metrique/dataset/coco_5000/01764.jpg,0.19256916642189026
/home/jnapolitano/Documents/metrique/dataset/coco_5000/01765.jpg,0.19305376708507538
/home/jnapolitano/Documents/metrique/dataset/coco_5000/01766.jpg,0.19242537021636963
/home/jnapolitano/Documents/metrique/dataset/coco_5000/01769.jpg,0.18743416666984558
/home/jnapolitano/Documents/metrique/dataset/coco_5000/01771.jpg,0.18941450119018555
/home/jnapolitano/Documents/metrique/dataset/coco_5000/01772.jpg,0.1979416161775589
/home/jnapolitano/Documents/metrique/dataset/coco_5000/01773.jpg,0.18520233035087585
/home/jnapolitano/Documents/metrique/dataset/coco_5000/01775.jpg,0.19530606269836426
/home/jnapolitano/Documents/metrique/dataset/coco_5000/01779.jpg,0.1818946748971939
/home/jnapolitano/Documents/metrique/dataset/coco_5000/01780.jpg,0.18172574043273926
/home/jnapolitano/Documents/metrique/dataset/coco_5000/01782.jpg,0.1887611448764801
/home/jnapolitano/Documents/metrique/dataset/coco_5000/01783.jpg,0.19367438554763794
/home/jnapolitano/Documents/metrique/dataset/coco_5000/01784.jpg,0.18568605184555054
/home/jnapolitano/Documents/metrique/dataset/coco_5000/01785.jpg,0.1836986541748047
/home/jnapolitano/Documents/metrique/dataset/coco_5000/01787.jpg,0.20008954405784607
/home/jnapolitano/Documents/metrique/dataset/coco_5000/01789.jpg,0.19226714968681335
/home/jnapolitano/Documents/metrique/dataset/coco_5000/01790.jpg,0.18919691443443298
/home/jnapolitano/Documents/metrique/dataset/coco_5000/01791.jpg,0.18889975547790527
/home/jnapolitano/Documents/metrique/dataset/coco_5000/01793.jpg,0.18761207163333893
/home/jnapolitano/Documents/metrique/dataset/coco_5000/01794.jpg,0.19166825711727142
/home/jnapolitano/Documents/metrique/dataset/coco_5000/01795.jpg,0.19008556008338928
/home/jnapolitano/Documents/metrique/dataset/coco_5000/01796.jpg,0.18981167674064636
/home/jnapolitano/Documents/metrique/dataset/coco_5000/01797.jpg,0.18034344911575317
/home/jnapolitano/Documents/metrique/dataset/coco_5000/01799.jpg,0.1831929087638855
/home/jnapolitano/Documents/metrique/dataset/coco_5000/01800.jpg,0.19503724575042725
/home/jnapolitano/Documents/metrique/dataset/coco_5000/01801.jpg,0.17993015050888062
/home/jnapolitano/Documents/metrique/dataset/coco_5000/01806.jpg,0.19395899772644043
/home/jnapolitano/Documents/metrique/dataset/coco_5000/01807.jpg,0.1843724548816681
/home/jnapolitano/Documents/metrique/dataset/coco_5000/01809.jpg,0.1891501098871231
/home/jnapolitano/Documents/metrique/dataset/coco_5000/01814.jpg,0.18130654096603394
/home/jnapolitano/Documents/metrique/dataset/coco_5000/01815.jpg,0.1829586625099182
/home/jnapolitano/Documents/metrique/dataset/coco_5000/01816.jpg,0.19184058904647827
/home/jnapolitano/Documents/metrique/dataset/coco_5000/01817.jpg,0.1937776803970337
/home/jnapolitano/Documents/metrique/dataset/coco_5000/01819.jpg,0.18676680326461792
/home/jnapolitano/Documents/metrique/dataset/coco_5000/01820.jpg,0.1902477741241455
/home/jnapolitano/Documents/metrique/dataset/coco_5000/01824.jpg,0.18553167581558228
/home/jnapolitano/Documents/metrique/dataset/coco_5000/01825.jpg,0.19134201109409332
/home/jnapolitano/Documents/metrique/dataset/coco_5000/01826.jpg,0.1944521963596344
/home/jnapolitano/Documents/metrique/dataset/coco_5000/01828.jpg,0.18403974175453186
/home/jnapolitano/Documents/metrique/dataset/coco_5000/01829.jpg,0.18979552388191223
/home/jnapolitano/Documents/metrique/dataset/coco_5000/01831.jpg,0.18485045433044434
/home/jnapolitano/Documents/metrique/dataset/coco_5000/01832.jpg,0.18760256469249725
/home/jnapolitano/Documents/metrique/dataset/coco_5000/01833.jpg,0.18355749547481537
/home/jnapolitano/Documents/metrique/dataset/coco_5000/01834.jpg,0.1956474781036377
/home/jnapolitano/Documents/metrique/dataset/coco_5000/01835.jpg,0.1902381181716919
/home/jnapolitano/Documents/metrique/dataset/coco_5000/01836.jpg,0.19942797720432281
/home/jnapolitano/Documents/metrique/dataset/coco_5000/01837.jpg,0.18871377408504486
/home/jnapolitano/Documents/metrique/dataset/coco_5000/01838.jpg,0.191148042678833
/home/jnapolitano/Documents/metrique/dataset/coco_5000/01840.jpg,0.19131113588809967
/home/jnapolitano/Documents/metrique/dataset/coco_5000/01841.jpg,0.18097072839736938
/home/jnapolitano/Documents/metrique/dataset/coco_5000/01842.jpg,0.18985052406787872
/home/jnapolitano/Documents/metrique/dataset/coco_5000/01844.jpg,0.1823597401380539
/home/jnapolitano/Documents/metrique/dataset/coco_5000/01846.jpg,0.18939808011054993
/home/jnapolitano/Documents/metrique/dataset/coco_5000/01850.jpg,0.1989147663116455
/home/jnapolitano/Documents/metrique/dataset/coco_5000/01852.jpg,0.19076788425445557
/home/jnapolitano/Documents/metrique/dataset/coco_5000/01853.jpg,0.19618135690689087
/home/jnapolitano/Documents/metrique/dataset/coco_5000/01854.jpg,0.18377253413200378
/home/jnapolitano/Documents/metrique/dataset/coco_5000/01855.jpg,0.1983463615179062
/home/jnapolitano/Documents/metrique/dataset/coco_5000/01856.jpg,0.18692418932914734
/home/jnapolitano/Documents/metrique/dataset/coco_5000/01857.jpg,0.19101205468177795
/home/jnapolitano/Documents/metrique/dataset/coco_5000/01858.jpg,0.18995997309684753
/home/jnapolitano/Documents/metrique/dataset/coco_5000/01860.jpg,0.18966615200042725
/home/jnapolitano/Documents/metrique/dataset/coco_5000/01861.jpg,0.19691361486911774
/home/jnapolitano/Documents/metrique/dataset/coco_5000/01865.jpg,0.17816346883773804
/home/jnapolitano/Documents/metrique/dataset/coco_5000/01866.jpg,0.19076038897037506
/home/jnapolitano/Documents/metrique/dataset/coco_5000/01867.jpg,0.1916172355413437
/home/jnapolitano/Documents/metrique/dataset/coco_5000/01869.jpg,0.18513011932373047
/home/jnapolitano/Documents/metrique/dataset/coco_5000/01871.jpg,0.19323140382766724
/home/jnapolitano/Documents/metrique/dataset/coco_5000/01872.jpg,0.18748004734516144
/home/jnapolitano/Documents/metrique/dataset/coco_5000/01873.jpg,0.1908840388059616
/home/jnapolitano/Documents/metrique/dataset/coco_5000/01875.jpg,0.1904946267604828
/home/jnapolitano/Documents/metrique/dataset/coco_5000/01876.jpg,0.19321541488170624
/home/jnapolitano/Documents/metrique/dataset/coco_5000/01877.jpg,0.18103840947151184
/home/jnapolitano/Documents/metrique/dataset/coco_5000/01878.jpg,0.19361066818237305
/home/jnapolitano/Documents/metrique/dataset/coco_5000/01879.jpg,0.19424916803836823
/home/jnapolitano/Documents/metrique/dataset/coco_5000/01881.jpg,0.18725773692131042
/home/jnapolitano/Documents/metrique/dataset/coco_5000/01882.jpg,0.18514703214168549
/home/jnapolitano/Documents/metrique/dataset/coco_5000/01884.jpg,0.18530255556106567
/home/jnapolitano/Documents/metrique/dataset/coco_5000/01888.jpg,0.1940561980009079
/home/jnapolitano/Documents/metrique/dataset/coco_5000/01889.jpg,0.19166052341461182
/home/jnapolitano/Documents/metrique/dataset/coco_5000/01892.jpg,0.1845014989376068
/home/jnapolitano/Documents/metrique/dataset/coco_5000/01893.jpg,0.19158272445201874
/home/jnapolitano/Documents/metrique/dataset/coco_5000/01894.jpg,0.1820569634437561
/home/jnapolitano/Documents/metrique/dataset/coco_5000/01895.jpg,0.19160979986190796
/home/jnapolitano/Documents/metrique/dataset/coco_5000/01898.jpg,0.18106772005558014
/home/jnapolitano/Documents/metrique/dataset/coco_5000/01899.jpg,0.19310012459754944
/home/jnapolitano/Documents/metrique/dataset/coco_5000/01900.jpg,0.2008470892906189
/home/jnapolitano/Documents/metrique/dataset/coco_5000/01901.jpg,0.1963966190814972
/home/jnapolitano/Documents/metrique/dataset/coco_5000/01902.jpg,0.18407116830348969
/home/jnapolitano/Documents/metrique/dataset/coco_5000/01903.jpg,0.19213534891605377
/home/jnapolitano/Documents/metrique/dataset/coco_5000/01904.jpg,0.20083333551883698
/home/jnapolitano/Documents/metrique/dataset/coco_5000/01906.jpg,0.1894369125366211
/home/jnapolitano/Documents/metrique/dataset/coco_5000/01907.jpg,0.18945050239562988
/home/jnapolitano/Documents/metrique/dataset/coco_5000/01911.jpg,0.19261854887008667
/home/jnapolitano/Documents/metrique/dataset/coco_5000/01912.jpg,0.19128820300102234
/home/jnapolitano/Documents/metrique/dataset/coco_5000/01913.jpg,0.19223666191101074
/home/jnapolitano/Documents/metrique/dataset/coco_5000/01915.jpg,0.19032341241836548
/home/jnapolitano/Documents/metrique/dataset/coco_5000/01917.jpg,0.1828443706035614
/home/jnapolitano/Documents/metrique/dataset/coco_5000/01920.jpg,0.1858733892440796
/home/jnapolitano/Documents/metrique/dataset/coco_5000/01922.jpg,0.18357765674591064
/home/jnapolitano/Documents/metrique/dataset/coco_5000/01923.jpg,0.19819431006908417
/home/jnapolitano/Documents/metrique/dataset/coco_5000/01924.jpg,0.18886472284793854
/home/jnapolitano/Documents/metrique/dataset/coco_5000/01925.jpg,0.19590236246585846
/home/jnapolitano/Documents/metrique/dataset/coco_5000/01927.jpg,0.19256475567817688
/home/jnapolitano/Documents/metrique/dataset/coco_5000/01930.jpg,0.18707354366779327
/home/jnapolitano/Documents/metrique/dataset/coco_5000/01933.jpg,0.1915712058544159
/home/jnapolitano/Documents/metrique/dataset/coco_5000/01934.jpg,0.19553464651107788
/home/jnapolitano/Documents/metrique/dataset/coco_5000/01936.jpg,0.185668483376503
/home/jnapolitano/Documents/metrique/dataset/coco_5000/01938.jpg,0.18560045957565308
/home/jnapolitano/Documents/metrique/dataset/coco_5000/01939.jpg,0.1916157603263855
/home/jnapolitano/Documents/metrique/dataset/coco_5000/01942.jpg,0.19598183035850525
/home/jnapolitano/Documents/metrique/dataset/coco_5000/01943.jpg,0.18311284482479095
/home/jnapolitano/Documents/metrique/dataset/coco_5000/01946.jpg,0.18956530094146729
/home/jnapolitano/Documents/metrique/dataset/coco_5000/01948.jpg,0.1954003870487213
/home/jnapolitano/Documents/metrique/dataset/coco_5000/01949.jpg,0.19454753398895264
/home/jnapolitano/Documents/metrique/dataset/coco_5000/01951.jpg,0.17658540606498718
/home/jnapolitano/Documents/metrique/dataset/coco_5000/01952.jpg,0.19313068687915802
/home/jnapolitano/Documents/metrique/dataset/coco_5000/01954.jpg,0.19095417857170105
/home/jnapolitano/Documents/metrique/dataset/coco_5000/01956.jpg,0.18861332535743713
/home/jnapolitano/Documents/metrique/dataset/coco_5000/01958.jpg,0.18516534566879272
/home/jnapolitano/Documents/metrique/dataset/coco_5000/01960.jpg,0.19014690816402435
/home/jnapolitano/Documents/metrique/dataset/coco_5000/01961.jpg,0.1888708919286728
/home/jnapolitano/Documents/metrique/dataset/coco_5000/01962.jpg,0.18402022123336792
/home/jnapolitano/Documents/metrique/dataset/coco_5000/01966.jpg,0.19159598648548126
/home/jnapolitano/Documents/metrique/dataset/coco_5000/01970.jpg,0.17926611006259918
/home/jnapolitano/Documents/metrique/dataset/coco_5000/01971.jpg,0.1934519112110138
/home/jnapolitano/Documents/metrique/dataset/coco_5000/01972.jpg,0.1898575872182846
/home/jnapolitano/Documents/metrique/dataset/coco_5000/01974.jpg,0.19146861135959625
/home/jnapolitano/Documents/metrique/dataset/coco_5000/01975.jpg,0.19284240901470184
/home/jnapolitano/Documents/metrique/dataset/coco_5000/01976.jpg,0.1909300982952118
/home/jnapolitano/Documents/metrique/dataset/coco_5000/01979.jpg,0.181742861866951
/home/jnapolitano/Documents/metrique/dataset/coco_5000/01983.jpg,0.18685568869113922
/home/jnapolitano/Documents/metrique/dataset/coco_5000/01984.jpg,0.1844412088394165
/home/jnapolitano/Documents/metrique/dataset/coco_5000/01985.jpg,0.19378694891929626
/home/jnapolitano/Documents/metrique/dataset/coco_5000/01986.jpg,0.19279637932777405
/home/jnapolitano/Documents/metrique/dataset/coco_5000/01988.jpg,0.18174418807029724
/home/jnapolitano/Documents/metrique/dataset/coco_5000/01990.jpg,0.1843389868736267
/home/jnapolitano/Documents/metrique/dataset/coco_5000/01991.jpg,0.19044923782348633
/home/jnapolitano/Documents/metrique/dataset/coco_5000/01992.jpg,0.20860573649406433
/home/jnapolitano/Documents/metrique/dataset/coco_5000/01993.jpg,0.19365882873535156
/home/jnapolitano/Documents/metrique/dataset/coco_5000/01994.jpg,0.18688169121742249
/home/jnapolitano/Documents/metrique/dataset/coco_5000/01995.jpg,0.19482378661632538
/home/jnapolitano/Documents/metrique/dataset/coco_5000/01996.jpg,0.1835775524377823
/home/jnapolitano/Documents/metrique/dataset/coco_5000/01997.jpg,0.18450415134429932
/home/jnapolitano/Documents/metrique/dataset/coco_5000/01999.jpg,0.18313798308372498
/home/jnapolitano/Documents/metrique/dataset/coco_5000/02000.jpg,0.19933508336544037
/home/jnapolitano/Documents/metrique/dataset/coco_5000/02001.jpg,0.1809251308441162
/home/jnapolitano/Documents/metrique/dataset/coco_5000/02003.jpg,0.18463778495788574
/home/jnapolitano/Documents/metrique/dataset/coco_5000/02004.jpg,0.18767410516738892
/home/jnapolitano/Documents/metrique/dataset/coco_5000/02005.jpg,0.17941021919250488
/home/jnapolitano/Documents/metrique/dataset/coco_5000/02006.jpg,0.19494843482971191
/home/jnapolitano/Documents/metrique/dataset/coco_5000/02007.jpg,0.18731583654880524
/home/jnapolitano/Documents/metrique/dataset/coco_5000/02009.jpg,0.18783049285411835
/home/jnapolitano/Documents/metrique/dataset/coco_5000/02010.jpg,0.18701881170272827
/home/jnapolitano/Documents/metrique/dataset/coco_5000/02013.jpg,0.18898169696331024
/home/jnapolitano/Documents/metrique/dataset/coco_5000/02016.jpg,0.20040801167488098
/home/jnapolitano/Documents/metrique/dataset/coco_5000/02017.jpg,0.17744341492652893
/home/jnapolitano/Documents/metrique/dataset/coco_5000/02018.jpg,0.186285138130188
/home/jnapolitano/Documents/metrique/dataset/coco_5000/02022.jpg,0.20210117101669312
/home/jnapolitano/Documents/metrique/dataset/coco_5000/02023.jpg,0.1969507932662964
/home/jnapolitano/Documents/metrique/dataset/coco_5000/02025.jpg,0.19264085590839386
/home/jnapolitano/Documents/metrique/dataset/coco_5000/02026.jpg,0.19462673366069794
/home/jnapolitano/Documents/metrique/dataset/coco_5000/02027.jpg,0.18397411704063416
/home/jnapolitano/Documents/metrique/dataset/coco_5000/02028.jpg,0.19152358174324036
/home/jnapolitano/Documents/metrique/dataset/coco_5000/02031.jpg,0.19585828483104706
/home/jnapolitano/Documents/metrique/dataset/coco_5000/02033.jpg,0.18343636393547058
/home/jnapolitano/Documents/metrique/dataset/coco_5000/02035.jpg,0.19489789009094238
/home/jnapolitano/Documents/metrique/dataset/coco_5000/02036.jpg,0.19315305352210999
/home/jnapolitano/Documents/metrique/dataset/coco_5000/02037.jpg,0.1927986741065979
/home/jnapolitano/Documents/metrique/dataset/coco_5000/02038.jpg,0.18266302347183228
/home/jnapolitano/Documents/metrique/dataset/coco_5000/02042.jpg,0.19163569808006287
/home/jnapolitano/Documents/metrique/dataset/coco_5000/02045.jpg,0.18124040961265564
/home/jnapolitano/Documents/metrique/dataset/coco_5000/02046.jpg,0.18512007594108582
/home/jnapolitano/Documents/metrique/dataset/coco_5000/02048.jpg,0.1878615766763687
/home/jnapolitano/Documents/metrique/dataset/coco_5000/02051.jpg,0.1897246241569519
/home/jnapolitano/Documents/metrique/dataset/coco_5000/02052.jpg,0.1949947476387024
/home/jnapolitano/Documents/metrique/dataset/coco_5000/02053.jpg,0.19673919677734375
/home/jnapolitano/Documents/metrique/dataset/coco_5000/02058.jpg,0.18900543451309204
/home/jnapolitano/Documents/metrique/dataset/coco_5000/02060.jpg,0.19346366822719574
/home/jnapolitano/Documents/metrique/dataset/coco_5000/02062.jpg,0.1958705186843872
/home/jnapolitano/Documents/metrique/dataset/coco_5000/02064.jpg,0.1824708729982376
/home/jnapolitano/Documents/metrique/dataset/coco_5000/02067.jpg,0.1913127601146698
/home/jnapolitano/Documents/metrique/dataset/coco_5000/02069.jpg,0.19479303061962128
/home/jnapolitano/Documents/metrique/dataset/coco_5000/02070.jpg,0.19601163268089294
/home/jnapolitano/Documents/metrique/dataset/coco_5000/02071.jpg,0.17830915749073029
/home/jnapolitano/Documents/metrique/dataset/coco_5000/02072.jpg,0.18808308243751526
/home/jnapolitano/Documents/metrique/dataset/coco_5000/02073.jpg,0.19394055008888245
/home/jnapolitano/Documents/metrique/dataset/coco_5000/02074.jpg,0.1818913221359253
/home/jnapolitano/Documents/metrique/dataset/coco_5000/02076.jpg,0.1894972324371338
/home/jnapolitano/Documents/metrique/dataset/coco_5000/02079.jpg,0.17404136061668396
/home/jnapolitano/Documents/metrique/dataset/coco_5000/02081.jpg,0.17923709750175476
/home/jnapolitano/Documents/metrique/dataset/coco_5000/02082.jpg,0.19843065738677979
/home/jnapolitano/Documents/metrique/dataset/coco_5000/02083.jpg,0.18957054615020752
/home/jnapolitano/Documents/metrique/dataset/coco_5000/02086.jpg,0.19319379329681396
/home/jnapolitano/Documents/metrique/dataset/coco_5000/02087.jpg,0.19227737188339233
/home/jnapolitano/Documents/metrique/dataset/coco_5000/02090.jpg,0.1965886354446411
/home/jnapolitano/Documents/metrique/dataset/coco_5000/02091.jpg,0.20016533136367798
/home/jnapolitano/Documents/metrique/dataset/coco_5000/02092.jpg,0.18311560153961182
/home/jnapolitano/Documents/metrique/dataset/coco_5000/02093.jpg,0.19602087140083313
/home/jnapolitano/Documents/metrique/dataset/coco_5000/02094.jpg,0.17896422743797302
/home/jnapolitano/Documents/metrique/dataset/coco_5000/02095.jpg,0.19217844307422638
/home/jnapolitano/Documents/metrique/dataset/coco_5000/02097.jpg,0.18488821387290955
/home/jnapolitano/Documents/metrique/dataset/coco_5000/02099.jpg,0.1934226155281067
/home/jnapolitano/Documents/metrique/dataset/coco_5000/02100.jpg,0.17634086310863495
/home/jnapolitano/Documents/metrique/dataset/coco_5000/02102.jpg,0.1864165961742401
/home/jnapolitano/Documents/metrique/dataset/coco_5000/02104.jpg,0.18847377598285675
/home/jnapolitano/Documents/metrique/dataset/coco_5000/02105.jpg,0.19937896728515625
/home/jnapolitano/Documents/metrique/dataset/coco_5000/02106.jpg,0.18928615748882294
/home/jnapolitano/Documents/metrique/dataset/coco_5000/02108.jpg,0.19060921669006348
/home/jnapolitano/Documents/metrique/dataset/coco_5000/02111.jpg,0.19872921705245972
/home/jnapolitano/Documents/metrique/dataset/coco_5000/02112.jpg,0.1809098869562149
/home/jnapolitano/Documents/metrique/dataset/coco_5000/02113.jpg,0.19270679354667664
/home/jnapolitano/Documents/metrique/dataset/coco_5000/02114.jpg,0.1987190544605255
/home/jnapolitano/Documents/metrique/dataset/coco_5000/02115.jpg,0.19435691833496094
/home/jnapolitano/Documents/metrique/dataset/coco_5000/02116.jpg,0.18745070695877075
/home/jnapolitano/Documents/metrique/dataset/coco_5000/02117.jpg,0.18864375352859497
/home/jnapolitano/Documents/metrique/dataset/coco_5000/02118.jpg,0.18871967494487762
/home/jnapolitano/Documents/metrique/dataset/coco_5000/02119.jpg,0.18510764837265015
/home/jnapolitano/Documents/metrique/dataset/coco_5000/02120.jpg,0.17731007933616638
/home/jnapolitano/Documents/metrique/dataset/coco_5000/02121.jpg,0.18661737442016602
/home/jnapolitano/Documents/metrique/dataset/coco_5000/02122.jpg,0.1926150619983673
/home/jnapolitano/Documents/metrique/dataset/coco_5000/02123.jpg,0.1838861107826233
/home/jnapolitano/Documents/metrique/dataset/coco_5000/02124.jpg,0.1882178634405136
/home/jnapolitano/Documents/metrique/dataset/coco_5000/02127.jpg,0.1932206153869629
/home/jnapolitano/Documents/metrique/dataset/coco_5000/02128.jpg,0.18907494843006134
/home/jnapolitano/Documents/metrique/dataset/coco_5000/02129.jpg,0.18603527545928955
/home/jnapolitano/Documents/metrique/dataset/coco_5000/02130.jpg,0.1873028427362442
/home/jnapolitano/Documents/metrique/dataset/coco_5000/02134.jpg,0.1930314302444458
/home/jnapolitano/Documents/metrique/dataset/coco_5000/02136.jpg,0.192658469080925
/home/jnapolitano/Documents/metrique/dataset/coco_5000/02138.jpg,0.18938574194908142
/home/jnapolitano/Documents/metrique/dataset/coco_5000/02139.jpg,0.19179272651672363
/home/jnapolitano/Documents/metrique/dataset/coco_5000/02140.jpg,0.2001350075006485
/home/jnapolitano/Documents/metrique/dataset/coco_5000/02141.jpg,0.1854061484336853
/home/jnapolitano/Documents/metrique/dataset/coco_5000/02142.jpg,0.18457074463367462
/home/jnapolitano/Documents/metrique/dataset/coco_5000/02143.jpg,0.19147071242332458
/home/jnapolitano/Documents/metrique/dataset/coco_5000/02144.jpg,0.19144870340824127
/home/jnapolitano/Documents/metrique/dataset/coco_5000/02145.jpg,0.17513036727905273
/home/jnapolitano/Documents/metrique/dataset/coco_5000/02147.jpg,0.1846836656332016
/home/jnapolitano/Documents/metrique/dataset/coco_5000/02150.jpg,0.19204005599021912
/home/jnapolitano/Documents/metrique/dataset/coco_5000/02151.jpg,0.18528884649276733
/home/jnapolitano/Documents/metrique/dataset/coco_5000/02152.jpg,0.19270484149456024
/home/jnapolitano/Documents/metrique/dataset/coco_5000/02153.jpg,0.19016902148723602
/home/jnapolitano/Documents/metrique/dataset/coco_5000/02158.jpg,0.194325253367424
/home/jnapolitano/Documents/metrique/dataset/coco_5000/02159.jpg,0.18874165415763855
/home/jnapolitano/Documents/metrique/dataset/coco_5000/02161.jpg,0.19929715991020203
/home/jnapolitano/Documents/metrique/dataset/coco_5000/02162.jpg,0.19317185878753662
/home/jnapolitano/Documents/metrique/dataset/coco_5000/02163.jpg,0.1888086050748825
/home/jnapolitano/Documents/metrique/dataset/coco_5000/02166.jpg,0.19420835375785828
/home/jnapolitano/Documents/metrique/dataset/coco_5000/02167.jpg,0.18769457936286926
/home/jnapolitano/Documents/metrique/dataset/coco_5000/02169.jpg,0.1765148937702179
/home/jnapolitano/Documents/metrique/dataset/coco_5000/02170.jpg,0.1885480433702469
/home/jnapolitano/Documents/metrique/dataset/coco_5000/02172.jpg,0.18796469271183014
/home/jnapolitano/Documents/metrique/dataset/coco_5000/02174.jpg,0.18860337138175964
/home/jnapolitano/Documents/metrique/dataset/coco_5000/02176.jpg,0.1810721457004547
/home/jnapolitano/Documents/metrique/dataset/coco_5000/02178.jpg,0.18843579292297363
/home/jnapolitano/Documents/metrique/dataset/coco_5000/02179.jpg,0.18253934383392334
/home/jnapolitano/Documents/metrique/dataset/coco_5000/02182.jpg,0.18840573728084564
/home/jnapolitano/Documents/metrique/dataset/coco_5000/02183.jpg,0.19854304194450378
/home/jnapolitano/Documents/metrique/dataset/coco_5000/02184.jpg,0.1842552125453949
/home/jnapolitano/Documents/metrique/dataset/coco_5000/02186.jpg,0.18577250838279724
/home/jnapolitano/Documents/metrique/dataset/coco_5000/02187.jpg,0.18562307953834534
/home/jnapolitano/Documents/metrique/dataset/coco_5000/02189.jpg,0.19642283022403717
/home/jnapolitano/Documents/metrique/dataset/coco_5000/02190.jpg,0.19045868515968323
/home/jnapolitano/Documents/metrique/dataset/coco_5000/02192.jpg,0.19013485312461853
/home/jnapolitano/Documents/metrique/dataset/coco_5000/02193.jpg,0.17775461077690125
/home/jnapolitano/Documents/metrique/dataset/coco_5000/02195.jpg,0.1839539259672165
/home/jnapolitano/Documents/metrique/dataset/coco_5000/02197.jpg,0.17292967438697815
/home/jnapolitano/Documents/metrique/dataset/coco_5000/02198.jpg,0.1861484944820404
/home/jnapolitano/Documents/metrique/dataset/coco_5000/02199.jpg,0.1918790638446808
/home/jnapolitano/Documents/metrique/dataset/coco_5000/02200.jpg,0.18791791796684265
/home/jnapolitano/Documents/metrique/dataset/coco_5000/02202.jpg,0.19459031522274017
/home/jnapolitano/Documents/metrique/dataset/coco_5000/02203.jpg,0.19826899468898773
/home/jnapolitano/Documents/metrique/dataset/coco_5000/02206.jpg,0.18922342360019684
/home/jnapolitano/Documents/metrique/dataset/coco_5000/02208.jpg,0.18787898123264313
/home/jnapolitano/Documents/metrique/dataset/coco_5000/02210.jpg,0.1943926364183426
/home/jnapolitano/Documents/metrique/dataset/coco_5000/02211.jpg,0.19276244938373566
/home/jnapolitano/Documents/metrique/dataset/coco_5000/02212.jpg,0.18900761008262634
/home/jnapolitano/Documents/metrique/dataset/coco_5000/02213.jpg,0.18528464436531067
/home/jnapolitano/Documents/metrique/dataset/coco_5000/02214.jpg,0.19315043091773987
/home/jnapolitano/Documents/metrique/dataset/coco_5000/02216.jpg,0.1934218853712082
/home/jnapolitano/Documents/metrique/dataset/coco_5000/02219.jpg,0.1870797723531723
/home/jnapolitano/Documents/metrique/dataset/coco_5000/02220.jpg,0.1901959776878357
/home/jnapolitano/Documents/metrique/dataset/coco_5000/02222.jpg,0.18826869130134583
/home/jnapolitano/Documents/metrique/dataset/coco_5000/02229.jpg,0.17975302040576935
/home/jnapolitano/Documents/metrique/dataset/coco_5000/02231.jpg,0.19684061408042908
/home/jnapolitano/Documents/metrique/dataset/coco_5000/02232.jpg,0.1963537186384201
/home/jnapolitano/Documents/metrique/dataset/coco_5000/02233.jpg,0.19222648441791534
/home/jnapolitano/Documents/metrique/dataset/coco_5000/02236.jpg,0.1956912726163864
/home/jnapolitano/Documents/metrique/dataset/coco_5000/02238.jpg,0.1932399421930313
/home/jnapolitano/Documents/metrique/dataset/coco_5000/02239.jpg,0.19900192320346832
/home/jnapolitano/Documents/metrique/dataset/coco_5000/02240.jpg,0.18776658177375793
/home/jnapolitano/Documents/metrique/dataset/coco_5000/02241.jpg,0.18894228339195251
/home/jnapolitano/Documents/metrique/dataset/coco_5000/02242.jpg,0.18703778088092804
/home/jnapolitano/Documents/metrique/dataset/coco_5000/02244.jpg,0.19020482897758484
/home/jnapolitano/Documents/metrique/dataset/coco_5000/02245.jpg,0.1869717240333557
/home/jnapolitano/Documents/metrique/dataset/coco_5000/02247.jpg,0.18863242864608765
/home/jnapolitano/Documents/metrique/dataset/coco_5000/02248.jpg,0.18406261503696442
/home/jnapolitano/Documents/metrique/dataset/coco_5000/02250.jpg,0.1844290941953659
/home/jnapolitano/Documents/metrique/dataset/coco_5000/02251.jpg,0.19097167253494263
/home/jnapolitano/Documents/metrique/dataset/coco_5000/02252.jpg,0.1862049400806427
/home/jnapolitano/Documents/metrique/dataset/coco_5000/02253.jpg,0.17809942364692688
/home/jnapolitano/Documents/metrique/dataset/coco_5000/02254.jpg,0.18812736868858337
/home/jnapolitano/Documents/metrique/dataset/coco_5000/02255.jpg,0.19399848580360413
/home/jnapolitano/Documents/metrique/dataset/coco_5000/02256.jpg,0.18541204929351807
/home/jnapolitano/Documents/metrique/dataset/coco_5000/02257.jpg,0.1955122947692871
/home/jnapolitano/Documents/metrique/dataset/coco_5000/02258.jpg,0.17969445884227753
/home/jnapolitano/Documents/metrique/dataset/coco_5000/02260.jpg,0.18945160508155823
/home/jnapolitano/Documents/metrique/dataset/coco_5000/02261.jpg,0.17973290383815765
/home/jnapolitano/Documents/metrique/dataset/coco_5000/02262.jpg,0.18189647793769836
/home/jnapolitano/Documents/metrique/dataset/coco_5000/02265.jpg,0.19173556566238403
/home/jnapolitano/Documents/metrique/dataset/coco_5000/02267.jpg,0.18818099796772003
/home/jnapolitano/Documents/metrique/dataset/coco_5000/02268.jpg,0.18468603491783142
/home/jnapolitano/Documents/metrique/dataset/coco_5000/02274.jpg,0.1917436122894287
/home/jnapolitano/Documents/metrique/dataset/coco_5000/02276.jpg,0.19347026944160461
/home/jnapolitano/Documents/metrique/dataset/coco_5000/02279.jpg,0.18321135640144348
/home/jnapolitano/Documents/metrique/dataset/coco_5000/02280.jpg,0.1772613823413849
/home/jnapolitano/Documents/metrique/dataset/coco_5000/02281.jpg,0.19131600856781006
/home/jnapolitano/Documents/metrique/dataset/coco_5000/02282.jpg,0.18662779033184052
/home/jnapolitano/Documents/metrique/dataset/coco_5000/02284.jpg,0.17850977182388306
/home/jnapolitano/Documents/metrique/dataset/coco_5000/02285.jpg,0.1859445869922638
/home/jnapolitano/Documents/metrique/dataset/coco_5000/02287.jpg,0.18999359011650085
/home/jnapolitano/Documents/metrique/dataset/coco_5000/02290.jpg,0.19524739682674408
/home/jnapolitano/Documents/metrique/dataset/coco_5000/02293.jpg,0.19885136187076569
/home/jnapolitano/Documents/metrique/dataset/coco_5000/02296.jpg,0.18933436274528503
/home/jnapolitano/Documents/metrique/dataset/coco_5000/02297.jpg,0.20298460125923157
/home/jnapolitano/Documents/metrique/dataset/coco_5000/02299.jpg,0.1772473305463791
/home/jnapolitano/Documents/metrique/dataset/coco_5000/02300.jpg,0.19113396108150482
/home/jnapolitano/Documents/metrique/dataset/coco_5000/02301.jpg,0.19341424107551575
/home/jnapolitano/Documents/metrique/dataset/coco_5000/02304.jpg,0.1934853494167328
/home/jnapolitano/Documents/metrique/dataset/coco_5000/02306.jpg,0.18599805235862732
/home/jnapolitano/Documents/metrique/dataset/coco_5000/02308.jpg,0.1643204689025879
/home/jnapolitano/Documents/metrique/dataset/coco_5000/02309.jpg,0.19139504432678223
/home/jnapolitano/Documents/metrique/dataset/coco_5000/02311.jpg,0.18378348648548126
/home/jnapolitano/Documents/metrique/dataset/coco_5000/02313.jpg,0.17714548110961914
/home/jnapolitano/Documents/metrique/dataset/coco_5000/02314.jpg,0.1818912923336029
/home/jnapolitano/Documents/metrique/dataset/coco_5000/02315.jpg,0.19057680666446686
/home/jnapolitano/Documents/metrique/dataset/coco_5000/02316.jpg,0.18236011266708374
/home/jnapolitano/Documents/metrique/dataset/coco_5000/02318.jpg,0.19691085815429688
/home/jnapolitano/Documents/metrique/dataset/coco_5000/02319.jpg,0.18744947016239166
/home/jnapolitano/Documents/metrique/dataset/coco_5000/02321.jpg,0.19043728709220886
/home/jnapolitano/Documents/metrique/dataset/coco_5000/02322.jpg,0.18975509703159332
/home/jnapolitano/Documents/metrique/dataset/coco_5000/02324.jpg,0.1874973326921463
/home/jnapolitano/Documents/metrique/dataset/coco_5000/02326.jpg,0.19119048118591309
/home/jnapolitano/Documents/metrique/dataset/coco_5000/02330.jpg,0.19194231927394867
/home/jnapolitano/Documents/metrique/dataset/coco_5000/02332.jpg,0.1946272999048233
/home/jnapolitano/Documents/metrique/dataset/coco_5000/02333.jpg,0.19554834067821503
/home/jnapolitano/Documents/metrique/dataset/coco_5000/02334.jpg,0.18882310390472412
/home/jnapolitano/Documents/metrique/dataset/coco_5000/02336.jpg,0.1948486864566803
/home/jnapolitano/Documents/metrique/dataset/coco_5000/02338.jpg,0.1903330385684967
/home/jnapolitano/Documents/metrique/dataset/coco_5000/02339.jpg,0.17732930183410645
/home/jnapolitano/Documents/metrique/dataset/coco_5000/02340.jpg,0.1965491622686386
/home/jnapolitano/Documents/metrique/dataset/coco_5000/02341.jpg,0.1913602501153946
/home/jnapolitano/Documents/metrique/dataset/coco_5000/02342.jpg,0.18689239025115967
/home/jnapolitano/Documents/metrique/dataset/coco_5000/02344.jpg,0.19910931587219238
/home/jnapolitano/Documents/metrique/dataset/coco_5000/02346.jpg,0.18775330483913422
/home/jnapolitano/Documents/metrique/dataset/coco_5000/02347.jpg,0.19315847754478455
/home/jnapolitano/Documents/metrique/dataset/coco_5000/02348.jpg,0.18420135974884033
/home/jnapolitano/Documents/metrique/dataset/coco_5000/02350.jpg,0.19192996621131897
/home/jnapolitano/Documents/metrique/dataset/coco_5000/02353.jpg,0.19396039843559265
/home/jnapolitano/Documents/metrique/dataset/coco_5000/02354.jpg,0.189860999584198
/home/jnapolitano/Documents/metrique/dataset/coco_5000/02356.jpg,0.19065919518470764
/home/jnapolitano/Documents/metrique/dataset/coco_5000/02357.jpg,0.1829887330532074
/home/jnapolitano/Documents/metrique/dataset/coco_5000/02358.jpg,0.19057005643844604
/home/jnapolitano/Documents/metrique/dataset/coco_5000/02359.jpg,0.19299490749835968
/home/jnapolitano/Documents/metrique/dataset/coco_5000/02360.jpg,0.1906331330537796
/home/jnapolitano/Documents/metrique/dataset/coco_5000/02361.jpg,0.17450691759586334
/home/jnapolitano/Documents/metrique/dataset/coco_5000/02364.jpg,0.18588587641716003
/home/jnapolitano/Documents/metrique/dataset/coco_5000/02367.jpg,0.188365638256073
/home/jnapolitano/Documents/metrique/dataset/coco_5000/02368.jpg,0.19107213616371155
/home/jnapolitano/Documents/metrique/dataset/coco_5000/02369.jpg,0.17906367778778076
/home/jnapolitano/Documents/metrique/dataset/coco_5000/02370.jpg,0.18320241570472717
/home/jnapolitano/Documents/metrique/dataset/coco_5000/02371.jpg,0.18489646911621094
/home/jnapolitano/Documents/metrique/dataset/coco_5000/02372.jpg,0.1918126940727234
/home/jnapolitano/Documents/metrique/dataset/coco_5000/02374.jpg,0.1857396960258484
/home/jnapolitano/Documents/metrique/dataset/coco_5000/02375.jpg,0.1957218497991562
/home/jnapolitano/Documents/metrique/dataset/coco_5000/02376.jpg,0.19347921013832092
/home/jnapolitano/Documents/metrique/dataset/coco_5000/02382.jpg,0.19338548183441162
/home/jnapolitano/Documents/metrique/dataset/coco_5000/02385.jpg,0.19206635653972626
/home/jnapolitano/Documents/metrique/dataset/coco_5000/02388.jpg,0.19135183095932007
/home/jnapolitano/Documents/metrique/dataset/coco_5000/02390.jpg,0.19588525593280792
/home/jnapolitano/Documents/metrique/dataset/coco_5000/02391.jpg,0.20427894592285156
/home/jnapolitano/Documents/metrique/dataset/coco_5000/02394.jpg,0.1913938671350479
/home/jnapolitano/Documents/metrique/dataset/coco_5000/02396.jpg,0.18755438923835754
/home/jnapolitano/Documents/metrique/dataset/coco_5000/02397.jpg,0.18647974729537964
/home/jnapolitano/Documents/metrique/dataset/coco_5000/02398.jpg,0.19673316180706024
/home/jnapolitano/Documents/metrique/dataset/coco_5000/02399.jpg,0.1964086890220642
/home/jnapolitano/Documents/metrique/dataset/coco_5000/02400.jpg,0.18462425470352173
/home/jnapolitano/Documents/metrique/dataset/coco_5000/02401.jpg,0.1918918490409851
/home/jnapolitano/Documents/metrique/dataset/coco_5000/02403.jpg,0.1923409253358841
/home/jnapolitano/Documents/metrique/dataset/coco_5000/02405.jpg,0.19257113337516785
/home/jnapolitano/Documents/metrique/dataset/coco_5000/02409.jpg,0.19372491538524628
/home/jnapolitano/Documents/metrique/dataset/coco_5000/02410.jpg,0.19949865341186523
/home/jnapolitano/Documents/metrique/dataset/coco_5000/02412.jpg,0.19060617685317993
/home/jnapolitano/Documents/metrique/dataset/coco_5000/02413.jpg,0.19209739565849304
/home/jnapolitano/Documents/metrique/dataset/coco_5000/02414.jpg,0.1938815414905548
/home/jnapolitano/Documents/metrique/dataset/coco_5000/02419.jpg,0.18448777496814728
/home/jnapolitano/Documents/metrique/dataset/coco_5000/02420.jpg,0.1976386457681656
/home/jnapolitano/Documents/metrique/dataset/coco_5000/02421.jpg,0.19860702753067017
/home/jnapolitano/Documents/metrique/dataset/coco_5000/02422.jpg,0.19412021338939667
/home/jnapolitano/Documents/metrique/dataset/coco_5000/02424.jpg,0.18797124922275543
/home/jnapolitano/Documents/metrique/dataset/coco_5000/02425.jpg,0.19456912577152252
/home/jnapolitano/Documents/metrique/dataset/coco_5000/02426.jpg,0.19322164356708527
/home/jnapolitano/Documents/metrique/dataset/coco_5000/02427.jpg,0.18854765594005585
/home/jnapolitano/Documents/metrique/dataset/coco_5000/02428.jpg,0.1867298036813736
/home/jnapolitano/Documents/metrique/dataset/coco_5000/02430.jpg,0.18636450171470642
/home/jnapolitano/Documents/metrique/dataset/coco_5000/02433.jpg,0.17466574907302856
/home/jnapolitano/Documents/metrique/dataset/coco_5000/02438.jpg,0.19231225550174713
/home/jnapolitano/Documents/metrique/dataset/coco_5000/02439.jpg,0.1860290765762329
/home/jnapolitano/Documents/metrique/dataset/coco_5000/02441.jpg,0.19122180342674255
/home/jnapolitano/Documents/metrique/dataset/coco_5000/02442.jpg,0.1856057196855545
/home/jnapolitano/Documents/metrique/dataset/coco_5000/02444.jpg,0.18714278936386108
/home/jnapolitano/Documents/metrique/dataset/coco_5000/02451.jpg,0.1889880746603012
/home/jnapolitano/Documents/metrique/dataset/coco_5000/02452.jpg,0.18486963212490082
/home/jnapolitano/Documents/metrique/dataset/coco_5000/02453.jpg,0.19024762511253357
/home/jnapolitano/Documents/metrique/dataset/coco_5000/02455.jpg,0.19165503978729248
/home/jnapolitano/Documents/metrique/dataset/coco_5000/02457.jpg,0.1950548142194748
/home/jnapolitano/Documents/metrique/dataset/coco_5000/02460.jpg,0.19961299002170563
/home/jnapolitano/Documents/metrique/dataset/coco_5000/02461.jpg,0.1910521388053894
/home/jnapolitano/Documents/metrique/dataset/coco_5000/02462.jpg,0.17780007421970367
/home/jnapolitano/Documents/metrique/dataset/coco_5000/02470.jpg,0.19245150685310364
/home/jnapolitano/Documents/metrique/dataset/coco_5000/02471.jpg,0.1892746090888977
/home/jnapolitano/Documents/metrique/dataset/coco_5000/02472.jpg,0.18873077630996704
/home/jnapolitano/Documents/metrique/dataset/coco_5000/02474.jpg,0.18673837184906006
/home/jnapolitano/Documents/metrique/dataset/coco_5000/02476.jpg,0.20006027817726135
/home/jnapolitano/Documents/metrique/dataset/coco_5000/02478.jpg,0.1889190971851349
/home/jnapolitano/Documents/metrique/dataset/coco_5000/02479.jpg,0.19483277201652527
/home/jnapolitano/Documents/metrique/dataset/coco_5000/02483.jpg,0.19443157315254211
/home/jnapolitano/Documents/metrique/dataset/coco_5000/02485.jpg,0.18812432885169983
/home/jnapolitano/Documents/metrique/dataset/coco_5000/02486.jpg,0.1918378323316574
/home/jnapolitano/Documents/metrique/dataset/coco_5000/02487.jpg,0.1863384246826172
/home/jnapolitano/Documents/metrique/dataset/coco_5000/02488.jpg,0.18061593174934387
/home/jnapolitano/Documents/metrique/dataset/coco_5000/02489.jpg,0.1864248812198639
/home/jnapolitano/Documents/metrique/dataset/coco_5000/02492.jpg,0.19372248649597168
/home/jnapolitano/Documents/metrique/dataset/coco_5000/02493.jpg,0.19348007440567017
/home/jnapolitano/Documents/metrique/dataset/coco_5000/02494.jpg,0.18652185797691345
/home/jnapolitano/Documents/metrique/dataset/coco_5000/02496.jpg,0.19502763450145721
/home/jnapolitano/Documents/metrique/dataset/coco_5000/02497.jpg,0.1903107464313507
/home/jnapolitano/Documents/metrique/dataset/coco_5000/02498.jpg,0.19284838438034058
/home/jnapolitano/Documents/metrique/dataset/coco_5000/02499.jpg,0.1911957859992981
/home/jnapolitano/Documents/metrique/dataset/coco_5000/02502.jpg,0.1862422376871109
/home/jnapolitano/Documents/metrique/dataset/coco_5000/02503.jpg,0.19368061423301697
/home/jnapolitano/Documents/metrique/dataset/coco_5000/02504.jpg,0.18745264410972595
/home/jnapolitano/Documents/metrique/dataset/coco_5000/02506.jpg,0.18851891160011292
/home/jnapolitano/Documents/metrique/dataset/coco_5000/02507.jpg,0.19670474529266357
/home/jnapolitano/Documents/metrique/dataset/coco_5000/02508.jpg,0.1829656958580017
/home/jnapolitano/Documents/metrique/dataset/coco_5000/02510.jpg,0.1846538782119751
/home/jnapolitano/Documents/metrique/dataset/coco_5000/02511.jpg,0.18983249366283417
/home/jnapolitano/Documents/metrique/dataset/coco_5000/02514.jpg,0.1880003809928894
/home/jnapolitano/Documents/metrique/dataset/coco_5000/02515.jpg,0.1916065812110901
/home/jnapolitano/Documents/metrique/dataset/coco_5000/02516.jpg,0.19995543360710144
/home/jnapolitano/Documents/metrique/dataset/coco_5000/02518.jpg,0.19529657065868378
/home/jnapolitano/Documents/metrique/dataset/coco_5000/02519.jpg,0.18931058049201965
/home/jnapolitano/Documents/metrique/dataset/coco_5000/02520.jpg,0.191146582365036
/home/jnapolitano/Documents/metrique/dataset/coco_5000/02521.jpg,0.19373518228530884
/home/jnapolitano/Documents/metrique/dataset/coco_5000/02522.jpg,0.18466173112392426
/home/jnapolitano/Documents/metrique/dataset/coco_5000/02524.jpg,0.1927444040775299
/home/jnapolitano/Documents/metrique/dataset/coco_5000/02525.jpg,0.18043646216392517
/home/jnapolitano/Documents/metrique/dataset/coco_5000/02527.jpg,0.1836855411529541
/home/jnapolitano/Documents/metrique/dataset/coco_5000/02528.jpg,0.18279695510864258
/home/jnapolitano/Documents/metrique/dataset/coco_5000/02529.jpg,0.18581116199493408
/home/jnapolitano/Documents/metrique/dataset/coco_5000/02532.jpg,0.18751484155654907
/home/jnapolitano/Documents/metrique/dataset/coco_5000/02534.jpg,0.1798393875360489
/home/jnapolitano/Documents/metrique/dataset/coco_5000/02535.jpg,0.19253532588481903
/home/jnapolitano/Documents/metrique/dataset/coco_5000/02536.jpg,0.1907396912574768
/home/jnapolitano/Documents/metrique/dataset/coco_5000/02537.jpg,0.19276025891304016
/home/jnapolitano/Documents/metrique/dataset/coco_5000/02539.jpg,0.1889202892780304
/home/jnapolitano/Documents/metrique/dataset/coco_5000/02540.jpg,0.1876097321510315
/home/jnapolitano/Documents/metrique/dataset/coco_5000/02541.jpg,0.18813715875148773
/home/jnapolitano/Documents/metrique/dataset/coco_5000/02542.jpg,0.19174662232398987
/home/jnapolitano/Documents/metrique/dataset/coco_5000/02544.jpg,0.19837886095046997
/home/jnapolitano/Documents/metrique/dataset/coco_5000/02546.jpg,0.18627305328845978
/home/jnapolitano/Documents/metrique/dataset/coco_5000/02547.jpg,0.1901514232158661
/home/jnapolitano/Documents/metrique/dataset/coco_5000/02548.jpg,0.1894901692867279
/home/jnapolitano/Documents/metrique/dataset/coco_5000/02549.jpg,0.1831539273262024
/home/jnapolitano/Documents/metrique/dataset/coco_5000/02552.jpg,0.18642309308052063
/home/jnapolitano/Documents/metrique/dataset/coco_5000/02556.jpg,0.19107671082019806
/home/jnapolitano/Documents/metrique/dataset/coco_5000/02559.jpg,0.19595086574554443
/home/jnapolitano/Documents/metrique/dataset/coco_5000/02564.jpg,0.19094684720039368
/home/jnapolitano/Documents/metrique/dataset/coco_5000/02566.jpg,0.19005906581878662
/home/jnapolitano/Documents/metrique/dataset/coco_5000/02567.jpg,0.19391706585884094
/home/jnapolitano/Documents/metrique/dataset/coco_5000/02568.jpg,0.19596204161643982
/home/jnapolitano/Documents/metrique/dataset/coco_5000/02570.jpg,0.18236684799194336
/home/jnapolitano/Documents/metrique/dataset/coco_5000/02571.jpg,0.19780218601226807
/home/jnapolitano/Documents/metrique/dataset/coco_5000/02573.jpg,0.1840289831161499
/home/jnapolitano/Documents/metrique/dataset/coco_5000/02575.jpg,0.1772925853729248
/home/jnapolitano/Documents/metrique/dataset/coco_5000/02578.jpg,0.18898269534111023
/home/jnapolitano/Documents/metrique/dataset/coco_5000/02581.jpg,0.1801384687423706
/home/jnapolitano/Documents/metrique/dataset/coco_5000/02582.jpg,0.17989832162857056
/home/jnapolitano/Documents/metrique/dataset/coco_5000/02585.jpg,0.19189006090164185
/home/jnapolitano/Documents/metrique/dataset/coco_5000/02586.jpg,0.18640592694282532
/home/jnapolitano/Documents/metrique/dataset/coco_5000/02587.jpg,0.19282911717891693
/home/jnapolitano/Documents/metrique/dataset/coco_5000/02588.jpg,0.1910819113254547
/home/jnapolitano/Documents/metrique/dataset/coco_5000/02589.jpg,0.19610877335071564
/home/jnapolitano/Documents/metrique/dataset/coco_5000/02590.jpg,0.19801759719848633
/home/jnapolitano/Documents/metrique/dataset/coco_5000/02591.jpg,0.17361462116241455
/home/jnapolitano/Documents/metrique/dataset/coco_5000/02592.jpg,0.19692476093769073
/home/jnapolitano/Documents/metrique/dataset/coco_5000/02596.jpg,0.19381709396839142
/home/jnapolitano/Documents/metrique/dataset/coco_5000/02598.jpg,0.19837696850299835
/home/jnapolitano/Documents/metrique/dataset/coco_5000/02600.jpg,0.1858963668346405
/home/jnapolitano/Documents/metrique/dataset/coco_5000/02601.jpg,0.18740278482437134
/home/jnapolitano/Documents/metrique/dataset/coco_5000/02602.jpg,0.19192001223564148
/home/jnapolitano/Documents/metrique/dataset/coco_5000/02604.jpg,0.19086122512817383
/home/jnapolitano/Documents/metrique/dataset/coco_5000/02605.jpg,0.18219490349292755
/home/jnapolitano/Documents/metrique/dataset/coco_5000/02607.jpg,0.19255799055099487
/home/jnapolitano/Documents/metrique/dataset/coco_5000/02609.jpg,0.19270847737789154
/home/jnapolitano/Documents/metrique/dataset/coco_5000/02610.jpg,0.18481022119522095
/home/jnapolitano/Documents/metrique/dataset/coco_5000/02611.jpg,0.20568357408046722
/home/jnapolitano/Documents/metrique/dataset/coco_5000/02612.jpg,0.18632195889949799
/home/jnapolitano/Documents/metrique/dataset/coco_5000/02613.jpg,0.1906786412000656
/home/jnapolitano/Documents/metrique/dataset/coco_5000/02614.jpg,0.19245651364326477
/home/jnapolitano/Documents/metrique/dataset/coco_5000/02617.jpg,0.1919872760772705
/home/jnapolitano/Documents/metrique/dataset/coco_5000/02618.jpg,0.18727630376815796
/home/jnapolitano/Documents/metrique/dataset/coco_5000/02619.jpg,0.184692844748497
/home/jnapolitano/Documents/metrique/dataset/coco_5000/02622.jpg,0.18555527925491333
/home/jnapolitano/Documents/metrique/dataset/coco_5000/02623.jpg,0.19097235798835754
/home/jnapolitano/Documents/metrique/dataset/coco_5000/02624.jpg,0.1866956353187561
/home/jnapolitano/Documents/metrique/dataset/coco_5000/02625.jpg,0.19832994043827057
/home/jnapolitano/Documents/metrique/dataset/coco_5000/02626.jpg,0.1911742240190506
/home/jnapolitano/Documents/metrique/dataset/coco_5000/02627.jpg,0.19153590500354767
/home/jnapolitano/Documents/metrique/dataset/coco_5000/02628.jpg,0.19181112945079803
/home/jnapolitano/Documents/metrique/dataset/coco_5000/02630.jpg,0.18507149815559387
/home/jnapolitano/Documents/metrique/dataset/coco_5000/02631.jpg,0.19747434556484222
/home/jnapolitano/Documents/metrique/dataset/coco_5000/02633.jpg,0.188134104013443
/home/jnapolitano/Documents/metrique/dataset/coco_5000/02634.jpg,0.18326836824417114
/home/jnapolitano/Documents/metrique/dataset/coco_5000/02637.jpg,0.19702038168907166
/home/jnapolitano/Documents/metrique/dataset/coco_5000/02638.jpg,0.17978385090827942
/home/jnapolitano/Documents/metrique/dataset/coco_5000/02640.jpg,0.1879260390996933
/home/jnapolitano/Documents/metrique/dataset/coco_5000/02641.jpg,0.19727204740047455
/home/jnapolitano/Documents/metrique/dataset/coco_5000/02642.jpg,0.19251877069473267
/home/jnapolitano/Documents/metrique/dataset/coco_5000/02644.jpg,0.1987369805574417
/home/jnapolitano/Documents/metrique/dataset/coco_5000/02645.jpg,0.1891087144613266
/home/jnapolitano/Documents/metrique/dataset/coco_5000/02648.jpg,0.19271254539489746
/home/jnapolitano/Documents/metrique/dataset/coco_5000/02652.jpg,0.197129487991333
/home/jnapolitano/Documents/metrique/dataset/coco_5000/02654.jpg,0.18743130564689636
/home/jnapolitano/Documents/metrique/dataset/coco_5000/02655.jpg,0.19340449571609497
/home/jnapolitano/Documents/metrique/dataset/coco_5000/02658.jpg,0.189479261636734
/home/jnapolitano/Documents/metrique/dataset/coco_5000/02659.jpg,0.1876838058233261
/home/jnapolitano/Documents/metrique/dataset/coco_5000/02660.jpg,0.19018515944480896
/home/jnapolitano/Documents/metrique/dataset/coco_5000/02661.jpg,0.18573212623596191
/home/jnapolitano/Documents/metrique/dataset/coco_5000/02662.jpg,0.1806325763463974
/home/jnapolitano/Documents/metrique/dataset/coco_5000/02663.jpg,0.1880662441253662
/home/jnapolitano/Documents/metrique/dataset/coco_5000/02670.jpg,0.19093066453933716
/home/jnapolitano/Documents/metrique/dataset/coco_5000/02672.jpg,0.1958099901676178
/home/jnapolitano/Documents/metrique/dataset/coco_5000/02676.jpg,0.18906593322753906
/home/jnapolitano/Documents/metrique/dataset/coco_5000/02677.jpg,0.1916322261095047
/home/jnapolitano/Documents/metrique/dataset/coco_5000/02678.jpg,0.18230563402175903
/home/jnapolitano/Documents/metrique/dataset/coco_5000/02681.jpg,0.1833156794309616
/home/jnapolitano/Documents/metrique/dataset/coco_5000/02682.jpg,0.19668099284172058
/home/jnapolitano/Documents/metrique/dataset/coco_5000/02683.jpg,0.1881009042263031
/home/jnapolitano/Documents/metrique/dataset/coco_5000/02684.jpg,0.19162508845329285
/home/jnapolitano/Documents/metrique/dataset/coco_5000/02685.jpg,0.1884123682975769
/home/jnapolitano/Documents/metrique/dataset/coco_5000/02686.jpg,0.18552321195602417
/home/jnapolitano/Documents/metrique/dataset/coco_5000/02687.jpg,0.1906171590089798
/home/jnapolitano/Documents/metrique/dataset/coco_5000/02688.jpg,0.1872003972530365
/home/jnapolitano/Documents/metrique/dataset/coco_5000/02689.jpg,0.1828577220439911
/home/jnapolitano/Documents/metrique/dataset/coco_5000/02691.jpg,0.1870291531085968
/home/jnapolitano/Documents/metrique/dataset/coco_5000/02692.jpg,0.1809229701757431
/home/jnapolitano/Documents/metrique/dataset/coco_5000/02694.jpg,0.19492268562316895
/home/jnapolitano/Documents/metrique/dataset/coco_5000/02697.jpg,0.1900106519460678
/home/jnapolitano/Documents/metrique/dataset/coco_5000/02698.jpg,0.19087351858615875
/home/jnapolitano/Documents/metrique/dataset/coco_5000/02699.jpg,0.19004076719284058
/home/jnapolitano/Documents/metrique/dataset/coco_5000/02700.jpg,0.1846100389957428
/home/jnapolitano/Documents/metrique/dataset/coco_5000/02701.jpg,0.19183120131492615
/home/jnapolitano/Documents/metrique/dataset/coco_5000/02703.jpg,0.19254052639007568
/home/jnapolitano/Documents/metrique/dataset/coco_5000/02708.jpg,0.18105846643447876
/home/jnapolitano/Documents/metrique/dataset/coco_5000/02709.jpg,0.1833983063697815
/home/jnapolitano/Documents/metrique/dataset/coco_5000/02711.jpg,0.18513616919517517
/home/jnapolitano/Documents/metrique/dataset/coco_5000/02718.jpg,0.19579362869262695
/home/jnapolitano/Documents/metrique/dataset/coco_5000/02720.jpg,0.1944120228290558
/home/jnapolitano/Documents/metrique/dataset/coco_5000/02722.jpg,0.18392780423164368
/home/jnapolitano/Documents/metrique/dataset/coco_5000/02723.jpg,0.19164977967739105
/home/jnapolitano/Documents/metrique/dataset/coco_5000/02724.jpg,0.1916552484035492
/home/jnapolitano/Documents/metrique/dataset/coco_5000/02726.jpg,0.18900415301322937
/home/jnapolitano/Documents/metrique/dataset/coco_5000/02730.jpg,0.19317588210105896
/home/jnapolitano/Documents/metrique/dataset/coco_5000/02732.jpg,0.18434786796569824
/home/jnapolitano/Documents/metrique/dataset/coco_5000/02733.jpg,0.18998122215270996
/home/jnapolitano/Documents/metrique/dataset/coco_5000/02734.jpg,0.17450499534606934
/home/jnapolitano/Documents/metrique/dataset/coco_5000/02735.jpg,0.1957331895828247
/home/jnapolitano/Documents/metrique/dataset/coco_5000/02739.jpg,0.1855689287185669
/home/jnapolitano/Documents/metrique/dataset/coco_5000/02741.jpg,0.19179151952266693
/home/jnapolitano/Documents/metrique/dataset/coco_5000/02743.jpg,0.1954195201396942
/home/jnapolitano/Documents/metrique/dataset/coco_5000/02745.jpg,0.18654656410217285
/home/jnapolitano/Documents/metrique/dataset/coco_5000/02747.jpg,0.19255825877189636
/home/jnapolitano/Documents/metrique/dataset/coco_5000/02748.jpg,0.18912279605865479
/home/jnapolitano/Documents/metrique/dataset/coco_5000/02749.jpg,0.1892985999584198
/home/jnapolitano/Documents/metrique/dataset/coco_5000/02750.jpg,0.19419679045677185
/home/jnapolitano/Documents/metrique/dataset/coco_5000/02752.jpg,0.1836020052433014
/home/jnapolitano/Documents/metrique/dataset/coco_5000/02753.jpg,0.1804346740245819
/home/jnapolitano/Documents/metrique/dataset/coco_5000/02754.jpg,0.19288434088230133
/home/jnapolitano/Documents/metrique/dataset/coco_5000/02756.jpg,0.18445855379104614
/home/jnapolitano/Documents/metrique/dataset/coco_5000/02757.jpg,0.18973395228385925
/home/jnapolitano/Documents/metrique/dataset/coco_5000/02758.jpg,0.18869687616825104
/home/jnapolitano/Documents/metrique/dataset/coco_5000/02759.jpg,0.19309617578983307
/home/jnapolitano/Documents/metrique/dataset/coco_5000/02760.jpg,0.189035102725029
/home/jnapolitano/Documents/metrique/dataset/coco_5000/02761.jpg,0.18857741355895996
/home/jnapolitano/Documents/metrique/dataset/coco_5000/02765.jpg,0.18729525804519653
/home/jnapolitano/Documents/metrique/dataset/coco_5000/02766.jpg,0.19116544723510742
/home/jnapolitano/Documents/metrique/dataset/coco_5000/02767.jpg,0.18477511405944824
/home/jnapolitano/Documents/metrique/dataset/coco_5000/02768.jpg,0.1952742636203766
/home/jnapolitano/Documents/metrique/dataset/coco_5000/02770.jpg,0.18929244577884674
/home/jnapolitano/Documents/metrique/dataset/coco_5000/02774.jpg,0.1889735609292984
/home/jnapolitano/Documents/metrique/dataset/coco_5000/02778.jpg,0.17600375413894653
/home/jnapolitano/Documents/metrique/dataset/coco_5000/02779.jpg,0.18905037641525269
/home/jnapolitano/Documents/metrique/dataset/coco_5000/02781.jpg,0.1897958219051361
/home/jnapolitano/Documents/metrique/dataset/coco_5000/02782.jpg,0.18363352119922638
/home/jnapolitano/Documents/metrique/dataset/coco_5000/02784.jpg,0.19342276453971863
/home/jnapolitano/Documents/metrique/dataset/coco_5000/02785.jpg,0.19234424829483032
/home/jnapolitano/Documents/metrique/dataset/coco_5000/02786.jpg,0.1932040899991989
/home/jnapolitano/Documents/metrique/dataset/coco_5000/02790.jpg,0.18627692759037018
/home/jnapolitano/Documents/metrique/dataset/coco_5000/02791.jpg,0.19828194379806519
/home/jnapolitano/Documents/metrique/dataset/coco_5000/02793.jpg,0.18245956301689148
/home/jnapolitano/Documents/metrique/dataset/coco_5000/02794.jpg,0.17324738204479218
/home/jnapolitano/Documents/metrique/dataset/coco_5000/02795.jpg,0.18988314270973206
/home/jnapolitano/Documents/metrique/dataset/coco_5000/02796.jpg,0.19724133610725403
/home/jnapolitano/Documents/metrique/dataset/coco_5000/02800.jpg,0.19116170704364777
/home/jnapolitano/Documents/metrique/dataset/coco_5000/02801.jpg,0.192204087972641
/home/jnapolitano/Documents/metrique/dataset/coco_5000/02802.jpg,0.18306413292884827
/home/jnapolitano/Documents/metrique/dataset/coco_5000/02803.jpg,0.19087639451026917
/home/jnapolitano/Documents/metrique/dataset/coco_5000/02806.jpg,0.1832696795463562
/home/jnapolitano/Documents/metrique/dataset/coco_5000/02809.jpg,0.18722224235534668
/home/jnapolitano/Documents/metrique/dataset/coco_5000/02813.jpg,0.1836605966091156
/home/jnapolitano/Documents/metrique/dataset/coco_5000/02814.jpg,0.19036762416362762
/home/jnapolitano/Documents/metrique/dataset/coco_5000/02817.jpg,0.18801414966583252
/home/jnapolitano/Documents/metrique/dataset/coco_5000/02819.jpg,0.18823456764221191
/home/jnapolitano/Documents/metrique/dataset/coco_5000/02820.jpg,0.18685120344161987
/home/jnapolitano/Documents/metrique/dataset/coco_5000/02821.jpg,0.2031899094581604
/home/jnapolitano/Documents/metrique/dataset/coco_5000/02822.jpg,0.18449753522872925
/home/jnapolitano/Documents/metrique/dataset/coco_5000/02824.jpg,0.18529082834720612
/home/jnapolitano/Documents/metrique/dataset/coco_5000/02827.jpg,0.1925903558731079
/home/jnapolitano/Documents/metrique/dataset/coco_5000/02828.jpg,0.18694151937961578
/home/jnapolitano/Documents/metrique/dataset/coco_5000/02830.jpg,0.19329650700092316
/home/jnapolitano/Documents/metrique/dataset/coco_5000/02834.jpg,0.19610849022865295
/home/jnapolitano/Documents/metrique/dataset/coco_5000/02835.jpg,0.18962964415550232
/home/jnapolitano/Documents/metrique/dataset/coco_5000/02836.jpg,0.19275569915771484
/home/jnapolitano/Documents/metrique/dataset/coco_5000/02837.jpg,0.19603295624256134
/home/jnapolitano/Documents/metrique/dataset/coco_5000/02838.jpg,0.18758182227611542
/home/jnapolitano/Documents/metrique/dataset/coco_5000/02839.jpg,0.18633465468883514
/home/jnapolitano/Documents/metrique/dataset/coco_5000/02844.jpg,0.20243331789970398
/home/jnapolitano/Documents/metrique/dataset/coco_5000/02845.jpg,0.19860894978046417
/home/jnapolitano/Documents/metrique/dataset/coco_5000/02848.jpg,0.19388079643249512
/home/jnapolitano/Documents/metrique/dataset/coco_5000/02849.jpg,0.1900726854801178
/home/jnapolitano/Documents/metrique/dataset/coco_5000/02850.jpg,0.1912008821964264
/home/jnapolitano/Documents/metrique/dataset/coco_5000/02851.jpg,0.19149306416511536
/home/jnapolitano/Documents/metrique/dataset/coco_5000/02852.jpg,0.1793055683374405
/home/jnapolitano/Documents/metrique/dataset/coco_5000/02854.jpg,0.18638497591018677
/home/jnapolitano/Documents/metrique/dataset/coco_5000/02855.jpg,0.18374529480934143
/home/jnapolitano/Documents/metrique/dataset/coco_5000/02856.jpg,0.19090527296066284
/home/jnapolitano/Documents/metrique/dataset/coco_5000/02859.jpg,0.17807382345199585
/home/jnapolitano/Documents/metrique/dataset/coco_5000/02860.jpg,0.18555948138237
/home/jnapolitano/Documents/metrique/dataset/coco_5000/02862.jpg,0.19189020991325378
/home/jnapolitano/Documents/metrique/dataset/coco_5000/02863.jpg,0.19406774640083313
/home/jnapolitano/Documents/metrique/dataset/coco_5000/02864.jpg,0.19152161478996277
/home/jnapolitano/Documents/metrique/dataset/coco_5000/02865.jpg,0.1930396407842636
/home/jnapolitano/Documents/metrique/dataset/coco_5000/02868.jpg,0.19227318465709686
/home/jnapolitano/Documents/metrique/dataset/coco_5000/02870.jpg,0.19315186142921448
/home/jnapolitano/Documents/metrique/dataset/coco_5000/02872.jpg,0.19463609158992767
/home/jnapolitano/Documents/metrique/dataset/coco_5000/02873.jpg,0.20267769694328308
/home/jnapolitano/Documents/metrique/dataset/coco_5000/02874.jpg,0.18745924532413483
/home/jnapolitano/Documents/metrique/dataset/coco_5000/02877.jpg,0.19041791558265686
/home/jnapolitano/Documents/metrique/dataset/coco_5000/02880.jpg,0.1806439459323883
/home/jnapolitano/Documents/metrique/dataset/coco_5000/02881.jpg,0.19411934912204742
/home/jnapolitano/Documents/metrique/dataset/coco_5000/02884.jpg,0.19023072719573975
/home/jnapolitano/Documents/metrique/dataset/coco_5000/02886.jpg,0.18924853205680847
/home/jnapolitano/Documents/metrique/dataset/coco_5000/02889.jpg,0.19573357701301575
/home/jnapolitano/Documents/metrique/dataset/coco_5000/02891.jpg,0.1938404142856598
/home/jnapolitano/Documents/metrique/dataset/coco_5000/02892.jpg,0.17769278585910797
/home/jnapolitano/Documents/metrique/dataset/coco_5000/02895.jpg,0.18838146328926086
/home/jnapolitano/Documents/metrique/dataset/coco_5000/02896.jpg,0.18741679191589355
/home/jnapolitano/Documents/metrique/dataset/coco_5000/02897.jpg,0.18650273978710175
/home/jnapolitano/Documents/metrique/dataset/coco_5000/02900.jpg,0.19300369918346405
/home/jnapolitano/Documents/metrique/dataset/coco_5000/02902.jpg,0.1938014030456543
/home/jnapolitano/Documents/metrique/dataset/coco_5000/02905.jpg,0.18674373626708984
/home/jnapolitano/Documents/metrique/dataset/coco_5000/02906.jpg,0.1933169811964035
/home/jnapolitano/Documents/metrique/dataset/coco_5000/02907.jpg,0.19535942375659943
/home/jnapolitano/Documents/metrique/dataset/coco_5000/02912.jpg,0.19319464266300201
/home/jnapolitano/Documents/metrique/dataset/coco_5000/02913.jpg,0.18994154036045074
/home/jnapolitano/Documents/metrique/dataset/coco_5000/02915.jpg,0.18513065576553345
/home/jnapolitano/Documents/metrique/dataset/coco_5000/02916.jpg,0.19809278845787048
/home/jnapolitano/Documents/metrique/dataset/coco_5000/02917.jpg,0.18836422264575958
/home/jnapolitano/Documents/metrique/dataset/coco_5000/02918.jpg,0.1811426728963852
/home/jnapolitano/Documents/metrique/dataset/coco_5000/02919.jpg,0.19267788529396057
/home/jnapolitano/Documents/metrique/dataset/coco_5000/02920.jpg,0.18340598046779633
/home/jnapolitano/Documents/metrique/dataset/coco_5000/02923.jpg,0.1895158439874649
/home/jnapolitano/Documents/metrique/dataset/coco_5000/02924.jpg,0.18313166499137878
/home/jnapolitano/Documents/metrique/dataset/coco_5000/02925.jpg,0.19988566637039185
/home/jnapolitano/Documents/metrique/dataset/coco_5000/02926.jpg,0.19485369324684143
/home/jnapolitano/Documents/metrique/dataset/coco_5000/02927.jpg,0.19211754202842712
/home/jnapolitano/Documents/metrique/dataset/coco_5000/02928.jpg,0.1934800148010254
/home/jnapolitano/Documents/metrique/dataset/coco_5000/02929.jpg,0.1867065727710724
/home/jnapolitano/Documents/metrique/dataset/coco_5000/02932.jpg,0.1897737979888916
/home/jnapolitano/Documents/metrique/dataset/coco_5000/02933.jpg,0.1979219764471054
/home/jnapolitano/Documents/metrique/dataset/coco_5000/02935.jpg,0.18420980870723724
/home/jnapolitano/Documents/metrique/dataset/coco_5000/02936.jpg,0.19301415979862213
/home/jnapolitano/Documents/metrique/dataset/coco_5000/02939.jpg,0.19144752621650696
/home/jnapolitano/Documents/metrique/dataset/coco_5000/02941.jpg,0.18808101117610931
/home/jnapolitano/Documents/metrique/dataset/coco_5000/02943.jpg,0.19275251030921936
/home/jnapolitano/Documents/metrique/dataset/coco_5000/02944.jpg,0.19366011023521423
/home/jnapolitano/Documents/metrique/dataset/coco_5000/02945.jpg,0.19263574481010437
/home/jnapolitano/Documents/metrique/dataset/coco_5000/02946.jpg,0.19061784446239471
/home/jnapolitano/Documents/metrique/dataset/coco_5000/02947.jpg,0.19159214198589325
/home/jnapolitano/Documents/metrique/dataset/coco_5000/02948.jpg,0.1965770274400711
/home/jnapolitano/Documents/metrique/dataset/coco_5000/02949.jpg,0.18104253709316254
/home/jnapolitano/Documents/metrique/dataset/coco_5000/02950.jpg,0.18204446136951447
/home/jnapolitano/Documents/metrique/dataset/coco_5000/02951.jpg,0.18697649240493774
/home/jnapolitano/Documents/metrique/dataset/coco_5000/02952.jpg,0.18469023704528809
/home/jnapolitano/Documents/metrique/dataset/coco_5000/02953.jpg,0.19312497973442078
/home/jnapolitano/Documents/metrique/dataset/coco_5000/02954.jpg,0.19696921110153198
/home/jnapolitano/Documents/metrique/dataset/coco_5000/02955.jpg,0.1928926557302475
/home/jnapolitano/Documents/metrique/dataset/coco_5000/02958.jpg,0.18225018680095673
/home/jnapolitano/Documents/metrique/dataset/coco_5000/02959.jpg,0.1807371824979782
/home/jnapolitano/Documents/metrique/dataset/coco_5000/02960.jpg,0.18769533932209015
/home/jnapolitano/Documents/metrique/dataset/coco_5000/02966.jpg,0.18307852745056152
/home/jnapolitano/Documents/metrique/dataset/coco_5000/02968.jpg,0.18456391990184784
/home/jnapolitano/Documents/metrique/dataset/coco_5000/02969.jpg,0.18165548145771027
/home/jnapolitano/Documents/metrique/dataset/coco_5000/02970.jpg,0.18422050774097443
/home/jnapolitano/Documents/metrique/dataset/coco_5000/02972.jpg,0.17684535682201385
/home/jnapolitano/Documents/metrique/dataset/coco_5000/02973.jpg,0.1867677867412567
/home/jnapolitano/Documents/metrique/dataset/coco_5000/02975.jpg,0.18498525023460388
/home/jnapolitano/Documents/metrique/dataset/coco_5000/02976.jpg,0.17956610023975372
/home/jnapolitano/Documents/metrique/dataset/coco_5000/02977.jpg,0.19039486348628998
/home/jnapolitano/Documents/metrique/dataset/coco_5000/02979.jpg,0.19169995188713074
/home/jnapolitano/Documents/metrique/dataset/coco_5000/02980.jpg,0.1884063482284546
/home/jnapolitano/Documents/metrique/dataset/coco_5000/02981.jpg,0.18887999653816223
/home/jnapolitano/Documents/metrique/dataset/coco_5000/02982.jpg,0.18413355946540833
/home/jnapolitano/Documents/metrique/dataset/coco_5000/02983.jpg,0.18570011854171753
/home/jnapolitano/Documents/metrique/dataset/coco_5000/02986.jpg,0.19330987334251404
/home/jnapolitano/Documents/metrique/dataset/coco_5000/02987.jpg,0.18324074149131775
/home/jnapolitano/Documents/metrique/dataset/coco_5000/02989.jpg,0.1852794587612152
/home/jnapolitano/Documents/metrique/dataset/coco_5000/02991.jpg,0.19385316967964172
/home/jnapolitano/Documents/metrique/dataset/coco_5000/02994.jpg,0.17833897471427917
/home/jnapolitano/Documents/metrique/dataset/coco_5000/02995.jpg,0.18200623989105225
/home/jnapolitano/Documents/metrique/dataset/coco_5000/02996.jpg,0.18254978954792023
/home/jnapolitano/Documents/metrique/dataset/coco_5000/03000.jpg,0.18719354271888733
/home/jnapolitano/Documents/metrique/dataset/coco_5000/03001.jpg,0.19436809420585632
/home/jnapolitano/Documents/metrique/dataset/coco_5000/03002.jpg,0.19247296452522278
/home/jnapolitano/Documents/metrique/dataset/coco_5000/03003.jpg,0.18125854432582855
/home/jnapolitano/Documents/metrique/dataset/coco_5000/03004.jpg,0.1852831244468689
/home/jnapolitano/Documents/metrique/dataset/coco_5000/03005.jpg,0.1897060126066208
/home/jnapolitano/Documents/metrique/dataset/coco_5000/03006.jpg,0.19039207696914673
/home/jnapolitano/Documents/metrique/dataset/coco_5000/03007.jpg,0.19516927003860474
/home/jnapolitano/Documents/metrique/dataset/coco_5000/03008.jpg,0.19171248376369476
/home/jnapolitano/Documents/metrique/dataset/coco_5000/03011.jpg,0.1960054636001587
/home/jnapolitano/Documents/metrique/dataset/coco_5000/03012.jpg,0.1923190802335739
/home/jnapolitano/Documents/metrique/dataset/coco_5000/03013.jpg,0.19042924046516418
/home/jnapolitano/Documents/metrique/dataset/coco_5000/03014.jpg,0.1859118938446045
/home/jnapolitano/Documents/metrique/dataset/coco_5000/03016.jpg,0.18649494647979736
/home/jnapolitano/Documents/metrique/dataset/coco_5000/03017.jpg,0.18669486045837402
/home/jnapolitano/Documents/metrique/dataset/coco_5000/03018.jpg,0.1886816769838333
/home/jnapolitano/Documents/metrique/dataset/coco_5000/03019.jpg,0.19338582456111908
/home/jnapolitano/Documents/metrique/dataset/coco_5000/03024.jpg,0.184806227684021
/home/jnapolitano/Documents/metrique/dataset/coco_5000/03025.jpg,0.19107261300086975
/home/jnapolitano/Documents/metrique/dataset/coco_5000/03029.jpg,0.17649251222610474
/home/jnapolitano/Documents/metrique/dataset/coco_5000/03031.jpg,0.18874642252922058
/home/jnapolitano/Documents/metrique/dataset/coco_5000/03032.jpg,0.18584489822387695
/home/jnapolitano/Documents/metrique/dataset/coco_5000/03035.jpg,0.1786409318447113
/home/jnapolitano/Documents/metrique/dataset/coco_5000/03036.jpg,0.1995152235031128
/home/jnapolitano/Documents/metrique/dataset/coco_5000/03037.jpg,0.18599246442317963
/home/jnapolitano/Documents/metrique/dataset/coco_5000/03038.jpg,0.1887892186641693
/home/jnapolitano/Documents/metrique/dataset/coco_5000/03039.jpg,0.1891084909439087
/home/jnapolitano/Documents/metrique/dataset/coco_5000/03040.jpg,0.18934711813926697
/home/jnapolitano/Documents/metrique/dataset/coco_5000/03042.jpg,0.18738117814064026
/home/jnapolitano/Documents/metrique/dataset/coco_5000/03045.jpg,0.18870799243450165
/home/jnapolitano/Documents/metrique/dataset/coco_5000/03047.jpg,0.1858503669500351
/home/jnapolitano/Documents/metrique/dataset/coco_5000/03048.jpg,0.18790102005004883
/home/jnapolitano/Documents/metrique/dataset/coco_5000/03049.jpg,0.17509567737579346
/home/jnapolitano/Documents/metrique/dataset/coco_5000/03050.jpg,0.18971920013427734
/home/jnapolitano/Documents/metrique/dataset/coco_5000/03051.jpg,0.19040551781654358
/home/jnapolitano/Documents/metrique/dataset/coco_5000/03052.jpg,0.18616387248039246
/home/jnapolitano/Documents/metrique/dataset/coco_5000/03053.jpg,0.18512189388275146
/home/jnapolitano/Documents/metrique/dataset/coco_5000/03055.jpg,0.18463961780071259
/home/jnapolitano/Documents/metrique/dataset/coco_5000/03056.jpg,0.18217891454696655
/home/jnapolitano/Documents/metrique/dataset/coco_5000/03057.jpg,0.17728979885578156
/home/jnapolitano/Documents/metrique/dataset/coco_5000/03058.jpg,0.19915246963500977
/home/jnapolitano/Documents/metrique/dataset/coco_5000/03059.jpg,0.1953965425491333
/home/jnapolitano/Documents/metrique/dataset/coco_5000/03061.jpg,0.18787133693695068
/home/jnapolitano/Documents/metrique/dataset/coco_5000/03066.jpg,0.19423361122608185
/home/jnapolitano/Documents/metrique/dataset/coco_5000/03067.jpg,0.18971917033195496
/home/jnapolitano/Documents/metrique/dataset/coco_5000/03068.jpg,0.1978401392698288
/home/jnapolitano/Documents/metrique/dataset/coco_5000/03069.jpg,0.18517965078353882
/home/jnapolitano/Documents/metrique/dataset/coco_5000/03070.jpg,0.18907546997070312
/home/jnapolitano/Documents/metrique/dataset/coco_5000/03072.jpg,0.17722444236278534
/home/jnapolitano/Documents/metrique/dataset/coco_5000/03075.jpg,0.1808490753173828
/home/jnapolitano/Documents/metrique/dataset/coco_5000/03079.jpg,0.195532888174057
/home/jnapolitano/Documents/metrique/dataset/coco_5000/03080.jpg,0.19070273637771606
/home/jnapolitano/Documents/metrique/dataset/coco_5000/03081.jpg,0.19385778903961182
/home/jnapolitano/Documents/metrique/dataset/coco_5000/03086.jpg,0.18450826406478882
/home/jnapolitano/Documents/metrique/dataset/coco_5000/03087.jpg,0.19177669286727905
/home/jnapolitano/Documents/metrique/dataset/coco_5000/03090.jpg,0.19448639452457428
/home/jnapolitano/Documents/metrique/dataset/coco_5000/03091.jpg,0.19263555109500885
/home/jnapolitano/Documents/metrique/dataset/coco_5000/03092.jpg,0.1948055922985077
/home/jnapolitano/Documents/metrique/dataset/coco_5000/03093.jpg,0.19220170378684998
/home/jnapolitano/Documents/metrique/dataset/coco_5000/03095.jpg,0.1948624551296234
/home/jnapolitano/Documents/metrique/dataset/coco_5000/03096.jpg,0.19139152765274048
/home/jnapolitano/Documents/metrique/dataset/coco_5000/03098.jpg,0.18551389873027802
/home/jnapolitano/Documents/metrique/dataset/coco_5000/03100.jpg,0.19447487592697144
/home/jnapolitano/Documents/metrique/dataset/coco_5000/03103.jpg,0.1738436222076416
/home/jnapolitano/Documents/metrique/dataset/coco_5000/03104.jpg,0.1921793520450592
/home/jnapolitano/Documents/metrique/dataset/coco_5000/03106.jpg,0.18505822122097015
/home/jnapolitano/Documents/metrique/dataset/coco_5000/03108.jpg,0.19135716557502747
/home/jnapolitano/Documents/metrique/dataset/coco_5000/03109.jpg,0.18486395478248596
/home/jnapolitano/Documents/metrique/dataset/coco_5000/03110.jpg,0.19018252193927765
/home/jnapolitano/Documents/metrique/dataset/coco_5000/03111.jpg,0.1902749240398407
/home/jnapolitano/Documents/metrique/dataset/coco_5000/03113.jpg,0.19363319873809814
/home/jnapolitano/Documents/metrique/dataset/coco_5000/03114.jpg,0.19606520235538483
/home/jnapolitano/Documents/metrique/dataset/coco_5000/03115.jpg,0.18231478333473206
/home/jnapolitano/Documents/metrique/dataset/coco_5000/03116.jpg,0.190102219581604
/home/jnapolitano/Documents/metrique/dataset/coco_5000/03119.jpg,0.19190075993537903
/home/jnapolitano/Documents/metrique/dataset/coco_5000/03120.jpg,0.1894303411245346
/home/jnapolitano/Documents/metrique/dataset/coco_5000/03121.jpg,0.17956066131591797
/home/jnapolitano/Documents/metrique/dataset/coco_5000/03123.jpg,0.18192946910858154
/home/jnapolitano/Documents/metrique/dataset/coco_5000/03125.jpg,0.19551366567611694
/home/jnapolitano/Documents/metrique/dataset/coco_5000/03126.jpg,0.182830810546875
/home/jnapolitano/Documents/metrique/dataset/coco_5000/03128.jpg,0.1799488067626953
/home/jnapolitano/Documents/metrique/dataset/coco_5000/03129.jpg,0.1890936940908432
/home/jnapolitano/Documents/metrique/dataset/coco_5000/03131.jpg,0.19008561968803406
/home/jnapolitano/Documents/metrique/dataset/coco_5000/03132.jpg,0.18189796805381775
/home/jnapolitano/Documents/metrique/dataset/coco_5000/03134.jpg,0.16960228979587555
/home/jnapolitano/Documents/metrique/dataset/coco_5000/03135.jpg,0.1863763928413391
/home/jnapolitano/Documents/metrique/dataset/coco_5000/03137.jpg,0.18965423107147217
/home/jnapolitano/Documents/metrique/dataset/coco_5000/03139.jpg,0.19626325368881226
/home/jnapolitano/Documents/metrique/dataset/coco_5000/03141.jpg,0.19062677025794983
/home/jnapolitano/Documents/metrique/dataset/coco_5000/03142.jpg,0.18366888165473938
/home/jnapolitano/Documents/metrique/dataset/coco_5000/03143.jpg,0.1856728494167328
/home/jnapolitano/Documents/metrique/dataset/coco_5000/03145.jpg,0.18504542112350464
/home/jnapolitano/Documents/metrique/dataset/coco_5000/03146.jpg,0.194242924451828
/home/jnapolitano/Documents/metrique/dataset/coco_5000/03148.jpg,0.1861726939678192
/home/jnapolitano/Documents/metrique/dataset/coco_5000/03151.jpg,0.17810553312301636
/home/jnapolitano/Documents/metrique/dataset/coco_5000/03152.jpg,0.19378896057605743
/home/jnapolitano/Documents/metrique/dataset/coco_5000/03153.jpg,0.19555239379405975
/home/jnapolitano/Documents/metrique/dataset/coco_5000/03154.jpg,0.1948750615119934
/home/jnapolitano/Documents/metrique/dataset/coco_5000/03155.jpg,0.18302837014198303
/home/jnapolitano/Documents/metrique/dataset/coco_5000/03157.jpg,0.19001504778862
/home/jnapolitano/Documents/metrique/dataset/coco_5000/03161.jpg,0.19170726835727692
/home/jnapolitano/Documents/metrique/dataset/coco_5000/03162.jpg,0.1936052143573761
/home/jnapolitano/Documents/metrique/dataset/coco_5000/03163.jpg,0.1862742155790329
/home/jnapolitano/Documents/metrique/dataset/coco_5000/03165.jpg,0.1912863552570343
/home/jnapolitano/Documents/metrique/dataset/coco_5000/03167.jpg,0.194400817155838
/home/jnapolitano/Documents/metrique/dataset/coco_5000/03168.jpg,0.20031529664993286
/home/jnapolitano/Documents/metrique/dataset/coco_5000/03169.jpg,0.1906985640525818
/home/jnapolitano/Documents/metrique/dataset/coco_5000/03170.jpg,0.19078364968299866
/home/jnapolitano/Documents/metrique/dataset/coco_5000/03171.jpg,0.1948796510696411
/home/jnapolitano/Documents/metrique/dataset/coco_5000/03172.jpg,0.19334103167057037
/home/jnapolitano/Documents/metrique/dataset/coco_5000/03175.jpg,0.1901024878025055
/home/jnapolitano/Documents/metrique/dataset/coco_5000/03176.jpg,0.19349317252635956
/home/jnapolitano/Documents/metrique/dataset/coco_5000/03178.jpg,0.1985611468553543
/home/jnapolitano/Documents/metrique/dataset/coco_5000/03179.jpg,0.17766240239143372
/home/jnapolitano/Documents/metrique/dataset/coco_5000/03180.jpg,0.1916702389717102
/home/jnapolitano/Documents/metrique/dataset/coco_5000/03183.jpg,0.19730205833911896
/home/jnapolitano/Documents/metrique/dataset/coco_5000/03184.jpg,0.19246076047420502
/home/jnapolitano/Documents/metrique/dataset/coco_5000/03186.jpg,0.19072869420051575
/home/jnapolitano/Documents/metrique/dataset/coco_5000/03187.jpg,0.18902181088924408
/home/jnapolitano/Documents/metrique/dataset/coco_5000/03188.jpg,0.19220905005931854
/home/jnapolitano/Documents/metrique/dataset/coco_5000/03189.jpg,0.19431979954242706
/home/jnapolitano/Documents/metrique/dataset/coco_5000/03191.jpg,0.19643335044384003
/home/jnapolitano/Documents/metrique/dataset/coco_5000/03193.jpg,0.1893065869808197
/home/jnapolitano/Documents/metrique/dataset/coco_5000/03195.jpg,0.19274553656578064
/home/jnapolitano/Documents/metrique/dataset/coco_5000/03196.jpg,0.1851716935634613
/home/jnapolitano/Documents/metrique/dataset/coco_5000/03197.jpg,0.19067440927028656
/home/jnapolitano/Documents/metrique/dataset/coco_5000/03199.jpg,0.18839764595031738
/home/jnapolitano/Documents/metrique/dataset/coco_5000/03201.jpg,0.19352832436561584
/home/jnapolitano/Documents/metrique/dataset/coco_5000/03202.jpg,0.18647432327270508
/home/jnapolitano/Documents/metrique/dataset/coco_5000/03203.jpg,0.1855233907699585
/home/jnapolitano/Documents/metrique/dataset/coco_5000/03204.jpg,0.1920931041240692
/home/jnapolitano/Documents/metrique/dataset/coco_5000/03206.jpg,0.19192904233932495
/home/jnapolitano/Documents/metrique/dataset/coco_5000/03208.jpg,0.1878904402256012
/home/jnapolitano/Documents/metrique/dataset/coco_5000/03209.jpg,0.18346892297267914
/home/jnapolitano/Documents/metrique/dataset/coco_5000/03215.jpg,0.19194379448890686
/home/jnapolitano/Documents/metrique/dataset/coco_5000/03216.jpg,0.1939934939146042
/home/jnapolitano/Documents/metrique/dataset/coco_5000/03217.jpg,0.19848491251468658
/home/jnapolitano/Documents/metrique/dataset/coco_5000/03218.jpg,0.19100132584571838
/home/jnapolitano/Documents/metrique/dataset/coco_5000/03219.jpg,0.18889844417572021
/home/jnapolitano/Documents/metrique/dataset/coco_5000/03220.jpg,0.19281738996505737
/home/jnapolitano/Documents/metrique/dataset/coco_5000/03224.jpg,0.19296571612358093
/home/jnapolitano/Documents/metrique/dataset/coco_5000/03225.jpg,0.18565456569194794
/home/jnapolitano/Documents/metrique/dataset/coco_5000/03226.jpg,0.19291439652442932
/home/jnapolitano/Documents/metrique/dataset/coco_5000/03228.jpg,0.18243227899074554
/home/jnapolitano/Documents/metrique/dataset/coco_5000/03229.jpg,0.19970130920410156
/home/jnapolitano/Documents/metrique/dataset/coco_5000/03230.jpg,0.19612520933151245
/home/jnapolitano/Documents/metrique/dataset/coco_5000/03231.jpg,0.1947374790906906
/home/jnapolitano/Documents/metrique/dataset/coco_5000/03232.jpg,0.18851691484451294
/home/jnapolitano/Documents/metrique/dataset/coco_5000/03233.jpg,0.19824378192424774
/home/jnapolitano/Documents/metrique/dataset/coco_5000/03236.jpg,0.18956077098846436
/home/jnapolitano/Documents/metrique/dataset/coco_5000/03238.jpg,0.18629500269889832
/home/jnapolitano/Documents/metrique/dataset/coco_5000/03239.jpg,0.19454143941402435
/home/jnapolitano/Documents/metrique/dataset/coco_5000/03240.jpg,0.18474933505058289
/home/jnapolitano/Documents/metrique/dataset/coco_5000/03243.jpg,0.18810036778450012
/home/jnapolitano/Documents/metrique/dataset/coco_5000/03244.jpg,0.19019261002540588
/home/jnapolitano/Documents/metrique/dataset/coco_5000/03245.jpg,0.18844333291053772
/home/jnapolitano/Documents/metrique/dataset/coco_5000/03246.jpg,0.18397949635982513
/home/jnapolitano/Documents/metrique/dataset/coco_5000/03248.jpg,0.19037584960460663
/home/jnapolitano/Documents/metrique/dataset/coco_5000/03249.jpg,0.19346800446510315
/home/jnapolitano/Documents/metrique/dataset/coco_5000/03250.jpg,0.18704694509506226
/home/jnapolitano/Documents/metrique/dataset/coco_5000/03251.jpg,0.18314436078071594
/home/jnapolitano/Documents/metrique/dataset/coco_5000/03252.jpg,0.19124481081962585
/home/jnapolitano/Documents/metrique/dataset/coco_5000/03256.jpg,0.18986302614212036
/home/jnapolitano/Documents/metrique/dataset/coco_5000/03258.jpg,0.18618081510066986
/home/jnapolitano/Documents/metrique/dataset/coco_5000/03259.jpg,0.1893482804298401
/home/jnapolitano/Documents/metrique/dataset/coco_5000/03261.jpg,0.19129857420921326
/home/jnapolitano/Documents/metrique/dataset/coco_5000/03264.jpg,0.19260936975479126
/home/jnapolitano/Documents/metrique/dataset/coco_5000/03265.jpg,0.193659245967865
/home/jnapolitano/Documents/metrique/dataset/coco_5000/03266.jpg,0.18161989748477936
/home/jnapolitano/Documents/metrique/dataset/coco_5000/03267.jpg,0.18962711095809937
/home/jnapolitano/Documents/metrique/dataset/coco_5000/03268.jpg,0.19077852368354797
/home/jnapolitano/Documents/metrique/dataset/coco_5000/03270.jpg,0.19051246345043182
/home/jnapolitano/Documents/metrique/dataset/coco_5000/03271.jpg,0.18305331468582153
/home/jnapolitano/Documents/metrique/dataset/coco_5000/03274.jpg,0.194841668009758
/home/jnapolitano/Documents/metrique/dataset/coco_5000/03275.jpg,0.18943798542022705
/home/jnapolitano/Documents/metrique/dataset/coco_5000/03277.jpg,0.18080578744411469
/home/jnapolitano/Documents/metrique/dataset/coco_5000/03278.jpg,0.18551787734031677
/home/jnapolitano/Documents/metrique/dataset/coco_5000/03279.jpg,0.18851111829280853
/home/jnapolitano/Documents/metrique/dataset/coco_5000/03281.jpg,0.1882406622171402
/home/jnapolitano/Documents/metrique/dataset/coco_5000/03282.jpg,0.1901167929172516
/home/jnapolitano/Documents/metrique/dataset/coco_5000/03284.jpg,0.19028693437576294
/home/jnapolitano/Documents/metrique/dataset/coco_5000/03285.jpg,0.18525370955467224
/home/jnapolitano/Documents/metrique/dataset/coco_5000/03286.jpg,0.19271215796470642
/home/jnapolitano/Documents/metrique/dataset/coco_5000/03287.jpg,0.18836066126823425
/home/jnapolitano/Documents/metrique/dataset/coco_5000/03290.jpg,0.18154829740524292
/home/jnapolitano/Documents/metrique/dataset/coco_5000/03292.jpg,0.19152289628982544
/home/jnapolitano/Documents/metrique/dataset/coco_5000/03294.jpg,0.18434575200080872
/home/jnapolitano/Documents/metrique/dataset/coco_5000/03295.jpg,0.19272176921367645
/home/jnapolitano/Documents/metrique/dataset/coco_5000/03296.jpg,0.19224584102630615
/home/jnapolitano/Documents/metrique/dataset/coco_5000/03298.jpg,0.188762366771698
/home/jnapolitano/Documents/metrique/dataset/coco_5000/03301.jpg,0.18854865431785583
/home/jnapolitano/Documents/metrique/dataset/coco_5000/03302.jpg,0.19025424122810364
/home/jnapolitano/Documents/metrique/dataset/coco_5000/03303.jpg,0.1874195635318756
/home/jnapolitano/Documents/metrique/dataset/coco_5000/03304.jpg,0.1819523274898529
/home/jnapolitano/Documents/metrique/dataset/coco_5000/03306.jpg,0.193134143948555
/home/jnapolitano/Documents/metrique/dataset/coco_5000/03307.jpg,0.17886677384376526
/home/jnapolitano/Documents/metrique/dataset/coco_5000/03309.jpg,0.19483737647533417
/home/jnapolitano/Documents/metrique/dataset/coco_5000/03310.jpg,0.18629857897758484
/home/jnapolitano/Documents/metrique/dataset/coco_5000/03312.jpg,0.18919751048088074
/home/jnapolitano/Documents/metrique/dataset/coco_5000/03313.jpg,0.18025220930576324
/home/jnapolitano/Documents/metrique/dataset/coco_5000/03315.jpg,0.19129317998886108
/home/jnapolitano/Documents/metrique/dataset/coco_5000/03316.jpg,0.1857362538576126
/home/jnapolitano/Documents/metrique/dataset/coco_5000/03318.jpg,0.19370871782302856
