2026-03-10 11:09:13,795 [INFO] ======================================================================
2026-03-10 11:09:13,795 [INFO] SWEEP backbone / layer / gamma sur COCO-dégradé
2026-03-10 11:09:13,795 [INFO]   Backbones   : ['sd_vae', 'dc_ae', 'dinov2_vitb14', 'vgg19', 'lpips_vgg']
2026-03-10 11:09:13,795 [INFO]   Eval refs   : 200 refs × 5 types × 5 niveaux = 5000 images
2026-03-10 11:09:13,795 [INFO]   Dist types  : [1, 10, 11, 21, 25]
2026-03-10 11:09:13,795 [INFO]   Ancrage     : 200 images originales COCO-dégradé (références propres)
2026-03-10 11:09:13,795 [INFO]   Gammas      : 10 (['med', '2.8e-05', '1.0e-07', '5.0e-07', '1.0e-06', '5.0e-06', '1.0e-05', '5.0e-05', '1.0e-04', '1.0e-03'])
2026-03-10 11:09:13,795 [INFO]   Cache       : activé
2026-03-10 11:09:13,795 [INFO]   Device      : cuda
2026-03-10 11:09:13,795 [INFO] ======================================================================
2026-03-10 11:09:13,867 [INFO] Images d'évaluation : 5000 (200 refs × 5 types × 5 niveaux = 5000 attendus)
2026-03-10 11:09:13,871 [INFO] Ancrage chargé : 200 images originales (références propres)
2026-03-10 11:09:13,871 [INFO] 
======================================================================
2026-03-10 11:09:13,871 [INFO] BACKBONE : sd_vae  (17 layers)
2026-03-10 11:09:13,871 [INFO] ======================================================================
sd_vae:   0%|          | 0/17 [00:00<?, ?layer/s]2026-03-10 11:09:13,871 [INFO] 
  Layer 0 — encoder.conv_in
2026-03-10 11:09:13,871 [INFO] Loading backbone: sd_vae
Cannot initialize model with low cpu memory usage because `accelerate` was not found in the environment. Defaulting to `low_cpu_mem_usage=False`. It is strongly recommended to install `accelerate` for faster and less memory-intense model loading. You can do so with: 
```
pip install accelerate
```
.
/home/jnapolitano/Documents/metrique/.venv/lib/python3.12/site-packages/huggingface_hub/utils/_validators.py:202: UserWarning: The `local_dir_use_symlinks` argument is deprecated and ignored in `hf_hub_download`. Downloading to a local directory does not use symlinks anymore.
  warnings.warn(
2026-03-10 11:09:15,195 [INFO] HTTP Request: HEAD https://huggingface.co/stabilityai/sd-vae-ft-mse/resolve/main/config.json "HTTP/1.1 307 Temporary Redirect"
2026-03-10 11:09:15,207 [INFO] HTTP Request: HEAD https://huggingface.co/api/resolve-cache/models/stabilityai/sd-vae-ft-mse/31f26fdeee1355a5c34592e401dd41e45d25a493/config.json "HTTP/1.1 200 OK"
2026-03-10 11:09:15,316 [INFO] HTTP Request: HEAD https://huggingface.co/stabilityai/sd-vae-ft-mse/resolve/31f26fdeee1355a5c34592e401dd41e45d25a493/diffusion_pytorch_model.safetensors.index.json "HTTP/1.1 404 Not Found"
2026-03-10 11:09:15,558 [INFO]     D cache chargé : D_rr(200, 200)  D_rq(200, 5000)
2026-03-10 11:09:15,558 [INFO]     median_D_rr=1.201e+04  gamma_med=4.165e-05  feat_dim=0
2026-03-10 11:09:15,749 [INFO]     gamma=     med  ρ=+0.0424  mono=0.278  τ=+0.0834  K_rq=0.5838
2026-03-10 11:09:15,936 [INFO]     gamma= 2.8e-05  ρ=+0.0425  mono=0.280  τ=+0.0840  K_rq=0.6818
2026-03-10 11:09:16,121 [INFO]     gamma= 1.0e-07  ρ=+0.0444  mono=0.281  τ=+0.0883  K_rq=0.9984
2026-03-10 11:09:16,310 [INFO]     gamma= 5.0e-07  ρ=+0.0444  mono=0.281  τ=+0.0877  K_rq=0.9920
2026-03-10 11:09:16,497 [INFO]     gamma= 1.0e-06  ρ=+0.0443  mono=0.281  τ=+0.0874  K_rq=0.9842
2026-03-10 11:09:16,685 [INFO]     gamma= 5.0e-06  ρ=+0.0438  mono=0.281  τ=+0.0860  K_rq=0.9253
2026-03-10 11:09:16,872 [INFO]     gamma= 1.0e-05  ρ=+0.0434  mono=0.281  τ=+0.0858  K_rq=0.8604
2026-03-10 11:09:17,060 [INFO]     gamma= 5.0e-05  ρ=+0.0423  mono=0.277  τ=+0.0832  K_rq=0.5344
2026-03-10 11:09:17,248 [INFO]     gamma= 1.0e-04  ρ=+0.0422  mono=0.277  τ=+0.0860  K_rq=0.3385
2026-03-10 11:09:17,435 [INFO]     gamma= 1.0e-03  ρ=+0.1255  mono=0.371  τ=+0.3842  K_rq=0.0142
sd_vae:   6%|▌         | 1/17 [00:03<00:58,  3.68s/layer]2026-03-10 11:09:17,555 [INFO] 
  Layer 1 — encoder.down_blocks.0.resnets.0
2026-03-10 11:09:17,555 [INFO] Loading backbone: sd_vae
Cannot initialize model with low cpu memory usage because `accelerate` was not found in the environment. Defaulting to `low_cpu_mem_usage=False`. It is strongly recommended to install `accelerate` for faster and less memory-intense model loading. You can do so with: 
```
pip install accelerate
```
.
2026-03-10 11:09:17,672 [INFO] HTTP Request: HEAD https://huggingface.co/stabilityai/sd-vae-ft-mse/resolve/main/config.json "HTTP/1.1 307 Temporary Redirect"
2026-03-10 11:09:17,683 [INFO] HTTP Request: HEAD https://huggingface.co/api/resolve-cache/models/stabilityai/sd-vae-ft-mse/31f26fdeee1355a5c34592e401dd41e45d25a493/config.json "HTTP/1.1 200 OK"
2026-03-10 11:09:17,797 [INFO] HTTP Request: HEAD https://huggingface.co/stabilityai/sd-vae-ft-mse/resolve/31f26fdeee1355a5c34592e401dd41e45d25a493/diffusion_pytorch_model.safetensors.index.json "HTTP/1.1 404 Not Found"
2026-03-10 11:09:17,907 [INFO]     D cache chargé : D_rr(200, 200)  D_rq(200, 5000)
2026-03-10 11:09:17,918 [INFO]     median_D_rr=1.391e+04  gamma_med=3.595e-05  feat_dim=0
2026-03-10 11:09:18,106 [INFO]     gamma=     med  ρ=+0.3288  mono=0.434  τ=+0.4664  K_rq=0.5122
2026-03-10 11:09:18,292 [INFO]     gamma= 2.8e-05  ρ=+0.3291  mono=0.435  τ=+0.4656  K_rq=0.5830
2026-03-10 11:09:18,480 [INFO]     gamma= 1.0e-07  ρ=+0.3313  mono=0.429  τ=+0.4657  K_rq=0.9977
2026-03-10 11:09:18,668 [INFO]     gamma= 5.0e-07  ρ=+0.3313  mono=0.429  τ=+0.4655  K_rq=0.9887
2026-03-10 11:09:18,854 [INFO]     gamma= 1.0e-06  ρ=+0.3312  mono=0.430  τ=+0.4658  K_rq=0.9776
2026-03-10 11:09:19,041 [INFO]     gamma= 5.0e-06  ρ=+0.3308  mono=0.430  τ=+0.4658  K_rq=0.8958
2026-03-10 11:09:19,226 [INFO]     gamma= 1.0e-05  ρ=+0.3304  mono=0.431  τ=+0.4660  K_rq=0.8084
2026-03-10 11:09:19,411 [INFO]     gamma= 5.0e-05  ρ=+0.3282  mono=0.436  τ=+0.4682  K_rq=0.4139
2026-03-10 11:09:19,598 [INFO]     gamma= 1.0e-04  ρ=+0.3278  mono=0.440  τ=+0.4724  K_rq=0.2157
2026-03-10 11:09:19,780 [INFO]     gamma= 1.0e-03  ρ=+0.5811  mono=0.704  τ=+0.9406  K_rq=0.0025
sd_vae:  12%|█▏        | 2/17 [00:06<00:43,  2.89s/layer]2026-03-10 11:09:19,893 [INFO] 
  Layer 2 — encoder.down_blocks.0.resnets.1
2026-03-10 11:09:19,893 [INFO] Loading backbone: sd_vae
Cannot initialize model with low cpu memory usage because `accelerate` was not found in the environment. Defaulting to `low_cpu_mem_usage=False`. It is strongly recommended to install `accelerate` for faster and less memory-intense model loading. You can do so with: 
```
pip install accelerate
```
.
2026-03-10 11:09:19,998 [INFO] HTTP Request: HEAD https://huggingface.co/stabilityai/sd-vae-ft-mse/resolve/main/config.json "HTTP/1.1 307 Temporary Redirect"
2026-03-10 11:09:20,010 [INFO] HTTP Request: HEAD https://huggingface.co/api/resolve-cache/models/stabilityai/sd-vae-ft-mse/31f26fdeee1355a5c34592e401dd41e45d25a493/config.json "HTTP/1.1 200 OK"
2026-03-10 11:09:20,114 [INFO] HTTP Request: HEAD https://huggingface.co/stabilityai/sd-vae-ft-mse/resolve/31f26fdeee1355a5c34592e401dd41e45d25a493/diffusion_pytorch_model.safetensors.index.json "HTTP/1.1 404 Not Found"
2026-03-10 11:09:20,215 [INFO]     D cache chargé : D_rr(200, 200)  D_rq(200, 5000)
2026-03-10 11:09:20,225 [INFO]     median_D_rr=1.417e+04  gamma_med=3.528e-05  feat_dim=0
2026-03-10 11:09:20,415 [INFO]     gamma=     med  ρ=+0.5083  mono=0.555  τ=+0.6638  K_rq=0.5246
2026-03-10 11:09:20,605 [INFO]     gamma= 2.8e-05  ρ=+0.5078  mono=0.555  τ=+0.6630  K_rq=0.5939
2026-03-10 11:09:20,793 [INFO]     gamma= 1.0e-07  ρ=+0.5061  mono=0.554  τ=+0.6592  K_rq=0.9980
2026-03-10 11:09:20,983 [INFO]     gamma= 5.0e-07  ρ=+0.5061  mono=0.556  τ=+0.6597  K_rq=0.9900
2026-03-10 11:09:21,171 [INFO]     gamma= 1.0e-06  ρ=+0.5061  mono=0.556  τ=+0.6596  K_rq=0.9800
2026-03-10 11:09:21,357 [INFO]     gamma= 5.0e-06  ρ=+0.5064  mono=0.555  τ=+0.6600  K_rq=0.9054
2026-03-10 11:09:21,542 [INFO]     gamma= 1.0e-05  ρ=+0.5067  mono=0.555  τ=+0.6606  K_rq=0.8223
2026-03-10 11:09:21,729 [INFO]     gamma= 5.0e-05  ρ=+0.5092  mono=0.555  τ=+0.6656  K_rq=0.4127
2026-03-10 11:09:21,916 [INFO]     gamma= 1.0e-04  ρ=+0.5131  mono=0.558  τ=+0.6738  K_rq=0.1986
2026-03-10 11:09:22,097 [INFO]     gamma= 1.0e-03  ρ=+0.7751  mono=0.802  τ=+0.9847  K_rq=0.0015
sd_vae:  18%|█▊        | 3/17 [00:08<00:36,  2.63s/layer]2026-03-10 11:09:22,213 [INFO] 
  Layer 3 — encoder.down_blocks.0.downsamplers.0
2026-03-10 11:09:22,213 [INFO] Loading backbone: sd_vae
Cannot initialize model with low cpu memory usage because `accelerate` was not found in the environment. Defaulting to `low_cpu_mem_usage=False`. It is strongly recommended to install `accelerate` for faster and less memory-intense model loading. You can do so with: 
```
pip install accelerate
```
.
2026-03-10 11:09:22,323 [INFO] HTTP Request: HEAD https://huggingface.co/stabilityai/sd-vae-ft-mse/resolve/main/config.json "HTTP/1.1 307 Temporary Redirect"
2026-03-10 11:09:22,336 [INFO] HTTP Request: HEAD https://huggingface.co/api/resolve-cache/models/stabilityai/sd-vae-ft-mse/31f26fdeee1355a5c34592e401dd41e45d25a493/config.json "HTTP/1.1 200 OK"
2026-03-10 11:09:22,447 [INFO] HTTP Request: HEAD https://huggingface.co/stabilityai/sd-vae-ft-mse/resolve/31f26fdeee1355a5c34592e401dd41e45d25a493/diffusion_pytorch_model.safetensors.index.json "HTTP/1.1 404 Not Found"
2026-03-10 11:09:22,559 [INFO]     D cache chargé : D_rr(200, 200)  D_rq(200, 5000)
2026-03-10 11:09:22,569 [INFO]     median_D_rr=1.370e+04  gamma_med=3.649e-05  feat_dim=0
2026-03-10 11:09:22,760 [INFO]     gamma=     med  ρ=+0.3488  mono=0.514  τ=+0.5040  K_rq=0.5374
2026-03-10 11:09:22,951 [INFO]     gamma= 2.8e-05  ρ=+0.3482  mono=0.513  τ=+0.5034  K_rq=0.6138
2026-03-10 11:09:23,140 [INFO]     gamma= 1.0e-07  ρ=+0.3458  mono=0.508  τ=+0.4998  K_rq=0.9981
2026-03-10 11:09:23,327 [INFO]     gamma= 5.0e-07  ρ=+0.3458  mono=0.510  τ=+0.5010  K_rq=0.9905
2026-03-10 11:09:23,513 [INFO]     gamma= 1.0e-06  ρ=+0.3459  mono=0.510  τ=+0.5010  K_rq=0.9811
2026-03-10 11:09:23,702 [INFO]     gamma= 5.0e-06  ρ=+0.3463  mono=0.510  τ=+0.5018  K_rq=0.9104
2026-03-10 11:09:23,890 [INFO]     gamma= 1.0e-05  ρ=+0.3467  mono=0.510  τ=+0.5016  K_rq=0.8315
2026-03-10 11:09:24,078 [INFO]     gamma= 5.0e-05  ρ=+0.3498  mono=0.515  τ=+0.5060  K_rq=0.4396
2026-03-10 11:09:24,264 [INFO]     gamma= 1.0e-04  ρ=+0.3543  mono=0.524  τ=+0.5124  K_rq=0.2281
2026-03-10 11:09:24,448 [INFO]     gamma= 1.0e-03  ρ=+0.7096  mono=0.898  τ=+0.9833  K_rq=0.0020
sd_vae:  24%|██▎       | 4/17 [00:10<00:32,  2.52s/layer]2026-03-10 11:09:24,567 [INFO] 
  Layer 4 — encoder.down_blocks.1.resnets.0
2026-03-10 11:09:24,567 [INFO] Loading backbone: sd_vae
Cannot initialize model with low cpu memory usage because `accelerate` was not found in the environment. Defaulting to `low_cpu_mem_usage=False`. It is strongly recommended to install `accelerate` for faster and less memory-intense model loading. You can do so with: 
```
pip install accelerate
```
.
2026-03-10 11:09:24,682 [INFO] HTTP Request: HEAD https://huggingface.co/stabilityai/sd-vae-ft-mse/resolve/main/config.json "HTTP/1.1 307 Temporary Redirect"
2026-03-10 11:09:24,695 [INFO] HTTP Request: HEAD https://huggingface.co/api/resolve-cache/models/stabilityai/sd-vae-ft-mse/31f26fdeee1355a5c34592e401dd41e45d25a493/config.json "HTTP/1.1 200 OK"
2026-03-10 11:09:24,808 [INFO] HTTP Request: HEAD https://huggingface.co/stabilityai/sd-vae-ft-mse/resolve/31f26fdeee1355a5c34592e401dd41e45d25a493/diffusion_pytorch_model.safetensors.index.json "HTTP/1.1 404 Not Found"
2026-03-10 11:09:24,911 [INFO]     D cache chargé : D_rr(200, 200)  D_rq(200, 5000)
2026-03-10 11:09:24,920 [INFO]     median_D_rr=5.674e+04  gamma_med=8.812e-06  feat_dim=0
2026-03-10 11:09:25,112 [INFO]     gamma=     med  ρ=+0.5146  mono=0.522  τ=+0.6812  K_rq=0.5274
2026-03-10 11:09:25,300 [INFO]     gamma= 2.8e-05  ρ=+0.5196  mono=0.528  τ=+0.6934  K_rq=0.1742
2026-03-10 11:09:25,488 [INFO]     gamma= 1.0e-07  ρ=+0.5136  mono=0.521  τ=+0.6794  K_rq=0.9919
2026-03-10 11:09:25,673 [INFO]     gamma= 5.0e-07  ρ=+0.5137  mono=0.522  τ=+0.6798  K_rq=0.9605
2026-03-10 11:09:25,857 [INFO]     gamma= 1.0e-06  ρ=+0.5137  mono=0.522  τ=+0.6798  K_rq=0.9231
2026-03-10 11:09:26,042 [INFO]     gamma= 5.0e-06  ρ=+0.5141  mono=0.522  τ=+0.6798  K_rq=0.6847
2026-03-10 11:09:26,227 [INFO]     gamma= 1.0e-05  ρ=+0.5148  mono=0.522  τ=+0.6820  K_rq=0.4880
2026-03-10 11:09:26,410 [INFO]     gamma= 5.0e-05  ρ=+0.5347  mono=0.541  τ=+0.7176  K_rq=0.0625
2026-03-10 11:09:26,595 [INFO]     gamma= 1.0e-04  ρ=+0.6165  mono=0.671  τ=+0.8417  K_rq=0.0106
2026-03-10 11:09:26,779 [INFO]     gamma= 1.0e-03  ρ=+0.7446  mono=0.211  τ=+0.8439  K_rq=0.0007
sd_vae:  29%|██▉       | 5/17 [00:13<00:29,  2.47s/layer]2026-03-10 11:09:26,934 [INFO] 
  Layer 5 — encoder.down_blocks.1.resnets.1
2026-03-10 11:09:26,934 [INFO] Loading backbone: sd_vae
Cannot initialize model with low cpu memory usage because `accelerate` was not found in the environment. Defaulting to `low_cpu_mem_usage=False`. It is strongly recommended to install `accelerate` for faster and less memory-intense model loading. You can do so with: 
```
pip install accelerate
```
.
2026-03-10 11:09:27,046 [INFO] HTTP Request: HEAD https://huggingface.co/stabilityai/sd-vae-ft-mse/resolve/main/config.json "HTTP/1.1 307 Temporary Redirect"
2026-03-10 11:09:27,059 [INFO] HTTP Request: HEAD https://huggingface.co/api/resolve-cache/models/stabilityai/sd-vae-ft-mse/31f26fdeee1355a5c34592e401dd41e45d25a493/config.json "HTTP/1.1 200 OK"
2026-03-10 11:09:27,171 [INFO] HTTP Request: HEAD https://huggingface.co/stabilityai/sd-vae-ft-mse/resolve/31f26fdeee1355a5c34592e401dd41e45d25a493/diffusion_pytorch_model.safetensors.index.json "HTTP/1.1 404 Not Found"
2026-03-10 11:09:27,299 [INFO]     D cache chargé : D_rr(200, 200)  D_rq(200, 5000)
2026-03-10 11:09:27,310 [INFO]     median_D_rr=5.499e+04  gamma_med=9.093e-06  feat_dim=0
2026-03-10 11:09:27,499 [INFO]     gamma=     med  ρ=+0.5998  mono=0.432  τ=+0.7536  K_rq=0.5208
2026-03-10 11:09:27,682 [INFO]     gamma= 2.8e-05  ρ=+0.6040  mono=0.436  τ=+0.7634  K_rq=0.1754
2026-03-10 11:09:27,866 [INFO]     gamma= 1.0e-07  ρ=+0.5989  mono=0.431  τ=+0.7523  K_rq=0.9918
2026-03-10 11:09:28,052 [INFO]     gamma= 5.0e-07  ρ=+0.5989  mono=0.433  τ=+0.7526  K_rq=0.9599
2026-03-10 11:09:28,235 [INFO]     gamma= 1.0e-06  ρ=+0.5989  mono=0.433  τ=+0.7526  K_rq=0.9224
2026-03-10 11:09:28,419 [INFO]     gamma= 5.0e-06  ρ=+0.5993  mono=0.433  τ=+0.7532  K_rq=0.6861
2026-03-10 11:09:28,603 [INFO]     gamma= 1.0e-05  ρ=+0.5999  mono=0.431  τ=+0.7534  K_rq=0.4913
2026-03-10 11:09:28,788 [INFO]     gamma= 5.0e-05  ρ=+0.6163  mono=0.453  τ=+0.7824  K_rq=0.0612
2026-03-10 11:09:28,976 [INFO]     gamma= 1.0e-04  ρ=+0.7017  mono=0.578  τ=+0.8852  K_rq=0.0095
2026-03-10 11:09:29,159 [INFO]     gamma= 1.0e-03  ρ=+0.7695  mono=0.123  τ=+0.8249  K_rq=0.0005
sd_vae:  35%|███▌      | 6/17 [00:15<00:26,  2.42s/layer]2026-03-10 11:09:29,275 [INFO] 
  Layer 6 — encoder.down_blocks.1.downsamplers.0
2026-03-10 11:09:29,275 [INFO] Loading backbone: sd_vae
Cannot initialize model with low cpu memory usage because `accelerate` was not found in the environment. Defaulting to `low_cpu_mem_usage=False`. It is strongly recommended to install `accelerate` for faster and less memory-intense model loading. You can do so with: 
```
pip install accelerate
```
.
2026-03-10 11:09:29,384 [INFO] HTTP Request: HEAD https://huggingface.co/stabilityai/sd-vae-ft-mse/resolve/main/config.json "HTTP/1.1 307 Temporary Redirect"
2026-03-10 11:09:29,397 [INFO] HTTP Request: HEAD https://huggingface.co/api/resolve-cache/models/stabilityai/sd-vae-ft-mse/31f26fdeee1355a5c34592e401dd41e45d25a493/config.json "HTTP/1.1 200 OK"
2026-03-10 11:09:29,505 [INFO] HTTP Request: HEAD https://huggingface.co/stabilityai/sd-vae-ft-mse/resolve/31f26fdeee1355a5c34592e401dd41e45d25a493/diffusion_pytorch_model.safetensors.index.json "HTTP/1.1 404 Not Found"
2026-03-10 11:09:29,610 [INFO]     D cache chargé : D_rr(200, 200)  D_rq(200, 5000)
2026-03-10 11:09:29,618 [INFO]     median_D_rr=5.541e+04  gamma_med=9.023e-06  feat_dim=0
2026-03-10 11:09:29,809 [INFO]     gamma=     med  ρ=+0.5005  mono=0.420  τ=+0.6878  K_rq=0.5208
2026-03-10 11:09:30,001 [INFO]     gamma= 2.8e-05  ρ=+0.5060  mono=0.423  τ=+0.6976  K_rq=0.1778
2026-03-10 11:09:30,187 [INFO]     gamma= 1.0e-07  ρ=+0.4991  mono=0.423  τ=+0.6862  K_rq=0.9916
2026-03-10 11:09:30,373 [INFO]     gamma= 5.0e-07  ρ=+0.4991  mono=0.423  τ=+0.6864  K_rq=0.9593
2026-03-10 11:09:30,558 [INFO]     gamma= 1.0e-06  ρ=+0.4992  mono=0.422  τ=+0.6862  K_rq=0.9211
2026-03-10 11:09:30,745 [INFO]     gamma= 5.0e-06  ρ=+0.4998  mono=0.421  τ=+0.6868  K_rq=0.6829
2026-03-10 11:09:30,929 [INFO]     gamma= 1.0e-05  ρ=+0.5007  mono=0.420  τ=+0.6884  K_rq=0.4893
2026-03-10 11:09:31,114 [INFO]     gamma= 5.0e-05  ρ=+0.5205  mono=0.441  τ=+0.7230  K_rq=0.0641
2026-03-10 11:09:31,297 [INFO]     gamma= 1.0e-04  ρ=+0.6128  mono=0.563  τ=+0.8477  K_rq=0.0107
2026-03-10 11:09:31,480 [INFO]     gamma= 1.0e-03  ρ=+0.7853  mono=0.162  τ=+0.8493  K_rq=0.0006
sd_vae:  41%|████      | 7/17 [00:17<00:23,  2.39s/layer]2026-03-10 11:09:31,610 [INFO] 
  Layer 7 — encoder.down_blocks.2.resnets.0
2026-03-10 11:09:31,610 [INFO] Loading backbone: sd_vae
Cannot initialize model with low cpu memory usage because `accelerate` was not found in the environment. Defaulting to `low_cpu_mem_usage=False`. It is strongly recommended to install `accelerate` for faster and less memory-intense model loading. You can do so with: 
```
pip install accelerate
```
.
2026-03-10 11:09:31,719 [INFO] HTTP Request: HEAD https://huggingface.co/stabilityai/sd-vae-ft-mse/resolve/main/config.json "HTTP/1.1 307 Temporary Redirect"
2026-03-10 11:09:31,733 [INFO] HTTP Request: HEAD https://huggingface.co/api/resolve-cache/models/stabilityai/sd-vae-ft-mse/31f26fdeee1355a5c34592e401dd41e45d25a493/config.json "HTTP/1.1 200 OK"
2026-03-10 11:09:31,843 [INFO] HTTP Request: HEAD https://huggingface.co/stabilityai/sd-vae-ft-mse/resolve/31f26fdeee1355a5c34592e401dd41e45d25a493/diffusion_pytorch_model.safetensors.index.json "HTTP/1.1 404 Not Found"
2026-03-10 11:09:31,966 [INFO]     D cache chargé : D_rr(200, 200)  D_rq(200, 5000)
2026-03-10 11:09:31,976 [INFO]     median_D_rr=2.122e+05  gamma_med=2.357e-06  feat_dim=0
2026-03-10 11:09:32,164 [INFO]     gamma=     med  ρ=+0.5629  mono=0.503  τ=+0.7608  K_rq=0.5210
2026-03-10 11:09:32,356 [INFO]     gamma= 2.8e-05  ρ=+0.6995  mono=0.681  τ=+0.9265  K_rq=0.0077
2026-03-10 11:09:32,540 [INFO]     gamma= 1.0e-07  ρ=+0.5602  mono=0.498  τ=+0.7556  K_rq=0.9683
2026-03-10 11:09:32,725 [INFO]     gamma= 5.0e-07  ρ=+0.5607  mono=0.498  τ=+0.7556  K_rq=0.8575
2026-03-10 11:09:32,910 [INFO]     gamma= 1.0e-06  ρ=+0.5613  mono=0.498  τ=+0.7566  K_rq=0.7438
2026-03-10 11:09:33,094 [INFO]     gamma= 5.0e-06  ρ=+0.5663  mono=0.503  τ=+0.7678  K_rq=0.2818
2026-03-10 11:09:33,278 [INFO]     gamma= 1.0e-05  ρ=+0.5765  mono=0.515  τ=+0.7834  K_rq=0.1040
2026-03-10 11:09:33,461 [INFO]     gamma= 5.0e-05  ρ=+0.8277  mono=0.791  τ=+0.9869  K_rq=0.0017
2026-03-10 11:09:33,642 [INFO]     gamma= 1.0e-04  ρ=+0.8414  mono=0.552  τ=+0.9588  K_rq=0.0009
2026-03-10 11:09:33,822 [INFO]     gamma= 1.0e-03  ρ=+0.6515  mono=0.004  τ=+0.7112  K_rq=0.0003
sd_vae:  47%|████▋     | 8/17 [00:20<00:21,  2.38s/layer]2026-03-10 11:09:33,944 [INFO] 
  Layer 8 — encoder.down_blocks.2.resnets.1
2026-03-10 11:09:33,944 [INFO] Loading backbone: sd_vae
Cannot initialize model with low cpu memory usage because `accelerate` was not found in the environment. Defaulting to `low_cpu_mem_usage=False`. It is strongly recommended to install `accelerate` for faster and less memory-intense model loading. You can do so with: 
```
pip install accelerate
```
.
2026-03-10 11:09:34,061 [INFO] HTTP Request: HEAD https://huggingface.co/stabilityai/sd-vae-ft-mse/resolve/main/config.json "HTTP/1.1 307 Temporary Redirect"
2026-03-10 11:09:34,073 [INFO] HTTP Request: HEAD https://huggingface.co/api/resolve-cache/models/stabilityai/sd-vae-ft-mse/31f26fdeee1355a5c34592e401dd41e45d25a493/config.json "HTTP/1.1 200 OK"
2026-03-10 11:09:34,186 [INFO] HTTP Request: HEAD https://huggingface.co/stabilityai/sd-vae-ft-mse/resolve/31f26fdeee1355a5c34592e401dd41e45d25a493/diffusion_pytorch_model.safetensors.index.json "HTTP/1.1 404 Not Found"
2026-03-10 11:09:34,287 [INFO]     D cache chargé : D_rr(200, 200)  D_rq(200, 5000)
2026-03-10 11:09:34,296 [INFO]     median_D_rr=1.904e+05  gamma_med=2.626e-06  feat_dim=0
2026-03-10 11:09:34,482 [INFO]     gamma=     med  ρ=+0.5679  mono=0.466  τ=+0.7696  K_rq=0.5080
2026-03-10 11:09:34,665 [INFO]     gamma= 2.8e-05  ρ=+0.6856  mono=0.650  τ=+0.9244  K_rq=0.0089
2026-03-10 11:09:34,851 [INFO]     gamma= 1.0e-07  ρ=+0.5663  mono=0.463  τ=+0.7624  K_rq=0.9682
2026-03-10 11:09:35,037 [INFO]     gamma= 5.0e-07  ρ=+0.5666  mono=0.462  τ=+0.7628  K_rq=0.8607
2026-03-10 11:09:35,221 [INFO]     gamma= 1.0e-06  ρ=+0.5669  mono=0.462  τ=+0.7642  K_rq=0.7524
2026-03-10 11:09:35,404 [INFO]     gamma= 5.0e-06  ρ=+0.5699  mono=0.471  τ=+0.7740  K_rq=0.3055
2026-03-10 11:09:35,588 [INFO]     gamma= 1.0e-05  ρ=+0.5770  mono=0.486  τ=+0.7922  K_rq=0.1191
2026-03-10 11:09:35,768 [INFO]     gamma= 5.0e-05  ρ=+0.8197  mono=0.769  τ=+0.9787  K_rq=0.0017
2026-03-10 11:09:35,949 [INFO]     gamma= 1.0e-04  ρ=+0.8414  mono=0.602  τ=+0.9489  K_rq=0.0009
2026-03-10 11:09:36,127 [INFO]     gamma= 1.0e-03  ρ=+0.6433  mono=0.001  τ=+0.7061  K_rq=0.0003
sd_vae:  53%|█████▎    | 9/17 [00:22<00:18,  2.35s/layer]2026-03-10 11:09:36,237 [INFO] 
  Layer 9 — encoder.down_blocks.2.downsamplers.0
2026-03-10 11:09:36,237 [INFO] Loading backbone: sd_vae
Cannot initialize model with low cpu memory usage because `accelerate` was not found in the environment. Defaulting to `low_cpu_mem_usage=False`. It is strongly recommended to install `accelerate` for faster and less memory-intense model loading. You can do so with: 
```
pip install accelerate
```
.
2026-03-10 11:09:36,349 [INFO] HTTP Request: HEAD https://huggingface.co/stabilityai/sd-vae-ft-mse/resolve/main/config.json "HTTP/1.1 307 Temporary Redirect"
2026-03-10 11:09:36,361 [INFO] HTTP Request: HEAD https://huggingface.co/api/resolve-cache/models/stabilityai/sd-vae-ft-mse/31f26fdeee1355a5c34592e401dd41e45d25a493/config.json "HTTP/1.1 200 OK"
2026-03-10 11:09:36,477 [INFO] HTTP Request: HEAD https://huggingface.co/stabilityai/sd-vae-ft-mse/resolve/31f26fdeee1355a5c34592e401dd41e45d25a493/diffusion_pytorch_model.safetensors.index.json "HTTP/1.1 404 Not Found"
2026-03-10 11:09:36,584 [INFO]     D cache chargé : D_rr(200, 200)  D_rq(200, 5000)
2026-03-10 11:09:36,592 [INFO]     median_D_rr=2.067e+05  gamma_med=2.419e-06  feat_dim=0
2026-03-10 11:09:36,778 [INFO]     gamma=     med  ρ=+0.5297  mono=0.448  τ=+0.7502  K_rq=0.5111
2026-03-10 11:09:36,962 [INFO]     gamma= 2.8e-05  ρ=+0.6667  mono=0.644  τ=+0.9369  K_rq=0.0084
2026-03-10 11:09:37,144 [INFO]     gamma= 1.0e-07  ρ=+0.5278  mono=0.444  τ=+0.7452  K_rq=0.9654
2026-03-10 11:09:37,330 [INFO]     gamma= 5.0e-07  ρ=+0.5281  mono=0.443  τ=+0.7450  K_rq=0.8486
2026-03-10 11:09:37,517 [INFO]     gamma= 1.0e-06  ρ=+0.5285  mono=0.443  τ=+0.7456  K_rq=0.7344
2026-03-10 11:09:37,701 [INFO]     gamma= 5.0e-06  ρ=+0.5328  mono=0.452  τ=+0.7590  K_rq=0.2871
2026-03-10 11:09:37,886 [INFO]     gamma= 1.0e-05  ρ=+0.5413  mono=0.464  τ=+0.7759  K_rq=0.1093
2026-03-10 11:09:38,067 [INFO]     gamma= 5.0e-05  ρ=+0.8139  mono=0.773  τ=+0.9832  K_rq=0.0018
2026-03-10 11:09:38,246 [INFO]     gamma= 1.0e-04  ρ=+0.8353  mono=0.633  τ=+0.9533  K_rq=0.0010
2026-03-10 11:09:38,426 [INFO]     gamma= 1.0e-03  ρ=+0.6661  mono=0.002  τ=+0.7228  K_rq=0.0003
sd_vae:  59%|█████▉    | 10/17 [00:24<00:16,  2.34s/layer]2026-03-10 11:09:38,546 [INFO] 
  Layer 10 — encoder.down_blocks.3.resnets.0
2026-03-10 11:09:38,546 [INFO] Loading backbone: sd_vae
Cannot initialize model with low cpu memory usage because `accelerate` was not found in the environment. Defaulting to `low_cpu_mem_usage=False`. It is strongly recommended to install `accelerate` for faster and less memory-intense model loading. You can do so with: 
```
pip install accelerate
```
.
2026-03-10 11:09:38,661 [INFO] HTTP Request: HEAD https://huggingface.co/stabilityai/sd-vae-ft-mse/resolve/main/config.json "HTTP/1.1 307 Temporary Redirect"
2026-03-10 11:09:38,679 [INFO] HTTP Request: HEAD https://huggingface.co/api/resolve-cache/models/stabilityai/sd-vae-ft-mse/31f26fdeee1355a5c34592e401dd41e45d25a493/config.json "HTTP/1.1 200 OK"
2026-03-10 11:09:38,787 [INFO] HTTP Request: HEAD https://huggingface.co/stabilityai/sd-vae-ft-mse/resolve/31f26fdeee1355a5c34592e401dd41e45d25a493/diffusion_pytorch_model.safetensors.index.json "HTTP/1.1 404 Not Found"
2026-03-10 11:09:38,879 [INFO]     D cache chargé : D_rr(200, 200)  D_rq(200, 5000)
2026-03-10 11:09:38,887 [INFO]     median_D_rr=2.152e+05  gamma_med=2.323e-06  feat_dim=0
2026-03-10 11:09:39,071 [INFO]     gamma=     med  ρ=+0.5362  mono=0.456  τ=+0.7720  K_rq=0.5147
2026-03-10 11:09:39,256 [INFO]     gamma= 2.8e-05  ρ=+0.6900  mono=0.683  τ=+0.9493  K_rq=0.0079
2026-03-10 11:09:39,443 [INFO]     gamma= 1.0e-07  ρ=+0.5330  mono=0.443  τ=+0.7634  K_rq=0.9662
2026-03-10 11:09:39,628 [INFO]     gamma= 5.0e-07  ρ=+0.5335  mono=0.446  τ=+0.7652  K_rq=0.8490
2026-03-10 11:09:39,812 [INFO]     gamma= 1.0e-06  ρ=+0.5342  mono=0.449  τ=+0.7670  K_rq=0.7319
2026-03-10 11:09:39,997 [INFO]     gamma= 5.0e-06  ρ=+0.5410  mono=0.461  τ=+0.7800  K_rq=0.2767
2026-03-10 11:09:40,180 [INFO]     gamma= 1.0e-05  ρ=+0.5531  mono=0.478  τ=+0.7996  K_rq=0.1028
2026-03-10 11:09:40,362 [INFO]     gamma= 5.0e-05  ρ=+0.8274  mono=0.785  τ=+0.9857  K_rq=0.0018
2026-03-10 11:09:40,544 [INFO]     gamma= 1.0e-04  ρ=+0.8429  mono=0.626  τ=+0.9586  K_rq=0.0010
2026-03-10 11:09:40,724 [INFO]     gamma= 1.0e-03  ρ=+0.6720  mono=0.003  τ=+0.7183  K_rq=0.0003
sd_vae:  65%|██████▍   | 11/17 [00:26<00:13,  2.33s/layer]2026-03-10 11:09:40,848 [INFO] 
  Layer 11 — encoder.down_blocks.3.resnets.1
2026-03-10 11:09:40,848 [INFO] Loading backbone: sd_vae
Cannot initialize model with low cpu memory usage because `accelerate` was not found in the environment. Defaulting to `low_cpu_mem_usage=False`. It is strongly recommended to install `accelerate` for faster and less memory-intense model loading. You can do so with: 
```
pip install accelerate
```
.
2026-03-10 11:09:40,955 [INFO] HTTP Request: HEAD https://huggingface.co/stabilityai/sd-vae-ft-mse/resolve/main/config.json "HTTP/1.1 307 Temporary Redirect"
2026-03-10 11:09:40,968 [INFO] HTTP Request: HEAD https://huggingface.co/api/resolve-cache/models/stabilityai/sd-vae-ft-mse/31f26fdeee1355a5c34592e401dd41e45d25a493/config.json "HTTP/1.1 200 OK"
2026-03-10 11:09:41,078 [INFO] HTTP Request: HEAD https://huggingface.co/stabilityai/sd-vae-ft-mse/resolve/31f26fdeee1355a5c34592e401dd41e45d25a493/diffusion_pytorch_model.safetensors.index.json "HTTP/1.1 404 Not Found"
2026-03-10 11:09:41,202 [INFO]     D cache chargé : D_rr(200, 200)  D_rq(200, 5000)
2026-03-10 11:09:41,209 [INFO]     median_D_rr=2.185e+05  gamma_med=2.288e-06  feat_dim=0
2026-03-10 11:09:41,395 [INFO]     gamma=     med  ρ=+0.5429  mono=0.463  τ=+0.7858  K_rq=0.5116
2026-03-10 11:09:41,582 [INFO]     gamma= 2.8e-05  ρ=+0.6984  mono=0.699  τ=+0.9578  K_rq=0.0076
2026-03-10 11:09:41,765 [INFO]     gamma= 1.0e-07  ρ=+0.5395  mono=0.458  τ=+0.7828  K_rq=0.9656
2026-03-10 11:09:41,946 [INFO]     gamma= 5.0e-07  ρ=+0.5401  mono=0.459  τ=+0.7830  K_rq=0.8459
2026-03-10 11:09:42,129 [INFO]     gamma= 1.0e-06  ρ=+0.5408  mono=0.460  τ=+0.7836  K_rq=0.7266
2026-03-10 11:09:42,311 [INFO]     gamma= 5.0e-06  ρ=+0.5482  mono=0.474  τ=+0.7972  K_rq=0.2698
2026-03-10 11:09:42,494 [INFO]     gamma= 1.0e-05  ρ=+0.5609  mono=0.483  τ=+0.8128  K_rq=0.0992
2026-03-10 11:09:42,674 [INFO]     gamma= 5.0e-05  ρ=+0.8292  mono=0.782  τ=+0.9849  K_rq=0.0018
2026-03-10 11:09:42,854 [INFO]     gamma= 1.0e-04  ρ=+0.8446  mono=0.616  τ=+0.9562  K_rq=0.0010
2026-03-10 11:09:43,031 [INFO]     gamma= 1.0e-03  ρ=+0.6674  mono=0.003  τ=+0.7144  K_rq=0.0003
sd_vae:  71%|███████   | 12/17 [00:29<00:11,  2.32s/layer]2026-03-10 11:09:43,143 [INFO] 
  Layer 12 — encoder.mid_block.resnets.0
2026-03-10 11:09:43,143 [INFO] Loading backbone: sd_vae
Cannot initialize model with low cpu memory usage because `accelerate` was not found in the environment. Defaulting to `low_cpu_mem_usage=False`. It is strongly recommended to install `accelerate` for faster and less memory-intense model loading. You can do so with: 
```
pip install accelerate
```
.
2026-03-10 11:09:43,257 [INFO] HTTP Request: HEAD https://huggingface.co/stabilityai/sd-vae-ft-mse/resolve/main/config.json "HTTP/1.1 307 Temporary Redirect"
2026-03-10 11:09:43,270 [INFO] HTTP Request: HEAD https://huggingface.co/api/resolve-cache/models/stabilityai/sd-vae-ft-mse/31f26fdeee1355a5c34592e401dd41e45d25a493/config.json "HTTP/1.1 200 OK"
2026-03-10 11:09:43,382 [INFO] HTTP Request: HEAD https://huggingface.co/stabilityai/sd-vae-ft-mse/resolve/31f26fdeee1355a5c34592e401dd41e45d25a493/diffusion_pytorch_model.safetensors.index.json "HTTP/1.1 404 Not Found"
2026-03-10 11:09:43,490 [INFO]     D cache chargé : D_rr(200, 200)  D_rq(200, 5000)
2026-03-10 11:09:43,497 [INFO]     median_D_rr=2.188e+05  gamma_med=2.285e-06  feat_dim=0
2026-03-10 11:09:43,685 [INFO]     gamma=     med  ρ=+0.5350  mono=0.455  τ=+0.7784  K_rq=0.5089
2026-03-10 11:09:43,871 [INFO]     gamma= 2.8e-05  ρ=+0.6844  mono=0.690  τ=+0.9563  K_rq=0.0078
2026-03-10 11:09:44,058 [INFO]     gamma= 1.0e-07  ρ=+0.5323  mono=0.448  τ=+0.7744  K_rq=0.9653
2026-03-10 11:09:44,244 [INFO]     gamma= 5.0e-07  ρ=+0.5327  mono=0.452  τ=+0.7758  K_rq=0.8448
2026-03-10 11:09:44,428 [INFO]     gamma= 1.0e-06  ρ=+0.5333  mono=0.451  τ=+0.7758  K_rq=0.7244
2026-03-10 11:09:44,620 [INFO]     gamma= 5.0e-06  ρ=+0.5394  mono=0.465  τ=+0.7870  K_rq=0.2679
2026-03-10 11:09:44,804 [INFO]     gamma= 1.0e-05  ρ=+0.5511  mono=0.487  τ=+0.8062  K_rq=0.0991
2026-03-10 11:09:44,986 [INFO]     gamma= 5.0e-05  ρ=+0.8208  mono=0.781  τ=+0.9853  K_rq=0.0018
2026-03-10 11:09:45,168 [INFO]     gamma= 1.0e-04  ρ=+0.8393  mono=0.581  τ=+0.9538  K_rq=0.0010
2026-03-10 11:09:45,350 [INFO]     gamma= 1.0e-03  ρ=+0.6626  mono=0.003  τ=+0.7143  K_rq=0.0003
sd_vae:  76%|███████▋  | 13/17 [00:31<00:09,  2.32s/layer]2026-03-10 11:09:45,472 [INFO] 
  Layer 13 — encoder.mid_block.attentions.0
2026-03-10 11:09:45,472 [INFO] Loading backbone: sd_vae
Cannot initialize model with low cpu memory usage because `accelerate` was not found in the environment. Defaulting to `low_cpu_mem_usage=False`. It is strongly recommended to install `accelerate` for faster and less memory-intense model loading. You can do so with: 
```
pip install accelerate
```
.
2026-03-10 11:09:45,585 [INFO] HTTP Request: HEAD https://huggingface.co/stabilityai/sd-vae-ft-mse/resolve/main/config.json "HTTP/1.1 307 Temporary Redirect"
2026-03-10 11:09:45,597 [INFO] HTTP Request: HEAD https://huggingface.co/api/resolve-cache/models/stabilityai/sd-vae-ft-mse/31f26fdeee1355a5c34592e401dd41e45d25a493/config.json "HTTP/1.1 200 OK"
2026-03-10 11:09:45,705 [INFO] HTTP Request: HEAD https://huggingface.co/stabilityai/sd-vae-ft-mse/resolve/31f26fdeee1355a5c34592e401dd41e45d25a493/diffusion_pytorch_model.safetensors.index.json "HTTP/1.1 404 Not Found"
2026-03-10 11:09:45,811 [INFO]     D cache chargé : D_rr(200, 200)  D_rq(200, 5000)
2026-03-10 11:09:45,816 [INFO]     median_D_rr=2.182e+05  gamma_med=2.291e-06  feat_dim=0
2026-03-10 11:09:46,002 [INFO]     gamma=     med  ρ=+0.5475  mono=0.464  τ=+0.7900  K_rq=0.5056
2026-03-10 11:09:46,183 [INFO]     gamma= 2.8e-05  ρ=+0.6951  mono=0.701  τ=+0.9603  K_rq=0.0076
2026-03-10 11:09:46,367 [INFO]     gamma= 1.0e-07  ρ=+0.5446  mono=0.460  τ=+0.7852  K_rq=0.9650
2026-03-10 11:09:46,552 [INFO]     gamma= 5.0e-07  ρ=+0.5450  mono=0.460  τ=+0.7858  K_rq=0.8434
2026-03-10 11:09:46,736 [INFO]     gamma= 1.0e-06  ρ=+0.5456  mono=0.461  τ=+0.7868  K_rq=0.7224
2026-03-10 11:09:46,920 [INFO]     gamma= 5.0e-06  ρ=+0.5521  mono=0.471  τ=+0.7996  K_rq=0.2660
2026-03-10 11:09:47,103 [INFO]     gamma= 1.0e-05  ρ=+0.5642  mono=0.494  τ=+0.8172  K_rq=0.0981
2026-03-10 11:09:47,284 [INFO]     gamma= 5.0e-05  ρ=+0.8257  mono=0.781  τ=+0.9857  K_rq=0.0018
2026-03-10 11:09:47,466 [INFO]     gamma= 1.0e-04  ρ=+0.8426  mono=0.561  τ=+0.9527  K_rq=0.0009
2026-03-10 11:09:47,644 [INFO]     gamma= 1.0e-03  ρ=+0.6599  mono=0.003  τ=+0.7118  K_rq=0.0003
sd_vae:  82%|████████▏ | 14/17 [00:33<00:06,  2.31s/layer]2026-03-10 11:09:47,759 [INFO] 
  Layer 14 — encoder.mid_block.resnets.1
2026-03-10 11:09:47,759 [INFO] Loading backbone: sd_vae
Cannot initialize model with low cpu memory usage because `accelerate` was not found in the environment. Defaulting to `low_cpu_mem_usage=False`. It is strongly recommended to install `accelerate` for faster and less memory-intense model loading. You can do so with: 
```
pip install accelerate
```
.
2026-03-10 11:09:47,871 [INFO] HTTP Request: HEAD https://huggingface.co/stabilityai/sd-vae-ft-mse/resolve/main/config.json "HTTP/1.1 307 Temporary Redirect"
2026-03-10 11:09:47,884 [INFO] HTTP Request: HEAD https://huggingface.co/api/resolve-cache/models/stabilityai/sd-vae-ft-mse/31f26fdeee1355a5c34592e401dd41e45d25a493/config.json "HTTP/1.1 200 OK"
2026-03-10 11:09:47,996 [INFO] HTTP Request: HEAD https://huggingface.co/stabilityai/sd-vae-ft-mse/resolve/31f26fdeee1355a5c34592e401dd41e45d25a493/diffusion_pytorch_model.safetensors.index.json "HTTP/1.1 404 Not Found"
2026-03-10 11:09:48,094 [INFO]     D cache chargé : D_rr(200, 200)  D_rq(200, 5000)
2026-03-10 11:09:48,100 [INFO]     median_D_rr=2.203e+05  gamma_med=2.270e-06  feat_dim=0
2026-03-10 11:09:48,286 [INFO]     gamma=     med  ρ=+0.5465  mono=0.453  τ=+0.7878  K_rq=0.5021
2026-03-10 11:09:48,470 [INFO]     gamma= 2.8e-05  ρ=+0.6910  mono=0.697  τ=+0.9556  K_rq=0.0076
2026-03-10 11:09:48,656 [INFO]     gamma= 1.0e-07  ρ=+0.5439  mono=0.444  τ=+0.7822  K_rq=0.9644
2026-03-10 11:09:48,840 [INFO]     gamma= 5.0e-07  ρ=+0.5442  mono=0.445  τ=+0.7824  K_rq=0.8407
2026-03-10 11:09:49,026 [INFO]     gamma= 1.0e-06  ρ=+0.5447  mono=0.446  τ=+0.7836  K_rq=0.7180
2026-03-10 11:09:49,210 [INFO]     gamma= 5.0e-06  ρ=+0.5510  mono=0.460  τ=+0.7948  K_rq=0.2602
2026-03-10 11:09:49,396 [INFO]     gamma= 1.0e-05  ρ=+0.5634  mono=0.486  τ=+0.8126  K_rq=0.0954
2026-03-10 11:09:49,577 [INFO]     gamma= 5.0e-05  ρ=+0.8149  mono=0.782  τ=+0.9853  K_rq=0.0018
2026-03-10 11:09:49,759 [INFO]     gamma= 1.0e-04  ρ=+0.8317  mono=0.538  τ=+0.9501  K_rq=0.0009
2026-03-10 11:09:49,938 [INFO]     gamma= 1.0e-03  ρ=+0.6482  mono=0.003  τ=+0.7098  K_rq=0.0003
sd_vae:  88%|████████▊ | 15/17 [00:36<00:04,  2.30s/layer]2026-03-10 11:09:50,047 [INFO] 
  Layer 15 — encoder.conv_norm_out
2026-03-10 11:09:50,047 [INFO] Loading backbone: sd_vae
Cannot initialize model with low cpu memory usage because `accelerate` was not found in the environment. Defaulting to `low_cpu_mem_usage=False`. It is strongly recommended to install `accelerate` for faster and less memory-intense model loading. You can do so with: 
```
pip install accelerate
```
.
2026-03-10 11:09:50,158 [INFO] HTTP Request: HEAD https://huggingface.co/stabilityai/sd-vae-ft-mse/resolve/main/config.json "HTTP/1.1 307 Temporary Redirect"
2026-03-10 11:09:50,170 [INFO] HTTP Request: HEAD https://huggingface.co/api/resolve-cache/models/stabilityai/sd-vae-ft-mse/31f26fdeee1355a5c34592e401dd41e45d25a493/config.json "HTTP/1.1 200 OK"
2026-03-10 11:09:50,301 [INFO] HTTP Request: HEAD https://huggingface.co/stabilityai/sd-vae-ft-mse/resolve/31f26fdeee1355a5c34592e401dd41e45d25a493/diffusion_pytorch_model.safetensors.index.json "HTTP/1.1 404 Not Found"
2026-03-10 11:09:50,400 [INFO]     D cache chargé : D_rr(200, 200)  D_rq(200, 5000)
2026-03-10 11:09:50,406 [INFO]     median_D_rr=2.270e+05  gamma_med=2.203e-06  feat_dim=0
2026-03-10 11:09:50,592 [INFO]     gamma=     med  ρ=+0.5567  mono=0.566  τ=+0.8332  K_rq=0.5059
2026-03-10 11:09:50,774 [INFO]     gamma= 2.8e-05  ρ=+0.7110  mono=0.743  τ=+0.9714  K_rq=0.0063
2026-03-10 11:09:50,956 [INFO]     gamma= 1.0e-07  ρ=+0.5544  mono=0.551  τ=+0.8294  K_rq=0.9652
2026-03-10 11:09:51,138 [INFO]     gamma= 5.0e-07  ρ=+0.5547  mono=0.556  τ=+0.8310  K_rq=0.8425
2026-03-10 11:09:51,322 [INFO]     gamma= 1.0e-06  ρ=+0.5553  mono=0.560  τ=+0.8318  K_rq=0.7181
2026-03-10 11:09:51,506 [INFO]     gamma= 5.0e-06  ρ=+0.5609  mono=0.581  τ=+0.8432  K_rq=0.2504
2026-03-10 11:09:51,688 [INFO]     gamma= 1.0e-05  ρ=+0.5733  mono=0.598  τ=+0.8584  K_rq=0.0877
2026-03-10 11:09:51,871 [INFO]     gamma= 5.0e-05  ρ=+0.8260  mono=0.776  τ=+0.9837  K_rq=0.0016
2026-03-10 11:09:52,053 [INFO]     gamma= 1.0e-04  ρ=+0.8406  mono=0.502  τ=+0.9459  K_rq=0.0009
2026-03-10 11:09:52,232 [INFO]     gamma= 1.0e-03  ρ=+0.6489  mono=0.003  τ=+0.7056  K_rq=0.0003
sd_vae:  94%|█████████▍| 16/17 [00:38<00:02,  2.30s/layer]2026-03-10 11:09:52,346 [INFO] 
  Layer 16 — encoder.conv_out
2026-03-10 11:09:52,346 [INFO] Loading backbone: sd_vae
Cannot initialize model with low cpu memory usage because `accelerate` was not found in the environment. Defaulting to `low_cpu_mem_usage=False`. It is strongly recommended to install `accelerate` for faster and less memory-intense model loading. You can do so with: 
```
pip install accelerate
```
.
2026-03-10 11:09:52,476 [INFO] HTTP Request: HEAD https://huggingface.co/stabilityai/sd-vae-ft-mse/resolve/main/config.json "HTTP/1.1 307 Temporary Redirect"
2026-03-10 11:09:52,489 [INFO] HTTP Request: HEAD https://huggingface.co/api/resolve-cache/models/stabilityai/sd-vae-ft-mse/31f26fdeee1355a5c34592e401dd41e45d25a493/config.json "HTTP/1.1 200 OK"
2026-03-10 11:09:52,600 [INFO] HTTP Request: HEAD https://huggingface.co/stabilityai/sd-vae-ft-mse/resolve/31f26fdeee1355a5c34592e401dd41e45d25a493/diffusion_pytorch_model.safetensors.index.json "HTTP/1.1 404 Not Found"
2026-03-10 11:09:52,707 [INFO]     D cache chargé : D_rr(200, 200)  D_rq(200, 5000)
2026-03-10 11:09:52,713 [INFO]     median_D_rr=5.233e+01  gamma_med=9.555e-03  feat_dim=0
2026-03-10 11:09:52,904 [INFO]     gamma=     med  ρ=+0.2950  mono=0.441  τ=+0.5082  K_rq=0.5385
2026-03-10 11:09:53,090 [INFO]     gamma= 2.8e-05  ρ=+0.2905  mono=0.435  τ=+0.5213  K_rq=0.9977
2026-03-10 11:09:53,275 [INFO]     gamma= 1.0e-07  ρ=+0.2810  mono=0.359  τ=+0.5061  K_rq=1.0000
2026-03-10 11:09:53,464 [INFO]     gamma= 5.0e-07  ρ=+0.2903  mono=0.414  τ=+0.5158  K_rq=1.0000
2026-03-10 11:09:53,648 [INFO]     gamma= 1.0e-06  ρ=+0.2905  mono=0.431  τ=+0.5225  K_rq=0.9999
2026-03-10 11:09:53,834 [INFO]     gamma= 5.0e-06  ρ=+0.2905  mono=0.433  τ=+0.5216  K_rq=0.9996
2026-03-10 11:09:54,019 [INFO]     gamma= 1.0e-05  ρ=+0.2905  mono=0.432  τ=+0.5219  K_rq=0.9992
2026-03-10 11:09:54,204 [INFO]     gamma= 5.0e-05  ρ=+0.2905  mono=0.435  τ=+0.5209  K_rq=0.9959
2026-03-10 11:09:54,389 [INFO]     gamma= 1.0e-04  ρ=+0.2905  mono=0.435  τ=+0.5206  K_rq=0.9919
2026-03-10 11:09:54,575 [INFO]     gamma= 1.0e-03  ρ=+0.2913  mono=0.437  τ=+0.5198  K_rq=0.9238
sd_vae: 100%|██████████| 17/17 [00:40<00:00,  2.31s/layer]sd_vae: 100%|██████████| 17/17 [00:40<00:00,  2.40s/layer]
2026-03-10 11:09:54,800 [INFO] 
======================================================================
2026-03-10 11:09:54,800 [INFO] BACKBONE : dc_ae  (22 layers)
2026-03-10 11:09:54,800 [INFO] ======================================================================
dc_ae:   0%|          | 0/22 [00:00<?, ?layer/s]2026-03-10 11:09:54,800 [INFO] 
  Layer 0 — encoder.conv_in
2026-03-10 11:09:54,801 [INFO] Loading backbone: dc_ae
Cannot initialize model with low cpu memory usage because `accelerate` was not found in the environment. Defaulting to `low_cpu_mem_usage=False`. It is strongly recommended to install `accelerate` for faster and less memory-intense model loading. You can do so with: 
```
pip install accelerate
```
.
2026-03-10 11:09:54,918 [INFO] HTTP Request: HEAD https://huggingface.co/mit-han-lab/dc-ae-f64c128-in-1.0-diffusers/resolve/main/config.json "HTTP/1.1 307 Temporary Redirect"
2026-03-10 11:09:54,931 [INFO] HTTP Request: HEAD https://huggingface.co/api/resolve-cache/models/mit-han-lab/dc-ae-f64c128-in-1.0-diffusers/d58275ea9674845e5e36cbf280987f67bee0e85c/config.json "HTTP/1.1 200 OK"
2026-03-10 11:09:55,052 [INFO] HTTP Request: HEAD https://huggingface.co/mit-han-lab/dc-ae-f64c128-in-1.0-diffusers/resolve/d58275ea9674845e5e36cbf280987f67bee0e85c/diffusion_pytorch_model.safetensors.index.json "HTTP/1.1 404 Not Found"
2026-03-10 11:09:57,999 [INFO]     Extraction anchor (200 images)...
2026-03-10 11:09:58,216 [INFO] Extracting features: batch 1/25
2026-03-10 11:10:09,112 [INFO] Extracting features: batch 11/25
2026-03-10 11:10:19,093 [INFO] Extracting features: batch 21/25
2026-03-10 11:10:24,128 [INFO] Extracted raw features: shape = (200, 32896)
2026-03-10 11:10:24,182 [INFO] Fitted scaler on Gram features: mean=3.25e-05, std=5.46e-04
2026-03-10 11:10:24,182 [INFO] Final feature shape: (200, 32896)
2026-03-10 11:10:24,214 [INFO]     Calcul D_rq par 10 chunks de 500 images...
2026-03-10 11:10:24,412 [INFO] Extracting features: batch 1/63
2026-03-10 11:10:34,496 [INFO] Extracting features: batch 11/63
2026-03-10 11:10:44,508 [INFO] Extracting features: batch 21/63
2026-03-10 11:10:54,487 [INFO] Extracting features: batch 31/63
2026-03-10 11:11:04,504 [INFO] Extracting features: batch 41/63
2026-03-10 11:11:14,515 [INFO] Extracting features: batch 51/63
2026-03-10 11:11:24,507 [INFO] Extracting features: batch 61/63
2026-03-10 11:11:27,444 [INFO] Extracted raw features: shape = (500, 32896)
2026-03-10 11:11:27,490 [INFO] Final feature shape: (500, 32896)
2026-03-10 11:11:27,902 [INFO] Extracting features: batch 1/63
2026-03-10 11:11:37,878 [INFO] Extracting features: batch 11/63
2026-03-10 11:11:47,919 [INFO] Extracting features: batch 21/63
2026-03-10 11:11:57,904 [INFO] Extracting features: batch 31/63
2026-03-10 11:12:07,915 [INFO] Extracting features: batch 41/63
2026-03-10 11:12:17,992 [INFO] Extracting features: batch 51/63
2026-03-10 11:12:28,111 [INFO] Extracting features: batch 61/63
2026-03-10 11:12:30,655 [INFO] Extracted raw features: shape = (500, 32896)
2026-03-10 11:12:30,709 [INFO] Final feature shape: (500, 32896)
2026-03-10 11:12:30,940 [INFO]       chunk 2/10
2026-03-10 11:12:31,146 [INFO] Extracting features: batch 1/63
2026-03-10 11:12:41,307 [INFO] Extracting features: batch 11/63
2026-03-10 11:12:51,462 [INFO] Extracting features: batch 21/63
2026-03-10 11:13:01,681 [INFO] Extracting features: batch 31/63
2026-03-10 11:13:11,677 [INFO] Extracting features: batch 41/63
2026-03-10 11:13:21,734 [INFO] Extracting features: batch 51/63
2026-03-10 11:13:31,856 [INFO] Extracting features: batch 61/63
2026-03-10 11:13:34,441 [INFO] Extracted raw features: shape = (500, 32896)
2026-03-10 11:13:34,501 [INFO] Final feature shape: (500, 32896)
2026-03-10 11:13:34,925 [INFO] Extracting features: batch 1/63
2026-03-10 11:13:45,063 [INFO] Extracting features: batch 11/63
2026-03-10 11:13:55,093 [INFO] Extracting features: batch 21/63
2026-03-10 11:14:05,156 [INFO] Extracting features: batch 31/63
2026-03-10 11:14:15,299 [INFO] Extracting features: batch 41/63
2026-03-10 11:14:25,377 [INFO] Extracting features: batch 51/63
2026-03-10 11:14:35,479 [INFO] Extracting features: batch 61/63
2026-03-10 11:14:38,065 [INFO] Extracted raw features: shape = (500, 32896)
2026-03-10 11:14:38,120 [INFO] Final feature shape: (500, 32896)
2026-03-10 11:14:38,348 [INFO]       chunk 4/10
2026-03-10 11:14:38,563 [INFO] Extracting features: batch 1/63
2026-03-10 11:14:48,706 [INFO] Extracting features: batch 11/63
2026-03-10 11:14:58,890 [INFO] Extracting features: batch 21/63
2026-03-10 11:15:09,068 [INFO] Extracting features: batch 31/63
2026-03-10 11:15:19,244 [INFO] Extracting features: batch 41/63
2026-03-10 11:15:29,230 [INFO] Extracting features: batch 51/63
2026-03-10 11:15:39,214 [INFO] Extracting features: batch 61/63
2026-03-10 11:15:41,791 [INFO] Extracted raw features: shape = (500, 32896)
2026-03-10 11:15:41,844 [INFO] Final feature shape: (500, 32896)
2026-03-10 11:15:42,255 [INFO] Extracting features: batch 1/63
2026-03-10 11:15:52,261 [INFO] Extracting features: batch 11/63
2026-03-10 11:16:02,258 [INFO] Extracting features: batch 21/63
2026-03-10 11:16:12,404 [INFO] Extracting features: batch 31/63
2026-03-10 11:16:22,604 [INFO] Extracting features: batch 41/63
2026-03-10 11:16:32,591 [INFO] Extracting features: batch 51/63
2026-03-10 11:16:42,581 [INFO] Extracting features: batch 61/63
2026-03-10 11:16:45,112 [INFO] Extracted raw features: shape = (500, 32896)
2026-03-10 11:16:45,159 [INFO] Final feature shape: (500, 32896)
2026-03-10 11:16:45,374 [INFO]       chunk 6/10
2026-03-10 11:16:45,556 [INFO] Extracting features: batch 1/63
2026-03-10 11:16:55,584 [INFO] Extracting features: batch 11/63
2026-03-10 11:17:05,591 [INFO] Extracting features: batch 21/63
2026-03-10 11:17:15,620 [INFO] Extracting features: batch 31/63
2026-03-10 11:17:25,622 [INFO] Extracting features: batch 41/63
2026-03-10 11:17:35,734 [INFO] Extracting features: batch 51/63
2026-03-10 11:17:45,821 [INFO] Extracting features: batch 61/63
2026-03-10 11:17:48,346 [INFO] Extracted raw features: shape = (500, 32896)
2026-03-10 11:17:48,392 [INFO] Final feature shape: (500, 32896)
2026-03-10 11:17:48,803 [INFO] Extracting features: batch 1/63
2026-03-10 11:17:58,801 [INFO] Extracting features: batch 11/63
2026-03-10 11:18:08,850 [INFO] Extracting features: batch 21/63
2026-03-10 11:18:19,085 [INFO] Extracting features: batch 31/63
2026-03-10 11:18:29,189 [INFO] Extracting features: batch 41/63
2026-03-10 11:18:39,225 [INFO] Extracting features: batch 51/63
2026-03-10 11:18:49,362 [INFO] Extracting features: batch 61/63
2026-03-10 11:18:51,886 [INFO] Extracted raw features: shape = (500, 32896)
2026-03-10 11:18:51,939 [INFO] Final feature shape: (500, 32896)
2026-03-10 11:18:52,160 [INFO]       chunk 8/10
2026-03-10 11:18:52,401 [INFO] Extracting features: batch 1/63
2026-03-10 11:19:02,567 [INFO] Extracting features: batch 11/63
2026-03-10 11:19:12,590 [INFO] Extracting features: batch 21/63
2026-03-10 11:19:22,757 [INFO] Extracting features: batch 31/63
2026-03-10 11:19:32,764 [INFO] Extracting features: batch 41/63
2026-03-10 11:19:42,923 [INFO] Extracting features: batch 51/63
2026-03-10 11:19:52,991 [INFO] Extracting features: batch 61/63
2026-03-10 11:19:55,578 [INFO] Extracted raw features: shape = (500, 32896)
2026-03-10 11:19:55,629 [INFO] Final feature shape: (500, 32896)
2026-03-10 11:19:56,033 [INFO] Extracting features: batch 1/63
2026-03-10 11:20:06,131 [INFO] Extracting features: batch 11/63
2026-03-10 11:20:16,165 [INFO] Extracting features: batch 21/63
2026-03-10 11:20:26,342 [INFO] Extracting features: batch 31/63
2026-03-10 11:20:36,524 [INFO] Extracting features: batch 41/63
2026-03-10 11:20:46,534 [INFO] Extracting features: batch 51/63
2026-03-10 11:20:56,626 [INFO] Extracting features: batch 61/63
2026-03-10 11:20:59,237 [INFO] Extracted raw features: shape = (500, 32896)
2026-03-10 11:20:59,293 [INFO] Final feature shape: (500, 32896)
2026-03-10 11:20:59,523 [INFO]       chunk 10/10
2026-03-10 11:20:59,528 [INFO]     D_rr (156 Ko) et D_rq (3906 Ko) sauvegardés
2026-03-10 11:20:59,531 [INFO]     median_D_rr=3.991e+04  gamma_med=1.253e-05  feat_dim=32896
2026-03-10 11:20:59,724 [INFO]     gamma=     med  ρ=+0.0484  mono=0.302  τ=+0.1254  K_rq=0.5736
2026-03-10 11:20:59,918 [INFO]     gamma= 2.8e-05  ρ=+0.0462  mono=0.297  τ=+0.1328  K_rq=0.3553
2026-03-10 11:21:00,116 [INFO]     gamma= 1.0e-07  ρ=+0.0540  mono=0.309  τ=+0.1271  K_rq=0.9937
2026-03-10 11:21:00,308 [INFO]     gamma= 5.0e-07  ρ=+0.0534  mono=0.305  τ=+0.1267  K_rq=0.9698
2026-03-10 11:21:00,499 [INFO]     gamma= 1.0e-06  ρ=+0.0527  mono=0.305  τ=+0.1260  K_rq=0.9421
2026-03-10 11:21:00,688 [INFO]     gamma= 5.0e-06  ρ=+0.0501  mono=0.300  τ=+0.1222  K_rq=0.7731
2026-03-10 11:21:00,882 [INFO]     gamma= 1.0e-05  ρ=+0.0488  mono=0.301  τ=+0.1244  K_rq=0.6297
2026-03-10 11:21:01,082 [INFO]     gamma= 5.0e-05  ρ=+0.0434  mono=0.296  τ=+0.1470  K_rq=0.2106
2026-03-10 11:21:01,273 [INFO]     gamma= 1.0e-04  ρ=+0.0412  mono=0.320  τ=+0.1966  K_rq=0.0885
2026-03-10 11:21:01,461 [INFO]     gamma= 1.0e-03  ρ=+0.3714  mono=0.601  τ=+0.5110  K_rq=0.0024
dc_ae:   5%|▍         | 1/22 [11:06<3:53:22, 666.80s/layer]2026-03-10 11:21:01,598 [INFO] 
  Layer 1 — encoder.down_blocks.0.0
2026-03-10 11:21:01,598 [INFO] Loading backbone: dc_ae
Cannot initialize model with low cpu memory usage because `accelerate` was not found in the environment. Defaulting to `low_cpu_mem_usage=False`. It is strongly recommended to install `accelerate` for faster and less memory-intense model loading. You can do so with: 
```
pip install accelerate
```
.
/home/jnapolitano/Documents/metrique/.venv/lib/python3.12/site-packages/huggingface_hub/utils/_validators.py:202: UserWarning: The `local_dir_use_symlinks` argument is deprecated and ignored in `hf_hub_download`. Downloading to a local directory does not use symlinks anymore.
  warnings.warn(
2026-03-10 11:21:01,778 [INFO] HTTP Request: HEAD https://huggingface.co/mit-han-lab/dc-ae-f64c128-in-1.0-diffusers/resolve/main/config.json "HTTP/1.1 307 Temporary Redirect"
2026-03-10 11:21:01,791 [INFO] HTTP Request: HEAD https://huggingface.co/api/resolve-cache/models/mit-han-lab/dc-ae-f64c128-in-1.0-diffusers/d58275ea9674845e5e36cbf280987f67bee0e85c/config.json "HTTP/1.1 200 OK"
2026-03-10 11:21:01,914 [INFO] HTTP Request: HEAD https://huggingface.co/mit-han-lab/dc-ae-f64c128-in-1.0-diffusers/resolve/d58275ea9674845e5e36cbf280987f67bee0e85c/diffusion_pytorch_model.safetensors.index.json "HTTP/1.1 404 Not Found"
2026-03-10 11:21:02,587 [WARNING] Could not register hook on encoder.down_blocks.0.0: index 0 is out of range
2026-03-10 11:21:02,589 [INFO]     Extraction anchor (200 images)...
2026-03-10 11:21:02,827 [INFO] Extracting features: batch 1/25
2026-03-10 11:21:02,850 [ERROR]     Distance échouée : No features were captured from any layer
dc_ae:   9%|▉         | 2/22 [11:08<1:31:46, 275.35s/layer]2026-03-10 11:21:02,932 [INFO] 
  Layer 2 — encoder.down_blocks.0.1
2026-03-10 11:21:02,932 [INFO] Loading backbone: dc_ae
Cannot initialize model with low cpu memory usage because `accelerate` was not found in the environment. Defaulting to `low_cpu_mem_usage=False`. It is strongly recommended to install `accelerate` for faster and less memory-intense model loading. You can do so with: 
```
pip install accelerate
```
.
2026-03-10 11:21:03,048 [INFO] HTTP Request: HEAD https://huggingface.co/mit-han-lab/dc-ae-f64c128-in-1.0-diffusers/resolve/main/config.json "HTTP/1.1 307 Temporary Redirect"
2026-03-10 11:21:03,061 [INFO] HTTP Request: HEAD https://huggingface.co/api/resolve-cache/models/mit-han-lab/dc-ae-f64c128-in-1.0-diffusers/d58275ea9674845e5e36cbf280987f67bee0e85c/config.json "HTTP/1.1 200 OK"
2026-03-10 11:21:03,171 [INFO] HTTP Request: HEAD https://huggingface.co/mit-han-lab/dc-ae-f64c128-in-1.0-diffusers/resolve/d58275ea9674845e5e36cbf280987f67bee0e85c/diffusion_pytorch_model.safetensors.index.json "HTTP/1.1 404 Not Found"
2026-03-10 11:21:04,780 [WARNING] Could not register hook on encoder.down_blocks.0.1: index 1 is out of range
2026-03-10 11:21:04,783 [INFO]     Extraction anchor (200 images)...
2026-03-10 11:21:05,071 [INFO] Extracting features: batch 1/25
2026-03-10 11:21:05,101 [ERROR]     Distance échouée : No features were captured from any layer
dc_ae:  14%|█▎        | 3/22 [11:10<47:42, 150.65s/layer]  2026-03-10 11:21:05,196 [INFO] 
  Layer 3 — encoder.down_blocks.0.2
2026-03-10 11:21:05,196 [INFO] Loading backbone: dc_ae
Cannot initialize model with low cpu memory usage because `accelerate` was not found in the environment. Defaulting to `low_cpu_mem_usage=False`. It is strongly recommended to install `accelerate` for faster and less memory-intense model loading. You can do so with: 
```
pip install accelerate
```
.
2026-03-10 11:21:05,314 [INFO] HTTP Request: HEAD https://huggingface.co/mit-han-lab/dc-ae-f64c128-in-1.0-diffusers/resolve/main/config.json "HTTP/1.1 307 Temporary Redirect"
2026-03-10 11:21:05,328 [INFO] HTTP Request: HEAD https://huggingface.co/api/resolve-cache/models/mit-han-lab/dc-ae-f64c128-in-1.0-diffusers/d58275ea9674845e5e36cbf280987f67bee0e85c/config.json "HTTP/1.1 200 OK"
2026-03-10 11:21:05,443 [INFO] HTTP Request: HEAD https://huggingface.co/mit-han-lab/dc-ae-f64c128-in-1.0-diffusers/resolve/d58275ea9674845e5e36cbf280987f67bee0e85c/diffusion_pytorch_model.safetensors.index.json "HTTP/1.1 404 Not Found"
2026-03-10 11:21:07,033 [WARNING] Could not register hook on encoder.down_blocks.0.2: index 2 is out of range
2026-03-10 11:21:07,034 [INFO]     Extraction anchor (200 images)...
2026-03-10 11:21:07,259 [INFO] Extracting features: batch 1/25
2026-03-10 11:21:07,284 [ERROR]     Distance échouée : No features were captured from any layer
dc_ae:  18%|█▊        | 4/22 [11:12<27:36, 92.04s/layer] 2026-03-10 11:21:07,380 [INFO] 
  Layer 4 — encoder.down_blocks.1.0
2026-03-10 11:21:07,380 [INFO] Loading backbone: dc_ae
Cannot initialize model with low cpu memory usage because `accelerate` was not found in the environment. Defaulting to `low_cpu_mem_usage=False`. It is strongly recommended to install `accelerate` for faster and less memory-intense model loading. You can do so with: 
```
pip install accelerate
```
.
2026-03-10 11:21:07,517 [INFO] HTTP Request: HEAD https://huggingface.co/mit-han-lab/dc-ae-f64c128-in-1.0-diffusers/resolve/main/config.json "HTTP/1.1 307 Temporary Redirect"
2026-03-10 11:21:07,532 [INFO] HTTP Request: HEAD https://huggingface.co/api/resolve-cache/models/mit-han-lab/dc-ae-f64c128-in-1.0-diffusers/d58275ea9674845e5e36cbf280987f67bee0e85c/config.json "HTTP/1.1 200 OK"
2026-03-10 11:21:07,717 [INFO] HTTP Request: HEAD https://huggingface.co/mit-han-lab/dc-ae-f64c128-in-1.0-diffusers/resolve/d58275ea9674845e5e36cbf280987f67bee0e85c/diffusion_pytorch_model.safetensors.index.json "HTTP/1.1 404 Not Found"
2026-03-10 11:21:09,193 [INFO]     Extraction anchor (200 images)...
2026-03-10 11:21:09,415 [INFO] Extracting features: batch 1/25
2026-03-10 11:21:19,520 [INFO] Extracting features: batch 11/25
2026-03-10 11:21:29,561 [INFO] Extracting features: batch 21/25
2026-03-10 11:21:34,761 [INFO] Extracted raw features: shape = (200, 32896)
2026-03-10 11:21:34,902 [INFO] Fitted scaler on Gram features: mean=5.39e-03, std=6.30e-02
2026-03-10 11:21:34,902 [INFO] Final feature shape: (200, 32896)
2026-03-10 11:21:34,956 [INFO]     Calcul D_rq par 10 chunks de 500 images...
2026-03-10 11:21:35,179 [INFO] Extracting features: batch 1/63
2026-03-10 11:21:45,340 [INFO] Extracting features: batch 11/63
2026-03-10 11:21:55,549 [INFO] Extracting features: batch 21/63
2026-03-10 11:22:05,725 [INFO] Extracting features: batch 31/63
2026-03-10 11:22:15,873 [INFO] Extracting features: batch 41/63
2026-03-10 11:22:25,895 [INFO] Extracting features: batch 51/63
2026-03-10 11:22:36,037 [INFO] Extracting features: batch 61/63
2026-03-10 11:22:38,607 [INFO] Extracted raw features: shape = (500, 32896)
2026-03-10 11:22:38,657 [INFO] Final feature shape: (500, 32896)
2026-03-10 11:22:39,131 [INFO] Extracting features: batch 1/63
2026-03-10 11:22:49,335 [INFO] Extracting features: batch 11/63
2026-03-10 11:22:59,509 [INFO] Extracting features: batch 21/63
2026-03-10 11:23:09,748 [INFO] Extracting features: batch 31/63
2026-03-10 11:23:19,917 [INFO] Extracting features: batch 41/63
2026-03-10 11:23:30,076 [INFO] Extracting features: batch 51/63
2026-03-10 11:23:40,099 [INFO] Extracting features: batch 61/63
2026-03-10 11:23:42,638 [INFO] Extracted raw features: shape = (500, 32896)
2026-03-10 11:23:42,690 [INFO] Final feature shape: (500, 32896)
2026-03-10 11:23:42,928 [INFO]       chunk 2/10
2026-03-10 11:23:43,161 [INFO] Extracting features: batch 1/63
2026-03-10 11:23:53,277 [INFO] Extracting features: batch 11/63
2026-03-10 11:24:03,298 [INFO] Extracting features: batch 21/63
2026-03-10 11:24:13,520 [INFO] Extracting features: batch 31/63
2026-03-10 11:24:23,658 [INFO] Extracting features: batch 41/63
2026-03-10 11:24:33,679 [INFO] Extracting features: batch 51/63
2026-03-10 11:24:43,766 [INFO] Extracting features: batch 61/63
2026-03-10 11:24:46,357 [INFO] Extracted raw features: shape = (500, 32896)
2026-03-10 11:24:46,411 [INFO] Final feature shape: (500, 32896)
2026-03-10 11:24:46,848 [INFO] Extracting features: batch 1/63
2026-03-10 11:24:56,879 [INFO] Extracting features: batch 11/63
2026-03-10 11:25:07,043 [INFO] Extracting features: batch 21/63
2026-03-10 11:25:17,085 [INFO] Extracting features: batch 31/63
2026-03-10 11:25:27,235 [INFO] Extracting features: batch 41/63
2026-03-10 11:25:37,360 [INFO] Extracting features: batch 51/63
2026-03-10 11:25:47,585 [INFO] Extracting features: batch 61/63
2026-03-10 11:25:50,152 [INFO] Extracted raw features: shape = (500, 32896)
2026-03-10 11:25:50,201 [INFO] Final feature shape: (500, 32896)
2026-03-10 11:25:50,443 [INFO]       chunk 4/10
2026-03-10 11:25:50,649 [INFO] Extracting features: batch 1/63
2026-03-10 11:26:00,761 [INFO] Extracting features: batch 11/63
2026-03-10 11:26:10,869 [INFO] Extracting features: batch 21/63
2026-03-10 11:26:21,066 [INFO] Extracting features: batch 31/63
2026-03-10 11:26:31,226 [INFO] Extracting features: batch 41/63
2026-03-10 11:26:41,254 [INFO] Extracting features: batch 51/63
2026-03-10 11:26:51,508 [INFO] Extracting features: batch 61/63
2026-03-10 11:26:54,109 [INFO] Extracted raw features: shape = (500, 32896)
2026-03-10 11:26:54,163 [INFO] Final feature shape: (500, 32896)
2026-03-10 11:26:54,584 [INFO] Extracting features: batch 1/63
2026-03-10 11:27:04,834 [INFO] Extracting features: batch 11/63
2026-03-10 11:27:14,998 [INFO] Extracting features: batch 21/63
2026-03-10 11:27:25,176 [INFO] Extracting features: batch 31/63
2026-03-10 11:27:35,298 [INFO] Extracting features: batch 41/63
2026-03-10 11:27:45,528 [INFO] Extracting features: batch 51/63
2026-03-10 11:27:55,596 [INFO] Extracting features: batch 61/63
2026-03-10 11:27:58,131 [INFO] Extracted raw features: shape = (500, 32896)
2026-03-10 11:27:58,183 [INFO] Final feature shape: (500, 32896)
2026-03-10 11:27:58,414 [INFO]       chunk 6/10
2026-03-10 11:27:58,614 [INFO] Extracting features: batch 1/63
2026-03-10 11:28:08,770 [INFO] Extracting features: batch 11/63
2026-03-10 11:28:18,822 [INFO] Extracting features: batch 21/63
2026-03-10 11:28:28,841 [INFO] Extracting features: batch 31/63
2026-03-10 11:28:38,979 [INFO] Extracting features: batch 41/63
2026-03-10 11:28:48,973 [INFO] Extracting features: batch 51/63
2026-03-10 11:28:59,004 [INFO] Extracting features: batch 61/63
2026-03-10 11:29:01,598 [INFO] Extracted raw features: shape = (500, 32896)
2026-03-10 11:29:01,652 [INFO] Final feature shape: (500, 32896)
2026-03-10 11:29:02,078 [INFO] Extracting features: batch 1/63
2026-03-10 11:29:12,295 [INFO] Extracting features: batch 11/63
2026-03-10 11:29:22,387 [INFO] Extracting features: batch 21/63
2026-03-10 11:29:32,386 [INFO] Extracting features: batch 31/63
2026-03-10 11:29:42,553 [INFO] Extracting features: batch 41/63
2026-03-10 11:29:52,753 [INFO] Extracting features: batch 51/63
2026-03-10 11:30:02,894 [INFO] Extracting features: batch 61/63
2026-03-10 11:30:05,454 [INFO] Extracted raw features: shape = (500, 32896)
2026-03-10 11:30:05,504 [INFO] Final feature shape: (500, 32896)
2026-03-10 11:30:05,727 [INFO]       chunk 8/10
2026-03-10 11:30:05,955 [INFO] Extracting features: batch 1/63
2026-03-10 11:30:15,929 [INFO] Extracting features: batch 11/63
2026-03-10 11:30:25,913 [INFO] Extracting features: batch 21/63
2026-03-10 11:30:35,919 [INFO] Extracting features: batch 31/63
2026-03-10 11:30:45,995 [INFO] Extracting features: batch 41/63
2026-03-10 11:30:56,141 [INFO] Extracting features: batch 51/63
2026-03-10 11:31:06,105 [INFO] Extracting features: batch 61/63
2026-03-10 11:31:08,669 [INFO] Extracted raw features: shape = (500, 32896)
2026-03-10 11:31:08,718 [INFO] Final feature shape: (500, 32896)
2026-03-10 11:31:09,158 [INFO] Extracting features: batch 1/63
2026-03-10 11:31:19,160 [INFO] Extracting features: batch 11/63
2026-03-10 11:31:29,133 [INFO] Extracting features: batch 21/63
2026-03-10 11:31:39,101 [INFO] Extracting features: batch 31/63
2026-03-10 11:31:49,102 [INFO] Extracting features: batch 41/63
2026-03-10 11:31:59,144 [INFO] Extracting features: batch 51/63
2026-03-10 11:32:09,138 [INFO] Extracting features: batch 61/63
2026-03-10 11:32:11,661 [INFO] Extracted raw features: shape = (500, 32896)
2026-03-10 11:32:11,710 [INFO] Final feature shape: (500, 32896)
2026-03-10 11:32:11,917 [INFO]       chunk 10/10
2026-03-10 11:32:11,920 [INFO]     D_rr (156 Ko) et D_rq (3906 Ko) sauvegardés
2026-03-10 11:32:11,922 [INFO]     median_D_rr=5.129e+04  gamma_med=9.749e-06  feat_dim=32896
2026-03-10 11:32:12,111 [INFO]     gamma=     med  ρ=+0.3253  mono=0.497  τ=+0.4610  K_rq=0.4893
2026-03-10 11:32:12,300 [INFO]     gamma= 2.8e-05  ρ=+0.2980  mono=0.483  τ=+0.4389  K_rq=0.1987
2026-03-10 11:32:12,488 [INFO]     gamma= 1.0e-07  ρ=+0.3533  mono=0.499  τ=+0.4905  K_rq=0.9907
2026-03-10 11:32:12,682 [INFO]     gamma= 5.0e-07  ρ=+0.3516  mono=0.496  τ=+0.4876  K_rq=0.9551
2026-03-10 11:32:12,873 [INFO]     gamma= 1.0e-06  ρ=+0.3497  mono=0.497  τ=+0.4856  K_rq=0.9136
2026-03-10 11:32:13,059 [INFO]     gamma= 5.0e-06  ρ=+0.3368  mono=0.499  τ=+0.4740  K_rq=0.6673
2026-03-10 11:32:13,247 [INFO]     gamma= 1.0e-05  ρ=+0.3248  mono=0.497  τ=+0.4598  K_rq=0.4820
2026-03-10 11:32:13,434 [INFO]     gamma= 5.0e-05  ρ=+0.2821  mono=0.486  τ=+0.4366  K_rq=0.0893
2026-03-10 11:32:13,623 [INFO]     gamma= 1.0e-04  ρ=+0.2826  mono=0.523  τ=+0.4500  K_rq=0.0242
2026-03-10 11:32:13,817 [INFO]     gamma= 1.0e-03  ρ=+0.5208  mono=0.284  τ=+0.7424  K_rq=0.0005
dc_ae:  23%|██▎       | 5/22 [22:19<1:24:46, 299.22s/layer]2026-03-10 11:32:13,941 [INFO] 
  Layer 5 — encoder.down_blocks.1.1
2026-03-10 11:32:13,941 [INFO] Loading backbone: dc_ae
Cannot initialize model with low cpu memory usage because `accelerate` was not found in the environment. Defaulting to `low_cpu_mem_usage=False`. It is strongly recommended to install `accelerate` for faster and less memory-intense model loading. You can do so with: 
```
pip install accelerate
```
.
/home/jnapolitano/Documents/metrique/.venv/lib/python3.12/site-packages/huggingface_hub/utils/_validators.py:202: UserWarning: The `local_dir_use_symlinks` argument is deprecated and ignored in `hf_hub_download`. Downloading to a local directory does not use symlinks anymore.
  warnings.warn(
2026-03-10 11:32:14,132 [INFO] HTTP Request: HEAD https://huggingface.co/mit-han-lab/dc-ae-f64c128-in-1.0-diffusers/resolve/main/config.json "HTTP/1.1 307 Temporary Redirect"
2026-03-10 11:32:14,145 [INFO] HTTP Request: HEAD https://huggingface.co/api/resolve-cache/models/mit-han-lab/dc-ae-f64c128-in-1.0-diffusers/d58275ea9674845e5e36cbf280987f67bee0e85c/config.json "HTTP/1.1 200 OK"
2026-03-10 11:32:14,257 [INFO] HTTP Request: HEAD https://huggingface.co/mit-han-lab/dc-ae-f64c128-in-1.0-diffusers/resolve/d58275ea9674845e5e36cbf280987f67bee0e85c/diffusion_pytorch_model.safetensors.index.json "HTTP/1.1 404 Not Found"
2026-03-10 11:32:14,978 [INFO]     Extraction anchor (200 images)...
2026-03-10 11:32:15,235 [INFO] Extracting features: batch 1/25
2026-03-10 11:32:25,362 [INFO] Extracting features: batch 11/25
2026-03-10 11:32:35,521 [INFO] Extracting features: batch 21/25
2026-03-10 11:32:40,521 [INFO] Extracted raw features: shape = (200, 32896)
2026-03-10 11:32:40,590 [INFO] Fitted scaler on Gram features: mean=5.23e-03, std=4.82e-02
2026-03-10 11:32:40,590 [INFO] Final feature shape: (200, 32896)
2026-03-10 11:32:40,630 [INFO]     Calcul D_rq par 10 chunks de 500 images...
2026-03-10 11:32:40,839 [INFO] Extracting features: batch 1/63
2026-03-10 11:32:50,916 [INFO] Extracting features: batch 11/63
2026-03-10 11:33:00,945 [INFO] Extracting features: batch 21/63
2026-03-10 11:33:11,076 [INFO] Extracting features: batch 31/63
2026-03-10 11:33:21,128 [INFO] Extracting features: batch 41/63
2026-03-10 11:33:31,109 [INFO] Extracting features: batch 51/63
2026-03-10 11:33:41,115 [INFO] Extracting features: batch 61/63
2026-03-10 11:33:43,639 [INFO] Extracted raw features: shape = (500, 32896)
2026-03-10 11:33:43,689 [INFO] Final feature shape: (500, 32896)
2026-03-10 11:33:44,157 [INFO] Extracting features: batch 1/63
2026-03-10 11:33:54,290 [INFO] Extracting features: batch 11/63
2026-03-10 11:34:04,248 [INFO] Extracting features: batch 21/63
2026-03-10 11:34:14,247 [INFO] Extracting features: batch 31/63
2026-03-10 11:34:24,280 [INFO] Extracting features: batch 41/63
2026-03-10 11:34:34,364 [INFO] Extracting features: batch 51/63
2026-03-10 11:34:44,485 [INFO] Extracting features: batch 61/63
2026-03-10 11:34:47,008 [INFO] Extracted raw features: shape = (500, 32896)
2026-03-10 11:34:47,056 [INFO] Final feature shape: (500, 32896)
2026-03-10 11:34:47,305 [INFO]       chunk 2/10
2026-03-10 11:34:47,511 [INFO] Extracting features: batch 1/63
2026-03-10 11:34:57,641 [INFO] Extracting features: batch 11/63
2026-03-10 11:35:07,675 [INFO] Extracting features: batch 21/63
2026-03-10 11:35:17,671 [INFO] Extracting features: batch 31/63
2026-03-10 11:35:27,629 [INFO] Extracting features: batch 41/63
2026-03-10 11:35:37,627 [INFO] Extracting features: batch 51/63
2026-03-10 11:35:47,610 [INFO] Extracting features: batch 61/63
2026-03-10 11:35:50,141 [INFO] Extracted raw features: shape = (500, 32896)
2026-03-10 11:35:50,191 [INFO] Final feature shape: (500, 32896)
2026-03-10 11:35:50,664 [INFO] Extracting features: batch 1/63
2026-03-10 11:36:00,658 [INFO] Extracting features: batch 11/63
2026-03-10 11:36:10,806 [INFO] Extracting features: batch 21/63
2026-03-10 11:36:20,859 [INFO] Extracting features: batch 31/63
2026-03-10 11:36:30,951 [INFO] Extracting features: batch 41/63
2026-03-10 11:36:40,999 [INFO] Extracting features: batch 51/63
2026-03-10 11:36:51,022 [INFO] Extracting features: batch 61/63
2026-03-10 11:36:53,539 [INFO] Extracted raw features: shape = (500, 32896)
2026-03-10 11:36:53,588 [INFO] Final feature shape: (500, 32896)
2026-03-10 11:36:53,805 [INFO]       chunk 4/10
2026-03-10 11:36:54,014 [INFO] Extracting features: batch 1/63
2026-03-10 11:37:04,039 [INFO] Extracting features: batch 11/63
2026-03-10 11:37:14,112 [INFO] Extracting features: batch 21/63
2026-03-10 11:37:24,187 [INFO] Extracting features: batch 31/63
2026-03-10 11:37:34,188 [INFO] Extracting features: batch 41/63
2026-03-10 11:37:44,199 [INFO] Extracting features: batch 51/63
2026-03-10 11:37:54,216 [INFO] Extracting features: batch 61/63
2026-03-10 11:37:56,779 [INFO] Extracted raw features: shape = (500, 32896)
2026-03-10 11:37:56,825 [INFO] Final feature shape: (500, 32896)
2026-03-10 11:37:57,239 [INFO] Extracting features: batch 1/63
2026-03-10 11:38:07,241 [INFO] Extracting features: batch 11/63
2026-03-10 11:38:17,183 [INFO] Extracting features: batch 21/63
2026-03-10 11:38:27,193 [INFO] Extracting features: batch 31/63
2026-03-10 11:38:37,164 [INFO] Extracting features: batch 41/63
2026-03-10 11:38:47,211 [INFO] Extracting features: batch 51/63
2026-03-10 11:38:57,155 [INFO] Extracting features: batch 61/63
2026-03-10 11:38:59,675 [INFO] Extracted raw features: shape = (500, 32896)
2026-03-10 11:38:59,722 [INFO] Final feature shape: (500, 32896)
2026-03-10 11:38:59,936 [INFO]       chunk 6/10
2026-03-10 11:39:00,138 [INFO] Extracting features: batch 1/63
2026-03-10 11:39:10,186 [INFO] Extracting features: batch 11/63
2026-03-10 11:39:20,149 [INFO] Extracting features: batch 21/63
2026-03-10 11:39:30,169 [INFO] Extracting features: batch 31/63
2026-03-10 11:39:40,157 [INFO] Extracting features: batch 41/63
2026-03-10 11:39:50,168 [INFO] Extracting features: batch 51/63
2026-03-10 11:40:00,142 [INFO] Extracting features: batch 61/63
2026-03-10 11:40:02,663 [INFO] Extracted raw features: shape = (500, 32896)
2026-03-10 11:40:02,712 [INFO] Final feature shape: (500, 32896)
2026-03-10 11:40:03,145 [INFO] Extracting features: batch 1/63
2026-03-10 11:40:13,180 [INFO] Extracting features: batch 11/63
2026-03-10 11:40:23,123 [INFO] Extracting features: batch 21/63
2026-03-10 11:40:33,156 [INFO] Extracting features: batch 31/63
2026-03-10 11:40:43,138 [INFO] Extracting features: batch 41/63
2026-03-10 11:40:53,123 [INFO] Extracting features: batch 51/63
2026-03-10 11:41:03,115 [INFO] Extracting features: batch 61/63
2026-03-10 11:41:05,634 [INFO] Extracted raw features: shape = (500, 32896)
2026-03-10 11:41:05,680 [INFO] Final feature shape: (500, 32896)
2026-03-10 11:41:05,898 [INFO]       chunk 8/10
2026-03-10 11:41:06,109 [INFO] Extracting features: batch 1/63
2026-03-10 11:41:16,104 [INFO] Extracting features: batch 11/63
2026-03-10 11:41:26,164 [INFO] Extracting features: batch 21/63
2026-03-10 11:41:36,110 [INFO] Extracting features: batch 31/63
2026-03-10 11:41:46,101 [INFO] Extracting features: batch 41/63
2026-03-10 11:41:56,092 [INFO] Extracting features: batch 51/63
2026-03-10 11:42:06,128 [INFO] Extracting features: batch 61/63
2026-03-10 11:42:08,697 [INFO] Extracted raw features: shape = (500, 32896)
2026-03-10 11:42:08,746 [INFO] Final feature shape: (500, 32896)
2026-03-10 11:42:09,164 [INFO] Extracting features: batch 1/63
2026-03-10 11:42:19,283 [INFO] Extracting features: batch 11/63
2026-03-10 11:42:29,324 [INFO] Extracting features: batch 21/63
2026-03-10 11:42:39,484 [INFO] Extracting features: batch 31/63
2026-03-10 11:42:49,504 [INFO] Extracting features: batch 41/63
2026-03-10 11:42:59,169 [INFO] Extracting features: batch 51/63
2026-03-10 11:43:08,865 [INFO] Extracting features: batch 61/63
2026-03-10 11:43:11,316 [INFO] Extracted raw features: shape = (500, 32896)
2026-03-10 11:43:11,357 [INFO] Final feature shape: (500, 32896)
2026-03-10 11:43:11,547 [INFO]       chunk 10/10
2026-03-10 11:43:11,550 [INFO]     D_rr (156 Ko) et D_rq (3906 Ko) sauvegardés
2026-03-10 11:43:11,551 [INFO]     median_D_rr=4.960e+04  gamma_med=1.008e-05  feat_dim=32896
2026-03-10 11:43:11,741 [INFO]     gamma=     med  ρ=+0.3190  mono=0.572  τ=+0.4444  K_rq=0.4703
2026-03-10 11:43:11,933 [INFO]     gamma= 2.8e-05  ρ=+0.2944  mono=0.551  τ=+0.4154  K_rq=0.1974
2026-03-10 11:43:12,120 [INFO]     gamma= 1.0e-07  ρ=+0.3440  mono=0.595  τ=+0.4750  K_rq=0.9888
2026-03-10 11:43:12,306 [INFO]     gamma= 5.0e-07  ρ=+0.3427  mono=0.594  τ=+0.4736  K_rq=0.9469
2026-03-10 11:43:12,495 [INFO]     gamma= 1.0e-06  ρ=+0.3409  mono=0.592  τ=+0.4708  K_rq=0.9000
2026-03-10 11:43:12,680 [INFO]     gamma= 5.0e-06  ρ=+0.3297  mono=0.584  τ=+0.4570  K_rq=0.6493
2026-03-10 11:43:12,864 [INFO]     gamma= 1.0e-05  ρ=+0.3192  mono=0.572  τ=+0.4444  K_rq=0.4725
2026-03-10 11:43:13,049 [INFO]     gamma= 5.0e-05  ρ=+0.2783  mono=0.526  τ=+0.4034  K_rq=0.0876
2026-03-10 11:43:13,235 [INFO]     gamma= 1.0e-04  ρ=+0.2739  mono=0.377  τ=+0.3985  K_rq=0.0220
2026-03-10 11:43:13,422 [INFO]     gamma= 1.0e-03  ρ=+0.4998  mono=0.164  τ=+0.7316  K_rq=0.0003
dc_ae:  27%|██▋       | 6/22 [33:18<1:52:27, 421.74s/layer]2026-03-10 11:43:13,520 [INFO] 
  Layer 6 — encoder.down_blocks.1.2
2026-03-10 11:43:13,520 [INFO] Loading backbone: dc_ae
Cannot initialize model with low cpu memory usage because `accelerate` was not found in the environment. Defaulting to `low_cpu_mem_usage=False`. It is strongly recommended to install `accelerate` for faster and less memory-intense model loading. You can do so with: 
```
pip install accelerate
```
.
/home/jnapolitano/Documents/metrique/.venv/lib/python3.12/site-packages/huggingface_hub/utils/_validators.py:202: UserWarning: The `local_dir_use_symlinks` argument is deprecated and ignored in `hf_hub_download`. Downloading to a local directory does not use symlinks anymore.
  warnings.warn(
2026-03-10 11:43:13,699 [INFO] HTTP Request: HEAD https://huggingface.co/mit-han-lab/dc-ae-f64c128-in-1.0-diffusers/resolve/main/config.json "HTTP/1.1 307 Temporary Redirect"
2026-03-10 11:43:13,711 [INFO] HTTP Request: HEAD https://huggingface.co/api/resolve-cache/models/mit-han-lab/dc-ae-f64c128-in-1.0-diffusers/d58275ea9674845e5e36cbf280987f67bee0e85c/config.json "HTTP/1.1 200 OK"
2026-03-10 11:43:13,822 [INFO] HTTP Request: HEAD https://huggingface.co/mit-han-lab/dc-ae-f64c128-in-1.0-diffusers/resolve/d58275ea9674845e5e36cbf280987f67bee0e85c/diffusion_pytorch_model.safetensors.index.json "HTTP/1.1 404 Not Found"
2026-03-10 11:43:14,251 [INFO]     Extraction anchor (200 images)...
2026-03-10 11:43:14,447 [INFO] Extracting features: batch 1/25
2026-03-10 11:43:24,089 [INFO] Extracting features: batch 11/25
2026-03-10 11:43:33,705 [INFO] Extracting features: batch 21/25
2026-03-10 11:43:38,519 [INFO] Extracted raw features: shape = (200, 32896)
2026-03-10 11:43:38,581 [INFO] Fitted scaler on Gram features: mean=9.37e-03, std=5.82e-02
2026-03-10 11:43:38,581 [INFO] Final feature shape: (200, 32896)
2026-03-10 11:43:38,614 [INFO]     Calcul D_rq par 10 chunks de 500 images...
2026-03-10 11:43:38,792 [INFO] Extracting features: batch 1/63
2026-03-10 11:43:48,376 [INFO] Extracting features: batch 11/63
2026-03-10 11:43:58,036 [INFO] Extracting features: batch 21/63
2026-03-10 11:44:07,643 [INFO] Extracting features: batch 31/63
2026-03-10 11:44:17,246 [INFO] Extracting features: batch 41/63
2026-03-10 11:44:26,941 [INFO] Extracting features: batch 51/63
2026-03-10 11:44:36,556 [INFO] Extracting features: batch 61/63
2026-03-10 11:44:39,017 [INFO] Extracted raw features: shape = (500, 32896)
2026-03-10 11:44:39,060 [INFO] Final feature shape: (500, 32896)
2026-03-10 11:44:39,485 [INFO] Extracting features: batch 1/63
2026-03-10 11:44:49,105 [INFO] Extracting features: batch 11/63
2026-03-10 11:44:58,801 [INFO] Extracting features: batch 21/63
2026-03-10 11:45:08,401 [INFO] Extracting features: batch 31/63
2026-03-10 11:45:18,065 [INFO] Extracting features: batch 41/63
2026-03-10 11:45:27,726 [INFO] Extracting features: batch 51/63
2026-03-10 11:45:37,380 [INFO] Extracting features: batch 61/63
2026-03-10 11:45:39,835 [INFO] Extracted raw features: shape = (500, 32896)
2026-03-10 11:45:39,878 [INFO] Final feature shape: (500, 32896)
2026-03-10 11:45:40,076 [INFO]       chunk 2/10
2026-03-10 11:45:40,265 [INFO] Extracting features: batch 1/63
2026-03-10 11:45:49,922 [INFO] Extracting features: batch 11/63
2026-03-10 11:45:59,612 [INFO] Extracting features: batch 21/63
2026-03-10 11:46:09,300 [INFO] Extracting features: batch 31/63
2026-03-10 11:46:18,975 [INFO] Extracting features: batch 41/63
2026-03-10 11:46:28,590 [INFO] Extracting features: batch 51/63
2026-03-10 11:46:38,299 [INFO] Extracting features: batch 61/63
2026-03-10 11:46:40,767 [INFO] Extracted raw features: shape = (500, 32896)
2026-03-10 11:46:40,808 [INFO] Final feature shape: (500, 32896)
2026-03-10 11:46:41,185 [INFO] Extracting features: batch 1/63
2026-03-10 11:46:50,807 [INFO] Extracting features: batch 11/63
2026-03-10 11:47:00,437 [INFO] Extracting features: batch 21/63
2026-03-10 11:47:10,036 [INFO] Extracting features: batch 31/63
2026-03-10 11:47:19,703 [INFO] Extracting features: batch 41/63
2026-03-10 11:47:29,360 [INFO] Extracting features: batch 51/63
2026-03-10 11:47:39,011 [INFO] Extracting features: batch 61/63
2026-03-10 11:47:41,448 [INFO] Extracted raw features: shape = (500, 32896)
2026-03-10 11:47:41,489 [INFO] Final feature shape: (500, 32896)
2026-03-10 11:47:41,678 [INFO]       chunk 4/10
2026-03-10 11:47:41,865 [INFO] Extracting features: batch 1/63
2026-03-10 11:47:51,478 [INFO] Extracting features: batch 11/63
2026-03-10 11:48:01,080 [INFO] Extracting features: batch 21/63
2026-03-10 11:48:10,823 [INFO] Extracting features: batch 31/63
2026-03-10 11:48:20,518 [INFO] Extracting features: batch 41/63
2026-03-10 11:48:30,226 [INFO] Extracting features: batch 51/63
2026-03-10 11:48:39,934 [INFO] Extracting features: batch 61/63
2026-03-10 11:48:42,402 [INFO] Extracted raw features: shape = (500, 32896)
2026-03-10 11:48:42,444 [INFO] Final feature shape: (500, 32896)
2026-03-10 11:48:42,812 [INFO] Extracting features: batch 1/63
2026-03-10 11:48:52,476 [INFO] Extracting features: batch 11/63
2026-03-10 11:49:02,113 [INFO] Extracting features: batch 21/63
2026-03-10 11:49:11,803 [INFO] Extracting features: batch 31/63
2026-03-10 11:49:21,498 [INFO] Extracting features: batch 41/63
2026-03-10 11:49:31,145 [INFO] Extracting features: batch 51/63
2026-03-10 11:49:40,808 [INFO] Extracting features: batch 61/63
2026-03-10 11:49:43,259 [INFO] Extracted raw features: shape = (500, 32896)
2026-03-10 11:49:43,301 [INFO] Final feature shape: (500, 32896)
2026-03-10 11:49:43,488 [INFO]       chunk 6/10
2026-03-10 11:49:43,654 [INFO] Extracting features: batch 1/63
2026-03-10 11:49:53,294 [INFO] Extracting features: batch 11/63
2026-03-10 11:50:02,976 [INFO] Extracting features: batch 21/63
2026-03-10 11:50:12,638 [INFO] Extracting features: batch 31/63
2026-03-10 11:50:22,254 [INFO] Extracting features: batch 41/63
2026-03-10 11:50:31,893 [INFO] Extracting features: batch 51/63
2026-03-10 11:50:41,569 [INFO] Extracting features: batch 61/63
2026-03-10 11:50:44,000 [INFO] Extracted raw features: shape = (500, 32896)
2026-03-10 11:50:44,043 [INFO] Final feature shape: (500, 32896)
2026-03-10 11:50:44,421 [INFO] Extracting features: batch 1/63
2026-03-10 11:50:54,072 [INFO] Extracting features: batch 11/63
2026-03-10 11:51:03,711 [INFO] Extracting features: batch 21/63
2026-03-10 11:51:13,343 [INFO] Extracting features: batch 31/63
2026-03-10 11:51:23,005 [INFO] Extracting features: batch 41/63
2026-03-10 11:51:32,617 [INFO] Extracting features: batch 51/63
2026-03-10 11:51:42,301 [INFO] Extracting features: batch 61/63
2026-03-10 11:51:44,732 [INFO] Extracted raw features: shape = (500, 32896)
2026-03-10 11:51:44,774 [INFO] Final feature shape: (500, 32896)
2026-03-10 11:51:44,959 [INFO]       chunk 8/10
2026-03-10 11:51:45,160 [INFO] Extracting features: batch 1/63
2026-03-10 11:51:54,801 [INFO] Extracting features: batch 11/63
2026-03-10 11:52:04,464 [INFO] Extracting features: batch 21/63
2026-03-10 11:52:14,140 [INFO] Extracting features: batch 31/63
2026-03-10 11:52:23,813 [INFO] Extracting features: batch 41/63
2026-03-10 11:52:33,505 [INFO] Extracting features: batch 51/63
2026-03-10 11:52:43,190 [INFO] Extracting features: batch 61/63
2026-03-10 11:52:45,668 [INFO] Extracted raw features: shape = (500, 32896)
2026-03-10 11:52:45,711 [INFO] Final feature shape: (500, 32896)
2026-03-10 11:52:46,074 [INFO] Extracting features: batch 1/63
2026-03-10 11:52:55,771 [INFO] Extracting features: batch 11/63
2026-03-10 11:53:05,461 [INFO] Extracting features: batch 21/63
2026-03-10 11:53:15,103 [INFO] Extracting features: batch 31/63
2026-03-10 11:53:24,773 [INFO] Extracting features: batch 41/63
2026-03-10 11:53:34,443 [INFO] Extracting features: batch 51/63
2026-03-10 11:53:44,060 [INFO] Extracting features: batch 61/63
2026-03-10 11:53:46,512 [INFO] Extracted raw features: shape = (500, 32896)
2026-03-10 11:53:46,554 [INFO] Final feature shape: (500, 32896)
2026-03-10 11:53:46,738 [INFO]       chunk 10/10
2026-03-10 11:53:46,741 [INFO]     D_rr (156 Ko) et D_rq (3906 Ko) sauvegardés
2026-03-10 11:53:46,743 [INFO]     median_D_rr=5.346e+04  gamma_med=9.353e-06  feat_dim=32896
2026-03-10 11:53:46,931 [INFO]     gamma=     med  ρ=+0.5092  mono=0.700  τ=+0.7382  K_rq=0.3958
2026-03-10 11:53:47,121 [INFO]     gamma= 2.8e-05  ρ=+0.5061  mono=0.707  τ=+0.7370  K_rq=0.1197
2026-03-10 11:53:47,309 [INFO]     gamma= 1.0e-07  ρ=+0.5131  mono=0.707  τ=+0.7472  K_rq=0.9871
2026-03-10 11:53:47,496 [INFO]     gamma= 5.0e-07  ρ=+0.5128  mono=0.707  τ=+0.7468  K_rq=0.9381
2026-03-10 11:53:47,684 [INFO]     gamma= 1.0e-06  ρ=+0.5125  mono=0.707  τ=+0.7454  K_rq=0.8824
2026-03-10 11:53:47,871 [INFO]     gamma= 5.0e-06  ρ=+0.5105  mono=0.704  τ=+0.7416  K_rq=0.5778
2026-03-10 11:53:48,058 [INFO]     gamma= 1.0e-05  ρ=+0.5090  mono=0.700  τ=+0.7382  K_rq=0.3760
2026-03-10 11:53:48,246 [INFO]     gamma= 5.0e-05  ρ=+0.5061  mono=0.716  τ=+0.7307  K_rq=0.0434
2026-03-10 11:53:48,434 [INFO]     gamma= 1.0e-04  ρ=+0.5114  mono=0.606  τ=+0.7179  K_rq=0.0081
2026-03-10 11:53:48,620 [INFO]     gamma= 1.0e-03  ρ=+0.5849  mono=0.006  τ=+0.7166  K_rq=0.0001
dc_ae:  32%|███▏      | 7/22 [43:53<2:02:52, 491.52s/layer]2026-03-10 11:53:48,718 [INFO] 
  Layer 7 — encoder.down_blocks.2.0
2026-03-10 11:53:48,718 [INFO] Loading backbone: dc_ae
Cannot initialize model with low cpu memory usage because `accelerate` was not found in the environment. Defaulting to `low_cpu_mem_usage=False`. It is strongly recommended to install `accelerate` for faster and less memory-intense model loading. You can do so with: 
```
pip install accelerate
```
.
/home/jnapolitano/Documents/metrique/.venv/lib/python3.12/site-packages/huggingface_hub/utils/_validators.py:202: UserWarning: The `local_dir_use_symlinks` argument is deprecated and ignored in `hf_hub_download`. Downloading to a local directory does not use symlinks anymore.
  warnings.warn(
2026-03-10 11:53:48,935 [INFO] HTTP Request: HEAD https://huggingface.co/mit-han-lab/dc-ae-f64c128-in-1.0-diffusers/resolve/main/config.json "HTTP/1.1 307 Temporary Redirect"
2026-03-10 11:53:48,956 [INFO] HTTP Request: HEAD https://huggingface.co/api/resolve-cache/models/mit-han-lab/dc-ae-f64c128-in-1.0-diffusers/d58275ea9674845e5e36cbf280987f67bee0e85c/config.json "HTTP/1.1 200 OK"
2026-03-10 11:53:49,088 [INFO] HTTP Request: HEAD https://huggingface.co/mit-han-lab/dc-ae-f64c128-in-1.0-diffusers/resolve/d58275ea9674845e5e36cbf280987f67bee0e85c/diffusion_pytorch_model.safetensors.index.json "HTTP/1.1 404 Not Found"
2026-03-10 11:53:49,521 [INFO]     Extraction anchor (200 images)...
2026-03-10 11:53:49,723 [INFO] Extracting features: batch 1/25
2026-03-10 11:53:59,359 [INFO] Extracting features: batch 11/25
2026-03-10 11:54:08,984 [INFO] Extracting features: batch 21/25
2026-03-10 11:54:13,827 [INFO] Extracted raw features: shape = (200, 131328)
2026-03-10 11:54:14,093 [INFO] Fitted scaler on Gram features: mean=4.05e-03, std=5.26e-02
2026-03-10 11:54:14,094 [INFO] Final feature shape: (200, 131328)
2026-03-10 11:54:14,175 [INFO]     Calcul D_rq par 10 chunks de 500 images...
2026-03-10 11:54:14,373 [INFO] Extracting features: batch 1/63
2026-03-10 11:54:23,973 [INFO] Extracting features: batch 11/63
2026-03-10 11:54:33,575 [INFO] Extracting features: batch 21/63
2026-03-10 11:54:43,214 [INFO] Extracting features: batch 31/63
2026-03-10 11:54:52,899 [INFO] Extracting features: batch 41/63
2026-03-10 11:55:02,596 [INFO] Extracting features: batch 51/63
2026-03-10 11:55:12,225 [INFO] Extracting features: batch 61/63
2026-03-10 11:55:14,736 [INFO] Extracted raw features: shape = (500, 131328)
2026-03-10 11:55:14,891 [INFO] Final feature shape: (500, 131328)
2026-03-10 11:55:15,442 [INFO] Extracting features: batch 1/63
2026-03-10 11:55:25,086 [INFO] Extracting features: batch 11/63
2026-03-10 11:55:34,768 [INFO] Extracting features: batch 21/63
2026-03-10 11:55:44,463 [INFO] Extracting features: batch 31/63
2026-03-10 11:55:54,071 [INFO] Extracting features: batch 41/63
2026-03-10 11:56:03,765 [INFO] Extracting features: batch 51/63
2026-03-10 11:56:13,429 [INFO] Extracting features: batch 61/63
2026-03-10 11:56:15,923 [INFO] Extracted raw features: shape = (500, 131328)
2026-03-10 11:56:16,078 [INFO] Final feature shape: (500, 131328)
2026-03-10 11:56:16,388 [INFO]       chunk 2/10
2026-03-10 11:56:16,591 [INFO] Extracting features: batch 1/63
2026-03-10 11:56:26,180 [INFO] Extracting features: batch 11/63
2026-03-10 11:56:35,776 [INFO] Extracting features: batch 21/63
2026-03-10 11:56:45,391 [INFO] Extracting features: batch 31/63
2026-03-10 11:56:55,056 [INFO] Extracting features: batch 41/63
2026-03-10 11:57:04,745 [INFO] Extracting features: batch 51/63
2026-03-10 11:57:14,361 [INFO] Extracting features: batch 61/63
2026-03-10 11:57:16,854 [INFO] Extracted raw features: shape = (500, 131328)
2026-03-10 11:57:17,009 [INFO] Final feature shape: (500, 131328)
2026-03-10 11:57:17,504 [INFO] Extracting features: batch 1/63
2026-03-10 11:57:27,148 [INFO] Extracting features: batch 11/63
2026-03-10 11:57:36,835 [INFO] Extracting features: batch 21/63
2026-03-10 11:57:46,502 [INFO] Extracting features: batch 31/63
2026-03-10 11:57:56,140 [INFO] Extracting features: batch 41/63
2026-03-10 11:58:05,818 [INFO] Extracting features: batch 51/63
2026-03-10 11:58:15,455 [INFO] Extracting features: batch 61/63
2026-03-10 11:58:17,975 [INFO] Extracted raw features: shape = (500, 131328)
2026-03-10 11:58:18,133 [INFO] Final feature shape: (500, 131328)
2026-03-10 11:58:18,454 [INFO]       chunk 4/10
2026-03-10 11:58:18,648 [INFO] Extracting features: batch 1/63
2026-03-10 11:58:28,324 [INFO] Extracting features: batch 11/63
2026-03-10 11:58:37,966 [INFO] Extracting features: batch 21/63
2026-03-10 11:58:47,604 [INFO] Extracting features: batch 31/63
2026-03-10 11:58:57,293 [INFO] Extracting features: batch 41/63
2026-03-10 11:59:06,966 [INFO] Extracting features: batch 51/63
2026-03-10 11:59:16,623 [INFO] Extracting features: batch 61/63
2026-03-10 11:59:19,124 [INFO] Extracted raw features: shape = (500, 131328)
2026-03-10 11:59:19,281 [INFO] Final feature shape: (500, 131328)
2026-03-10 11:59:19,775 [INFO] Extracting features: batch 1/63
2026-03-10 11:59:29,393 [INFO] Extracting features: batch 11/63
2026-03-10 11:59:39,097 [INFO] Extracting features: batch 21/63
2026-03-10 11:59:48,792 [INFO] Extracting features: batch 31/63
2026-03-10 11:59:58,442 [INFO] Extracting features: batch 41/63
2026-03-10 12:00:08,089 [INFO] Extracting features: batch 51/63
2026-03-10 12:00:17,736 [INFO] Extracting features: batch 61/63
2026-03-10 12:00:20,266 [INFO] Extracted raw features: shape = (500, 131328)
2026-03-10 12:00:20,424 [INFO] Final feature shape: (500, 131328)
2026-03-10 12:00:20,731 [INFO]       chunk 6/10
2026-03-10 12:00:20,913 [INFO] Extracting features: batch 1/63
2026-03-10 12:00:30,501 [INFO] Extracting features: batch 11/63
2026-03-10 12:00:40,103 [INFO] Extracting features: batch 21/63
2026-03-10 12:00:49,700 [INFO] Extracting features: batch 31/63
2026-03-10 12:00:59,359 [INFO] Extracting features: batch 41/63
2026-03-10 12:01:08,964 [INFO] Extracting features: batch 51/63
2026-03-10 12:01:18,562 [INFO] Extracting features: batch 61/63
2026-03-10 12:01:21,060 [INFO] Extracted raw features: shape = (500, 131328)
2026-03-10 12:01:21,215 [INFO] Final feature shape: (500, 131328)
2026-03-10 12:01:21,730 [INFO] Extracting features: batch 1/63
2026-03-10 12:01:31,438 [INFO] Extracting features: batch 11/63
2026-03-10 12:01:41,067 [INFO] Extracting features: batch 21/63
2026-03-10 12:01:50,727 [INFO] Extracting features: batch 31/63
2026-03-10 12:02:00,400 [INFO] Extracting features: batch 41/63
2026-03-10 12:02:10,073 [INFO] Extracting features: batch 51/63
2026-03-10 12:02:19,769 [INFO] Extracting features: batch 61/63
2026-03-10 12:02:22,288 [INFO] Extracted raw features: shape = (500, 131328)
2026-03-10 12:02:22,441 [INFO] Final feature shape: (500, 131328)
2026-03-10 12:02:22,742 [INFO]       chunk 8/10
2026-03-10 12:02:22,948 [INFO] Extracting features: batch 1/63
2026-03-10 12:02:32,602 [INFO] Extracting features: batch 11/63
2026-03-10 12:02:42,308 [INFO] Extracting features: batch 21/63
2026-03-10 12:02:51,989 [INFO] Extracting features: batch 31/63
2026-03-10 12:03:01,602 [INFO] Extracting features: batch 41/63
2026-03-10 12:03:11,321 [INFO] Extracting features: batch 51/63
2026-03-10 12:03:20,983 [INFO] Extracting features: batch 61/63
2026-03-10 12:03:23,523 [INFO] Extracted raw features: shape = (500, 131328)
2026-03-10 12:03:23,673 [INFO] Final feature shape: (500, 131328)
2026-03-10 12:03:24,176 [INFO] Extracting features: batch 1/63
2026-03-10 12:03:33,817 [INFO] Extracting features: batch 11/63
2026-03-10 12:03:43,527 [INFO] Extracting features: batch 21/63
2026-03-10 12:03:53,181 [INFO] Extracting features: batch 31/63
2026-03-10 12:04:02,879 [INFO] Extracting features: batch 41/63
2026-03-10 12:04:12,531 [INFO] Extracting features: batch 51/63
2026-03-10 12:04:22,155 [INFO] Extracting features: batch 61/63
2026-03-10 12:04:24,673 [INFO] Extracted raw features: shape = (500, 131328)
2026-03-10 12:04:24,825 [INFO] Final feature shape: (500, 131328)
2026-03-10 12:04:25,134 [INFO]       chunk 10/10
2026-03-10 12:04:25,137 [INFO]     D_rr (156 Ko) et D_rq (3906 Ko) sauvegardés
2026-03-10 12:04:25,145 [INFO]     median_D_rr=1.938e+05  gamma_med=2.580e-06  feat_dim=131328
2026-03-10 12:04:25,337 [INFO]     gamma=     med  ρ=+0.6868  mono=0.741  τ=+0.8896  K_rq=0.3471
2026-03-10 12:04:25,525 [INFO]     gamma= 2.8e-05  ρ=+0.7368  mono=0.641  τ=+0.9450  K_rq=0.0049
2026-03-10 12:04:25,714 [INFO]     gamma= 1.0e-07  ρ=+0.6849  mono=0.737  τ=+0.8864  K_rq=0.9419
2026-03-10 12:04:25,905 [INFO]     gamma= 5.0e-07  ρ=+0.6854  mono=0.737  τ=+0.8870  K_rq=0.7603
2026-03-10 12:04:26,096 [INFO]     gamma= 1.0e-06  ρ=+0.6858  mono=0.737  τ=+0.8878  K_rq=0.6062
2026-03-10 12:04:26,284 [INFO]     gamma= 5.0e-06  ρ=+0.6897  mono=0.742  τ=+0.8916  K_rq=0.1815
2026-03-10 12:04:26,474 [INFO]     gamma= 1.0e-05  ρ=+0.6971  mono=0.750  τ=+0.8992  K_rq=0.0642
2026-03-10 12:04:26,656 [INFO]     gamma= 5.0e-05  ρ=+0.7389  mono=0.285  τ=+0.8903  K_rq=0.0008
2026-03-10 12:04:26,839 [INFO]     gamma= 1.0e-04  ρ=+0.6854  mono=0.094  τ=+0.8094  K_rq=0.0003
2026-03-10 12:04:27,019 [INFO]     gamma= 1.0e-03  ρ=+0.3915  mono=0.000  τ=+0.6353  K_rq=0.0000
dc_ae:  36%|███▋      | 8/22 [54:32<2:05:35, 538.28s/layer]2026-03-10 12:04:27,118 [INFO] 
  Layer 8 — encoder.down_blocks.2.1
2026-03-10 12:04:27,118 [INFO] Loading backbone: dc_ae
Cannot initialize model with low cpu memory usage because `accelerate` was not found in the environment. Defaulting to `low_cpu_mem_usage=False`. It is strongly recommended to install `accelerate` for faster and less memory-intense model loading. You can do so with: 
```
pip install accelerate
```
.
/home/jnapolitano/Documents/metrique/.venv/lib/python3.12/site-packages/huggingface_hub/utils/_validators.py:202: UserWarning: The `local_dir_use_symlinks` argument is deprecated and ignored in `hf_hub_download`. Downloading to a local directory does not use symlinks anymore.
  warnings.warn(
2026-03-10 12:04:27,309 [INFO] HTTP Request: HEAD https://huggingface.co/mit-han-lab/dc-ae-f64c128-in-1.0-diffusers/resolve/main/config.json "HTTP/1.1 307 Temporary Redirect"
2026-03-10 12:04:27,321 [INFO] HTTP Request: HEAD https://huggingface.co/api/resolve-cache/models/mit-han-lab/dc-ae-f64c128-in-1.0-diffusers/d58275ea9674845e5e36cbf280987f67bee0e85c/config.json "HTTP/1.1 200 OK"
2026-03-10 12:04:27,436 [INFO] HTTP Request: HEAD https://huggingface.co/mit-han-lab/dc-ae-f64c128-in-1.0-diffusers/resolve/d58275ea9674845e5e36cbf280987f67bee0e85c/diffusion_pytorch_model.safetensors.index.json "HTTP/1.1 404 Not Found"
2026-03-10 12:04:27,869 [INFO]     Extraction anchor (200 images)...
2026-03-10 12:04:28,089 [INFO] Extracting features: batch 1/25
2026-03-10 12:04:37,660 [INFO] Extracting features: batch 11/25
2026-03-10 12:04:47,279 [INFO] Extracting features: batch 21/25
2026-03-10 12:04:52,148 [INFO] Extracted raw features: shape = (200, 131328)
2026-03-10 12:04:52,409 [INFO] Fitted scaler on Gram features: mean=4.37e-03, std=5.25e-02
2026-03-10 12:04:52,409 [INFO] Final feature shape: (200, 131328)
2026-03-10 12:04:52,496 [INFO]     Calcul D_rq par 10 chunks de 500 images...
2026-03-10 12:04:52,674 [INFO] Extracting features: batch 1/63
2026-03-10 12:05:02,245 [INFO] Extracting features: batch 11/63
2026-03-10 12:05:11,917 [INFO] Extracting features: batch 21/63
2026-03-10 12:05:21,618 [INFO] Extracting features: batch 31/63
2026-03-10 12:05:31,301 [INFO] Extracting features: batch 41/63
2026-03-10 12:05:40,957 [INFO] Extracting features: batch 51/63
2026-03-10 12:05:50,593 [INFO] Extracting features: batch 61/63
2026-03-10 12:05:53,114 [INFO] Extracted raw features: shape = (500, 131328)
2026-03-10 12:05:53,265 [INFO] Final feature shape: (500, 131328)
2026-03-10 12:05:53,833 [INFO] Extracting features: batch 1/63
2026-03-10 12:06:03,519 [INFO] Extracting features: batch 11/63
2026-03-10 12:06:13,201 [INFO] Extracting features: batch 21/63
2026-03-10 12:06:22,812 [INFO] Extracting features: batch 31/63
2026-03-10 12:06:32,468 [INFO] Extracting features: batch 41/63
2026-03-10 12:06:42,143 [INFO] Extracting features: batch 51/63
2026-03-10 12:06:51,811 [INFO] Extracting features: batch 61/63
2026-03-10 12:06:54,323 [INFO] Extracted raw features: shape = (500, 131328)
2026-03-10 12:06:54,475 [INFO] Final feature shape: (500, 131328)
2026-03-10 12:06:54,779 [INFO]       chunk 2/10
2026-03-10 12:06:54,984 [INFO] Extracting features: batch 1/63
2026-03-10 12:07:04,673 [INFO] Extracting features: batch 11/63
2026-03-10 12:07:14,399 [INFO] Extracting features: batch 21/63
2026-03-10 12:07:24,023 [INFO] Extracting features: batch 31/63
2026-03-10 12:07:33,664 [INFO] Extracting features: batch 41/63
2026-03-10 12:07:43,372 [INFO] Extracting features: batch 51/63
2026-03-10 12:07:53,075 [INFO] Extracting features: batch 61/63
2026-03-10 12:07:55,574 [INFO] Extracted raw features: shape = (500, 131328)
2026-03-10 12:07:55,725 [INFO] Final feature shape: (500, 131328)
2026-03-10 12:07:56,235 [INFO] Extracting features: batch 1/63
2026-03-10 12:08:05,841 [INFO] Extracting features: batch 11/63
2026-03-10 12:08:15,516 [INFO] Extracting features: batch 21/63
2026-03-10 12:08:25,202 [INFO] Extracting features: batch 31/63
2026-03-10 12:08:34,903 [INFO] Extracting features: batch 41/63
2026-03-10 12:08:44,501 [INFO] Extracting features: batch 51/63
2026-03-10 12:08:54,184 [INFO] Extracting features: batch 61/63
2026-03-10 12:08:56,690 [INFO] Extracted raw features: shape = (500, 131328)
2026-03-10 12:08:56,841 [INFO] Final feature shape: (500, 131328)
2026-03-10 12:08:57,152 [INFO]       chunk 4/10
2026-03-10 12:08:57,354 [INFO] Extracting features: batch 1/63
2026-03-10 12:09:06,982 [INFO] Extracting features: batch 11/63
2026-03-10 12:09:16,685 [INFO] Extracting features: batch 21/63
2026-03-10 12:09:26,285 [INFO] Extracting features: batch 31/63
2026-03-10 12:09:35,956 [INFO] Extracting features: batch 41/63
2026-03-10 12:09:45,618 [INFO] Extracting features: batch 51/63
2026-03-10 12:09:55,324 [INFO] Extracting features: batch 61/63
2026-03-10 12:09:57,840 [INFO] Extracted raw features: shape = (500, 131328)
2026-03-10 12:09:57,992 [INFO] Final feature shape: (500, 131328)
2026-03-10 12:09:58,499 [INFO] Extracting features: batch 1/63
2026-03-10 12:10:08,112 [INFO] Extracting features: batch 11/63
2026-03-10 12:10:17,797 [INFO] Extracting features: batch 21/63
2026-03-10 12:10:27,482 [INFO] Extracting features: batch 31/63
2026-03-10 12:10:37,187 [INFO] Extracting features: batch 41/63
2026-03-10 12:10:46,837 [INFO] Extracting features: batch 51/63
2026-03-10 12:10:56,509 [INFO] Extracting features: batch 61/63
2026-03-10 12:10:59,036 [INFO] Extracted raw features: shape = (500, 131328)
2026-03-10 12:10:59,188 [INFO] Final feature shape: (500, 131328)
2026-03-10 12:10:59,489 [INFO]       chunk 6/10
2026-03-10 12:10:59,676 [INFO] Extracting features: batch 1/63
2026-03-10 12:11:09,372 [INFO] Extracting features: batch 11/63
2026-03-10 12:11:19,028 [INFO] Extracting features: batch 21/63
2026-03-10 12:11:28,704 [INFO] Extracting features: batch 31/63
2026-03-10 12:11:38,368 [INFO] Extracting features: batch 41/63
2026-03-10 12:11:48,052 [INFO] Extracting features: batch 51/63
2026-03-10 12:11:57,688 [INFO] Extracting features: batch 61/63
2026-03-10 12:12:00,218 [INFO] Extracted raw features: shape = (500, 131328)
2026-03-10 12:12:00,369 [INFO] Final feature shape: (500, 131328)
2026-03-10 12:12:00,865 [INFO] Extracting features: batch 1/63
2026-03-10 12:12:10,550 [INFO] Extracting features: batch 11/63
2026-03-10 12:12:20,179 [INFO] Extracting features: batch 21/63
2026-03-10 12:12:29,821 [INFO] Extracting features: batch 31/63
2026-03-10 12:12:39,582 [INFO] Extracting features: batch 41/63
2026-03-10 12:12:49,225 [INFO] Extracting features: batch 51/63
2026-03-10 12:12:58,857 [INFO] Extracting features: batch 61/63
2026-03-10 12:13:01,353 [INFO] Extracted raw features: shape = (500, 131328)
2026-03-10 12:13:01,505 [INFO] Final feature shape: (500, 131328)
2026-03-10 12:13:01,819 [INFO]       chunk 8/10
2026-03-10 12:13:02,038 [INFO] Extracting features: batch 1/63
2026-03-10 12:13:11,614 [INFO] Extracting features: batch 11/63
2026-03-10 12:13:21,283 [INFO] Extracting features: batch 21/63
2026-03-10 12:13:30,925 [INFO] Extracting features: batch 31/63
2026-03-10 12:13:40,581 [INFO] Extracting features: batch 41/63
2026-03-10 12:13:50,256 [INFO] Extracting features: batch 51/63
2026-03-10 12:13:59,952 [INFO] Extracting features: batch 61/63
2026-03-10 12:14:02,456 [INFO] Extracted raw features: shape = (500, 131328)
2026-03-10 12:14:02,607 [INFO] Final feature shape: (500, 131328)
2026-03-10 12:14:03,101 [INFO] Extracting features: batch 1/63
2026-03-10 12:14:12,767 [INFO] Extracting features: batch 11/63
2026-03-10 12:14:22,470 [INFO] Extracting features: batch 21/63
2026-03-10 12:14:32,128 [INFO] Extracting features: batch 31/63
2026-03-10 12:14:41,782 [INFO] Extracting features: batch 41/63
2026-03-10 12:14:51,459 [INFO] Extracting features: batch 51/63
2026-03-10 12:15:01,123 [INFO] Extracting features: batch 61/63
2026-03-10 12:15:03,644 [INFO] Extracted raw features: shape = (500, 131328)
2026-03-10 12:15:03,795 [INFO] Final feature shape: (500, 131328)
2026-03-10 12:15:04,110 [INFO]       chunk 10/10
2026-03-10 12:15:04,113 [INFO]     D_rr (156 Ko) et D_rq (3906 Ko) sauvegardés
2026-03-10 12:15:04,119 [INFO]     median_D_rr=1.698e+05  gamma_med=2.945e-06  feat_dim=131328
2026-03-10 12:15:04,305 [INFO]     gamma=     med  ρ=+0.6866  mono=0.883  τ=+0.9604  K_rq=0.3382
2026-03-10 12:15:04,488 [INFO]     gamma= 2.8e-05  ρ=+0.7219  mono=0.664  τ=+0.9466  K_rq=0.0072
2026-03-10 12:15:04,671 [INFO]     gamma= 1.0e-07  ρ=+0.6844  mono=0.882  τ=+0.9578  K_rq=0.9402
2026-03-10 12:15:04,855 [INFO]     gamma= 5.0e-07  ρ=+0.6848  mono=0.883  τ=+0.9580  K_rq=0.7635
2026-03-10 12:15:05,039 [INFO]     gamma= 1.0e-06  ρ=+0.6851  mono=0.883  τ=+0.9584  K_rq=0.6195
2026-03-10 12:15:05,221 [INFO]     gamma= 5.0e-06  ρ=+0.6879  mono=0.886  τ=+0.9622  K_rq=0.2058
2026-03-10 12:15:05,405 [INFO]     gamma= 1.0e-05  ρ=+0.6933  mono=0.799  τ=+0.9658  K_rq=0.0788
2026-03-10 12:15:05,587 [INFO]     gamma= 5.0e-05  ρ=+0.7314  mono=0.333  τ=+0.8993  K_rq=0.0011
2026-03-10 12:15:05,768 [INFO]     gamma= 1.0e-04  ρ=+0.6771  mono=0.105  τ=+0.8132  K_rq=0.0003
2026-03-10 12:15:05,946 [INFO]     gamma= 1.0e-03  ρ=+0.3998  mono=0.000  τ=+0.6358  K_rq=0.0000
dc_ae:  41%|████      | 9/22 [1:05:11<2:03:26, 569.74s/layer]2026-03-10 12:15:06,043 [INFO] 
  Layer 9 — encoder.down_blocks.2.2
2026-03-10 12:15:06,043 [INFO] Loading backbone: dc_ae
Cannot initialize model with low cpu memory usage because `accelerate` was not found in the environment. Defaulting to `low_cpu_mem_usage=False`. It is strongly recommended to install `accelerate` for faster and less memory-intense model loading. You can do so with: 
```
pip install accelerate
```
.
/home/jnapolitano/Documents/metrique/.venv/lib/python3.12/site-packages/huggingface_hub/utils/_validators.py:202: UserWarning: The `local_dir_use_symlinks` argument is deprecated and ignored in `hf_hub_download`. Downloading to a local directory does not use symlinks anymore.
  warnings.warn(
2026-03-10 12:15:06,224 [INFO] HTTP Request: HEAD https://huggingface.co/mit-han-lab/dc-ae-f64c128-in-1.0-diffusers/resolve/main/config.json "HTTP/1.1 307 Temporary Redirect"
2026-03-10 12:15:06,238 [INFO] HTTP Request: HEAD https://huggingface.co/api/resolve-cache/models/mit-han-lab/dc-ae-f64c128-in-1.0-diffusers/d58275ea9674845e5e36cbf280987f67bee0e85c/config.json "HTTP/1.1 200 OK"
2026-03-10 12:15:06,352 [INFO] HTTP Request: HEAD https://huggingface.co/mit-han-lab/dc-ae-f64c128-in-1.0-diffusers/resolve/d58275ea9674845e5e36cbf280987f67bee0e85c/diffusion_pytorch_model.safetensors.index.json "HTTP/1.1 404 Not Found"
2026-03-10 12:15:06,775 [INFO]     Extraction anchor (200 images)...
2026-03-10 12:15:06,980 [INFO] Extracting features: batch 1/25
2026-03-10 12:15:16,616 [INFO] Extracting features: batch 11/25
2026-03-10 12:15:26,249 [INFO] Extracting features: batch 21/25
2026-03-10 12:15:31,083 [INFO] Extracted raw features: shape = (200, 131328)
2026-03-10 12:15:31,349 [INFO] Fitted scaler on Gram features: mean=5.44e-03, std=5.73e-02
2026-03-10 12:15:31,349 [INFO] Final feature shape: (200, 131328)
2026-03-10 12:15:31,437 [INFO]     Calcul D_rq par 10 chunks de 500 images...
2026-03-10 12:15:31,624 [INFO] Extracting features: batch 1/63
2026-03-10 12:15:41,289 [INFO] Extracting features: batch 11/63
2026-03-10 12:15:50,887 [INFO] Extracting features: batch 21/63
2026-03-10 12:16:00,567 [INFO] Extracting features: batch 31/63
2026-03-10 12:16:10,301 [INFO] Extracting features: batch 41/63
2026-03-10 12:16:19,981 [INFO] Extracting features: batch 51/63
2026-03-10 12:16:29,697 [INFO] Extracting features: batch 61/63
2026-03-10 12:16:32,224 [INFO] Extracted raw features: shape = (500, 131328)
2026-03-10 12:16:32,376 [INFO] Final feature shape: (500, 131328)
2026-03-10 12:16:32,940 [INFO] Extracting features: batch 1/63
2026-03-10 12:16:42,600 [INFO] Extracting features: batch 11/63
2026-03-10 12:16:52,282 [INFO] Extracting features: batch 21/63
2026-03-10 12:17:01,951 [INFO] Extracting features: batch 31/63
2026-03-10 12:17:11,658 [INFO] Extracting features: batch 41/63
2026-03-10 12:17:21,327 [INFO] Extracting features: batch 51/63
2026-03-10 12:17:30,990 [INFO] Extracting features: batch 61/63
2026-03-10 12:17:33,486 [INFO] Extracted raw features: shape = (500, 131328)
2026-03-10 12:17:33,636 [INFO] Final feature shape: (500, 131328)
2026-03-10 12:17:33,942 [INFO]       chunk 2/10
2026-03-10 12:17:34,146 [INFO] Extracting features: batch 1/63
2026-03-10 12:17:43,757 [INFO] Extracting features: batch 11/63
2026-03-10 12:17:53,458 [INFO] Extracting features: batch 21/63
2026-03-10 12:18:03,106 [INFO] Extracting features: batch 31/63
2026-03-10 12:18:12,787 [INFO] Extracting features: batch 41/63
2026-03-10 12:18:22,411 [INFO] Extracting features: batch 51/63
2026-03-10 12:18:32,094 [INFO] Extracting features: batch 61/63
2026-03-10 12:18:34,607 [INFO] Extracted raw features: shape = (500, 131328)
2026-03-10 12:18:34,766 [INFO] Final feature shape: (500, 131328)
2026-03-10 12:18:35,272 [INFO] Extracting features: batch 1/63
2026-03-10 12:18:44,911 [INFO] Extracting features: batch 11/63
2026-03-10 12:18:54,546 [INFO] Extracting features: batch 21/63
2026-03-10 12:19:04,219 [INFO] Extracting features: batch 31/63
2026-03-10 12:19:13,865 [INFO] Extracting features: batch 41/63
2026-03-10 12:19:23,532 [INFO] Extracting features: batch 51/63
2026-03-10 12:19:33,172 [INFO] Extracting features: batch 61/63
2026-03-10 12:19:35,684 [INFO] Extracted raw features: shape = (500, 131328)
2026-03-10 12:19:35,834 [INFO] Final feature shape: (500, 131328)
2026-03-10 12:19:36,146 [INFO]       chunk 4/10
2026-03-10 12:19:36,346 [INFO] Extracting features: batch 1/63
2026-03-10 12:19:45,964 [INFO] Extracting features: batch 11/63
2026-03-10 12:19:55,607 [INFO] Extracting features: batch 21/63
2026-03-10 12:20:05,204 [INFO] Extracting features: batch 31/63
2026-03-10 12:20:14,872 [INFO] Extracting features: batch 41/63
2026-03-10 12:20:24,563 [INFO] Extracting features: batch 51/63
2026-03-10 12:20:34,218 [INFO] Extracting features: batch 61/63
2026-03-10 12:20:36,742 [INFO] Extracted raw features: shape = (500, 131328)
2026-03-10 12:20:36,894 [INFO] Final feature shape: (500, 131328)
2026-03-10 12:20:37,400 [INFO] Extracting features: batch 1/63
2026-03-10 12:20:47,023 [INFO] Extracting features: batch 11/63
2026-03-10 12:20:56,714 [INFO] Extracting features: batch 21/63
2026-03-10 12:21:06,426 [INFO] Extracting features: batch 31/63
2026-03-10 12:21:16,032 [INFO] Extracting features: batch 41/63
2026-03-10 12:21:25,631 [INFO] Extracting features: batch 51/63
2026-03-10 12:21:35,223 [INFO] Extracting features: batch 61/63
2026-03-10 12:21:37,744 [INFO] Extracted raw features: shape = (500, 131328)
2026-03-10 12:21:37,896 [INFO] Final feature shape: (500, 131328)
2026-03-10 12:21:38,197 [INFO]       chunk 6/10
2026-03-10 12:21:38,391 [INFO] Extracting features: batch 1/63
2026-03-10 12:21:48,041 [INFO] Extracting features: batch 11/63
2026-03-10 12:21:57,735 [INFO] Extracting features: batch 21/63
2026-03-10 12:22:07,424 [INFO] Extracting features: batch 31/63
2026-03-10 12:22:17,093 [INFO] Extracting features: batch 41/63
2026-03-10 12:22:26,831 [INFO] Extracting features: batch 51/63
2026-03-10 12:22:36,504 [INFO] Extracting features: batch 61/63
2026-03-10 12:22:39,017 [INFO] Extracted raw features: shape = (500, 131328)
2026-03-10 12:22:39,168 [INFO] Final feature shape: (500, 131328)
2026-03-10 12:22:39,694 [INFO] Extracting features: batch 1/63
2026-03-10 12:22:49,301 [INFO] Extracting features: batch 11/63
2026-03-10 12:22:58,942 [INFO] Extracting features: batch 21/63
2026-03-10 12:23:08,542 [INFO] Extracting features: batch 31/63
2026-03-10 12:23:18,195 [INFO] Extracting features: batch 41/63
2026-03-10 12:23:27,905 [INFO] Extracting features: batch 51/63
2026-03-10 12:23:37,554 [INFO] Extracting features: batch 61/63
2026-03-10 12:23:40,071 [INFO] Extracted raw features: shape = (500, 131328)
2026-03-10 12:23:40,225 [INFO] Final feature shape: (500, 131328)
2026-03-10 12:23:40,535 [INFO]       chunk 8/10
2026-03-10 12:23:40,734 [INFO] Extracting features: batch 1/63
2026-03-10 12:23:50,392 [INFO] Extracting features: batch 11/63
2026-03-10 12:24:00,011 [INFO] Extracting features: batch 21/63
2026-03-10 12:24:09,667 [INFO] Extracting features: batch 31/63
2026-03-10 12:24:19,370 [INFO] Extracting features: batch 41/63
2026-03-10 12:24:29,041 [INFO] Extracting features: batch 51/63
2026-03-10 12:24:38,717 [INFO] Extracting features: batch 61/63
2026-03-10 12:24:41,212 [INFO] Extracted raw features: shape = (500, 131328)
2026-03-10 12:24:41,364 [INFO] Final feature shape: (500, 131328)
2026-03-10 12:24:41,889 [INFO] Extracting features: batch 1/63
2026-03-10 12:24:51,541 [INFO] Extracting features: batch 11/63
2026-03-10 12:25:01,208 [INFO] Extracting features: batch 21/63
2026-03-10 12:25:10,920 [INFO] Extracting features: batch 31/63
2026-03-10 12:25:20,606 [INFO] Extracting features: batch 41/63
2026-03-10 12:25:30,244 [INFO] Extracting features: batch 51/63
2026-03-10 12:25:39,908 [INFO] Extracting features: batch 61/63
2026-03-10 12:25:42,440 [INFO] Extracted raw features: shape = (500, 131328)
2026-03-10 12:25:42,592 [INFO] Final feature shape: (500, 131328)
2026-03-10 12:25:42,909 [INFO]       chunk 10/10
2026-03-10 12:25:42,921 [INFO]     D_rr (156 Ko) et D_rq (3906 Ko) sauvegardés
2026-03-10 12:25:42,929 [INFO]     median_D_rr=1.837e+05  gamma_med=2.722e-06  feat_dim=131328
2026-03-10 12:25:43,115 [INFO]     gamma=     med  ρ=+0.6670  mono=0.899  τ=+0.9644  K_rq=0.3337
2026-03-10 12:25:43,298 [INFO]     gamma= 2.8e-05  ρ=+0.6996  mono=0.632  τ=+0.9372  K_rq=0.0052
2026-03-10 12:25:43,483 [INFO]     gamma= 1.0e-07  ρ=+0.6649  mono=0.896  τ=+0.9618  K_rq=0.9367
2026-03-10 12:25:43,671 [INFO]     gamma= 5.0e-07  ρ=+0.6652  mono=0.896  τ=+0.9622  K_rq=0.7490
2026-03-10 12:25:43,856 [INFO]     gamma= 1.0e-06  ρ=+0.6656  mono=0.896  τ=+0.9624  K_rq=0.5977
2026-03-10 12:25:44,041 [INFO]     gamma= 5.0e-06  ρ=+0.6688  mono=0.900  τ=+0.9664  K_rq=0.1848
2026-03-10 12:25:44,226 [INFO]     gamma= 1.0e-05  ρ=+0.6731  mono=0.801  τ=+0.9674  K_rq=0.0666
2026-03-10 12:25:44,408 [INFO]     gamma= 5.0e-05  ρ=+0.6997  mono=0.273  τ=+0.8740  K_rq=0.0008
2026-03-10 12:25:44,591 [INFO]     gamma= 1.0e-04  ρ=+0.6488  mono=0.105  τ=+0.8052  K_rq=0.0003
2026-03-10 12:25:44,769 [INFO]     gamma= 1.0e-03  ρ=+0.3958  mono=0.000  τ=+0.6358  K_rq=0.0000
dc_ae:  45%|████▌     | 10/22 [1:15:50<1:58:12, 591.07s/layer]2026-03-10 12:25:44,868 [INFO] 
  Layer 10 — encoder.down_blocks.3.0
2026-03-10 12:25:44,868 [INFO] Loading backbone: dc_ae
Cannot initialize model with low cpu memory usage because `accelerate` was not found in the environment. Defaulting to `low_cpu_mem_usage=False`. It is strongly recommended to install `accelerate` for faster and less memory-intense model loading. You can do so with: 
```
pip install accelerate
```
.
/home/jnapolitano/Documents/metrique/.venv/lib/python3.12/site-packages/huggingface_hub/utils/_validators.py:202: UserWarning: The `local_dir_use_symlinks` argument is deprecated and ignored in `hf_hub_download`. Downloading to a local directory does not use symlinks anymore.
  warnings.warn(
2026-03-10 12:25:45,041 [INFO] HTTP Request: HEAD https://huggingface.co/mit-han-lab/dc-ae-f64c128-in-1.0-diffusers/resolve/main/config.json "HTTP/1.1 307 Temporary Redirect"
2026-03-10 12:25:45,052 [INFO] HTTP Request: HEAD https://huggingface.co/api/resolve-cache/models/mit-han-lab/dc-ae-f64c128-in-1.0-diffusers/d58275ea9674845e5e36cbf280987f67bee0e85c/config.json "HTTP/1.1 200 OK"
2026-03-10 12:25:45,164 [INFO] HTTP Request: HEAD https://huggingface.co/mit-han-lab/dc-ae-f64c128-in-1.0-diffusers/resolve/d58275ea9674845e5e36cbf280987f67bee0e85c/diffusion_pytorch_model.safetensors.index.json "HTTP/1.1 404 Not Found"
2026-03-10 12:25:45,594 [INFO]     Extraction anchor (200 images)...
2026-03-10 12:25:45,782 [INFO] Extracting features: batch 1/25
2026-03-10 12:25:55,340 [INFO] Extracting features: batch 11/25
2026-03-10 12:26:04,922 [INFO] Extracting features: batch 21/25
2026-03-10 12:26:09,730 [INFO] Extracted raw features: shape = (200, 131328)
2026-03-10 12:26:09,993 [INFO] Fitted scaler on Gram features: mean=1.14e-02, std=1.42e-01
2026-03-10 12:26:09,993 [INFO] Final feature shape: (200, 131328)
2026-03-10 12:26:10,081 [INFO]     Calcul D_rq par 10 chunks de 500 images...
2026-03-10 12:26:10,272 [INFO] Extracting features: batch 1/63
2026-03-10 12:26:19,879 [INFO] Extracting features: batch 11/63
2026-03-10 12:26:29,495 [INFO] Extracting features: batch 21/63
2026-03-10 12:26:39,126 [INFO] Extracting features: batch 31/63
2026-03-10 12:26:48,741 [INFO] Extracting features: batch 41/63
2026-03-10 12:26:58,366 [INFO] Extracting features: batch 51/63
2026-03-10 12:27:07,965 [INFO] Extracting features: batch 61/63
2026-03-10 12:27:10,460 [INFO] Extracted raw features: shape = (500, 131328)
2026-03-10 12:27:10,612 [INFO] Final feature shape: (500, 131328)
2026-03-10 12:27:11,155 [INFO] Extracting features: batch 1/63
2026-03-10 12:27:20,761 [INFO] Extracting features: batch 11/63
2026-03-10 12:27:30,380 [INFO] Extracting features: batch 21/63
2026-03-10 12:27:39,960 [INFO] Extracting features: batch 31/63
2026-03-10 12:27:49,602 [INFO] Extracting features: batch 41/63
2026-03-10 12:27:59,197 [INFO] Extracting features: batch 51/63
2026-03-10 12:28:08,831 [INFO] Extracting features: batch 61/63
2026-03-10 12:28:11,321 [INFO] Extracted raw features: shape = (500, 131328)
2026-03-10 12:28:11,477 [INFO] Final feature shape: (500, 131328)
2026-03-10 12:28:11,791 [INFO]       chunk 2/10
2026-03-10 12:28:11,994 [INFO] Extracting features: batch 1/63
2026-03-10 12:28:21,551 [INFO] Extracting features: batch 11/63
2026-03-10 12:28:31,157 [INFO] Extracting features: batch 21/63
2026-03-10 12:28:40,773 [INFO] Extracting features: batch 31/63
2026-03-10 12:28:50,370 [INFO] Extracting features: batch 41/63
2026-03-10 12:28:59,969 [INFO] Extracting features: batch 51/63
2026-03-10 12:29:09,621 [INFO] Extracting features: batch 61/63
2026-03-10 12:29:12,112 [INFO] Extracted raw features: shape = (500, 131328)
2026-03-10 12:29:12,273 [INFO] Final feature shape: (500, 131328)
2026-03-10 12:29:12,778 [INFO] Extracting features: batch 1/63
2026-03-10 12:29:22,368 [INFO] Extracting features: batch 11/63
2026-03-10 12:29:31,962 [INFO] Extracting features: batch 21/63
2026-03-10 12:29:41,576 [INFO] Extracting features: batch 31/63
2026-03-10 12:29:51,196 [INFO] Extracting features: batch 41/63
2026-03-10 12:30:00,826 [INFO] Extracting features: batch 51/63
2026-03-10 12:30:10,439 [INFO] Extracting features: batch 61/63
2026-03-10 12:30:12,930 [INFO] Extracted raw features: shape = (500, 131328)
2026-03-10 12:30:13,082 [INFO] Final feature shape: (500, 131328)
2026-03-10 12:30:13,386 [INFO]       chunk 4/10
2026-03-10 12:30:13,583 [INFO] Extracting features: batch 1/63
2026-03-10 12:30:23,170 [INFO] Extracting features: batch 11/63
2026-03-10 12:30:32,749 [INFO] Extracting features: batch 21/63
2026-03-10 12:30:42,382 [INFO] Extracting features: batch 31/63
2026-03-10 12:30:52,000 [INFO] Extracting features: batch 41/63
2026-03-10 12:31:01,589 [INFO] Extracting features: batch 51/63
2026-03-10 12:31:11,192 [INFO] Extracting features: batch 61/63
2026-03-10 12:31:13,702 [INFO] Extracted raw features: shape = (500, 131328)
2026-03-10 12:31:13,854 [INFO] Final feature shape: (500, 131328)
2026-03-10 12:31:14,358 [INFO] Extracting features: batch 1/63
2026-03-10 12:31:23,985 [INFO] Extracting features: batch 11/63
2026-03-10 12:31:33,624 [INFO] Extracting features: batch 21/63
2026-03-10 12:31:43,268 [INFO] Extracting features: batch 31/63
2026-03-10 12:31:52,878 [INFO] Extracting features: batch 41/63
2026-03-10 12:32:02,483 [INFO] Extracting features: batch 51/63
2026-03-10 12:32:12,110 [INFO] Extracting features: batch 61/63
2026-03-10 12:32:14,608 [INFO] Extracted raw features: shape = (500, 131328)
2026-03-10 12:32:14,762 [INFO] Final feature shape: (500, 131328)
2026-03-10 12:32:15,065 [INFO]       chunk 6/10
2026-03-10 12:32:15,263 [INFO] Extracting features: batch 1/63
2026-03-10 12:32:24,857 [INFO] Extracting features: batch 11/63
2026-03-10 12:32:34,510 [INFO] Extracting features: batch 21/63
2026-03-10 12:32:44,164 [INFO] Extracting features: batch 31/63
2026-03-10 12:32:53,773 [INFO] Extracting features: batch 41/63
2026-03-10 12:33:03,405 [INFO] Extracting features: batch 51/63
2026-03-10 12:33:13,053 [INFO] Extracting features: batch 61/63
2026-03-10 12:33:15,552 [INFO] Extracted raw features: shape = (500, 131328)
2026-03-10 12:33:15,706 [INFO] Final feature shape: (500, 131328)
2026-03-10 12:33:16,209 [INFO] Extracting features: batch 1/63
2026-03-10 12:33:25,872 [INFO] Extracting features: batch 11/63
2026-03-10 12:33:35,439 [INFO] Extracting features: batch 21/63
2026-03-10 12:33:45,005 [INFO] Extracting features: batch 31/63
2026-03-10 12:33:54,682 [INFO] Extracting features: batch 41/63
2026-03-10 12:34:04,291 [INFO] Extracting features: batch 51/63
2026-03-10 12:34:13,916 [INFO] Extracting features: batch 61/63
2026-03-10 12:34:16,409 [INFO] Extracted raw features: shape = (500, 131328)
2026-03-10 12:34:16,561 [INFO] Final feature shape: (500, 131328)
2026-03-10 12:34:16,870 [INFO]       chunk 8/10
2026-03-10 12:34:17,079 [INFO] Extracting features: batch 1/63
2026-03-10 12:34:26,662 [INFO] Extracting features: batch 11/63
2026-03-10 12:34:36,238 [INFO] Extracting features: batch 21/63
2026-03-10 12:34:45,861 [INFO] Extracting features: batch 31/63
2026-03-10 12:34:55,476 [INFO] Extracting features: batch 41/63
2026-03-10 12:35:05,096 [INFO] Extracting features: batch 51/63
2026-03-10 12:35:14,727 [INFO] Extracting features: batch 61/63
2026-03-10 12:35:17,225 [INFO] Extracted raw features: shape = (500, 131328)
2026-03-10 12:35:17,376 [INFO] Final feature shape: (500, 131328)
2026-03-10 12:35:17,878 [INFO] Extracting features: batch 1/63
2026-03-10 12:35:27,504 [INFO] Extracting features: batch 11/63
2026-03-10 12:35:37,120 [INFO] Extracting features: batch 21/63
2026-03-10 12:35:46,741 [INFO] Extracting features: batch 31/63
2026-03-10 12:35:56,364 [INFO] Extracting features: batch 41/63
2026-03-10 12:36:05,967 [INFO] Extracting features: batch 51/63
2026-03-10 12:36:15,570 [INFO] Extracting features: batch 61/63
2026-03-10 12:36:18,048 [INFO] Extracted raw features: shape = (500, 131328)
2026-03-10 12:36:18,200 [INFO] Final feature shape: (500, 131328)
2026-03-10 12:36:18,514 [INFO]       chunk 10/10
2026-03-10 12:36:18,517 [INFO]     D_rr (156 Ko) et D_rq (3906 Ko) sauvegardés
2026-03-10 12:36:18,525 [INFO]     median_D_rr=2.083e+05  gamma_med=2.400e-06  feat_dim=131328
2026-03-10 12:36:18,718 [INFO]     gamma=     med  ρ=+0.5065  mono=0.671  τ=+0.8784  K_rq=0.3805
2026-03-10 12:36:18,904 [INFO]     gamma= 2.8e-05  ρ=+0.5599  mono=0.658  τ=+0.9197  K_rq=0.0032
2026-03-10 12:36:19,093 [INFO]     gamma= 1.0e-07  ρ=+0.5050  mono=0.666  τ=+0.8760  K_rq=0.9402
2026-03-10 12:36:19,282 [INFO]     gamma= 5.0e-07  ρ=+0.5052  mono=0.667  τ=+0.8764  K_rq=0.7605
2026-03-10 12:36:19,470 [INFO]     gamma= 1.0e-06  ρ=+0.5055  mono=0.668  τ=+0.8768  K_rq=0.6133
2026-03-10 12:36:19,656 [INFO]     gamma= 5.0e-06  ρ=+0.5086  mono=0.676  τ=+0.8830  K_rq=0.1869
2026-03-10 12:36:19,842 [INFO]     gamma= 1.0e-05  ρ=+0.5163  mono=0.679  τ=+0.9288  K_rq=0.0609
2026-03-10 12:36:20,025 [INFO]     gamma= 5.0e-05  ρ=+0.6031  mono=0.444  τ=+0.8829  K_rq=0.0006
2026-03-10 12:36:20,209 [INFO]     gamma= 1.0e-04  ρ=+0.6036  mono=0.150  τ=+0.8432  K_rq=0.0003
2026-03-10 12:36:20,390 [INFO]     gamma= 1.0e-03  ρ=+0.4020  mono=0.000  τ=+0.6346  K_rq=0.0000
dc_ae:  50%|█████     | 11/22 [1:26:25<1:50:51, 604.71s/layer]2026-03-10 12:36:20,490 [INFO] 
  Layer 11 — encoder.down_blocks.3.1
2026-03-10 12:36:20,490 [INFO] Loading backbone: dc_ae
Cannot initialize model with low cpu memory usage because `accelerate` was not found in the environment. Defaulting to `low_cpu_mem_usage=False`. It is strongly recommended to install `accelerate` for faster and less memory-intense model loading. You can do so with: 
```
pip install accelerate
```
.
/home/jnapolitano/Documents/metrique/.venv/lib/python3.12/site-packages/huggingface_hub/utils/_validators.py:202: UserWarning: The `local_dir_use_symlinks` argument is deprecated and ignored in `hf_hub_download`. Downloading to a local directory does not use symlinks anymore.
  warnings.warn(
2026-03-10 12:36:20,714 [INFO] HTTP Request: HEAD https://huggingface.co/mit-han-lab/dc-ae-f64c128-in-1.0-diffusers/resolve/main/config.json "HTTP/1.1 307 Temporary Redirect"
2026-03-10 12:36:20,737 [INFO] HTTP Request: HEAD https://huggingface.co/api/resolve-cache/models/mit-han-lab/dc-ae-f64c128-in-1.0-diffusers/d58275ea9674845e5e36cbf280987f67bee0e85c/config.json "HTTP/1.1 200 OK"
2026-03-10 12:36:20,875 [INFO] HTTP Request: HEAD https://huggingface.co/mit-han-lab/dc-ae-f64c128-in-1.0-diffusers/resolve/d58275ea9674845e5e36cbf280987f67bee0e85c/diffusion_pytorch_model.safetensors.index.json "HTTP/1.1 404 Not Found"
2026-03-10 12:36:21,323 [INFO]     Extraction anchor (200 images)...
2026-03-10 12:36:21,542 [INFO] Extracting features: batch 1/25
2026-03-10 12:36:31,152 [INFO] Extracting features: batch 11/25
2026-03-10 12:36:40,739 [INFO] Extracting features: batch 21/25
2026-03-10 12:36:45,598 [INFO] Extracted raw features: shape = (200, 131328)
2026-03-10 12:36:45,870 [INFO] Fitted scaler on Gram features: mean=5.68e-03, std=8.21e-02
2026-03-10 12:36:45,870 [INFO] Final feature shape: (200, 131328)
2026-03-10 12:36:45,963 [INFO]     Calcul D_rq par 10 chunks de 500 images...
2026-03-10 12:36:46,152 [INFO] Extracting features: batch 1/63
2026-03-10 12:36:55,773 [INFO] Extracting features: batch 11/63
2026-03-10 12:37:05,332 [INFO] Extracting features: batch 21/63
2026-03-10 12:37:14,979 [INFO] Extracting features: batch 31/63
2026-03-10 12:37:24,634 [INFO] Extracting features: batch 41/63
2026-03-10 12:37:34,260 [INFO] Extracting features: batch 51/63
2026-03-10 12:37:43,844 [INFO] Extracting features: batch 61/63
2026-03-10 12:37:46,344 [INFO] Extracted raw features: shape = (500, 131328)
2026-03-10 12:37:46,497 [INFO] Final feature shape: (500, 131328)
2026-03-10 12:37:47,053 [INFO] Extracting features: batch 1/63
2026-03-10 12:37:56,668 [INFO] Extracting features: batch 11/63
2026-03-10 12:38:06,322 [INFO] Extracting features: batch 21/63
2026-03-10 12:38:15,906 [INFO] Extracting features: batch 31/63
2026-03-10 12:38:25,518 [INFO] Extracting features: batch 41/63
2026-03-10 12:38:35,109 [INFO] Extracting features: batch 51/63
2026-03-10 12:38:44,700 [INFO] Extracting features: batch 61/63
2026-03-10 12:38:47,224 [INFO] Extracted raw features: shape = (500, 131328)
2026-03-10 12:38:47,377 [INFO] Final feature shape: (500, 131328)
2026-03-10 12:38:47,681 [INFO]       chunk 2/10
2026-03-10 12:38:47,884 [INFO] Extracting features: batch 1/63
2026-03-10 12:38:57,492 [INFO] Extracting features: batch 11/63
2026-03-10 12:39:07,089 [INFO] Extracting features: batch 21/63
2026-03-10 12:39:16,684 [INFO] Extracting features: batch 31/63
2026-03-10 12:39:26,302 [INFO] Extracting features: batch 41/63
2026-03-10 12:39:35,897 [INFO] Extracting features: batch 51/63
2026-03-10 12:39:45,535 [INFO] Extracting features: batch 61/63
2026-03-10 12:39:48,044 [INFO] Extracted raw features: shape = (500, 131328)
2026-03-10 12:39:48,196 [INFO] Final feature shape: (500, 131328)
2026-03-10 12:39:48,683 [INFO] Extracting features: batch 1/63
2026-03-10 12:39:58,315 [INFO] Extracting features: batch 11/63
2026-03-10 12:40:07,896 [INFO] Extracting features: batch 21/63
2026-03-10 12:40:17,471 [INFO] Extracting features: batch 31/63
2026-03-10 12:40:27,109 [INFO] Extracting features: batch 41/63
2026-03-10 12:40:36,702 [INFO] Extracting features: batch 51/63
2026-03-10 12:40:46,313 [INFO] Extracting features: batch 61/63
2026-03-10 12:40:48,812 [INFO] Extracted raw features: shape = (500, 131328)
2026-03-10 12:40:48,963 [INFO] Final feature shape: (500, 131328)
2026-03-10 12:40:49,266 [INFO]       chunk 4/10
2026-03-10 12:40:49,464 [INFO] Extracting features: batch 1/63
2026-03-10 12:40:59,073 [INFO] Extracting features: batch 11/63
2026-03-10 12:41:08,698 [INFO] Extracting features: batch 21/63
2026-03-10 12:41:18,334 [INFO] Extracting features: batch 31/63
2026-03-10 12:41:27,933 [INFO] Extracting features: batch 41/63
2026-03-10 12:41:37,570 [INFO] Extracting features: batch 51/63
2026-03-10 12:41:47,144 [INFO] Extracting features: batch 61/63
2026-03-10 12:41:49,624 [INFO] Extracted raw features: shape = (500, 131328)
2026-03-10 12:41:49,775 [INFO] Final feature shape: (500, 131328)
2026-03-10 12:41:50,293 [INFO] Extracting features: batch 1/63
2026-03-10 12:41:59,866 [INFO] Extracting features: batch 11/63
2026-03-10 12:42:09,482 [INFO] Extracting features: batch 21/63
2026-03-10 12:42:19,077 [INFO] Extracting features: batch 31/63
2026-03-10 12:42:28,659 [INFO] Extracting features: batch 41/63
2026-03-10 12:42:38,271 [INFO] Extracting features: batch 51/63
2026-03-10 12:42:47,895 [INFO] Extracting features: batch 61/63
2026-03-10 12:42:50,399 [INFO] Extracted raw features: shape = (500, 131328)
2026-03-10 12:42:50,551 [INFO] Final feature shape: (500, 131328)
2026-03-10 12:42:50,853 [INFO]       chunk 6/10
2026-03-10 12:42:51,037 [INFO] Extracting features: batch 1/63
2026-03-10 12:43:00,656 [INFO] Extracting features: batch 11/63
2026-03-10 12:43:10,261 [INFO] Extracting features: batch 21/63
2026-03-10 12:43:19,868 [INFO] Extracting features: batch 31/63
2026-03-10 12:43:29,487 [INFO] Extracting features: batch 41/63
2026-03-10 12:43:39,086 [INFO] Extracting features: batch 51/63
2026-03-10 12:43:48,684 [INFO] Extracting features: batch 61/63
2026-03-10 12:43:51,184 [INFO] Extracted raw features: shape = (500, 131328)
2026-03-10 12:43:51,336 [INFO] Final feature shape: (500, 131328)
2026-03-10 12:43:51,867 [INFO] Extracting features: batch 1/63
2026-03-10 12:44:01,398 [INFO] Extracting features: batch 11/63
2026-03-10 12:44:11,048 [INFO] Extracting features: batch 21/63
2026-03-10 12:44:20,672 [INFO] Extracting features: batch 31/63
2026-03-10 12:44:30,247 [INFO] Extracting features: batch 41/63
2026-03-10 12:44:39,872 [INFO] Extracting features: batch 51/63
2026-03-10 12:44:49,470 [INFO] Extracting features: batch 61/63
2026-03-10 12:44:51,966 [INFO] Extracted raw features: shape = (500, 131328)
2026-03-10 12:44:52,118 [INFO] Final feature shape: (500, 131328)
2026-03-10 12:44:52,430 [INFO]       chunk 8/10
2026-03-10 12:44:52,638 [INFO] Extracting features: batch 1/63
2026-03-10 12:45:02,218 [INFO] Extracting features: batch 11/63
2026-03-10 12:45:11,827 [INFO] Extracting features: batch 21/63
2026-03-10 12:45:21,455 [INFO] Extracting features: batch 31/63
2026-03-10 12:45:31,101 [INFO] Extracting features: batch 41/63
2026-03-10 12:45:40,715 [INFO] Extracting features: batch 51/63
2026-03-10 12:45:50,342 [INFO] Extracting features: batch 61/63
2026-03-10 12:45:52,831 [INFO] Extracted raw features: shape = (500, 131328)
2026-03-10 12:45:52,982 [INFO] Final feature shape: (500, 131328)
2026-03-10 12:45:53,471 [INFO] Extracting features: batch 1/63
2026-03-10 12:46:03,083 [INFO] Extracting features: batch 11/63
2026-03-10 12:46:12,705 [INFO] Extracting features: batch 21/63
2026-03-10 12:46:22,413 [INFO] Extracting features: batch 31/63
2026-03-10 12:46:32,121 [INFO] Extracting features: batch 41/63
2026-03-10 12:46:41,806 [INFO] Extracting features: batch 51/63
2026-03-10 12:46:51,431 [INFO] Extracting features: batch 61/63
2026-03-10 12:46:53,955 [INFO] Extracted raw features: shape = (500, 131328)
2026-03-10 12:46:54,110 [INFO] Final feature shape: (500, 131328)
2026-03-10 12:46:54,423 [INFO]       chunk 10/10
2026-03-10 12:46:54,426 [INFO]     D_rr (156 Ko) et D_rq (3906 Ko) sauvegardés
2026-03-10 12:46:54,433 [INFO]     median_D_rr=2.103e+05  gamma_med=2.378e-06  feat_dim=131328
2026-03-10 12:46:54,622 [INFO]     gamma=     med  ρ=+0.4805  mono=0.666  τ=+0.8652  K_rq=0.3599
2026-03-10 12:46:54,806 [INFO]     gamma= 2.8e-05  ρ=+0.5251  mono=0.532  τ=+0.8947  K_rq=0.0028
2026-03-10 12:46:54,990 [INFO]     gamma= 1.0e-07  ρ=+0.4792  mono=0.663  τ=+0.8632  K_rq=0.9299
2026-03-10 12:46:55,174 [INFO]     gamma= 5.0e-07  ρ=+0.4794  mono=0.663  τ=+0.8634  K_rq=0.7331
2026-03-10 12:46:55,358 [INFO]     gamma= 1.0e-06  ρ=+0.4796  mono=0.664  τ=+0.8640  K_rq=0.5835
2026-03-10 12:46:55,542 [INFO]     gamma= 5.0e-06  ρ=+0.4821  mono=0.668  τ=+0.8716  K_rq=0.1743
2026-03-10 12:46:55,725 [INFO]     gamma= 1.0e-05  ρ=+0.4890  mono=0.675  τ=+0.9218  K_rq=0.0564
2026-03-10 12:46:55,907 [INFO]     gamma= 5.0e-05  ρ=+0.5481  mono=0.394  τ=+0.8678  K_rq=0.0005
2026-03-10 12:46:56,087 [INFO]     gamma= 1.0e-04  ρ=+0.5666  mono=0.136  τ=+0.8380  K_rq=0.0002
2026-03-10 12:46:56,264 [INFO]     gamma= 1.0e-03  ρ=+0.3610  mono=0.000  τ=+0.6338  K_rq=0.0000
dc_ae:  55%|█████▍    | 12/22 [1:37:01<1:42:21, 614.19s/layer]2026-03-10 12:46:56,362 [INFO] 
  Layer 12 — encoder.down_blocks.3.2
2026-03-10 12:46:56,363 [INFO] Loading backbone: dc_ae
Cannot initialize model with low cpu memory usage because `accelerate` was not found in the environment. Defaulting to `low_cpu_mem_usage=False`. It is strongly recommended to install `accelerate` for faster and less memory-intense model loading. You can do so with: 
```
pip install accelerate
```
.
/home/jnapolitano/Documents/metrique/.venv/lib/python3.12/site-packages/huggingface_hub/utils/_validators.py:202: UserWarning: The `local_dir_use_symlinks` argument is deprecated and ignored in `hf_hub_download`. Downloading to a local directory does not use symlinks anymore.
  warnings.warn(
2026-03-10 12:46:56,563 [INFO] HTTP Request: HEAD https://huggingface.co/mit-han-lab/dc-ae-f64c128-in-1.0-diffusers/resolve/main/config.json "HTTP/1.1 307 Temporary Redirect"
2026-03-10 12:46:56,580 [INFO] HTTP Request: HEAD https://huggingface.co/api/resolve-cache/models/mit-han-lab/dc-ae-f64c128-in-1.0-diffusers/d58275ea9674845e5e36cbf280987f67bee0e85c/config.json "HTTP/1.1 200 OK"
2026-03-10 12:46:56,690 [INFO] HTTP Request: HEAD https://huggingface.co/mit-han-lab/dc-ae-f64c128-in-1.0-diffusers/resolve/d58275ea9674845e5e36cbf280987f67bee0e85c/diffusion_pytorch_model.safetensors.index.json "HTTP/1.1 404 Not Found"
2026-03-10 12:46:57,120 [INFO]     Extraction anchor (200 images)...
2026-03-10 12:46:57,313 [INFO] Extracting features: batch 1/25
2026-03-10 12:47:06,966 [INFO] Extracting features: batch 11/25
2026-03-10 12:47:16,544 [INFO] Extracting features: batch 21/25
2026-03-10 12:47:21,535 [INFO] Extracted raw features: shape = (200, 524800)
2026-03-10 12:47:22,611 [INFO] Fitted scaler on Gram features: mean=4.71e-03, std=1.03e-01
2026-03-10 12:47:22,611 [INFO] Final feature shape: (200, 524800)
2026-03-10 12:47:22,865 [INFO]     Calcul D_rq par 10 chunks de 500 images...
2026-03-10 12:47:23,072 [INFO] Extracting features: batch 1/63
2026-03-10 12:47:32,677 [INFO] Extracting features: batch 11/63
2026-03-10 12:47:42,321 [INFO] Extracting features: batch 21/63
2026-03-10 12:47:51,950 [INFO] Extracting features: batch 31/63
2026-03-10 12:48:01,589 [INFO] Extracting features: batch 41/63
2026-03-10 12:48:11,216 [INFO] Extracting features: batch 51/63
2026-03-10 12:48:21,126 [INFO] Extracting features: batch 61/63
2026-03-10 12:48:23,993 [INFO] Extracted raw features: shape = (500, 524800)
2026-03-10 12:48:24,809 [INFO] Final feature shape: (500, 524800)
2026-03-10 12:48:25,953 [INFO] Extracting features: batch 1/63
2026-03-10 12:48:36,051 [INFO] Extracting features: batch 11/63
2026-03-10 12:48:46,076 [INFO] Extracting features: batch 21/63
2026-03-10 12:48:56,074 [INFO] Extracting features: batch 31/63
2026-03-10 12:49:06,188 [INFO] Extracting features: batch 41/63
2026-03-10 12:49:16,273 [INFO] Extracting features: batch 51/63
2026-03-10 12:49:26,268 [INFO] Extracting features: batch 61/63
2026-03-10 12:49:29,173 [INFO] Extracted raw features: shape = (500, 524800)
2026-03-10 12:49:29,873 [INFO] Final feature shape: (500, 524800)
2026-03-10 12:49:30,719 [INFO]       chunk 2/10
2026-03-10 12:49:30,992 [INFO] Extracting features: batch 1/63
2026-03-10 12:49:41,038 [INFO] Extracting features: batch 11/63
2026-03-10 12:49:51,195 [INFO] Extracting features: batch 21/63
2026-03-10 12:50:01,246 [INFO] Extracting features: batch 31/63
2026-03-10 12:50:11,276 [INFO] Extracting features: batch 41/63
2026-03-10 12:50:21,409 [INFO] Extracting features: batch 51/63
2026-03-10 12:50:31,422 [INFO] Extracting features: batch 61/63
2026-03-10 12:50:34,327 [INFO] Extracted raw features: shape = (500, 524800)
2026-03-10 12:50:35,099 [INFO] Final feature shape: (500, 524800)
2026-03-10 12:50:36,404 [INFO] Extracting features: batch 1/63
2026-03-10 12:50:46,589 [INFO] Extracting features: batch 11/63
2026-03-10 12:50:56,583 [INFO] Extracting features: batch 21/63
2026-03-10 12:51:06,609 [INFO] Extracting features: batch 31/63
2026-03-10 12:51:16,592 [INFO] Extracting features: batch 41/63
2026-03-10 12:51:26,792 [INFO] Extracting features: batch 51/63
2026-03-10 12:51:36,763 [INFO] Extracting features: batch 61/63
2026-03-10 12:51:39,665 [INFO] Extracted raw features: shape = (500, 524800)
2026-03-10 12:51:40,466 [INFO] Final feature shape: (500, 524800)
2026-03-10 12:51:41,472 [INFO]       chunk 4/10
2026-03-10 12:51:41,769 [INFO] Extracting features: batch 1/63
2026-03-10 12:51:51,809 [INFO] Extracting features: batch 11/63
2026-03-10 12:52:01,867 [INFO] Extracting features: batch 21/63
2026-03-10 12:52:11,981 [INFO] Extracting features: batch 31/63
2026-03-10 12:52:21,976 [INFO] Extracting features: batch 41/63
2026-03-10 12:52:32,069 [INFO] Extracting features: batch 51/63
2026-03-10 12:52:42,203 [INFO] Extracting features: batch 61/63
2026-03-10 12:52:45,103 [INFO] Extracted raw features: shape = (500, 524800)
2026-03-10 12:52:45,990 [INFO] Final feature shape: (500, 524800)
2026-03-10 12:52:47,333 [INFO] Extracting features: batch 1/63
2026-03-10 12:52:57,383 [INFO] Extracting features: batch 11/63
2026-03-10 12:53:07,539 [INFO] Extracting features: batch 21/63
2026-03-10 12:53:17,522 [INFO] Extracting features: batch 31/63
2026-03-10 12:53:27,567 [INFO] Extracting features: batch 41/63
2026-03-10 12:53:37,527 [INFO] Extracting features: batch 51/63
2026-03-10 12:53:47,571 [INFO] Extracting features: batch 61/63
2026-03-10 12:53:50,489 [INFO] Extracted raw features: shape = (500, 524800)
2026-03-10 12:53:51,422 [INFO] Final feature shape: (500, 524800)
2026-03-10 12:53:52,545 [INFO]       chunk 6/10
2026-03-10 12:53:52,915 [INFO] Extracting features: batch 1/63
2026-03-10 12:54:02,908 [INFO] Extracting features: batch 11/63
2026-03-10 12:54:12,913 [INFO] Extracting features: batch 21/63
2026-03-10 12:54:22,989 [INFO] Extracting features: batch 31/63
2026-03-10 12:54:33,154 [INFO] Extracting features: batch 41/63
2026-03-10 12:54:43,157 [INFO] Extracting features: batch 51/63
2026-03-10 12:54:53,110 [INFO] Extracting features: batch 61/63
2026-03-10 12:54:55,986 [INFO] Extracted raw features: shape = (500, 524800)
2026-03-10 12:54:56,765 [INFO] Final feature shape: (500, 524800)
2026-03-10 12:54:58,118 [INFO] Extracting features: batch 1/63
2026-03-10 12:55:08,129 [INFO] Extracting features: batch 11/63
2026-03-10 12:55:18,109 [INFO] Extracting features: batch 21/63
2026-03-10 12:55:28,204 [INFO] Extracting features: batch 31/63
2026-03-10 12:55:38,332 [INFO] Extracting features: batch 41/63
2026-03-10 12:55:48,302 [INFO] Extracting features: batch 51/63
2026-03-10 12:55:58,305 [INFO] Extracting features: batch 61/63
2026-03-10 12:56:01,175 [INFO] Extracted raw features: shape = (500, 524800)
2026-03-10 12:56:01,926 [INFO] Final feature shape: (500, 524800)
2026-03-10 12:56:02,866 [INFO]       chunk 8/10
2026-03-10 12:56:03,161 [INFO] Extracting features: batch 1/63
2026-03-10 12:56:13,299 [INFO] Extracting features: batch 11/63
2026-03-10 12:56:23,271 [INFO] Extracting features: batch 21/63
2026-03-10 12:56:33,319 [INFO] Extracting features: batch 31/63
2026-03-10 12:56:43,313 [INFO] Extracting features: batch 41/63
2026-03-10 12:56:53,443 [INFO] Extracting features: batch 51/63
2026-03-10 12:57:03,472 [INFO] Extracting features: batch 61/63
2026-03-10 12:57:06,334 [INFO] Extracted raw features: shape = (500, 524800)
2026-03-10 12:57:07,119 [INFO] Final feature shape: (500, 524800)
2026-03-10 12:57:08,450 [INFO] Extracting features: batch 1/63
2026-03-10 12:57:18,462 [INFO] Extracting features: batch 11/63
2026-03-10 12:57:28,503 [INFO] Extracting features: batch 21/63
2026-03-10 12:57:38,499 [INFO] Extracting features: batch 31/63
2026-03-10 12:57:48,496 [INFO] Extracting features: batch 41/63
2026-03-10 12:57:58,456 [INFO] Extracting features: batch 51/63
2026-03-10 12:58:08,482 [INFO] Extracting features: batch 61/63
2026-03-10 12:58:11,399 [INFO] Extracted raw features: shape = (500, 524800)
2026-03-10 12:58:12,300 [INFO] Final feature shape: (500, 524800)
2026-03-10 12:58:13,280 [INFO]       chunk 10/10
2026-03-10 12:58:13,284 [INFO]     D_rr (156 Ko) et D_rq (3906 Ko) sauvegardés
2026-03-10 12:58:13,310 [INFO]     median_D_rr=8.676e+05  gamma_med=5.763e-07  feat_dim=524800
2026-03-10 12:58:13,505 [INFO]     gamma=     med  ρ=+0.4513  mono=0.604  τ=+0.8438  K_rq=0.3809
2026-03-10 12:58:13,688 [INFO]     gamma= 2.8e-05  ρ=+0.5533  mono=0.132  τ=+0.8374  K_rq=0.0002
2026-03-10 12:58:13,879 [INFO]     gamma= 1.0e-07  ρ=+0.4501  mono=0.595  τ=+0.8408  K_rq=0.7913
2026-03-10 12:58:14,066 [INFO]     gamma= 5.0e-07  ρ=+0.4511  mono=0.604  τ=+0.8438  K_rq=0.4204
2026-03-10 12:58:14,253 [INFO]     gamma= 1.0e-06  ρ=+0.4527  mono=0.608  τ=+0.8474  K_rq=0.2318
2026-03-10 12:58:14,435 [INFO]     gamma= 5.0e-06  ρ=+0.4809  mono=0.650  τ=+0.9195  K_rq=0.0078
2026-03-10 12:58:14,617 [INFO]     gamma= 1.0e-05  ρ=+0.5280  mono=0.456  τ=+0.8819  K_rq=0.0007
2026-03-10 12:58:14,800 [INFO]     gamma= 5.0e-05  ρ=+0.5188  mono=0.007  τ=+0.7753  K_rq=0.0001
2026-03-10 12:58:14,981 [INFO]     gamma= 1.0e-04  ρ=+0.4727  mono=0.000  τ=+0.6856  K_rq=0.0000
2026-03-10 12:58:15,156 [INFO]     gamma= 1.0e-03  ρ=+0.1204  mono=0.000  τ=+0.6325  K_rq=0.0000
dc_ae:  59%|█████▉    | 13/22 [1:48:20<1:35:04, 633.80s/layer]2026-03-10 12:58:15,276 [INFO] 
  Layer 13 — encoder.down_blocks.3.3
2026-03-10 12:58:15,276 [INFO] Loading backbone: dc_ae
Cannot initialize model with low cpu memory usage because `accelerate` was not found in the environment. Defaulting to `low_cpu_mem_usage=False`. It is strongly recommended to install `accelerate` for faster and less memory-intense model loading. You can do so with: 
```
pip install accelerate
```
.
/home/jnapolitano/Documents/metrique/.venv/lib/python3.12/site-packages/huggingface_hub/utils/_validators.py:202: UserWarning: The `local_dir_use_symlinks` argument is deprecated and ignored in `hf_hub_download`. Downloading to a local directory does not use symlinks anymore.
  warnings.warn(
2026-03-10 12:58:15,464 [INFO] HTTP Request: HEAD https://huggingface.co/mit-han-lab/dc-ae-f64c128-in-1.0-diffusers/resolve/main/config.json "HTTP/1.1 307 Temporary Redirect"
2026-03-10 12:58:15,488 [INFO] HTTP Request: HEAD https://huggingface.co/api/resolve-cache/models/mit-han-lab/dc-ae-f64c128-in-1.0-diffusers/d58275ea9674845e5e36cbf280987f67bee0e85c/config.json "HTTP/1.1 200 OK"
2026-03-10 12:58:15,619 [INFO] HTTP Request: HEAD https://huggingface.co/mit-han-lab/dc-ae-f64c128-in-1.0-diffusers/resolve/d58275ea9674845e5e36cbf280987f67bee0e85c/diffusion_pytorch_model.safetensors.index.json "HTTP/1.1 404 Not Found"
2026-03-10 12:58:16,360 [WARNING] Could not register hook on encoder.down_blocks.3.3: index 3 is out of range
2026-03-10 12:58:16,362 [INFO]     Extraction anchor (200 images)...
2026-03-10 12:58:16,642 [INFO] Extracting features: batch 1/25
2026-03-10 12:58:16,672 [ERROR]     Distance échouée : No features were captured from any layer
dc_ae:  64%|██████▎   | 14/22 [1:48:21<59:02, 442.81s/layer]  2026-03-10 12:58:16,783 [INFO] 
  Layer 14 — encoder.down_blocks.4.0
2026-03-10 12:58:16,783 [INFO] Loading backbone: dc_ae
Cannot initialize model with low cpu memory usage because `accelerate` was not found in the environment. Defaulting to `low_cpu_mem_usage=False`. It is strongly recommended to install `accelerate` for faster and less memory-intense model loading. You can do so with: 
```
pip install accelerate
```
.
2026-03-10 12:58:16,916 [INFO] HTTP Request: HEAD https://huggingface.co/mit-han-lab/dc-ae-f64c128-in-1.0-diffusers/resolve/main/config.json "HTTP/1.1 307 Temporary Redirect"
2026-03-10 12:58:16,944 [INFO] HTTP Request: HEAD https://huggingface.co/api/resolve-cache/models/mit-han-lab/dc-ae-f64c128-in-1.0-diffusers/d58275ea9674845e5e36cbf280987f67bee0e85c/config.json "HTTP/1.1 200 OK"
2026-03-10 12:58:17,075 [INFO] HTTP Request: HEAD https://huggingface.co/mit-han-lab/dc-ae-f64c128-in-1.0-diffusers/resolve/d58275ea9674845e5e36cbf280987f67bee0e85c/diffusion_pytorch_model.safetensors.index.json "HTTP/1.1 404 Not Found"
2026-03-10 12:58:18,609 [INFO]     Extraction anchor (200 images)...
2026-03-10 12:58:18,935 [INFO] Extracting features: batch 1/25
2026-03-10 12:58:29,076 [INFO] Extracting features: batch 11/25
2026-03-10 12:58:39,026 [INFO] Extracting features: batch 21/25
2026-03-10 12:58:44,215 [INFO] Extracted raw features: shape = (200, 524800)
2026-03-10 12:58:45,602 [INFO] Fitted scaler on Gram features: mean=3.96e-03, std=9.56e-02
2026-03-10 12:58:45,602 [INFO] Final feature shape: (200, 524800)
2026-03-10 12:58:45,954 [INFO]     Calcul D_rq par 10 chunks de 500 images...
2026-03-10 12:58:46,255 [INFO] Extracting features: batch 1/63
2026-03-10 12:58:56,206 [INFO] Extracting features: batch 11/63
2026-03-10 12:59:06,246 [INFO] Extracting features: batch 21/63
2026-03-10 12:59:16,267 [INFO] Extracting features: batch 31/63
2026-03-10 12:59:26,211 [INFO] Extracting features: batch 41/63
2026-03-10 12:59:36,215 [INFO] Extracting features: batch 51/63
2026-03-10 12:59:46,264 [INFO] Extracting features: batch 61/63
2026-03-10 12:59:49,140 [INFO] Extracted raw features: shape = (500, 524800)
2026-03-10 12:59:49,870 [INFO] Final feature shape: (500, 524800)
2026-03-10 12:59:51,187 [INFO] Extracting features: batch 1/63
2026-03-10 13:00:01,245 [INFO] Extracting features: batch 11/63
2026-03-10 13:00:11,222 [INFO] Extracting features: batch 21/63
2026-03-10 13:00:21,303 [INFO] Extracting features: batch 31/63
2026-03-10 13:00:31,406 [INFO] Extracting features: batch 41/63
2026-03-10 13:00:41,410 [INFO] Extracting features: batch 51/63
2026-03-10 13:00:51,373 [INFO] Extracting features: batch 61/63
2026-03-10 13:00:54,283 [INFO] Extracted raw features: shape = (500, 524800)
2026-03-10 13:00:55,013 [INFO] Final feature shape: (500, 524800)
2026-03-10 13:00:55,959 [INFO]       chunk 2/10
2026-03-10 13:00:56,253 [INFO] Extracting features: batch 1/63
2026-03-10 13:01:06,394 [INFO] Extracting features: batch 11/63
2026-03-10 13:01:16,370 [INFO] Extracting features: batch 21/63
2026-03-10 13:01:26,419 [INFO] Extracting features: batch 31/63
2026-03-10 13:01:36,360 [INFO] Extracting features: batch 41/63
2026-03-10 13:01:46,380 [INFO] Extracting features: batch 51/63
2026-03-10 13:01:56,372 [INFO] Extracting features: batch 61/63
2026-03-10 13:01:59,230 [INFO] Extracted raw features: shape = (500, 524800)
2026-03-10 13:01:59,963 [INFO] Final feature shape: (500, 524800)
2026-03-10 13:02:01,234 [INFO] Extracting features: batch 1/63
2026-03-10 13:02:11,348 [INFO] Extracting features: batch 11/63
2026-03-10 13:02:21,356 [INFO] Extracting features: batch 21/63
2026-03-10 13:02:31,357 [INFO] Extracting features: batch 31/63
2026-03-10 13:02:41,372 [INFO] Extracting features: batch 41/63
2026-03-10 13:02:51,355 [INFO] Extracting features: batch 51/63
2026-03-10 13:03:01,333 [INFO] Extracting features: batch 61/63
2026-03-10 13:03:04,221 [INFO] Extracted raw features: shape = (500, 524800)
2026-03-10 13:03:04,937 [INFO] Final feature shape: (500, 524800)
2026-03-10 13:03:05,874 [INFO]       chunk 4/10
2026-03-10 13:03:06,174 [INFO] Extracting features: batch 1/63
2026-03-10 13:03:16,130 [INFO] Extracting features: batch 11/63
2026-03-10 13:03:26,151 [INFO] Extracting features: batch 21/63
2026-03-10 13:03:36,114 [INFO] Extracting features: batch 31/63
2026-03-10 13:03:46,118 [INFO] Extracting features: batch 41/63
2026-03-10 13:03:56,167 [INFO] Extracting features: batch 51/63
2026-03-10 13:04:06,151 [INFO] Extracting features: batch 61/63
2026-03-10 13:04:09,030 [INFO] Extracted raw features: shape = (500, 524800)
2026-03-10 13:04:09,854 [INFO] Final feature shape: (500, 524800)
2026-03-10 13:04:11,230 [INFO] Extracting features: batch 1/63
2026-03-10 13:04:21,324 [INFO] Extracting features: batch 11/63
2026-03-10 13:04:31,334 [INFO] Extracting features: batch 21/63
2026-03-10 13:04:41,328 [INFO] Extracting features: batch 31/63
2026-03-10 13:04:51,346 [INFO] Extracting features: batch 41/63
2026-03-10 13:05:01,320 [INFO] Extracting features: batch 51/63
2026-03-10 13:05:11,294 [INFO] Extracting features: batch 61/63
2026-03-10 13:05:14,196 [INFO] Extracted raw features: shape = (500, 524800)
2026-03-10 13:05:14,989 [INFO] Final feature shape: (500, 524800)
2026-03-10 13:05:16,017 [INFO]       chunk 6/10
2026-03-10 13:05:16,318 [INFO] Extracting features: batch 1/63
2026-03-10 13:05:26,307 [INFO] Extracting features: batch 11/63
2026-03-10 13:05:36,290 [INFO] Extracting features: batch 21/63
2026-03-10 13:05:46,436 [INFO] Extracting features: batch 31/63
2026-03-10 13:05:56,512 [INFO] Extracting features: batch 41/63
2026-03-10 13:06:06,491 [INFO] Extracting features: batch 51/63
2026-03-10 13:06:16,504 [INFO] Extracting features: batch 61/63
2026-03-10 13:06:19,378 [INFO] Extracted raw features: shape = (500, 524800)
2026-03-10 13:06:20,155 [INFO] Final feature shape: (500, 524800)
2026-03-10 13:06:21,506 [INFO] Extracting features: batch 1/63
2026-03-10 13:06:31,490 [INFO] Extracting features: batch 11/63
2026-03-10 13:06:41,472 [INFO] Extracting features: batch 21/63
2026-03-10 13:06:51,497 [INFO] Extracting features: batch 31/63
2026-03-10 13:07:01,520 [INFO] Extracting features: batch 41/63
2026-03-10 13:07:11,459 [INFO] Extracting features: batch 51/63
2026-03-10 13:07:21,474 [INFO] Extracting features: batch 61/63
2026-03-10 13:07:24,388 [INFO] Extracted raw features: shape = (500, 524800)
2026-03-10 13:07:25,046 [INFO] Final feature shape: (500, 524800)
2026-03-10 13:07:25,913 [INFO]       chunk 8/10
2026-03-10 13:07:26,218 [INFO] Extracting features: batch 1/63
2026-03-10 13:07:36,248 [INFO] Extracting features: batch 11/63
2026-03-10 13:07:46,264 [INFO] Extracting features: batch 21/63
2026-03-10 13:07:56,288 [INFO] Extracting features: batch 31/63
2026-03-10 13:08:06,267 [INFO] Extracting features: batch 41/63
2026-03-10 13:08:16,253 [INFO] Extracting features: batch 51/63
2026-03-10 13:08:26,231 [INFO] Extracting features: batch 61/63
2026-03-10 13:08:29,125 [INFO] Extracted raw features: shape = (500, 524800)
2026-03-10 13:08:29,785 [INFO] Final feature shape: (500, 524800)
2026-03-10 13:08:30,936 [INFO] Extracting features: batch 1/63
2026-03-10 13:08:41,033 [INFO] Extracting features: batch 11/63
2026-03-10 13:08:51,018 [INFO] Extracting features: batch 21/63
2026-03-10 13:09:01,072 [INFO] Extracting features: batch 31/63
2026-03-10 13:09:11,241 [INFO] Extracting features: batch 41/63
2026-03-10 13:09:21,258 [INFO] Extracting features: batch 51/63
2026-03-10 13:09:31,413 [INFO] Extracting features: batch 61/63
2026-03-10 13:09:34,302 [INFO] Extracted raw features: shape = (500, 524800)
2026-03-10 13:09:34,959 [INFO] Final feature shape: (500, 524800)
2026-03-10 13:09:35,832 [INFO]       chunk 10/10
2026-03-10 13:09:35,834 [INFO]     D_rr (156 Ko) et D_rq (3906 Ko) sauvegardés
2026-03-10 13:09:35,861 [INFO]     median_D_rr=8.697e+05  gamma_med=5.749e-07  feat_dim=524800
2026-03-10 13:09:36,050 [INFO]     gamma=     med  ρ=+0.4507  mono=0.554  τ=+0.8302  K_rq=0.3894
2026-03-10 13:09:36,232 [INFO]     gamma= 2.8e-05  ρ=+0.5513  mono=0.132  τ=+0.8387  K_rq=0.0002
2026-03-10 13:09:36,420 [INFO]     gamma= 1.0e-07  ρ=+0.4497  mono=0.547  τ=+0.8262  K_rq=0.7910
2026-03-10 13:09:36,607 [INFO]     gamma= 5.0e-07  ρ=+0.4505  mono=0.554  τ=+0.8296  K_rq=0.4279
2026-03-10 13:09:36,796 [INFO]     gamma= 1.0e-06  ρ=+0.4518  mono=0.557  τ=+0.8342  K_rq=0.2397
2026-03-10 13:09:36,984 [INFO]     gamma= 5.0e-06  ρ=+0.4777  mono=0.610  τ=+0.9073  K_rq=0.0084
2026-03-10 13:09:37,166 [INFO]     gamma= 1.0e-05  ρ=+0.5279  mono=0.473  τ=+0.8877  K_rq=0.0007
2026-03-10 13:09:37,349 [INFO]     gamma= 5.0e-05  ρ=+0.5117  mono=0.005  τ=+0.7808  K_rq=0.0001
2026-03-10 13:09:37,531 [INFO]     gamma= 1.0e-04  ρ=+0.4630  mono=0.000  τ=+0.6849  K_rq=0.0000
2026-03-10 13:09:37,707 [INFO]     gamma= 1.0e-03  ρ=+0.1042  mono=0.000  τ=+0.6325  K_rq=0.0000
dc_ae:  68%|██████▊   | 15/22 [1:59:43<1:00:02, 514.62s/layer]2026-03-10 13:09:37,825 [INFO] 
  Layer 15 — encoder.down_blocks.4.1
2026-03-10 13:09:37,825 [INFO] Loading backbone: dc_ae
Cannot initialize model with low cpu memory usage because `accelerate` was not found in the environment. Defaulting to `low_cpu_mem_usage=False`. It is strongly recommended to install `accelerate` for faster and less memory-intense model loading. You can do so with: 
```
pip install accelerate
```
.
/home/jnapolitano/Documents/metrique/.venv/lib/python3.12/site-packages/huggingface_hub/utils/_validators.py:202: UserWarning: The `local_dir_use_symlinks` argument is deprecated and ignored in `hf_hub_download`. Downloading to a local directory does not use symlinks anymore.
  warnings.warn(
2026-03-10 13:09:38,001 [INFO] HTTP Request: HEAD https://huggingface.co/mit-han-lab/dc-ae-f64c128-in-1.0-diffusers/resolve/main/config.json "HTTP/1.1 307 Temporary Redirect"
2026-03-10 13:09:38,013 [INFO] HTTP Request: HEAD https://huggingface.co/api/resolve-cache/models/mit-han-lab/dc-ae-f64c128-in-1.0-diffusers/d58275ea9674845e5e36cbf280987f67bee0e85c/config.json "HTTP/1.1 200 OK"
2026-03-10 13:09:38,124 [INFO] HTTP Request: HEAD https://huggingface.co/mit-han-lab/dc-ae-f64c128-in-1.0-diffusers/resolve/d58275ea9674845e5e36cbf280987f67bee0e85c/diffusion_pytorch_model.safetensors.index.json "HTTP/1.1 404 Not Found"
2026-03-10 13:09:38,662 [INFO]     Extraction anchor (200 images)...
2026-03-10 13:09:38,945 [INFO] Extracting features: batch 1/25
2026-03-10 13:09:49,013 [INFO] Extracting features: batch 11/25
2026-03-10 13:09:59,009 [INFO] Extracting features: batch 21/25
2026-03-10 13:10:04,168 [INFO] Extracted raw features: shape = (200, 524800)
2026-03-10 13:10:05,349 [INFO] Fitted scaler on Gram features: mean=2.75e-03, std=5.82e-02
2026-03-10 13:10:05,349 [INFO] Final feature shape: (200, 524800)
2026-03-10 13:10:05,667 [INFO]     Calcul D_rq par 10 chunks de 500 images...
2026-03-10 13:10:05,943 [INFO] Extracting features: batch 1/63
2026-03-10 13:10:16,026 [INFO] Extracting features: batch 11/63
2026-03-10 13:10:26,019 [INFO] Extracting features: batch 21/63
2026-03-10 13:10:36,034 [INFO] Extracting features: batch 31/63
2026-03-10 13:10:46,208 [INFO] Extracting features: batch 41/63
2026-03-10 13:10:56,201 [INFO] Extracting features: batch 51/63
2026-03-10 13:11:06,208 [INFO] Extracting features: batch 61/63
2026-03-10 13:11:09,066 [INFO] Extracted raw features: shape = (500, 524800)
2026-03-10 13:11:09,718 [INFO] Final feature shape: (500, 524800)
2026-03-10 13:11:10,907 [INFO] Extracting features: batch 1/63
2026-03-10 13:11:20,983 [INFO] Extracting features: batch 11/63
2026-03-10 13:11:31,017 [INFO] Extracting features: batch 21/63
2026-03-10 13:11:41,004 [INFO] Extracting features: batch 31/63
2026-03-10 13:11:51,023 [INFO] Extracting features: batch 41/63
2026-03-10 13:12:00,975 [INFO] Extracting features: batch 51/63
2026-03-10 13:12:10,963 [INFO] Extracting features: batch 61/63
2026-03-10 13:12:13,849 [INFO] Extracted raw features: shape = (500, 524800)
2026-03-10 13:12:14,508 [INFO] Final feature shape: (500, 524800)
2026-03-10 13:12:15,358 [INFO]       chunk 2/10
2026-03-10 13:12:15,643 [INFO] Extracting features: batch 1/63
2026-03-10 13:12:25,759 [INFO] Extracting features: batch 11/63
2026-03-10 13:12:35,755 [INFO] Extracting features: batch 21/63
2026-03-10 13:12:45,726 [INFO] Extracting features: batch 31/63
2026-03-10 13:12:55,377 [INFO] Extracting features: batch 41/63
2026-03-10 13:13:05,015 [INFO] Extracting features: batch 51/63
2026-03-10 13:13:14,662 [INFO] Extracting features: batch 61/63
2026-03-10 13:13:17,423 [INFO] Extracted raw features: shape = (500, 524800)
2026-03-10 13:13:18,018 [INFO] Final feature shape: (500, 524800)
2026-03-10 13:13:19,065 [INFO] Extracting features: batch 1/63
2026-03-10 13:13:28,707 [INFO] Extracting features: batch 11/63
2026-03-10 13:13:38,318 [INFO] Extracting features: batch 21/63
2026-03-10 13:13:47,999 [INFO] Extracting features: batch 31/63
2026-03-10 13:13:57,628 [INFO] Extracting features: batch 41/63
2026-03-10 13:14:07,234 [INFO] Extracting features: batch 51/63
2026-03-10 13:14:16,868 [INFO] Extracting features: batch 61/63
2026-03-10 13:14:19,647 [INFO] Extracted raw features: shape = (500, 524800)
2026-03-10 13:14:20,244 [INFO] Final feature shape: (500, 524800)
2026-03-10 13:14:21,031 [INFO]       chunk 4/10
2026-03-10 13:14:21,295 [INFO] Extracting features: batch 1/63
2026-03-10 13:14:30,955 [INFO] Extracting features: batch 11/63
2026-03-10 13:14:40,585 [INFO] Extracting features: batch 21/63
2026-03-10 13:14:50,226 [INFO] Extracting features: batch 31/63
2026-03-10 13:14:59,879 [INFO] Extracting features: batch 41/63
2026-03-10 13:15:09,567 [INFO] Extracting features: batch 51/63
2026-03-10 13:15:19,210 [INFO] Extracting features: batch 61/63
2026-03-10 13:15:21,991 [INFO] Extracted raw features: shape = (500, 524800)
2026-03-10 13:15:22,588 [INFO] Final feature shape: (500, 524800)
2026-03-10 13:15:23,622 [INFO] Extracting features: batch 1/63
2026-03-10 13:15:33,247 [INFO] Extracting features: batch 11/63
2026-03-10 13:15:42,874 [INFO] Extracting features: batch 21/63
2026-03-10 13:15:52,550 [INFO] Extracting features: batch 31/63
2026-03-10 13:16:02,188 [INFO] Extracting features: batch 41/63
2026-03-10 13:16:11,879 [INFO] Extracting features: batch 51/63
2026-03-10 13:16:21,541 [INFO] Extracting features: batch 61/63
2026-03-10 13:16:24,321 [INFO] Extracted raw features: shape = (500, 524800)
2026-03-10 13:16:24,918 [INFO] Final feature shape: (500, 524800)
2026-03-10 13:16:25,704 [INFO]       chunk 6/10
2026-03-10 13:16:25,946 [INFO] Extracting features: batch 1/63
2026-03-10 13:16:35,601 [INFO] Extracting features: batch 11/63
2026-03-10 13:16:45,273 [INFO] Extracting features: batch 21/63
2026-03-10 13:16:54,912 [INFO] Extracting features: batch 31/63
2026-03-10 13:17:04,510 [INFO] Extracting features: batch 41/63
2026-03-10 13:17:14,171 [INFO] Extracting features: batch 51/63
2026-03-10 13:17:23,893 [INFO] Extracting features: batch 61/63
2026-03-10 13:17:26,668 [INFO] Extracted raw features: shape = (500, 524800)
2026-03-10 13:17:27,264 [INFO] Final feature shape: (500, 524800)
2026-03-10 13:17:28,318 [INFO] Extracting features: batch 1/63
2026-03-10 13:17:37,950 [INFO] Extracting features: batch 11/63
2026-03-10 13:17:47,556 [INFO] Extracting features: batch 21/63
2026-03-10 13:17:57,246 [INFO] Extracting features: batch 31/63
2026-03-10 13:18:06,889 [INFO] Extracting features: batch 41/63
2026-03-10 13:18:16,544 [INFO] Extracting features: batch 51/63
2026-03-10 13:18:26,153 [INFO] Extracting features: batch 61/63
2026-03-10 13:18:28,964 [INFO] Extracted raw features: shape = (500, 524800)
2026-03-10 13:18:29,559 [INFO] Final feature shape: (500, 524800)
2026-03-10 13:18:30,349 [INFO]       chunk 8/10
2026-03-10 13:18:30,603 [INFO] Extracting features: batch 1/63
2026-03-10 13:18:40,235 [INFO] Extracting features: batch 11/63
2026-03-10 13:18:49,898 [INFO] Extracting features: batch 21/63
2026-03-10 13:18:59,552 [INFO] Extracting features: batch 31/63
2026-03-10 13:19:09,138 [INFO] Extracting features: batch 41/63
2026-03-10 13:19:18,865 [INFO] Extracting features: batch 51/63
2026-03-10 13:19:28,457 [INFO] Extracting features: batch 61/63
2026-03-10 13:19:31,218 [INFO] Extracted raw features: shape = (500, 524800)
2026-03-10 13:19:31,815 [INFO] Final feature shape: (500, 524800)
2026-03-10 13:19:32,852 [INFO] Extracting features: batch 1/63
2026-03-10 13:19:42,461 [INFO] Extracting features: batch 11/63
2026-03-10 13:19:52,137 [INFO] Extracting features: batch 21/63
2026-03-10 13:20:01,787 [INFO] Extracting features: batch 31/63
2026-03-10 13:20:11,472 [INFO] Extracting features: batch 41/63
2026-03-10 13:20:21,130 [INFO] Extracting features: batch 51/63
2026-03-10 13:20:30,714 [INFO] Extracting features: batch 61/63
2026-03-10 13:20:33,521 [INFO] Extracted raw features: shape = (500, 524800)
2026-03-10 13:20:34,117 [INFO] Final feature shape: (500, 524800)
2026-03-10 13:20:34,900 [INFO]       chunk 10/10
2026-03-10 13:20:34,902 [INFO]     D_rr (156 Ko) et D_rq (3906 Ko) sauvegardés
2026-03-10 13:20:34,926 [INFO]     median_D_rr=8.782e+05  gamma_med=5.694e-07  feat_dim=524800
2026-03-10 13:20:35,116 [INFO]     gamma=     med  ρ=+0.4188  mono=0.574  τ=+0.8236  K_rq=0.3772
2026-03-10 13:20:35,302 [INFO]     gamma= 2.8e-05  ρ=+0.5127  mono=0.115  τ=+0.8307  K_rq=0.0001
2026-03-10 13:20:35,490 [INFO]     gamma= 1.0e-07  ρ=+0.4183  mono=0.571  τ=+0.8216  K_rq=0.7737
2026-03-10 13:20:35,679 [INFO]     gamma= 5.0e-07  ρ=+0.4187  mono=0.573  τ=+0.8230  K_rq=0.4119
2026-03-10 13:20:35,868 [INFO]     gamma= 1.0e-06  ρ=+0.4196  mono=0.574  τ=+0.8252  K_rq=0.2300
2026-03-10 13:20:36,054 [INFO]     gamma= 5.0e-06  ρ=+0.4434  mono=0.588  τ=+0.8956  K_rq=0.0077
2026-03-10 13:20:36,238 [INFO]     gamma= 1.0e-05  ρ=+0.4811  mono=0.436  τ=+0.8858  K_rq=0.0006
2026-03-10 13:20:36,420 [INFO]     gamma= 5.0e-05  ρ=+0.4917  mono=0.000  τ=+0.7553  K_rq=0.0001
2026-03-10 13:20:36,603 [INFO]     gamma= 1.0e-04  ρ=+0.4444  mono=0.000  τ=+0.6646  K_rq=0.0000
2026-03-10 13:20:36,779 [INFO]     gamma= 1.0e-03  ρ=+0.0776  mono=0.000  τ=+0.6325  K_rq=0.0000
dc_ae:  73%|███████▎  | 16/22 [2:10:42<55:48, 558.10s/layer]  2026-03-10 13:20:36,880 [INFO] 
  Layer 16 — encoder.down_blocks.4.2
2026-03-10 13:20:36,880 [INFO] Loading backbone: dc_ae
Cannot initialize model with low cpu memory usage because `accelerate` was not found in the environment. Defaulting to `low_cpu_mem_usage=False`. It is strongly recommended to install `accelerate` for faster and less memory-intense model loading. You can do so with: 
```
pip install accelerate
```
.
/home/jnapolitano/Documents/metrique/.venv/lib/python3.12/site-packages/huggingface_hub/utils/_validators.py:202: UserWarning: The `local_dir_use_symlinks` argument is deprecated and ignored in `hf_hub_download`. Downloading to a local directory does not use symlinks anymore.
  warnings.warn(
2026-03-10 13:20:37,063 [INFO] HTTP Request: HEAD https://huggingface.co/mit-han-lab/dc-ae-f64c128-in-1.0-diffusers/resolve/main/config.json "HTTP/1.1 307 Temporary Redirect"
2026-03-10 13:20:37,077 [INFO] HTTP Request: HEAD https://huggingface.co/api/resolve-cache/models/mit-han-lab/dc-ae-f64c128-in-1.0-diffusers/d58275ea9674845e5e36cbf280987f67bee0e85c/config.json "HTTP/1.1 200 OK"
2026-03-10 13:20:37,202 [INFO] HTTP Request: HEAD https://huggingface.co/mit-han-lab/dc-ae-f64c128-in-1.0-diffusers/resolve/d58275ea9674845e5e36cbf280987f67bee0e85c/diffusion_pytorch_model.safetensors.index.json "HTTP/1.1 404 Not Found"
2026-03-10 13:20:37,622 [INFO]     Extraction anchor (200 images)...
2026-03-10 13:20:37,861 [INFO] Extracting features: batch 1/25
2026-03-10 13:20:47,463 [INFO] Extracting features: batch 11/25
2026-03-10 13:20:57,145 [INFO] Extracting features: batch 21/25
2026-03-10 13:21:02,109 [INFO] Extracted raw features: shape = (200, 524800)
2026-03-10 13:21:03,201 [INFO] Fitted scaler on Gram features: mean=4.41e-03, std=1.08e-01
2026-03-10 13:21:03,201 [INFO] Final feature shape: (200, 524800)
2026-03-10 13:21:03,483 [INFO]     Calcul D_rq par 10 chunks de 500 images...
2026-03-10 13:21:03,740 [INFO] Extracting features: batch 1/63
2026-03-10 13:21:13,355 [INFO] Extracting features: batch 11/63
2026-03-10 13:21:22,972 [INFO] Extracting features: batch 21/63
2026-03-10 13:21:32,627 [INFO] Extracting features: batch 31/63
2026-03-10 13:21:42,213 [INFO] Extracting features: batch 41/63
2026-03-10 13:21:51,870 [INFO] Extracting features: batch 51/63
2026-03-10 13:22:01,496 [INFO] Extracting features: batch 61/63
2026-03-10 13:22:04,258 [INFO] Extracted raw features: shape = (500, 524800)
2026-03-10 13:22:04,855 [INFO] Final feature shape: (500, 524800)
2026-03-10 13:22:05,925 [INFO] Extracting features: batch 1/63
2026-03-10 13:22:15,570 [INFO] Extracting features: batch 11/63
2026-03-10 13:22:25,220 [INFO] Extracting features: batch 21/63
2026-03-10 13:22:34,791 [INFO] Extracting features: batch 31/63
2026-03-10 13:22:44,468 [INFO] Extracting features: batch 41/63
2026-03-10 13:22:54,083 [INFO] Extracting features: batch 51/63
2026-03-10 13:23:03,728 [INFO] Extracting features: batch 61/63
2026-03-10 13:23:06,518 [INFO] Extracted raw features: shape = (500, 524800)
2026-03-10 13:23:07,114 [INFO] Final feature shape: (500, 524800)
2026-03-10 13:23:07,896 [INFO]       chunk 2/10
2026-03-10 13:23:08,159 [INFO] Extracting features: batch 1/63
2026-03-10 13:23:17,792 [INFO] Extracting features: batch 11/63
2026-03-10 13:23:27,373 [INFO] Extracting features: batch 21/63
2026-03-10 13:23:37,014 [INFO] Extracting features: batch 31/63
2026-03-10 13:23:46,635 [INFO] Extracting features: batch 41/63
2026-03-10 13:23:56,264 [INFO] Extracting features: batch 51/63
2026-03-10 13:24:05,842 [INFO] Extracting features: batch 61/63
2026-03-10 13:24:08,652 [INFO] Extracted raw features: shape = (500, 524800)
2026-03-10 13:24:09,248 [INFO] Final feature shape: (500, 524800)
2026-03-10 13:24:10,312 [INFO] Extracting features: batch 1/63
2026-03-10 13:24:19,978 [INFO] Extracting features: batch 11/63
2026-03-10 13:24:29,626 [INFO] Extracting features: batch 21/63
2026-03-10 13:24:39,226 [INFO] Extracting features: batch 31/63
2026-03-10 13:24:48,834 [INFO] Extracting features: batch 41/63
2026-03-10 13:24:58,475 [INFO] Extracting features: batch 51/63
2026-03-10 13:25:08,105 [INFO] Extracting features: batch 61/63
2026-03-10 13:25:10,887 [INFO] Extracted raw features: shape = (500, 524800)
2026-03-10 13:25:11,483 [INFO] Final feature shape: (500, 524800)
2026-03-10 13:25:12,267 [INFO]       chunk 4/10
2026-03-10 13:25:12,519 [INFO] Extracting features: batch 1/63
2026-03-10 13:25:22,170 [INFO] Extracting features: batch 11/63
2026-03-10 13:25:31,860 [INFO] Extracting features: batch 21/63
2026-03-10 13:25:41,469 [INFO] Extracting features: batch 31/63
2026-03-10 13:25:51,110 [INFO] Extracting features: batch 41/63
2026-03-10 13:26:00,756 [INFO] Extracting features: batch 51/63
2026-03-10 13:26:10,390 [INFO] Extracting features: batch 61/63
2026-03-10 13:26:13,186 [INFO] Extracted raw features: shape = (500, 524800)
2026-03-10 13:26:13,783 [INFO] Final feature shape: (500, 524800)
2026-03-10 13:26:14,831 [INFO] Extracting features: batch 1/63
2026-03-10 13:26:24,484 [INFO] Extracting features: batch 11/63
2026-03-10 13:26:34,132 [INFO] Extracting features: batch 21/63
2026-03-10 13:26:43,744 [INFO] Extracting features: batch 31/63
2026-03-10 13:26:53,400 [INFO] Extracting features: batch 41/63
2026-03-10 13:27:02,985 [INFO] Extracting features: batch 51/63
2026-03-10 13:27:12,660 [INFO] Extracting features: batch 61/63
2026-03-10 13:27:15,425 [INFO] Extracted raw features: shape = (500, 524800)
2026-03-10 13:27:16,028 [INFO] Final feature shape: (500, 524800)
2026-03-10 13:27:16,820 [INFO]       chunk 6/10
2026-03-10 13:27:17,064 [INFO] Extracting features: batch 1/63
2026-03-10 13:27:26,713 [INFO] Extracting features: batch 11/63
2026-03-10 13:27:36,298 [INFO] Extracting features: batch 21/63
2026-03-10 13:27:45,937 [INFO] Extracting features: batch 31/63
2026-03-10 13:27:55,613 [INFO] Extracting features: batch 41/63
2026-03-10 13:28:05,274 [INFO] Extracting features: batch 51/63
2026-03-10 13:28:14,905 [INFO] Extracting features: batch 61/63
2026-03-10 13:28:17,682 [INFO] Extracted raw features: shape = (500, 524800)
2026-03-10 13:28:18,278 [INFO] Final feature shape: (500, 524800)
2026-03-10 13:28:19,309 [INFO] Extracting features: batch 1/63
2026-03-10 13:28:28,953 [INFO] Extracting features: batch 11/63
2026-03-10 13:28:38,555 [INFO] Extracting features: batch 21/63
2026-03-10 13:28:48,203 [INFO] Extracting features: batch 31/63
2026-03-10 13:28:57,848 [INFO] Extracting features: batch 41/63
2026-03-10 13:29:07,428 [INFO] Extracting features: batch 51/63
2026-03-10 13:29:17,046 [INFO] Extracting features: batch 61/63
2026-03-10 13:29:19,828 [INFO] Extracted raw features: shape = (500, 524800)
2026-03-10 13:29:20,424 [INFO] Final feature shape: (500, 524800)
2026-03-10 13:29:21,207 [INFO]       chunk 8/10
2026-03-10 13:29:21,465 [INFO] Extracting features: batch 1/63
2026-03-10 13:29:30,996 [INFO] Extracting features: batch 11/63
2026-03-10 13:29:40,611 [INFO] Extracting features: batch 21/63
2026-03-10 13:29:50,214 [INFO] Extracting features: batch 31/63
2026-03-10 13:29:59,814 [INFO] Extracting features: batch 41/63
2026-03-10 13:30:09,409 [INFO] Extracting features: batch 51/63
2026-03-10 13:30:19,044 [INFO] Extracting features: batch 61/63
2026-03-10 13:30:21,824 [INFO] Extracted raw features: shape = (500, 524800)
2026-03-10 13:30:22,422 [INFO] Final feature shape: (500, 524800)
2026-03-10 13:30:23,459 [INFO] Extracting features: batch 1/63
2026-03-10 13:30:33,070 [INFO] Extracting features: batch 11/63
2026-03-10 13:30:42,698 [INFO] Extracting features: batch 21/63
2026-03-10 13:30:52,353 [INFO] Extracting features: batch 31/63
2026-03-10 13:31:01,996 [INFO] Extracting features: batch 41/63
2026-03-10 13:31:11,583 [INFO] Extracting features: batch 51/63
2026-03-10 13:31:21,256 [INFO] Extracting features: batch 61/63
2026-03-10 13:31:24,027 [INFO] Extracted raw features: shape = (500, 524800)
2026-03-10 13:31:24,623 [INFO] Final feature shape: (500, 524800)
2026-03-10 13:31:25,429 [INFO]       chunk 10/10
2026-03-10 13:31:25,432 [INFO]     D_rr (156 Ko) et D_rq (3906 Ko) sauvegardés
2026-03-10 13:31:25,457 [INFO]     median_D_rr=9.167e+05  gamma_med=5.454e-07  feat_dim=524800
2026-03-10 13:31:25,648 [INFO]     gamma=     med  ρ=+0.4154  mono=0.723  τ=+0.8284  K_rq=0.4200
2026-03-10 13:31:25,831 [INFO]     gamma= 2.8e-05  ρ=+0.5339  mono=0.143  τ=+0.8371  K_rq=0.0002
2026-03-10 13:31:26,018 [INFO]     gamma= 1.0e-07  ρ=+0.4146  mono=0.722  τ=+0.8266  K_rq=0.8079
2026-03-10 13:31:26,203 [INFO]     gamma= 5.0e-07  ρ=+0.4153  mono=0.723  τ=+0.8284  K_rq=0.4449
2026-03-10 13:31:26,387 [INFO]     gamma= 1.0e-06  ρ=+0.4162  mono=0.727  τ=+0.8308  K_rq=0.2466
2026-03-10 13:31:26,572 [INFO]     gamma= 5.0e-06  ρ=+0.4414  mono=0.614  τ=+0.8865  K_rq=0.0068
2026-03-10 13:31:26,753 [INFO]     gamma= 1.0e-05  ρ=+0.5185  mono=0.529  τ=+0.9048  K_rq=0.0005
2026-03-10 13:31:26,933 [INFO]     gamma= 5.0e-05  ρ=+0.4964  mono=0.003  τ=+0.7707  K_rq=0.0001
2026-03-10 13:31:27,114 [INFO]     gamma= 1.0e-04  ρ=+0.4561  mono=0.000  τ=+0.6728  K_rq=0.0000
2026-03-10 13:31:27,289 [INFO]     gamma= 1.0e-03  ρ=+0.0776  mono=0.000  τ=+0.6325  K_rq=0.0000
dc_ae:  77%|███████▋  | 17/22 [2:21:32<48:49, 585.88s/layer]2026-03-10 13:31:27,387 [INFO] 
  Layer 17 — encoder.down_blocks.4.3
2026-03-10 13:31:27,387 [INFO] Loading backbone: dc_ae
Cannot initialize model with low cpu memory usage because `accelerate` was not found in the environment. Defaulting to `low_cpu_mem_usage=False`. It is strongly recommended to install `accelerate` for faster and less memory-intense model loading. You can do so with: 
```
pip install accelerate
```
.
/home/jnapolitano/Documents/metrique/.venv/lib/python3.12/site-packages/huggingface_hub/utils/_validators.py:202: UserWarning: The `local_dir_use_symlinks` argument is deprecated and ignored in `hf_hub_download`. Downloading to a local directory does not use symlinks anymore.
  warnings.warn(
2026-03-10 13:31:27,568 [INFO] HTTP Request: HEAD https://huggingface.co/mit-han-lab/dc-ae-f64c128-in-1.0-diffusers/resolve/main/config.json "HTTP/1.1 307 Temporary Redirect"
2026-03-10 13:31:27,581 [INFO] HTTP Request: HEAD https://huggingface.co/api/resolve-cache/models/mit-han-lab/dc-ae-f64c128-in-1.0-diffusers/d58275ea9674845e5e36cbf280987f67bee0e85c/config.json "HTTP/1.1 200 OK"
2026-03-10 13:31:27,691 [INFO] HTTP Request: HEAD https://huggingface.co/mit-han-lab/dc-ae-f64c128-in-1.0-diffusers/resolve/d58275ea9674845e5e36cbf280987f67bee0e85c/diffusion_pytorch_model.safetensors.index.json "HTTP/1.1 404 Not Found"
2026-03-10 13:31:28,107 [WARNING] Could not register hook on encoder.down_blocks.4.3: index 3 is out of range
2026-03-10 13:31:28,108 [INFO]     Extraction anchor (200 images)...
2026-03-10 13:31:28,358 [INFO] Extracting features: batch 1/25
2026-03-10 13:31:28,375 [ERROR]     Distance échouée : No features were captured from any layer
dc_ae:  82%|████████▏ | 18/22 [2:21:33<27:20, 410.15s/layer]2026-03-10 13:31:28,450 [INFO] 
  Layer 18 — encoder.down_blocks.5.0
2026-03-10 13:31:28,451 [INFO] Loading backbone: dc_ae
Cannot initialize model with low cpu memory usage because `accelerate` was not found in the environment. Defaulting to `low_cpu_mem_usage=False`. It is strongly recommended to install `accelerate` for faster and less memory-intense model loading. You can do so with: 
```
pip install accelerate
```
.
2026-03-10 13:31:28,582 [INFO] HTTP Request: HEAD https://huggingface.co/mit-han-lab/dc-ae-f64c128-in-1.0-diffusers/resolve/main/config.json "HTTP/1.1 307 Temporary Redirect"
2026-03-10 13:31:28,594 [INFO] HTTP Request: HEAD https://huggingface.co/api/resolve-cache/models/mit-han-lab/dc-ae-f64c128-in-1.0-diffusers/d58275ea9674845e5e36cbf280987f67bee0e85c/config.json "HTTP/1.1 200 OK"
2026-03-10 13:31:28,706 [INFO] HTTP Request: HEAD https://huggingface.co/mit-han-lab/dc-ae-f64c128-in-1.0-diffusers/resolve/d58275ea9674845e5e36cbf280987f67bee0e85c/diffusion_pytorch_model.safetensors.index.json "HTTP/1.1 404 Not Found"
2026-03-10 13:31:29,798 [INFO]     Extraction anchor (200 images)...
2026-03-10 13:31:30,059 [INFO] Extracting features: batch 1/25
2026-03-10 13:31:39,677 [INFO] Extracting features: batch 11/25
2026-03-10 13:31:49,299 [INFO] Extracting features: batch 21/25
2026-03-10 13:31:54,284 [INFO] Extracted raw features: shape = (200, 524800)
2026-03-10 13:31:55,390 [INFO] Fitted scaler on Gram features: mean=4.01e-03, std=1.00e-01
2026-03-10 13:31:55,390 [INFO] Final feature shape: (200, 524800)
2026-03-10 13:31:55,680 [INFO]     Calcul D_rq par 10 chunks de 500 images...
2026-03-10 13:31:55,942 [INFO] Extracting features: batch 1/63
2026-03-10 13:32:05,562 [INFO] Extracting features: batch 11/63
2026-03-10 13:32:15,210 [INFO] Extracting features: batch 21/63
2026-03-10 13:32:24,866 [INFO] Extracting features: batch 31/63
2026-03-10 13:32:34,482 [INFO] Extracting features: batch 41/63
2026-03-10 13:32:44,153 [INFO] Extracting features: batch 51/63
2026-03-10 13:32:53,790 [INFO] Extracting features: batch 61/63
2026-03-10 13:32:56,571 [INFO] Extracted raw features: shape = (500, 524800)
2026-03-10 13:32:57,165 [INFO] Final feature shape: (500, 524800)
2026-03-10 13:32:58,281 [INFO] Extracting features: batch 1/63
2026-03-10 13:33:07,952 [INFO] Extracting features: batch 11/63
2026-03-10 13:33:17,618 [INFO] Extracting features: batch 21/63
2026-03-10 13:33:27,241 [INFO] Extracting features: batch 31/63
2026-03-10 13:33:36,873 [INFO] Extracting features: batch 41/63
2026-03-10 13:33:46,518 [INFO] Extracting features: batch 51/63
2026-03-10 13:33:56,142 [INFO] Extracting features: batch 61/63
2026-03-10 13:33:58,924 [INFO] Extracted raw features: shape = (500, 524800)
2026-03-10 13:33:59,523 [INFO] Final feature shape: (500, 524800)
2026-03-10 13:34:00,304 [INFO]       chunk 2/10
2026-03-10 13:34:00,555 [INFO] Extracting features: batch 1/63
2026-03-10 13:34:10,193 [INFO] Extracting features: batch 11/63
2026-03-10 13:34:19,788 [INFO] Extracting features: batch 21/63
2026-03-10 13:34:29,426 [INFO] Extracting features: batch 31/63
2026-03-10 13:34:39,049 [INFO] Extracting features: batch 41/63
2026-03-10 13:34:48,670 [INFO] Extracting features: batch 51/63
2026-03-10 13:34:58,310 [INFO] Extracting features: batch 61/63
2026-03-10 13:35:01,087 [INFO] Extracted raw features: shape = (500, 524800)
2026-03-10 13:35:01,698 [INFO] Final feature shape: (500, 524800)
2026-03-10 13:35:02,746 [INFO] Extracting features: batch 1/63
2026-03-10 13:35:12,360 [INFO] Extracting features: batch 11/63
2026-03-10 13:35:21,975 [INFO] Extracting features: batch 21/63
2026-03-10 13:35:31,585 [INFO] Extracting features: batch 31/63
2026-03-10 13:35:41,234 [INFO] Extracting features: batch 41/63
2026-03-10 13:35:50,853 [INFO] Extracting features: batch 51/63
2026-03-10 13:36:00,463 [INFO] Extracting features: batch 61/63
2026-03-10 13:36:03,249 [INFO] Extracted raw features: shape = (500, 524800)
2026-03-10 13:36:03,846 [INFO] Final feature shape: (500, 524800)
2026-03-10 13:36:04,628 [INFO]       chunk 4/10
2026-03-10 13:36:04,904 [INFO] Extracting features: batch 1/63
2026-03-10 13:36:14,571 [INFO] Extracting features: batch 11/63
2026-03-10 13:36:24,218 [INFO] Extracting features: batch 21/63
2026-03-10 13:36:33,795 [INFO] Extracting features: batch 31/63
2026-03-10 13:36:43,464 [INFO] Extracting features: batch 41/63
2026-03-10 13:36:53,072 [INFO] Extracting features: batch 51/63
2026-03-10 13:37:02,674 [INFO] Extracting features: batch 61/63
2026-03-10 13:37:05,422 [INFO] Extracted raw features: shape = (500, 524800)
2026-03-10 13:37:06,022 [INFO] Final feature shape: (500, 524800)
2026-03-10 13:37:07,075 [INFO] Extracting features: batch 1/63
2026-03-10 13:37:16,681 [INFO] Extracting features: batch 11/63
2026-03-10 13:37:26,335 [INFO] Extracting features: batch 21/63
2026-03-10 13:37:35,967 [INFO] Extracting features: batch 31/63
2026-03-10 13:37:45,586 [INFO] Extracting features: batch 41/63
2026-03-10 13:37:55,266 [INFO] Extracting features: batch 51/63
2026-03-10 13:38:04,920 [INFO] Extracting features: batch 61/63
2026-03-10 13:38:07,699 [INFO] Extracted raw features: shape = (500, 524800)
2026-03-10 13:38:08,297 [INFO] Final feature shape: (500, 524800)
2026-03-10 13:38:09,089 [INFO]       chunk 6/10
2026-03-10 13:38:09,333 [INFO] Extracting features: batch 1/63
2026-03-10 13:38:19,008 [INFO] Extracting features: batch 11/63
2026-03-10 13:38:28,668 [INFO] Extracting features: batch 21/63
2026-03-10 13:38:38,303 [INFO] Extracting features: batch 31/63
2026-03-10 13:38:47,911 [INFO] Extracting features: batch 41/63
2026-03-10 13:38:57,549 [INFO] Extracting features: batch 51/63
2026-03-10 13:39:07,145 [INFO] Extracting features: batch 61/63
2026-03-10 13:39:09,952 [INFO] Extracted raw features: shape = (500, 524800)
2026-03-10 13:39:10,548 [INFO] Final feature shape: (500, 524800)
2026-03-10 13:39:11,602 [INFO] Extracting features: batch 1/63
2026-03-10 13:39:21,201 [INFO] Extracting features: batch 11/63
2026-03-10 13:39:30,839 [INFO] Extracting features: batch 21/63
2026-03-10 13:39:40,461 [INFO] Extracting features: batch 31/63
2026-03-10 13:39:50,003 [INFO] Extracting features: batch 41/63
2026-03-10 13:39:59,669 [INFO] Extracting features: batch 51/63
2026-03-10 13:40:09,265 [INFO] Extracting features: batch 61/63
2026-03-10 13:40:12,023 [INFO] Extracted raw features: shape = (500, 524800)
2026-03-10 13:40:12,620 [INFO] Final feature shape: (500, 524800)
2026-03-10 13:40:13,411 [INFO]       chunk 8/10
2026-03-10 13:40:13,685 [INFO] Extracting features: batch 1/63
2026-03-10 13:40:23,333 [INFO] Extracting features: batch 11/63
2026-03-10 13:40:32,961 [INFO] Extracting features: batch 21/63
2026-03-10 13:40:42,577 [INFO] Extracting features: batch 31/63
2026-03-10 13:40:52,228 [INFO] Extracting features: batch 41/63
2026-03-10 13:41:01,906 [INFO] Extracting features: batch 51/63
2026-03-10 13:41:11,508 [INFO] Extracting features: batch 61/63
2026-03-10 13:41:14,298 [INFO] Extracted raw features: shape = (500, 524800)
2026-03-10 13:41:14,912 [INFO] Final feature shape: (500, 524800)
2026-03-10 13:41:15,968 [INFO] Extracting features: batch 1/63
2026-03-10 13:41:25,650 [INFO] Extracting features: batch 11/63
2026-03-10 13:41:35,300 [INFO] Extracting features: batch 21/63
2026-03-10 13:41:44,992 [INFO] Extracting features: batch 31/63
2026-03-10 13:41:54,654 [INFO] Extracting features: batch 41/63
2026-03-10 13:42:04,333 [INFO] Extracting features: batch 51/63
2026-03-10 13:42:13,967 [INFO] Extracting features: batch 61/63
2026-03-10 13:42:16,749 [INFO] Extracted raw features: shape = (500, 524800)
2026-03-10 13:42:17,345 [INFO] Final feature shape: (500, 524800)
2026-03-10 13:42:18,134 [INFO]       chunk 10/10
2026-03-10 13:42:18,137 [INFO]     D_rr (156 Ko) et D_rq (3906 Ko) sauvegardés
2026-03-10 13:42:18,161 [INFO]     median_D_rr=9.282e+05  gamma_med=5.387e-07  feat_dim=524800
2026-03-10 13:42:18,350 [INFO]     gamma=     med  ρ=+0.4591  mono=0.755  τ=+0.8506  K_rq=0.4356
2026-03-10 13:42:18,535 [INFO]     gamma= 2.8e-05  ρ=+0.5461  mono=0.144  τ=+0.8287  K_rq=0.0002
2026-03-10 13:42:18,722 [INFO]     gamma= 1.0e-07  ρ=+0.4584  mono=0.754  τ=+0.8484  K_rq=0.8185
2026-03-10 13:42:18,906 [INFO]     gamma= 5.0e-07  ρ=+0.4590  mono=0.755  τ=+0.8504  K_rq=0.4576
2026-03-10 13:42:19,091 [INFO]     gamma= 1.0e-06  ρ=+0.4598  mono=0.755  τ=+0.8530  K_rq=0.2518
2026-03-10 13:42:19,277 [INFO]     gamma= 5.0e-06  ρ=+0.4858  mono=0.660  τ=+0.9051  K_rq=0.0066
2026-03-10 13:42:19,460 [INFO]     gamma= 1.0e-05  ρ=+0.5657  mono=0.591  τ=+0.9232  K_rq=0.0005
2026-03-10 13:42:19,645 [INFO]     gamma= 5.0e-05  ρ=+0.4968  mono=0.003  τ=+0.7666  K_rq=0.0001
2026-03-10 13:42:19,829 [INFO]     gamma= 1.0e-04  ρ=+0.4587  mono=0.000  τ=+0.6761  K_rq=0.0000
2026-03-10 13:42:20,006 [INFO]     gamma= 1.0e-03  ρ=+0.0722  mono=0.000  τ=+0.6325  K_rq=0.0000
dc_ae:  86%|████████▋ | 19/22 [2:32:25<24:08, 482.69s/layer]2026-03-10 13:42:20,103 [INFO] 
  Layer 19 — encoder.down_blocks.5.1
2026-03-10 13:42:20,104 [INFO] Loading backbone: dc_ae
Cannot initialize model with low cpu memory usage because `accelerate` was not found in the environment. Defaulting to `low_cpu_mem_usage=False`. It is strongly recommended to install `accelerate` for faster and less memory-intense model loading. You can do so with: 
```
pip install accelerate
```
.
/home/jnapolitano/Documents/metrique/.venv/lib/python3.12/site-packages/huggingface_hub/utils/_validators.py:202: UserWarning: The `local_dir_use_symlinks` argument is deprecated and ignored in `hf_hub_download`. Downloading to a local directory does not use symlinks anymore.
  warnings.warn(
2026-03-10 13:42:20,312 [INFO] HTTP Request: HEAD https://huggingface.co/mit-han-lab/dc-ae-f64c128-in-1.0-diffusers/resolve/main/config.json "HTTP/1.1 307 Temporary Redirect"
2026-03-10 13:42:20,335 [INFO] HTTP Request: HEAD https://huggingface.co/api/resolve-cache/models/mit-han-lab/dc-ae-f64c128-in-1.0-diffusers/d58275ea9674845e5e36cbf280987f67bee0e85c/config.json "HTTP/1.1 200 OK"
2026-03-10 13:42:20,466 [INFO] HTTP Request: HEAD https://huggingface.co/mit-han-lab/dc-ae-f64c128-in-1.0-diffusers/resolve/d58275ea9674845e5e36cbf280987f67bee0e85c/diffusion_pytorch_model.safetensors.index.json "HTTP/1.1 404 Not Found"
2026-03-10 13:42:20,894 [INFO]     Extraction anchor (200 images)...
2026-03-10 13:42:21,137 [INFO] Extracting features: batch 1/25
2026-03-10 13:42:30,725 [INFO] Extracting features: batch 11/25
2026-03-10 13:42:40,374 [INFO] Extracting features: batch 21/25
2026-03-10 13:42:45,372 [INFO] Extracted raw features: shape = (200, 524800)
2026-03-10 13:42:46,470 [INFO] Fitted scaler on Gram features: mean=2.69e-03, std=4.31e-02
2026-03-10 13:42:46,470 [INFO] Final feature shape: (200, 524800)
2026-03-10 13:42:46,751 [INFO]     Calcul D_rq par 10 chunks de 500 images...
2026-03-10 13:42:47,006 [INFO] Extracting features: batch 1/63
2026-03-10 13:42:56,559 [INFO] Extracting features: batch 11/63
2026-03-10 13:43:06,231 [INFO] Extracting features: batch 21/63
2026-03-10 13:43:15,866 [INFO] Extracting features: batch 31/63
2026-03-10 13:43:25,527 [INFO] Extracting features: batch 41/63
2026-03-10 13:43:35,154 [INFO] Extracting features: batch 51/63
2026-03-10 13:43:44,738 [INFO] Extracting features: batch 61/63
2026-03-10 13:43:47,517 [INFO] Extracted raw features: shape = (500, 524800)
2026-03-10 13:43:48,114 [INFO] Final feature shape: (500, 524800)
2026-03-10 13:43:49,233 [INFO] Extracting features: batch 1/63
2026-03-10 13:43:58,875 [INFO] Extracting features: batch 11/63
2026-03-10 13:44:08,457 [INFO] Extracting features: batch 21/63
2026-03-10 13:44:18,162 [INFO] Extracting features: batch 31/63
2026-03-10 13:44:27,854 [INFO] Extracting features: batch 41/63
2026-03-10 13:44:37,454 [INFO] Extracting features: batch 51/63
2026-03-10 13:44:47,113 [INFO] Extracting features: batch 61/63
2026-03-10 13:44:49,906 [INFO] Extracted raw features: shape = (500, 524800)
2026-03-10 13:44:50,500 [INFO] Final feature shape: (500, 524800)
2026-03-10 13:44:51,303 [INFO]       chunk 2/10
2026-03-10 13:44:51,569 [INFO] Extracting features: batch 1/63
2026-03-10 13:45:01,239 [INFO] Extracting features: batch 11/63
2026-03-10 13:45:10,849 [INFO] Extracting features: batch 21/63
2026-03-10 13:45:20,478 [INFO] Extracting features: batch 31/63
2026-03-10 13:45:30,119 [INFO] Extracting features: batch 41/63
2026-03-10 13:45:39,736 [INFO] Extracting features: batch 51/63
2026-03-10 13:45:49,353 [INFO] Extracting features: batch 61/63
2026-03-10 13:45:52,111 [INFO] Extracted raw features: shape = (500, 524800)
2026-03-10 13:45:52,707 [INFO] Final feature shape: (500, 524800)
2026-03-10 13:45:53,748 [INFO] Extracting features: batch 1/63
2026-03-10 13:46:03,381 [INFO] Extracting features: batch 11/63
2026-03-10 13:46:13,001 [INFO] Extracting features: batch 21/63
2026-03-10 13:46:22,659 [INFO] Extracting features: batch 31/63
2026-03-10 13:46:32,337 [INFO] Extracting features: batch 41/63
2026-03-10 13:46:42,019 [INFO] Extracting features: batch 51/63
2026-03-10 13:46:51,641 [INFO] Extracting features: batch 61/63
2026-03-10 13:46:54,425 [INFO] Extracted raw features: shape = (500, 524800)
2026-03-10 13:46:55,020 [INFO] Final feature shape: (500, 524800)
2026-03-10 13:46:55,808 [INFO]       chunk 4/10
2026-03-10 13:46:56,067 [INFO] Extracting features: batch 1/63
2026-03-10 13:47:05,700 [INFO] Extracting features: batch 11/63
2026-03-10 13:47:15,356 [INFO] Extracting features: batch 21/63
2026-03-10 13:47:24,976 [INFO] Extracting features: batch 31/63
2026-03-10 13:47:34,589 [INFO] Extracting features: batch 41/63
2026-03-10 13:47:44,279 [INFO] Extracting features: batch 51/63
2026-03-10 13:47:53,929 [INFO] Extracting features: batch 61/63
2026-03-10 13:47:56,690 [INFO] Extracted raw features: shape = (500, 524800)
2026-03-10 13:47:57,287 [INFO] Final feature shape: (500, 524800)
2026-03-10 13:47:58,327 [INFO] Extracting features: batch 1/63
2026-03-10 13:48:07,974 [INFO] Extracting features: batch 11/63
2026-03-10 13:48:17,635 [INFO] Extracting features: batch 21/63
2026-03-10 13:48:27,280 [INFO] Extracting features: batch 31/63
2026-03-10 13:48:36,906 [INFO] Extracting features: batch 41/63
2026-03-10 13:48:46,554 [INFO] Extracting features: batch 51/63
2026-03-10 13:48:56,170 [INFO] Extracting features: batch 61/63
2026-03-10 13:48:58,926 [INFO] Extracted raw features: shape = (500, 524800)
2026-03-10 13:48:59,529 [INFO] Final feature shape: (500, 524800)
2026-03-10 13:49:00,318 [INFO]       chunk 6/10
2026-03-10 13:49:00,565 [INFO] Extracting features: batch 1/63
2026-03-10 13:49:10,152 [INFO] Extracting features: batch 11/63
2026-03-10 13:49:19,811 [INFO] Extracting features: batch 21/63
2026-03-10 13:49:29,486 [INFO] Extracting features: batch 31/63
2026-03-10 13:49:39,093 [INFO] Extracting features: batch 41/63
2026-03-10 13:49:48,744 [INFO] Extracting features: batch 51/63
2026-03-10 13:49:58,389 [INFO] Extracting features: batch 61/63
2026-03-10 13:50:01,188 [INFO] Extracted raw features: shape = (500, 524800)
2026-03-10 13:50:01,787 [INFO] Final feature shape: (500, 524800)
2026-03-10 13:50:02,852 [INFO] Extracting features: batch 1/63
2026-03-10 13:50:12,447 [INFO] Extracting features: batch 11/63
2026-03-10 13:50:22,079 [INFO] Extracting features: batch 21/63
2026-03-10 13:50:31,743 [INFO] Extracting features: batch 31/63
2026-03-10 13:50:41,337 [INFO] Extracting features: batch 41/63
2026-03-10 13:50:50,981 [INFO] Extracting features: batch 51/63
2026-03-10 13:51:00,607 [INFO] Extracting features: batch 61/63
2026-03-10 13:51:03,370 [INFO] Extracted raw features: shape = (500, 524800)
2026-03-10 13:51:03,965 [INFO] Final feature shape: (500, 524800)
2026-03-10 13:51:04,737 [INFO]       chunk 8/10
2026-03-10 13:51:05,022 [INFO] Extracting features: batch 1/63
2026-03-10 13:51:14,672 [INFO] Extracting features: batch 11/63
2026-03-10 13:51:24,327 [INFO] Extracting features: batch 21/63
2026-03-10 13:51:33,994 [INFO] Extracting features: batch 31/63
2026-03-10 13:51:43,620 [INFO] Extracting features: batch 41/63
2026-03-10 13:51:53,272 [INFO] Extracting features: batch 51/63
2026-03-10 13:52:02,883 [INFO] Extracting features: batch 61/63
2026-03-10 13:52:05,644 [INFO] Extracted raw features: shape = (500, 524800)
2026-03-10 13:52:06,241 [INFO] Final feature shape: (500, 524800)
2026-03-10 13:52:07,294 [INFO] Extracting features: batch 1/63
2026-03-10 13:52:16,908 [INFO] Extracting features: batch 11/63
2026-03-10 13:52:26,547 [INFO] Extracting features: batch 21/63
2026-03-10 13:52:36,222 [INFO] Extracting features: batch 31/63
2026-03-10 13:52:45,880 [INFO] Extracting features: batch 41/63
2026-03-10 13:52:55,531 [INFO] Extracting features: batch 51/63
2026-03-10 13:53:05,128 [INFO] Extracting features: batch 61/63
2026-03-10 13:53:07,916 [INFO] Extracted raw features: shape = (500, 524800)
2026-03-10 13:53:08,525 [INFO] Final feature shape: (500, 524800)
2026-03-10 13:53:09,311 [INFO]       chunk 10/10
2026-03-10 13:53:09,315 [INFO]     D_rr (156 Ko) et D_rq (3906 Ko) sauvegardés
2026-03-10 13:53:09,338 [INFO]     median_D_rr=9.461e+05  gamma_med=5.285e-07  feat_dim=524800
2026-03-10 13:53:09,527 [INFO]     gamma=     med  ρ=+0.3319  mono=0.649  τ=+0.6732  K_rq=0.4423
2026-03-10 13:53:09,713 [INFO]     gamma= 2.8e-05  ρ=+0.4962  mono=0.150  τ=+0.8302  K_rq=0.0001
2026-03-10 13:53:09,903 [INFO]     gamma= 1.0e-07  ρ=+0.3315  mono=0.649  τ=+0.6712  K_rq=0.8171
2026-03-10 13:53:10,090 [INFO]     gamma= 5.0e-07  ρ=+0.3319  mono=0.649  τ=+0.6726  K_rq=0.4583
2026-03-10 13:53:10,275 [INFO]     gamma= 1.0e-06  ρ=+0.3326  mono=0.650  τ=+0.6748  K_rq=0.2567
2026-03-10 13:53:10,461 [INFO]     gamma= 5.0e-06  ρ=+0.3567  mono=0.520  τ=+0.7487  K_rq=0.0072
2026-03-10 13:53:10,645 [INFO]     gamma= 1.0e-05  ρ=+0.4663  mono=0.534  τ=+0.8975  K_rq=0.0005
2026-03-10 13:53:10,826 [INFO]     gamma= 5.0e-05  ρ=+0.4847  mono=0.002  τ=+0.7494  K_rq=0.0000
2026-03-10 13:53:11,008 [INFO]     gamma= 1.0e-04  ρ=+0.4430  mono=0.000  τ=+0.6566  K_rq=0.0000
2026-03-10 13:53:11,187 [INFO]     gamma= 1.0e-03  ρ=+0.0633  mono=0.000  τ=+0.6325  K_rq=0.0000
dc_ae:  91%|█████████ | 20/22 [2:43:16<17:46, 533.27s/layer]2026-03-10 13:53:11,287 [INFO] 
  Layer 20 — encoder.down_blocks.5.2
2026-03-10 13:53:11,287 [INFO] Loading backbone: dc_ae
Cannot initialize model with low cpu memory usage because `accelerate` was not found in the environment. Defaulting to `low_cpu_mem_usage=False`. It is strongly recommended to install `accelerate` for faster and less memory-intense model loading. You can do so with: 
```
pip install accelerate
```
.
/home/jnapolitano/Documents/metrique/.venv/lib/python3.12/site-packages/huggingface_hub/utils/_validators.py:202: UserWarning: The `local_dir_use_symlinks` argument is deprecated and ignored in `hf_hub_download`. Downloading to a local directory does not use symlinks anymore.
  warnings.warn(
2026-03-10 13:53:11,461 [INFO] HTTP Request: HEAD https://huggingface.co/mit-han-lab/dc-ae-f64c128-in-1.0-diffusers/resolve/main/config.json "HTTP/1.1 307 Temporary Redirect"
2026-03-10 13:53:11,475 [INFO] HTTP Request: HEAD https://huggingface.co/api/resolve-cache/models/mit-han-lab/dc-ae-f64c128-in-1.0-diffusers/d58275ea9674845e5e36cbf280987f67bee0e85c/config.json "HTTP/1.1 200 OK"
2026-03-10 13:53:11,591 [INFO] HTTP Request: HEAD https://huggingface.co/mit-han-lab/dc-ae-f64c128-in-1.0-diffusers/resolve/d58275ea9674845e5e36cbf280987f67bee0e85c/diffusion_pytorch_model.safetensors.index.json "HTTP/1.1 404 Not Found"
2026-03-10 13:53:12,013 [INFO]     Extraction anchor (200 images)...
2026-03-10 13:53:12,271 [INFO] Extracting features: batch 1/25
2026-03-10 13:53:22,085 [INFO] Extracting features: batch 11/25
2026-03-10 13:53:31,807 [INFO] Extracting features: batch 21/25
2026-03-10 13:53:37,288 [INFO] Extracted raw features: shape = (200, 2098176)
2026-03-10 13:53:41,859 [INFO] Fitted scaler on Gram features: mean=1.92e-03, std=1.05e-01
2026-03-10 13:53:41,859 [INFO] Final feature shape: (200, 2098176)
2026-03-10 13:53:42,871 [INFO]     Calcul D_rq par 10 chunks de 500 images...
2026-03-10 13:53:43,189 [INFO] Extracting features: batch 1/63
2026-03-10 13:53:52,950 [INFO] Extracting features: batch 11/63
2026-03-10 13:54:02,763 [INFO] Extracting features: batch 21/63
2026-03-10 13:54:12,544 [INFO] Extracting features: batch 31/63
2026-03-10 13:54:22,334 [INFO] Extracting features: batch 41/63
2026-03-10 13:54:32,100 [INFO] Extracting features: batch 51/63
2026-03-10 13:54:41,890 [INFO] Extracting features: batch 61/63
2026-03-10 13:54:45,852 [INFO] Extracted raw features: shape = (500, 2098176)
2026-03-10 13:54:48,329 [INFO] Final feature shape: (500, 2098176)
2026-03-10 13:54:50,857 [ERROR]     Distance échouée : CUDA out of memory. Tried to allocate 3.91 GiB. GPU 0 has a total capacity of 11.60 GiB of which 2.96 GiB is free. Including non-PyTorch memory, this process has 8.46 GiB memory in use. Of the allocated memory 8.01 GiB is allocated by PyTorch, and 240.13 MiB is reserved by PyTorch but unallocated. If reserved but unallocated memory is large try setting PYTORCH_ALLOC_CONF=expandable_segments:True to avoid fragmentation.  See documentation for Memory Management  (https://pytorch.org/docs/stable/notes/cuda.html#environment-variables)
dc_ae:  95%|█████████▌| 21/22 [2:44:56<06:43, 403.16s/layer]2026-03-10 13:54:51,079 [INFO] 
  Layer 21 — encoder.conv_out
2026-03-10 13:54:51,079 [INFO] Loading backbone: dc_ae
Cannot initialize model with low cpu memory usage because `accelerate` was not found in the environment. Defaulting to `low_cpu_mem_usage=False`. It is strongly recommended to install `accelerate` for faster and less memory-intense model loading. You can do so with: 
```
pip install accelerate
```
.
/home/jnapolitano/Documents/metrique/.venv/lib/python3.12/site-packages/huggingface_hub/utils/_validators.py:202: UserWarning: The `local_dir_use_symlinks` argument is deprecated and ignored in `hf_hub_download`. Downloading to a local directory does not use symlinks anymore.
  warnings.warn(
2026-03-10 13:54:51,233 [INFO] HTTP Request: HEAD https://huggingface.co/mit-han-lab/dc-ae-f64c128-in-1.0-diffusers/resolve/main/config.json "HTTP/1.1 307 Temporary Redirect"
2026-03-10 13:54:51,246 [INFO] HTTP Request: HEAD https://huggingface.co/api/resolve-cache/models/mit-han-lab/dc-ae-f64c128-in-1.0-diffusers/d58275ea9674845e5e36cbf280987f67bee0e85c/config.json "HTTP/1.1 200 OK"
2026-03-10 13:54:51,372 [INFO] HTTP Request: HEAD https://huggingface.co/mit-han-lab/dc-ae-f64c128-in-1.0-diffusers/resolve/d58275ea9674845e5e36cbf280987f67bee0e85c/diffusion_pytorch_model.safetensors.index.json "HTTP/1.1 404 Not Found"
2026-03-10 13:54:53,588 [INFO]     Extraction anchor (200 images)...
2026-03-10 13:54:53,837 [INFO] Extracting features: batch 1/25
2026-03-10 13:55:03,368 [INFO] Extracting features: batch 11/25
2026-03-10 13:55:12,894 [INFO] Extracting features: batch 21/25
2026-03-10 13:55:17,634 [INFO] Extracted raw features: shape = (200, 8256)
2026-03-10 13:55:17,649 [INFO] Fitted scaler on Gram features: mean=1.90e-01, std=1.81e+00
2026-03-10 13:55:17,650 [INFO] Final feature shape: (200, 8256)
2026-03-10 13:55:17,703 [INFO]     Calcul D_rq par 10 chunks de 500 images...
2026-03-10 13:55:17,944 [INFO] Extracting features: batch 1/63
2026-03-10 13:55:27,511 [INFO] Extracting features: batch 11/63
2026-03-10 13:55:37,094 [INFO] Extracting features: batch 21/63
2026-03-10 13:55:46,671 [INFO] Extracting features: batch 31/63
2026-03-10 13:55:56,233 [INFO] Extracting features: batch 41/63
2026-03-10 13:56:05,747 [INFO] Extracting features: batch 51/63
2026-03-10 13:56:15,336 [INFO] Extracting features: batch 61/63
2026-03-10 13:56:17,724 [INFO] Extracted raw features: shape = (500, 8256)
2026-03-10 13:56:17,736 [INFO] Final feature shape: (500, 8256)
2026-03-10 13:56:18,199 [INFO] Extracting features: batch 1/63
2026-03-10 13:56:27,760 [INFO] Extracting features: batch 11/63
2026-03-10 13:56:37,333 [INFO] Extracting features: batch 21/63
2026-03-10 13:56:46,931 [INFO] Extracting features: batch 31/63
2026-03-10 13:56:56,502 [INFO] Extracting features: batch 41/63
2026-03-10 13:57:06,038 [INFO] Extracting features: batch 51/63
2026-03-10 13:57:15,622 [INFO] Extracting features: batch 61/63
2026-03-10 13:57:18,058 [INFO] Extracted raw features: shape = (500, 8256)
2026-03-10 13:57:18,070 [INFO] Final feature shape: (500, 8256)
2026-03-10 13:57:18,254 [INFO]       chunk 2/10
2026-03-10 13:57:18,515 [INFO] Extracting features: batch 1/63
2026-03-10 13:57:28,093 [INFO] Extracting features: batch 11/63
2026-03-10 13:57:37,686 [INFO] Extracting features: batch 21/63
2026-03-10 13:57:47,230 [INFO] Extracting features: batch 31/63
2026-03-10 13:57:56,809 [INFO] Extracting features: batch 41/63
2026-03-10 13:58:06,382 [INFO] Extracting features: batch 51/63
2026-03-10 13:58:15,937 [INFO] Extracting features: batch 61/63
2026-03-10 13:58:18,338 [INFO] Extracted raw features: shape = (500, 8256)
2026-03-10 13:58:18,349 [INFO] Final feature shape: (500, 8256)
2026-03-10 13:58:18,790 [INFO] Extracting features: batch 1/63
2026-03-10 13:58:28,383 [INFO] Extracting features: batch 11/63
2026-03-10 13:58:37,952 [INFO] Extracting features: batch 21/63
2026-03-10 13:58:47,485 [INFO] Extracting features: batch 31/63
2026-03-10 13:58:57,097 [INFO] Extracting features: batch 41/63
2026-03-10 13:59:06,663 [INFO] Extracting features: batch 51/63
2026-03-10 13:59:16,274 [INFO] Extracting features: batch 61/63
2026-03-10 13:59:18,670 [INFO] Extracted raw features: shape = (500, 8256)
2026-03-10 13:59:18,681 [INFO] Final feature shape: (500, 8256)
2026-03-10 13:59:18,849 [INFO]       chunk 4/10
2026-03-10 13:59:19,089 [INFO] Extracting features: batch 1/63
2026-03-10 13:59:28,648 [INFO] Extracting features: batch 11/63
2026-03-10 13:59:38,189 [INFO] Extracting features: batch 21/63
2026-03-10 13:59:47,791 [INFO] Extracting features: batch 31/63
2026-03-10 13:59:57,339 [INFO] Extracting features: batch 41/63
2026-03-10 14:00:06,916 [INFO] Extracting features: batch 51/63
2026-03-10 14:00:16,482 [INFO] Extracting features: batch 61/63
2026-03-10 14:00:18,868 [INFO] Extracted raw features: shape = (500, 8256)
2026-03-10 14:00:18,881 [INFO] Final feature shape: (500, 8256)
2026-03-10 14:00:19,311 [INFO] Extracting features: batch 1/63
2026-03-10 14:00:28,853 [INFO] Extracting features: batch 11/63
2026-03-10 14:00:38,387 [INFO] Extracting features: batch 21/63
2026-03-10 14:00:47,996 [INFO] Extracting features: batch 31/63
2026-03-10 14:00:57,601 [INFO] Extracting features: batch 41/63
2026-03-10 14:01:07,145 [INFO] Extracting features: batch 51/63
2026-03-10 14:01:16,696 [INFO] Extracting features: batch 61/63
2026-03-10 14:01:19,087 [INFO] Extracted raw features: shape = (500, 8256)
2026-03-10 14:01:19,098 [INFO] Final feature shape: (500, 8256)
2026-03-10 14:01:19,270 [INFO]       chunk 6/10
2026-03-10 14:01:19,521 [INFO] Extracting features: batch 1/63
2026-03-10 14:01:29,107 [INFO] Extracting features: batch 11/63
2026-03-10 14:01:38,673 [INFO] Extracting features: batch 21/63
2026-03-10 14:01:48,215 [INFO] Extracting features: batch 31/63
2026-03-10 14:01:57,791 [INFO] Extracting features: batch 41/63
2026-03-10 14:02:07,372 [INFO] Extracting features: batch 51/63
2026-03-10 14:02:16,963 [INFO] Extracting features: batch 61/63
2026-03-10 14:02:19,365 [INFO] Extracted raw features: shape = (500, 8256)
2026-03-10 14:02:19,377 [INFO] Final feature shape: (500, 8256)
2026-03-10 14:02:19,801 [INFO] Extracting features: batch 1/63
2026-03-10 14:02:29,292 [INFO] Extracting features: batch 11/63
2026-03-10 14:02:38,872 [INFO] Extracting features: batch 21/63
2026-03-10 14:02:48,460 [INFO] Extracting features: batch 31/63
2026-03-10 14:02:58,024 [INFO] Extracting features: batch 41/63
2026-03-10 14:03:07,615 [INFO] Extracting features: batch 51/63
2026-03-10 14:03:17,152 [INFO] Extracting features: batch 61/63
2026-03-10 14:03:19,536 [INFO] Extracted raw features: shape = (500, 8256)
2026-03-10 14:03:19,547 [INFO] Final feature shape: (500, 8256)
2026-03-10 14:03:19,718 [INFO]       chunk 8/10
2026-03-10 14:03:19,975 [INFO] Extracting features: batch 1/63
2026-03-10 14:03:29,519 [INFO] Extracting features: batch 11/63
2026-03-10 14:03:39,079 [INFO] Extracting features: batch 21/63
2026-03-10 14:03:48,635 [INFO] Extracting features: batch 31/63
2026-03-10 14:03:58,191 [INFO] Extracting features: batch 41/63
2026-03-10 14:04:07,769 [INFO] Extracting features: batch 51/63
2026-03-10 14:04:17,341 [INFO] Extracting features: batch 61/63
2026-03-10 14:04:19,744 [INFO] Extracted raw features: shape = (500, 8256)
2026-03-10 14:04:19,756 [INFO] Final feature shape: (500, 8256)
2026-03-10 14:04:20,184 [INFO] Extracting features: batch 1/63
2026-03-10 14:04:29,730 [INFO] Extracting features: batch 11/63
2026-03-10 14:04:39,242 [INFO] Extracting features: batch 21/63
2026-03-10 14:04:48,811 [INFO] Extracting features: batch 31/63
2026-03-10 14:04:58,287 [INFO] Extracting features: batch 41/63
2026-03-10 14:05:07,836 [INFO] Extracting features: batch 51/63
2026-03-10 14:05:17,377 [INFO] Extracting features: batch 61/63
2026-03-10 14:05:19,760 [INFO] Extracted raw features: shape = (500, 8256)
2026-03-10 14:05:19,772 [INFO] Final feature shape: (500, 8256)
2026-03-10 14:05:19,944 [INFO]       chunk 10/10
2026-03-10 14:05:19,956 [INFO]     D_rr (156 Ko) et D_rq (3906 Ko) sauvegardés
2026-03-10 14:05:19,957 [INFO]     median_D_rr=1.509e+04  gamma_med=3.314e-05  feat_dim=8256
2026-03-10 14:05:20,148 [INFO]     gamma=     med  ρ=+0.2736  mono=0.559  τ=+0.5394  K_rq=0.5306
2026-03-10 14:05:20,335 [INFO]     gamma= 2.8e-05  ρ=+0.2736  mono=0.559  τ=+0.5394  K_rq=0.5785
2026-03-10 14:05:20,520 [INFO]     gamma= 1.0e-07  ρ=+0.2739  mono=0.551  τ=+0.5392  K_rq=0.9973
2026-03-10 14:05:20,707 [INFO]     gamma= 5.0e-07  ρ=+0.2739  mono=0.553  τ=+0.5390  K_rq=0.9866
2026-03-10 14:05:20,892 [INFO]     gamma= 1.0e-06  ρ=+0.2739  mono=0.553  τ=+0.5390  K_rq=0.9737
2026-03-10 14:05:21,078 [INFO]     gamma= 5.0e-06  ρ=+0.2738  mono=0.553  τ=+0.5390  K_rq=0.8857
2026-03-10 14:05:21,264 [INFO]     gamma= 1.0e-05  ρ=+0.2737  mono=0.554  τ=+0.5388  K_rq=0.7991
2026-03-10 14:05:21,451 [INFO]     gamma= 5.0e-05  ρ=+0.2736  mono=0.562  τ=+0.5398  K_rq=0.4033
2026-03-10 14:05:21,636 [INFO]     gamma= 1.0e-04  ρ=+0.2750  mono=0.573  τ=+0.5466  K_rq=0.1890
2026-03-10 14:05:21,820 [INFO]     gamma= 1.0e-03  ρ=+0.6530  mono=0.735  τ=+0.9317  K_rq=0.0006
dc_ae: 100%|██████████| 22/22 [2:55:27<00:00, 471.49s/layer]dc_ae: 100%|██████████| 22/22 [2:55:27<00:00, 478.51s/layer]
2026-03-10 14:05:22,016 [INFO] 
======================================================================
2026-03-10 14:05:22,016 [INFO] BACKBONE : dinov2_vitb14  (14 layers)
2026-03-10 14:05:22,016 [INFO] ======================================================================
dinov2_vitb14:   0%|          | 0/14 [00:00<?, ?layer/s]2026-03-10 14:05:22,016 [INFO] 
  Layer 0 — patch_embed
2026-03-10 14:05:22,016 [INFO] Loading backbone: dinov2_vitb14
Using cache found in /home/jnapolitano/.cache/torch/hub/facebookresearch_dinov2_main
/home/jnapolitano/.cache/torch/hub/facebookresearch_dinov2_main/dinov2/layers/swiglu_ffn.py:51: UserWarning: xFormers is not available (SwiGLU)
  warnings.warn("xFormers is not available (SwiGLU)")
/home/jnapolitano/.cache/torch/hub/facebookresearch_dinov2_main/dinov2/layers/attention.py:33: UserWarning: xFormers is not available (Attention)
  warnings.warn("xFormers is not available (Attention)")
/home/jnapolitano/.cache/torch/hub/facebookresearch_dinov2_main/dinov2/layers/block.py:40: UserWarning: xFormers is not available (Block)
  warnings.warn("xFormers is not available (Block)")
2026-03-10 14:05:22,779 [INFO] using MLP layer as FFN
2026-03-10 14:05:23,966 [INFO]     Extraction anchor (200 images)...
2026-03-10 14:05:24,238 [INFO] Extracting features: batch 1/25
2026-03-10 14:05:27,164 [INFO] Extracting features: batch 11/25
2026-03-10 14:05:30,055 [INFO] Extracting features: batch 21/25
2026-03-10 14:05:31,608 [INFO] Extracted raw features: shape = (200, 295296)
2026-03-10 14:05:32,176 [INFO] Fitted scaler on Gram features: mean=3.22e-05, std=8.54e-04
2026-03-10 14:05:32,176 [INFO] Final feature shape: (200, 295296)
2026-03-10 14:05:32,279 [INFO]     Calcul D_rq par 10 chunks de 500 images...
2026-03-10 14:05:32,528 [INFO] Extracting features: batch 1/63
2026-03-10 14:05:35,391 [INFO] Extracting features: batch 11/63
2026-03-10 14:05:38,279 [INFO] Extracting features: batch 21/63
2026-03-10 14:05:41,171 [INFO] Extracting features: batch 31/63
2026-03-10 14:05:44,056 [INFO] Extracting features: batch 41/63
2026-03-10 14:05:46,943 [INFO] Extracting features: batch 51/63
2026-03-10 14:05:49,833 [INFO] Extracting features: batch 61/63
2026-03-10 14:05:50,765 [INFO] Extracted raw features: shape = (500, 295296)
2026-03-10 14:05:51,098 [INFO] Final feature shape: (500, 295296)
2026-03-10 14:05:51,898 [INFO] Extracting features: batch 1/63
2026-03-10 14:05:54,771 [INFO] Extracting features: batch 11/63
2026-03-10 14:05:57,662 [INFO] Extracting features: batch 21/63
2026-03-10 14:06:00,556 [INFO] Extracting features: batch 31/63
2026-03-10 14:06:03,451 [INFO] Extracting features: batch 41/63
2026-03-10 14:06:06,345 [INFO] Extracting features: batch 51/63
2026-03-10 14:06:09,235 [INFO] Extracting features: batch 61/63
2026-03-10 14:06:10,169 [INFO] Extracted raw features: shape = (500, 295296)
2026-03-10 14:06:10,503 [INFO] Final feature shape: (500, 295296)
2026-03-10 14:06:11,022 [INFO]       chunk 2/10
2026-03-10 14:06:11,283 [INFO] Extracting features: batch 1/63
2026-03-10 14:06:14,157 [INFO] Extracting features: batch 11/63
2026-03-10 14:06:17,052 [INFO] Extracting features: batch 21/63
2026-03-10 14:06:19,948 [INFO] Extracting features: batch 31/63
2026-03-10 14:06:22,842 [INFO] Extracting features: batch 41/63
2026-03-10 14:06:25,735 [INFO] Extracting features: batch 51/63
2026-03-10 14:06:28,628 [INFO] Extracting features: batch 61/63
2026-03-10 14:06:29,560 [INFO] Extracted raw features: shape = (500, 295296)
2026-03-10 14:06:29,893 [INFO] Final feature shape: (500, 295296)
2026-03-10 14:06:30,677 [INFO] Extracting features: batch 1/63
2026-03-10 14:06:33,550 [INFO] Extracting features: batch 11/63
2026-03-10 14:06:36,445 [INFO] Extracting features: batch 21/63
2026-03-10 14:06:39,338 [INFO] Extracting features: batch 31/63
2026-03-10 14:06:42,235 [INFO] Extracting features: batch 41/63
2026-03-10 14:06:45,133 [INFO] Extracting features: batch 51/63
2026-03-10 14:06:48,028 [INFO] Extracting features: batch 61/63
2026-03-10 14:06:48,960 [INFO] Extracted raw features: shape = (500, 295296)
2026-03-10 14:06:49,294 [INFO] Final feature shape: (500, 295296)
2026-03-10 14:06:49,810 [INFO]       chunk 4/10
2026-03-10 14:06:50,078 [INFO] Extracting features: batch 1/63
2026-03-10 14:06:52,955 [INFO] Extracting features: batch 11/63
2026-03-10 14:06:55,851 [INFO] Extracting features: batch 21/63
2026-03-10 14:06:58,743 [INFO] Extracting features: batch 31/63
2026-03-10 14:07:01,639 [INFO] Extracting features: batch 41/63
2026-03-10 14:07:04,536 [INFO] Extracting features: batch 51/63
2026-03-10 14:07:07,433 [INFO] Extracting features: batch 61/63
2026-03-10 14:07:08,365 [INFO] Extracted raw features: shape = (500, 295296)
2026-03-10 14:07:08,701 [INFO] Final feature shape: (500, 295296)
2026-03-10 14:07:09,460 [INFO] Extracting features: batch 1/63
2026-03-10 14:07:12,338 [INFO] Extracting features: batch 11/63
2026-03-10 14:07:15,235 [INFO] Extracting features: batch 21/63
2026-03-10 14:07:18,131 [INFO] Extracting features: batch 31/63
2026-03-10 14:07:21,029 [INFO] Extracting features: batch 41/63
2026-03-10 14:07:23,922 [INFO] Extracting features: batch 51/63
2026-03-10 14:07:26,824 [INFO] Extracting features: batch 61/63
2026-03-10 14:07:27,758 [INFO] Extracted raw features: shape = (500, 295296)
2026-03-10 14:07:28,092 [INFO] Final feature shape: (500, 295296)
2026-03-10 14:07:28,608 [INFO]       chunk 6/10
2026-03-10 14:07:28,857 [INFO] Extracting features: batch 1/63
2026-03-10 14:07:31,738 [INFO] Extracting features: batch 11/63
2026-03-10 14:07:34,636 [INFO] Extracting features: batch 21/63
2026-03-10 14:07:37,534 [INFO] Extracting features: batch 31/63
2026-03-10 14:07:40,427 [INFO] Extracting features: batch 41/63
2026-03-10 14:07:43,325 [INFO] Extracting features: batch 51/63
2026-03-10 14:07:46,221 [INFO] Extracting features: batch 61/63
2026-03-10 14:07:47,154 [INFO] Extracted raw features: shape = (500, 295296)
2026-03-10 14:07:47,488 [INFO] Final feature shape: (500, 295296)
2026-03-10 14:07:48,264 [INFO] Extracting features: batch 1/63
2026-03-10 14:07:51,136 [INFO] Extracting features: batch 11/63
2026-03-10 14:07:54,034 [INFO] Extracting features: batch 21/63
2026-03-10 14:07:56,930 [INFO] Extracting features: batch 31/63
2026-03-10 14:07:59,825 [INFO] Extracting features: batch 41/63
2026-03-10 14:08:02,720 [INFO] Extracting features: batch 51/63
2026-03-10 14:08:05,614 [INFO] Extracting features: batch 61/63
2026-03-10 14:08:06,547 [INFO] Extracted raw features: shape = (500, 295296)
2026-03-10 14:08:06,881 [INFO] Final feature shape: (500, 295296)
2026-03-10 14:08:07,397 [INFO]       chunk 8/10
2026-03-10 14:08:07,672 [INFO] Extracting features: batch 1/63
2026-03-10 14:08:10,550 [INFO] Extracting features: batch 11/63
2026-03-10 14:08:13,449 [INFO] Extracting features: batch 21/63
2026-03-10 14:08:16,347 [INFO] Extracting features: batch 31/63
2026-03-10 14:08:19,245 [INFO] Extracting features: batch 41/63
2026-03-10 14:08:22,137 [INFO] Extracting features: batch 51/63
2026-03-10 14:08:25,034 [INFO] Extracting features: batch 61/63
2026-03-10 14:08:25,969 [INFO] Extracted raw features: shape = (500, 295296)
2026-03-10 14:08:26,303 [INFO] Final feature shape: (500, 295296)
2026-03-10 14:08:27,065 [INFO] Extracting features: batch 1/63
2026-03-10 14:08:29,939 [INFO] Extracting features: batch 11/63
2026-03-10 14:08:32,835 [INFO] Extracting features: batch 21/63
2026-03-10 14:08:35,731 [INFO] Extracting features: batch 31/63
2026-03-10 14:08:38,627 [INFO] Extracting features: batch 41/63
2026-03-10 14:08:41,524 [INFO] Extracting features: batch 51/63
2026-03-10 14:08:44,420 [INFO] Extracting features: batch 61/63
2026-03-10 14:08:45,354 [INFO] Extracted raw features: shape = (500, 295296)
2026-03-10 14:08:45,698 [INFO] Final feature shape: (500, 295296)
2026-03-10 14:08:46,218 [INFO]       chunk 10/10
2026-03-10 14:08:46,230 [INFO]     D_rr (156 Ko) et D_rq (3906 Ko) sauvegardés
2026-03-10 14:08:46,231 [INFO]     median_D_rr=3.873e+05  gamma_med=1.291e-06  feat_dim=295296
2026-03-10 14:08:46,423 [INFO]     gamma=     med  ρ=+0.0382  mono=0.308  τ=+0.2131  K_rq=0.5946
2026-03-10 14:08:46,614 [INFO]     gamma= 2.8e-05  ρ=-0.0182  mono=0.321  τ=+0.0454  K_rq=0.0160
2026-03-10 14:08:46,810 [INFO]     gamma= 1.0e-07  ρ=+0.1049  mono=0.348  τ=+0.3288  K_rq=0.9504
2026-03-10 14:08:47,003 [INFO]     gamma= 5.0e-07  ρ=+0.0728  mono=0.319  τ=+0.2750  K_rq=0.7947
2026-03-10 14:08:47,194 [INFO]     gamma= 1.0e-06  ρ=+0.0484  mono=0.311  τ=+0.2338  K_rq=0.6570
2026-03-10 14:08:47,384 [INFO]     gamma= 5.0e-06  ρ=-0.0180  mono=0.280  τ=+0.0972  K_rq=0.2303
2026-03-10 14:08:47,576 [INFO]     gamma= 1.0e-05  ρ=-0.0379  mono=0.279  τ=+0.0375  K_rq=0.0970
2026-03-10 14:08:47,764 [INFO]     gamma= 5.0e-05  ρ=+0.0513  mono=0.382  τ=+0.1381  K_rq=0.0050
2026-03-10 14:08:47,955 [INFO]     gamma= 1.0e-04  ρ=+0.1882  mono=0.397  τ=+0.2458  K_rq=0.0013
2026-03-10 14:08:48,138 [INFO]     gamma= 1.0e-03  ρ=+0.3632  mono=0.032  τ=+0.6774  K_rq=0.0002
dinov2_vitb14:   7%|▋         | 1/14 [03:26<44:40, 206.22s/layer]2026-03-10 14:08:48,236 [INFO] 
  Layer 1 — blocks.0
2026-03-10 14:08:48,236 [INFO] Loading backbone: dinov2_vitb14
Using cache found in /home/jnapolitano/.cache/torch/hub/facebookresearch_dinov2_main
2026-03-10 14:08:48,970 [INFO] using MLP layer as FFN
2026-03-10 14:08:49,723 [INFO]     Extraction anchor (200 images)...
2026-03-10 14:08:49,985 [INFO] Extracting features: batch 1/25
2026-03-10 14:08:52,856 [INFO] Extracting features: batch 11/25
2026-03-10 14:08:55,743 [INFO] Extracting features: batch 21/25
2026-03-10 14:08:57,299 [INFO] Extracted raw features: shape = (200, 295296)
2026-03-10 14:08:57,862 [INFO] Fitted scaler on Gram features: mean=1.88e-05, std=3.03e-04
2026-03-10 14:08:57,862 [INFO] Final feature shape: (200, 295296)
2026-03-10 14:08:57,984 [INFO]     Calcul D_rq par 10 chunks de 500 images...
2026-03-10 14:08:58,225 [INFO] Extracting features: batch 1/63
2026-03-10 14:09:01,096 [INFO] Extracting features: batch 11/63
2026-03-10 14:09:03,987 [INFO] Extracting features: batch 21/63
2026-03-10 14:09:06,876 [INFO] Extracting features: batch 31/63
2026-03-10 14:09:09,765 [INFO] Extracting features: batch 41/63
2026-03-10 14:09:12,655 [INFO] Extracting features: batch 51/63
2026-03-10 14:09:15,548 [INFO] Extracting features: batch 61/63
2026-03-10 14:09:16,482 [INFO] Extracted raw features: shape = (500, 295296)
2026-03-10 14:09:16,815 [INFO] Final feature shape: (500, 295296)
2026-03-10 14:09:17,597 [INFO] Extracting features: batch 1/63
2026-03-10 14:09:20,468 [INFO] Extracting features: batch 11/63
2026-03-10 14:09:23,360 [INFO] Extracting features: batch 21/63
2026-03-10 14:09:26,253 [INFO] Extracting features: batch 31/63
2026-03-10 14:09:29,148 [INFO] Extracting features: batch 41/63
2026-03-10 14:09:32,044 [INFO] Extracting features: batch 51/63
2026-03-10 14:09:34,938 [INFO] Extracting features: batch 61/63
2026-03-10 14:09:35,870 [INFO] Extracted raw features: shape = (500, 295296)
2026-03-10 14:09:36,203 [INFO] Final feature shape: (500, 295296)
2026-03-10 14:09:36,723 [INFO]       chunk 2/10
2026-03-10 14:09:36,980 [INFO] Extracting features: batch 1/63
2026-03-10 14:09:39,854 [INFO] Extracting features: batch 11/63
2026-03-10 14:09:42,748 [INFO] Extracting features: batch 21/63
2026-03-10 14:09:45,640 [INFO] Extracting features: batch 31/63
2026-03-10 14:09:48,537 [INFO] Extracting features: batch 41/63
2026-03-10 14:09:51,431 [INFO] Extracting features: batch 51/63
2026-03-10 14:09:54,328 [INFO] Extracting features: batch 61/63
2026-03-10 14:09:55,261 [INFO] Extracted raw features: shape = (500, 295296)
2026-03-10 14:09:55,595 [INFO] Final feature shape: (500, 295296)
2026-03-10 14:09:56,381 [INFO] Extracting features: batch 1/63
2026-03-10 14:09:59,252 [INFO] Extracting features: batch 11/63
2026-03-10 14:10:02,144 [INFO] Extracting features: batch 21/63
2026-03-10 14:10:05,037 [INFO] Extracting features: batch 31/63
2026-03-10 14:10:07,933 [INFO] Extracting features: batch 41/63
2026-03-10 14:10:10,830 [INFO] Extracting features: batch 51/63
2026-03-10 14:10:13,724 [INFO] Extracting features: batch 61/63
2026-03-10 14:10:14,657 [INFO] Extracted raw features: shape = (500, 295296)
2026-03-10 14:10:14,991 [INFO] Final feature shape: (500, 295296)
2026-03-10 14:10:15,502 [INFO]       chunk 4/10
2026-03-10 14:10:15,760 [INFO] Extracting features: batch 1/63
2026-03-10 14:10:18,637 [INFO] Extracting features: batch 11/63
2026-03-10 14:10:21,532 [INFO] Extracting features: batch 21/63
2026-03-10 14:10:24,427 [INFO] Extracting features: batch 31/63
2026-03-10 14:10:27,321 [INFO] Extracting features: batch 41/63
2026-03-10 14:10:30,216 [INFO] Extracting features: batch 51/63
2026-03-10 14:10:33,114 [INFO] Extracting features: batch 61/63
2026-03-10 14:10:34,048 [INFO] Extracted raw features: shape = (500, 295296)
2026-03-10 14:10:34,381 [INFO] Final feature shape: (500, 295296)
2026-03-10 14:10:35,164 [INFO] Extracting features: batch 1/63
2026-03-10 14:10:38,043 [INFO] Extracting features: batch 11/63
2026-03-10 14:10:40,939 [INFO] Extracting features: batch 21/63
2026-03-10 14:10:43,833 [INFO] Extracting features: batch 31/63
2026-03-10 14:10:46,730 [INFO] Extracting features: batch 41/63
2026-03-10 14:10:49,626 [INFO] Extracting features: batch 51/63
2026-03-10 14:10:52,525 [INFO] Extracting features: batch 61/63
2026-03-10 14:10:53,459 [INFO] Extracted raw features: shape = (500, 295296)
2026-03-10 14:10:53,793 [INFO] Final feature shape: (500, 295296)
2026-03-10 14:10:54,304 [INFO]       chunk 6/10
2026-03-10 14:10:54,545 [INFO] Extracting features: batch 1/63
2026-03-10 14:10:57,419 [INFO] Extracting features: batch 11/63
2026-03-10 14:11:00,319 [INFO] Extracting features: batch 21/63
2026-03-10 14:11:03,218 [INFO] Extracting features: batch 31/63
2026-03-10 14:11:06,116 [INFO] Extracting features: batch 41/63
2026-03-10 14:11:09,016 [INFO] Extracting features: batch 51/63
2026-03-10 14:11:11,915 [INFO] Extracting features: batch 61/63
2026-03-10 14:11:12,852 [INFO] Extracted raw features: shape = (500, 295296)
2026-03-10 14:11:13,185 [INFO] Final feature shape: (500, 295296)
2026-03-10 14:11:13,963 [INFO] Extracting features: batch 1/63
2026-03-10 14:11:16,837 [INFO] Extracting features: batch 11/63
2026-03-10 14:11:19,736 [INFO] Extracting features: batch 21/63
2026-03-10 14:11:22,632 [INFO] Extracting features: batch 31/63
2026-03-10 14:11:25,529 [INFO] Extracting features: batch 41/63
2026-03-10 14:11:28,425 [INFO] Extracting features: batch 51/63
2026-03-10 14:11:31,322 [INFO] Extracting features: batch 61/63
2026-03-10 14:11:32,252 [INFO] Extracted raw features: shape = (500, 295296)
2026-03-10 14:11:32,585 [INFO] Final feature shape: (500, 295296)
2026-03-10 14:11:33,100 [INFO]       chunk 8/10
2026-03-10 14:11:33,367 [INFO] Extracting features: batch 1/63
2026-03-10 14:11:36,242 [INFO] Extracting features: batch 11/63
2026-03-10 14:11:39,141 [INFO] Extracting features: batch 21/63
2026-03-10 14:11:42,039 [INFO] Extracting features: batch 31/63
2026-03-10 14:11:44,935 [INFO] Extracting features: batch 41/63
2026-03-10 14:11:47,832 [INFO] Extracting features: batch 51/63
2026-03-10 14:11:50,728 [INFO] Extracting features: batch 61/63
2026-03-10 14:11:51,662 [INFO] Extracted raw features: shape = (500, 295296)
2026-03-10 14:11:51,995 [INFO] Final feature shape: (500, 295296)
2026-03-10 14:11:52,766 [INFO] Extracting features: batch 1/63
2026-03-10 14:11:55,642 [INFO] Extracting features: batch 11/63
2026-03-10 14:11:58,537 [INFO] Extracting features: batch 21/63
2026-03-10 14:12:01,435 [INFO] Extracting features: batch 31/63
2026-03-10 14:12:04,334 [INFO] Extracting features: batch 41/63
2026-03-10 14:12:07,233 [INFO] Extracting features: batch 51/63
2026-03-10 14:12:10,127 [INFO] Extracting features: batch 61/63
2026-03-10 14:12:11,061 [INFO] Extracted raw features: shape = (500, 295296)
2026-03-10 14:12:11,396 [INFO] Final feature shape: (500, 295296)
2026-03-10 14:12:11,907 [INFO]       chunk 10/10
2026-03-10 14:12:11,910 [INFO]     D_rr (156 Ko) et D_rq (3906 Ko) sauvegardés
2026-03-10 14:12:11,912 [INFO]     median_D_rr=4.643e+05  gamma_med=1.077e-06  feat_dim=295296
2026-03-10 14:12:12,106 [INFO]     gamma=     med  ρ=+0.3231  mono=0.473  τ=+0.4676  K_rq=0.5510
2026-03-10 14:12:12,296 [INFO]     gamma= 2.8e-05  ρ=+0.4758  mono=0.419  τ=+0.6216  K_rq=0.0016
2026-03-10 14:12:12,485 [INFO]     gamma= 1.0e-07  ρ=+0.3587  mono=0.514  τ=+0.5202  K_rq=0.9348
2026-03-10 14:12:12,675 [INFO]     gamma= 5.0e-07  ρ=+0.3416  mono=0.489  τ=+0.4934  K_rq=0.7372
2026-03-10 14:12:12,865 [INFO]     gamma= 1.0e-06  ρ=+0.3252  mono=0.474  τ=+0.4706  K_rq=0.5715
2026-03-10 14:12:13,056 [INFO]     gamma= 5.0e-06  ρ=+0.2573  mono=0.410  τ=+0.3728  K_rq=0.1240
2026-03-10 14:12:13,246 [INFO]     gamma= 1.0e-05  ρ=+0.2294  mono=0.395  τ=+0.3644  K_rq=0.0304
2026-03-10 14:12:13,437 [INFO]     gamma= 5.0e-05  ρ=+0.5549  mono=0.453  τ=+0.6963  K_rq=0.0005
2026-03-10 14:12:13,624 [INFO]     gamma= 1.0e-04  ρ=+0.6144  mono=0.222  τ=+0.8017  K_rq=0.0003
2026-03-10 14:12:13,806 [INFO]     gamma= 1.0e-03  ρ=+0.3561  mono=0.000  τ=+0.6352  K_rq=0.0001
dinov2_vitb14:  14%|█▍        | 2/14 [06:51<41:10, 205.90s/layer]2026-03-10 14:12:13,905 [INFO] 
  Layer 2 — blocks.1
2026-03-10 14:12:13,905 [INFO] Loading backbone: dinov2_vitb14
Using cache found in /home/jnapolitano/.cache/torch/hub/facebookresearch_dinov2_main
2026-03-10 14:12:14,628 [INFO] using MLP layer as FFN
2026-03-10 14:12:15,371 [INFO]     Extraction anchor (200 images)...
2026-03-10 14:12:15,627 [INFO] Extracting features: batch 1/25
2026-03-10 14:12:18,532 [INFO] Extracting features: batch 11/25
2026-03-10 14:12:21,421 [INFO] Extracting features: batch 21/25
2026-03-10 14:12:22,974 [INFO] Extracted raw features: shape = (200, 295296)
2026-03-10 14:12:23,538 [INFO] Fitted scaler on Gram features: mean=1.85e-05, std=1.34e-04
2026-03-10 14:12:23,539 [INFO] Final feature shape: (200, 295296)
2026-03-10 14:12:23,645 [INFO]     Calcul D_rq par 10 chunks de 500 images...
2026-03-10 14:12:23,902 [INFO] Extracting features: batch 1/63
2026-03-10 14:12:26,771 [INFO] Extracting features: batch 11/63
2026-03-10 14:12:29,660 [INFO] Extracting features: batch 21/63
2026-03-10 14:12:32,551 [INFO] Extracting features: batch 31/63
2026-03-10 14:12:35,440 [INFO] Extracting features: batch 41/63
2026-03-10 14:12:38,327 [INFO] Extracting features: batch 51/63
2026-03-10 14:12:41,219 [INFO] Extracting features: batch 61/63
2026-03-10 14:12:42,149 [INFO] Extracted raw features: shape = (500, 295296)
2026-03-10 14:12:42,482 [INFO] Final feature shape: (500, 295296)
2026-03-10 14:12:43,254 [INFO] Extracting features: batch 1/63
2026-03-10 14:12:46,159 [INFO] Extracting features: batch 11/63
2026-03-10 14:12:49,052 [INFO] Extracting features: batch 21/63
2026-03-10 14:12:51,945 [INFO] Extracting features: batch 31/63
2026-03-10 14:12:54,839 [INFO] Extracting features: batch 41/63
2026-03-10 14:12:57,733 [INFO] Extracting features: batch 51/63
2026-03-10 14:13:00,628 [INFO] Extracting features: batch 61/63
2026-03-10 14:13:01,559 [INFO] Extracted raw features: shape = (500, 295296)
2026-03-10 14:13:01,896 [INFO] Final feature shape: (500, 295296)
2026-03-10 14:13:02,423 [INFO]       chunk 2/10
2026-03-10 14:13:02,679 [INFO] Extracting features: batch 1/63
2026-03-10 14:13:05,554 [INFO] Extracting features: batch 11/63
2026-03-10 14:13:08,448 [INFO] Extracting features: batch 21/63
2026-03-10 14:13:11,343 [INFO] Extracting features: batch 31/63
2026-03-10 14:13:14,236 [INFO] Extracting features: batch 41/63
2026-03-10 14:13:17,129 [INFO] Extracting features: batch 51/63
2026-03-10 14:13:20,022 [INFO] Extracting features: batch 61/63
2026-03-10 14:13:20,954 [INFO] Extracted raw features: shape = (500, 295296)
2026-03-10 14:13:21,287 [INFO] Final feature shape: (500, 295296)
2026-03-10 14:13:22,062 [INFO] Extracting features: batch 1/63
2026-03-10 14:13:24,939 [INFO] Extracting features: batch 11/63
2026-03-10 14:13:27,834 [INFO] Extracting features: batch 21/63
2026-03-10 14:13:30,732 [INFO] Extracting features: batch 31/63
2026-03-10 14:13:33,631 [INFO] Extracting features: batch 41/63
2026-03-10 14:13:36,528 [INFO] Extracting features: batch 51/63
2026-03-10 14:13:39,422 [INFO] Extracting features: batch 61/63
2026-03-10 14:13:40,355 [INFO] Extracted raw features: shape = (500, 295296)
2026-03-10 14:13:40,688 [INFO] Final feature shape: (500, 295296)
2026-03-10 14:13:41,208 [INFO]       chunk 4/10
2026-03-10 14:13:41,465 [INFO] Extracting features: batch 1/63
2026-03-10 14:13:44,343 [INFO] Extracting features: batch 11/63
2026-03-10 14:13:47,242 [INFO] Extracting features: batch 21/63
2026-03-10 14:13:50,133 [INFO] Extracting features: batch 31/63
2026-03-10 14:13:53,028 [INFO] Extracting features: batch 41/63
2026-03-10 14:13:55,924 [INFO] Extracting features: batch 51/63
2026-03-10 14:13:58,818 [INFO] Extracting features: batch 61/63
2026-03-10 14:13:59,752 [INFO] Extracted raw features: shape = (500, 295296)
2026-03-10 14:14:00,088 [INFO] Final feature shape: (500, 295296)
2026-03-10 14:14:00,845 [INFO] Extracting features: batch 1/63
2026-03-10 14:14:03,721 [INFO] Extracting features: batch 11/63
2026-03-10 14:14:06,620 [INFO] Extracting features: batch 21/63
2026-03-10 14:14:09,517 [INFO] Extracting features: batch 31/63
2026-03-10 14:14:12,413 [INFO] Extracting features: batch 41/63
2026-03-10 14:14:15,310 [INFO] Extracting features: batch 51/63
2026-03-10 14:14:18,209 [INFO] Extracting features: batch 61/63
2026-03-10 14:14:19,140 [INFO] Extracted raw features: shape = (500, 295296)
2026-03-10 14:14:19,474 [INFO] Final feature shape: (500, 295296)
2026-03-10 14:14:19,985 [INFO]       chunk 6/10
2026-03-10 14:14:20,229 [INFO] Extracting features: batch 1/63
2026-03-10 14:14:23,135 [INFO] Extracting features: batch 11/63
2026-03-10 14:14:26,031 [INFO] Extracting features: batch 21/63
2026-03-10 14:14:28,930 [INFO] Extracting features: batch 31/63
2026-03-10 14:14:31,827 [INFO] Extracting features: batch 41/63
2026-03-10 14:14:34,725 [INFO] Extracting features: batch 51/63
2026-03-10 14:14:37,622 [INFO] Extracting features: batch 61/63
2026-03-10 14:14:38,555 [INFO] Extracted raw features: shape = (500, 295296)
2026-03-10 14:14:38,887 [INFO] Final feature shape: (500, 295296)
2026-03-10 14:14:39,676 [INFO] Extracting features: batch 1/63
2026-03-10 14:14:42,554 [INFO] Extracting features: batch 11/63
2026-03-10 14:14:45,451 [INFO] Extracting features: batch 21/63
2026-03-10 14:14:48,350 [INFO] Extracting features: batch 31/63
2026-03-10 14:14:51,249 [INFO] Extracting features: batch 41/63
2026-03-10 14:14:54,147 [INFO] Extracting features: batch 51/63
2026-03-10 14:14:57,046 [INFO] Extracting features: batch 61/63
2026-03-10 14:14:57,978 [INFO] Extracted raw features: shape = (500, 295296)
2026-03-10 14:14:58,311 [INFO] Final feature shape: (500, 295296)
2026-03-10 14:14:58,826 [INFO]       chunk 8/10
2026-03-10 14:14:59,094 [INFO] Extracting features: batch 1/63
2026-03-10 14:15:01,975 [INFO] Extracting features: batch 11/63
2026-03-10 14:15:04,873 [INFO] Extracting features: batch 21/63
2026-03-10 14:15:07,773 [INFO] Extracting features: batch 31/63
2026-03-10 14:15:10,671 [INFO] Extracting features: batch 41/63
2026-03-10 14:15:13,569 [INFO] Extracting features: batch 51/63
2026-03-10 14:15:16,466 [INFO] Extracting features: batch 61/63
2026-03-10 14:15:17,399 [INFO] Extracted raw features: shape = (500, 295296)
2026-03-10 14:15:17,732 [INFO] Final feature shape: (500, 295296)
2026-03-10 14:15:18,503 [INFO] Extracting features: batch 1/63
2026-03-10 14:15:21,384 [INFO] Extracting features: batch 11/63
2026-03-10 14:15:24,286 [INFO] Extracting features: batch 21/63
2026-03-10 14:15:27,188 [INFO] Extracting features: batch 31/63
2026-03-10 14:15:30,088 [INFO] Extracting features: batch 41/63
2026-03-10 14:15:32,987 [INFO] Extracting features: batch 51/63
2026-03-10 14:15:35,884 [INFO] Extracting features: batch 61/63
2026-03-10 14:15:36,819 [INFO] Extracted raw features: shape = (500, 295296)
2026-03-10 14:15:37,152 [INFO] Final feature shape: (500, 295296)
2026-03-10 14:15:37,660 [INFO]       chunk 10/10
2026-03-10 14:15:37,673 [INFO]     D_rr (156 Ko) et D_rq (3906 Ko) sauvegardés
2026-03-10 14:15:37,674 [INFO]     median_D_rr=4.873e+05  gamma_med=1.026e-06  feat_dim=295296
2026-03-10 14:15:37,870 [INFO]     gamma=     med  ρ=+0.4749  mono=0.604  τ=+0.7044  K_rq=0.5080
2026-03-10 14:15:38,060 [INFO]     gamma= 2.8e-05  ρ=+0.6813  mono=0.579  τ=+0.8246  K_rq=0.0006
2026-03-10 14:15:38,250 [INFO]     gamma= 1.0e-07  ρ=+0.4812  mono=0.614  τ=+0.7120  K_rq=0.9250
2026-03-10 14:15:38,442 [INFO]     gamma= 5.0e-07  ρ=+0.4780  mono=0.608  τ=+0.7082  K_rq=0.7010
2026-03-10 14:15:38,632 [INFO]     gamma= 1.0e-06  ρ=+0.4750  mono=0.604  τ=+0.7044  K_rq=0.5159
2026-03-10 14:15:38,822 [INFO]     gamma= 5.0e-06  ρ=+0.4689  mono=0.606  τ=+0.7056  K_rq=0.0701
2026-03-10 14:15:39,011 [INFO]     gamma= 1.0e-05  ρ=+0.5153  mono=0.630  τ=+0.7623  K_rq=0.0100
2026-03-10 14:15:39,192 [INFO]     gamma= 5.0e-05  ρ=+0.7510  mono=0.326  τ=+0.8647  K_rq=0.0003
2026-03-10 14:15:39,377 [INFO]     gamma= 1.0e-04  ρ=+0.6923  mono=0.003  τ=+0.7769  K_rq=0.0002
2026-03-10 14:15:39,555 [INFO]     gamma= 1.0e-03  ρ=+0.3351  mono=0.000  τ=+0.6325  K_rq=0.0000
dinov2_vitb14:  21%|██▏       | 3/14 [10:17<37:44, 205.83s/layer]2026-03-10 14:15:39,654 [INFO] 
  Layer 3 — blocks.2
2026-03-10 14:15:39,654 [INFO] Loading backbone: dinov2_vitb14
Using cache found in /home/jnapolitano/.cache/torch/hub/facebookresearch_dinov2_main
2026-03-10 14:15:41,108 [INFO] using MLP layer as FFN
2026-03-10 14:15:41,893 [INFO]     Extraction anchor (200 images)...
2026-03-10 14:15:42,178 [INFO] Extracting features: batch 1/25
2026-03-10 14:15:45,070 [INFO] Extracting features: batch 11/25
2026-03-10 14:15:47,956 [INFO] Extracting features: batch 21/25
2026-03-10 14:15:49,509 [INFO] Extracted raw features: shape = (200, 295296)
2026-03-10 14:15:50,072 [INFO] Fitted scaler on Gram features: mean=2.12e-05, std=1.40e-04
2026-03-10 14:15:50,072 [INFO] Final feature shape: (200, 295296)
2026-03-10 14:15:50,176 [INFO]     Calcul D_rq par 10 chunks de 500 images...
2026-03-10 14:15:50,426 [INFO] Extracting features: batch 1/63
2026-03-10 14:15:53,298 [INFO] Extracting features: batch 11/63
2026-03-10 14:15:56,188 [INFO] Extracting features: batch 21/63
2026-03-10 14:15:59,081 [INFO] Extracting features: batch 31/63
2026-03-10 14:16:01,973 [INFO] Extracting features: batch 41/63
2026-03-10 14:16:04,863 [INFO] Extracting features: batch 51/63
2026-03-10 14:16:07,756 [INFO] Extracting features: batch 61/63
2026-03-10 14:16:08,689 [INFO] Extracted raw features: shape = (500, 295296)
2026-03-10 14:16:09,023 [INFO] Final feature shape: (500, 295296)
2026-03-10 14:16:09,798 [INFO] Extracting features: batch 1/63
2026-03-10 14:16:12,693 [INFO] Extracting features: batch 11/63
2026-03-10 14:16:15,586 [INFO] Extracting features: batch 21/63
2026-03-10 14:16:18,480 [INFO] Extracting features: batch 31/63
2026-03-10 14:16:21,375 [INFO] Extracting features: batch 41/63
2026-03-10 14:16:24,271 [INFO] Extracting features: batch 51/63
2026-03-10 14:16:27,169 [INFO] Extracting features: batch 61/63
2026-03-10 14:16:28,098 [INFO] Extracted raw features: shape = (500, 295296)
2026-03-10 14:16:28,456 [INFO] Final feature shape: (500, 295296)
2026-03-10 14:16:28,983 [INFO]       chunk 2/10
2026-03-10 14:16:29,255 [INFO] Extracting features: batch 1/63
2026-03-10 14:16:32,155 [INFO] Extracting features: batch 11/63
2026-03-10 14:16:35,051 [INFO] Extracting features: batch 21/63
2026-03-10 14:16:37,945 [INFO] Extracting features: batch 31/63
2026-03-10 14:16:40,837 [INFO] Extracting features: batch 41/63
2026-03-10 14:16:43,730 [INFO] Extracting features: batch 51/63
2026-03-10 14:16:46,624 [INFO] Extracting features: batch 61/63
2026-03-10 14:16:47,557 [INFO] Extracted raw features: shape = (500, 295296)
2026-03-10 14:16:47,890 [INFO] Final feature shape: (500, 295296)
2026-03-10 14:16:48,679 [INFO] Extracting features: batch 1/63
2026-03-10 14:16:51,559 [INFO] Extracting features: batch 11/63
2026-03-10 14:16:54,450 [INFO] Extracting features: batch 21/63
2026-03-10 14:16:57,344 [INFO] Extracting features: batch 31/63
2026-03-10 14:17:00,237 [INFO] Extracting features: batch 41/63
2026-03-10 14:17:03,132 [INFO] Extracting features: batch 51/63
2026-03-10 14:17:06,027 [INFO] Extracting features: batch 61/63
2026-03-10 14:17:06,958 [INFO] Extracted raw features: shape = (500, 295296)
2026-03-10 14:17:07,292 [INFO] Final feature shape: (500, 295296)
2026-03-10 14:17:07,817 [INFO]       chunk 4/10
2026-03-10 14:17:08,075 [INFO] Extracting features: batch 1/63
2026-03-10 14:17:10,953 [INFO] Extracting features: batch 11/63
2026-03-10 14:17:13,847 [INFO] Extracting features: batch 21/63
2026-03-10 14:17:16,740 [INFO] Extracting features: batch 31/63
2026-03-10 14:17:19,635 [INFO] Extracting features: batch 41/63
2026-03-10 14:17:22,530 [INFO] Extracting features: batch 51/63
2026-03-10 14:17:25,425 [INFO] Extracting features: batch 61/63
2026-03-10 14:17:26,357 [INFO] Extracted raw features: shape = (500, 295296)
2026-03-10 14:17:26,690 [INFO] Final feature shape: (500, 295296)
2026-03-10 14:17:27,466 [INFO] Extracting features: batch 1/63
2026-03-10 14:17:30,344 [INFO] Extracting features: batch 11/63
2026-03-10 14:17:33,237 [INFO] Extracting features: batch 21/63
2026-03-10 14:17:36,135 [INFO] Extracting features: batch 31/63
2026-03-10 14:17:39,031 [INFO] Extracting features: batch 41/63
2026-03-10 14:17:41,927 [INFO] Extracting features: batch 51/63
2026-03-10 14:17:44,824 [INFO] Extracting features: batch 61/63
2026-03-10 14:17:45,754 [INFO] Extracted raw features: shape = (500, 295296)
2026-03-10 14:17:46,088 [INFO] Final feature shape: (500, 295296)
2026-03-10 14:17:46,606 [INFO]       chunk 6/10
2026-03-10 14:17:46,856 [INFO] Extracting features: batch 1/63
2026-03-10 14:17:49,732 [INFO] Extracting features: batch 11/63
2026-03-10 14:17:52,627 [INFO] Extracting features: batch 21/63
2026-03-10 14:17:55,526 [INFO] Extracting features: batch 31/63
2026-03-10 14:17:58,423 [INFO] Extracting features: batch 41/63
2026-03-10 14:18:01,321 [INFO] Extracting features: batch 51/63
2026-03-10 14:18:04,218 [INFO] Extracting features: batch 61/63
2026-03-10 14:18:05,148 [INFO] Extracted raw features: shape = (500, 295296)
2026-03-10 14:18:05,483 [INFO] Final feature shape: (500, 295296)
2026-03-10 14:18:06,261 [INFO] Extracting features: batch 1/63
2026-03-10 14:18:09,134 [INFO] Extracting features: batch 11/63
2026-03-10 14:18:12,032 [INFO] Extracting features: batch 21/63
2026-03-10 14:18:14,929 [INFO] Extracting features: batch 31/63
2026-03-10 14:18:17,827 [INFO] Extracting features: batch 41/63
2026-03-10 14:18:20,726 [INFO] Extracting features: batch 51/63
2026-03-10 14:18:23,623 [INFO] Extracting features: batch 61/63
2026-03-10 14:18:24,554 [INFO] Extracted raw features: shape = (500, 295296)
2026-03-10 14:18:24,888 [INFO] Final feature shape: (500, 295296)
2026-03-10 14:18:25,414 [INFO]       chunk 8/10
2026-03-10 14:18:25,678 [INFO] Extracting features: batch 1/63
2026-03-10 14:18:28,553 [INFO] Extracting features: batch 11/63
2026-03-10 14:18:31,453 [INFO] Extracting features: batch 21/63
2026-03-10 14:18:34,352 [INFO] Extracting features: batch 31/63
2026-03-10 14:18:37,251 [INFO] Extracting features: batch 41/63
2026-03-10 14:18:40,149 [INFO] Extracting features: batch 51/63
2026-03-10 14:18:43,048 [INFO] Extracting features: batch 61/63
2026-03-10 14:18:43,983 [INFO] Extracted raw features: shape = (500, 295296)
2026-03-10 14:18:44,317 [INFO] Final feature shape: (500, 295296)
2026-03-10 14:18:45,078 [INFO] Extracting features: batch 1/63
2026-03-10 14:18:47,953 [INFO] Extracting features: batch 11/63
2026-03-10 14:18:50,851 [INFO] Extracting features: batch 21/63
2026-03-10 14:18:53,749 [INFO] Extracting features: batch 31/63
2026-03-10 14:18:56,648 [INFO] Extracting features: batch 41/63
2026-03-10 14:18:59,545 [INFO] Extracting features: batch 51/63
2026-03-10 14:19:02,444 [INFO] Extracting features: batch 61/63
2026-03-10 14:19:03,378 [INFO] Extracted raw features: shape = (500, 295296)
2026-03-10 14:19:03,713 [INFO] Final feature shape: (500, 295296)
2026-03-10 14:19:04,236 [INFO]       chunk 10/10
2026-03-10 14:19:04,238 [INFO]     D_rr (156 Ko) et D_rq (3906 Ko) sauvegardés
2026-03-10 14:19:04,240 [INFO]     median_D_rr=5.325e+05  gamma_med=9.390e-07  feat_dim=295296
2026-03-10 14:19:04,432 [INFO]     gamma=     med  ρ=+0.5579  mono=0.676  τ=+0.8532  K_rq=0.4799
2026-03-10 14:19:04,614 [INFO]     gamma= 2.8e-05  ρ=+0.7308  mono=0.560  τ=+0.9109  K_rq=0.0006
2026-03-10 14:19:04,800 [INFO]     gamma= 1.0e-07  ρ=+0.5582  mono=0.678  τ=+0.8536  K_rq=0.9146
2026-03-10 14:19:04,985 [INFO]     gamma= 5.0e-07  ρ=+0.5580  mono=0.677  τ=+0.8534  K_rq=0.6605
2026-03-10 14:19:05,170 [INFO]     gamma= 1.0e-06  ρ=+0.5579  mono=0.676  τ=+0.8532  K_rq=0.4600
2026-03-10 14:19:05,357 [INFO]     gamma= 5.0e-06  ρ=+0.5663  mono=0.700  τ=+0.8710  K_rq=0.0479
2026-03-10 14:19:05,543 [INFO]     gamma= 1.0e-05  ρ=+0.6243  mono=0.726  τ=+0.9211  K_rq=0.0058
2026-03-10 14:19:05,726 [INFO]     gamma= 5.0e-05  ρ=+0.7556  mono=0.267  τ=+0.8541  K_rq=0.0004
2026-03-10 14:19:05,910 [INFO]     gamma= 1.0e-04  ρ=+0.6803  mono=0.016  τ=+0.7765  K_rq=0.0002
2026-03-10 14:19:06,088 [INFO]     gamma= 1.0e-03  ρ=+0.3732  mono=0.000  τ=+0.6325  K_rq=0.0000
dinov2_vitb14:  29%|██▊       | 4/14 [13:44<34:21, 206.11s/layer]2026-03-10 14:19:06,188 [INFO] 
  Layer 4 — blocks.3
2026-03-10 14:19:06,188 [INFO] Loading backbone: dinov2_vitb14
Using cache found in /home/jnapolitano/.cache/torch/hub/facebookresearch_dinov2_main
2026-03-10 14:19:06,907 [INFO] using MLP layer as FFN
2026-03-10 14:19:07,647 [INFO]     Extraction anchor (200 images)...
2026-03-10 14:19:07,922 [INFO] Extracting features: batch 1/25
2026-03-10 14:19:10,818 [INFO] Extracting features: batch 11/25
2026-03-10 14:19:13,708 [INFO] Extracting features: batch 21/25
2026-03-10 14:19:15,261 [INFO] Extracted raw features: shape = (200, 295296)
2026-03-10 14:19:15,823 [INFO] Fitted scaler on Gram features: mean=3.14e-05, std=2.08e-04
2026-03-10 14:19:15,823 [INFO] Final feature shape: (200, 295296)
2026-03-10 14:19:15,921 [INFO]     Calcul D_rq par 10 chunks de 500 images...
2026-03-10 14:19:16,167 [INFO] Extracting features: batch 1/63
2026-03-10 14:19:19,038 [INFO] Extracting features: batch 11/63
2026-03-10 14:19:21,929 [INFO] Extracting features: batch 21/63
2026-03-10 14:19:24,822 [INFO] Extracting features: batch 31/63
2026-03-10 14:19:27,716 [INFO] Extracting features: batch 41/63
2026-03-10 14:19:30,614 [INFO] Extracting features: batch 51/63
2026-03-10 14:19:33,509 [INFO] Extracting features: batch 61/63
2026-03-10 14:19:34,442 [INFO] Extracted raw features: shape = (500, 295296)
2026-03-10 14:19:34,780 [INFO] Final feature shape: (500, 295296)
2026-03-10 14:19:35,565 [INFO] Extracting features: batch 1/63
2026-03-10 14:19:38,473 [INFO] Extracting features: batch 11/63
2026-03-10 14:19:41,371 [INFO] Extracting features: batch 21/63
2026-03-10 14:19:44,268 [INFO] Extracting features: batch 31/63
2026-03-10 14:19:47,166 [INFO] Extracting features: batch 41/63
2026-03-10 14:19:50,065 [INFO] Extracting features: batch 51/63
2026-03-10 14:19:52,964 [INFO] Extracting features: batch 61/63
2026-03-10 14:19:53,898 [INFO] Extracted raw features: shape = (500, 295296)
2026-03-10 14:19:54,237 [INFO] Final feature shape: (500, 295296)
2026-03-10 14:19:54,752 [INFO]       chunk 2/10
2026-03-10 14:19:55,009 [INFO] Extracting features: batch 1/63
2026-03-10 14:19:57,888 [INFO] Extracting features: batch 11/63
2026-03-10 14:20:00,783 [INFO] Extracting features: batch 21/63
2026-03-10 14:20:03,682 [INFO] Extracting features: batch 31/63
2026-03-10 14:20:06,581 [INFO] Extracting features: batch 41/63
2026-03-10 14:20:09,480 [INFO] Extracting features: batch 51/63
2026-03-10 14:20:12,378 [INFO] Extracting features: batch 61/63
2026-03-10 14:20:13,311 [INFO] Extracted raw features: shape = (500, 295296)
2026-03-10 14:20:13,646 [INFO] Final feature shape: (500, 295296)
2026-03-10 14:20:14,413 [INFO] Extracting features: batch 1/63
2026-03-10 14:20:17,291 [INFO] Extracting features: batch 11/63
2026-03-10 14:20:20,186 [INFO] Extracting features: batch 21/63
2026-03-10 14:20:23,085 [INFO] Extracting features: batch 31/63
2026-03-10 14:20:25,984 [INFO] Extracting features: batch 41/63
2026-03-10 14:20:28,882 [INFO] Extracting features: batch 51/63
2026-03-10 14:20:31,779 [INFO] Extracting features: batch 61/63
2026-03-10 14:20:32,713 [INFO] Extracted raw features: shape = (500, 295296)
2026-03-10 14:20:33,046 [INFO] Final feature shape: (500, 295296)
2026-03-10 14:20:33,566 [INFO]       chunk 4/10
2026-03-10 14:20:33,830 [INFO] Extracting features: batch 1/63
2026-03-10 14:20:36,710 [INFO] Extracting features: batch 11/63
2026-03-10 14:20:39,608 [INFO] Extracting features: batch 21/63
2026-03-10 14:20:42,505 [INFO] Extracting features: batch 31/63
2026-03-10 14:20:45,401 [INFO] Extracting features: batch 41/63
2026-03-10 14:20:48,299 [INFO] Extracting features: batch 51/63
2026-03-10 14:20:51,200 [INFO] Extracting features: batch 61/63
2026-03-10 14:20:52,133 [INFO] Extracted raw features: shape = (500, 295296)
2026-03-10 14:20:52,467 [INFO] Final feature shape: (500, 295296)
2026-03-10 14:20:53,256 [INFO] Extracting features: batch 1/63
2026-03-10 14:20:56,169 [INFO] Extracting features: batch 11/63
2026-03-10 14:20:59,064 [INFO] Extracting features: batch 21/63
2026-03-10 14:21:01,963 [INFO] Extracting features: batch 31/63
2026-03-10 14:21:04,861 [INFO] Extracting features: batch 41/63
2026-03-10 14:21:07,761 [INFO] Extracting features: batch 51/63
2026-03-10 14:21:10,659 [INFO] Extracting features: batch 61/63
2026-03-10 14:21:11,592 [INFO] Extracted raw features: shape = (500, 295296)
2026-03-10 14:21:11,926 [INFO] Final feature shape: (500, 295296)
2026-03-10 14:21:12,454 [INFO]       chunk 6/10
2026-03-10 14:21:12,699 [INFO] Extracting features: batch 1/63
2026-03-10 14:21:15,615 [INFO] Extracting features: batch 11/63
2026-03-10 14:21:18,514 [INFO] Extracting features: batch 21/63
2026-03-10 14:21:21,412 [INFO] Extracting features: batch 31/63
2026-03-10 14:21:24,309 [INFO] Extracting features: batch 41/63
2026-03-10 14:21:27,209 [INFO] Extracting features: batch 51/63
2026-03-10 14:21:30,106 [INFO] Extracting features: batch 61/63
2026-03-10 14:21:31,040 [INFO] Extracted raw features: shape = (500, 295296)
2026-03-10 14:21:31,374 [INFO] Final feature shape: (500, 295296)
2026-03-10 14:21:32,153 [INFO] Extracting features: batch 1/63
2026-03-10 14:21:35,030 [INFO] Extracting features: batch 11/63
2026-03-10 14:21:37,931 [INFO] Extracting features: batch 21/63
2026-03-10 14:21:40,827 [INFO] Extracting features: batch 31/63
2026-03-10 14:21:43,728 [INFO] Extracting features: batch 41/63
2026-03-10 14:21:46,626 [INFO] Extracting features: batch 51/63
2026-03-10 14:21:49,526 [INFO] Extracting features: batch 61/63
2026-03-10 14:21:50,463 [INFO] Extracted raw features: shape = (500, 295296)
2026-03-10 14:21:50,801 [INFO] Final feature shape: (500, 295296)
2026-03-10 14:21:51,317 [INFO]       chunk 8/10
2026-03-10 14:21:51,590 [INFO] Extracting features: batch 1/63
2026-03-10 14:21:54,468 [INFO] Extracting features: batch 11/63
2026-03-10 14:21:57,370 [INFO] Extracting features: batch 21/63
2026-03-10 14:22:00,270 [INFO] Extracting features: batch 31/63
2026-03-10 14:22:03,169 [INFO] Extracting features: batch 41/63
2026-03-10 14:22:06,068 [INFO] Extracting features: batch 51/63
2026-03-10 14:22:08,965 [INFO] Extracting features: batch 61/63
2026-03-10 14:22:09,899 [INFO] Extracted raw features: shape = (500, 295296)
2026-03-10 14:22:10,232 [INFO] Final feature shape: (500, 295296)
2026-03-10 14:22:10,994 [INFO] Extracting features: batch 1/63
2026-03-10 14:22:13,872 [INFO] Extracting features: batch 11/63
2026-03-10 14:22:16,769 [INFO] Extracting features: batch 21/63
2026-03-10 14:22:19,666 [INFO] Extracting features: batch 31/63
2026-03-10 14:22:22,563 [INFO] Extracting features: batch 41/63
2026-03-10 14:22:25,459 [INFO] Extracting features: batch 51/63
2026-03-10 14:22:28,356 [INFO] Extracting features: batch 61/63
2026-03-10 14:22:29,289 [INFO] Extracted raw features: shape = (500, 295296)
2026-03-10 14:22:29,622 [INFO] Final feature shape: (500, 295296)
2026-03-10 14:22:30,140 [INFO]       chunk 10/10
2026-03-10 14:22:30,143 [INFO]     D_rr (156 Ko) et D_rq (3906 Ko) sauvegardés
2026-03-10 14:22:30,144 [INFO]     median_D_rr=5.413e+05  gamma_med=9.237e-07  feat_dim=295296
2026-03-10 14:22:30,332 [INFO]     gamma=     med  ρ=+0.4954  mono=0.656  τ=+0.8420  K_rq=0.4612
2026-03-10 14:22:30,514 [INFO]     gamma= 2.8e-05  ρ=+0.6459  mono=0.485  τ=+0.8910  K_rq=0.0007
2026-03-10 14:22:30,703 [INFO]     gamma= 1.0e-07  ρ=+0.4942  mono=0.651  τ=+0.8392  K_rq=0.9039
2026-03-10 14:22:30,890 [INFO]     gamma= 5.0e-07  ρ=+0.4948  mono=0.653  τ=+0.8404  K_rq=0.6351
2026-03-10 14:22:31,077 [INFO]     gamma= 1.0e-06  ρ=+0.4955  mono=0.656  τ=+0.8420  K_rq=0.4370
2026-03-10 14:22:31,262 [INFO]     gamma= 5.0e-06  ρ=+0.5077  mono=0.692  τ=+0.8698  K_rq=0.0445
2026-03-10 14:22:31,446 [INFO]     gamma= 1.0e-05  ρ=+0.5725  mono=0.776  τ=+0.9615  K_rq=0.0054
2026-03-10 14:22:31,629 [INFO]     gamma= 5.0e-05  ρ=+0.6569  mono=0.356  τ=+0.8550  K_rq=0.0005
2026-03-10 14:22:31,815 [INFO]     gamma= 1.0e-04  ρ=+0.6179  mono=0.162  τ=+0.8169  K_rq=0.0003
2026-03-10 14:22:31,996 [INFO]     gamma= 1.0e-03  ρ=+0.4407  mono=0.000  τ=+0.6371  K_rq=0.0000
dinov2_vitb14:  36%|███▌      | 5/14 [17:10<30:54, 206.03s/layer]2026-03-10 14:22:32,094 [INFO] 
  Layer 5 — blocks.4
2026-03-10 14:22:32,095 [INFO] Loading backbone: dinov2_vitb14
Using cache found in /home/jnapolitano/.cache/torch/hub/facebookresearch_dinov2_main
2026-03-10 14:22:32,828 [INFO] using MLP layer as FFN
2026-03-10 14:22:33,625 [INFO]     Extraction anchor (200 images)...
2026-03-10 14:22:33,895 [INFO] Extracting features: batch 1/25
2026-03-10 14:22:36,762 [INFO] Extracting features: batch 11/25
2026-03-10 14:22:39,649 [INFO] Extracting features: batch 21/25
2026-03-10 14:22:41,198 [INFO] Extracted raw features: shape = (200, 295296)
2026-03-10 14:22:41,758 [INFO] Fitted scaler on Gram features: mean=3.29e-05, std=3.55e-04
2026-03-10 14:22:41,758 [INFO] Final feature shape: (200, 295296)
2026-03-10 14:22:41,867 [INFO]     Calcul D_rq par 10 chunks de 500 images...
2026-03-10 14:22:42,129 [INFO] Extracting features: batch 1/63
2026-03-10 14:22:44,992 [INFO] Extracting features: batch 11/63
2026-03-10 14:22:47,880 [INFO] Extracting features: batch 21/63
2026-03-10 14:22:50,770 [INFO] Extracting features: batch 31/63
2026-03-10 14:22:53,657 [INFO] Extracting features: batch 41/63
2026-03-10 14:22:56,545 [INFO] Extracting features: batch 51/63
2026-03-10 14:22:59,439 [INFO] Extracting features: batch 61/63
2026-03-10 14:23:00,369 [INFO] Extracted raw features: shape = (500, 295296)
2026-03-10 14:23:00,703 [INFO] Final feature shape: (500, 295296)
2026-03-10 14:23:01,475 [INFO] Extracting features: batch 1/63
2026-03-10 14:23:04,347 [INFO] Extracting features: batch 11/63
2026-03-10 14:23:07,237 [INFO] Extracting features: batch 21/63
2026-03-10 14:23:10,125 [INFO] Extracting features: batch 31/63
2026-03-10 14:23:13,016 [INFO] Extracting features: batch 41/63
2026-03-10 14:23:15,907 [INFO] Extracting features: batch 51/63
2026-03-10 14:23:18,799 [INFO] Extracting features: batch 61/63
2026-03-10 14:23:19,733 [INFO] Extracted raw features: shape = (500, 295296)
2026-03-10 14:23:20,068 [INFO] Final feature shape: (500, 295296)
2026-03-10 14:23:20,597 [INFO]       chunk 2/10
2026-03-10 14:23:20,850 [INFO] Extracting features: batch 1/63
2026-03-10 14:23:23,735 [INFO] Extracting features: batch 11/63
2026-03-10 14:23:26,627 [INFO] Extracting features: batch 21/63
2026-03-10 14:23:29,516 [INFO] Extracting features: batch 31/63
2026-03-10 14:23:32,410 [INFO] Extracting features: batch 41/63
2026-03-10 14:23:35,303 [INFO] Extracting features: batch 51/63
2026-03-10 14:23:38,194 [INFO] Extracting features: batch 61/63
2026-03-10 14:23:39,125 [INFO] Extracted raw features: shape = (500, 295296)
2026-03-10 14:23:39,459 [INFO] Final feature shape: (500, 295296)
2026-03-10 14:23:40,236 [INFO] Extracting features: batch 1/63
2026-03-10 14:23:43,123 [INFO] Extracting features: batch 11/63
2026-03-10 14:23:46,016 [INFO] Extracting features: batch 21/63
2026-03-10 14:23:48,910 [INFO] Extracting features: batch 31/63
2026-03-10 14:23:51,802 [INFO] Extracting features: batch 41/63
2026-03-10 14:23:54,694 [INFO] Extracting features: batch 51/63
2026-03-10 14:23:57,586 [INFO] Extracting features: batch 61/63
2026-03-10 14:23:58,520 [INFO] Extracted raw features: shape = (500, 295296)
2026-03-10 14:23:58,855 [INFO] Final feature shape: (500, 295296)
2026-03-10 14:23:59,373 [INFO]       chunk 4/10
2026-03-10 14:23:59,637 [INFO] Extracting features: batch 1/63
2026-03-10 14:24:02,541 [INFO] Extracting features: batch 11/63
2026-03-10 14:24:05,435 [INFO] Extracting features: batch 21/63
2026-03-10 14:24:08,331 [INFO] Extracting features: batch 31/63
2026-03-10 14:24:11,225 [INFO] Extracting features: batch 41/63
2026-03-10 14:24:14,121 [INFO] Extracting features: batch 51/63
2026-03-10 14:24:17,017 [INFO] Extracting features: batch 61/63
2026-03-10 14:24:17,949 [INFO] Extracted raw features: shape = (500, 295296)
2026-03-10 14:24:18,282 [INFO] Final feature shape: (500, 295296)
2026-03-10 14:24:19,061 [INFO] Extracting features: batch 1/63
2026-03-10 14:24:21,939 [INFO] Extracting features: batch 11/63
2026-03-10 14:24:24,835 [INFO] Extracting features: batch 21/63
2026-03-10 14:24:27,732 [INFO] Extracting features: batch 31/63
2026-03-10 14:24:30,627 [INFO] Extracting features: batch 41/63
2026-03-10 14:24:33,524 [INFO] Extracting features: batch 51/63
2026-03-10 14:24:36,420 [INFO] Extracting features: batch 61/63
2026-03-10 14:24:37,353 [INFO] Extracted raw features: shape = (500, 295296)
2026-03-10 14:24:37,693 [INFO] Final feature shape: (500, 295296)
2026-03-10 14:24:38,207 [INFO]       chunk 6/10
2026-03-10 14:24:38,465 [INFO] Extracting features: batch 1/63
2026-03-10 14:24:41,344 [INFO] Extracting features: batch 11/63
2026-03-10 14:24:44,237 [INFO] Extracting features: batch 21/63
2026-03-10 14:24:47,135 [INFO] Extracting features: batch 31/63
2026-03-10 14:24:50,030 [INFO] Extracting features: batch 41/63
2026-03-10 14:24:52,930 [INFO] Extracting features: batch 51/63
2026-03-10 14:24:55,827 [INFO] Extracting features: batch 61/63
2026-03-10 14:24:56,757 [INFO] Extracted raw features: shape = (500, 295296)
2026-03-10 14:24:57,090 [INFO] Final feature shape: (500, 295296)
2026-03-10 14:24:57,862 [INFO] Extracting features: batch 1/63
2026-03-10 14:25:00,735 [INFO] Extracting features: batch 11/63
2026-03-10 14:25:03,629 [INFO] Extracting features: batch 21/63
2026-03-10 14:25:06,523 [INFO] Extracting features: batch 31/63
2026-03-10 14:25:09,420 [INFO] Extracting features: batch 41/63
2026-03-10 14:25:12,316 [INFO] Extracting features: batch 51/63
2026-03-10 14:25:15,211 [INFO] Extracting features: batch 61/63
2026-03-10 14:25:16,144 [INFO] Extracted raw features: shape = (500, 295296)
2026-03-10 14:25:16,478 [INFO] Final feature shape: (500, 295296)
2026-03-10 14:25:16,993 [INFO]       chunk 8/10
2026-03-10 14:25:17,259 [INFO] Extracting features: batch 1/63
2026-03-10 14:25:20,136 [INFO] Extracting features: batch 11/63
2026-03-10 14:25:23,030 [INFO] Extracting features: batch 21/63
2026-03-10 14:25:25,929 [INFO] Extracting features: batch 31/63
2026-03-10 14:25:28,824 [INFO] Extracting features: batch 41/63
2026-03-10 14:25:31,716 [INFO] Extracting features: batch 51/63
2026-03-10 14:25:34,612 [INFO] Extracting features: batch 61/63
2026-03-10 14:25:35,544 [INFO] Extracted raw features: shape = (500, 295296)
2026-03-10 14:25:35,877 [INFO] Final feature shape: (500, 295296)
2026-03-10 14:25:36,657 [INFO] Extracting features: batch 1/63
2026-03-10 14:25:39,533 [INFO] Extracting features: batch 11/63
2026-03-10 14:25:42,428 [INFO] Extracting features: batch 21/63
2026-03-10 14:25:45,324 [INFO] Extracting features: batch 31/63
2026-03-10 14:25:48,220 [INFO] Extracting features: batch 41/63
2026-03-10 14:25:51,119 [INFO] Extracting features: batch 51/63
2026-03-10 14:25:54,015 [INFO] Extracting features: batch 61/63
2026-03-10 14:25:54,950 [INFO] Extracted raw features: shape = (500, 295296)
2026-03-10 14:25:55,292 [INFO] Final feature shape: (500, 295296)
2026-03-10 14:25:55,820 [INFO]       chunk 10/10
2026-03-10 14:25:55,822 [INFO]     D_rr (156 Ko) et D_rq (3906 Ko) sauvegardés
2026-03-10 14:25:55,824 [INFO]     median_D_rr=5.458e+05  gamma_med=9.161e-07  feat_dim=295296
2026-03-10 14:25:56,014 [INFO]     gamma=     med  ρ=+0.3648  mono=0.487  τ=+0.7124  K_rq=0.4685
2026-03-10 14:25:56,196 [INFO]     gamma= 2.8e-05  ρ=+0.5717  mono=0.578  τ=+0.9008  K_rq=0.0010
2026-03-10 14:25:56,385 [INFO]     gamma= 1.0e-07  ρ=+0.3639  mono=0.480  τ=+0.7066  K_rq=0.9001
2026-03-10 14:25:56,574 [INFO]     gamma= 5.0e-07  ρ=+0.3644  mono=0.483  τ=+0.7094  K_rq=0.6341
2026-03-10 14:25:56,763 [INFO]     gamma= 1.0e-06  ρ=+0.3649  mono=0.488  τ=+0.7126  K_rq=0.4426
2026-03-10 14:25:56,952 [INFO]     gamma= 5.0e-06  ρ=+0.3769  mono=0.538  τ=+0.7747  K_rq=0.0467
2026-03-10 14:25:57,136 [INFO]     gamma= 1.0e-05  ρ=+0.4492  mono=0.709  τ=+0.9355  K_rq=0.0055
2026-03-10 14:25:57,317 [INFO]     gamma= 5.0e-05  ρ=+0.5674  mono=0.411  τ=+0.8746  K_rq=0.0007
2026-03-10 14:25:57,500 [INFO]     gamma= 1.0e-04  ρ=+0.5655  mono=0.279  τ=+0.8528  K_rq=0.0005
2026-03-10 14:25:57,679 [INFO]     gamma= 1.0e-03  ρ=+0.4812  mono=0.000  τ=+0.6902  K_rq=0.0000
dinov2_vitb14:  43%|████▎     | 6/14 [20:35<27:27, 205.92s/layer]2026-03-10 14:25:57,778 [INFO] 
  Layer 6 — blocks.5
2026-03-10 14:25:57,778 [INFO] Loading backbone: dinov2_vitb14
Using cache found in /home/jnapolitano/.cache/torch/hub/facebookresearch_dinov2_main
2026-03-10 14:25:57,854 [INFO] using MLP layer as FFN
2026-03-10 14:25:58,604 [INFO]     Extraction anchor (200 images)...
2026-03-10 14:25:58,880 [INFO] Extracting features: batch 1/25
2026-03-10 14:26:01,753 [INFO] Extracting features: batch 11/25
2026-03-10 14:26:04,646 [INFO] Extracting features: batch 21/25
2026-03-10 14:26:06,201 [INFO] Extracted raw features: shape = (200, 295296)
2026-03-10 14:26:06,762 [INFO] Fitted scaler on Gram features: mean=4.07e-05, std=9.57e-04
2026-03-10 14:26:06,762 [INFO] Final feature shape: (200, 295296)
2026-03-10 14:26:06,860 [INFO]     Calcul D_rq par 10 chunks de 500 images...
2026-03-10 14:26:07,119 [INFO] Extracting features: batch 1/63
2026-03-10 14:26:09,992 [INFO] Extracting features: batch 11/63
2026-03-10 14:26:12,885 [INFO] Extracting features: batch 21/63
2026-03-10 14:26:15,778 [INFO] Extracting features: batch 31/63
2026-03-10 14:26:18,671 [INFO] Extracting features: batch 41/63
2026-03-10 14:26:21,566 [INFO] Extracting features: batch 51/63
2026-03-10 14:26:24,459 [INFO] Extracting features: batch 61/63
2026-03-10 14:26:25,389 [INFO] Extracted raw features: shape = (500, 295296)
2026-03-10 14:26:25,724 [INFO] Final feature shape: (500, 295296)
2026-03-10 14:26:26,489 [INFO] Extracting features: batch 1/63
2026-03-10 14:26:29,367 [INFO] Extracting features: batch 11/63
2026-03-10 14:26:32,263 [INFO] Extracting features: batch 21/63
2026-03-10 14:26:35,159 [INFO] Extracting features: batch 31/63
2026-03-10 14:26:38,055 [INFO] Extracting features: batch 41/63
2026-03-10 14:26:40,953 [INFO] Extracting features: batch 51/63
2026-03-10 14:26:43,848 [INFO] Extracting features: batch 61/63
2026-03-10 14:26:44,780 [INFO] Extracted raw features: shape = (500, 295296)
2026-03-10 14:26:45,113 [INFO] Final feature shape: (500, 295296)
2026-03-10 14:26:45,639 [INFO]       chunk 2/10
2026-03-10 14:26:45,891 [INFO] Extracting features: batch 1/63
2026-03-10 14:26:48,767 [INFO] Extracting features: batch 11/63
2026-03-10 14:26:51,662 [INFO] Extracting features: batch 21/63
2026-03-10 14:26:54,559 [INFO] Extracting features: batch 31/63
2026-03-10 14:26:57,453 [INFO] Extracting features: batch 41/63
2026-03-10 14:27:00,348 [INFO] Extracting features: batch 51/63
2026-03-10 14:27:03,244 [INFO] Extracting features: batch 61/63
2026-03-10 14:27:04,174 [INFO] Extracted raw features: shape = (500, 295296)
2026-03-10 14:27:04,508 [INFO] Final feature shape: (500, 295296)
2026-03-10 14:27:05,297 [INFO] Extracting features: batch 1/63
2026-03-10 14:27:08,173 [INFO] Extracting features: batch 11/63
2026-03-10 14:27:11,068 [INFO] Extracting features: batch 21/63
2026-03-10 14:27:13,964 [INFO] Extracting features: batch 31/63
2026-03-10 14:27:16,859 [INFO] Extracting features: batch 41/63
2026-03-10 14:27:19,756 [INFO] Extracting features: batch 51/63
2026-03-10 14:27:22,650 [INFO] Extracting features: batch 61/63
2026-03-10 14:27:23,583 [INFO] Extracted raw features: shape = (500, 295296)
2026-03-10 14:27:23,916 [INFO] Final feature shape: (500, 295296)
2026-03-10 14:27:24,438 [INFO]       chunk 4/10
2026-03-10 14:27:24,699 [INFO] Extracting features: batch 1/63
2026-03-10 14:27:27,575 [INFO] Extracting features: batch 11/63
2026-03-10 14:27:30,477 [INFO] Extracting features: batch 21/63
2026-03-10 14:27:33,372 [INFO] Extracting features: batch 31/63
2026-03-10 14:27:36,271 [INFO] Extracting features: batch 41/63
2026-03-10 14:27:39,168 [INFO] Extracting features: batch 51/63
2026-03-10 14:27:42,066 [INFO] Extracting features: batch 61/63
2026-03-10 14:27:42,998 [INFO] Extracted raw features: shape = (500, 295296)
2026-03-10 14:27:43,332 [INFO] Final feature shape: (500, 295296)
2026-03-10 14:27:44,112 [INFO] Extracting features: batch 1/63
2026-03-10 14:27:47,029 [INFO] Extracting features: batch 11/63
2026-03-10 14:27:49,926 [INFO] Extracting features: batch 21/63
2026-03-10 14:27:52,825 [INFO] Extracting features: batch 31/63
2026-03-10 14:27:55,724 [INFO] Extracting features: batch 41/63
2026-03-10 14:27:58,620 [INFO] Extracting features: batch 51/63
2026-03-10 14:28:01,518 [INFO] Extracting features: batch 61/63
2026-03-10 14:28:02,450 [INFO] Extracted raw features: shape = (500, 295296)
2026-03-10 14:28:02,784 [INFO] Final feature shape: (500, 295296)
2026-03-10 14:28:03,302 [INFO]       chunk 6/10
2026-03-10 14:28:03,548 [INFO] Extracting features: batch 1/63
2026-03-10 14:28:06,449 [INFO] Extracting features: batch 11/63
2026-03-10 14:28:09,350 [INFO] Extracting features: batch 21/63
2026-03-10 14:28:12,247 [INFO] Extracting features: batch 31/63
2026-03-10 14:28:15,146 [INFO] Extracting features: batch 41/63
2026-03-10 14:28:18,046 [INFO] Extracting features: batch 51/63
2026-03-10 14:28:20,942 [INFO] Extracting features: batch 61/63
2026-03-10 14:28:21,875 [INFO] Extracted raw features: shape = (500, 295296)
2026-03-10 14:28:22,210 [INFO] Final feature shape: (500, 295296)
2026-03-10 14:28:23,003 [INFO] Extracting features: batch 1/63
2026-03-10 14:28:25,910 [INFO] Extracting features: batch 11/63
2026-03-10 14:28:28,806 [INFO] Extracting features: batch 21/63
2026-03-10 14:28:31,702 [INFO] Extracting features: batch 31/63
2026-03-10 14:28:34,599 [INFO] Extracting features: batch 41/63
2026-03-10 14:28:37,496 [INFO] Extracting features: batch 51/63
2026-03-10 14:28:40,394 [INFO] Extracting features: batch 61/63
2026-03-10 14:28:41,327 [INFO] Extracted raw features: shape = (500, 295296)
2026-03-10 14:28:41,661 [INFO] Final feature shape: (500, 295296)
2026-03-10 14:28:42,179 [INFO]       chunk 8/10
2026-03-10 14:28:42,446 [INFO] Extracting features: batch 1/63
2026-03-10 14:28:45,321 [INFO] Extracting features: batch 11/63
2026-03-10 14:28:48,218 [INFO] Extracting features: batch 21/63
2026-03-10 14:28:51,116 [INFO] Extracting features: batch 31/63
2026-03-10 14:28:54,013 [INFO] Extracting features: batch 41/63
2026-03-10 14:28:56,909 [INFO] Extracting features: batch 51/63
2026-03-10 14:28:59,806 [INFO] Extracting features: batch 61/63
2026-03-10 14:29:00,737 [INFO] Extracted raw features: shape = (500, 295296)
2026-03-10 14:29:01,070 [INFO] Final feature shape: (500, 295296)
2026-03-10 14:29:01,853 [INFO] Extracting features: batch 1/63
2026-03-10 14:29:04,726 [INFO] Extracting features: batch 11/63
2026-03-10 14:29:07,617 [INFO] Extracting features: batch 21/63
2026-03-10 14:29:10,517 [INFO] Extracting features: batch 31/63
2026-03-10 14:29:13,411 [INFO] Extracting features: batch 41/63
2026-03-10 14:29:16,307 [INFO] Extracting features: batch 51/63
2026-03-10 14:29:19,204 [INFO] Extracting features: batch 61/63
2026-03-10 14:29:20,136 [INFO] Extracted raw features: shape = (500, 295296)
2026-03-10 14:29:20,470 [INFO] Final feature shape: (500, 295296)
2026-03-10 14:29:20,986 [INFO]       chunk 10/10
2026-03-10 14:29:20,989 [INFO]     D_rr (156 Ko) et D_rq (3906 Ko) sauvegardés
2026-03-10 14:29:20,989 [INFO]     median_D_rr=5.367e+05  gamma_med=9.316e-07  feat_dim=295296
2026-03-10 14:29:21,183 [INFO]     gamma=     med  ρ=+0.3141  mono=0.468  τ=+0.6308  K_rq=0.5130
2026-03-10 14:29:21,367 [INFO]     gamma= 2.8e-05  ρ=+0.6081  mono=0.738  τ=+0.9539  K_rq=0.0014
2026-03-10 14:29:21,559 [INFO]     gamma= 1.0e-07  ρ=+0.3129  mono=0.464  τ=+0.6240  K_rq=0.9088
2026-03-10 14:29:21,749 [INFO]     gamma= 5.0e-07  ρ=+0.3135  mono=0.466  τ=+0.6264  K_rq=0.6725
2026-03-10 14:29:21,938 [INFO]     gamma= 1.0e-06  ρ=+0.3142  mono=0.469  τ=+0.6318  K_rq=0.4925
2026-03-10 14:29:22,127 [INFO]     gamma= 5.0e-06  ρ=+0.3276  mono=0.375  τ=+0.7042  K_rq=0.0604
2026-03-10 14:29:22,315 [INFO]     gamma= 1.0e-05  ρ=+0.4175  mono=0.623  τ=+0.9052  K_rq=0.0078
2026-03-10 14:29:22,500 [INFO]     gamma= 5.0e-05  ρ=+0.6033  mono=0.594  τ=+0.9084  K_rq=0.0010
2026-03-10 14:29:22,684 [INFO]     gamma= 1.0e-04  ρ=+0.6028  mono=0.394  τ=+0.8706  K_rq=0.0007
2026-03-10 14:29:22,864 [INFO]     gamma= 1.0e-03  ρ=+0.4898  mono=0.001  τ=+0.7465  K_rq=0.0001
dinov2_vitb14:  50%|█████     | 7/14 [24:00<23:59, 205.68s/layer]2026-03-10 14:29:22,962 [INFO] 
  Layer 7 — blocks.6
2026-03-10 14:29:22,962 [INFO] Loading backbone: dinov2_vitb14
Using cache found in /home/jnapolitano/.cache/torch/hub/facebookresearch_dinov2_main
2026-03-10 14:29:23,646 [INFO] using MLP layer as FFN
2026-03-10 14:29:24,384 [INFO]     Extraction anchor (200 images)...
2026-03-10 14:29:24,662 [INFO] Extracting features: batch 1/25
2026-03-10 14:29:27,533 [INFO] Extracting features: batch 11/25
2026-03-10 14:29:30,423 [INFO] Extracting features: batch 21/25
2026-03-10 14:29:31,974 [INFO] Extracted raw features: shape = (200, 295296)
2026-03-10 14:29:32,559 [INFO] Fitted scaler on Gram features: mean=7.75e-05, std=2.16e-03
2026-03-10 14:29:32,559 [INFO] Final feature shape: (200, 295296)
2026-03-10 14:29:32,657 [INFO]     Calcul D_rq par 10 chunks de 500 images...
2026-03-10 14:29:32,914 [INFO] Extracting features: batch 1/63
2026-03-10 14:29:35,774 [INFO] Extracting features: batch 11/63
2026-03-10 14:29:38,665 [INFO] Extracting features: batch 21/63
2026-03-10 14:29:41,556 [INFO] Extracting features: batch 31/63
2026-03-10 14:29:44,445 [INFO] Extracting features: batch 41/63
2026-03-10 14:29:47,332 [INFO] Extracting features: batch 51/63
2026-03-10 14:29:50,225 [INFO] Extracting features: batch 61/63
2026-03-10 14:29:51,155 [INFO] Extracted raw features: shape = (500, 295296)
2026-03-10 14:29:51,489 [INFO] Final feature shape: (500, 295296)
2026-03-10 14:29:52,268 [INFO] Extracting features: batch 1/63
2026-03-10 14:29:55,178 [INFO] Extracting features: batch 11/63
2026-03-10 14:29:58,066 [INFO] Extracting features: batch 21/63
2026-03-10 14:30:00,953 [INFO] Extracting features: batch 31/63
2026-03-10 14:30:03,843 [INFO] Extracting features: batch 41/63
2026-03-10 14:30:06,733 [INFO] Extracting features: batch 51/63
2026-03-10 14:30:09,626 [INFO] Extracting features: batch 61/63
2026-03-10 14:30:10,558 [INFO] Extracted raw features: shape = (500, 295296)
2026-03-10 14:30:10,892 [INFO] Final feature shape: (500, 295296)
2026-03-10 14:30:11,418 [INFO]       chunk 2/10
2026-03-10 14:30:11,675 [INFO] Extracting features: batch 1/63
2026-03-10 14:30:14,581 [INFO] Extracting features: batch 11/63
2026-03-10 14:30:17,472 [INFO] Extracting features: batch 21/63
2026-03-10 14:30:20,362 [INFO] Extracting features: batch 31/63
2026-03-10 14:30:23,252 [INFO] Extracting features: batch 41/63
2026-03-10 14:30:26,143 [INFO] Extracting features: batch 51/63
2026-03-10 14:30:29,034 [INFO] Extracting features: batch 61/63
2026-03-10 14:30:29,966 [INFO] Extracted raw features: shape = (500, 295296)
2026-03-10 14:30:30,300 [INFO] Final feature shape: (500, 295296)
2026-03-10 14:30:31,082 [INFO] Extracting features: batch 1/63
2026-03-10 14:30:33,992 [INFO] Extracting features: batch 11/63
2026-03-10 14:30:36,884 [INFO] Extracting features: batch 21/63
2026-03-10 14:30:39,776 [INFO] Extracting features: batch 31/63
2026-03-10 14:30:42,670 [INFO] Extracting features: batch 41/63
2026-03-10 14:30:45,561 [INFO] Extracting features: batch 51/63
2026-03-10 14:30:48,449 [INFO] Extracting features: batch 61/63
2026-03-10 14:30:49,380 [INFO] Extracted raw features: shape = (500, 295296)
2026-03-10 14:30:49,715 [INFO] Final feature shape: (500, 295296)
2026-03-10 14:30:50,239 [INFO]       chunk 4/10
2026-03-10 14:30:50,494 [INFO] Extracting features: batch 1/63
2026-03-10 14:30:53,398 [INFO] Extracting features: batch 11/63
2026-03-10 14:30:56,292 [INFO] Extracting features: batch 21/63
2026-03-10 14:30:59,185 [INFO] Extracting features: batch 31/63
2026-03-10 14:31:02,082 [INFO] Extracting features: batch 41/63
2026-03-10 14:31:04,979 [INFO] Extracting features: batch 51/63
2026-03-10 14:31:07,875 [INFO] Extracting features: batch 61/63
2026-03-10 14:31:08,809 [INFO] Extracted raw features: shape = (500, 295296)
2026-03-10 14:31:09,144 [INFO] Final feature shape: (500, 295296)
2026-03-10 14:31:09,916 [INFO] Extracting features: batch 1/63
2026-03-10 14:31:12,792 [INFO] Extracting features: batch 11/63
2026-03-10 14:31:15,686 [INFO] Extracting features: batch 21/63
2026-03-10 14:31:18,580 [INFO] Extracting features: batch 31/63
2026-03-10 14:31:21,475 [INFO] Extracting features: batch 41/63
2026-03-10 14:31:24,368 [INFO] Extracting features: batch 51/63
2026-03-10 14:31:27,262 [INFO] Extracting features: batch 61/63
2026-03-10 14:31:28,195 [INFO] Extracted raw features: shape = (500, 295296)
2026-03-10 14:31:28,531 [INFO] Final feature shape: (500, 295296)
2026-03-10 14:31:29,049 [INFO]       chunk 6/10
2026-03-10 14:31:29,296 [INFO] Extracting features: batch 1/63
2026-03-10 14:31:32,180 [INFO] Extracting features: batch 11/63
2026-03-10 14:31:35,069 [INFO] Extracting features: batch 21/63
2026-03-10 14:31:37,958 [INFO] Extracting features: batch 31/63
2026-03-10 14:31:40,847 [INFO] Extracting features: batch 41/63
2026-03-10 14:31:43,739 [INFO] Extracting features: batch 51/63
2026-03-10 14:31:46,625 [INFO] Extracting features: batch 61/63
2026-03-10 14:31:47,558 [INFO] Extracted raw features: shape = (500, 295296)
2026-03-10 14:31:47,892 [INFO] Final feature shape: (500, 295296)
2026-03-10 14:31:48,676 [INFO] Extracting features: batch 1/63
2026-03-10 14:31:51,558 [INFO] Extracting features: batch 11/63
2026-03-10 14:31:54,448 [INFO] Extracting features: batch 21/63
2026-03-10 14:31:57,332 [INFO] Extracting features: batch 31/63
2026-03-10 14:32:00,220 [INFO] Extracting features: batch 41/63
2026-03-10 14:32:03,108 [INFO] Extracting features: batch 51/63
2026-03-10 14:32:05,995 [INFO] Extracting features: batch 61/63
2026-03-10 14:32:06,928 [INFO] Extracted raw features: shape = (500, 295296)
2026-03-10 14:32:07,262 [INFO] Final feature shape: (500, 295296)
2026-03-10 14:32:07,790 [INFO]       chunk 8/10
2026-03-10 14:32:08,071 [INFO] Extracting features: batch 1/63
2026-03-10 14:32:10,975 [INFO] Extracting features: batch 11/63
2026-03-10 14:32:13,870 [INFO] Extracting features: batch 21/63
2026-03-10 14:32:16,769 [INFO] Extracting features: batch 31/63
2026-03-10 14:32:19,665 [INFO] Extracting features: batch 41/63
2026-03-10 14:32:22,555 [INFO] Extracting features: batch 51/63
2026-03-10 14:32:25,452 [INFO] Extracting features: batch 61/63
2026-03-10 14:32:26,386 [INFO] Extracted raw features: shape = (500, 295296)
2026-03-10 14:32:26,721 [INFO] Final feature shape: (500, 295296)
2026-03-10 14:32:27,479 [INFO] Extracting features: batch 1/63
2026-03-10 14:32:30,382 [INFO] Extracting features: batch 11/63
2026-03-10 14:32:33,279 [INFO] Extracting features: batch 21/63
2026-03-10 14:32:36,173 [INFO] Extracting features: batch 31/63
2026-03-10 14:32:39,068 [INFO] Extracting features: batch 41/63
2026-03-10 14:32:41,961 [INFO] Extracting features: batch 51/63
2026-03-10 14:32:44,854 [INFO] Extracting features: batch 61/63
2026-03-10 14:32:45,787 [INFO] Extracted raw features: shape = (500, 295296)
2026-03-10 14:32:46,120 [INFO] Final feature shape: (500, 295296)
2026-03-10 14:32:46,647 [INFO]       chunk 10/10
2026-03-10 14:32:46,650 [INFO]     D_rr (156 Ko) et D_rq (3906 Ko) sauvegardés
2026-03-10 14:32:46,652 [INFO]     median_D_rr=5.329e+05  gamma_med=9.383e-07  feat_dim=295296
2026-03-10 14:32:46,845 [INFO]     gamma=     med  ρ=+0.2193  mono=0.301  τ=+0.3982  K_rq=0.5353
2026-03-10 14:32:47,028 [INFO]     gamma= 2.8e-05  ρ=+0.6093  mono=0.766  τ=+0.9620  K_rq=0.0017
2026-03-10 14:32:47,219 [INFO]     gamma= 1.0e-07  ρ=+0.2175  mono=0.296  τ=+0.3887  K_rq=0.9249
2026-03-10 14:32:47,408 [INFO]     gamma= 5.0e-07  ρ=+0.2183  mono=0.298  τ=+0.3922  K_rq=0.7003
2026-03-10 14:32:47,603 [INFO]     gamma= 1.0e-06  ρ=+0.2194  mono=0.302  τ=+0.3986  K_rq=0.5164
2026-03-10 14:32:47,792 [INFO]     gamma= 5.0e-06  ρ=+0.2348  mono=0.334  τ=+0.4939  K_rq=0.0680
2026-03-10 14:32:47,979 [INFO]     gamma= 1.0e-05  ρ=+0.3300  mono=0.499  τ=+0.8412  K_rq=0.0094
2026-03-10 14:32:48,162 [INFO]     gamma= 5.0e-05  ρ=+0.6117  mono=0.690  τ=+0.9428  K_rq=0.0013
2026-03-10 14:32:48,345 [INFO]     gamma= 1.0e-04  ρ=+0.6055  mono=0.510  τ=+0.8933  K_rq=0.0009
2026-03-10 14:32:48,526 [INFO]     gamma= 1.0e-03  ρ=+0.4991  mono=0.059  τ=+0.7986  K_rq=0.0002
dinov2_vitb14:  57%|█████▋    | 8/14 [27:26<20:34, 205.67s/layer]2026-03-10 14:32:48,627 [INFO] 
  Layer 8 — blocks.7
2026-03-10 14:32:48,627 [INFO] Loading backbone: dinov2_vitb14
Using cache found in /home/jnapolitano/.cache/torch/hub/facebookresearch_dinov2_main
2026-03-10 14:32:48,734 [INFO] using MLP layer as FFN
2026-03-10 14:32:49,483 [INFO]     Extraction anchor (200 images)...
2026-03-10 14:32:49,756 [INFO] Extracting features: batch 1/25
2026-03-10 14:32:52,626 [INFO] Extracting features: batch 11/25
2026-03-10 14:32:55,514 [INFO] Extracting features: batch 21/25
2026-03-10 14:32:57,068 [INFO] Extracted raw features: shape = (200, 295296)
2026-03-10 14:32:57,628 [INFO] Fitted scaler on Gram features: mean=2.62e-04, std=5.12e-03
2026-03-10 14:32:57,628 [INFO] Final feature shape: (200, 295296)
2026-03-10 14:32:57,728 [INFO]     Calcul D_rq par 10 chunks de 500 images...
2026-03-10 14:32:57,995 [INFO] Extracting features: batch 1/63
2026-03-10 14:33:00,861 [INFO] Extracting features: batch 11/63
2026-03-10 14:33:03,753 [INFO] Extracting features: batch 21/63
2026-03-10 14:33:06,642 [INFO] Extracting features: batch 31/63
2026-03-10 14:33:09,533 [INFO] Extracting features: batch 41/63
2026-03-10 14:33:12,423 [INFO] Extracting features: batch 51/63
2026-03-10 14:33:15,314 [INFO] Extracting features: batch 61/63
2026-03-10 14:33:16,246 [INFO] Extracted raw features: shape = (500, 295296)
2026-03-10 14:33:16,586 [INFO] Final feature shape: (500, 295296)
2026-03-10 14:33:17,372 [INFO] Extracting features: batch 1/63
2026-03-10 14:33:20,244 [INFO] Extracting features: batch 11/63
2026-03-10 14:33:23,138 [INFO] Extracting features: batch 21/63
2026-03-10 14:33:26,035 [INFO] Extracting features: batch 31/63
2026-03-10 14:33:28,928 [INFO] Extracting features: batch 41/63
2026-03-10 14:33:31,822 [INFO] Extracting features: batch 51/63
2026-03-10 14:33:34,716 [INFO] Extracting features: batch 61/63
2026-03-10 14:33:35,652 [INFO] Extracted raw features: shape = (500, 295296)
2026-03-10 14:33:35,996 [INFO] Final feature shape: (500, 295296)
2026-03-10 14:33:36,537 [INFO]       chunk 2/10
2026-03-10 14:33:36,798 [INFO] Extracting features: batch 1/63
2026-03-10 14:33:39,719 [INFO] Extracting features: batch 11/63
2026-03-10 14:33:42,616 [INFO] Extracting features: batch 21/63
2026-03-10 14:33:45,513 [INFO] Extracting features: batch 31/63
2026-03-10 14:33:48,407 [INFO] Extracting features: batch 41/63
2026-03-10 14:33:51,301 [INFO] Extracting features: batch 51/63
2026-03-10 14:33:54,198 [INFO] Extracting features: batch 61/63
2026-03-10 14:33:55,129 [INFO] Extracted raw features: shape = (500, 295296)
2026-03-10 14:33:55,463 [INFO] Final feature shape: (500, 295296)
2026-03-10 14:33:56,233 [INFO] Extracting features: batch 1/63
2026-03-10 14:33:59,140 [INFO] Extracting features: batch 11/63
2026-03-10 14:34:02,037 [INFO] Extracting features: batch 21/63
2026-03-10 14:34:04,931 [INFO] Extracting features: batch 31/63
2026-03-10 14:34:07,832 [INFO] Extracting features: batch 41/63
2026-03-10 14:34:10,732 [INFO] Extracting features: batch 51/63
2026-03-10 14:34:13,627 [INFO] Extracting features: batch 61/63
2026-03-10 14:34:14,559 [INFO] Extracted raw features: shape = (500, 295296)
2026-03-10 14:34:14,894 [INFO] Final feature shape: (500, 295296)
2026-03-10 14:34:15,427 [INFO]       chunk 4/10
2026-03-10 14:34:15,694 [INFO] Extracting features: batch 1/63
2026-03-10 14:34:18,598 [INFO] Extracting features: batch 11/63
2026-03-10 14:34:21,494 [INFO] Extracting features: batch 21/63
2026-03-10 14:34:24,391 [INFO] Extracting features: batch 31/63
2026-03-10 14:34:27,287 [INFO] Extracting features: batch 41/63
2026-03-10 14:34:30,184 [INFO] Extracting features: batch 51/63
2026-03-10 14:34:33,083 [INFO] Extracting features: batch 61/63
2026-03-10 14:34:34,015 [INFO] Extracted raw features: shape = (500, 295296)
2026-03-10 14:34:34,350 [INFO] Final feature shape: (500, 295296)
2026-03-10 14:34:35,158 [INFO] Extracting features: batch 1/63
2026-03-10 14:34:38,038 [INFO] Extracting features: batch 11/63
2026-03-10 14:34:40,938 [INFO] Extracting features: batch 21/63
2026-03-10 14:34:43,837 [INFO] Extracting features: batch 31/63
2026-03-10 14:34:46,733 [INFO] Extracting features: batch 41/63
2026-03-10 14:34:49,628 [INFO] Extracting features: batch 51/63
2026-03-10 14:34:52,525 [INFO] Extracting features: batch 61/63
2026-03-10 14:34:53,458 [INFO] Extracted raw features: shape = (500, 295296)
2026-03-10 14:34:53,793 [INFO] Final feature shape: (500, 295296)
2026-03-10 14:34:54,310 [INFO]       chunk 6/10
2026-03-10 14:34:54,554 [INFO] Extracting features: batch 1/63
2026-03-10 14:34:57,433 [INFO] Extracting features: batch 11/63
2026-03-10 14:35:00,333 [INFO] Extracting features: batch 21/63
2026-03-10 14:35:03,231 [INFO] Extracting features: batch 31/63
2026-03-10 14:35:06,131 [INFO] Extracting features: batch 41/63
2026-03-10 14:35:09,029 [INFO] Extracting features: batch 51/63
2026-03-10 14:35:11,925 [INFO] Extracting features: batch 61/63
2026-03-10 14:35:12,856 [INFO] Extracted raw features: shape = (500, 295296)
2026-03-10 14:35:13,190 [INFO] Final feature shape: (500, 295296)
2026-03-10 14:35:13,987 [INFO] Extracting features: batch 1/63
2026-03-10 14:35:16,898 [INFO] Extracting features: batch 11/63
2026-03-10 14:35:19,794 [INFO] Extracting features: batch 21/63
2026-03-10 14:35:22,691 [INFO] Extracting features: batch 31/63
2026-03-10 14:35:25,590 [INFO] Extracting features: batch 41/63
2026-03-10 14:35:28,486 [INFO] Extracting features: batch 51/63
2026-03-10 14:35:31,384 [INFO] Extracting features: batch 61/63
2026-03-10 14:35:32,317 [INFO] Extracted raw features: shape = (500, 295296)
2026-03-10 14:35:32,651 [INFO] Final feature shape: (500, 295296)
2026-03-10 14:35:33,165 [INFO]       chunk 8/10
2026-03-10 14:35:33,437 [INFO] Extracting features: batch 1/63
2026-03-10 14:35:36,314 [INFO] Extracting features: batch 11/63
2026-03-10 14:35:39,214 [INFO] Extracting features: batch 21/63
2026-03-10 14:35:42,115 [INFO] Extracting features: batch 31/63
2026-03-10 14:35:45,014 [INFO] Extracting features: batch 41/63
2026-03-10 14:35:47,914 [INFO] Extracting features: batch 51/63
2026-03-10 14:35:50,812 [INFO] Extracting features: batch 61/63
2026-03-10 14:35:51,743 [INFO] Extracted raw features: shape = (500, 295296)
2026-03-10 14:35:52,077 [INFO] Final feature shape: (500, 295296)
2026-03-10 14:35:52,856 [INFO] Extracting features: batch 1/63
2026-03-10 14:35:55,734 [INFO] Extracting features: batch 11/63
2026-03-10 14:35:58,630 [INFO] Extracting features: batch 21/63
2026-03-10 14:36:01,528 [INFO] Extracting features: batch 31/63
2026-03-10 14:36:04,425 [INFO] Extracting features: batch 41/63
2026-03-10 14:36:07,322 [INFO] Extracting features: batch 51/63
2026-03-10 14:36:10,219 [INFO] Extracting features: batch 61/63
2026-03-10 14:36:11,151 [INFO] Extracted raw features: shape = (500, 295296)
2026-03-10 14:36:11,484 [INFO] Final feature shape: (500, 295296)
2026-03-10 14:36:12,010 [INFO]       chunk 10/10
2026-03-10 14:36:12,012 [INFO]     D_rr (156 Ko) et D_rq (3906 Ko) sauvegardés
2026-03-10 14:36:12,013 [INFO]     median_D_rr=5.500e+05  gamma_med=9.091e-07  feat_dim=295296
2026-03-10 14:36:12,207 [INFO]     gamma=     med  ρ=+0.1957  mono=0.301  τ=+0.2856  K_rq=0.5460
2026-03-10 14:36:12,390 [INFO]     gamma= 2.8e-05  ρ=+0.6131  mono=0.775  τ=+0.9711  K_rq=0.0019
2026-03-10 14:36:12,578 [INFO]     gamma= 1.0e-07  ρ=+0.1941  mono=0.297  τ=+0.2750  K_rq=0.9256
2026-03-10 14:36:12,767 [INFO]     gamma= 5.0e-07  ρ=+0.1949  mono=0.300  τ=+0.2806  K_rq=0.7027
2026-03-10 14:36:12,960 [INFO]     gamma= 1.0e-06  ρ=+0.1959  mono=0.301  τ=+0.2862  K_rq=0.5174
2026-03-10 14:36:13,152 [INFO]     gamma= 5.0e-06  ρ=+0.2124  mono=0.345  τ=+0.3934  K_rq=0.0650
2026-03-10 14:36:13,342 [INFO]     gamma= 1.0e-05  ρ=+0.3190  mono=0.513  τ=+0.8169  K_rq=0.0089
2026-03-10 14:36:13,528 [INFO]     gamma= 5.0e-05  ρ=+0.6150  mono=0.719  τ=+0.9542  K_rq=0.0015
2026-03-10 14:36:13,711 [INFO]     gamma= 1.0e-04  ρ=+0.6075  mono=0.570  τ=+0.9121  K_rq=0.0011
2026-03-10 14:36:13,899 [INFO]     gamma= 1.0e-03  ρ=+0.5034  mono=0.112  τ=+0.8228  K_rq=0.0003
dinov2_vitb14:  64%|██████▍   | 9/14 [30:51<17:07, 205.58s/layer]2026-03-10 14:36:13,999 [INFO] 
  Layer 9 — blocks.8
2026-03-10 14:36:13,999 [INFO] Loading backbone: dinov2_vitb14
Using cache found in /home/jnapolitano/.cache/torch/hub/facebookresearch_dinov2_main
2026-03-10 14:36:14,680 [INFO] using MLP layer as FFN
2026-03-10 14:36:15,418 [INFO]     Extraction anchor (200 images)...
2026-03-10 14:36:15,684 [INFO] Extracting features: batch 1/25
2026-03-10 14:36:18,553 [INFO] Extracting features: batch 11/25
2026-03-10 14:36:21,440 [INFO] Extracting features: batch 21/25
2026-03-10 14:36:22,992 [INFO] Extracted raw features: shape = (200, 295296)
2026-03-10 14:36:23,557 [INFO] Fitted scaler on Gram features: mean=2.00e-03, std=1.56e-02
2026-03-10 14:36:23,557 [INFO] Final feature shape: (200, 295296)
2026-03-10 14:36:23,665 [INFO]     Calcul D_rq par 10 chunks de 500 images...
2026-03-10 14:36:23,925 [INFO] Extracting features: batch 1/63
2026-03-10 14:36:26,791 [INFO] Extracting features: batch 11/63
2026-03-10 14:36:29,680 [INFO] Extracting features: batch 21/63
2026-03-10 14:36:32,569 [INFO] Extracting features: batch 31/63
2026-03-10 14:36:35,457 [INFO] Extracting features: batch 41/63
2026-03-10 14:36:38,347 [INFO] Extracting features: batch 51/63
2026-03-10 14:36:41,237 [INFO] Extracting features: batch 61/63
2026-03-10 14:36:42,169 [INFO] Extracted raw features: shape = (500, 295296)
2026-03-10 14:36:42,502 [INFO] Final feature shape: (500, 295296)
2026-03-10 14:36:43,267 [INFO] Extracting features: batch 1/63
2026-03-10 14:36:46,137 [INFO] Extracting features: batch 11/63
2026-03-10 14:36:49,027 [INFO] Extracting features: batch 21/63
2026-03-10 14:36:51,919 [INFO] Extracting features: batch 31/63
2026-03-10 14:36:54,813 [INFO] Extracting features: batch 41/63
2026-03-10 14:36:57,704 [INFO] Extracting features: batch 51/63
2026-03-10 14:37:00,593 [INFO] Extracting features: batch 61/63
2026-03-10 14:37:01,525 [INFO] Extracted raw features: shape = (500, 295296)
2026-03-10 14:37:01,859 [INFO] Final feature shape: (500, 295296)
2026-03-10 14:37:02,383 [INFO]       chunk 2/10
2026-03-10 14:37:02,633 [INFO] Extracting features: batch 1/63
2026-03-10 14:37:05,507 [INFO] Extracting features: batch 11/63
2026-03-10 14:37:08,400 [INFO] Extracting features: batch 21/63
2026-03-10 14:37:11,295 [INFO] Extracting features: batch 31/63
2026-03-10 14:37:14,189 [INFO] Extracting features: batch 41/63
2026-03-10 14:37:17,085 [INFO] Extracting features: batch 51/63
2026-03-10 14:37:19,978 [INFO] Extracting features: batch 61/63
2026-03-10 14:37:20,911 [INFO] Extracted raw features: shape = (500, 295296)
2026-03-10 14:37:21,245 [INFO] Final feature shape: (500, 295296)
2026-03-10 14:37:22,029 [INFO] Extracting features: batch 1/63
2026-03-10 14:37:24,904 [INFO] Extracting features: batch 11/63
2026-03-10 14:37:27,798 [INFO] Extracting features: batch 21/63
2026-03-10 14:37:30,693 [INFO] Extracting features: batch 31/63
2026-03-10 14:37:33,589 [INFO] Extracting features: batch 41/63
2026-03-10 14:37:36,484 [INFO] Extracting features: batch 51/63
2026-03-10 14:37:39,374 [INFO] Extracting features: batch 61/63
2026-03-10 14:37:40,307 [INFO] Extracted raw features: shape = (500, 295296)
2026-03-10 14:37:40,641 [INFO] Final feature shape: (500, 295296)
2026-03-10 14:37:41,164 [INFO]       chunk 4/10
2026-03-10 14:37:41,424 [INFO] Extracting features: batch 1/63
2026-03-10 14:37:44,301 [INFO] Extracting features: batch 11/63
2026-03-10 14:37:47,195 [INFO] Extracting features: batch 21/63
2026-03-10 14:37:50,088 [INFO] Extracting features: batch 31/63
2026-03-10 14:37:52,980 [INFO] Extracting features: batch 41/63
2026-03-10 14:37:55,877 [INFO] Extracting features: batch 51/63
2026-03-10 14:37:58,771 [INFO] Extracting features: batch 61/63
2026-03-10 14:37:59,702 [INFO] Extracted raw features: shape = (500, 295296)
2026-03-10 14:38:00,039 [INFO] Final feature shape: (500, 295296)
2026-03-10 14:38:00,813 [INFO] Extracting features: batch 1/63
2026-03-10 14:38:03,689 [INFO] Extracting features: batch 11/63
2026-03-10 14:38:06,582 [INFO] Extracting features: batch 21/63
2026-03-10 14:38:09,478 [INFO] Extracting features: batch 31/63
2026-03-10 14:38:12,374 [INFO] Extracting features: batch 41/63
2026-03-10 14:38:15,270 [INFO] Extracting features: batch 51/63
2026-03-10 14:38:18,166 [INFO] Extracting features: batch 61/63
2026-03-10 14:38:19,097 [INFO] Extracted raw features: shape = (500, 295296)
2026-03-10 14:38:19,432 [INFO] Final feature shape: (500, 295296)
2026-03-10 14:38:19,964 [INFO]       chunk 6/10
2026-03-10 14:38:20,214 [INFO] Extracting features: batch 1/63
2026-03-10 14:38:23,097 [INFO] Extracting features: batch 11/63
2026-03-10 14:38:25,999 [INFO] Extracting features: batch 21/63
2026-03-10 14:38:28,899 [INFO] Extracting features: batch 31/63
2026-03-10 14:38:31,794 [INFO] Extracting features: batch 41/63
2026-03-10 14:38:34,693 [INFO] Extracting features: batch 51/63
2026-03-10 14:38:37,589 [INFO] Extracting features: batch 61/63
2026-03-10 14:38:38,521 [INFO] Extracted raw features: shape = (500, 295296)
2026-03-10 14:38:38,855 [INFO] Final feature shape: (500, 295296)
2026-03-10 14:38:39,624 [INFO] Extracting features: batch 1/63
2026-03-10 14:38:42,497 [INFO] Extracting features: batch 11/63
2026-03-10 14:38:45,390 [INFO] Extracting features: batch 21/63
2026-03-10 14:38:48,284 [INFO] Extracting features: batch 31/63
2026-03-10 14:38:51,178 [INFO] Extracting features: batch 41/63
2026-03-10 14:38:54,073 [INFO] Extracting features: batch 51/63
2026-03-10 14:38:56,966 [INFO] Extracting features: batch 61/63
2026-03-10 14:38:57,900 [INFO] Extracted raw features: shape = (500, 295296)
2026-03-10 14:38:58,233 [INFO] Final feature shape: (500, 295296)
2026-03-10 14:38:58,752 [INFO]       chunk 8/10
2026-03-10 14:38:59,020 [INFO] Extracting features: batch 1/63
2026-03-10 14:39:01,897 [INFO] Extracting features: batch 11/63
2026-03-10 14:39:04,794 [INFO] Extracting features: batch 21/63
2026-03-10 14:39:07,687 [INFO] Extracting features: batch 31/63
2026-03-10 14:39:10,583 [INFO] Extracting features: batch 41/63
2026-03-10 14:39:13,478 [INFO] Extracting features: batch 51/63
2026-03-10 14:39:16,370 [INFO] Extracting features: batch 61/63
2026-03-10 14:39:17,303 [INFO] Extracted raw features: shape = (500, 295296)
2026-03-10 14:39:17,637 [INFO] Final feature shape: (500, 295296)
2026-03-10 14:39:18,397 [INFO] Extracting features: batch 1/63
2026-03-10 14:39:21,275 [INFO] Extracting features: batch 11/63
2026-03-10 14:39:24,172 [INFO] Extracting features: batch 21/63
2026-03-10 14:39:27,070 [INFO] Extracting features: batch 31/63
2026-03-10 14:39:29,965 [INFO] Extracting features: batch 41/63
2026-03-10 14:39:32,863 [INFO] Extracting features: batch 51/63
2026-03-10 14:39:35,757 [INFO] Extracting features: batch 61/63
2026-03-10 14:39:36,692 [INFO] Extracted raw features: shape = (500, 295296)
2026-03-10 14:39:37,025 [INFO] Final feature shape: (500, 295296)
2026-03-10 14:39:37,559 [INFO]       chunk 10/10
2026-03-10 14:39:37,562 [INFO]     D_rr (156 Ko) et D_rq (3906 Ko) sauvegardés
2026-03-10 14:39:37,564 [INFO]     median_D_rr=5.508e+05  gamma_med=9.079e-07  feat_dim=295296
2026-03-10 14:39:37,758 [INFO]     gamma=     med  ρ=+0.1440  mono=0.160  τ=+0.0546  K_rq=0.5599
2026-03-10 14:39:37,944 [INFO]     gamma= 2.8e-05  ρ=+0.6126  mono=0.769  τ=+0.9772  K_rq=0.0021
2026-03-10 14:39:38,137 [INFO]     gamma= 1.0e-07  ρ=+0.1420  mono=0.156  τ=+0.0452  K_rq=0.9305
2026-03-10 14:39:38,330 [INFO]     gamma= 5.0e-07  ρ=+0.1430  mono=0.159  τ=+0.0506  K_rq=0.7156
2026-03-10 14:39:38,518 [INFO]     gamma= 1.0e-06  ρ=+0.1442  mono=0.162  τ=+0.0558  K_rq=0.5307
2026-03-10 14:39:38,705 [INFO]     gamma= 5.0e-06  ρ=+0.1610  mono=0.202  τ=+0.1402  K_rq=0.0683
2026-03-10 14:39:38,895 [INFO]     gamma= 1.0e-05  ρ=+0.2675  mono=0.483  τ=+0.6328  K_rq=0.0097
2026-03-10 14:39:39,078 [INFO]     gamma= 5.0e-05  ρ=+0.6124  mono=0.740  τ=+0.9573  K_rq=0.0016
2026-03-10 14:39:39,262 [INFO]     gamma= 1.0e-04  ρ=+0.6095  mono=0.614  τ=+0.9260  K_rq=0.0011
2026-03-10 14:39:39,443 [INFO]     gamma= 1.0e-03  ρ=+0.5105  mono=0.131  τ=+0.8274  K_rq=0.0003
dinov2_vitb14:  71%|███████▏  | 10/14 [34:17<13:42, 205.57s/layer]2026-03-10 14:39:39,550 [INFO] 
  Layer 10 — blocks.9
2026-03-10 14:39:39,550 [INFO] Loading backbone: dinov2_vitb14
Using cache found in /home/jnapolitano/.cache/torch/hub/facebookresearch_dinov2_main
2026-03-10 14:39:39,658 [INFO] using MLP layer as FFN
2026-03-10 14:39:40,393 [INFO]     Extraction anchor (200 images)...
2026-03-10 14:39:40,651 [INFO] Extracting features: batch 1/25
2026-03-10 14:39:43,524 [INFO] Extracting features: batch 11/25
2026-03-10 14:39:46,414 [INFO] Extracting features: batch 21/25
2026-03-10 14:39:47,965 [INFO] Extracted raw features: shape = (200, 295296)
2026-03-10 14:39:48,527 [INFO] Fitted scaler on Gram features: mean=3.63e-03, std=4.48e-02
2026-03-10 14:39:48,527 [INFO] Final feature shape: (200, 295296)
2026-03-10 14:39:48,637 [INFO]     Calcul D_rq par 10 chunks de 500 images...
2026-03-10 14:39:48,897 [INFO] Extracting features: batch 1/63
2026-03-10 14:39:51,764 [INFO] Extracting features: batch 11/63
2026-03-10 14:39:54,657 [INFO] Extracting features: batch 21/63
2026-03-10 14:39:57,546 [INFO] Extracting features: batch 31/63
2026-03-10 14:40:00,437 [INFO] Extracting features: batch 41/63
2026-03-10 14:40:03,325 [INFO] Extracting features: batch 51/63
2026-03-10 14:40:06,216 [INFO] Extracting features: batch 61/63
2026-03-10 14:40:07,147 [INFO] Extracted raw features: shape = (500, 295296)
2026-03-10 14:40:07,481 [INFO] Final feature shape: (500, 295296)
2026-03-10 14:40:08,280 [INFO] Extracting features: batch 1/63
2026-03-10 14:40:11,190 [INFO] Extracting features: batch 11/63
2026-03-10 14:40:14,079 [INFO] Extracting features: batch 21/63
2026-03-10 14:40:16,973 [INFO] Extracting features: batch 31/63
2026-03-10 14:40:19,864 [INFO] Extracting features: batch 41/63
2026-03-10 14:40:22,758 [INFO] Extracting features: batch 51/63
2026-03-10 14:40:25,654 [INFO] Extracting features: batch 61/63
2026-03-10 14:40:26,587 [INFO] Extracted raw features: shape = (500, 295296)
2026-03-10 14:40:26,922 [INFO] Final feature shape: (500, 295296)
2026-03-10 14:40:27,452 [INFO]       chunk 2/10
2026-03-10 14:40:27,707 [INFO] Extracting features: batch 1/63
2026-03-10 14:40:30,610 [INFO] Extracting features: batch 11/63
2026-03-10 14:40:33,503 [INFO] Extracting features: batch 21/63
2026-03-10 14:40:36,395 [INFO] Extracting features: batch 31/63
2026-03-10 14:40:39,290 [INFO] Extracting features: batch 41/63
2026-03-10 14:40:42,187 [INFO] Extracting features: batch 51/63
2026-03-10 14:40:45,086 [INFO] Extracting features: batch 61/63
2026-03-10 14:40:46,018 [INFO] Extracted raw features: shape = (500, 295296)
2026-03-10 14:40:46,351 [INFO] Final feature shape: (500, 295296)
2026-03-10 14:40:47,132 [INFO] Extracting features: batch 1/63
2026-03-10 14:40:50,009 [INFO] Extracting features: batch 11/63
2026-03-10 14:40:52,905 [INFO] Extracting features: batch 21/63
2026-03-10 14:40:55,801 [INFO] Extracting features: batch 31/63
2026-03-10 14:40:58,698 [INFO] Extracting features: batch 41/63
2026-03-10 14:41:01,594 [INFO] Extracting features: batch 51/63
2026-03-10 14:41:04,491 [INFO] Extracting features: batch 61/63
2026-03-10 14:41:05,422 [INFO] Extracted raw features: shape = (500, 295296)
2026-03-10 14:41:05,756 [INFO] Final feature shape: (500, 295296)
2026-03-10 14:41:06,286 [INFO]       chunk 4/10
2026-03-10 14:41:06,552 [INFO] Extracting features: batch 1/63
2026-03-10 14:41:09,429 [INFO] Extracting features: batch 11/63
2026-03-10 14:41:12,325 [INFO] Extracting features: batch 21/63
2026-03-10 14:41:15,221 [INFO] Extracting features: batch 31/63
2026-03-10 14:41:18,118 [INFO] Extracting features: batch 41/63
2026-03-10 14:41:21,016 [INFO] Extracting features: batch 51/63
2026-03-10 14:41:23,913 [INFO] Extracting features: batch 61/63
2026-03-10 14:41:24,845 [INFO] Extracted raw features: shape = (500, 295296)
2026-03-10 14:41:25,179 [INFO] Final feature shape: (500, 295296)
2026-03-10 14:41:25,942 [INFO] Extracting features: batch 1/63
2026-03-10 14:41:28,815 [INFO] Extracting features: batch 11/63
2026-03-10 14:41:31,713 [INFO] Extracting features: batch 21/63
2026-03-10 14:41:34,612 [INFO] Extracting features: batch 31/63
2026-03-10 14:41:37,509 [INFO] Extracting features: batch 41/63
2026-03-10 14:41:40,405 [INFO] Extracting features: batch 51/63
2026-03-10 14:41:43,303 [INFO] Extracting features: batch 61/63
2026-03-10 14:41:44,234 [INFO] Extracted raw features: shape = (500, 295296)
2026-03-10 14:41:44,570 [INFO] Final feature shape: (500, 295296)
2026-03-10 14:41:45,083 [INFO]       chunk 6/10
2026-03-10 14:41:45,328 [INFO] Extracting features: batch 1/63
2026-03-10 14:41:48,206 [INFO] Extracting features: batch 11/63
2026-03-10 14:41:51,103 [INFO] Extracting features: batch 21/63
2026-03-10 14:41:54,000 [INFO] Extracting features: batch 31/63
2026-03-10 14:41:56,899 [INFO] Extracting features: batch 41/63
2026-03-10 14:41:59,799 [INFO] Extracting features: batch 51/63
2026-03-10 14:42:02,698 [INFO] Extracting features: batch 61/63
2026-03-10 14:42:03,627 [INFO] Extracted raw features: shape = (500, 295296)
2026-03-10 14:42:03,961 [INFO] Final feature shape: (500, 295296)
2026-03-10 14:42:04,747 [INFO] Extracting features: batch 1/63
2026-03-10 14:42:07,623 [INFO] Extracting features: batch 11/63
2026-03-10 14:42:10,521 [INFO] Extracting features: batch 21/63
2026-03-10 14:42:13,419 [INFO] Extracting features: batch 31/63
2026-03-10 14:42:16,318 [INFO] Extracting features: batch 41/63
2026-03-10 14:42:19,215 [INFO] Extracting features: batch 51/63
2026-03-10 14:42:22,113 [INFO] Extracting features: batch 61/63
2026-03-10 14:42:23,048 [INFO] Extracted raw features: shape = (500, 295296)
2026-03-10 14:42:23,383 [INFO] Final feature shape: (500, 295296)
2026-03-10 14:42:23,912 [INFO]       chunk 8/10
2026-03-10 14:42:24,176 [INFO] Extracting features: batch 1/63
2026-03-10 14:42:27,058 [INFO] Extracting features: batch 11/63
2026-03-10 14:42:29,953 [INFO] Extracting features: batch 21/63
2026-03-10 14:42:32,853 [INFO] Extracting features: batch 31/63
2026-03-10 14:42:35,753 [INFO] Extracting features: batch 41/63
2026-03-10 14:42:38,652 [INFO] Extracting features: batch 51/63
2026-03-10 14:42:41,548 [INFO] Extracting features: batch 61/63
2026-03-10 14:42:42,478 [INFO] Extracted raw features: shape = (500, 295296)
2026-03-10 14:42:42,811 [INFO] Final feature shape: (500, 295296)
2026-03-10 14:42:43,592 [INFO] Extracting features: batch 1/63
2026-03-10 14:42:46,466 [INFO] Extracting features: batch 11/63
2026-03-10 14:42:49,361 [INFO] Extracting features: batch 21/63
2026-03-10 14:42:52,259 [INFO] Extracting features: batch 31/63
2026-03-10 14:42:55,156 [INFO] Extracting features: batch 41/63
2026-03-10 14:42:58,056 [INFO] Extracting features: batch 51/63
2026-03-10 14:43:00,953 [INFO] Extracting features: batch 61/63
2026-03-10 14:43:01,886 [INFO] Extracted raw features: shape = (500, 295296)
2026-03-10 14:43:02,220 [INFO] Final feature shape: (500, 295296)
2026-03-10 14:43:02,752 [INFO]       chunk 10/10
2026-03-10 14:43:02,754 [INFO]     D_rr (156 Ko) et D_rq (3906 Ko) sauvegardés
2026-03-10 14:43:02,755 [INFO]     median_D_rr=5.538e+05  gamma_med=9.029e-07  feat_dim=295296
2026-03-10 14:43:02,950 [INFO]     gamma=     med  ρ=+0.1267  mono=0.124  τ=-0.0417  K_rq=0.5704
2026-03-10 14:43:03,134 [INFO]     gamma= 2.8e-05  ρ=+0.6133  mono=0.794  τ=+0.9854  K_rq=0.0024
2026-03-10 14:43:03,325 [INFO]     gamma= 1.0e-07  ρ=+0.1251  mono=0.123  τ=-0.0492  K_rq=0.9356
2026-03-10 14:43:03,518 [INFO]     gamma= 5.0e-07  ρ=+0.1258  mono=0.123  τ=-0.0458  K_rq=0.7258
2026-03-10 14:43:03,707 [INFO]     gamma= 1.0e-06  ρ=+0.1269  mono=0.125  τ=-0.0409  K_rq=0.5392
2026-03-10 14:43:03,898 [INFO]     gamma= 5.0e-06  ρ=+0.1417  mono=0.149  τ=+0.0572  K_rq=0.0711
2026-03-10 14:43:04,086 [INFO]     gamma= 1.0e-05  ρ=+0.2371  mono=0.481  τ=+0.6098  K_rq=0.0106
2026-03-10 14:43:04,272 [INFO]     gamma= 5.0e-05  ρ=+0.6116  mono=0.780  τ=+0.9652  K_rq=0.0019
2026-03-10 14:43:04,459 [INFO]     gamma= 1.0e-04  ρ=+0.6136  mono=0.697  τ=+0.9473  K_rq=0.0014
2026-03-10 14:43:04,642 [INFO]     gamma= 1.0e-03  ρ=+0.5307  mono=0.174  τ=+0.8408  K_rq=0.0004
dinov2_vitb14:  79%|███████▊  | 11/14 [37:42<10:16, 205.45s/layer]2026-03-10 14:43:04,742 [INFO] 
  Layer 11 — blocks.10
2026-03-10 14:43:04,742 [INFO] Loading backbone: dinov2_vitb14
Using cache found in /home/jnapolitano/.cache/torch/hub/facebookresearch_dinov2_main
2026-03-10 14:43:05,545 [INFO] using MLP layer as FFN
2026-03-10 14:43:06,274 [INFO]     Extraction anchor (200 images)...
2026-03-10 14:43:06,554 [INFO] Extracting features: batch 1/25
2026-03-10 14:43:09,424 [INFO] Extracting features: batch 11/25
2026-03-10 14:43:12,316 [INFO] Extracting features: batch 21/25
2026-03-10 14:43:13,868 [INFO] Extracted raw features: shape = (200, 295296)
2026-03-10 14:43:14,429 [INFO] Fitted scaler on Gram features: mean=5.43e-03, std=1.54e-01
2026-03-10 14:43:14,429 [INFO] Final feature shape: (200, 295296)
2026-03-10 14:43:14,529 [INFO]     Calcul D_rq par 10 chunks de 500 images...
2026-03-10 14:43:14,784 [INFO] Extracting features: batch 1/63
2026-03-10 14:43:17,649 [INFO] Extracting features: batch 11/63
2026-03-10 14:43:20,537 [INFO] Extracting features: batch 21/63
2026-03-10 14:43:23,427 [INFO] Extracting features: batch 31/63
2026-03-10 14:43:26,316 [INFO] Extracting features: batch 41/63
2026-03-10 14:43:29,203 [INFO] Extracting features: batch 51/63
2026-03-10 14:43:32,093 [INFO] Extracting features: batch 61/63
2026-03-10 14:43:33,025 [INFO] Extracted raw features: shape = (500, 295296)
2026-03-10 14:43:33,359 [INFO] Final feature shape: (500, 295296)
2026-03-10 14:43:34,166 [INFO] Extracting features: batch 1/63
2026-03-10 14:43:37,034 [INFO] Extracting features: batch 11/63
2026-03-10 14:43:39,923 [INFO] Extracting features: batch 21/63
2026-03-10 14:43:42,815 [INFO] Extracting features: batch 31/63
2026-03-10 14:43:45,706 [INFO] Extracting features: batch 41/63
2026-03-10 14:43:48,595 [INFO] Extracting features: batch 51/63
2026-03-10 14:43:51,486 [INFO] Extracting features: batch 61/63
2026-03-10 14:43:52,419 [INFO] Extracted raw features: shape = (500, 295296)
2026-03-10 14:43:52,753 [INFO] Final feature shape: (500, 295296)
2026-03-10 14:43:53,281 [INFO]       chunk 2/10
2026-03-10 14:43:53,531 [INFO] Extracting features: batch 1/63
2026-03-10 14:43:56,406 [INFO] Extracting features: batch 11/63
2026-03-10 14:43:59,296 [INFO] Extracting features: batch 21/63
2026-03-10 14:44:02,186 [INFO] Extracting features: batch 31/63
2026-03-10 14:44:05,079 [INFO] Extracting features: batch 41/63
2026-03-10 14:44:07,974 [INFO] Extracting features: batch 51/63
2026-03-10 14:44:10,868 [INFO] Extracting features: batch 61/63
2026-03-10 14:44:11,800 [INFO] Extracted raw features: shape = (500, 295296)
2026-03-10 14:44:12,134 [INFO] Final feature shape: (500, 295296)
2026-03-10 14:44:12,906 [INFO] Extracting features: batch 1/63
2026-03-10 14:44:15,782 [INFO] Extracting features: batch 11/63
2026-03-10 14:44:18,676 [INFO] Extracting features: batch 21/63
2026-03-10 14:44:21,573 [INFO] Extracting features: batch 31/63
2026-03-10 14:44:24,465 [INFO] Extracting features: batch 41/63
2026-03-10 14:44:27,363 [INFO] Extracting features: batch 51/63
2026-03-10 14:44:30,255 [INFO] Extracting features: batch 61/63
2026-03-10 14:44:31,186 [INFO] Extracted raw features: shape = (500, 295296)
2026-03-10 14:44:31,520 [INFO] Final feature shape: (500, 295296)
2026-03-10 14:44:32,035 [INFO]       chunk 4/10
2026-03-10 14:44:32,295 [INFO] Extracting features: batch 1/63
2026-03-10 14:44:35,174 [INFO] Extracting features: batch 11/63
2026-03-10 14:44:38,070 [INFO] Extracting features: batch 21/63
2026-03-10 14:44:40,966 [INFO] Extracting features: batch 31/63
2026-03-10 14:44:43,862 [INFO] Extracting features: batch 41/63
2026-03-10 14:44:46,759 [INFO] Extracting features: batch 51/63
2026-03-10 14:44:49,656 [INFO] Extracting features: batch 61/63
2026-03-10 14:44:50,590 [INFO] Extracted raw features: shape = (500, 295296)
2026-03-10 14:44:50,944 [INFO] Final feature shape: (500, 295296)
2026-03-10 14:44:51,722 [INFO] Extracting features: batch 1/63
2026-03-10 14:44:54,602 [INFO] Extracting features: batch 11/63
2026-03-10 14:44:57,495 [INFO] Extracting features: batch 21/63
2026-03-10 14:45:00,396 [INFO] Extracting features: batch 31/63
2026-03-10 14:45:03,291 [INFO] Extracting features: batch 41/63
2026-03-10 14:45:06,188 [INFO] Extracting features: batch 51/63
2026-03-10 14:45:09,083 [INFO] Extracting features: batch 61/63
2026-03-10 14:45:10,014 [INFO] Extracted raw features: shape = (500, 295296)
2026-03-10 14:45:10,347 [INFO] Final feature shape: (500, 295296)
2026-03-10 14:45:10,875 [INFO]       chunk 6/10
2026-03-10 14:45:11,114 [INFO] Extracting features: batch 1/63
2026-03-10 14:45:13,990 [INFO] Extracting features: batch 11/63
2026-03-10 14:45:16,882 [INFO] Extracting features: batch 21/63
2026-03-10 14:45:19,779 [INFO] Extracting features: batch 31/63
2026-03-10 14:45:22,673 [INFO] Extracting features: batch 41/63
2026-03-10 14:45:25,566 [INFO] Extracting features: batch 51/63
2026-03-10 14:45:28,460 [INFO] Extracting features: batch 61/63
2026-03-10 14:45:29,391 [INFO] Extracted raw features: shape = (500, 295296)
2026-03-10 14:45:29,725 [INFO] Final feature shape: (500, 295296)
2026-03-10 14:45:30,497 [INFO] Extracting features: batch 1/63
2026-03-10 14:45:33,377 [INFO] Extracting features: batch 11/63
2026-03-10 14:45:36,272 [INFO] Extracting features: batch 21/63
2026-03-10 14:45:39,164 [INFO] Extracting features: batch 31/63
2026-03-10 14:45:42,059 [INFO] Extracting features: batch 41/63
2026-03-10 14:45:44,955 [INFO] Extracting features: batch 51/63
2026-03-10 14:45:47,850 [INFO] Extracting features: batch 61/63
2026-03-10 14:45:48,784 [INFO] Extracted raw features: shape = (500, 295296)
2026-03-10 14:45:49,118 [INFO] Final feature shape: (500, 295296)
2026-03-10 14:45:49,646 [INFO]       chunk 8/10
2026-03-10 14:45:49,917 [INFO] Extracting features: batch 1/63
2026-03-10 14:45:52,793 [INFO] Extracting features: batch 11/63
2026-03-10 14:45:55,690 [INFO] Extracting features: batch 21/63
2026-03-10 14:45:58,589 [INFO] Extracting features: batch 31/63
2026-03-10 14:46:01,486 [INFO] Extracting features: batch 41/63
2026-03-10 14:46:04,382 [INFO] Extracting features: batch 51/63
2026-03-10 14:46:07,279 [INFO] Extracting features: batch 61/63
2026-03-10 14:46:08,210 [INFO] Extracted raw features: shape = (500, 295296)
2026-03-10 14:46:08,544 [INFO] Final feature shape: (500, 295296)
2026-03-10 14:46:09,317 [INFO] Extracting features: batch 1/63
2026-03-10 14:46:12,197 [INFO] Extracting features: batch 11/63
2026-03-10 14:46:15,085 [INFO] Extracting features: batch 21/63
2026-03-10 14:46:17,984 [INFO] Extracting features: batch 31/63
2026-03-10 14:46:20,876 [INFO] Extracting features: batch 41/63
2026-03-10 14:46:23,772 [INFO] Extracting features: batch 51/63
2026-03-10 14:46:26,661 [INFO] Extracting features: batch 61/63
2026-03-10 14:46:27,594 [INFO] Extracted raw features: shape = (500, 295296)
2026-03-10 14:46:27,928 [INFO] Final feature shape: (500, 295296)
2026-03-10 14:46:28,444 [INFO]       chunk 10/10
2026-03-10 14:46:28,447 [INFO]     D_rr (156 Ko) et D_rq (3906 Ko) sauvegardés
2026-03-10 14:46:28,449 [INFO]     median_D_rr=5.450e+05  gamma_med=9.175e-07  feat_dim=295296
2026-03-10 14:46:28,644 [INFO]     gamma=     med  ρ=+0.1190  mono=0.119  τ=-0.0642  K_rq=0.5728
2026-03-10 14:46:28,827 [INFO]     gamma= 2.8e-05  ρ=+0.6117  mono=0.794  τ=+0.9873  K_rq=0.0026
2026-03-10 14:46:29,016 [INFO]     gamma= 1.0e-07  ρ=+0.1179  mono=0.118  τ=-0.0678  K_rq=0.9380
2026-03-10 14:46:29,205 [INFO]     gamma= 5.0e-07  ρ=+0.1184  mono=0.118  τ=-0.0654  K_rq=0.7325
2026-03-10 14:46:29,395 [INFO]     gamma= 1.0e-06  ρ=+0.1191  mono=0.119  τ=-0.0634  K_rq=0.5463
2026-03-10 14:46:29,585 [INFO]     gamma= 5.0e-06  ρ=+0.1314  mono=0.140  τ=+0.0088  K_rq=0.0732
2026-03-10 14:46:29,772 [INFO]     gamma= 1.0e-05  ρ=+0.2175  mono=0.437  τ=+0.5408  K_rq=0.0111
2026-03-10 14:46:29,954 [INFO]     gamma= 5.0e-05  ρ=+0.6100  mono=0.788  τ=+0.9698  K_rq=0.0021
2026-03-10 14:46:30,136 [INFO]     gamma= 1.0e-04  ρ=+0.6125  mono=0.747  τ=+0.9597  K_rq=0.0016
2026-03-10 14:46:30,317 [INFO]     gamma= 1.0e-03  ρ=+0.5528  mono=0.202  τ=+0.8426  K_rq=0.0005
dinov2_vitb14:  86%|████████▌ | 12/14 [41:08<06:51, 205.52s/layer]2026-03-10 14:46:30,417 [INFO] 
  Layer 12 — blocks.11
2026-03-10 14:46:30,417 [INFO] Loading backbone: dinov2_vitb14
Using cache found in /home/jnapolitano/.cache/torch/hub/facebookresearch_dinov2_main
2026-03-10 14:46:31,135 [INFO] using MLP layer as FFN
2026-03-10 14:46:31,865 [INFO]     Extraction anchor (200 images)...
2026-03-10 14:46:32,145 [INFO] Extracting features: batch 1/25
2026-03-10 14:46:35,013 [INFO] Extracting features: batch 11/25
2026-03-10 14:46:37,901 [INFO] Extracting features: batch 21/25
2026-03-10 14:46:39,453 [INFO] Extracted raw features: shape = (200, 295296)
2026-03-10 14:46:40,016 [INFO] Fitted scaler on Gram features: mean=1.22e-02, std=1.14e+00
2026-03-10 14:46:40,016 [INFO] Final feature shape: (200, 295296)
2026-03-10 14:46:40,119 [INFO]     Calcul D_rq par 10 chunks de 500 images...
2026-03-10 14:46:40,375 [INFO] Extracting features: batch 1/63
2026-03-10 14:46:43,244 [INFO] Extracting features: batch 11/63
2026-03-10 14:46:46,132 [INFO] Extracting features: batch 21/63
2026-03-10 14:46:49,025 [INFO] Extracting features: batch 31/63
2026-03-10 14:46:51,915 [INFO] Extracting features: batch 41/63
2026-03-10 14:46:54,804 [INFO] Extracting features: batch 51/63
2026-03-10 14:46:57,695 [INFO] Extracting features: batch 61/63
2026-03-10 14:46:58,627 [INFO] Extracted raw features: shape = (500, 295296)
2026-03-10 14:46:58,960 [INFO] Final feature shape: (500, 295296)
2026-03-10 14:46:59,742 [INFO] Extracting features: batch 1/63
2026-03-10 14:47:02,656 [INFO] Extracting features: batch 11/63
2026-03-10 14:47:05,548 [INFO] Extracting features: batch 21/63
2026-03-10 14:47:08,442 [INFO] Extracting features: batch 31/63
2026-03-10 14:47:11,333 [INFO] Extracting features: batch 41/63
2026-03-10 14:47:14,228 [INFO] Extracting features: batch 51/63
2026-03-10 14:47:17,122 [INFO] Extracting features: batch 61/63
2026-03-10 14:47:18,055 [INFO] Extracted raw features: shape = (500, 295296)
2026-03-10 14:47:18,390 [INFO] Final feature shape: (500, 295296)
2026-03-10 14:47:18,906 [INFO]       chunk 2/10
2026-03-10 14:47:19,159 [INFO] Extracting features: batch 1/63
2026-03-10 14:47:22,072 [INFO] Extracting features: batch 11/63
2026-03-10 14:47:24,967 [INFO] Extracting features: batch 21/63
2026-03-10 14:47:27,862 [INFO] Extracting features: batch 31/63
2026-03-10 14:47:30,757 [INFO] Extracting features: batch 41/63
2026-03-10 14:47:33,655 [INFO] Extracting features: batch 51/63
2026-03-10 14:47:36,551 [INFO] Extracting features: batch 61/63
2026-03-10 14:47:37,485 [INFO] Extracted raw features: shape = (500, 295296)
2026-03-10 14:47:37,818 [INFO] Final feature shape: (500, 295296)
2026-03-10 14:47:38,604 [INFO] Extracting features: batch 1/63
2026-03-10 14:47:41,479 [INFO] Extracting features: batch 11/63
2026-03-10 14:47:44,375 [INFO] Extracting features: batch 21/63
2026-03-10 14:47:47,272 [INFO] Extracting features: batch 31/63
2026-03-10 14:47:50,168 [INFO] Extracting features: batch 41/63
2026-03-10 14:47:53,066 [INFO] Extracting features: batch 51/63
2026-03-10 14:47:55,963 [INFO] Extracting features: batch 61/63
2026-03-10 14:47:56,895 [INFO] Extracted raw features: shape = (500, 295296)
2026-03-10 14:47:57,229 [INFO] Final feature shape: (500, 295296)
2026-03-10 14:47:57,762 [INFO]       chunk 4/10
2026-03-10 14:47:58,018 [INFO] Extracting features: batch 1/63
2026-03-10 14:48:00,896 [INFO] Extracting features: batch 11/63
2026-03-10 14:48:03,791 [INFO] Extracting features: batch 21/63
2026-03-10 14:48:06,685 [INFO] Extracting features: batch 31/63
2026-03-10 14:48:09,582 [INFO] Extracting features: batch 41/63
2026-03-10 14:48:12,481 [INFO] Extracting features: batch 51/63
2026-03-10 14:48:15,378 [INFO] Extracting features: batch 61/63
2026-03-10 14:48:16,312 [INFO] Extracted raw features: shape = (500, 295296)
2026-03-10 14:48:16,650 [INFO] Final feature shape: (500, 295296)
2026-03-10 14:48:17,442 [INFO] Extracting features: batch 1/63
2026-03-10 14:48:20,317 [INFO] Extracting features: batch 11/63
2026-03-10 14:48:23,213 [INFO] Extracting features: batch 21/63
2026-03-10 14:48:26,111 [INFO] Extracting features: batch 31/63
2026-03-10 14:48:29,011 [INFO] Extracting features: batch 41/63
2026-03-10 14:48:31,906 [INFO] Extracting features: batch 51/63
2026-03-10 14:48:34,802 [INFO] Extracting features: batch 61/63
2026-03-10 14:48:35,738 [INFO] Extracted raw features: shape = (500, 295296)
2026-03-10 14:48:36,071 [INFO] Final feature shape: (500, 295296)
2026-03-10 14:48:36,588 [INFO]       chunk 6/10
2026-03-10 14:48:36,830 [INFO] Extracting features: batch 1/63
2026-03-10 14:48:39,711 [INFO] Extracting features: batch 11/63
2026-03-10 14:48:42,607 [INFO] Extracting features: batch 21/63
2026-03-10 14:48:45,505 [INFO] Extracting features: batch 31/63
2026-03-10 14:48:48,400 [INFO] Extracting features: batch 41/63
2026-03-10 14:48:51,298 [INFO] Extracting features: batch 51/63
2026-03-10 14:48:54,196 [INFO] Extracting features: batch 61/63
2026-03-10 14:48:55,130 [INFO] Extracted raw features: shape = (500, 295296)
2026-03-10 14:48:55,463 [INFO] Final feature shape: (500, 295296)
2026-03-10 14:48:56,246 [INFO] Extracting features: batch 1/63
2026-03-10 14:48:59,123 [INFO] Extracting features: batch 11/63
2026-03-10 14:49:02,019 [INFO] Extracting features: batch 21/63
2026-03-10 14:49:04,916 [INFO] Extracting features: batch 31/63
2026-03-10 14:49:07,811 [INFO] Extracting features: batch 41/63
2026-03-10 14:49:10,706 [INFO] Extracting features: batch 51/63
2026-03-10 14:49:13,605 [INFO] Extracting features: batch 61/63
2026-03-10 14:49:14,538 [INFO] Extracted raw features: shape = (500, 295296)
2026-03-10 14:49:14,872 [INFO] Final feature shape: (500, 295296)
2026-03-10 14:49:15,386 [INFO]       chunk 8/10
2026-03-10 14:49:15,653 [INFO] Extracting features: batch 1/63
2026-03-10 14:49:18,528 [INFO] Extracting features: batch 11/63
2026-03-10 14:49:21,423 [INFO] Extracting features: batch 21/63
2026-03-10 14:49:24,318 [INFO] Extracting features: batch 31/63
2026-03-10 14:49:27,218 [INFO] Extracting features: batch 41/63
2026-03-10 14:49:30,114 [INFO] Extracting features: batch 51/63
2026-03-10 14:49:33,007 [INFO] Extracting features: batch 61/63
2026-03-10 14:49:33,939 [INFO] Extracted raw features: shape = (500, 295296)
2026-03-10 14:49:34,273 [INFO] Final feature shape: (500, 295296)
2026-03-10 14:49:35,040 [INFO] Extracting features: batch 1/63
2026-03-10 14:49:37,919 [INFO] Extracting features: batch 11/63
2026-03-10 14:49:40,814 [INFO] Extracting features: batch 21/63
2026-03-10 14:49:43,708 [INFO] Extracting features: batch 31/63
2026-03-10 14:49:46,606 [INFO] Extracting features: batch 41/63
2026-03-10 14:49:49,504 [INFO] Extracting features: batch 51/63
2026-03-10 14:49:52,403 [INFO] Extracting features: batch 61/63
2026-03-10 14:49:53,335 [INFO] Extracted raw features: shape = (500, 295296)
2026-03-10 14:49:53,671 [INFO] Final feature shape: (500, 295296)
2026-03-10 14:49:54,190 [INFO]       chunk 10/10
2026-03-10 14:49:54,193 [INFO]     D_rr (156 Ko) et D_rq (3906 Ko) sauvegardés
2026-03-10 14:49:54,193 [INFO]     median_D_rr=5.481e+05  gamma_med=9.123e-07  feat_dim=295296
2026-03-10 14:49:54,385 [INFO]     gamma=     med  ρ=+0.1858  mono=0.299  τ=+0.4182  K_rq=0.5698
2026-03-10 14:49:54,566 [INFO]     gamma= 2.8e-05  ρ=+0.6109  mono=0.821  τ=+0.9816  K_rq=0.0029
2026-03-10 14:49:54,755 [INFO]     gamma= 1.0e-07  ρ=+0.1854  mono=0.299  τ=+0.4159  K_rq=0.9379
2026-03-10 14:49:54,944 [INFO]     gamma= 5.0e-07  ρ=+0.1856  mono=0.299  τ=+0.4176  K_rq=0.7304
2026-03-10 14:49:55,132 [INFO]     gamma= 1.0e-06  ρ=+0.1858  mono=0.299  τ=+0.4182  K_rq=0.5410
2026-03-10 14:49:55,320 [INFO]     gamma= 5.0e-06  ρ=+0.1956  mono=0.316  τ=+0.4714  K_rq=0.0682
2026-03-10 14:49:55,506 [INFO]     gamma= 1.0e-05  ρ=+0.2775  mono=0.557  τ=+0.7716  K_rq=0.0103
2026-03-10 14:49:55,689 [INFO]     gamma= 5.0e-05  ρ=+0.6109  mono=0.784  τ=+0.9685  K_rq=0.0024
2026-03-10 14:49:55,872 [INFO]     gamma= 1.0e-04  ρ=+0.6127  mono=0.764  τ=+0.9597  K_rq=0.0018
2026-03-10 14:49:56,053 [INFO]     gamma= 1.0e-03  ρ=+0.5768  mono=0.236  τ=+0.8479  K_rq=0.0006
dinov2_vitb14:  93%|█████████▎| 13/14 [44:34<03:25, 205.59s/layer]2026-03-10 14:49:56,155 [INFO] 
  Layer 13 — norm
2026-03-10 14:49:56,155 [INFO] Loading backbone: dinov2_vitb14
Using cache found in /home/jnapolitano/.cache/torch/hub/facebookresearch_dinov2_main
2026-03-10 14:49:56,839 [INFO] using MLP layer as FFN
2026-03-10 14:49:57,636 [INFO]     Extraction anchor (200 images)...
2026-03-10 14:49:57,918 [INFO] Extracting features: batch 1/25
2026-03-10 14:50:00,816 [INFO] Extracting features: batch 11/25
2026-03-10 14:50:03,706 [INFO] Extracting features: batch 21/25
2026-03-10 14:50:05,257 [INFO] Extracted raw features: shape = (200, 295296)
2026-03-10 14:50:05,818 [INFO] Fitted scaler on Gram features: mean=5.13e-03, std=7.77e-01
2026-03-10 14:50:05,818 [INFO] Final feature shape: (200, 295296)
2026-03-10 14:50:05,916 [INFO]     Calcul D_rq par 10 chunks de 500 images...
2026-03-10 14:50:06,176 [INFO] Extracting features: batch 1/63
2026-03-10 14:50:09,048 [INFO] Extracting features: batch 11/63
2026-03-10 14:50:11,934 [INFO] Extracting features: batch 21/63
2026-03-10 14:50:14,827 [INFO] Extracting features: batch 31/63
2026-03-10 14:50:17,715 [INFO] Extracting features: batch 41/63
2026-03-10 14:50:20,606 [INFO] Extracting features: batch 51/63
2026-03-10 14:50:23,502 [INFO] Extracting features: batch 61/63
2026-03-10 14:50:24,434 [INFO] Extracted raw features: shape = (500, 295296)
2026-03-10 14:50:24,769 [INFO] Final feature shape: (500, 295296)
2026-03-10 14:50:25,538 [INFO] Extracting features: batch 1/63
2026-03-10 14:50:28,451 [INFO] Extracting features: batch 11/63
2026-03-10 14:50:31,343 [INFO] Extracting features: batch 21/63
2026-03-10 14:50:34,239 [INFO] Extracting features: batch 31/63
2026-03-10 14:50:37,131 [INFO] Extracting features: batch 41/63
2026-03-10 14:50:40,023 [INFO] Extracting features: batch 51/63
2026-03-10 14:50:42,914 [INFO] Extracting features: batch 61/63
2026-03-10 14:50:43,849 [INFO] Extracted raw features: shape = (500, 295296)
2026-03-10 14:50:44,183 [INFO] Final feature shape: (500, 295296)
2026-03-10 14:50:44,697 [INFO]       chunk 2/10
2026-03-10 14:50:44,957 [INFO] Extracting features: batch 1/63
2026-03-10 14:50:47,833 [INFO] Extracting features: batch 11/63
2026-03-10 14:50:50,728 [INFO] Extracting features: batch 21/63
2026-03-10 14:50:53,622 [INFO] Extracting features: batch 31/63
2026-03-10 14:50:56,515 [INFO] Extracting features: batch 41/63
2026-03-10 14:50:59,408 [INFO] Extracting features: batch 51/63
2026-03-10 14:51:02,302 [INFO] Extracting features: batch 61/63
2026-03-10 14:51:03,235 [INFO] Extracted raw features: shape = (500, 295296)
2026-03-10 14:51:03,568 [INFO] Final feature shape: (500, 295296)
2026-03-10 14:51:04,352 [INFO] Extracting features: batch 1/63
2026-03-10 14:51:07,224 [INFO] Extracting features: batch 11/63
2026-03-10 14:51:10,118 [INFO] Extracting features: batch 21/63
2026-03-10 14:51:13,015 [INFO] Extracting features: batch 31/63
2026-03-10 14:51:15,911 [INFO] Extracting features: batch 41/63
2026-03-10 14:51:18,808 [INFO] Extracting features: batch 51/63
2026-03-10 14:51:21,701 [INFO] Extracting features: batch 61/63
2026-03-10 14:51:22,634 [INFO] Extracted raw features: shape = (500, 295296)
2026-03-10 14:51:22,968 [INFO] Final feature shape: (500, 295296)
2026-03-10 14:51:23,488 [INFO]       chunk 4/10
2026-03-10 14:51:23,755 [INFO] Extracting features: batch 1/63
2026-03-10 14:51:26,630 [INFO] Extracting features: batch 11/63
2026-03-10 14:51:29,524 [INFO] Extracting features: batch 21/63
2026-03-10 14:51:32,417 [INFO] Extracting features: batch 31/63
2026-03-10 14:51:35,308 [INFO] Extracting features: batch 41/63
2026-03-10 14:51:38,201 [INFO] Extracting features: batch 51/63
2026-03-10 14:51:41,095 [INFO] Extracting features: batch 61/63
2026-03-10 14:51:42,027 [INFO] Extracted raw features: shape = (500, 295296)
2026-03-10 14:51:42,361 [INFO] Final feature shape: (500, 295296)
2026-03-10 14:51:43,136 [INFO] Extracting features: batch 1/63
2026-03-10 14:51:46,012 [INFO] Extracting features: batch 11/63
2026-03-10 14:51:48,907 [INFO] Extracting features: batch 21/63
2026-03-10 14:51:51,804 [INFO] Extracting features: batch 31/63
2026-03-10 14:51:54,699 [INFO] Extracting features: batch 41/63
2026-03-10 14:51:57,594 [INFO] Extracting features: batch 51/63
2026-03-10 14:52:00,490 [INFO] Extracting features: batch 61/63
2026-03-10 14:52:01,423 [INFO] Extracted raw features: shape = (500, 295296)
2026-03-10 14:52:01,757 [INFO] Final feature shape: (500, 295296)
2026-03-10 14:52:02,270 [INFO]       chunk 6/10
2026-03-10 14:52:02,514 [INFO] Extracting features: batch 1/63
2026-03-10 14:52:05,388 [INFO] Extracting features: batch 11/63
2026-03-10 14:52:08,285 [INFO] Extracting features: batch 21/63
2026-03-10 14:52:11,179 [INFO] Extracting features: batch 31/63
2026-03-10 14:52:14,077 [INFO] Extracting features: batch 41/63
2026-03-10 14:52:16,974 [INFO] Extracting features: batch 51/63
2026-03-10 14:52:19,872 [INFO] Extracting features: batch 61/63
2026-03-10 14:52:20,806 [INFO] Extracted raw features: shape = (500, 295296)
2026-03-10 14:52:21,140 [INFO] Final feature shape: (500, 295296)
2026-03-10 14:52:21,913 [INFO] Extracting features: batch 1/63
2026-03-10 14:52:24,786 [INFO] Extracting features: batch 11/63
2026-03-10 14:52:27,683 [INFO] Extracting features: batch 21/63
2026-03-10 14:52:30,581 [INFO] Extracting features: batch 31/63
2026-03-10 14:52:33,478 [INFO] Extracting features: batch 41/63
2026-03-10 14:52:36,378 [INFO] Extracting features: batch 51/63
2026-03-10 14:52:39,274 [INFO] Extracting features: batch 61/63
2026-03-10 14:52:40,207 [INFO] Extracted raw features: shape = (500, 295296)
2026-03-10 14:52:40,540 [INFO] Final feature shape: (500, 295296)
2026-03-10 14:52:41,060 [INFO]       chunk 8/10
2026-03-10 14:52:41,334 [INFO] Extracting features: batch 1/63
2026-03-10 14:52:44,213 [INFO] Extracting features: batch 11/63
2026-03-10 14:52:47,110 [INFO] Extracting features: batch 21/63
2026-03-10 14:52:50,007 [INFO] Extracting features: batch 31/63
2026-03-10 14:52:52,905 [INFO] Extracting features: batch 41/63
2026-03-10 14:52:55,802 [INFO] Extracting features: batch 51/63
2026-03-10 14:52:58,698 [INFO] Extracting features: batch 61/63
2026-03-10 14:52:59,634 [INFO] Extracted raw features: shape = (500, 295296)
2026-03-10 14:52:59,969 [INFO] Final feature shape: (500, 295296)
2026-03-10 14:53:00,755 [INFO] Extracting features: batch 1/63
2026-03-10 14:53:03,633 [INFO] Extracting features: batch 11/63
2026-03-10 14:53:06,530 [INFO] Extracting features: batch 21/63
2026-03-10 14:53:09,426 [INFO] Extracting features: batch 31/63
2026-03-10 14:53:12,324 [INFO] Extracting features: batch 41/63
2026-03-10 14:53:15,220 [INFO] Extracting features: batch 51/63
2026-03-10 14:53:18,118 [INFO] Extracting features: batch 61/63
2026-03-10 14:53:19,051 [INFO] Extracted raw features: shape = (500, 295296)
2026-03-10 14:53:19,385 [INFO] Final feature shape: (500, 295296)
2026-03-10 14:53:19,905 [INFO]       chunk 10/10
2026-03-10 14:53:19,907 [INFO]     D_rr (156 Ko) et D_rq (3906 Ko) sauvegardés
2026-03-10 14:53:19,909 [INFO]     median_D_rr=5.514e+05  gamma_med=9.068e-07  feat_dim=295296
2026-03-10 14:53:20,103 [INFO]     gamma=     med  ρ=+0.1782  mono=0.289  τ=+0.3944  K_rq=0.5666
2026-03-10 14:53:20,284 [INFO]     gamma= 2.8e-05  ρ=+0.6089  mono=0.799  τ=+0.9827  K_rq=0.0027
2026-03-10 14:53:20,475 [INFO]     gamma= 1.0e-07  ρ=+0.1777  mono=0.287  τ=+0.3899  K_rq=0.9358
2026-03-10 14:53:20,664 [INFO]     gamma= 5.0e-07  ρ=+0.1779  mono=0.288  τ=+0.3922  K_rq=0.7250
2026-03-10 14:53:20,855 [INFO]     gamma= 1.0e-06  ρ=+0.1783  mono=0.289  τ=+0.3948  K_rq=0.5363
2026-03-10 14:53:21,044 [INFO]     gamma= 5.0e-06  ρ=+0.1882  mono=0.346  τ=+0.4760  K_rq=0.0679
2026-03-10 14:53:21,232 [INFO]     gamma= 1.0e-05  ρ=+0.2739  mono=0.668  τ=+0.8385  K_rq=0.0101
2026-03-10 14:53:21,416 [INFO]     gamma= 5.0e-05  ρ=+0.6079  mono=0.778  τ=+0.9675  K_rq=0.0023
2026-03-10 14:53:21,601 [INFO]     gamma= 1.0e-04  ρ=+0.6095  mono=0.748  τ=+0.9564  K_rq=0.0017
2026-03-10 14:53:21,783 [INFO]     gamma= 1.0e-03  ρ=+0.5657  mono=0.216  τ=+0.8430  K_rq=0.0006
dinov2_vitb14: 100%|██████████| 14/14 [47:59<00:00, 205.63s/layer]dinov2_vitb14: 100%|██████████| 14/14 [47:59<00:00, 205.70s/layer]
2026-03-10 14:53:21,980 [INFO] 
======================================================================
2026-03-10 14:53:21,981 [INFO] BACKBONE : vgg19  (18 layers)
2026-03-10 14:53:21,981 [INFO] ======================================================================
vgg19:   0%|          | 0/18 [00:00<?, ?layer/s]2026-03-10 14:53:21,981 [INFO] 
  Layer 0 — features.0
2026-03-10 14:53:21,981 [INFO] Loading backbone: vgg19
2026-03-10 14:53:23,214 [INFO]     Extraction anchor (200 images)...
2026-03-10 14:53:23,635 [INFO] Extracting features: batch 1/7
2026-03-10 14:53:24,179 [INFO] Extracted raw features: shape = (200, 2080)
2026-03-10 14:53:24,183 [INFO] Fitted scaler on Gram features: mean=1.39e-01, std=7.98e-02
2026-03-10 14:53:24,183 [INFO] Final feature shape: (200, 2080)
2026-03-10 14:53:24,228 [INFO]     Calcul D_rq par 10 chunks de 500 images...
2026-03-10 14:53:24,592 [INFO] Extracting features: batch 1/16
2026-03-10 14:53:25,399 [INFO] Extracting features: batch 11/16
2026-03-10 14:53:25,881 [INFO] Extracted raw features: shape = (500, 2080)
2026-03-10 14:53:25,883 [INFO] Final feature shape: (500, 2080)
2026-03-10 14:53:26,424 [INFO] Extracting features: batch 1/16
2026-03-10 14:53:27,241 [INFO] Extracting features: batch 11/16
2026-03-10 14:53:27,713 [INFO] Extracted raw features: shape = (500, 2080)
2026-03-10 14:53:27,716 [INFO] Final feature shape: (500, 2080)
2026-03-10 14:53:27,887 [INFO]       chunk 2/10
2026-03-10 14:53:28,269 [INFO] Extracting features: batch 1/16
2026-03-10 14:53:29,086 [INFO] Extracting features: batch 11/16
2026-03-10 14:53:29,555 [INFO] Extracted raw features: shape = (500, 2080)
2026-03-10 14:53:29,557 [INFO] Final feature shape: (500, 2080)
2026-03-10 14:53:30,082 [INFO] Extracting features: batch 1/16
2026-03-10 14:53:30,903 [INFO] Extracting features: batch 11/16
2026-03-10 14:53:31,372 [INFO] Extracted raw features: shape = (500, 2080)
2026-03-10 14:53:31,374 [INFO] Final feature shape: (500, 2080)
2026-03-10 14:53:31,535 [INFO]       chunk 4/10
2026-03-10 14:53:31,912 [INFO] Extracting features: batch 1/16
2026-03-10 14:53:32,731 [INFO] Extracting features: batch 11/16
2026-03-10 14:53:33,202 [INFO] Extracted raw features: shape = (500, 2080)
2026-03-10 14:53:33,205 [INFO] Final feature shape: (500, 2080)
2026-03-10 14:53:33,738 [INFO] Extracting features: batch 1/16
2026-03-10 14:53:34,564 [INFO] Extracting features: batch 11/16
2026-03-10 14:53:35,030 [INFO] Extracted raw features: shape = (500, 2080)
2026-03-10 14:53:35,033 [INFO] Final feature shape: (500, 2080)
2026-03-10 14:53:35,204 [INFO]       chunk 6/10
2026-03-10 14:53:35,563 [INFO] Extracting features: batch 1/16
2026-03-10 14:53:36,385 [INFO] Extracting features: batch 11/16
2026-03-10 14:53:36,857 [INFO] Extracted raw features: shape = (500, 2080)
2026-03-10 14:53:36,860 [INFO] Final feature shape: (500, 2080)
2026-03-10 14:53:37,393 [INFO] Extracting features: batch 1/16
2026-03-10 14:53:38,215 [INFO] Extracting features: batch 11/16
2026-03-10 14:53:38,682 [INFO] Extracted raw features: shape = (500, 2080)
2026-03-10 14:53:38,685 [INFO] Final feature shape: (500, 2080)
2026-03-10 14:53:38,857 [INFO]       chunk 8/10
2026-03-10 14:53:39,230 [INFO] Extracting features: batch 1/16
2026-03-10 14:53:40,056 [INFO] Extracting features: batch 11/16
2026-03-10 14:53:40,520 [INFO] Extracted raw features: shape = (500, 2080)
2026-03-10 14:53:40,523 [INFO] Final feature shape: (500, 2080)
2026-03-10 14:53:41,036 [INFO] Extracting features: batch 1/16
2026-03-10 14:53:41,853 [INFO] Extracting features: batch 11/16
2026-03-10 14:53:42,321 [INFO] Extracted raw features: shape = (500, 2080)
2026-03-10 14:53:42,324 [INFO] Final feature shape: (500, 2080)
2026-03-10 14:53:42,481 [INFO]       chunk 10/10
2026-03-10 14:53:42,483 [INFO]     D_rr (156 Ko) et D_rq (3906 Ko) sauvegardés
2026-03-10 14:53:42,484 [INFO]     median_D_rr=3.094e+03  gamma_med=1.616e-04  feat_dim=2080
2026-03-10 14:53:42,675 [INFO]     gamma=     med  ρ=+0.0976  mono=0.299  τ=+0.1328  K_rq=0.5768
2026-03-10 14:53:42,864 [INFO]     gamma= 2.8e-05  ρ=+0.1060  mono=0.307  τ=+0.1365  K_rq=0.8953
2026-03-10 14:53:43,053 [INFO]     gamma= 1.0e-07  ρ=+0.1091  mono=0.306  τ=+0.1417  K_rq=0.9996
2026-03-10 14:53:43,244 [INFO]     gamma= 5.0e-07  ρ=+0.1091  mono=0.309  τ=+0.1394  K_rq=0.9980
2026-03-10 14:53:43,431 [INFO]     gamma= 1.0e-06  ρ=+0.1090  mono=0.308  τ=+0.1394  K_rq=0.9959
2026-03-10 14:53:43,620 [INFO]     gamma= 5.0e-06  ρ=+0.1086  mono=0.308  τ=+0.1384  K_rq=0.9798
2026-03-10 14:53:43,809 [INFO]     gamma= 1.0e-05  ρ=+0.1079  mono=0.308  τ=+0.1373  K_rq=0.9603
2026-03-10 14:53:43,999 [INFO]     gamma= 5.0e-05  ρ=+0.1040  mono=0.307  τ=+0.1364  K_rq=0.8253
2026-03-10 14:53:44,188 [INFO]     gamma= 1.0e-04  ρ=+0.1005  mono=0.298  τ=+0.1346  K_rq=0.6960
2026-03-10 14:53:44,376 [INFO]     gamma= 1.0e-03  ρ=+0.0856  mono=0.281  τ=+0.1768  K_rq=0.1159
vgg19:   6%|▌         | 1/18 [00:22<06:22, 22.50s/layer]2026-03-10 14:53:44,477 [INFO] 
  Layer 1 — features.2
2026-03-10 14:53:44,477 [INFO] Loading backbone: vgg19
2026-03-10 14:53:45,336 [INFO]     Extraction anchor (200 images)...
2026-03-10 14:53:45,746 [INFO] Extracting features: batch 1/7
2026-03-10 14:53:46,263 [INFO] Extracted raw features: shape = (200, 2080)
2026-03-10 14:53:46,267 [INFO] Fitted scaler on Gram features: mean=3.57e-01, std=2.58e-01
2026-03-10 14:53:46,267 [INFO] Final feature shape: (200, 2080)
2026-03-10 14:53:46,312 [INFO]     Calcul D_rq par 10 chunks de 500 images...
2026-03-10 14:53:46,676 [INFO] Extracting features: batch 1/16
2026-03-10 14:53:47,494 [INFO] Extracting features: batch 11/16
2026-03-10 14:53:47,957 [INFO] Extracted raw features: shape = (500, 2080)
2026-03-10 14:53:47,959 [INFO] Final feature shape: (500, 2080)
2026-03-10 14:53:48,487 [INFO] Extracting features: batch 1/16
2026-03-10 14:53:49,302 [INFO] Extracting features: batch 11/16
2026-03-10 14:53:49,783 [INFO] Extracted raw features: shape = (500, 2080)
2026-03-10 14:53:49,785 [INFO] Final feature shape: (500, 2080)
2026-03-10 14:53:49,952 [INFO]       chunk 2/10
2026-03-10 14:53:50,333 [INFO] Extracting features: batch 1/16
2026-03-10 14:53:51,145 [INFO] Extracting features: batch 11/16
2026-03-10 14:53:51,628 [INFO] Extracted raw features: shape = (500, 2080)
2026-03-10 14:53:51,631 [INFO] Final feature shape: (500, 2080)
2026-03-10 14:53:52,169 [INFO] Extracting features: batch 1/16
2026-03-10 14:53:52,989 [INFO] Extracting features: batch 11/16
2026-03-10 14:53:53,454 [INFO] Extracted raw features: shape = (500, 2080)
2026-03-10 14:53:53,457 [INFO] Final feature shape: (500, 2080)
2026-03-10 14:53:53,612 [INFO]       chunk 4/10
2026-03-10 14:53:53,993 [INFO] Extracting features: batch 1/16
2026-03-10 14:53:54,817 [INFO] Extracting features: batch 11/16
2026-03-10 14:53:55,283 [INFO] Extracted raw features: shape = (500, 2080)
2026-03-10 14:53:55,286 [INFO] Final feature shape: (500, 2080)
2026-03-10 14:53:55,801 [INFO] Extracting features: batch 1/16
2026-03-10 14:53:56,621 [INFO] Extracting features: batch 11/16
2026-03-10 14:53:57,089 [INFO] Extracted raw features: shape = (500, 2080)
2026-03-10 14:53:57,091 [INFO] Final feature shape: (500, 2080)
2026-03-10 14:53:57,262 [INFO]       chunk 6/10
2026-03-10 14:53:57,618 [INFO] Extracting features: batch 1/16
2026-03-10 14:53:58,441 [INFO] Extracting features: batch 11/16
2026-03-10 14:53:58,905 [INFO] Extracted raw features: shape = (500, 2080)
2026-03-10 14:53:58,908 [INFO] Final feature shape: (500, 2080)
2026-03-10 14:53:59,444 [INFO] Extracting features: batch 1/16
2026-03-10 14:54:00,269 [INFO] Extracting features: batch 11/16
2026-03-10 14:54:00,737 [INFO] Extracted raw features: shape = (500, 2080)
2026-03-10 14:54:00,739 [INFO] Final feature shape: (500, 2080)
2026-03-10 14:54:00,909 [INFO]       chunk 8/10
2026-03-10 14:54:01,275 [INFO] Extracting features: batch 1/16
2026-03-10 14:54:02,093 [INFO] Extracting features: batch 11/16
2026-03-10 14:54:02,562 [INFO] Extracted raw features: shape = (500, 2080)
2026-03-10 14:54:02,565 [INFO] Final feature shape: (500, 2080)
2026-03-10 14:54:03,101 [INFO] Extracting features: batch 1/16
2026-03-10 14:54:03,919 [INFO] Extracting features: batch 11/16
2026-03-10 14:54:04,388 [INFO] Extracted raw features: shape = (500, 2080)
2026-03-10 14:54:04,391 [INFO] Final feature shape: (500, 2080)
2026-03-10 14:54:04,559 [INFO]       chunk 10/10
2026-03-10 14:54:04,570 [INFO]     D_rr (156 Ko) et D_rq (3906 Ko) sauvegardés
2026-03-10 14:54:04,572 [INFO]     median_D_rr=2.883e+03  gamma_med=1.735e-04  feat_dim=2080
2026-03-10 14:54:04,766 [INFO]     gamma=     med  ρ=+0.2353  mono=0.352  τ=+0.3566  K_rq=0.5623
2026-03-10 14:54:04,959 [INFO]     gamma= 2.8e-05  ρ=+0.2471  mono=0.376  τ=+0.3762  K_rq=0.8935
2026-03-10 14:54:05,152 [INFO]     gamma= 1.0e-07  ρ=+0.2491  mono=0.373  τ=+0.3775  K_rq=0.9996
2026-03-10 14:54:05,344 [INFO]     gamma= 5.0e-07  ρ=+0.2491  mono=0.377  τ=+0.3800  K_rq=0.9979
2026-03-10 14:54:05,535 [INFO]     gamma= 1.0e-06  ρ=+0.2491  mono=0.377  τ=+0.3800  K_rq=0.9958
2026-03-10 14:54:05,723 [INFO]     gamma= 5.0e-06  ρ=+0.2489  mono=0.375  τ=+0.3778  K_rq=0.9792
2026-03-10 14:54:05,911 [INFO]     gamma= 1.0e-05  ρ=+0.2485  mono=0.374  τ=+0.3768  K_rq=0.9593
2026-03-10 14:54:06,101 [INFO]     gamma= 5.0e-05  ρ=+0.2453  mono=0.374  τ=+0.3720  K_rq=0.8238
2026-03-10 14:54:06,290 [INFO]     gamma= 1.0e-04  ρ=+0.2410  mono=0.364  τ=+0.3644  K_rq=0.6970
2026-03-10 14:54:06,481 [INFO]     gamma= 1.0e-03  ρ=+0.1961  mono=0.325  τ=+0.3416  K_rq=0.1220
vgg19:  11%|█         | 2/18 [00:44<05:56, 22.26s/layer]2026-03-10 14:54:06,580 [INFO] 
  Layer 2 — features.5
2026-03-10 14:54:06,580 [INFO] Loading backbone: vgg19
2026-03-10 14:54:07,437 [INFO]     Extraction anchor (200 images)...
2026-03-10 14:54:07,850 [INFO] Extracting features: batch 1/7
2026-03-10 14:54:08,333 [INFO] Extracted raw features: shape = (200, 8256)
2026-03-10 14:54:08,351 [INFO] Fitted scaler on Gram features: mean=7.02e-01, std=3.84e-01
2026-03-10 14:54:08,351 [INFO] Final feature shape: (200, 8256)
2026-03-10 14:54:08,398 [INFO]     Calcul D_rq par 10 chunks de 500 images...
2026-03-10 14:54:08,770 [INFO] Extracting features: batch 1/16
2026-03-10 14:54:09,531 [INFO] Extracting features: batch 11/16
2026-03-10 14:54:09,984 [INFO] Extracted raw features: shape = (500, 8256)
2026-03-10 14:54:09,995 [INFO] Final feature shape: (500, 8256)
2026-03-10 14:54:10,525 [INFO] Extracting features: batch 1/16
2026-03-10 14:54:11,285 [INFO] Extracting features: batch 11/16
2026-03-10 14:54:11,737 [INFO] Extracted raw features: shape = (500, 8256)
2026-03-10 14:54:11,749 [INFO] Final feature shape: (500, 8256)
2026-03-10 14:54:11,921 [INFO]       chunk 2/10
2026-03-10 14:54:12,314 [INFO] Extracting features: batch 1/16
2026-03-10 14:54:13,083 [INFO] Extracting features: batch 11/16
2026-03-10 14:54:13,539 [INFO] Extracted raw features: shape = (500, 8256)
2026-03-10 14:54:13,552 [INFO] Final feature shape: (500, 8256)
2026-03-10 14:54:14,098 [INFO] Extracting features: batch 1/16
2026-03-10 14:54:14,867 [INFO] Extracting features: batch 11/16
2026-03-10 14:54:15,324 [INFO] Extracted raw features: shape = (500, 8256)
2026-03-10 14:54:15,336 [INFO] Final feature shape: (500, 8256)
2026-03-10 14:54:15,504 [INFO]       chunk 4/10
2026-03-10 14:54:15,887 [INFO] Extracting features: batch 1/16
2026-03-10 14:54:16,656 [INFO] Extracting features: batch 11/16
2026-03-10 14:54:17,114 [INFO] Extracted raw features: shape = (500, 8256)
2026-03-10 14:54:17,127 [INFO] Final feature shape: (500, 8256)
2026-03-10 14:54:17,661 [INFO] Extracting features: batch 1/16
2026-03-10 14:54:18,433 [INFO] Extracting features: batch 11/16
2026-03-10 14:54:18,878 [INFO] Extracted raw features: shape = (500, 8256)
2026-03-10 14:54:18,890 [INFO] Final feature shape: (500, 8256)
2026-03-10 14:54:19,071 [INFO]       chunk 6/10
2026-03-10 14:54:19,438 [INFO] Extracting features: batch 1/16
2026-03-10 14:54:20,210 [INFO] Extracting features: batch 11/16
2026-03-10 14:54:20,656 [INFO] Extracted raw features: shape = (500, 8256)
2026-03-10 14:54:20,668 [INFO] Final feature shape: (500, 8256)
2026-03-10 14:54:21,201 [INFO] Extracting features: batch 1/16
2026-03-10 14:54:21,975 [INFO] Extracting features: batch 11/16
2026-03-10 14:54:22,422 [INFO] Extracted raw features: shape = (500, 8256)
2026-03-10 14:54:22,434 [INFO] Final feature shape: (500, 8256)
2026-03-10 14:54:22,605 [INFO]       chunk 8/10
2026-03-10 14:54:22,981 [INFO] Extracting features: batch 1/16
2026-03-10 14:54:23,756 [INFO] Extracting features: batch 11/16
2026-03-10 14:54:24,203 [INFO] Extracted raw features: shape = (500, 8256)
2026-03-10 14:54:24,215 [INFO] Final feature shape: (500, 8256)
2026-03-10 14:54:24,757 [INFO] Extracting features: batch 1/16
2026-03-10 14:54:25,529 [INFO] Extracting features: batch 11/16
2026-03-10 14:54:25,978 [INFO] Extracted raw features: shape = (500, 8256)
2026-03-10 14:54:25,989 [INFO] Final feature shape: (500, 8256)
2026-03-10 14:54:26,146 [INFO]       chunk 10/10
2026-03-10 14:54:26,148 [INFO]     D_rr (156 Ko) et D_rq (3906 Ko) sauvegardés
2026-03-10 14:54:26,150 [INFO]     median_D_rr=1.284e+04  gamma_med=3.894e-05  feat_dim=8256
2026-03-10 14:54:26,344 [INFO]     gamma=     med  ρ=+0.4466  mono=0.426  τ=+0.5800  K_rq=0.5405
2026-03-10 14:54:26,536 [INFO]     gamma= 2.8e-05  ρ=+0.4463  mono=0.433  τ=+0.5832  K_rq=0.6310
2026-03-10 14:54:26,729 [INFO]     gamma= 1.0e-07  ρ=+0.4427  mono=0.450  τ=+0.5784  K_rq=0.9981
2026-03-10 14:54:26,920 [INFO]     gamma= 5.0e-07  ρ=+0.4428  mono=0.450  τ=+0.5794  K_rq=0.9908
2026-03-10 14:54:27,112 [INFO]     gamma= 1.0e-06  ρ=+0.4429  mono=0.450  τ=+0.5794  K_rq=0.9817
2026-03-10 14:54:27,302 [INFO]     gamma= 5.0e-06  ρ=+0.4437  mono=0.448  τ=+0.5800  K_rq=0.9133
2026-03-10 14:54:27,492 [INFO]     gamma= 1.0e-05  ρ=+0.4446  mono=0.443  τ=+0.5800  K_rq=0.8376
2026-03-10 14:54:27,684 [INFO]     gamma= 5.0e-05  ρ=+0.4466  mono=0.418  τ=+0.5814  K_rq=0.4670
2026-03-10 14:54:27,874 [INFO]     gamma= 1.0e-04  ρ=+0.4449  mono=0.407  τ=+0.5870  K_rq=0.2646
2026-03-10 14:54:28,062 [INFO]     gamma= 1.0e-03  ρ=+0.6490  mono=0.658  τ=+0.8636  K_rq=0.0038
vgg19:  17%|█▋        | 3/18 [01:06<05:29, 21.95s/layer]2026-03-10 14:54:28,162 [INFO] 
  Layer 3 — features.7
2026-03-10 14:54:28,162 [INFO] Loading backbone: vgg19
2026-03-10 14:54:29,014 [INFO]     Extraction anchor (200 images)...
2026-03-10 14:54:29,428 [INFO] Extracting features: batch 1/7
2026-03-10 14:54:29,910 [INFO] Extracted raw features: shape = (200, 8256)
2026-03-10 14:54:29,927 [INFO] Fitted scaler on Gram features: mean=8.56e-01, std=5.43e-01
2026-03-10 14:54:29,927 [INFO] Final feature shape: (200, 8256)
2026-03-10 14:54:29,973 [INFO]     Calcul D_rq par 10 chunks de 500 images...
2026-03-10 14:54:30,330 [INFO] Extracting features: batch 1/16
2026-03-10 14:54:31,088 [INFO] Extracting features: batch 11/16
2026-03-10 14:54:31,544 [INFO] Extracted raw features: shape = (500, 8256)
2026-03-10 14:54:31,556 [INFO] Final feature shape: (500, 8256)
2026-03-10 14:54:32,094 [INFO] Extracting features: batch 1/16
2026-03-10 14:54:32,860 [INFO] Extracting features: batch 11/16
2026-03-10 14:54:33,321 [INFO] Extracted raw features: shape = (500, 8256)
2026-03-10 14:54:33,333 [INFO] Final feature shape: (500, 8256)
2026-03-10 14:54:33,501 [INFO]       chunk 2/10
2026-03-10 14:54:33,883 [INFO] Extracting features: batch 1/16
2026-03-10 14:54:34,652 [INFO] Extracting features: batch 11/16
2026-03-10 14:54:35,103 [INFO] Extracted raw features: shape = (500, 8256)
2026-03-10 14:54:35,115 [INFO] Final feature shape: (500, 8256)
2026-03-10 14:54:35,661 [INFO] Extracting features: batch 1/16
2026-03-10 14:54:36,434 [INFO] Extracting features: batch 11/16
2026-03-10 14:54:36,881 [INFO] Extracted raw features: shape = (500, 8256)
2026-03-10 14:54:36,892 [INFO] Final feature shape: (500, 8256)
2026-03-10 14:54:37,062 [INFO]       chunk 4/10
2026-03-10 14:54:37,446 [INFO] Extracting features: batch 1/16
2026-03-10 14:54:38,213 [INFO] Extracting features: batch 11/16
2026-03-10 14:54:38,666 [INFO] Extracted raw features: shape = (500, 8256)
2026-03-10 14:54:38,678 [INFO] Final feature shape: (500, 8256)
2026-03-10 14:54:39,207 [INFO] Extracting features: batch 1/16
2026-03-10 14:54:39,974 [INFO] Extracting features: batch 11/16
2026-03-10 14:54:40,428 [INFO] Extracted raw features: shape = (500, 8256)
2026-03-10 14:54:40,440 [INFO] Final feature shape: (500, 8256)
2026-03-10 14:54:40,610 [INFO]       chunk 6/10
2026-03-10 14:54:40,973 [INFO] Extracting features: batch 1/16
2026-03-10 14:54:41,744 [INFO] Extracting features: batch 11/16
2026-03-10 14:54:42,191 [INFO] Extracted raw features: shape = (500, 8256)
2026-03-10 14:54:42,203 [INFO] Final feature shape: (500, 8256)
2026-03-10 14:54:42,754 [INFO] Extracting features: batch 1/16
2026-03-10 14:54:43,526 [INFO] Extracting features: batch 11/16
2026-03-10 14:54:43,972 [INFO] Extracted raw features: shape = (500, 8256)
2026-03-10 14:54:43,984 [INFO] Final feature shape: (500, 8256)
2026-03-10 14:54:44,152 [INFO]       chunk 8/10
2026-03-10 14:54:44,520 [INFO] Extracting features: batch 1/16
2026-03-10 14:54:45,291 [INFO] Extracting features: batch 11/16
2026-03-10 14:54:45,740 [INFO] Extracted raw features: shape = (500, 8256)
2026-03-10 14:54:45,753 [INFO] Final feature shape: (500, 8256)
2026-03-10 14:54:46,279 [INFO] Extracting features: batch 1/16
2026-03-10 14:54:47,050 [INFO] Extracting features: batch 11/16
2026-03-10 14:54:47,501 [INFO] Extracted raw features: shape = (500, 8256)
2026-03-10 14:54:47,513 [INFO] Final feature shape: (500, 8256)
2026-03-10 14:54:47,685 [INFO]       chunk 10/10
2026-03-10 14:54:47,688 [INFO]     D_rr (156 Ko) et D_rq (3906 Ko) sauvegardés
2026-03-10 14:54:47,689 [INFO]     median_D_rr=1.242e+04  gamma_med=4.025e-05  feat_dim=8256
2026-03-10 14:54:47,884 [INFO]     gamma=     med  ρ=+0.4602  mono=0.375  τ=+0.6314  K_rq=0.5303
2026-03-10 14:54:48,076 [INFO]     gamma= 2.8e-05  ρ=+0.4597  mono=0.380  τ=+0.6272  K_rq=0.6289
2026-03-10 14:54:48,269 [INFO]     gamma= 1.0e-07  ρ=+0.4540  mono=0.380  τ=+0.6006  K_rq=0.9981
2026-03-10 14:54:48,459 [INFO]     gamma= 5.0e-07  ρ=+0.4541  mono=0.381  τ=+0.6011  K_rq=0.9904
2026-03-10 14:54:48,647 [INFO]     gamma= 1.0e-06  ρ=+0.4544  mono=0.381  τ=+0.6018  K_rq=0.9809
2026-03-10 14:54:48,836 [INFO]     gamma= 5.0e-06  ρ=+0.4558  mono=0.384  τ=+0.6066  K_rq=0.9107
2026-03-10 14:54:49,026 [INFO]     gamma= 1.0e-05  ρ=+0.4572  mono=0.384  τ=+0.6126  K_rq=0.8341
2026-03-10 14:54:49,216 [INFO]     gamma= 5.0e-05  ρ=+0.4601  mono=0.374  τ=+0.6364  K_rq=0.4673
2026-03-10 14:54:49,405 [INFO]     gamma= 1.0e-04  ρ=+0.4559  mono=0.368  τ=+0.6582  K_rq=0.2665
2026-03-10 14:54:49,593 [INFO]     gamma= 1.0e-03  ρ=+0.6264  mono=0.618  τ=+0.8241  K_rq=0.0038
vgg19:  22%|██▏       | 4/18 [01:27<05:05, 21.79s/layer]2026-03-10 14:54:49,693 [INFO] 
  Layer 4 — features.10
2026-03-10 14:54:49,693 [INFO] Loading backbone: vgg19
2026-03-10 14:54:50,547 [INFO]     Extraction anchor (200 images)...
2026-03-10 14:54:50,960 [INFO] Extracting features: batch 1/7
2026-03-10 14:54:51,456 [INFO] Extracted raw features: shape = (200, 32896)
2026-03-10 14:54:51,523 [INFO] Fitted scaler on Gram features: mean=2.16e+00, std=1.53e+00
2026-03-10 14:54:51,523 [INFO] Final feature shape: (200, 32896)
2026-03-10 14:54:51,572 [INFO]     Calcul D_rq par 10 chunks de 500 images...
2026-03-10 14:54:51,925 [INFO] Extracting features: batch 1/16
2026-03-10 14:54:52,695 [INFO] Extracting features: batch 11/16
2026-03-10 14:54:53,174 [INFO] Extracted raw features: shape = (500, 32896)
2026-03-10 14:54:53,221 [INFO] Final feature shape: (500, 32896)
2026-03-10 14:54:53,765 [INFO] Extracting features: batch 1/16
2026-03-10 14:54:54,532 [INFO] Extracting features: batch 11/16
2026-03-10 14:54:55,015 [INFO] Extracted raw features: shape = (500, 32896)
2026-03-10 14:54:55,062 [INFO] Final feature shape: (500, 32896)
2026-03-10 14:54:55,242 [INFO]       chunk 2/10
2026-03-10 14:54:55,621 [INFO] Extracting features: batch 1/16
2026-03-10 14:54:56,396 [INFO] Extracting features: batch 11/16
2026-03-10 14:54:56,883 [INFO] Extracted raw features: shape = (500, 32896)
2026-03-10 14:54:56,929 [INFO] Final feature shape: (500, 32896)
2026-03-10 14:54:57,492 [INFO] Extracting features: batch 1/16
2026-03-10 14:54:58,271 [INFO] Extracting features: batch 11/16
2026-03-10 14:54:58,755 [INFO] Extracted raw features: shape = (500, 32896)
2026-03-10 14:54:58,803 [INFO] Final feature shape: (500, 32896)
2026-03-10 14:54:58,984 [INFO]       chunk 4/10
2026-03-10 14:54:59,369 [INFO] Extracting features: batch 1/16
2026-03-10 14:55:00,147 [INFO] Extracting features: batch 11/16
2026-03-10 14:55:00,628 [INFO] Extracted raw features: shape = (500, 32896)
2026-03-10 14:55:00,677 [INFO] Final feature shape: (500, 32896)
2026-03-10 14:55:01,216 [INFO] Extracting features: batch 1/16
2026-03-10 14:55:01,993 [INFO] Extracting features: batch 11/16
2026-03-10 14:55:02,474 [INFO] Extracted raw features: shape = (500, 32896)
2026-03-10 14:55:02,522 [INFO] Final feature shape: (500, 32896)
2026-03-10 14:55:02,703 [INFO]       chunk 6/10
2026-03-10 14:55:03,068 [INFO] Extracting features: batch 1/16
2026-03-10 14:55:03,850 [INFO] Extracting features: batch 11/16
2026-03-10 14:55:04,328 [INFO] Extracted raw features: shape = (500, 32896)
2026-03-10 14:55:04,377 [INFO] Final feature shape: (500, 32896)
2026-03-10 14:55:04,943 [INFO] Extracting features: batch 1/16
2026-03-10 14:55:05,724 [INFO] Extracting features: batch 11/16
2026-03-10 14:55:06,199 [INFO] Extracted raw features: shape = (500, 32896)
2026-03-10 14:55:06,246 [INFO] Final feature shape: (500, 32896)
2026-03-10 14:55:06,424 [INFO]       chunk 8/10
2026-03-10 14:55:06,788 [INFO] Extracting features: batch 1/16
2026-03-10 14:55:07,570 [INFO] Extracting features: batch 11/16
2026-03-10 14:55:08,043 [INFO] Extracted raw features: shape = (500, 32896)
2026-03-10 14:55:08,089 [INFO] Final feature shape: (500, 32896)
2026-03-10 14:55:08,632 [INFO] Extracting features: batch 1/16
2026-03-10 14:55:09,411 [INFO] Extracting features: batch 11/16
2026-03-10 14:55:09,884 [INFO] Extracted raw features: shape = (500, 32896)
2026-03-10 14:55:09,950 [INFO] Final feature shape: (500, 32896)
2026-03-10 14:55:10,131 [INFO]       chunk 10/10
2026-03-10 14:55:10,134 [INFO]     D_rr (156 Ko) et D_rq (3906 Ko) sauvegardés
2026-03-10 14:55:10,135 [INFO]     median_D_rr=5.222e+04  gamma_med=9.574e-06  feat_dim=32896
2026-03-10 14:55:10,324 [INFO]     gamma=     med  ρ=+0.5108  mono=0.360  τ=+0.6780  K_rq=0.5326
2026-03-10 14:55:10,514 [INFO]     gamma= 2.8e-05  ρ=+0.4820  mono=0.323  τ=+0.6674  K_rq=0.2245
2026-03-10 14:55:10,700 [INFO]     gamma= 1.0e-07  ρ=+0.5266  mono=0.395  τ=+0.6888  K_rq=0.9916
2026-03-10 14:55:10,889 [INFO]     gamma= 5.0e-07  ρ=+0.5260  mono=0.393  τ=+0.6878  K_rq=0.9595
2026-03-10 14:55:11,077 [INFO]     gamma= 1.0e-06  ρ=+0.5252  mono=0.392  τ=+0.6876  K_rq=0.9222
2026-03-10 14:55:11,266 [INFO]     gamma= 5.0e-06  ρ=+0.5185  mono=0.374  τ=+0.6836  K_rq=0.6981
2026-03-10 14:55:11,454 [INFO]     gamma= 1.0e-05  ρ=+0.5101  mono=0.358  τ=+0.6772  K_rq=0.5202
2026-03-10 14:55:11,644 [INFO]     gamma= 5.0e-05  ρ=+0.4561  mono=0.299  τ=+0.6734  K_rq=0.1018
2026-03-10 14:55:11,832 [INFO]     gamma= 1.0e-04  ρ=+0.4434  mono=0.360  τ=+0.7370  K_rq=0.0270
2026-03-10 14:55:12,020 [INFO]     gamma= 1.0e-03  ρ=+0.6907  mono=0.238  τ=+0.6667  K_rq=0.0006
vgg19:  28%|██▊       | 5/18 [01:50<04:46, 22.02s/layer]2026-03-10 14:55:12,121 [INFO] 
  Layer 5 — features.12
2026-03-10 14:55:12,121 [INFO] Loading backbone: vgg19
2026-03-10 14:55:12,957 [INFO]     Extraction anchor (200 images)...
2026-03-10 14:55:13,382 [INFO] Extracting features: batch 1/7
2026-03-10 14:55:13,881 [INFO] Extracted raw features: shape = (200, 32896)
2026-03-10 14:55:13,948 [INFO] Fitted scaler on Gram features: mean=2.57e+00, std=1.81e+00
2026-03-10 14:55:13,948 [INFO] Final feature shape: (200, 32896)
2026-03-10 14:55:13,996 [INFO]     Calcul D_rq par 10 chunks de 500 images...
2026-03-10 14:55:14,358 [INFO] Extracting features: batch 1/16
2026-03-10 14:55:15,121 [INFO] Extracting features: batch 11/16
2026-03-10 14:55:15,599 [INFO] Extracted raw features: shape = (500, 32896)
2026-03-10 14:55:15,647 [INFO] Final feature shape: (500, 32896)
2026-03-10 14:55:16,189 [INFO] Extracting features: batch 1/16
2026-03-10 14:55:16,959 [INFO] Extracting features: batch 11/16
2026-03-10 14:55:17,430 [INFO] Extracted raw features: shape = (500, 32896)
2026-03-10 14:55:17,477 [INFO] Final feature shape: (500, 32896)
2026-03-10 14:55:17,651 [INFO]       chunk 2/10
2026-03-10 14:55:18,041 [INFO] Extracting features: batch 1/16
2026-03-10 14:55:18,805 [INFO] Extracting features: batch 11/16
2026-03-10 14:55:19,285 [INFO] Extracted raw features: shape = (500, 32896)
2026-03-10 14:55:19,332 [INFO] Final feature shape: (500, 32896)
2026-03-10 14:55:19,888 [INFO] Extracting features: batch 1/16
2026-03-10 14:55:20,664 [INFO] Extracting features: batch 11/16
2026-03-10 14:55:21,154 [INFO] Extracted raw features: shape = (500, 32896)
2026-03-10 14:55:21,200 [INFO] Final feature shape: (500, 32896)
2026-03-10 14:55:21,383 [INFO]       chunk 4/10
2026-03-10 14:55:21,769 [INFO] Extracting features: batch 1/16
2026-03-10 14:55:22,548 [INFO] Extracting features: batch 11/16
2026-03-10 14:55:23,022 [INFO] Extracted raw features: shape = (500, 32896)
2026-03-10 14:55:23,068 [INFO] Final feature shape: (500, 32896)
2026-03-10 14:55:23,609 [INFO] Extracting features: batch 1/16
2026-03-10 14:55:24,386 [INFO] Extracting features: batch 11/16
2026-03-10 14:55:24,860 [INFO] Extracted raw features: shape = (500, 32896)
2026-03-10 14:55:24,907 [INFO] Final feature shape: (500, 32896)
2026-03-10 14:55:25,078 [INFO]       chunk 6/10
2026-03-10 14:55:25,434 [INFO] Extracting features: batch 1/16
2026-03-10 14:55:26,217 [INFO] Extracting features: batch 11/16
2026-03-10 14:55:26,690 [INFO] Extracted raw features: shape = (500, 32896)
2026-03-10 14:55:26,737 [INFO] Final feature shape: (500, 32896)
2026-03-10 14:55:27,295 [INFO] Extracting features: batch 1/16
2026-03-10 14:55:28,075 [INFO] Extracting features: batch 11/16
2026-03-10 14:55:28,551 [INFO] Extracted raw features: shape = (500, 32896)
2026-03-10 14:55:28,599 [INFO] Final feature shape: (500, 32896)
2026-03-10 14:55:28,780 [INFO]       chunk 8/10
2026-03-10 14:55:29,154 [INFO] Extracting features: batch 1/16
2026-03-10 14:55:29,936 [INFO] Extracting features: batch 11/16
2026-03-10 14:55:30,411 [INFO] Extracted raw features: shape = (500, 32896)
2026-03-10 14:55:30,458 [INFO] Final feature shape: (500, 32896)
2026-03-10 14:55:31,009 [INFO] Extracting features: batch 1/16
2026-03-10 14:55:31,792 [INFO] Extracting features: batch 11/16
2026-03-10 14:55:32,266 [INFO] Extracted raw features: shape = (500, 32896)
2026-03-10 14:55:32,324 [INFO] Final feature shape: (500, 32896)
2026-03-10 14:55:32,497 [INFO]       chunk 10/10
2026-03-10 14:55:32,500 [INFO]     D_rr (156 Ko) et D_rq (3906 Ko) sauvegardés
2026-03-10 14:55:32,502 [INFO]     median_D_rr=5.585e+04  gamma_med=8.952e-06  feat_dim=32896
2026-03-10 14:55:32,693 [INFO]     gamma=     med  ρ=+0.5307  mono=0.405  τ=+0.7216  K_rq=0.5279
2026-03-10 14:55:32,884 [INFO]     gamma= 2.8e-05  ρ=+0.4938  mono=0.366  τ=+0.6973  K_rq=0.2013
2026-03-10 14:55:33,088 [INFO]     gamma= 1.0e-07  ρ=+0.5521  mono=0.430  τ=+0.7345  K_rq=0.9908
2026-03-10 14:55:33,277 [INFO]     gamma= 5.0e-07  ρ=+0.5511  mono=0.426  τ=+0.7330  K_rq=0.9556
2026-03-10 14:55:33,466 [INFO]     gamma= 1.0e-06  ρ=+0.5499  mono=0.424  τ=+0.7328  K_rq=0.9152
2026-03-10 14:55:33,655 [INFO]     gamma= 5.0e-06  ρ=+0.5401  mono=0.417  τ=+0.7284  K_rq=0.6789
2026-03-10 14:55:33,844 [INFO]     gamma= 1.0e-05  ρ=+0.5283  mono=0.405  τ=+0.7202  K_rq=0.4961
2026-03-10 14:55:34,033 [INFO]     gamma= 5.0e-05  ρ=+0.4678  mono=0.343  τ=+0.7019  K_rq=0.0852
2026-03-10 14:55:34,222 [INFO]     gamma= 1.0e-04  ρ=+0.4670  mono=0.437  τ=+0.7799  K_rq=0.0199
2026-03-10 14:55:34,410 [INFO]     gamma= 1.0e-03  ρ=+0.7086  mono=0.150  τ=+0.7028  K_rq=0.0005
vgg19:  33%|███▎      | 6/18 [02:12<04:25, 22.14s/layer]2026-03-10 14:55:34,508 [INFO] 
  Layer 6 — features.14
2026-03-10 14:55:34,508 [INFO] Loading backbone: vgg19
2026-03-10 14:55:35,346 [INFO]     Extraction anchor (200 images)...
2026-03-10 14:55:35,759 [INFO] Extracting features: batch 1/7
2026-03-10 14:55:36,257 [INFO] Extracted raw features: shape = (200, 32896)
2026-03-10 14:55:36,324 [INFO] Fitted scaler on Gram features: mean=3.50e+00, std=2.19e+00
2026-03-10 14:55:36,324 [INFO] Final feature shape: (200, 32896)
2026-03-10 14:55:36,374 [INFO]     Calcul D_rq par 10 chunks de 500 images...
2026-03-10 14:55:36,729 [INFO] Extracting features: batch 1/16
2026-03-10 14:55:37,499 [INFO] Extracting features: batch 11/16
2026-03-10 14:55:37,978 [INFO] Extracted raw features: shape = (500, 32896)
2026-03-10 14:55:38,025 [INFO] Final feature shape: (500, 32896)
2026-03-10 14:55:38,572 [INFO] Extracting features: batch 1/16
2026-03-10 14:55:39,341 [INFO] Extracting features: batch 11/16
2026-03-10 14:55:39,824 [INFO] Extracted raw features: shape = (500, 32896)
2026-03-10 14:55:39,871 [INFO] Final feature shape: (500, 32896)
2026-03-10 14:55:40,051 [INFO]       chunk 2/10
2026-03-10 14:55:40,432 [INFO] Extracting features: batch 1/16
2026-03-10 14:55:41,205 [INFO] Extracting features: batch 11/16
2026-03-10 14:55:41,689 [INFO] Extracted raw features: shape = (500, 32896)
2026-03-10 14:55:41,736 [INFO] Final feature shape: (500, 32896)
2026-03-10 14:55:42,292 [INFO] Extracting features: batch 1/16
2026-03-10 14:55:43,072 [INFO] Extracting features: batch 11/16
2026-03-10 14:55:43,555 [INFO] Extracted raw features: shape = (500, 32896)
2026-03-10 14:55:43,603 [INFO] Final feature shape: (500, 32896)
2026-03-10 14:55:43,775 [INFO]       chunk 4/10
2026-03-10 14:55:44,156 [INFO] Extracting features: batch 1/16
2026-03-10 14:55:44,931 [INFO] Extracting features: batch 11/16
2026-03-10 14:55:45,412 [INFO] Extracted raw features: shape = (500, 32896)
2026-03-10 14:55:45,459 [INFO] Final feature shape: (500, 32896)
2026-03-10 14:55:46,010 [INFO] Extracting features: batch 1/16
2026-03-10 14:55:46,787 [INFO] Extracting features: batch 11/16
2026-03-10 14:55:47,268 [INFO] Extracted raw features: shape = (500, 32896)
2026-03-10 14:55:47,315 [INFO] Final feature shape: (500, 32896)
2026-03-10 14:55:47,502 [INFO]       chunk 6/10
2026-03-10 14:55:47,865 [INFO] Extracting features: batch 1/16
2026-03-10 14:55:48,640 [INFO] Extracting features: batch 11/16
2026-03-10 14:55:49,118 [INFO] Extracted raw features: shape = (500, 32896)
2026-03-10 14:55:49,165 [INFO] Final feature shape: (500, 32896)
2026-03-10 14:55:49,710 [INFO] Extracting features: batch 1/16
2026-03-10 14:55:50,487 [INFO] Extracting features: batch 11/16
2026-03-10 14:55:50,962 [INFO] Extracted raw features: shape = (500, 32896)
2026-03-10 14:55:51,008 [INFO] Final feature shape: (500, 32896)
2026-03-10 14:55:51,183 [INFO]       chunk 8/10
2026-03-10 14:55:51,550 [INFO] Extracting features: batch 1/16
2026-03-10 14:55:52,332 [INFO] Extracting features: batch 11/16
2026-03-10 14:55:52,806 [INFO] Extracted raw features: shape = (500, 32896)
2026-03-10 14:55:52,852 [INFO] Final feature shape: (500, 32896)
2026-03-10 14:55:53,388 [INFO] Extracting features: batch 1/16
2026-03-10 14:55:54,171 [INFO] Extracting features: batch 11/16
2026-03-10 14:55:54,644 [INFO] Extracted raw features: shape = (500, 32896)
2026-03-10 14:55:54,690 [INFO] Final feature shape: (500, 32896)
2026-03-10 14:55:54,862 [INFO]       chunk 10/10
2026-03-10 14:55:54,864 [INFO]     D_rr (156 Ko) et D_rq (3906 Ko) sauvegardés
2026-03-10 14:55:54,866 [INFO]     median_D_rr=5.564e+04  gamma_med=8.986e-06  feat_dim=32896
2026-03-10 14:55:55,058 [INFO]     gamma=     med  ρ=+0.4680  mono=0.352  τ=+0.6040  K_rq=0.5464
2026-03-10 14:55:55,249 [INFO]     gamma= 2.8e-05  ρ=+0.4367  mono=0.307  τ=+0.5700  K_rq=0.2162
2026-03-10 14:55:55,443 [INFO]     gamma= 1.0e-07  ρ=+0.4810  mono=0.386  τ=+0.6266  K_rq=0.9915
2026-03-10 14:55:55,631 [INFO]     gamma= 5.0e-07  ρ=+0.4805  mono=0.385  τ=+0.6244  K_rq=0.9590
2026-03-10 14:55:55,820 [INFO]     gamma= 1.0e-06  ρ=+0.4799  mono=0.383  τ=+0.6230  K_rq=0.9213
2026-03-10 14:55:56,007 [INFO]     gamma= 5.0e-06  ρ=+0.4743  mono=0.364  τ=+0.6134  K_rq=0.6957
2026-03-10 14:55:56,194 [INFO]     gamma= 1.0e-05  ρ=+0.4662  mono=0.343  τ=+0.6006  K_rq=0.5158
2026-03-10 14:55:56,383 [INFO]     gamma= 5.0e-05  ρ=+0.4082  mono=0.276  τ=+0.5627  K_rq=0.0933
2026-03-10 14:55:56,571 [INFO]     gamma= 1.0e-04  ρ=+0.4015  mono=0.333  τ=+0.6825  K_rq=0.0218
2026-03-10 14:55:56,758 [INFO]     gamma= 1.0e-03  ρ=+0.7126  mono=0.225  τ=+0.7308  K_rq=0.0006
vgg19:  39%|███▉      | 7/18 [02:34<04:04, 22.21s/layer]2026-03-10 14:55:56,858 [INFO] 
  Layer 7 — features.16
2026-03-10 14:55:56,858 [INFO] Loading backbone: vgg19
2026-03-10 14:55:57,697 [INFO]     Extraction anchor (200 images)...
2026-03-10 14:55:58,117 [INFO] Extracting features: batch 1/7
2026-03-10 14:55:58,611 [INFO] Extracted raw features: shape = (200, 32896)
2026-03-10 14:55:58,679 [INFO] Fitted scaler on Gram features: mean=2.05e+00, std=1.62e+00
2026-03-10 14:55:58,679 [INFO] Final feature shape: (200, 32896)
2026-03-10 14:55:58,727 [INFO]     Calcul D_rq par 10 chunks de 500 images...
2026-03-10 14:55:59,087 [INFO] Extracting features: batch 1/16
2026-03-10 14:55:59,857 [INFO] Extracting features: batch 11/16
2026-03-10 14:56:00,345 [INFO] Extracted raw features: shape = (500, 32896)
2026-03-10 14:56:00,391 [INFO] Final feature shape: (500, 32896)
2026-03-10 14:56:00,940 [INFO] Extracting features: batch 1/16
2026-03-10 14:56:01,715 [INFO] Extracting features: batch 11/16
2026-03-10 14:56:02,191 [INFO] Extracted raw features: shape = (500, 32896)
2026-03-10 14:56:02,238 [INFO] Final feature shape: (500, 32896)
2026-03-10 14:56:02,417 [INFO]       chunk 2/10
2026-03-10 14:56:02,807 [INFO] Extracting features: batch 1/16
2026-03-10 14:56:03,585 [INFO] Extracting features: batch 11/16
2026-03-10 14:56:04,059 [INFO] Extracted raw features: shape = (500, 32896)
2026-03-10 14:56:04,106 [INFO] Final feature shape: (500, 32896)
2026-03-10 14:56:04,644 [INFO] Extracting features: batch 1/16
2026-03-10 14:56:05,420 [INFO] Extracting features: batch 11/16
2026-03-10 14:56:05,897 [INFO] Extracted raw features: shape = (500, 32896)
2026-03-10 14:56:05,944 [INFO] Final feature shape: (500, 32896)
2026-03-10 14:56:06,126 [INFO]       chunk 4/10
2026-03-10 14:56:06,510 [INFO] Extracting features: batch 1/16
2026-03-10 14:56:07,287 [INFO] Extracting features: batch 11/16
2026-03-10 14:56:07,762 [INFO] Extracted raw features: shape = (500, 32896)
2026-03-10 14:56:07,810 [INFO] Final feature shape: (500, 32896)
2026-03-10 14:56:08,368 [INFO] Extracting features: batch 1/16
2026-03-10 14:56:09,151 [INFO] Extracting features: batch 11/16
2026-03-10 14:56:09,624 [INFO] Extracted raw features: shape = (500, 32896)
2026-03-10 14:56:09,672 [INFO] Final feature shape: (500, 32896)
2026-03-10 14:56:09,849 [INFO]       chunk 6/10
2026-03-10 14:56:10,205 [INFO] Extracting features: batch 1/16
2026-03-10 14:56:10,987 [INFO] Extracting features: batch 11/16
2026-03-10 14:56:11,461 [INFO] Extracted raw features: shape = (500, 32896)
2026-03-10 14:56:11,508 [INFO] Final feature shape: (500, 32896)
2026-03-10 14:56:12,062 [INFO] Extracting features: batch 1/16
2026-03-10 14:56:12,840 [INFO] Extracting features: batch 11/16
2026-03-10 14:56:13,319 [INFO] Extracted raw features: shape = (500, 32896)
2026-03-10 14:56:13,365 [INFO] Final feature shape: (500, 32896)
2026-03-10 14:56:13,539 [INFO]       chunk 8/10
2026-03-10 14:56:13,910 [INFO] Extracting features: batch 1/16
2026-03-10 14:56:14,689 [INFO] Extracting features: batch 11/16
2026-03-10 14:56:15,162 [INFO] Extracted raw features: shape = (500, 32896)
2026-03-10 14:56:15,209 [INFO] Final feature shape: (500, 32896)
2026-03-10 14:56:15,767 [INFO] Extracting features: batch 1/16
2026-03-10 14:56:16,547 [INFO] Extracting features: batch 11/16
2026-03-10 14:56:17,021 [INFO] Extracted raw features: shape = (500, 32896)
2026-03-10 14:56:17,068 [INFO] Final feature shape: (500, 32896)
2026-03-10 14:56:17,251 [INFO]       chunk 10/10
2026-03-10 14:56:17,254 [INFO]     D_rr (156 Ko) et D_rq (3906 Ko) sauvegardés
2026-03-10 14:56:17,256 [INFO]     median_D_rr=5.805e+04  gamma_med=8.614e-06  feat_dim=32896
2026-03-10 14:56:17,448 [INFO]     gamma=     med  ρ=+0.3243  mono=0.242  τ=+0.4116  K_rq=0.5819
2026-03-10 14:56:17,642 [INFO]     gamma= 2.8e-05  ρ=+0.2387  mono=0.179  τ=+0.3010  K_rq=0.2341
2026-03-10 14:56:17,834 [INFO]     gamma= 1.0e-07  ρ=+0.3676  mono=0.296  τ=+0.4714  K_rq=0.9926
2026-03-10 14:56:18,024 [INFO]     gamma= 5.0e-07  ρ=+0.3657  mono=0.295  τ=+0.4682  K_rq=0.9638
2026-03-10 14:56:18,213 [INFO]     gamma= 1.0e-06  ρ=+0.3632  mono=0.292  τ=+0.4632  K_rq=0.9299
2026-03-10 14:56:18,402 [INFO]     gamma= 5.0e-06  ρ=+0.3427  mono=0.266  τ=+0.4344  K_rq=0.7170
2026-03-10 14:56:18,593 [INFO]     gamma= 1.0e-05  ρ=+0.3173  mono=0.236  τ=+0.4054  K_rq=0.5396
2026-03-10 14:56:18,783 [INFO]     gamma= 5.0e-05  ρ=+0.1756  mono=0.135  τ=+0.2170  K_rq=0.1048
2026-03-10 14:56:18,975 [INFO]     gamma= 1.0e-04  ρ=+0.1419  mono=0.154  τ=+0.2507  K_rq=0.0266
2026-03-10 14:56:19,164 [INFO]     gamma= 1.0e-03  ρ=+0.6552  mono=0.256  τ=+0.6722  K_rq=0.0006
vgg19:  44%|████▍     | 8/18 [02:57<03:42, 22.27s/layer]2026-03-10 14:56:19,263 [INFO] 
  Layer 8 — features.19
2026-03-10 14:56:19,264 [INFO] Loading backbone: vgg19
2026-03-10 14:56:20,099 [INFO]     Extraction anchor (200 images)...
2026-03-10 14:56:20,514 [INFO] Extracting features: batch 1/7
2026-03-10 14:56:21,075 [INFO] Extracted raw features: shape = (200, 131328)
2026-03-10 14:56:21,331 [INFO] Fitted scaler on Gram features: mean=2.67e+00, std=2.62e+00
2026-03-10 14:56:21,331 [INFO] Final feature shape: (200, 131328)
2026-03-10 14:56:21,403 [INFO]     Calcul D_rq par 10 chunks de 500 images...
2026-03-10 14:56:21,751 [INFO] Extracting features: batch 1/16
2026-03-10 14:56:22,578 [INFO] Extracting features: batch 11/16
2026-03-10 14:56:23,174 [INFO] Extracted raw features: shape = (500, 131328)
2026-03-10 14:56:23,327 [INFO] Final feature shape: (500, 131328)
2026-03-10 14:56:23,931 [INFO] Extracting features: batch 1/16
2026-03-10 14:56:24,762 [INFO] Extracting features: batch 11/16
2026-03-10 14:56:25,348 [INFO] Extracted raw features: shape = (500, 131328)
2026-03-10 14:56:25,501 [INFO] Final feature shape: (500, 131328)
2026-03-10 14:56:25,743 [INFO]       chunk 2/10
2026-03-10 14:56:26,117 [INFO] Extracting features: batch 1/16
2026-03-10 14:56:26,947 [INFO] Extracting features: batch 11/16
2026-03-10 14:56:27,542 [INFO] Extracted raw features: shape = (500, 131328)
2026-03-10 14:56:27,696 [INFO] Final feature shape: (500, 131328)
2026-03-10 14:56:28,314 [INFO] Extracting features: batch 1/16
2026-03-10 14:56:29,144 [INFO] Extracting features: batch 11/16
2026-03-10 14:56:29,728 [INFO] Extracted raw features: shape = (500, 131328)
2026-03-10 14:56:29,884 [INFO] Final feature shape: (500, 131328)
2026-03-10 14:56:30,115 [INFO]       chunk 4/10
2026-03-10 14:56:30,492 [INFO] Extracting features: batch 1/16
2026-03-10 14:56:31,322 [INFO] Extracting features: batch 11/16
2026-03-10 14:56:31,907 [INFO] Extracted raw features: shape = (500, 131328)
2026-03-10 14:56:32,063 [INFO] Final feature shape: (500, 131328)
2026-03-10 14:56:32,645 [INFO] Extracting features: batch 1/16
2026-03-10 14:56:33,474 [INFO] Extracting features: batch 11/16
2026-03-10 14:56:34,068 [INFO] Extracted raw features: shape = (500, 131328)
2026-03-10 14:56:34,222 [INFO] Final feature shape: (500, 131328)
2026-03-10 14:56:34,458 [INFO]       chunk 6/10
2026-03-10 14:56:34,815 [INFO] Extracting features: batch 1/16
2026-03-10 14:56:35,642 [INFO] Extracting features: batch 11/16
2026-03-10 14:56:36,227 [INFO] Extracted raw features: shape = (500, 131328)
2026-03-10 14:56:36,383 [INFO] Final feature shape: (500, 131328)
2026-03-10 14:56:36,995 [INFO] Extracting features: batch 1/16
2026-03-10 14:56:37,828 [INFO] Extracting features: batch 11/16
2026-03-10 14:56:38,418 [INFO] Extracted raw features: shape = (500, 131328)
2026-03-10 14:56:38,571 [INFO] Final feature shape: (500, 131328)
2026-03-10 14:56:38,801 [INFO]       chunk 8/10
2026-03-10 14:56:39,167 [INFO] Extracting features: batch 1/16
2026-03-10 14:56:39,999 [INFO] Extracting features: batch 11/16
2026-03-10 14:56:40,584 [INFO] Extracted raw features: shape = (500, 131328)
2026-03-10 14:56:40,737 [INFO] Final feature shape: (500, 131328)
2026-03-10 14:56:41,313 [INFO] Extracting features: batch 1/16
2026-03-10 14:56:42,142 [INFO] Extracting features: batch 11/16
2026-03-10 14:56:42,735 [INFO] Extracted raw features: shape = (500, 131328)
2026-03-10 14:56:42,888 [INFO] Final feature shape: (500, 131328)
2026-03-10 14:56:43,115 [INFO]       chunk 10/10
2026-03-10 14:56:43,118 [INFO]     D_rr (156 Ko) et D_rq (3906 Ko) sauvegardés
2026-03-10 14:56:43,119 [INFO]     median_D_rr=2.407e+05  gamma_med=2.078e-06  feat_dim=131328
2026-03-10 14:56:43,313 [INFO]     gamma=     med  ρ=+0.1568  mono=0.110  τ=+0.1222  K_rq=0.5812
2026-03-10 14:56:43,505 [INFO]     gamma= 2.8e-05  ρ=+0.1146  mono=0.116  τ=+0.1444  K_rq=0.0156
2026-03-10 14:56:43,699 [INFO]     gamma= 1.0e-07  ρ=+0.1845  mono=0.135  τ=+0.1752  K_rq=0.9638
2026-03-10 14:56:43,889 [INFO]     gamma= 5.0e-07  ρ=+0.1784  mono=0.130  τ=+0.1644  K_rq=0.8502
2026-03-10 14:56:44,079 [INFO]     gamma= 1.0e-06  ρ=+0.1712  mono=0.122  τ=+0.1496  K_rq=0.7452
2026-03-10 14:56:44,270 [INFO]     gamma= 5.0e-06  ρ=+0.1239  mono=0.093  τ=+0.0583  K_rq=0.3233
2026-03-10 14:56:44,461 [INFO]     gamma= 1.0e-05  ρ=+0.0874  mono=0.070  τ=-0.0042  K_rq=0.1382
2026-03-10 14:56:44,651 [INFO]     gamma= 5.0e-05  ρ=+0.3667  mono=0.405  τ=+0.5772  K_rq=0.0034
2026-03-10 14:56:44,839 [INFO]     gamma= 1.0e-04  ρ=+0.6653  mono=0.510  τ=+0.7343  K_rq=0.0011
2026-03-10 14:56:45,020 [INFO]     gamma= 1.0e-03  ρ=+0.6395  mono=0.009  τ=+0.7279  K_rq=0.0003
vgg19:  50%|█████     | 9/18 [03:23<03:30, 23.39s/layer]2026-03-10 14:56:45,121 [INFO] 
  Layer 9 — features.21
2026-03-10 14:56:45,121 [INFO] Loading backbone: vgg19
2026-03-10 14:56:45,964 [INFO]     Extraction anchor (200 images)...
2026-03-10 14:56:46,379 [INFO] Extracting features: batch 1/7
2026-03-10 14:56:46,943 [INFO] Extracted raw features: shape = (200, 131328)
2026-03-10 14:56:47,164 [INFO] Fitted scaler on Gram features: mean=1.56e+00, std=1.72e+00
2026-03-10 14:56:47,164 [INFO] Final feature shape: (200, 131328)
2026-03-10 14:56:47,235 [INFO]     Calcul D_rq par 10 chunks de 500 images...
2026-03-10 14:56:47,600 [INFO] Extracting features: batch 1/16
2026-03-10 14:56:48,427 [INFO] Extracting features: batch 11/16
2026-03-10 14:56:49,017 [INFO] Extracted raw features: shape = (500, 131328)
2026-03-10 14:56:49,171 [INFO] Final feature shape: (500, 131328)
2026-03-10 14:56:49,768 [INFO] Extracting features: batch 1/16
2026-03-10 14:56:50,599 [INFO] Extracting features: batch 11/16
2026-03-10 14:56:51,182 [INFO] Extracted raw features: shape = (500, 131328)
2026-03-10 14:56:51,336 [INFO] Final feature shape: (500, 131328)
2026-03-10 14:56:51,576 [INFO]       chunk 2/10
2026-03-10 14:56:51,976 [INFO] Extracting features: batch 1/16
2026-03-10 14:56:52,803 [INFO] Extracting features: batch 11/16
2026-03-10 14:56:53,395 [INFO] Extracted raw features: shape = (500, 131328)
2026-03-10 14:56:53,547 [INFO] Final feature shape: (500, 131328)
2026-03-10 14:56:54,150 [INFO] Extracting features: batch 1/16
2026-03-10 14:56:54,981 [INFO] Extracting features: batch 11/16
2026-03-10 14:56:55,563 [INFO] Extracted raw features: shape = (500, 131328)
2026-03-10 14:56:55,717 [INFO] Final feature shape: (500, 131328)
2026-03-10 14:56:55,940 [INFO]       chunk 4/10
2026-03-10 14:56:56,324 [INFO] Extracting features: batch 1/16
2026-03-10 14:56:57,149 [INFO] Extracting features: batch 11/16
2026-03-10 14:56:57,748 [INFO] Extracted raw features: shape = (500, 131328)
2026-03-10 14:56:57,903 [INFO] Final feature shape: (500, 131328)
2026-03-10 14:56:58,494 [INFO] Extracting features: batch 1/16
2026-03-10 14:56:59,322 [INFO] Extracting features: batch 11/16
2026-03-10 14:56:59,905 [INFO] Extracted raw features: shape = (500, 131328)
2026-03-10 14:57:00,059 [INFO] Final feature shape: (500, 131328)
2026-03-10 14:57:00,281 [INFO]       chunk 6/10
2026-03-10 14:57:00,646 [INFO] Extracting features: batch 1/16
2026-03-10 14:57:01,478 [INFO] Extracting features: batch 11/16
2026-03-10 14:57:02,066 [INFO] Extracted raw features: shape = (500, 131328)
2026-03-10 14:57:02,220 [INFO] Final feature shape: (500, 131328)
2026-03-10 14:57:02,816 [INFO] Extracting features: batch 1/16
2026-03-10 14:57:03,648 [INFO] Extracting features: batch 11/16
2026-03-10 14:57:04,233 [INFO] Extracted raw features: shape = (500, 131328)
2026-03-10 14:57:04,387 [INFO] Final feature shape: (500, 131328)
2026-03-10 14:57:04,629 [INFO]       chunk 8/10
2026-03-10 14:57:04,999 [INFO] Extracting features: batch 1/16
2026-03-10 14:57:05,817 [INFO] Extracting features: batch 11/16
2026-03-10 14:57:06,397 [INFO] Extracted raw features: shape = (500, 131328)
2026-03-10 14:57:06,552 [INFO] Final feature shape: (500, 131328)
2026-03-10 14:57:07,130 [INFO] Extracting features: batch 1/16
2026-03-10 14:57:07,960 [INFO] Extracting features: batch 11/16
2026-03-10 14:57:08,552 [INFO] Extracted raw features: shape = (500, 131328)
2026-03-10 14:57:08,706 [INFO] Final feature shape: (500, 131328)
2026-03-10 14:57:08,935 [INFO]       chunk 10/10
2026-03-10 14:57:08,937 [INFO]     D_rr (156 Ko) et D_rq (3906 Ko) sauvegardés
2026-03-10 14:57:08,938 [INFO]     median_D_rr=2.443e+05  gamma_med=2.047e-06  feat_dim=131328
2026-03-10 14:57:09,133 [INFO]     gamma=     med  ρ=+0.1111  mono=0.077  τ=+0.0201  K_rq=0.5727
2026-03-10 14:57:09,323 [INFO]     gamma= 2.8e-05  ρ=+0.1116  mono=0.126  τ=+0.0714  K_rq=0.0142
2026-03-10 14:57:09,517 [INFO]     gamma= 1.0e-07  ρ=+0.1329  mono=0.095  τ=+0.0464  K_rq=0.9239
2026-03-10 14:57:09,706 [INFO]     gamma= 5.0e-07  ρ=+0.1279  mono=0.088  τ=+0.0363  K_rq=0.8166
2026-03-10 14:57:09,898 [INFO]     gamma= 1.0e-06  ρ=+0.1220  mono=0.086  τ=+0.0272  K_rq=0.7246
2026-03-10 14:57:10,088 [INFO]     gamma= 5.0e-06  ρ=+0.0865  mono=0.061  τ=-0.0285  K_rq=0.3148
2026-03-10 14:57:10,278 [INFO]     gamma= 1.0e-05  ρ=+0.0632  mono=0.060  τ=-0.0854  K_rq=0.1328
2026-03-10 14:57:10,465 [INFO]     gamma= 5.0e-05  ρ=+0.4021  mono=0.380  τ=+0.6060  K_rq=0.0029
2026-03-10 14:57:10,651 [INFO]     gamma= 1.0e-04  ρ=+0.6971  mono=0.482  τ=+0.7728  K_rq=0.0010
2026-03-10 14:57:10,832 [INFO]     gamma= 1.0e-03  ρ=+0.6357  mono=0.005  τ=+0.7230  K_rq=0.0002
vgg19:  56%|█████▌    | 10/18 [03:48<03:13, 24.14s/layer]2026-03-10 14:57:10,934 [INFO] 
  Layer 10 — features.23
2026-03-10 14:57:10,934 [INFO] Loading backbone: vgg19
2026-03-10 14:57:11,770 [INFO]     Extraction anchor (200 images)...
2026-03-10 14:57:12,189 [INFO] Extracting features: batch 1/7
2026-03-10 14:57:12,754 [INFO] Extracted raw features: shape = (200, 131328)
2026-03-10 14:57:12,974 [INFO] Fitted scaler on Gram features: mean=9.93e-01, std=1.14e+00
2026-03-10 14:57:12,974 [INFO] Final feature shape: (200, 131328)
2026-03-10 14:57:13,054 [INFO]     Calcul D_rq par 10 chunks de 500 images...
2026-03-10 14:57:13,417 [INFO] Extracting features: batch 1/16
2026-03-10 14:57:14,244 [INFO] Extracting features: batch 11/16
2026-03-10 14:57:14,836 [INFO] Extracted raw features: shape = (500, 131328)
2026-03-10 14:57:14,989 [INFO] Final feature shape: (500, 131328)
2026-03-10 14:57:15,588 [INFO] Extracting features: batch 1/16
2026-03-10 14:57:16,416 [INFO] Extracting features: batch 11/16
2026-03-10 14:57:17,001 [INFO] Extracted raw features: shape = (500, 131328)
2026-03-10 14:57:17,154 [INFO] Final feature shape: (500, 131328)
2026-03-10 14:57:17,383 [INFO]       chunk 2/10
2026-03-10 14:57:17,769 [INFO] Extracting features: batch 1/16
2026-03-10 14:57:18,595 [INFO] Extracting features: batch 11/16
2026-03-10 14:57:19,186 [INFO] Extracted raw features: shape = (500, 131328)
2026-03-10 14:57:19,339 [INFO] Final feature shape: (500, 131328)
2026-03-10 14:57:19,935 [INFO] Extracting features: batch 1/16
2026-03-10 14:57:20,766 [INFO] Extracting features: batch 11/16
2026-03-10 14:57:21,349 [INFO] Extracted raw features: shape = (500, 131328)
2026-03-10 14:57:21,506 [INFO] Final feature shape: (500, 131328)
2026-03-10 14:57:21,740 [INFO]       chunk 4/10
2026-03-10 14:57:22,122 [INFO] Extracting features: batch 1/16
2026-03-10 14:57:22,949 [INFO] Extracting features: batch 11/16
2026-03-10 14:57:23,546 [INFO] Extracted raw features: shape = (500, 131328)
2026-03-10 14:57:23,701 [INFO] Final feature shape: (500, 131328)
2026-03-10 14:57:24,316 [INFO] Extracting features: batch 1/16
2026-03-10 14:57:25,142 [INFO] Extracting features: batch 11/16
2026-03-10 14:57:25,727 [INFO] Extracted raw features: shape = (500, 131328)
2026-03-10 14:57:25,880 [INFO] Final feature shape: (500, 131328)
2026-03-10 14:57:26,111 [INFO]       chunk 6/10
2026-03-10 14:57:26,484 [INFO] Extracting features: batch 1/16
2026-03-10 14:57:27,315 [INFO] Extracting features: batch 11/16
2026-03-10 14:57:27,902 [INFO] Extracted raw features: shape = (500, 131328)
2026-03-10 14:57:28,056 [INFO] Final feature shape: (500, 131328)
2026-03-10 14:57:28,649 [INFO] Extracting features: batch 1/16
2026-03-10 14:57:29,484 [INFO] Extracting features: batch 11/16
2026-03-10 14:57:30,069 [INFO] Extracted raw features: shape = (500, 131328)
2026-03-10 14:57:30,221 [INFO] Final feature shape: (500, 131328)
2026-03-10 14:57:30,459 [INFO]       chunk 8/10
2026-03-10 14:57:30,838 [INFO] Extracting features: batch 1/16
2026-03-10 14:57:31,670 [INFO] Extracting features: batch 11/16
2026-03-10 14:57:32,261 [INFO] Extracted raw features: shape = (500, 131328)
2026-03-10 14:57:32,414 [INFO] Final feature shape: (500, 131328)
2026-03-10 14:57:33,019 [INFO] Extracting features: batch 1/16
2026-03-10 14:57:33,851 [INFO] Extracting features: batch 11/16
2026-03-10 14:57:34,435 [INFO] Extracted raw features: shape = (500, 131328)
2026-03-10 14:57:34,588 [INFO] Final feature shape: (500, 131328)
2026-03-10 14:57:34,828 [INFO]       chunk 10/10
2026-03-10 14:57:34,831 [INFO]     D_rr (156 Ko) et D_rq (3906 Ko) sauvegardés
2026-03-10 14:57:34,833 [INFO]     median_D_rr=2.383e+05  gamma_med=2.098e-06  feat_dim=131328
2026-03-10 14:57:35,030 [INFO]     gamma=     med  ρ=-0.0011  mono=0.024  τ=-0.1886  K_rq=0.5851
2026-03-10 14:57:35,220 [INFO]     gamma= 2.8e-05  ρ=+0.0180  mono=0.044  τ=-0.1470  K_rq=0.0167
2026-03-10 14:57:35,410 [INFO]     gamma= 1.0e-07  ρ=+0.0203  mono=0.032  τ=-0.1448  K_rq=0.9424
2026-03-10 14:57:35,602 [INFO]     gamma= 5.0e-07  ρ=+0.0155  mono=0.030  τ=-0.1546  K_rq=0.8308
2026-03-10 14:57:35,794 [INFO]     gamma= 1.0e-06  ρ=+0.0098  mono=0.028  τ=-0.1658  K_rq=0.7389
2026-03-10 14:57:35,984 [INFO]     gamma= 5.0e-06  ρ=-0.0214  mono=0.020  τ=-0.2259  K_rq=0.3353
2026-03-10 14:57:36,172 [INFO]     gamma= 1.0e-05  ρ=-0.0390  mono=0.017  τ=-0.2726  K_rq=0.1468
2026-03-10 14:57:36,361 [INFO]     gamma= 5.0e-05  ρ=+0.3110  mono=0.238  τ=+0.4473  K_rq=0.0035
2026-03-10 14:57:36,548 [INFO]     gamma= 1.0e-04  ρ=+0.6702  mono=0.451  τ=+0.7542  K_rq=0.0011
2026-03-10 14:57:36,728 [INFO]     gamma= 1.0e-03  ρ=+0.6465  mono=0.010  τ=+0.7253  K_rq=0.0002
vgg19:  61%|██████    | 11/18 [04:14<02:52, 24.68s/layer]2026-03-10 14:57:36,826 [INFO] 
  Layer 11 — features.25
2026-03-10 14:57:36,826 [INFO] Loading backbone: vgg19
2026-03-10 14:57:37,669 [INFO]     Extraction anchor (200 images)...
2026-03-10 14:57:38,090 [INFO] Extracting features: batch 1/7
2026-03-10 14:57:38,653 [INFO] Extracted raw features: shape = (200, 131328)
2026-03-10 14:57:38,875 [INFO] Fitted scaler on Gram features: mean=2.61e-01, std=4.11e-01
2026-03-10 14:57:38,875 [INFO] Final feature shape: (200, 131328)
2026-03-10 14:57:38,943 [INFO]     Calcul D_rq par 10 chunks de 500 images...
2026-03-10 14:57:39,304 [INFO] Extracting features: batch 1/16
2026-03-10 14:57:40,130 [INFO] Extracting features: batch 11/16
2026-03-10 14:57:40,725 [INFO] Extracted raw features: shape = (500, 131328)
2026-03-10 14:57:40,878 [INFO] Final feature shape: (500, 131328)
2026-03-10 14:57:41,502 [INFO] Extracting features: batch 1/16
2026-03-10 14:57:42,330 [INFO] Extracting features: batch 11/16
2026-03-10 14:57:42,916 [INFO] Extracted raw features: shape = (500, 131328)
2026-03-10 14:57:43,070 [INFO] Final feature shape: (500, 131328)
2026-03-10 14:57:43,317 [INFO]       chunk 2/10
2026-03-10 14:57:43,710 [INFO] Extracting features: batch 1/16
2026-03-10 14:57:44,535 [INFO] Extracting features: batch 11/16
2026-03-10 14:57:45,128 [INFO] Extracted raw features: shape = (500, 131328)
2026-03-10 14:57:45,282 [INFO] Final feature shape: (500, 131328)
2026-03-10 14:57:45,892 [INFO] Extracting features: batch 1/16
2026-03-10 14:57:46,721 [INFO] Extracting features: batch 11/16
2026-03-10 14:57:47,306 [INFO] Extracted raw features: shape = (500, 131328)
2026-03-10 14:57:47,459 [INFO] Final feature shape: (500, 131328)
2026-03-10 14:57:47,694 [INFO]       chunk 4/10
2026-03-10 14:57:48,097 [INFO] Extracting features: batch 1/16
2026-03-10 14:57:48,925 [INFO] Extracting features: batch 11/16
2026-03-10 14:57:49,512 [INFO] Extracted raw features: shape = (500, 131328)
2026-03-10 14:57:49,676 [INFO] Final feature shape: (500, 131328)
2026-03-10 14:57:50,285 [INFO] Extracting features: batch 1/16
2026-03-10 14:57:51,113 [INFO] Extracting features: batch 11/16
2026-03-10 14:57:51,705 [INFO] Extracted raw features: shape = (500, 131328)
2026-03-10 14:57:51,861 [INFO] Final feature shape: (500, 131328)
2026-03-10 14:57:52,085 [INFO]       chunk 6/10
2026-03-10 14:57:52,442 [INFO] Extracting features: batch 1/16
2026-03-10 14:57:53,276 [INFO] Extracting features: batch 11/16
2026-03-10 14:57:53,865 [INFO] Extracted raw features: shape = (500, 131328)
2026-03-10 14:57:54,018 [INFO] Final feature shape: (500, 131328)
2026-03-10 14:57:54,630 [INFO] Extracting features: batch 1/16
2026-03-10 14:57:55,455 [INFO] Extracting features: batch 11/16
2026-03-10 14:57:56,049 [INFO] Extracted raw features: shape = (500, 131328)
2026-03-10 14:57:56,202 [INFO] Final feature shape: (500, 131328)
2026-03-10 14:57:56,434 [INFO]       chunk 8/10
2026-03-10 14:57:56,810 [INFO] Extracting features: batch 1/16
2026-03-10 14:57:57,645 [INFO] Extracting features: batch 11/16
2026-03-10 14:57:58,234 [INFO] Extracted raw features: shape = (500, 131328)
2026-03-10 14:57:58,388 [INFO] Final feature shape: (500, 131328)
2026-03-10 14:57:58,979 [INFO] Extracting features: batch 1/16
2026-03-10 14:57:59,797 [INFO] Extracting features: batch 11/16
2026-03-10 14:58:00,384 [INFO] Extracted raw features: shape = (500, 131328)
2026-03-10 14:58:00,539 [INFO] Final feature shape: (500, 131328)
2026-03-10 14:58:00,767 [INFO]       chunk 10/10
2026-03-10 14:58:00,769 [INFO]     D_rr (156 Ko) et D_rq (3906 Ko) sauvegardés
2026-03-10 14:58:00,770 [INFO]     median_D_rr=2.409e+05  gamma_med=2.075e-06  feat_dim=131328
2026-03-10 14:58:00,962 [INFO]     gamma=     med  ρ=-0.2009  mono=0.001  τ=-0.5450  K_rq=0.6312
2026-03-10 14:58:01,151 [INFO]     gamma= 2.8e-05  ρ=-0.1253  mono=0.020  τ=-0.3965  K_rq=0.0200
2026-03-10 14:58:01,340 [INFO]     gamma= 1.0e-07  ρ=-0.1974  mono=0.000  τ=-0.5240  K_rq=0.9763
2026-03-10 14:58:01,528 [INFO]     gamma= 5.0e-07  ρ=-0.1982  mono=0.001  τ=-0.5294  K_rq=0.8889
2026-03-10 14:58:01,715 [INFO]     gamma= 1.0e-06  ρ=-0.1992  mono=0.001  τ=-0.5326  K_rq=0.7940
2026-03-10 14:58:01,902 [INFO]     gamma= 5.0e-06  ρ=-0.2036  mono=0.001  τ=-0.5682  K_rq=0.3612
2026-03-10 14:58:02,088 [INFO]     gamma= 1.0e-05  ρ=-0.2030  mono=0.001  τ=-0.5848  K_rq=0.1611
2026-03-10 14:58:02,277 [INFO]     gamma= 5.0e-05  ρ=+0.1842  mono=0.141  τ=+0.2025  K_rq=0.0043
2026-03-10 14:58:02,465 [INFO]     gamma= 1.0e-04  ρ=+0.6023  mono=0.397  τ=+0.6975  K_rq=0.0011
2026-03-10 14:58:02,648 [INFO]     gamma= 1.0e-03  ρ=+0.6325  mono=0.016  τ=+0.7305  K_rq=0.0002
vgg19:  67%|██████▋   | 12/18 [04:40<02:30, 25.06s/layer]2026-03-10 14:58:02,748 [INFO] 
  Layer 12 — features.28
2026-03-10 14:58:02,748 [INFO] Loading backbone: vgg19
2026-03-10 14:58:03,588 [INFO]     Extraction anchor (200 images)...
2026-03-10 14:58:04,007 [INFO] Extracting features: batch 1/7
2026-03-10 14:58:04,569 [INFO] Extracted raw features: shape = (200, 131328)
2026-03-10 14:58:04,824 [INFO] Fitted scaler on Gram features: mean=7.16e-01, std=1.16e+00
2026-03-10 14:58:04,824 [INFO] Final feature shape: (200, 131328)
2026-03-10 14:58:04,897 [INFO]     Calcul D_rq par 10 chunks de 500 images...
2026-03-10 14:58:05,265 [INFO] Extracting features: batch 1/16
2026-03-10 14:58:06,088 [INFO] Extracting features: batch 11/16
2026-03-10 14:58:06,670 [INFO] Extracted raw features: shape = (500, 131328)
2026-03-10 14:58:06,823 [INFO] Final feature shape: (500, 131328)
2026-03-10 14:58:07,427 [INFO] Extracting features: batch 1/16
2026-03-10 14:58:08,248 [INFO] Extracting features: batch 11/16
2026-03-10 14:58:08,829 [INFO] Extracted raw features: shape = (500, 131328)
2026-03-10 14:58:08,983 [INFO] Final feature shape: (500, 131328)
2026-03-10 14:58:09,217 [INFO]       chunk 2/10
2026-03-10 14:58:09,606 [INFO] Extracting features: batch 1/16
2026-03-10 14:58:10,427 [INFO] Extracting features: batch 11/16
2026-03-10 14:58:11,014 [INFO] Extracted raw features: shape = (500, 131328)
2026-03-10 14:58:11,168 [INFO] Final feature shape: (500, 131328)
2026-03-10 14:58:11,771 [INFO] Extracting features: batch 1/16
2026-03-10 14:58:12,591 [INFO] Extracting features: batch 11/16
2026-03-10 14:58:13,171 [INFO] Extracted raw features: shape = (500, 131328)
2026-03-10 14:58:13,324 [INFO] Final feature shape: (500, 131328)
2026-03-10 14:58:13,555 [INFO]       chunk 4/10
2026-03-10 14:58:13,943 [INFO] Extracting features: batch 1/16
2026-03-10 14:58:14,762 [INFO] Extracting features: batch 11/16
2026-03-10 14:58:15,351 [INFO] Extracted raw features: shape = (500, 131328)
2026-03-10 14:58:15,505 [INFO] Final feature shape: (500, 131328)
2026-03-10 14:58:16,106 [INFO] Extracting features: batch 1/16
2026-03-10 14:58:16,929 [INFO] Extracting features: batch 11/16
2026-03-10 14:58:17,511 [INFO] Extracted raw features: shape = (500, 131328)
2026-03-10 14:58:17,665 [INFO] Final feature shape: (500, 131328)
2026-03-10 14:58:17,892 [INFO]       chunk 6/10
2026-03-10 14:58:18,250 [INFO] Extracting features: batch 1/16
2026-03-10 14:58:19,075 [INFO] Extracting features: batch 11/16
2026-03-10 14:58:19,668 [INFO] Extracted raw features: shape = (500, 131328)
2026-03-10 14:58:19,822 [INFO] Final feature shape: (500, 131328)
2026-03-10 14:58:20,435 [INFO] Extracting features: batch 1/16
2026-03-10 14:58:21,257 [INFO] Extracting features: batch 11/16
2026-03-10 14:58:21,841 [INFO] Extracted raw features: shape = (500, 131328)
2026-03-10 14:58:21,996 [INFO] Final feature shape: (500, 131328)
2026-03-10 14:58:22,235 [INFO]       chunk 8/10
2026-03-10 14:58:22,608 [INFO] Extracting features: batch 1/16
2026-03-10 14:58:23,432 [INFO] Extracting features: batch 11/16
2026-03-10 14:58:24,020 [INFO] Extracted raw features: shape = (500, 131328)
2026-03-10 14:58:24,173 [INFO] Final feature shape: (500, 131328)
2026-03-10 14:58:24,764 [INFO] Extracting features: batch 1/16
2026-03-10 14:58:25,586 [INFO] Extracting features: batch 11/16
2026-03-10 14:58:26,169 [INFO] Extracted raw features: shape = (500, 131328)
2026-03-10 14:58:26,322 [INFO] Final feature shape: (500, 131328)
2026-03-10 14:58:26,560 [INFO]       chunk 10/10
2026-03-10 14:58:26,562 [INFO]     D_rr (156 Ko) et D_rq (3906 Ko) sauvegardés
2026-03-10 14:58:26,563 [INFO]     median_D_rr=2.291e+05  gamma_med=2.182e-06  feat_dim=131328
2026-03-10 14:58:26,757 [INFO]     gamma=     med  ρ=-0.2889  mono=0.001  τ=-0.6412  K_rq=0.6352
2026-03-10 14:58:26,945 [INFO]     gamma= 2.8e-05  ρ=-0.2217  mono=0.012  τ=-0.5136  K_rq=0.0217
2026-03-10 14:58:27,132 [INFO]     gamma= 1.0e-07  ρ=-0.2860  mono=0.001  τ=-0.6304  K_rq=0.9779
2026-03-10 14:58:27,320 [INFO]     gamma= 5.0e-07  ρ=-0.2867  mono=0.001  τ=-0.6338  K_rq=0.8956
2026-03-10 14:58:27,507 [INFO]     gamma= 1.0e-06  ρ=-0.2874  mono=0.001  τ=-0.6366  K_rq=0.8054
2026-03-10 14:58:27,694 [INFO]     gamma= 5.0e-06  ρ=-0.2912  mono=0.001  τ=-0.6494  K_rq=0.3819
2026-03-10 14:58:27,880 [INFO]     gamma= 1.0e-05  ρ=-0.2910  mono=0.001  τ=-0.6608  K_rq=0.1758
2026-03-10 14:58:28,071 [INFO]     gamma= 5.0e-05  ρ=+0.1463  mono=0.119  τ=+0.1432  K_rq=0.0044
2026-03-10 14:58:28,260 [INFO]     gamma= 1.0e-04  ρ=+0.6369  mono=0.395  τ=+0.7058  K_rq=0.0012
2026-03-10 14:58:28,440 [INFO]     gamma= 1.0e-03  ρ=+0.6729  mono=0.018  τ=+0.7387  K_rq=0.0003
vgg19:  72%|███████▏  | 13/18 [05:06<02:06, 25.28s/layer]2026-03-10 14:58:28,539 [INFO] 
  Layer 13 — features.30
2026-03-10 14:58:28,539 [INFO] Loading backbone: vgg19
2026-03-10 14:58:29,384 [INFO]     Extraction anchor (200 images)...
2026-03-10 14:58:29,810 [INFO] Extracting features: batch 1/7
2026-03-10 14:58:30,370 [INFO] Extracted raw features: shape = (200, 131328)
2026-03-10 14:58:30,593 [INFO] Fitted scaler on Gram features: mean=4.75e-01, std=8.97e-01
2026-03-10 14:58:30,593 [INFO] Final feature shape: (200, 131328)
2026-03-10 14:58:30,662 [INFO]     Calcul D_rq par 10 chunks de 500 images...
2026-03-10 14:58:31,021 [INFO] Extracting features: batch 1/16
2026-03-10 14:58:31,837 [INFO] Extracting features: batch 11/16
2026-03-10 14:58:32,429 [INFO] Extracted raw features: shape = (500, 131328)
2026-03-10 14:58:32,583 [INFO] Final feature shape: (500, 131328)
2026-03-10 14:58:33,193 [INFO] Extracting features: batch 1/16
2026-03-10 14:58:34,012 [INFO] Extracting features: batch 11/16
2026-03-10 14:58:34,590 [INFO] Extracted raw features: shape = (500, 131328)
2026-03-10 14:58:34,744 [INFO] Final feature shape: (500, 131328)
2026-03-10 14:58:34,965 [INFO]       chunk 2/10
2026-03-10 14:58:35,353 [INFO] Extracting features: batch 1/16
2026-03-10 14:58:36,155 [INFO] Extracting features: batch 11/16
2026-03-10 14:58:36,733 [INFO] Extracted raw features: shape = (500, 131328)
2026-03-10 14:58:36,886 [INFO] Final feature shape: (500, 131328)
2026-03-10 14:58:37,494 [INFO] Extracting features: batch 1/16
2026-03-10 14:58:38,314 [INFO] Extracting features: batch 11/16
2026-03-10 14:58:38,906 [INFO] Extracted raw features: shape = (500, 131328)
2026-03-10 14:58:39,059 [INFO] Final feature shape: (500, 131328)
2026-03-10 14:58:39,294 [INFO]       chunk 4/10
2026-03-10 14:58:39,674 [INFO] Extracting features: batch 1/16
2026-03-10 14:58:40,497 [INFO] Extracting features: batch 11/16
2026-03-10 14:58:41,080 [INFO] Extracted raw features: shape = (500, 131328)
2026-03-10 14:58:41,234 [INFO] Final feature shape: (500, 131328)
2026-03-10 14:58:41,829 [INFO] Extracting features: batch 1/16
2026-03-10 14:58:42,654 [INFO] Extracting features: batch 11/16
2026-03-10 14:58:43,238 [INFO] Extracted raw features: shape = (500, 131328)
2026-03-10 14:58:43,391 [INFO] Final feature shape: (500, 131328)
2026-03-10 14:58:43,618 [INFO]       chunk 6/10
2026-03-10 14:58:43,980 [INFO] Extracting features: batch 1/16
2026-03-10 14:58:44,804 [INFO] Extracting features: batch 11/16
2026-03-10 14:58:45,385 [INFO] Extracted raw features: shape = (500, 131328)
2026-03-10 14:58:45,538 [INFO] Final feature shape: (500, 131328)
2026-03-10 14:58:46,142 [INFO] Extracting features: batch 1/16
2026-03-10 14:58:46,948 [INFO] Extracting features: batch 11/16
2026-03-10 14:58:47,524 [INFO] Extracted raw features: shape = (500, 131328)
2026-03-10 14:58:47,678 [INFO] Final feature shape: (500, 131328)
2026-03-10 14:58:47,902 [INFO]       chunk 8/10
2026-03-10 14:58:48,275 [INFO] Extracting features: batch 1/16
2026-03-10 14:58:49,098 [INFO] Extracting features: batch 11/16
2026-03-10 14:58:49,686 [INFO] Extracted raw features: shape = (500, 131328)
2026-03-10 14:58:49,839 [INFO] Final feature shape: (500, 131328)
2026-03-10 14:58:50,420 [INFO] Extracting features: batch 1/16
2026-03-10 14:58:51,243 [INFO] Extracting features: batch 11/16
2026-03-10 14:58:51,826 [INFO] Extracted raw features: shape = (500, 131328)
2026-03-10 14:58:51,981 [INFO] Final feature shape: (500, 131328)
2026-03-10 14:58:52,224 [INFO]       chunk 10/10
2026-03-10 14:58:52,226 [INFO]     D_rr (156 Ko) et D_rq (3906 Ko) sauvegardés
2026-03-10 14:58:52,227 [INFO]     median_D_rr=2.282e+05  gamma_med=2.191e-06  feat_dim=131328
2026-03-10 14:58:52,418 [INFO]     gamma=     med  ρ=-0.4383  mono=0.001  τ=-0.7834  K_rq=0.6505
2026-03-10 14:58:52,607 [INFO]     gamma= 2.8e-05  ρ=-0.3876  mono=0.006  τ=-0.6766  K_rq=0.0259
2026-03-10 14:58:52,793 [INFO]     gamma= 1.0e-07  ρ=-0.4357  mono=0.001  τ=-0.7746  K_rq=0.9793
2026-03-10 14:58:52,980 [INFO]     gamma= 5.0e-07  ρ=-0.4363  mono=0.001  τ=-0.7760  K_rq=0.9019
2026-03-10 14:58:53,166 [INFO]     gamma= 1.0e-06  ρ=-0.4369  mono=0.001  τ=-0.7780  K_rq=0.8160
2026-03-10 14:58:53,354 [INFO]     gamma= 5.0e-06  ρ=-0.4404  mono=0.001  τ=-0.7898  K_rq=0.4007
2026-03-10 14:58:53,539 [INFO]     gamma= 1.0e-05  ρ=-0.4407  mono=0.001  τ=-0.7952  K_rq=0.1905
2026-03-10 14:58:53,731 [INFO]     gamma= 5.0e-05  ρ=-0.0747  mono=0.063  τ=-0.1282  K_rq=0.0055
2026-03-10 14:58:53,920 [INFO]     gamma= 1.0e-04  ρ=+0.5575  mono=0.310  τ=+0.5942  K_rq=0.0013
2026-03-10 14:58:54,100 [INFO]     gamma= 1.0e-03  ρ=+0.6690  mono=0.023  τ=+0.7405  K_rq=0.0003
vgg19:  78%|███████▊  | 14/18 [05:32<01:41, 25.39s/layer]2026-03-10 14:58:54,202 [INFO] 
  Layer 14 — features.32
2026-03-10 14:58:54,202 [INFO] Loading backbone: vgg19
2026-03-10 14:58:55,046 [INFO]     Extraction anchor (200 images)...
2026-03-10 14:58:55,468 [INFO] Extracting features: batch 1/7
2026-03-10 14:58:56,027 [INFO] Extracted raw features: shape = (200, 131328)
2026-03-10 14:58:56,249 [INFO] Fitted scaler on Gram features: mean=2.83e-01, std=6.23e-01
2026-03-10 14:58:56,249 [INFO] Final feature shape: (200, 131328)
2026-03-10 14:58:56,329 [INFO]     Calcul D_rq par 10 chunks de 500 images...
2026-03-10 14:58:56,682 [INFO] Extracting features: batch 1/16
2026-03-10 14:58:57,503 [INFO] Extracting features: batch 11/16
2026-03-10 14:58:58,089 [INFO] Extracted raw features: shape = (500, 131328)
2026-03-10 14:58:58,243 [INFO] Final feature shape: (500, 131328)
2026-03-10 14:58:58,848 [INFO] Extracting features: batch 1/16
2026-03-10 14:58:59,672 [INFO] Extracting features: batch 11/16
2026-03-10 14:59:00,252 [INFO] Extracted raw features: shape = (500, 131328)
2026-03-10 14:59:00,405 [INFO] Final feature shape: (500, 131328)
2026-03-10 14:59:00,630 [INFO]       chunk 2/10
2026-03-10 14:59:01,015 [INFO] Extracting features: batch 1/16
2026-03-10 14:59:01,832 [INFO] Extracting features: batch 11/16
2026-03-10 14:59:02,426 [INFO] Extracted raw features: shape = (500, 131328)
2026-03-10 14:59:02,580 [INFO] Final feature shape: (500, 131328)
2026-03-10 14:59:03,177 [INFO] Extracting features: batch 1/16
2026-03-10 14:59:03,999 [INFO] Extracting features: batch 11/16
2026-03-10 14:59:04,578 [INFO] Extracted raw features: shape = (500, 131328)
2026-03-10 14:59:04,732 [INFO] Final feature shape: (500, 131328)
2026-03-10 14:59:04,965 [INFO]       chunk 4/10
2026-03-10 14:59:05,342 [INFO] Extracting features: batch 1/16
2026-03-10 14:59:06,161 [INFO] Extracting features: batch 11/16
2026-03-10 14:59:06,750 [INFO] Extracted raw features: shape = (500, 131328)
2026-03-10 14:59:06,903 [INFO] Final feature shape: (500, 131328)
2026-03-10 14:59:07,501 [INFO] Extracting features: batch 1/16
2026-03-10 14:59:08,324 [INFO] Extracting features: batch 11/16
2026-03-10 14:59:08,905 [INFO] Extracted raw features: shape = (500, 131328)
2026-03-10 14:59:09,058 [INFO] Final feature shape: (500, 131328)
2026-03-10 14:59:09,296 [INFO]       chunk 6/10
2026-03-10 14:59:09,670 [INFO] Extracting features: batch 1/16
2026-03-10 14:59:10,497 [INFO] Extracting features: batch 11/16
2026-03-10 14:59:11,085 [INFO] Extracted raw features: shape = (500, 131328)
2026-03-10 14:59:11,238 [INFO] Final feature shape: (500, 131328)
2026-03-10 14:59:11,841 [INFO] Extracting features: batch 1/16
2026-03-10 14:59:12,668 [INFO] Extracting features: batch 11/16
2026-03-10 14:59:13,251 [INFO] Extracted raw features: shape = (500, 131328)
2026-03-10 14:59:13,404 [INFO] Final feature shape: (500, 131328)
2026-03-10 14:59:13,653 [INFO]       chunk 8/10
2026-03-10 14:59:14,035 [INFO] Extracting features: batch 1/16
2026-03-10 14:59:14,860 [INFO] Extracting features: batch 11/16
2026-03-10 14:59:15,447 [INFO] Extracted raw features: shape = (500, 131328)
2026-03-10 14:59:15,604 [INFO] Final feature shape: (500, 131328)
2026-03-10 14:59:16,198 [INFO] Extracting features: batch 1/16
2026-03-10 14:59:17,022 [INFO] Extracting features: batch 11/16
2026-03-10 14:59:17,604 [INFO] Extracted raw features: shape = (500, 131328)
2026-03-10 14:59:17,757 [INFO] Final feature shape: (500, 131328)
2026-03-10 14:59:17,998 [INFO]       chunk 10/10
2026-03-10 14:59:18,001 [INFO]     D_rr (156 Ko) et D_rq (3906 Ko) sauvegardés
2026-03-10 14:59:18,002 [INFO]     median_D_rr=2.263e+05  gamma_med=2.209e-06  feat_dim=131328
2026-03-10 14:59:18,193 [INFO]     gamma=     med  ρ=-0.5090  mono=0.000  τ=-0.8708  K_rq=0.6558
2026-03-10 14:59:18,395 [INFO]     gamma= 2.8e-05  ρ=-0.4628  mono=0.012  τ=-0.7384  K_rq=0.0317
2026-03-10 14:59:18,581 [INFO]     gamma= 1.0e-07  ρ=-0.5089  mono=0.000  τ=-0.8656  K_rq=0.9797
2026-03-10 14:59:18,768 [INFO]     gamma= 5.0e-07  ρ=-0.5090  mono=0.000  τ=-0.8666  K_rq=0.9040
2026-03-10 14:59:18,953 [INFO]     gamma= 1.0e-06  ρ=-0.5090  mono=0.000  τ=-0.8679  K_rq=0.8200
2026-03-10 14:59:19,139 [INFO]     gamma= 5.0e-06  ρ=-0.5086  mono=0.000  τ=-0.8738  K_rq=0.4130
2026-03-10 14:59:19,324 [INFO]     gamma= 1.0e-05  ρ=-0.5063  mono=0.001  τ=-0.8754  K_rq=0.2044
2026-03-10 14:59:19,515 [INFO]     gamma= 5.0e-05  ρ=-0.2322  mono=0.073  τ=-0.2872  K_rq=0.0071
2026-03-10 14:59:19,705 [INFO]     gamma= 1.0e-04  ρ=+0.4453  mono=0.262  τ=+0.4773  K_rq=0.0015
2026-03-10 14:59:19,885 [INFO]     gamma= 1.0e-03  ρ=+0.6563  mono=0.026  τ=+0.7422  K_rq=0.0003
vgg19:  83%|████████▎ | 15/18 [05:58<01:16, 25.51s/layer]2026-03-10 14:59:19,986 [INFO] 
  Layer 15 — features.34
2026-03-10 14:59:19,986 [INFO] Loading backbone: vgg19
2026-03-10 14:59:20,829 [INFO]     Extraction anchor (200 images)...
2026-03-10 14:59:21,267 [INFO] Extracting features: batch 1/7
2026-03-10 14:59:21,827 [INFO] Extracted raw features: shape = (200, 131328)
2026-03-10 14:59:22,084 [INFO] Fitted scaler on Gram features: mean=4.50e-02, std=2.04e-01
2026-03-10 14:59:22,084 [INFO] Final feature shape: (200, 131328)
2026-03-10 14:59:22,159 [INFO]     Calcul D_rq par 10 chunks de 500 images...
2026-03-10 14:59:22,524 [INFO] Extracting features: batch 1/16
2026-03-10 14:59:23,341 [INFO] Extracting features: batch 11/16
2026-03-10 14:59:23,933 [INFO] Extracted raw features: shape = (500, 131328)
2026-03-10 14:59:24,089 [INFO] Final feature shape: (500, 131328)
2026-03-10 14:59:24,700 [INFO] Extracting features: batch 1/16
2026-03-10 14:59:25,530 [INFO] Extracting features: batch 11/16
2026-03-10 14:59:26,109 [INFO] Extracted raw features: shape = (500, 131328)
2026-03-10 14:59:26,263 [INFO] Final feature shape: (500, 131328)
2026-03-10 14:59:26,495 [INFO]       chunk 2/10
2026-03-10 14:59:26,907 [INFO] Extracting features: batch 1/16
2026-03-10 14:59:27,730 [INFO] Extracting features: batch 11/16
2026-03-10 14:59:28,319 [INFO] Extracted raw features: shape = (500, 131328)
2026-03-10 14:59:28,472 [INFO] Final feature shape: (500, 131328)
2026-03-10 14:59:29,084 [INFO] Extracting features: batch 1/16
2026-03-10 14:59:29,908 [INFO] Extracting features: batch 11/16
2026-03-10 14:59:30,489 [INFO] Extracted raw features: shape = (500, 131328)
2026-03-10 14:59:30,642 [INFO] Final feature shape: (500, 131328)
2026-03-10 14:59:30,867 [INFO]       chunk 4/10
2026-03-10 14:59:31,248 [INFO] Extracting features: batch 1/16
2026-03-10 14:59:32,066 [INFO] Extracting features: batch 11/16
2026-03-10 14:59:32,653 [INFO] Extracted raw features: shape = (500, 131328)
2026-03-10 14:59:32,806 [INFO] Final feature shape: (500, 131328)
2026-03-10 14:59:33,412 [INFO] Extracting features: batch 1/16
2026-03-10 14:59:34,236 [INFO] Extracting features: batch 11/16
2026-03-10 14:59:34,815 [INFO] Extracted raw features: shape = (500, 131328)
2026-03-10 14:59:34,968 [INFO] Final feature shape: (500, 131328)
2026-03-10 14:59:35,203 [INFO]       chunk 6/10
2026-03-10 14:59:35,560 [INFO] Extracting features: batch 1/16
2026-03-10 14:59:36,368 [INFO] Extracting features: batch 11/16
2026-03-10 14:59:36,940 [INFO] Extracted raw features: shape = (500, 131328)
2026-03-10 14:59:37,094 [INFO] Final feature shape: (500, 131328)
2026-03-10 14:59:37,686 [INFO] Extracting features: batch 1/16
2026-03-10 14:59:38,508 [INFO] Extracting features: batch 11/16
2026-03-10 14:59:39,098 [INFO] Extracted raw features: shape = (500, 131328)
2026-03-10 14:59:39,251 [INFO] Final feature shape: (500, 131328)
2026-03-10 14:59:39,481 [INFO]       chunk 8/10
2026-03-10 14:59:39,855 [INFO] Extracting features: batch 1/16
2026-03-10 14:59:40,675 [INFO] Extracting features: batch 11/16
2026-03-10 14:59:41,256 [INFO] Extracted raw features: shape = (500, 131328)
2026-03-10 14:59:41,409 [INFO] Final feature shape: (500, 131328)
2026-03-10 14:59:42,006 [INFO] Extracting features: batch 1/16
2026-03-10 14:59:42,830 [INFO] Extracting features: batch 11/16
2026-03-10 14:59:43,414 [INFO] Extracted raw features: shape = (500, 131328)
2026-03-10 14:59:43,567 [INFO] Final feature shape: (500, 131328)
2026-03-10 14:59:43,811 [INFO]       chunk 10/10
2026-03-10 14:59:43,814 [INFO]     D_rr (156 Ko) et D_rq (3906 Ko) sauvegardés
2026-03-10 14:59:43,815 [INFO]     median_D_rr=2.307e+05  gamma_med=2.168e-06  feat_dim=131328
2026-03-10 14:59:44,013 [INFO]     gamma=     med  ρ=-0.3132  mono=0.014  τ=-0.5564  K_rq=0.6463
2026-03-10 14:59:44,219 [INFO]     gamma= 2.8e-05  ρ=-0.2630  mono=0.046  τ=-0.3868  K_rq=0.0393
2026-03-10 14:59:44,408 [INFO]     gamma= 1.0e-07  ρ=-0.3139  mono=0.014  τ=-0.5558  K_rq=0.9780
2026-03-10 14:59:44,598 [INFO]     gamma= 5.0e-07  ρ=-0.3138  mono=0.014  τ=-0.5560  K_rq=0.8970
2026-03-10 14:59:44,789 [INFO]     gamma= 1.0e-06  ρ=-0.3136  mono=0.014  τ=-0.5562  K_rq=0.8089
2026-03-10 14:59:44,979 [INFO]     gamma= 5.0e-06  ρ=-0.3121  mono=0.014  τ=-0.5564  K_rq=0.4031
2026-03-10 14:59:45,168 [INFO]     gamma= 1.0e-05  ρ=-0.3089  mono=0.016  τ=-0.5440  K_rq=0.2054
2026-03-10 14:59:45,358 [INFO]     gamma= 5.0e-05  ρ=-0.1175  mono=0.084  τ=-0.1147  K_rq=0.0107
2026-03-10 14:59:45,549 [INFO]     gamma= 1.0e-04  ρ=+0.2101  mono=0.196  τ=+0.3261  K_rq=0.0020
2026-03-10 14:59:45,733 [INFO]     gamma= 1.0e-03  ρ=+0.5156  mono=0.019  τ=+0.6156  K_rq=0.0002
vgg19:  89%|████████▉ | 16/18 [06:23<00:51, 25.61s/layer]2026-03-10 14:59:45,835 [INFO] 
  Layer 16 — classifier.0
2026-03-10 14:59:45,835 [INFO] Loading backbone: vgg19
2026-03-10 14:59:46,681 [INFO]     Extraction anchor (200 images)...
2026-03-10 14:59:47,094 [INFO] Extracting features: batch 1/7
2026-03-10 14:59:50,376 [INFO] Extracted raw features: shape = (200, 2098176)
2026-03-10 14:59:54,764 [INFO] Fitted scaler on Gram features: mean=1.53e-01, std=1.01e+00
2026-03-10 14:59:54,764 [INFO] Final feature shape: (200, 2098176)
2026-03-10 14:59:55,727 [INFO]     Calcul D_rq par 10 chunks de 500 images...
2026-03-10 14:59:56,139 [INFO] Extracting features: batch 1/16
2026-03-10 14:59:59,921 [INFO] Extracting features: batch 11/16
2026-03-10 15:00:04,071 [INFO] Extracted raw features: shape = (500, 2098176)
2026-03-10 15:00:06,818 [INFO] Final feature shape: (500, 2098176)
2026-03-10 15:00:10,028 [INFO] Extracting features: batch 1/16
2026-03-10 15:00:14,013 [INFO] Extracting features: batch 11/16
2026-03-10 15:00:18,173 [INFO] Extracted raw features: shape = (500, 2098176)
2026-03-10 15:00:20,734 [INFO] Final feature shape: (500, 2098176)
2026-03-10 15:00:23,430 [INFO]       chunk 2/10
2026-03-10 15:00:23,903 [INFO] Extracting features: batch 1/16
2026-03-10 15:00:27,852 [INFO] Extracting features: batch 11/16
2026-03-10 15:00:32,030 [INFO] Extracted raw features: shape = (500, 2098176)
2026-03-10 15:00:34,587 [INFO] Final feature shape: (500, 2098176)
2026-03-10 15:00:37,698 [INFO] Extracting features: batch 1/16
2026-03-10 15:00:41,721 [INFO] Extracting features: batch 11/16
2026-03-10 15:00:45,930 [INFO] Extracted raw features: shape = (500, 2098176)
2026-03-10 15:00:48,495 [INFO] Final feature shape: (500, 2098176)
2026-03-10 15:00:51,170 [INFO]       chunk 4/10
2026-03-10 15:00:51,637 [INFO] Extracting features: batch 1/16
2026-03-10 15:00:55,630 [INFO] Extracting features: batch 11/16
2026-03-10 15:00:59,817 [INFO] Extracted raw features: shape = (500, 2098176)
2026-03-10 15:01:02,358 [INFO] Final feature shape: (500, 2098176)
2026-03-10 15:01:05,484 [INFO] Extracting features: batch 1/16
2026-03-10 15:01:09,454 [INFO] Extracting features: batch 11/16
2026-03-10 15:01:13,676 [INFO] Extracted raw features: shape = (500, 2098176)
2026-03-10 15:01:16,215 [INFO] Final feature shape: (500, 2098176)
2026-03-10 15:01:18,905 [INFO]       chunk 6/10
2026-03-10 15:01:19,365 [INFO] Extracting features: batch 1/16
2026-03-10 15:01:23,432 [INFO] Extracting features: batch 11/16
2026-03-10 15:01:27,634 [INFO] Extracted raw features: shape = (500, 2098176)
2026-03-10 15:01:30,175 [INFO] Final feature shape: (500, 2098176)
2026-03-10 15:01:33,306 [INFO] Extracting features: batch 1/16
2026-03-10 15:01:37,331 [INFO] Extracting features: batch 11/16
2026-03-10 15:01:41,493 [INFO] Extracted raw features: shape = (500, 2098176)
2026-03-10 15:01:44,026 [INFO] Final feature shape: (500, 2098176)
2026-03-10 15:01:46,699 [INFO]       chunk 8/10
2026-03-10 15:01:47,153 [INFO] Extracting features: batch 1/16
2026-03-10 15:01:51,165 [INFO] Extracting features: batch 11/16
2026-03-10 15:01:55,349 [INFO] Extracted raw features: shape = (500, 2098176)
2026-03-10 15:01:57,888 [INFO] Final feature shape: (500, 2098176)
2026-03-10 15:02:01,023 [INFO] Extracting features: batch 1/16
2026-03-10 15:02:05,034 [INFO] Extracting features: batch 11/16
2026-03-10 15:02:09,221 [INFO] Extracted raw features: shape = (500, 2098176)
2026-03-10 15:02:11,762 [INFO] Final feature shape: (500, 2098176)
2026-03-10 15:02:14,444 [INFO]       chunk 10/10
2026-03-10 15:02:14,459 [INFO]     D_rr (156 Ko) et D_rq (3906 Ko) sauvegardés
2026-03-10 15:02:14,525 [INFO]     median_D_rr=3.845e+06  gamma_med=1.300e-07  feat_dim=2098176
2026-03-10 15:02:14,735 [INFO]     gamma=     med  ρ=-0.1061  mono=0.006  τ=-0.2079  K_rq=0.0090
/home/jnapolitano/Documents/metrique/experiments/sweep_coco_degraded.py:192: ConstantInputWarning: An input array is constant; the correlation coefficient is not defined.
  rho, _ = spearmanr(scores, levels)
2026-03-10 15:02:14,915 [INFO]     gamma= 2.8e-05  ρ=+nan  mono=0.000  τ=+0.0000  K_rq=0.0000
2026-03-10 15:02:15,107 [INFO]     gamma= 1.0e-07  ρ=-0.0995  mono=0.007  τ=-0.2030  K_rq=0.0150
2026-03-10 15:02:15,289 [INFO]     gamma= 5.0e-07  ρ=-0.0673  mono=0.001  τ=-0.1748  K_rq=0.0002
2026-03-10 15:02:15,479 [INFO]     gamma= 1.0e-06  ρ=-0.0325  mono=0.000  τ=-0.1480  K_rq=0.0000
2026-03-10 15:02:15,657 [INFO]     gamma= 5.0e-06  ρ=+nan  mono=0.000  τ=+0.0000  K_rq=0.0000
2026-03-10 15:02:15,833 [INFO]     gamma= 1.0e-05  ρ=+nan  mono=0.000  τ=+0.0000  K_rq=0.0000
2026-03-10 15:02:16,009 [INFO]     gamma= 5.0e-05  ρ=+nan  mono=0.000  τ=+0.0000  K_rq=0.0000
2026-03-10 15:02:16,185 [INFO]     gamma= 1.0e-04  ρ=+nan  mono=0.000  τ=+0.0000  K_rq=0.0000
2026-03-10 15:02:16,360 [INFO]     gamma= 1.0e-03  ρ=+nan  mono=0.000  τ=+0.0000  K_rq=0.0000
vgg19:  94%|█████████▍| 17/18 [08:54<01:03, 63.20s/layer]2026-03-10 15:02:16,466 [INFO] 
  Layer 17 — classifier.3
2026-03-10 15:02:16,466 [INFO] Loading backbone: vgg19
2026-03-10 15:02:17,729 [INFO]     Extraction anchor (200 images)...
2026-03-10 15:02:18,181 [INFO] Extracting features: batch 1/7
2026-03-10 15:02:21,552 [INFO] Extracted raw features: shape = (200, 2098176)
2026-03-10 15:02:25,915 [INFO] Fitted scaler on Gram features: mean=4.67e-02, std=3.14e-01
2026-03-10 15:02:25,915 [INFO] Final feature shape: (200, 2098176)
2026-03-10 15:02:26,953 [INFO]     Calcul D_rq par 10 chunks de 500 images...
2026-03-10 15:02:27,422 [INFO] Extracting features: batch 1/16
2026-03-10 15:02:31,293 [INFO] Extracting features: batch 11/16
2026-03-10 15:02:35,387 [INFO] Extracted raw features: shape = (500, 2098176)
2026-03-10 15:02:37,933 [INFO] Final feature shape: (500, 2098176)
2026-03-10 15:02:41,067 [INFO] Extracting features: batch 1/16
2026-03-10 15:02:45,038 [INFO] Extracting features: batch 11/16
2026-03-10 15:02:49,222 [INFO] Extracted raw features: shape = (500, 2098176)
2026-03-10 15:02:51,767 [INFO] Final feature shape: (500, 2098176)
2026-03-10 15:02:54,390 [INFO]       chunk 2/10
2026-03-10 15:02:54,878 [INFO] Extracting features: batch 1/16
2026-03-10 15:02:58,834 [INFO] Extracting features: batch 11/16
2026-03-10 15:03:03,014 [INFO] Extracted raw features: shape = (500, 2098176)
2026-03-10 15:03:05,573 [INFO] Final feature shape: (500, 2098176)
2026-03-10 15:03:08,696 [INFO] Extracting features: batch 1/16
2026-03-10 15:03:12,701 [INFO] Extracting features: batch 11/16
2026-03-10 15:03:16,830 [INFO] Extracted raw features: shape = (500, 2098176)
2026-03-10 15:03:19,375 [INFO] Final feature shape: (500, 2098176)
2026-03-10 15:03:21,996 [INFO]       chunk 4/10
2026-03-10 15:03:22,480 [INFO] Extracting features: batch 1/16
2026-03-10 15:03:26,409 [INFO] Extracting features: batch 11/16
2026-03-10 15:03:30,563 [INFO] Extracted raw features: shape = (500, 2098176)
2026-03-10 15:03:33,110 [INFO] Final feature shape: (500, 2098176)
2026-03-10 15:03:36,235 [INFO] Extracting features: batch 1/16
2026-03-10 15:03:40,179 [INFO] Extracting features: batch 11/16
2026-03-10 15:03:44,365 [INFO] Extracted raw features: shape = (500, 2098176)
2026-03-10 15:03:46,903 [INFO] Final feature shape: (500, 2098176)
2026-03-10 15:03:49,519 [INFO]       chunk 6/10
2026-03-10 15:03:49,988 [INFO] Extracting features: batch 1/16
2026-03-10 15:03:53,966 [INFO] Extracting features: batch 11/16
2026-03-10 15:03:58,095 [INFO] Extracted raw features: shape = (500, 2098176)
2026-03-10 15:04:00,638 [INFO] Final feature shape: (500, 2098176)
2026-03-10 15:04:03,746 [INFO] Extracting features: batch 1/16
2026-03-10 15:04:07,758 [INFO] Extracting features: batch 11/16
2026-03-10 15:04:11,952 [INFO] Extracted raw features: shape = (500, 2098176)
2026-03-10 15:04:14,492 [INFO] Final feature shape: (500, 2098176)
2026-03-10 15:04:17,106 [INFO]       chunk 8/10
2026-03-10 15:04:17,587 [INFO] Extracting features: batch 1/16
2026-03-10 15:04:21,522 [INFO] Extracting features: batch 11/16
2026-03-10 15:04:25,651 [INFO] Extracted raw features: shape = (500, 2098176)
2026-03-10 15:04:28,193 [INFO] Final feature shape: (500, 2098176)
2026-03-10 15:04:31,265 [INFO] Extracting features: batch 1/16
2026-03-10 15:04:35,280 [INFO] Extracting features: batch 11/16
2026-03-10 15:04:39,457 [INFO] Extracted raw features: shape = (500, 2098176)
2026-03-10 15:04:42,001 [INFO] Final feature shape: (500, 2098176)
2026-03-10 15:04:44,611 [INFO]       chunk 10/10
2026-03-10 15:04:44,625 [INFO]     D_rr (156 Ko) et D_rq (3906 Ko) sauvegardés
2026-03-10 15:04:44,705 [INFO]     median_D_rr=4.029e+06  gamma_med=1.241e-07  feat_dim=2098176
2026-03-10 15:04:44,889 [INFO]     gamma=     med  ρ=-0.0199  mono=0.006  τ=-0.0631  K_rq=0.0019
/home/jnapolitano/Documents/metrique/experiments/sweep_coco_degraded.py:192: ConstantInputWarning: An input array is constant; the correlation coefficient is not defined.
  rho, _ = spearmanr(scores, levels)
2026-03-10 15:04:45,066 [INFO]     gamma= 2.8e-05  ρ=+nan  mono=0.000  τ=+0.0000  K_rq=0.0000
2026-03-10 15:04:45,252 [INFO]     gamma= 1.0e-07  ρ=-0.0160  mono=0.006  τ=-0.0550  K_rq=0.0032
2026-03-10 15:04:45,432 [INFO]     gamma= 5.0e-07  ρ=-0.0023  mono=0.000  τ=-0.0536  K_rq=0.0000
2026-03-10 15:04:45,611 [INFO]     gamma= 1.0e-06  ρ=-0.0409  mono=0.000  τ=-0.3514  K_rq=0.0000
2026-03-10 15:04:45,787 [INFO]     gamma= 5.0e-06  ρ=+nan  mono=0.000  τ=+0.0000  K_rq=0.0000
2026-03-10 15:04:45,964 [INFO]     gamma= 1.0e-05  ρ=+nan  mono=0.000  τ=+0.0000  K_rq=0.0000
2026-03-10 15:04:46,140 [INFO]     gamma= 5.0e-05  ρ=+nan  mono=0.000  τ=+0.0000  K_rq=0.0000
2026-03-10 15:04:46,316 [INFO]     gamma= 1.0e-04  ρ=+nan  mono=0.000  τ=+0.0000  K_rq=0.0000
2026-03-10 15:04:46,492 [INFO]     gamma= 1.0e-03  ρ=+nan  mono=0.000  τ=+0.0000  K_rq=0.0000
vgg19: 100%|██████████| 18/18 [11:24<00:00, 89.33s/layer]vgg19: 100%|██████████| 18/18 [11:24<00:00, 38.03s/layer]
2026-03-10 15:04:46,693 [INFO] 
======================================================================
2026-03-10 15:04:46,693 [INFO] BACKBONE : lpips_vgg  (13 layers)
2026-03-10 15:04:46,693 [INFO] ======================================================================
lpips_vgg:   0%|          | 0/13 [00:00<?, ?layer/s]2026-03-10 15:04:46,693 [INFO] 
  Layer 0 — net.slice1.0
2026-03-10 15:04:46,693 [INFO] Loading backbone: lpips_vgg
/home/jnapolitano/Documents/metrique/.venv/lib/python3.12/site-packages/torchvision/models/_utils.py:208: UserWarning: The parameter 'pretrained' is deprecated since 0.13 and may be removed in the future, please use 'weights' instead.
  warnings.warn(
/home/jnapolitano/Documents/metrique/.venv/lib/python3.12/site-packages/torchvision/models/_utils.py:223: UserWarning: Arguments other than a weight enum or `None` for 'weights' are deprecated since 0.13 and may be removed in the future. The current behavior is equivalent to passing `weights=VGG16_Weights.IMAGENET1K_V1`. You can also use `weights=VGG16_Weights.DEFAULT` to get the most up-to-date weights.
  warnings.warn(msg)
2026-03-10 15:04:47,851 [INFO]     Extraction anchor (200 images)...
2026-03-10 15:04:48,294 [INFO] Extracting features: batch 1/7
2026-03-10 15:04:48,731 [INFO] Extracted raw features: shape = (200, 2080)
2026-03-10 15:04:48,735 [INFO] Fitted scaler on Gram features: mean=1.25e-01, std=8.12e-02
2026-03-10 15:04:48,735 [INFO] Final feature shape: (200, 2080)
2026-03-10 15:04:48,781 [INFO]     Calcul D_rq par 10 chunks de 500 images...
2026-03-10 15:04:49,165 [INFO] Extracting features: batch 1/16
2026-03-10 15:04:49,843 [INFO] Extracting features: batch 11/16
2026-03-10 15:04:50,237 [INFO] Extracted raw features: shape = (500, 2080)
2026-03-10 15:04:50,240 [INFO] Final feature shape: (500, 2080)
2026-03-10 15:04:50,802 [INFO] Extracting features: batch 1/16
2026-03-10 15:04:51,482 [INFO] Extracting features: batch 11/16
2026-03-10 15:04:51,879 [INFO] Extracted raw features: shape = (500, 2080)
2026-03-10 15:04:51,882 [INFO] Final feature shape: (500, 2080)
2026-03-10 15:04:52,046 [INFO]       chunk 2/10
2026-03-10 15:04:52,460 [INFO] Extracting features: batch 1/16
2026-03-10 15:04:53,141 [INFO] Extracting features: batch 11/16
2026-03-10 15:04:53,539 [INFO] Extracted raw features: shape = (500, 2080)
2026-03-10 15:04:53,541 [INFO] Final feature shape: (500, 2080)
2026-03-10 15:04:54,115 [INFO] Extracting features: batch 1/16
2026-03-10 15:04:54,796 [INFO] Extracting features: batch 11/16
2026-03-10 15:04:55,193 [INFO] Extracted raw features: shape = (500, 2080)
2026-03-10 15:04:55,196 [INFO] Final feature shape: (500, 2080)
2026-03-10 15:04:55,366 [INFO]       chunk 4/10
2026-03-10 15:04:55,777 [INFO] Extracting features: batch 1/16
2026-03-10 15:04:56,455 [INFO] Extracting features: batch 11/16
2026-03-10 15:04:56,854 [INFO] Extracted raw features: shape = (500, 2080)
2026-03-10 15:04:56,857 [INFO] Final feature shape: (500, 2080)
2026-03-10 15:04:57,417 [INFO] Extracting features: batch 1/16
2026-03-10 15:04:58,099 [INFO] Extracting features: batch 11/16
2026-03-10 15:04:58,493 [INFO] Extracted raw features: shape = (500, 2080)
2026-03-10 15:04:58,496 [INFO] Final feature shape: (500, 2080)
2026-03-10 15:04:58,666 [INFO]       chunk 6/10
2026-03-10 15:04:59,042 [INFO] Extracting features: batch 1/16
2026-03-10 15:04:59,716 [INFO] Extracting features: batch 11/16
2026-03-10 15:05:00,117 [INFO] Extracted raw features: shape = (500, 2080)
2026-03-10 15:05:00,119 [INFO] Final feature shape: (500, 2080)
2026-03-10 15:05:00,675 [INFO] Extracting features: batch 1/16
2026-03-10 15:05:01,361 [INFO] Extracting features: batch 11/16
2026-03-10 15:05:01,752 [INFO] Extracted raw features: shape = (500, 2080)
2026-03-10 15:05:01,755 [INFO] Final feature shape: (500, 2080)
2026-03-10 15:05:01,929 [INFO]       chunk 8/10
2026-03-10 15:05:02,303 [INFO] Extracting features: batch 1/16
2026-03-10 15:05:02,983 [INFO] Extracting features: batch 11/16
2026-03-10 15:05:03,382 [INFO] Extracted raw features: shape = (500, 2080)
2026-03-10 15:05:03,385 [INFO] Final feature shape: (500, 2080)
2026-03-10 15:05:03,914 [INFO] Extracting features: batch 1/16
2026-03-10 15:05:04,594 [INFO] Extracting features: batch 11/16
2026-03-10 15:05:04,993 [INFO] Extracted raw features: shape = (500, 2080)
2026-03-10 15:05:04,996 [INFO] Final feature shape: (500, 2080)
2026-03-10 15:05:05,161 [INFO]       chunk 10/10
2026-03-10 15:05:05,163 [INFO]     D_rr (156 Ko) et D_rq (3906 Ko) sauvegardés
2026-03-10 15:05:05,165 [INFO]     median_D_rr=3.102e+03  gamma_med=1.612e-04  feat_dim=2080
2026-03-10 15:05:05,354 [INFO]     gamma=     med  ρ=+0.0784  mono=0.275  τ=+0.0838  K_rq=0.5837
2026-03-10 15:05:05,540 [INFO]     gamma= 2.8e-05  ρ=+0.0867  mono=0.284  τ=+0.0997  K_rq=0.8971
2026-03-10 15:05:05,728 [INFO]     gamma= 1.0e-07  ρ=+0.0895  mono=0.291  τ=+0.1057  K_rq=0.9996
2026-03-10 15:05:05,916 [INFO]     gamma= 5.0e-07  ρ=+0.0896  mono=0.289  τ=+0.1074  K_rq=0.9980
2026-03-10 15:05:06,104 [INFO]     gamma= 1.0e-06  ρ=+0.0895  mono=0.288  τ=+0.1064  K_rq=0.9960
2026-03-10 15:05:06,293 [INFO]     gamma= 5.0e-06  ρ=+0.0891  mono=0.287  τ=+0.1058  K_rq=0.9802
2026-03-10 15:05:06,483 [INFO]     gamma= 1.0e-05  ρ=+0.0886  mono=0.286  τ=+0.1042  K_rq=0.9610
2026-03-10 15:05:06,672 [INFO]     gamma= 5.0e-05  ρ=+0.0848  mono=0.285  τ=+0.0956  K_rq=0.8281
2026-03-10 15:05:06,860 [INFO]     gamma= 1.0e-04  ρ=+0.0815  mono=0.280  τ=+0.0880  K_rq=0.7006
2026-03-10 15:05:07,049 [INFO]     gamma= 1.0e-03  ρ=+0.0628  mono=0.258  τ=+0.1084  K_rq=0.1238
lpips_vgg:   8%|▊         | 1/13 [00:20<04:05, 20.46s/layer]2026-03-10 15:05:07,151 [INFO] 
  Layer 1 — net.slice1.2
2026-03-10 15:05:07,151 [INFO] Loading backbone: lpips_vgg
/home/jnapolitano/Documents/metrique/.venv/lib/python3.12/site-packages/torchvision/models/_utils.py:208: UserWarning: The parameter 'pretrained' is deprecated since 0.13 and may be removed in the future, please use 'weights' instead.
  warnings.warn(
/home/jnapolitano/Documents/metrique/.venv/lib/python3.12/site-packages/torchvision/models/_utils.py:223: UserWarning: Arguments other than a weight enum or `None` for 'weights' are deprecated since 0.13 and may be removed in the future. The current behavior is equivalent to passing `weights=VGG16_Weights.IMAGENET1K_V1`. You can also use `weights=VGG16_Weights.DEFAULT` to get the most up-to-date weights.
  warnings.warn(msg)
2026-03-10 15:05:07,933 [INFO]     Extraction anchor (200 images)...
2026-03-10 15:05:08,346 [INFO] Extracting features: batch 1/7
2026-03-10 15:05:08,783 [INFO] Extracted raw features: shape = (200, 2080)
2026-03-10 15:05:08,787 [INFO] Fitted scaler on Gram features: mean=4.02e-01, std=2.92e-01
2026-03-10 15:05:08,787 [INFO] Final feature shape: (200, 2080)
2026-03-10 15:05:08,834 [INFO]     Calcul D_rq par 10 chunks de 500 images...
2026-03-10 15:05:09,193 [INFO] Extracting features: batch 1/16
2026-03-10 15:05:09,877 [INFO] Extracting features: batch 11/16
2026-03-10 15:05:10,279 [INFO] Extracted raw features: shape = (500, 2080)
2026-03-10 15:05:10,281 [INFO] Final feature shape: (500, 2080)
2026-03-10 15:05:10,816 [INFO] Extracting features: batch 1/16
2026-03-10 15:05:11,496 [INFO] Extracting features: batch 11/16
2026-03-10 15:05:11,890 [INFO] Extracted raw features: shape = (500, 2080)
2026-03-10 15:05:11,893 [INFO] Final feature shape: (500, 2080)
2026-03-10 15:05:12,068 [INFO]       chunk 2/10
2026-03-10 15:05:12,453 [INFO] Extracting features: batch 1/16
2026-03-10 15:05:13,132 [INFO] Extracting features: batch 11/16
2026-03-10 15:05:13,532 [INFO] Extracted raw features: shape = (500, 2080)
2026-03-10 15:05:13,535 [INFO] Final feature shape: (500, 2080)
2026-03-10 15:05:14,076 [INFO] Extracting features: batch 1/16
2026-03-10 15:05:14,764 [INFO] Extracting features: batch 11/16
2026-03-10 15:05:15,158 [INFO] Extracted raw features: shape = (500, 2080)
2026-03-10 15:05:15,160 [INFO] Final feature shape: (500, 2080)
2026-03-10 15:05:15,333 [INFO]       chunk 4/10
2026-03-10 15:05:15,714 [INFO] Extracting features: batch 1/16
2026-03-10 15:05:16,398 [INFO] Extracting features: batch 11/16
2026-03-10 15:05:16,804 [INFO] Extracted raw features: shape = (500, 2080)
2026-03-10 15:05:16,806 [INFO] Final feature shape: (500, 2080)
2026-03-10 15:05:17,345 [INFO] Extracting features: batch 1/16
2026-03-10 15:05:18,032 [INFO] Extracting features: batch 11/16
2026-03-10 15:05:18,428 [INFO] Extracted raw features: shape = (500, 2080)
2026-03-10 15:05:18,430 [INFO] Final feature shape: (500, 2080)
2026-03-10 15:05:18,594 [INFO]       chunk 6/10
2026-03-10 15:05:18,955 [INFO] Extracting features: batch 1/16
2026-03-10 15:05:19,637 [INFO] Extracting features: batch 11/16
2026-03-10 15:05:20,036 [INFO] Extracted raw features: shape = (500, 2080)
2026-03-10 15:05:20,039 [INFO] Final feature shape: (500, 2080)
2026-03-10 15:05:20,588 [INFO] Extracting features: batch 1/16
2026-03-10 15:05:21,273 [INFO] Extracting features: batch 11/16
2026-03-10 15:05:21,674 [INFO] Extracted raw features: shape = (500, 2080)
2026-03-10 15:05:21,677 [INFO] Final feature shape: (500, 2080)
2026-03-10 15:05:21,847 [INFO]       chunk 8/10
2026-03-10 15:05:22,217 [INFO] Extracting features: batch 1/16
2026-03-10 15:05:22,900 [INFO] Extracting features: batch 11/16
2026-03-10 15:05:23,298 [INFO] Extracted raw features: shape = (500, 2080)
2026-03-10 15:05:23,301 [INFO] Final feature shape: (500, 2080)
2026-03-10 15:05:23,841 [INFO] Extracting features: batch 1/16
2026-03-10 15:05:24,517 [INFO] Extracting features: batch 11/16
2026-03-10 15:05:24,920 [INFO] Extracted raw features: shape = (500, 2080)
2026-03-10 15:05:24,923 [INFO] Final feature shape: (500, 2080)
2026-03-10 15:05:25,091 [INFO]       chunk 10/10
2026-03-10 15:05:25,093 [INFO]     D_rr (156 Ko) et D_rq (3906 Ko) sauvegardés
2026-03-10 15:05:25,094 [INFO]     median_D_rr=2.889e+03  gamma_med=1.730e-04  feat_dim=2080
2026-03-10 15:05:25,286 [INFO]     gamma=     med  ρ=+0.2377  mono=0.357  τ=+0.3542  K_rq=0.5589
2026-03-10 15:05:25,475 [INFO]     gamma= 2.8e-05  ρ=+0.2482  mono=0.378  τ=+0.3730  K_rq=0.8926
2026-03-10 15:05:25,665 [INFO]     gamma= 1.0e-07  ρ=+0.2500  mono=0.375  τ=+0.3756  K_rq=0.9996
2026-03-10 15:05:25,855 [INFO]     gamma= 5.0e-07  ρ=+0.2500  mono=0.378  τ=+0.3777  K_rq=0.9979
2026-03-10 15:05:26,045 [INFO]     gamma= 1.0e-06  ρ=+0.2500  mono=0.377  τ=+0.3771  K_rq=0.9957
2026-03-10 15:05:26,235 [INFO]     gamma= 5.0e-06  ρ=+0.2497  mono=0.377  τ=+0.3768  K_rq=0.9791
2026-03-10 15:05:26,426 [INFO]     gamma= 1.0e-05  ρ=+0.2494  mono=0.379  τ=+0.3774  K_rq=0.9589
2026-03-10 15:05:26,618 [INFO]     gamma= 5.0e-05  ρ=+0.2466  mono=0.372  τ=+0.3700  K_rq=0.8221
2026-03-10 15:05:26,808 [INFO]     gamma= 1.0e-04  ρ=+0.2431  mono=0.370  τ=+0.3646  K_rq=0.6940
2026-03-10 15:05:27,000 [INFO]     gamma= 1.0e-03  ρ=+0.2033  mono=0.332  τ=+0.3416  K_rq=0.1193
lpips_vgg:  15%|█▌        | 2/13 [00:40<03:41, 20.16s/layer]2026-03-10 15:05:27,101 [INFO] 
  Layer 2 — net.slice2.5
2026-03-10 15:05:27,101 [INFO] Loading backbone: lpips_vgg
/home/jnapolitano/Documents/metrique/.venv/lib/python3.12/site-packages/torchvision/models/_utils.py:208: UserWarning: The parameter 'pretrained' is deprecated since 0.13 and may be removed in the future, please use 'weights' instead.
  warnings.warn(
/home/jnapolitano/Documents/metrique/.venv/lib/python3.12/site-packages/torchvision/models/_utils.py:223: UserWarning: Arguments other than a weight enum or `None` for 'weights' are deprecated since 0.13 and may be removed in the future. The current behavior is equivalent to passing `weights=VGG16_Weights.IMAGENET1K_V1`. You can also use `weights=VGG16_Weights.DEFAULT` to get the most up-to-date weights.
  warnings.warn(msg)
2026-03-10 15:05:27,892 [INFO]     Extraction anchor (200 images)...
2026-03-10 15:05:28,321 [INFO] Extracting features: batch 1/7
2026-03-10 15:05:28,732 [INFO] Extracted raw features: shape = (200, 8256)
2026-03-10 15:05:28,757 [INFO] Fitted scaler on Gram features: mean=8.26e-01, std=4.53e-01
2026-03-10 15:05:28,757 [INFO] Final feature shape: (200, 8256)
2026-03-10 15:05:28,811 [INFO]     Calcul D_rq par 10 chunks de 500 images...
2026-03-10 15:05:29,176 [INFO] Extracting features: batch 1/16
2026-03-10 15:05:29,812 [INFO] Extracting features: batch 11/16
2026-03-10 15:05:30,195 [INFO] Extracted raw features: shape = (500, 8256)
2026-03-10 15:05:30,207 [INFO] Final feature shape: (500, 8256)
2026-03-10 15:05:30,756 [INFO] Extracting features: batch 1/16
2026-03-10 15:05:31,391 [INFO] Extracting features: batch 11/16
2026-03-10 15:05:31,768 [INFO] Extracted raw features: shape = (500, 8256)
2026-03-10 15:05:31,780 [INFO] Final feature shape: (500, 8256)
2026-03-10 15:05:31,959 [INFO]       chunk 2/10
2026-03-10 15:05:32,344 [INFO] Extracting features: batch 1/16
2026-03-10 15:05:32,978 [INFO] Extracting features: batch 11/16
2026-03-10 15:05:33,355 [INFO] Extracted raw features: shape = (500, 8256)
2026-03-10 15:05:33,366 [INFO] Final feature shape: (500, 8256)
2026-03-10 15:05:33,916 [INFO] Extracting features: batch 1/16
2026-03-10 15:05:34,546 [INFO] Extracting features: batch 11/16
2026-03-10 15:05:34,929 [INFO] Extracted raw features: shape = (500, 8256)
2026-03-10 15:05:34,940 [INFO] Final feature shape: (500, 8256)
2026-03-10 15:05:35,116 [INFO]       chunk 4/10
2026-03-10 15:05:35,501 [INFO] Extracting features: batch 1/16
2026-03-10 15:05:36,139 [INFO] Extracting features: batch 11/16
2026-03-10 15:05:36,517 [INFO] Extracted raw features: shape = (500, 8256)
2026-03-10 15:05:36,528 [INFO] Final feature shape: (500, 8256)
2026-03-10 15:05:37,068 [INFO] Extracting features: batch 1/16
2026-03-10 15:05:37,702 [INFO] Extracting features: batch 11/16
2026-03-10 15:05:38,078 [INFO] Extracted raw features: shape = (500, 8256)
2026-03-10 15:05:38,090 [INFO] Final feature shape: (500, 8256)
2026-03-10 15:05:38,273 [INFO]       chunk 6/10
2026-03-10 15:05:38,635 [INFO] Extracting features: batch 1/16
2026-03-10 15:05:39,270 [INFO] Extracting features: batch 11/16
2026-03-10 15:05:39,649 [INFO] Extracted raw features: shape = (500, 8256)
2026-03-10 15:05:39,661 [INFO] Final feature shape: (500, 8256)
2026-03-10 15:05:40,217 [INFO] Extracting features: batch 1/16
2026-03-10 15:05:40,847 [INFO] Extracting features: batch 11/16
2026-03-10 15:05:41,231 [INFO] Extracted raw features: shape = (500, 8256)
2026-03-10 15:05:41,243 [INFO] Final feature shape: (500, 8256)
2026-03-10 15:05:41,423 [INFO]       chunk 8/10
2026-03-10 15:05:41,789 [INFO] Extracting features: batch 1/16
2026-03-10 15:05:42,423 [INFO] Extracting features: batch 11/16
2026-03-10 15:05:42,806 [INFO] Extracted raw features: shape = (500, 8256)
2026-03-10 15:05:42,818 [INFO] Final feature shape: (500, 8256)
2026-03-10 15:05:43,357 [INFO] Extracting features: batch 1/16
2026-03-10 15:05:44,003 [INFO] Extracting features: batch 11/16
2026-03-10 15:05:44,392 [INFO] Extracted raw features: shape = (500, 8256)
2026-03-10 15:05:44,404 [INFO] Final feature shape: (500, 8256)
2026-03-10 15:05:44,583 [INFO]       chunk 10/10
2026-03-10 15:05:44,585 [INFO]     D_rr (156 Ko) et D_rq (3906 Ko) sauvegardés
2026-03-10 15:05:44,586 [INFO]     median_D_rr=1.300e+04  gamma_med=3.846e-05  feat_dim=8256
2026-03-10 15:05:44,776 [INFO]     gamma=     med  ρ=+0.4288  mono=0.427  τ=+0.5724  K_rq=0.5456
2026-03-10 15:05:44,966 [INFO]     gamma= 2.8e-05  ρ=+0.4287  mono=0.431  τ=+0.5710  K_rq=0.6331
2026-03-10 15:05:45,153 [INFO]     gamma= 1.0e-07  ρ=+0.4267  mono=0.437  τ=+0.5649  K_rq=0.9982
2026-03-10 15:05:45,340 [INFO]     gamma= 5.0e-07  ρ=+0.4267  mono=0.439  τ=+0.5653  K_rq=0.9909
2026-03-10 15:05:45,527 [INFO]     gamma= 1.0e-06  ρ=+0.4268  mono=0.436  τ=+0.5652  K_rq=0.9820
2026-03-10 15:05:45,714 [INFO]     gamma= 5.0e-06  ρ=+0.4274  mono=0.437  τ=+0.5668  K_rq=0.9145
2026-03-10 15:05:45,901 [INFO]     gamma= 1.0e-05  ρ=+0.4278  mono=0.435  τ=+0.5692  K_rq=0.8394
2026-03-10 15:05:46,090 [INFO]     gamma= 5.0e-05  ρ=+0.4286  mono=0.425  τ=+0.5732  K_rq=0.4679
2026-03-10 15:05:46,280 [INFO]     gamma= 1.0e-04  ρ=+0.4260  mono=0.413  τ=+0.5734  K_rq=0.2633
2026-03-10 15:05:46,465 [INFO]     gamma= 1.0e-03  ρ=+0.6522  mono=0.732  τ=+0.8812  K_rq=0.0036
lpips_vgg:  23%|██▎       | 3/13 [00:59<03:18, 19.84s/layer]2026-03-10 15:05:46,566 [INFO] 
  Layer 3 — net.slice2.7
2026-03-10 15:05:46,566 [INFO] Loading backbone: lpips_vgg
/home/jnapolitano/Documents/metrique/.venv/lib/python3.12/site-packages/torchvision/models/_utils.py:208: UserWarning: The parameter 'pretrained' is deprecated since 0.13 and may be removed in the future, please use 'weights' instead.
  warnings.warn(
/home/jnapolitano/Documents/metrique/.venv/lib/python3.12/site-packages/torchvision/models/_utils.py:223: UserWarning: Arguments other than a weight enum or `None` for 'weights' are deprecated since 0.13 and may be removed in the future. The current behavior is equivalent to passing `weights=VGG16_Weights.IMAGENET1K_V1`. You can also use `weights=VGG16_Weights.DEFAULT` to get the most up-to-date weights.
  warnings.warn(msg)
2026-03-10 15:05:47,338 [INFO]     Extraction anchor (200 images)...
2026-03-10 15:05:47,763 [INFO] Extracting features: batch 1/7
2026-03-10 15:05:48,172 [INFO] Extracted raw features: shape = (200, 8256)
2026-03-10 15:05:48,190 [INFO] Fitted scaler on Gram features: mean=1.03e+00, std=6.59e-01
2026-03-10 15:05:48,190 [INFO] Final feature shape: (200, 8256)
2026-03-10 15:05:48,238 [INFO]     Calcul D_rq par 10 chunks de 500 images...
2026-03-10 15:05:48,595 [INFO] Extracting features: batch 1/16
2026-03-10 15:05:49,232 [INFO] Extracting features: batch 11/16
2026-03-10 15:05:49,615 [INFO] Extracted raw features: shape = (500, 8256)
2026-03-10 15:05:49,627 [INFO] Final feature shape: (500, 8256)
2026-03-10 15:05:50,174 [INFO] Extracting features: batch 1/16
2026-03-10 15:05:50,822 [INFO] Extracting features: batch 11/16
2026-03-10 15:05:51,205 [INFO] Extracted raw features: shape = (500, 8256)
2026-03-10 15:05:51,216 [INFO] Final feature shape: (500, 8256)
2026-03-10 15:05:51,386 [INFO]       chunk 2/10
2026-03-10 15:05:51,767 [INFO] Extracting features: batch 1/16
2026-03-10 15:05:52,414 [INFO] Extracting features: batch 11/16
2026-03-10 15:05:52,794 [INFO] Extracted raw features: shape = (500, 8256)
2026-03-10 15:05:52,806 [INFO] Final feature shape: (500, 8256)
2026-03-10 15:05:53,362 [INFO] Extracting features: batch 1/16
2026-03-10 15:05:54,010 [INFO] Extracting features: batch 11/16
2026-03-10 15:05:54,394 [INFO] Extracted raw features: shape = (500, 8256)
2026-03-10 15:05:54,406 [INFO] Final feature shape: (500, 8256)
2026-03-10 15:05:54,587 [INFO]       chunk 4/10
2026-03-10 15:05:54,978 [INFO] Extracting features: batch 1/16
2026-03-10 15:05:55,626 [INFO] Extracting features: batch 11/16
2026-03-10 15:05:56,006 [INFO] Extracted raw features: shape = (500, 8256)
2026-03-10 15:05:56,018 [INFO] Final feature shape: (500, 8256)
2026-03-10 15:05:56,560 [INFO] Extracting features: batch 1/16
2026-03-10 15:05:57,208 [INFO] Extracting features: batch 11/16
2026-03-10 15:05:57,588 [INFO] Extracted raw features: shape = (500, 8256)
2026-03-10 15:05:57,602 [INFO] Final feature shape: (500, 8256)
2026-03-10 15:05:57,781 [INFO]       chunk 6/10
2026-03-10 15:05:58,147 [INFO] Extracting features: batch 1/16
2026-03-10 15:05:58,797 [INFO] Extracting features: batch 11/16
2026-03-10 15:05:59,180 [INFO] Extracted raw features: shape = (500, 8256)
2026-03-10 15:05:59,193 [INFO] Final feature shape: (500, 8256)
2026-03-10 15:05:59,731 [INFO] Extracting features: batch 1/16
2026-03-10 15:06:00,379 [INFO] Extracting features: batch 11/16
2026-03-10 15:06:00,767 [INFO] Extracted raw features: shape = (500, 8256)
2026-03-10 15:06:00,779 [INFO] Final feature shape: (500, 8256)
2026-03-10 15:06:00,946 [INFO]       chunk 8/10
2026-03-10 15:06:01,320 [INFO] Extracting features: batch 1/16
2026-03-10 15:06:01,972 [INFO] Extracting features: batch 11/16
2026-03-10 15:06:02,353 [INFO] Extracted raw features: shape = (500, 8256)
2026-03-10 15:06:02,365 [INFO] Final feature shape: (500, 8256)
2026-03-10 15:06:02,913 [INFO] Extracting features: batch 1/16
2026-03-10 15:06:03,561 [INFO] Extracting features: batch 11/16
2026-03-10 15:06:03,947 [INFO] Extracted raw features: shape = (500, 8256)
2026-03-10 15:06:03,959 [INFO] Final feature shape: (500, 8256)
2026-03-10 15:06:04,136 [INFO]       chunk 10/10
2026-03-10 15:06:04,140 [INFO]     D_rr (156 Ko) et D_rq (3906 Ko) sauvegardés
2026-03-10 15:06:04,141 [INFO]     median_D_rr=1.279e+04  gamma_med=3.908e-05  feat_dim=8256
2026-03-10 15:06:04,332 [INFO]     gamma=     med  ρ=+0.4883  mono=0.383  τ=+0.6694  K_rq=0.5275
2026-03-10 15:06:04,518 [INFO]     gamma= 2.8e-05  ρ=+0.4884  mono=0.382  τ=+0.6618  K_rq=0.6200
2026-03-10 15:06:04,704 [INFO]     gamma= 1.0e-07  ρ=+0.4846  mono=0.396  τ=+0.6404  K_rq=0.9980
2026-03-10 15:06:04,890 [INFO]     gamma= 5.0e-07  ρ=+0.4847  mono=0.397  τ=+0.6408  K_rq=0.9903
2026-03-10 15:06:05,078 [INFO]     gamma= 1.0e-06  ρ=+0.4849  mono=0.397  τ=+0.6416  K_rq=0.9807
2026-03-10 15:06:05,266 [INFO]     gamma= 5.0e-06  ρ=+0.4859  mono=0.393  τ=+0.6446  K_rq=0.9091
2026-03-10 15:06:05,454 [INFO]     gamma= 1.0e-05  ρ=+0.4869  mono=0.390  τ=+0.6488  K_rq=0.8308
2026-03-10 15:06:05,641 [INFO]     gamma= 5.0e-05  ρ=+0.4876  mono=0.383  τ=+0.6758  K_rq=0.4545
2026-03-10 15:06:05,827 [INFO]     gamma= 1.0e-04  ρ=+0.4818  mono=0.381  τ=+0.6910  K_rq=0.2521
2026-03-10 15:06:06,012 [INFO]     gamma= 1.0e-03  ρ=+0.6578  mono=0.626  τ=+0.8272  K_rq=0.0031
lpips_vgg:  31%|███       | 4/13 [01:19<02:57, 19.73s/layer]2026-03-10 15:06:06,113 [INFO] 
  Layer 4 — net.slice3.10
2026-03-10 15:06:06,113 [INFO] Loading backbone: lpips_vgg
/home/jnapolitano/Documents/metrique/.venv/lib/python3.12/site-packages/torchvision/models/_utils.py:208: UserWarning: The parameter 'pretrained' is deprecated since 0.13 and may be removed in the future, please use 'weights' instead.
  warnings.warn(
/home/jnapolitano/Documents/metrique/.venv/lib/python3.12/site-packages/torchvision/models/_utils.py:223: UserWarning: Arguments other than a weight enum or `None` for 'weights' are deprecated since 0.13 and may be removed in the future. The current behavior is equivalent to passing `weights=VGG16_Weights.IMAGENET1K_V1`. You can also use `weights=VGG16_Weights.DEFAULT` to get the most up-to-date weights.
  warnings.warn(msg)
2026-03-10 15:06:06,894 [INFO]     Extraction anchor (200 images)...
2026-03-10 15:06:07,317 [INFO] Extracting features: batch 1/7
2026-03-10 15:06:07,742 [INFO] Extracted raw features: shape = (200, 32896)
2026-03-10 15:06:07,808 [INFO] Fitted scaler on Gram features: mean=2.40e+00, std=1.62e+00
2026-03-10 15:06:07,808 [INFO] Final feature shape: (200, 32896)
2026-03-10 15:06:07,861 [INFO]     Calcul D_rq par 10 chunks de 500 images...
2026-03-10 15:06:08,236 [INFO] Extracting features: batch 1/16
2026-03-10 15:06:08,875 [INFO] Extracting features: batch 11/16
2026-03-10 15:06:09,282 [INFO] Extracted raw features: shape = (500, 32896)
2026-03-10 15:06:09,328 [INFO] Final feature shape: (500, 32896)
2026-03-10 15:06:09,894 [INFO] Extracting features: batch 1/16
2026-03-10 15:06:10,553 [INFO] Extracting features: batch 11/16
2026-03-10 15:06:10,966 [INFO] Extracted raw features: shape = (500, 32896)
2026-03-10 15:06:11,012 [INFO] Final feature shape: (500, 32896)
2026-03-10 15:06:11,198 [INFO]       chunk 2/10
2026-03-10 15:06:11,590 [INFO] Extracting features: batch 1/16
2026-03-10 15:06:12,249 [INFO] Extracting features: batch 11/16
2026-03-10 15:06:12,658 [INFO] Extracted raw features: shape = (500, 32896)
2026-03-10 15:06:12,703 [INFO] Final feature shape: (500, 32896)
2026-03-10 15:06:13,293 [INFO] Extracting features: batch 1/16
2026-03-10 15:06:13,953 [INFO] Extracting features: batch 11/16
2026-03-10 15:06:14,363 [INFO] Extracted raw features: shape = (500, 32896)
2026-03-10 15:06:14,410 [INFO] Final feature shape: (500, 32896)
2026-03-10 15:06:14,599 [INFO]       chunk 4/10
2026-03-10 15:06:14,983 [INFO] Extracting features: batch 1/16
2026-03-10 15:06:15,643 [INFO] Extracting features: batch 11/16
2026-03-10 15:06:16,057 [INFO] Extracted raw features: shape = (500, 32896)
2026-03-10 15:06:16,103 [INFO] Final feature shape: (500, 32896)
2026-03-10 15:06:16,686 [INFO] Extracting features: batch 1/16
2026-03-10 15:06:17,347 [INFO] Extracting features: batch 11/16
2026-03-10 15:06:17,761 [INFO] Extracted raw features: shape = (500, 32896)
2026-03-10 15:06:17,808 [INFO] Final feature shape: (500, 32896)
2026-03-10 15:06:18,009 [INFO]       chunk 6/10
2026-03-10 15:06:18,378 [INFO] Extracting features: batch 1/16
2026-03-10 15:06:19,046 [INFO] Extracting features: batch 11/16
2026-03-10 15:06:19,455 [INFO] Extracted raw features: shape = (500, 32896)
2026-03-10 15:06:19,501 [INFO] Final feature shape: (500, 32896)
2026-03-10 15:06:20,085 [INFO] Extracting features: batch 1/16
2026-03-10 15:06:20,743 [INFO] Extracting features: batch 11/16
2026-03-10 15:06:21,151 [INFO] Extracted raw features: shape = (500, 32896)
2026-03-10 15:06:21,197 [INFO] Final feature shape: (500, 32896)
2026-03-10 15:06:21,380 [INFO]       chunk 8/10
2026-03-10 15:06:21,750 [INFO] Extracting features: batch 1/16
2026-03-10 15:06:22,413 [INFO] Extracting features: batch 11/16
2026-03-10 15:06:22,823 [INFO] Extracted raw features: shape = (500, 32896)
2026-03-10 15:06:22,868 [INFO] Final feature shape: (500, 32896)
2026-03-10 15:06:23,423 [INFO] Extracting features: batch 1/16
2026-03-10 15:06:24,076 [INFO] Extracting features: batch 11/16
2026-03-10 15:06:24,485 [INFO] Extracted raw features: shape = (500, 32896)
2026-03-10 15:06:24,531 [INFO] Final feature shape: (500, 32896)
2026-03-10 15:06:24,725 [INFO]       chunk 10/10
2026-03-10 15:06:24,727 [INFO]     D_rr (156 Ko) et D_rq (3906 Ko) sauvegardés
2026-03-10 15:06:24,728 [INFO]     median_D_rr=5.557e+04  gamma_med=8.997e-06  feat_dim=32896
2026-03-10 15:06:24,920 [INFO]     gamma=     med  ρ=+0.5161  mono=0.375  τ=+0.6686  K_rq=0.5386
2026-03-10 15:06:25,110 [INFO]     gamma= 2.8e-05  ρ=+0.4878  mono=0.342  τ=+0.6612  K_rq=0.2048
2026-03-10 15:06:25,298 [INFO]     gamma= 1.0e-07  ρ=+0.5314  mono=0.401  τ=+0.6783  K_rq=0.9919
2026-03-10 15:06:25,484 [INFO]     gamma= 5.0e-07  ρ=+0.5307  mono=0.400  τ=+0.6782  K_rq=0.9605
2026-03-10 15:06:25,671 [INFO]     gamma= 1.0e-06  ρ=+0.5299  mono=0.398  τ=+0.6784  K_rq=0.9235
2026-03-10 15:06:25,859 [INFO]     gamma= 5.0e-06  ρ=+0.5229  mono=0.387  τ=+0.6720  K_rq=0.6934
2026-03-10 15:06:26,047 [INFO]     gamma= 1.0e-05  ρ=+0.5144  mono=0.373  τ=+0.6684  K_rq=0.5074
2026-03-10 15:06:26,234 [INFO]     gamma= 5.0e-05  ρ=+0.4665  mono=0.323  τ=+0.6622  K_rq=0.0864
2026-03-10 15:06:26,421 [INFO]     gamma= 1.0e-04  ρ=+0.4702  mono=0.416  τ=+0.7479  K_rq=0.0202
2026-03-10 15:06:26,609 [INFO]     gamma= 1.0e-03  ρ=+0.7010  mono=0.211  τ=+0.6912  K_rq=0.0006
lpips_vgg:  38%|███▊      | 5/13 [01:40<02:40, 20.04s/layer]2026-03-10 15:06:26,711 [INFO] 
  Layer 5 — net.slice3.12
2026-03-10 15:06:26,711 [INFO] Loading backbone: lpips_vgg
/home/jnapolitano/Documents/metrique/.venv/lib/python3.12/site-packages/torchvision/models/_utils.py:208: UserWarning: The parameter 'pretrained' is deprecated since 0.13 and may be removed in the future, please use 'weights' instead.
  warnings.warn(
/home/jnapolitano/Documents/metrique/.venv/lib/python3.12/site-packages/torchvision/models/_utils.py:223: UserWarning: Arguments other than a weight enum or `None` for 'weights' are deprecated since 0.13 and may be removed in the future. The current behavior is equivalent to passing `weights=VGG16_Weights.IMAGENET1K_V1`. You can also use `weights=VGG16_Weights.DEFAULT` to get the most up-to-date weights.
  warnings.warn(msg)
2026-03-10 15:06:27,477 [INFO]     Extraction anchor (200 images)...
2026-03-10 15:06:27,890 [INFO] Extracting features: batch 1/7
2026-03-10 15:06:28,322 [INFO] Extracted raw features: shape = (200, 32896)
2026-03-10 15:06:28,391 [INFO] Fitted scaler on Gram features: mean=2.86e+00, std=1.82e+00
2026-03-10 15:06:28,391 [INFO] Final feature shape: (200, 32896)
2026-03-10 15:06:28,442 [INFO]     Calcul D_rq par 10 chunks de 500 images...
2026-03-10 15:06:28,805 [INFO] Extracting features: batch 1/16
2026-03-10 15:06:29,456 [INFO] Extracting features: batch 11/16
2026-03-10 15:06:29,869 [INFO] Extracted raw features: shape = (500, 32896)
2026-03-10 15:06:29,915 [INFO] Final feature shape: (500, 32896)
2026-03-10 15:06:30,483 [INFO] Extracting features: batch 1/16
2026-03-10 15:06:31,141 [INFO] Extracting features: batch 11/16
2026-03-10 15:06:31,555 [INFO] Extracted raw features: shape = (500, 32896)
2026-03-10 15:06:31,602 [INFO] Final feature shape: (500, 32896)
2026-03-10 15:06:31,795 [INFO]       chunk 2/10
2026-03-10 15:06:32,179 [INFO] Extracting features: batch 1/16
2026-03-10 15:06:32,841 [INFO] Extracting features: batch 11/16
2026-03-10 15:06:33,252 [INFO] Extracted raw features: shape = (500, 32896)
2026-03-10 15:06:33,298 [INFO] Final feature shape: (500, 32896)
2026-03-10 15:06:33,890 [INFO] Extracting features: batch 1/16
2026-03-10 15:06:34,548 [INFO] Extracting features: batch 11/16
2026-03-10 15:06:34,956 [INFO] Extracted raw features: shape = (500, 32896)
2026-03-10 15:06:35,002 [INFO] Final feature shape: (500, 32896)
2026-03-10 15:06:35,189 [INFO]       chunk 4/10
2026-03-10 15:06:35,571 [INFO] Extracting features: batch 1/16
2026-03-10 15:06:36,229 [INFO] Extracting features: batch 11/16
2026-03-10 15:06:36,643 [INFO] Extracted raw features: shape = (500, 32896)
2026-03-10 15:06:36,689 [INFO] Final feature shape: (500, 32896)
2026-03-10 15:06:37,251 [INFO] Extracting features: batch 1/16
2026-03-10 15:06:37,912 [INFO] Extracting features: batch 11/16
2026-03-10 15:06:38,328 [INFO] Extracted raw features: shape = (500, 32896)
2026-03-10 15:06:38,374 [INFO] Final feature shape: (500, 32896)
2026-03-10 15:06:38,566 [INFO]       chunk 6/10
2026-03-10 15:06:38,933 [INFO] Extracting features: batch 1/16
2026-03-10 15:06:39,594 [INFO] Extracting features: batch 11/16
2026-03-10 15:06:40,003 [INFO] Extracted raw features: shape = (500, 32896)
2026-03-10 15:06:40,049 [INFO] Final feature shape: (500, 32896)
2026-03-10 15:06:40,606 [INFO] Extracting features: batch 1/16
2026-03-10 15:06:41,262 [INFO] Extracting features: batch 11/16
2026-03-10 15:06:41,671 [INFO] Extracted raw features: shape = (500, 32896)
2026-03-10 15:06:41,718 [INFO] Final feature shape: (500, 32896)
2026-03-10 15:06:41,902 [INFO]       chunk 8/10
2026-03-10 15:06:42,274 [INFO] Extracting features: batch 1/16
2026-03-10 15:06:42,934 [INFO] Extracting features: batch 11/16
2026-03-10 15:06:43,346 [INFO] Extracted raw features: shape = (500, 32896)
2026-03-10 15:06:43,392 [INFO] Final feature shape: (500, 32896)
2026-03-10 15:06:43,959 [INFO] Extracting features: batch 1/16
2026-03-10 15:06:44,618 [INFO] Extracting features: batch 11/16
2026-03-10 15:06:45,028 [INFO] Extracted raw features: shape = (500, 32896)
2026-03-10 15:06:45,075 [INFO] Final feature shape: (500, 32896)
2026-03-10 15:06:45,266 [INFO]       chunk 10/10
2026-03-10 15:06:45,268 [INFO]     D_rr (156 Ko) et D_rq (3906 Ko) sauvegardés
2026-03-10 15:06:45,270 [INFO]     median_D_rr=5.584e+04  gamma_med=8.954e-06  feat_dim=32896
2026-03-10 15:06:45,463 [INFO]     gamma=     med  ρ=+0.5451  mono=0.375  τ=+0.6930  K_rq=0.5330
2026-03-10 15:06:45,654 [INFO]     gamma= 2.8e-05  ρ=+0.5131  mono=0.344  τ=+0.6806  K_rq=0.1972
2026-03-10 15:06:45,842 [INFO]     gamma= 1.0e-07  ρ=+0.5605  mono=0.396  τ=+0.7028  K_rq=0.9916
2026-03-10 15:06:46,031 [INFO]     gamma= 5.0e-07  ρ=+0.5599  mono=0.394  τ=+0.7022  K_rq=0.9591
2026-03-10 15:06:46,217 [INFO]     gamma= 1.0e-06  ρ=+0.5591  mono=0.392  τ=+0.7016  K_rq=0.9210
2026-03-10 15:06:46,406 [INFO]     gamma= 5.0e-06  ρ=+0.5523  mono=0.386  τ=+0.6988  K_rq=0.6874
2026-03-10 15:06:46,595 [INFO]     gamma= 1.0e-05  ρ=+0.5432  mono=0.371  τ=+0.6920  K_rq=0.5003
2026-03-10 15:06:46,784 [INFO]     gamma= 5.0e-05  ρ=+0.4863  mono=0.324  τ=+0.6842  K_rq=0.0801
2026-03-10 15:06:46,971 [INFO]     gamma= 1.0e-04  ρ=+0.4811  mono=0.421  τ=+0.7636  K_rq=0.0172
2026-03-10 15:06:47,159 [INFO]     gamma= 1.0e-03  ρ=+0.7257  mono=0.169  τ=+0.7313  K_rq=0.0006
lpips_vgg:  46%|████▌     | 6/13 [02:00<02:21, 20.21s/layer]2026-03-10 15:06:47,260 [INFO] 
  Layer 6 — net.slice3.14
2026-03-10 15:06:47,260 [INFO] Loading backbone: lpips_vgg
/home/jnapolitano/Documents/metrique/.venv/lib/python3.12/site-packages/torchvision/models/_utils.py:208: UserWarning: The parameter 'pretrained' is deprecated since 0.13 and may be removed in the future, please use 'weights' instead.
  warnings.warn(
/home/jnapolitano/Documents/metrique/.venv/lib/python3.12/site-packages/torchvision/models/_utils.py:223: UserWarning: Arguments other than a weight enum or `None` for 'weights' are deprecated since 0.13 and may be removed in the future. The current behavior is equivalent to passing `weights=VGG16_Weights.IMAGENET1K_V1`. You can also use `weights=VGG16_Weights.DEFAULT` to get the most up-to-date weights.
  warnings.warn(msg)
2026-03-10 15:06:48,023 [INFO]     Extraction anchor (200 images)...
2026-03-10 15:06:48,440 [INFO] Extracting features: batch 1/7
2026-03-10 15:06:48,871 [INFO] Extracted raw features: shape = (200, 32896)
2026-03-10 15:06:48,941 [INFO] Fitted scaler on Gram features: mean=1.55e+00, std=1.23e+00
2026-03-10 15:06:48,941 [INFO] Final feature shape: (200, 32896)
2026-03-10 15:06:48,991 [INFO]     Calcul D_rq par 10 chunks de 500 images...
2026-03-10 15:06:49,355 [INFO] Extracting features: batch 1/16
2026-03-10 15:06:50,009 [INFO] Extracting features: batch 11/16
2026-03-10 15:06:50,409 [INFO] Extracted raw features: shape = (500, 32896)
2026-03-10 15:06:50,455 [INFO] Final feature shape: (500, 32896)
2026-03-10 15:06:51,018 [INFO] Extracting features: batch 1/16
2026-03-10 15:06:51,656 [INFO] Extracting features: batch 11/16
2026-03-10 15:06:52,061 [INFO] Extracted raw features: shape = (500, 32896)
2026-03-10 15:06:52,107 [INFO] Final feature shape: (500, 32896)
2026-03-10 15:06:52,305 [INFO]       chunk 2/10
2026-03-10 15:06:52,697 [INFO] Extracting features: batch 1/16
2026-03-10 15:06:53,355 [INFO] Extracting features: batch 11/16
2026-03-10 15:06:53,770 [INFO] Extracted raw features: shape = (500, 32896)
2026-03-10 15:06:53,816 [INFO] Final feature shape: (500, 32896)
2026-03-10 15:06:54,387 [INFO] Extracting features: batch 1/16
2026-03-10 15:06:55,048 [INFO] Extracting features: batch 11/16
2026-03-10 15:06:55,463 [INFO] Extracted raw features: shape = (500, 32896)
2026-03-10 15:06:55,509 [INFO] Final feature shape: (500, 32896)
2026-03-10 15:06:55,705 [INFO]       chunk 4/10
2026-03-10 15:06:56,092 [INFO] Extracting features: batch 1/16
2026-03-10 15:06:56,751 [INFO] Extracting features: batch 11/16
2026-03-10 15:06:57,158 [INFO] Extracted raw features: shape = (500, 32896)
2026-03-10 15:06:57,205 [INFO] Final feature shape: (500, 32896)
2026-03-10 15:06:57,758 [INFO] Extracting features: batch 1/16
2026-03-10 15:06:58,417 [INFO] Extracting features: batch 11/16
2026-03-10 15:06:58,828 [INFO] Extracted raw features: shape = (500, 32896)
2026-03-10 15:06:58,875 [INFO] Final feature shape: (500, 32896)
2026-03-10 15:06:59,064 [INFO]       chunk 6/10
2026-03-10 15:06:59,424 [INFO] Extracting features: batch 1/16
2026-03-10 15:07:00,088 [INFO] Extracting features: batch 11/16
2026-03-10 15:07:00,495 [INFO] Extracted raw features: shape = (500, 32896)
2026-03-10 15:07:00,542 [INFO] Final feature shape: (500, 32896)
2026-03-10 15:07:01,101 [INFO] Extracting features: batch 1/16
2026-03-10 15:07:01,762 [INFO] Extracting features: batch 11/16
2026-03-10 15:07:02,172 [INFO] Extracted raw features: shape = (500, 32896)
2026-03-10 15:07:02,218 [INFO] Final feature shape: (500, 32896)
2026-03-10 15:07:02,414 [INFO]       chunk 8/10
2026-03-10 15:07:02,794 [INFO] Extracting features: batch 1/16
2026-03-10 15:07:03,456 [INFO] Extracting features: batch 11/16
2026-03-10 15:07:03,864 [INFO] Extracted raw features: shape = (500, 32896)
2026-03-10 15:07:03,911 [INFO] Final feature shape: (500, 32896)
2026-03-10 15:07:04,478 [INFO] Extracting features: batch 1/16
2026-03-10 15:07:05,143 [INFO] Extracting features: batch 11/16
2026-03-10 15:07:05,559 [INFO] Extracted raw features: shape = (500, 32896)
2026-03-10 15:07:05,606 [INFO] Final feature shape: (500, 32896)
2026-03-10 15:07:05,802 [INFO]       chunk 10/10
2026-03-10 15:07:05,804 [INFO]     D_rr (156 Ko) et D_rq (3906 Ko) sauvegardés
2026-03-10 15:07:05,806 [INFO]     median_D_rr=5.921e+04  gamma_med=8.445e-06  feat_dim=32896
2026-03-10 15:07:05,998 [INFO]     gamma=     med  ρ=+0.3271  mono=0.234  τ=+0.4046  K_rq=0.5776
2026-03-10 15:07:06,189 [INFO]     gamma= 2.8e-05  ρ=+0.2485  mono=0.171  τ=+0.2990  K_rq=0.2197
2026-03-10 15:07:06,376 [INFO]     gamma= 1.0e-07  ρ=+0.3665  mono=0.273  τ=+0.4645  K_rq=0.9923
2026-03-10 15:07:06,563 [INFO]     gamma= 5.0e-07  ρ=+0.3646  mono=0.271  τ=+0.4598  K_rq=0.9627
2026-03-10 15:07:06,751 [INFO]     gamma= 1.0e-06  ρ=+0.3623  mono=0.271  τ=+0.4565  K_rq=0.9279
2026-03-10 15:07:06,940 [INFO]     gamma= 5.0e-06  ρ=+0.3433  mono=0.246  τ=+0.4270  K_rq=0.7099
2026-03-10 15:07:07,130 [INFO]     gamma= 1.0e-05  ρ=+0.3200  mono=0.225  τ=+0.3962  K_rq=0.5289
2026-03-10 15:07:07,319 [INFO]     gamma= 5.0e-05  ρ=+0.1910  mono=0.132  τ=+0.2074  K_rq=0.0928
2026-03-10 15:07:07,508 [INFO]     gamma= 1.0e-04  ρ=+0.1702  mono=0.174  τ=+0.2863  K_rq=0.0212
2026-03-10 15:07:07,694 [INFO]     gamma= 1.0e-03  ρ=+0.6835  mono=0.245  τ=+0.7059  K_rq=0.0006
lpips_vgg:  54%|█████▍    | 7/13 [02:21<02:01, 20.32s/layer]2026-03-10 15:07:07,796 [INFO] 
  Layer 7 — net.slice4.17
2026-03-10 15:07:07,796 [INFO] Loading backbone: lpips_vgg
/home/jnapolitano/Documents/metrique/.venv/lib/python3.12/site-packages/torchvision/models/_utils.py:208: UserWarning: The parameter 'pretrained' is deprecated since 0.13 and may be removed in the future, please use 'weights' instead.
  warnings.warn(
/home/jnapolitano/Documents/metrique/.venv/lib/python3.12/site-packages/torchvision/models/_utils.py:223: UserWarning: Arguments other than a weight enum or `None` for 'weights' are deprecated since 0.13 and may be removed in the future. The current behavior is equivalent to passing `weights=VGG16_Weights.IMAGENET1K_V1`. You can also use `weights=VGG16_Weights.DEFAULT` to get the most up-to-date weights.
  warnings.warn(msg)
2026-03-10 15:07:08,553 [INFO]     Extraction anchor (200 images)...
2026-03-10 15:07:08,988 [INFO] Extracting features: batch 1/7
2026-03-10 15:07:09,478 [INFO] Extracted raw features: shape = (200, 131328)
2026-03-10 15:07:09,750 [INFO] Fitted scaler on Gram features: mean=2.05e+00, std=2.09e+00
2026-03-10 15:07:09,750 [INFO] Final feature shape: (200, 131328)
2026-03-10 15:07:09,824 [INFO]     Calcul D_rq par 10 chunks de 500 images...
2026-03-10 15:07:10,193 [INFO] Extracting features: batch 1/16
2026-03-10 15:07:10,910 [INFO] Extracting features: batch 11/16
2026-03-10 15:07:11,436 [INFO] Extracted raw features: shape = (500, 131328)
2026-03-10 15:07:11,591 [INFO] Final feature shape: (500, 131328)
2026-03-10 15:07:12,208 [INFO] Extracting features: batch 1/16
2026-03-10 15:07:12,922 [INFO] Extracting features: batch 11/16
2026-03-10 15:07:13,443 [INFO] Extracted raw features: shape = (500, 131328)
2026-03-10 15:07:13,598 [INFO] Final feature shape: (500, 131328)
2026-03-10 15:07:13,835 [INFO]       chunk 2/10
2026-03-10 15:07:14,226 [INFO] Extracting features: batch 1/16
2026-03-10 15:07:14,949 [INFO] Extracting features: batch 11/16
2026-03-10 15:07:15,471 [INFO] Extracted raw features: shape = (500, 131328)
2026-03-10 15:07:15,625 [INFO] Final feature shape: (500, 131328)
2026-03-10 15:07:16,237 [INFO] Extracting features: batch 1/16
2026-03-10 15:07:16,956 [INFO] Extracting features: batch 11/16
2026-03-10 15:07:17,486 [INFO] Extracted raw features: shape = (500, 131328)
2026-03-10 15:07:17,644 [INFO] Final feature shape: (500, 131328)
2026-03-10 15:07:17,883 [INFO]       chunk 4/10
2026-03-10 15:07:18,273 [INFO] Extracting features: batch 1/16
2026-03-10 15:07:18,978 [INFO] Extracting features: batch 11/16
2026-03-10 15:07:19,493 [INFO] Extracted raw features: shape = (500, 131328)
2026-03-10 15:07:19,647 [INFO] Final feature shape: (500, 131328)
2026-03-10 15:07:20,268 [INFO] Extracting features: batch 1/16
2026-03-10 15:07:20,986 [INFO] Extracting features: batch 11/16
2026-03-10 15:07:21,508 [INFO] Extracted raw features: shape = (500, 131328)
2026-03-10 15:07:21,662 [INFO] Final feature shape: (500, 131328)
2026-03-10 15:07:21,900 [INFO]       chunk 6/10
2026-03-10 15:07:22,268 [INFO] Extracting features: batch 1/16
2026-03-10 15:07:22,989 [INFO] Extracting features: batch 11/16
2026-03-10 15:07:23,509 [INFO] Extracted raw features: shape = (500, 131328)
2026-03-10 15:07:23,664 [INFO] Final feature shape: (500, 131328)
2026-03-10 15:07:24,296 [INFO] Extracting features: batch 1/16
2026-03-10 15:07:25,010 [INFO] Extracting features: batch 11/16
2026-03-10 15:07:25,533 [INFO] Extracted raw features: shape = (500, 131328)
2026-03-10 15:07:25,687 [INFO] Final feature shape: (500, 131328)
2026-03-10 15:07:25,914 [INFO]       chunk 8/10
2026-03-10 15:07:26,285 [INFO] Extracting features: batch 1/16
2026-03-10 15:07:27,003 [INFO] Extracting features: batch 11/16
2026-03-10 15:07:27,532 [INFO] Extracted raw features: shape = (500, 131328)
2026-03-10 15:07:27,687 [INFO] Final feature shape: (500, 131328)
2026-03-10 15:07:28,290 [INFO] Extracting features: batch 1/16
2026-03-10 15:07:29,014 [INFO] Extracting features: batch 11/16
2026-03-10 15:07:29,537 [INFO] Extracted raw features: shape = (500, 131328)
2026-03-10 15:07:29,692 [INFO] Final feature shape: (500, 131328)
2026-03-10 15:07:29,924 [INFO]       chunk 10/10
2026-03-10 15:07:29,927 [INFO]     D_rr (156 Ko) et D_rq (3906 Ko) sauvegardés
2026-03-10 15:07:29,929 [INFO]     median_D_rr=2.441e+05  gamma_med=2.049e-06  feat_dim=131328
2026-03-10 15:07:30,120 [INFO]     gamma=     med  ρ=+0.1753  mono=0.104  τ=+0.1376  K_rq=0.5769
2026-03-10 15:07:30,310 [INFO]     gamma= 2.8e-05  ρ=+0.1661  mono=0.152  τ=+0.2470  K_rq=0.0126
2026-03-10 15:07:30,500 [INFO]     gamma= 1.0e-07  ρ=+0.1976  mono=0.123  τ=+0.1810  K_rq=0.9635
2026-03-10 15:07:30,692 [INFO]     gamma= 5.0e-07  ρ=+0.1927  mono=0.123  τ=+0.1722  K_rq=0.8479
2026-03-10 15:07:30,884 [INFO]     gamma= 1.0e-06  ρ=+0.1868  mono=0.117  τ=+0.1588  K_rq=0.7406
2026-03-10 15:07:31,077 [INFO]     gamma= 5.0e-06  ρ=+0.1478  mono=0.087  τ=+0.0868  K_rq=0.3117
2026-03-10 15:07:31,269 [INFO]     gamma= 1.0e-05  ρ=+0.1174  mono=0.071  τ=+0.0305  K_rq=0.1276
2026-03-10 15:07:31,458 [INFO]     gamma= 5.0e-05  ρ=+0.4712  mono=0.493  τ=+0.6632  K_rq=0.0027
2026-03-10 15:07:31,646 [INFO]     gamma= 1.0e-04  ρ=+0.7044  mono=0.536  τ=+0.7682  K_rq=0.0010
2026-03-10 15:07:31,828 [INFO]     gamma= 1.0e-03  ρ=+0.6442  mono=0.005  τ=+0.7241  K_rq=0.0003
lpips_vgg:  62%|██████▏   | 8/13 [02:45<01:47, 21.53s/layer]2026-03-10 15:07:31,930 [INFO] 
  Layer 8 — net.slice4.19
2026-03-10 15:07:31,930 [INFO] Loading backbone: lpips_vgg
/home/jnapolitano/Documents/metrique/.venv/lib/python3.12/site-packages/torchvision/models/_utils.py:208: UserWarning: The parameter 'pretrained' is deprecated since 0.13 and may be removed in the future, please use 'weights' instead.
  warnings.warn(
/home/jnapolitano/Documents/metrique/.venv/lib/python3.12/site-packages/torchvision/models/_utils.py:223: UserWarning: Arguments other than a weight enum or `None` for 'weights' are deprecated since 0.13 and may be removed in the future. The current behavior is equivalent to passing `weights=VGG16_Weights.IMAGENET1K_V1`. You can also use `weights=VGG16_Weights.DEFAULT` to get the most up-to-date weights.
  warnings.warn(msg)
2026-03-10 15:07:32,695 [INFO]     Extraction anchor (200 images)...
2026-03-10 15:07:33,123 [INFO] Extracting features: batch 1/7
2026-03-10 15:07:33,615 [INFO] Extracted raw features: shape = (200, 131328)
2026-03-10 15:07:33,868 [INFO] Fitted scaler on Gram features: mean=1.19e+00, std=1.33e+00
2026-03-10 15:07:33,868 [INFO] Final feature shape: (200, 131328)
2026-03-10 15:07:33,939 [INFO]     Calcul D_rq par 10 chunks de 500 images...
2026-03-10 15:07:34,297 [INFO] Extracting features: batch 1/16
2026-03-10 15:07:35,008 [INFO] Extracting features: batch 11/16
2026-03-10 15:07:35,538 [INFO] Extracted raw features: shape = (500, 131328)
2026-03-10 15:07:35,692 [INFO] Final feature shape: (500, 131328)
2026-03-10 15:07:36,303 [INFO] Extracting features: batch 1/16
2026-03-10 15:07:37,018 [INFO] Extracting features: batch 11/16
2026-03-10 15:07:37,540 [INFO] Extracted raw features: shape = (500, 131328)
2026-03-10 15:07:37,695 [INFO] Final feature shape: (500, 131328)
2026-03-10 15:07:37,931 [INFO]       chunk 2/10
2026-03-10 15:07:38,325 [INFO] Extracting features: batch 1/16
2026-03-10 15:07:39,039 [INFO] Extracting features: batch 11/16
2026-03-10 15:07:39,557 [INFO] Extracted raw features: shape = (500, 131328)
2026-03-10 15:07:39,714 [INFO] Final feature shape: (500, 131328)
2026-03-10 15:07:40,346 [INFO] Extracting features: batch 1/16
2026-03-10 15:07:41,051 [INFO] Extracting features: batch 11/16
2026-03-10 15:07:41,560 [INFO] Extracted raw features: shape = (500, 131328)
2026-03-10 15:07:41,714 [INFO] Final feature shape: (500, 131328)
2026-03-10 15:07:41,946 [INFO]       chunk 4/10
2026-03-10 15:07:42,326 [INFO] Extracting features: batch 1/16
2026-03-10 15:07:43,053 [INFO] Extracting features: batch 11/16
2026-03-10 15:07:43,577 [INFO] Extracted raw features: shape = (500, 131328)
2026-03-10 15:07:43,732 [INFO] Final feature shape: (500, 131328)
2026-03-10 15:07:44,354 [INFO] Extracting features: batch 1/16
2026-03-10 15:07:45,071 [INFO] Extracting features: batch 11/16
2026-03-10 15:07:45,596 [INFO] Extracted raw features: shape = (500, 131328)
2026-03-10 15:07:45,767 [INFO] Final feature shape: (500, 131328)
2026-03-10 15:07:46,005 [INFO]       chunk 6/10
2026-03-10 15:07:46,380 [INFO] Extracting features: batch 1/16
2026-03-10 15:07:47,088 [INFO] Extracting features: batch 11/16
2026-03-10 15:07:47,611 [INFO] Extracted raw features: shape = (500, 131328)
2026-03-10 15:07:47,767 [INFO] Final feature shape: (500, 131328)
2026-03-10 15:07:48,392 [INFO] Extracting features: batch 1/16
2026-03-10 15:07:49,084 [INFO] Extracting features: batch 11/16
2026-03-10 15:07:49,602 [INFO] Extracted raw features: shape = (500, 131328)
2026-03-10 15:07:49,757 [INFO] Final feature shape: (500, 131328)
2026-03-10 15:07:49,989 [INFO]       chunk 8/10
2026-03-10 15:07:50,367 [INFO] Extracting features: batch 1/16
2026-03-10 15:07:51,077 [INFO] Extracting features: batch 11/16
2026-03-10 15:07:51,608 [INFO] Extracted raw features: shape = (500, 131328)
2026-03-10 15:07:51,766 [INFO] Final feature shape: (500, 131328)
2026-03-10 15:07:52,372 [INFO] Extracting features: batch 1/16
2026-03-10 15:07:53,092 [INFO] Extracting features: batch 11/16
2026-03-10 15:07:53,619 [INFO] Extracted raw features: shape = (500, 131328)
2026-03-10 15:07:53,776 [INFO] Final feature shape: (500, 131328)
2026-03-10 15:07:54,017 [INFO]       chunk 10/10
2026-03-10 15:07:54,020 [INFO]     D_rr (156 Ko) et D_rq (3906 Ko) sauvegardés
2026-03-10 15:07:54,022 [INFO]     median_D_rr=2.405e+05  gamma_med=2.079e-06  feat_dim=131328
2026-03-10 15:07:54,215 [INFO]     gamma=     med  ρ=+0.1223  mono=0.072  τ=-0.0026  K_rq=0.5549
2026-03-10 15:07:54,402 [INFO]     gamma= 2.8e-05  ρ=+0.1529  mono=0.157  τ=+0.1430  K_rq=0.0125
2026-03-10 15:07:54,593 [INFO]     gamma= 1.0e-07  ρ=+0.1386  mono=0.081  τ=+0.0358  K_rq=0.9305
2026-03-10 15:07:54,783 [INFO]     gamma= 5.0e-07  ρ=+0.1349  mono=0.081  τ=+0.0284  K_rq=0.8138
2026-03-10 15:07:54,972 [INFO]     gamma= 1.0e-06  ρ=+0.1306  mono=0.078  τ=+0.0173  K_rq=0.7147
2026-03-10 15:07:55,161 [INFO]     gamma= 5.0e-06  ρ=+0.1067  mono=0.066  τ=-0.0300  K_rq=0.3023
2026-03-10 15:07:55,351 [INFO]     gamma= 1.0e-05  ρ=+0.0916  mono=0.067  τ=-0.0668  K_rq=0.1245
2026-03-10 15:07:55,538 [INFO]     gamma= 5.0e-05  ρ=+0.4435  mono=0.416  τ=+0.6236  K_rq=0.0027
2026-03-10 15:07:55,726 [INFO]     gamma= 1.0e-04  ρ=+0.6978  mono=0.462  τ=+0.7707  K_rq=0.0010
2026-03-10 15:07:55,907 [INFO]     gamma= 1.0e-03  ρ=+0.6420  mono=0.007  τ=+0.7261  K_rq=0.0003
lpips_vgg:  69%|██████▉   | 9/13 [03:09<01:29, 22.33s/layer]2026-03-10 15:07:56,006 [INFO] 
  Layer 9 — net.slice4.21
2026-03-10 15:07:56,006 [INFO] Loading backbone: lpips_vgg
/home/jnapolitano/Documents/metrique/.venv/lib/python3.12/site-packages/torchvision/models/_utils.py:208: UserWarning: The parameter 'pretrained' is deprecated since 0.13 and may be removed in the future, please use 'weights' instead.
  warnings.warn(
/home/jnapolitano/Documents/metrique/.venv/lib/python3.12/site-packages/torchvision/models/_utils.py:223: UserWarning: Arguments other than a weight enum or `None` for 'weights' are deprecated since 0.13 and may be removed in the future. The current behavior is equivalent to passing `weights=VGG16_Weights.IMAGENET1K_V1`. You can also use `weights=VGG16_Weights.DEFAULT` to get the most up-to-date weights.
  warnings.warn(msg)
2026-03-10 15:07:56,772 [INFO]     Extraction anchor (200 images)...
2026-03-10 15:07:57,206 [INFO] Extracting features: batch 1/7
2026-03-10 15:07:57,698 [INFO] Extracted raw features: shape = (200, 131328)
2026-03-10 15:07:57,952 [INFO] Fitted scaler on Gram features: mean=2.57e-01, std=4.15e-01
2026-03-10 15:07:57,952 [INFO] Final feature shape: (200, 131328)
2026-03-10 15:07:58,023 [INFO]     Calcul D_rq par 10 chunks de 500 images...
2026-03-10 15:07:58,383 [INFO] Extracting features: batch 1/16
2026-03-10 15:07:59,097 [INFO] Extracting features: batch 11/16
2026-03-10 15:07:59,622 [INFO] Extracted raw features: shape = (500, 131328)
2026-03-10 15:07:59,779 [INFO] Final feature shape: (500, 131328)
2026-03-10 15:08:00,401 [INFO] Extracting features: batch 1/16
2026-03-10 15:08:01,115 [INFO] Extracting features: batch 11/16
2026-03-10 15:08:01,638 [INFO] Extracted raw features: shape = (500, 131328)
2026-03-10 15:08:01,793 [INFO] Final feature shape: (500, 131328)
2026-03-10 15:08:02,035 [INFO]       chunk 2/10
2026-03-10 15:08:02,424 [INFO] Extracting features: batch 1/16
2026-03-10 15:08:03,137 [INFO] Extracting features: batch 11/16
2026-03-10 15:08:03,658 [INFO] Extracted raw features: shape = (500, 131328)
2026-03-10 15:08:03,816 [INFO] Final feature shape: (500, 131328)
2026-03-10 15:08:04,451 [INFO] Extracting features: batch 1/16
2026-03-10 15:08:05,169 [INFO] Extracting features: batch 11/16
2026-03-10 15:08:05,690 [INFO] Extracted raw features: shape = (500, 131328)
2026-03-10 15:08:05,845 [INFO] Final feature shape: (500, 131328)
2026-03-10 15:08:06,083 [INFO]       chunk 4/10
2026-03-10 15:08:06,468 [INFO] Extracting features: batch 1/16
2026-03-10 15:08:07,188 [INFO] Extracting features: batch 11/16
2026-03-10 15:08:07,712 [INFO] Extracted raw features: shape = (500, 131328)
2026-03-10 15:08:07,866 [INFO] Final feature shape: (500, 131328)
2026-03-10 15:08:08,488 [INFO] Extracting features: batch 1/16
2026-03-10 15:08:09,203 [INFO] Extracting features: batch 11/16
2026-03-10 15:08:09,728 [INFO] Extracted raw features: shape = (500, 131328)
2026-03-10 15:08:09,888 [INFO] Final feature shape: (500, 131328)
2026-03-10 15:08:10,120 [INFO]       chunk 6/10
2026-03-10 15:08:10,484 [INFO] Extracting features: batch 1/16
2026-03-10 15:08:11,195 [INFO] Extracting features: batch 11/16
2026-03-10 15:08:11,718 [INFO] Extracted raw features: shape = (500, 131328)
2026-03-10 15:08:11,873 [INFO] Final feature shape: (500, 131328)
2026-03-10 15:08:12,490 [INFO] Extracting features: batch 1/16
2026-03-10 15:08:13,200 [INFO] Extracting features: batch 11/16
2026-03-10 15:08:13,731 [INFO] Extracted raw features: shape = (500, 131328)
2026-03-10 15:08:13,885 [INFO] Final feature shape: (500, 131328)
2026-03-10 15:08:14,125 [INFO]       chunk 8/10
2026-03-10 15:08:14,505 [INFO] Extracting features: batch 1/16
2026-03-10 15:08:15,220 [INFO] Extracting features: batch 11/16
2026-03-10 15:08:15,746 [INFO] Extracted raw features: shape = (500, 131328)
2026-03-10 15:08:15,904 [INFO] Final feature shape: (500, 131328)
2026-03-10 15:08:16,512 [INFO] Extracting features: batch 1/16
2026-03-10 15:08:17,233 [INFO] Extracting features: batch 11/16
2026-03-10 15:08:17,758 [INFO] Extracted raw features: shape = (500, 131328)
2026-03-10 15:08:17,913 [INFO] Final feature shape: (500, 131328)
2026-03-10 15:08:18,151 [INFO]       chunk 10/10
2026-03-10 15:08:18,154 [INFO]     D_rr (156 Ko) et D_rq (3906 Ko) sauvegardés
2026-03-10 15:08:18,156 [INFO]     median_D_rr=2.443e+05  gamma_med=2.047e-06  feat_dim=131328
2026-03-10 15:08:18,348 [INFO]     gamma=     med  ρ=-0.0712  mono=0.010  τ=-0.4036  K_rq=0.5961
2026-03-10 15:08:18,538 [INFO]     gamma= 2.8e-05  ρ=+0.0257  mono=0.050  τ=-0.1796  K_rq=0.0148
2026-03-10 15:08:18,728 [INFO]     gamma= 1.0e-07  ρ=-0.0695  mono=0.010  τ=-0.3894  K_rq=0.9623
2026-03-10 15:08:18,918 [INFO]     gamma= 5.0e-07  ρ=-0.0700  mono=0.010  τ=-0.3922  K_rq=0.8545
2026-03-10 15:08:19,108 [INFO]     gamma= 1.0e-06  ρ=-0.0705  mono=0.010  τ=-0.3956  K_rq=0.7542
2026-03-10 15:08:19,297 [INFO]     gamma= 5.0e-06  ρ=-0.0721  mono=0.010  τ=-0.4181  K_rq=0.3312
2026-03-10 15:08:19,488 [INFO]     gamma= 1.0e-05  ρ=-0.0693  mono=0.008  τ=-0.4293  K_rq=0.1407
2026-03-10 15:08:19,675 [INFO]     gamma= 5.0e-05  ρ=+0.3596  mono=0.237  τ=+0.4526  K_rq=0.0030
2026-03-10 15:08:19,863 [INFO]     gamma= 1.0e-04  ρ=+0.6850  mono=0.443  τ=+0.7850  K_rq=0.0010
2026-03-10 15:08:20,044 [INFO]     gamma= 1.0e-03  ρ=+0.6244  mono=0.008  τ=+0.7235  K_rq=0.0002
lpips_vgg:  77%|███████▋  | 10/13 [03:33<01:08, 22.89s/layer]2026-03-10 15:08:20,145 [INFO] 
  Layer 10 — net.slice5.24
2026-03-10 15:08:20,145 [INFO] Loading backbone: lpips_vgg
/home/jnapolitano/Documents/metrique/.venv/lib/python3.12/site-packages/torchvision/models/_utils.py:208: UserWarning: The parameter 'pretrained' is deprecated since 0.13 and may be removed in the future, please use 'weights' instead.
  warnings.warn(
/home/jnapolitano/Documents/metrique/.venv/lib/python3.12/site-packages/torchvision/models/_utils.py:223: UserWarning: Arguments other than a weight enum or `None` for 'weights' are deprecated since 0.13 and may be removed in the future. The current behavior is equivalent to passing `weights=VGG16_Weights.IMAGENET1K_V1`. You can also use `weights=VGG16_Weights.DEFAULT` to get the most up-to-date weights.
  warnings.warn(msg)
2026-03-10 15:08:20,912 [INFO]     Extraction anchor (200 images)...
2026-03-10 15:08:21,330 [INFO] Extracting features: batch 1/7
2026-03-10 15:08:21,819 [INFO] Extracted raw features: shape = (200, 131328)
2026-03-10 15:08:22,074 [INFO] Fitted scaler on Gram features: mean=7.05e-01, std=1.21e+00
2026-03-10 15:08:22,074 [INFO] Final feature shape: (200, 131328)
2026-03-10 15:08:22,144 [INFO]     Calcul D_rq par 10 chunks de 500 images...
2026-03-10 15:08:22,511 [INFO] Extracting features: batch 1/16
2026-03-10 15:08:23,213 [INFO] Extracting features: batch 11/16
2026-03-10 15:08:23,736 [INFO] Extracted raw features: shape = (500, 131328)
2026-03-10 15:08:23,891 [INFO] Final feature shape: (500, 131328)
2026-03-10 15:08:24,495 [INFO] Extracting features: batch 1/16
2026-03-10 15:08:25,201 [INFO] Extracting features: batch 11/16
2026-03-10 15:08:25,722 [INFO] Extracted raw features: shape = (500, 131328)
2026-03-10 15:08:25,881 [INFO] Final feature shape: (500, 131328)
2026-03-10 15:08:26,113 [INFO]       chunk 2/10
2026-03-10 15:08:26,507 [INFO] Extracting features: batch 1/16
2026-03-10 15:08:27,206 [INFO] Extracting features: batch 11/16
2026-03-10 15:08:27,726 [INFO] Extracted raw features: shape = (500, 131328)
2026-03-10 15:08:27,880 [INFO] Final feature shape: (500, 131328)
2026-03-10 15:08:28,493 [INFO] Extracting features: batch 1/16
2026-03-10 15:08:29,203 [INFO] Extracting features: batch 11/16
2026-03-10 15:08:29,729 [INFO] Extracted raw features: shape = (500, 131328)
2026-03-10 15:08:29,885 [INFO] Final feature shape: (500, 131328)
2026-03-10 15:08:30,122 [INFO]       chunk 4/10
2026-03-10 15:08:30,514 [INFO] Extracting features: batch 1/16
2026-03-10 15:08:31,227 [INFO] Extracting features: batch 11/16
2026-03-10 15:08:31,747 [INFO] Extracted raw features: shape = (500, 131328)
2026-03-10 15:08:31,901 [INFO] Final feature shape: (500, 131328)
2026-03-10 15:08:32,514 [INFO] Extracting features: batch 1/16
2026-03-10 15:08:33,223 [INFO] Extracting features: batch 11/16
2026-03-10 15:08:33,743 [INFO] Extracted raw features: shape = (500, 131328)
2026-03-10 15:08:33,897 [INFO] Final feature shape: (500, 131328)
2026-03-10 15:08:34,154 [INFO]       chunk 6/10
2026-03-10 15:08:34,522 [INFO] Extracting features: batch 1/16
2026-03-10 15:08:35,231 [INFO] Extracting features: batch 11/16
2026-03-10 15:08:35,752 [INFO] Extracted raw features: shape = (500, 131328)
2026-03-10 15:08:35,907 [INFO] Final feature shape: (500, 131328)
2026-03-10 15:08:36,533 [INFO] Extracting features: batch 1/16
2026-03-10 15:08:37,239 [INFO] Extracting features: batch 11/16
2026-03-10 15:08:37,759 [INFO] Extracted raw features: shape = (500, 131328)
2026-03-10 15:08:37,913 [INFO] Final feature shape: (500, 131328)
2026-03-10 15:08:38,158 [INFO]       chunk 8/10
2026-03-10 15:08:38,553 [INFO] Extracting features: batch 1/16
2026-03-10 15:08:39,260 [INFO] Extracting features: batch 11/16
2026-03-10 15:08:39,780 [INFO] Extracted raw features: shape = (500, 131328)
2026-03-10 15:08:39,934 [INFO] Final feature shape: (500, 131328)
2026-03-10 15:08:40,535 [INFO] Extracting features: batch 1/16
2026-03-10 15:08:41,245 [INFO] Extracting features: batch 11/16
2026-03-10 15:08:41,765 [INFO] Extracted raw features: shape = (500, 131328)
2026-03-10 15:08:41,919 [INFO] Final feature shape: (500, 131328)
2026-03-10 15:08:42,157 [INFO]       chunk 10/10
2026-03-10 15:08:42,160 [INFO]     D_rr (156 Ko) et D_rq (3906 Ko) sauvegardés
2026-03-10 15:08:42,161 [INFO]     median_D_rr=2.355e+05  gamma_med=2.123e-06  feat_dim=131328
2026-03-10 15:08:42,353 [INFO]     gamma=     med  ρ=-0.2319  mono=0.002  τ=-0.6126  K_rq=0.6178
2026-03-10 15:08:42,541 [INFO]     gamma= 2.8e-05  ρ=-0.1494  mono=0.021  τ=-0.4372  K_rq=0.0179
2026-03-10 15:08:42,730 [INFO]     gamma= 1.0e-07  ρ=-0.2323  mono=0.002  τ=-0.6082  K_rq=0.9740
2026-03-10 15:08:42,921 [INFO]     gamma= 5.0e-07  ρ=-0.2322  mono=0.002  τ=-0.6094  K_rq=0.8815
2026-03-10 15:08:43,110 [INFO]     gamma= 1.0e-06  ρ=-0.2321  mono=0.002  τ=-0.6106  K_rq=0.7850
2026-03-10 15:08:43,299 [INFO]     gamma= 5.0e-06  ρ=-0.2306  mono=0.002  τ=-0.6180  K_rq=0.3588
2026-03-10 15:08:43,489 [INFO]     gamma= 1.0e-05  ρ=-0.2263  mono=0.002  τ=-0.6220  K_rq=0.1595
2026-03-10 15:08:43,680 [INFO]     gamma= 5.0e-05  ρ=+0.2559  mono=0.150  τ=+0.2914  K_rq=0.0036
2026-03-10 15:08:43,868 [INFO]     gamma= 1.0e-04  ρ=+0.6796  mono=0.406  τ=+0.7637  K_rq=0.0011
2026-03-10 15:08:44,049 [INFO]     gamma= 1.0e-03  ρ=+0.6667  mono=0.014  τ=+0.7305  K_rq=0.0003
lpips_vgg:  85%|████████▍ | 11/13 [03:57<00:46, 23.23s/layer]2026-03-10 15:08:44,152 [INFO] 
  Layer 11 — net.slice5.26
2026-03-10 15:08:44,152 [INFO] Loading backbone: lpips_vgg
/home/jnapolitano/Documents/metrique/.venv/lib/python3.12/site-packages/torchvision/models/_utils.py:208: UserWarning: The parameter 'pretrained' is deprecated since 0.13 and may be removed in the future, please use 'weights' instead.
  warnings.warn(
/home/jnapolitano/Documents/metrique/.venv/lib/python3.12/site-packages/torchvision/models/_utils.py:223: UserWarning: Arguments other than a weight enum or `None` for 'weights' are deprecated since 0.13 and may be removed in the future. The current behavior is equivalent to passing `weights=VGG16_Weights.IMAGENET1K_V1`. You can also use `weights=VGG16_Weights.DEFAULT` to get the most up-to-date weights.
  warnings.warn(msg)
2026-03-10 15:08:44,927 [INFO]     Extraction anchor (200 images)...
2026-03-10 15:08:45,346 [INFO] Extracting features: batch 1/7
2026-03-10 15:08:45,836 [INFO] Extracted raw features: shape = (200, 131328)
2026-03-10 15:08:46,092 [INFO] Fitted scaler on Gram features: mean=3.78e-01, std=8.08e-01
2026-03-10 15:08:46,092 [INFO] Final feature shape: (200, 131328)
2026-03-10 15:08:46,164 [INFO]     Calcul D_rq par 10 chunks de 500 images...
2026-03-10 15:08:46,526 [INFO] Extracting features: batch 1/16
2026-03-10 15:08:47,231 [INFO] Extracting features: batch 11/16
2026-03-10 15:08:47,751 [INFO] Extracted raw features: shape = (500, 131328)
2026-03-10 15:08:47,904 [INFO] Final feature shape: (500, 131328)
2026-03-10 15:08:48,512 [INFO] Extracting features: batch 1/16
2026-03-10 15:08:49,220 [INFO] Extracting features: batch 11/16
2026-03-10 15:08:49,737 [INFO] Extracted raw features: shape = (500, 131328)
2026-03-10 15:08:49,893 [INFO] Final feature shape: (500, 131328)
2026-03-10 15:08:50,129 [INFO]       chunk 2/10
2026-03-10 15:08:50,519 [INFO] Extracting features: batch 1/16
2026-03-10 15:08:51,231 [INFO] Extracting features: batch 11/16
2026-03-10 15:08:51,750 [INFO] Extracted raw features: shape = (500, 131328)
2026-03-10 15:08:51,908 [INFO] Final feature shape: (500, 131328)
2026-03-10 15:08:52,517 [INFO] Extracting features: batch 1/16
2026-03-10 15:08:53,221 [INFO] Extracting features: batch 11/16
2026-03-10 15:08:53,725 [INFO] Extracted raw features: shape = (500, 131328)
2026-03-10 15:08:53,880 [INFO] Final feature shape: (500, 131328)
2026-03-10 15:08:54,125 [INFO]       chunk 4/10
2026-03-10 15:08:54,510 [INFO] Extracting features: batch 1/16
2026-03-10 15:08:55,223 [INFO] Extracting features: batch 11/16
2026-03-10 15:08:55,738 [INFO] Extracted raw features: shape = (500, 131328)
2026-03-10 15:08:55,893 [INFO] Final feature shape: (500, 131328)
2026-03-10 15:08:56,533 [INFO] Extracting features: batch 1/16
2026-03-10 15:08:57,238 [INFO] Extracting features: batch 11/16
2026-03-10 15:08:57,756 [INFO] Extracted raw features: shape = (500, 131328)
2026-03-10 15:08:57,910 [INFO] Final feature shape: (500, 131328)
2026-03-10 15:08:58,148 [INFO]       chunk 6/10
2026-03-10 15:08:58,520 [INFO] Extracting features: batch 1/16
2026-03-10 15:08:59,232 [INFO] Extracting features: batch 11/16
2026-03-10 15:08:59,752 [INFO] Extracted raw features: shape = (500, 131328)
2026-03-10 15:08:59,907 [INFO] Final feature shape: (500, 131328)
2026-03-10 15:09:00,523 [INFO] Extracting features: batch 1/16
2026-03-10 15:09:01,218 [INFO] Extracting features: batch 11/16
2026-03-10 15:09:01,723 [INFO] Extracted raw features: shape = (500, 131328)
2026-03-10 15:09:01,877 [INFO] Final feature shape: (500, 131328)
2026-03-10 15:09:02,116 [INFO]       chunk 8/10
2026-03-10 15:09:02,500 [INFO] Extracting features: batch 1/16
2026-03-10 15:09:03,193 [INFO] Extracting features: batch 11/16
2026-03-10 15:09:03,706 [INFO] Extracted raw features: shape = (500, 131328)
2026-03-10 15:09:03,860 [INFO] Final feature shape: (500, 131328)
2026-03-10 15:09:04,478 [INFO] Extracting features: batch 1/16
2026-03-10 15:09:05,196 [INFO] Extracting features: batch 11/16
2026-03-10 15:09:05,725 [INFO] Extracted raw features: shape = (500, 131328)
2026-03-10 15:09:05,881 [INFO] Final feature shape: (500, 131328)
2026-03-10 15:09:06,117 [INFO]       chunk 10/10
2026-03-10 15:09:06,120 [INFO]     D_rr (156 Ko) et D_rq (3906 Ko) sauvegardés
2026-03-10 15:09:06,120 [INFO]     median_D_rr=2.255e+05  gamma_med=2.218e-06  feat_dim=131328
2026-03-10 15:09:06,313 [INFO]     gamma=     med  ρ=-0.3399  mono=0.001  τ=-0.6978  K_rq=0.6416
2026-03-10 15:09:06,502 [INFO]     gamma= 2.8e-05  ρ=-0.2691  mono=0.014  τ=-0.5346  K_rq=0.0250
2026-03-10 15:09:06,691 [INFO]     gamma= 1.0e-07  ρ=-0.3398  mono=0.001  τ=-0.6946  K_rq=0.9789
2026-03-10 15:09:06,878 [INFO]     gamma= 5.0e-07  ρ=-0.3399  mono=0.001  τ=-0.6958  K_rq=0.8999
2026-03-10 15:09:07,064 [INFO]     gamma= 1.0e-06  ρ=-0.3399  mono=0.001  τ=-0.6964  K_rq=0.8126
2026-03-10 15:09:07,251 [INFO]     gamma= 5.0e-06  ρ=-0.3393  mono=0.001  τ=-0.7012  K_rq=0.3940
2026-03-10 15:09:07,437 [INFO]     gamma= 1.0e-05  ρ=-0.3363  mono=0.001  τ=-0.7012  K_rq=0.1855
2026-03-10 15:09:07,628 [INFO]     gamma= 5.0e-05  ρ=+0.0496  mono=0.101  τ=+0.0111  K_rq=0.0054
2026-03-10 15:09:07,817 [INFO]     gamma= 1.0e-04  ρ=+0.5813  mono=0.330  τ=+0.6490  K_rq=0.0013
2026-03-10 15:09:07,998 [INFO]     gamma= 1.0e-03  ρ=+0.6581  mono=0.019  τ=+0.7408  K_rq=0.0003
lpips_vgg:  92%|█████████▏| 12/13 [04:21<00:23, 23.45s/layer]2026-03-10 15:09:08,102 [INFO] 
  Layer 12 — net.slice5.28
2026-03-10 15:09:08,102 [INFO] Loading backbone: lpips_vgg
/home/jnapolitano/Documents/metrique/.venv/lib/python3.12/site-packages/torchvision/models/_utils.py:208: UserWarning: The parameter 'pretrained' is deprecated since 0.13 and may be removed in the future, please use 'weights' instead.
  warnings.warn(
/home/jnapolitano/Documents/metrique/.venv/lib/python3.12/site-packages/torchvision/models/_utils.py:223: UserWarning: Arguments other than a weight enum or `None` for 'weights' are deprecated since 0.13 and may be removed in the future. The current behavior is equivalent to passing `weights=VGG16_Weights.IMAGENET1K_V1`. You can also use `weights=VGG16_Weights.DEFAULT` to get the most up-to-date weights.
  warnings.warn(msg)
2026-03-10 15:09:08,873 [INFO]     Extraction anchor (200 images)...
2026-03-10 15:09:09,298 [INFO] Extracting features: batch 1/7
2026-03-10 15:09:09,786 [INFO] Extracted raw features: shape = (200, 131328)
2026-03-10 15:09:10,040 [INFO] Fitted scaler on Gram features: mean=4.70e-02, std=2.12e-01
2026-03-10 15:09:10,040 [INFO] Final feature shape: (200, 131328)
2026-03-10 15:09:10,112 [INFO]     Calcul D_rq par 10 chunks de 500 images...
2026-03-10 15:09:10,472 [INFO] Extracting features: batch 1/16
2026-03-10 15:09:11,172 [INFO] Extracting features: batch 11/16
2026-03-10 15:09:11,694 [INFO] Extracted raw features: shape = (500, 131328)
2026-03-10 15:09:11,851 [INFO] Final feature shape: (500, 131328)
2026-03-10 15:09:12,458 [INFO] Extracting features: batch 1/16
2026-03-10 15:09:13,162 [INFO] Extracting features: batch 11/16
2026-03-10 15:09:13,680 [INFO] Extracted raw features: shape = (500, 131328)
2026-03-10 15:09:13,835 [INFO] Final feature shape: (500, 131328)
2026-03-10 15:09:14,072 [INFO]       chunk 2/10
2026-03-10 15:09:14,462 [INFO] Extracting features: batch 1/16
2026-03-10 15:09:15,168 [INFO] Extracting features: batch 11/16
2026-03-10 15:09:15,687 [INFO] Extracted raw features: shape = (500, 131328)
2026-03-10 15:09:15,846 [INFO] Final feature shape: (500, 131328)
2026-03-10 15:09:16,471 [INFO] Extracting features: batch 1/16
2026-03-10 15:09:17,189 [INFO] Extracting features: batch 11/16
2026-03-10 15:09:17,716 [INFO] Extracted raw features: shape = (500, 131328)
2026-03-10 15:09:17,872 [INFO] Final feature shape: (500, 131328)
2026-03-10 15:09:18,115 [INFO]       chunk 4/10
2026-03-10 15:09:18,510 [INFO] Extracting features: batch 1/16
2026-03-10 15:09:19,221 [INFO] Extracting features: batch 11/16
2026-03-10 15:09:19,743 [INFO] Extracted raw features: shape = (500, 131328)
2026-03-10 15:09:19,900 [INFO] Final feature shape: (500, 131328)
2026-03-10 15:09:20,519 [INFO] Extracting features: batch 1/16
2026-03-10 15:09:21,222 [INFO] Extracting features: batch 11/16
2026-03-10 15:09:21,744 [INFO] Extracted raw features: shape = (500, 131328)
2026-03-10 15:09:21,900 [INFO] Final feature shape: (500, 131328)
2026-03-10 15:09:22,148 [INFO]       chunk 6/10
2026-03-10 15:09:22,510 [INFO] Extracting features: batch 1/16
2026-03-10 15:09:23,218 [INFO] Extracting features: batch 11/16
2026-03-10 15:09:23,739 [INFO] Extracted raw features: shape = (500, 131328)
2026-03-10 15:09:23,893 [INFO] Final feature shape: (500, 131328)
2026-03-10 15:09:24,505 [INFO] Extracting features: batch 1/16
2026-03-10 15:09:25,212 [INFO] Extracting features: batch 11/16
2026-03-10 15:09:25,734 [INFO] Extracted raw features: shape = (500, 131328)
2026-03-10 15:09:25,891 [INFO] Final feature shape: (500, 131328)
2026-03-10 15:09:26,132 [INFO]       chunk 8/10
2026-03-10 15:09:26,510 [INFO] Extracting features: batch 1/16
2026-03-10 15:09:27,216 [INFO] Extracting features: batch 11/16
2026-03-10 15:09:27,738 [INFO] Extracted raw features: shape = (500, 131328)
2026-03-10 15:09:27,892 [INFO] Final feature shape: (500, 131328)
2026-03-10 15:09:28,494 [INFO] Extracting features: batch 1/16
2026-03-10 15:09:29,205 [INFO] Extracting features: batch 11/16
2026-03-10 15:09:29,726 [INFO] Extracted raw features: shape = (500, 131328)
2026-03-10 15:09:29,881 [INFO] Final feature shape: (500, 131328)
2026-03-10 15:09:30,127 [INFO]       chunk 10/10
2026-03-10 15:09:30,130 [INFO]     D_rr (156 Ko) et D_rq (3906 Ko) sauvegardés
2026-03-10 15:09:30,131 [INFO]     median_D_rr=2.263e+05  gamma_med=2.210e-06  feat_dim=131328
2026-03-10 15:09:30,324 [INFO]     gamma=     med  ρ=-0.3284  mono=0.007  τ=-0.5806  K_rq=0.6441
2026-03-10 15:09:30,516 [INFO]     gamma= 2.8e-05  ρ=-0.2766  mono=0.033  τ=-0.3998  K_rq=0.0370
2026-03-10 15:09:30,706 [INFO]     gamma= 1.0e-07  ρ=-0.3291  mono=0.007  τ=-0.5820  K_rq=0.9784
2026-03-10 15:09:30,896 [INFO]     gamma= 5.0e-07  ρ=-0.3290  mono=0.007  τ=-0.5818  K_rq=0.8983
2026-03-10 15:09:31,085 [INFO]     gamma= 1.0e-06  ρ=-0.3289  mono=0.007  τ=-0.5816  K_rq=0.8109
2026-03-10 15:09:31,274 [INFO]     gamma= 5.0e-06  ρ=-0.3272  mono=0.007  τ=-0.5786  K_rq=0.4053
2026-03-10 15:09:31,462 [INFO]     gamma= 1.0e-05  ρ=-0.3238  mono=0.009  τ=-0.5672  K_rq=0.2050
2026-03-10 15:09:31,652 [INFO]     gamma= 5.0e-05  ρ=-0.1163  mono=0.084  τ=-0.1024  K_rq=0.0092
2026-03-10 15:09:31,843 [INFO]     gamma= 1.0e-04  ρ=+0.2605  mono=0.209  τ=+0.3690  K_rq=0.0016
2026-03-10 15:09:32,025 [INFO]     gamma= 1.0e-03  ρ=+0.5210  mono=0.011  τ=+0.6356  K_rq=0.0002
lpips_vgg: 100%|██████████| 13/13 [04:45<00:00, 23.62s/layer]lpips_vgg: 100%|██████████| 13/13 [04:45<00:00, 21.96s/layer]
2026-03-10 15:09:32,232 [INFO] 
Résultats sauvegardés : /home/jnapolitano/Documents/metrique/results/sweep_coco_degraded/sweep_results_20260310_110913.csv  (780 lignes)
2026-03-10 15:09:32,232 [INFO] 
======================================================================
2026-03-10 15:09:32,232 [INFO] TOP 20 configurations (par Spearman ρ)
2026-03-10 15:09:32,232 [INFO] ======================================================================
2026-03-10 15:09:32,232 [INFO] Backbone          L      Gamma        ρ    mono        τ       dim
2026-03-10 15:09:32,232 [INFO] ------------------------------------------------------------------
2026-03-10 15:09:32,232 [INFO] sd_vae           11    1.0e-04  +0.8446   0.616  +0.9562         0
2026-03-10 15:09:32,232 [INFO] sd_vae           10    1.0e-04  +0.8429   0.626  +0.9586         0
2026-03-10 15:09:32,232 [INFO] sd_vae           13    1.0e-04  +0.8426   0.561  +0.9527         0
2026-03-10 15:09:32,232 [INFO] sd_vae            8    1.0e-04  +0.8414   0.602  +0.9489         0
2026-03-10 15:09:32,232 [INFO] sd_vae            7    1.0e-04  +0.8414   0.552  +0.9588         0
2026-03-10 15:09:32,232 [INFO] sd_vae           15    1.0e-04  +0.8406   0.502  +0.9459         0
2026-03-10 15:09:32,232 [INFO] sd_vae           12    1.0e-04  +0.8393   0.581  +0.9538         0
2026-03-10 15:09:32,232 [INFO] sd_vae            9    1.0e-04  +0.8353   0.633  +0.9533         0
2026-03-10 15:09:32,232 [INFO] sd_vae           14    1.0e-04  +0.8317   0.538  +0.9501         0
2026-03-10 15:09:32,232 [INFO] sd_vae           11    5.0e-05  +0.8292   0.782  +0.9849         0
2026-03-10 15:09:32,232 [INFO] sd_vae            7    5.0e-05  +0.8277   0.791  +0.9869         0
2026-03-10 15:09:32,233 [INFO] sd_vae           10    5.0e-05  +0.8274   0.785  +0.9857         0
2026-03-10 15:09:32,233 [INFO] sd_vae           15    5.0e-05  +0.8260   0.776  +0.9837         0
2026-03-10 15:09:32,233 [INFO] sd_vae           13    5.0e-05  +0.8257   0.781  +0.9857         0
2026-03-10 15:09:32,233 [INFO] sd_vae           12    5.0e-05  +0.8208   0.781  +0.9853         0
2026-03-10 15:09:32,233 [INFO] sd_vae            8    5.0e-05  +0.8197   0.769  +0.9787         0
2026-03-10 15:09:32,233 [INFO] sd_vae           14    5.0e-05  +0.8149   0.782  +0.9853         0
2026-03-10 15:09:32,233 [INFO] sd_vae            9    5.0e-05  +0.8139   0.773  +0.9832         0
2026-03-10 15:09:32,233 [INFO] sd_vae            6    1.0e-03  +0.7853   0.162  +0.8493         0
2026-03-10 15:09:32,233 [INFO] sd_vae            2    1.0e-03  +0.7751   0.802  +0.9847         0
2026-03-10 15:09:32,233 [INFO] 
--- Top-1 par backbone ---
2026-03-10 15:09:32,233 [INFO]   sd_vae          l11 gamma=   1.0e-04  ρ=+0.8446  mono=0.616  τ=+0.9562
2026-03-10 15:09:32,233 [INFO]   dinov2_vitb14   l 3 gamma=   5.0e-05  ρ=+0.7556  mono=0.267  τ=+0.8541
2026-03-10 15:09:32,233 [INFO]   dc_ae           l 7 gamma=   5.0e-05  ρ=+0.7389  mono=0.285  τ=+0.8903
2026-03-10 15:09:32,233 [INFO]   vgg19           l 6 gamma=   1.0e-03  ρ=+0.7126  mono=0.225  τ=+0.7308
2026-03-10 15:09:32,233 [INFO]   lpips_vgg       l 2 gamma=   1.0e-03  ρ=+0.6522  mono=0.732  τ=+0.8812
2026-03-10 15:09:32,233 [INFO] 
Terminé.
