2026-03-10 10:32:58,652 [INFO] ======================================================================
2026-03-10 10:32:58,652 [INFO] SWEEP backbone / layer / gamma sur COCO-dégradé
2026-03-10 10:32:58,652 [INFO]   Backbones   : ['sd_vae']
2026-03-10 10:32:58,652 [INFO]   Eval refs   : 200 refs × 5 types × 5 niveaux = 5000 images
2026-03-10 10:32:58,652 [INFO]   Dist types  : [1, 10, 11, 21, 25]
2026-03-10 10:32:58,652 [INFO]   Ancrage     : 200 images originales COCO-dégradé (références propres)
2026-03-10 10:32:58,652 [INFO]   Gammas      : 10 (['med', '2.8e-05', '1.0e-07', '5.0e-07', '1.0e-06', '5.0e-06', '1.0e-05', '5.0e-05', '1.0e-04', '1.0e-03'])
2026-03-10 10:32:58,652 [INFO]   Cache       : activé
2026-03-10 10:32:58,652 [INFO]   Device      : cuda
2026-03-10 10:32:58,652 [INFO] ======================================================================
2026-03-10 10:32:58,727 [INFO] Images d'évaluation : 5000 (200 refs × 5 types × 5 niveaux = 5000 attendus)
2026-03-10 10:32:58,731 [INFO] Ancrage chargé : 200 images originales (références propres)
2026-03-10 10:32:58,731 [INFO] 
======================================================================
2026-03-10 10:32:58,731 [INFO] BACKBONE : sd_vae  (17 layers)
2026-03-10 10:32:58,731 [INFO] ======================================================================
sd_vae:   0%|          | 0/17 [00:00<?, ?layer/s]2026-03-10 10:32:58,732 [INFO] 
  Layer 0 — encoder.conv_in
2026-03-10 10:32:58,732 [INFO] Loading backbone: sd_vae
Cannot initialize model with low cpu memory usage because `accelerate` was not found in the environment. Defaulting to `low_cpu_mem_usage=False`. It is strongly recommended to install `accelerate` for faster and less memory-intense model loading. You can do so with: 
```
pip install accelerate
```
.
/home/jnapolitano/Documents/metrique/.venv/lib/python3.12/site-packages/huggingface_hub/utils/_validators.py:202: UserWarning: The `local_dir_use_symlinks` argument is deprecated and ignored in `hf_hub_download`. Downloading to a local directory does not use symlinks anymore.
  warnings.warn(
2026-03-10 10:33:00,058 [INFO] HTTP Request: HEAD https://huggingface.co/stabilityai/sd-vae-ft-mse/resolve/main/config.json "HTTP/1.1 307 Temporary Redirect"
2026-03-10 10:33:00,071 [INFO] HTTP Request: HEAD https://huggingface.co/api/resolve-cache/models/stabilityai/sd-vae-ft-mse/31f26fdeee1355a5c34592e401dd41e45d25a493/config.json "HTTP/1.1 200 OK"
2026-03-10 10:33:00,184 [INFO] HTTP Request: HEAD https://huggingface.co/stabilityai/sd-vae-ft-mse/resolve/31f26fdeee1355a5c34592e401dd41e45d25a493/diffusion_pytorch_model.safetensors.index.json "HTTP/1.1 404 Not Found"
2026-03-10 10:33:00,484 [INFO]     Extraction anchor (200 images)...
2026-03-10 10:33:00,737 [INFO] Extracting features: batch 1/13
2026-03-10 10:33:04,081 [INFO] Extracting features: batch 11/13
2026-03-10 10:33:04,885 [INFO] Extracted raw features: shape = (200, 8256)
2026-03-10 10:33:04,905 [INFO] Fitted scaler on Gram features: mean=2.29e-03, std=2.50e-02
2026-03-10 10:33:04,905 [INFO] Final feature shape: (200, 8256)
2026-03-10 10:33:04,967 [INFO]     Calcul D_rq par 10 chunks de 500 images...
2026-03-10 10:33:05,220 [INFO] Extracting features: batch 1/32
2026-03-10 10:33:08,404 [INFO] Extracting features: batch 11/32
2026-03-10 10:33:11,572 [INFO] Extracting features: batch 21/32
2026-03-10 10:33:14,734 [INFO] Extracting features: batch 31/32
2026-03-10 10:33:15,140 [INFO] Extracted raw features: shape = (500, 8256)
2026-03-10 10:33:15,151 [INFO] Final feature shape: (500, 8256)
2026-03-10 10:33:15,575 [INFO] Extracting features: batch 1/32
2026-03-10 10:33:18,747 [INFO] Extracting features: batch 11/32
2026-03-10 10:33:21,942 [INFO] Extracting features: batch 21/32
2026-03-10 10:33:25,129 [INFO] Extracting features: batch 31/32
2026-03-10 10:33:25,549 [INFO] Extracted raw features: shape = (500, 8256)
2026-03-10 10:33:25,560 [INFO] Final feature shape: (500, 8256)
2026-03-10 10:33:25,715 [INFO]       chunk 2/10
2026-03-10 10:33:25,936 [INFO] Extracting features: batch 1/32
2026-03-10 10:33:29,112 [INFO] Extracting features: batch 11/32
2026-03-10 10:33:32,309 [INFO] Extracting features: batch 21/32
2026-03-10 10:33:35,509 [INFO] Extracting features: batch 31/32
2026-03-10 10:33:35,928 [INFO] Extracted raw features: shape = (500, 8256)
2026-03-10 10:33:35,938 [INFO] Final feature shape: (500, 8256)
2026-03-10 10:33:36,309 [INFO] Extracting features: batch 1/32
2026-03-10 10:33:39,509 [INFO] Extracting features: batch 11/32
2026-03-10 10:33:42,716 [INFO] Extracting features: batch 21/32
2026-03-10 10:33:45,920 [INFO] Extracting features: batch 31/32
2026-03-10 10:33:46,342 [INFO] Extracted raw features: shape = (500, 8256)
2026-03-10 10:33:46,353 [INFO] Final feature shape: (500, 8256)
2026-03-10 10:33:46,511 [INFO]       chunk 4/10
2026-03-10 10:33:46,735 [INFO] Extracting features: batch 1/32
2026-03-10 10:33:49,903 [INFO] Extracting features: batch 11/32
2026-03-10 10:33:53,088 [INFO] Extracting features: batch 21/32
2026-03-10 10:33:56,304 [INFO] Extracting features: batch 31/32
2026-03-10 10:33:56,726 [INFO] Extracted raw features: shape = (500, 8256)
2026-03-10 10:33:56,735 [INFO] Final feature shape: (500, 8256)
2026-03-10 10:33:57,101 [INFO] Extracting features: batch 1/32
2026-03-10 10:34:00,304 [INFO] Extracting features: batch 11/32
2026-03-10 10:34:03,529 [INFO] Extracting features: batch 21/32
2026-03-10 10:34:06,750 [INFO] Extracting features: batch 31/32
2026-03-10 10:34:07,161 [INFO] Extracted raw features: shape = (500, 8256)
2026-03-10 10:34:07,173 [INFO] Final feature shape: (500, 8256)
2026-03-10 10:34:07,343 [INFO]       chunk 6/10
2026-03-10 10:34:07,569 [INFO] Extracting features: batch 1/32
2026-03-10 10:34:10,781 [INFO] Extracting features: batch 11/32
2026-03-10 10:34:14,009 [INFO] Extracting features: batch 21/32
2026-03-10 10:34:17,231 [INFO] Extracting features: batch 31/32
2026-03-10 10:34:17,639 [INFO] Extracted raw features: shape = (500, 8256)
2026-03-10 10:34:17,650 [INFO] Final feature shape: (500, 8256)
2026-03-10 10:34:18,028 [INFO] Extracting features: batch 1/32
2026-03-10 10:34:21,248 [INFO] Extracting features: batch 11/32
2026-03-10 10:34:24,478 [INFO] Extracting features: batch 21/32
2026-03-10 10:34:27,708 [INFO] Extracting features: batch 31/32
2026-03-10 10:34:28,136 [INFO] Extracted raw features: shape = (500, 8256)
2026-03-10 10:34:28,148 [INFO] Final feature shape: (500, 8256)
2026-03-10 10:34:28,331 [INFO]       chunk 8/10
2026-03-10 10:34:28,566 [INFO] Extracting features: batch 1/32
2026-03-10 10:34:31,781 [INFO] Extracting features: batch 11/32
2026-03-10 10:34:35,018 [INFO] Extracting features: batch 21/32
2026-03-10 10:34:38,247 [INFO] Extracting features: batch 31/32
2026-03-10 10:34:38,657 [INFO] Extracted raw features: shape = (500, 8256)
2026-03-10 10:34:38,668 [INFO] Final feature shape: (500, 8256)
2026-03-10 10:34:39,032 [INFO] Extracting features: batch 1/32
2026-03-10 10:34:42,259 [INFO] Extracting features: batch 11/32
2026-03-10 10:34:45,493 [INFO] Extracting features: batch 21/32
2026-03-10 10:34:48,732 [INFO] Extracting features: batch 31/32
2026-03-10 10:34:49,144 [INFO] Extracted raw features: shape = (500, 8256)
2026-03-10 10:34:49,154 [INFO] Final feature shape: (500, 8256)
2026-03-10 10:34:49,319 [INFO]       chunk 10/10
2026-03-10 10:34:49,321 [INFO]     D_rr (156 Ko) et D_rq (3906 Ko) sauvegardés
2026-03-10 10:34:49,323 [INFO]     median_D_rr=1.201e+04  gamma_med=4.165e-05  feat_dim=8256
2026-03-10 10:34:49,530 [INFO]     gamma=     med  ρ=+0.0424  mono=0.278  τ=+0.0834  K_rq=0.5838
2026-03-10 10:34:49,720 [INFO]     gamma= 2.8e-05  ρ=+0.0425  mono=0.280  τ=+0.0840  K_rq=0.6818
2026-03-10 10:34:49,909 [INFO]     gamma= 1.0e-07  ρ=+0.0444  mono=0.281  τ=+0.0883  K_rq=0.9984
2026-03-10 10:34:50,099 [INFO]     gamma= 5.0e-07  ρ=+0.0444  mono=0.281  τ=+0.0877  K_rq=0.9920
2026-03-10 10:34:50,288 [INFO]     gamma= 1.0e-06  ρ=+0.0443  mono=0.281  τ=+0.0874  K_rq=0.9842
2026-03-10 10:34:50,477 [INFO]     gamma= 5.0e-06  ρ=+0.0438  mono=0.281  τ=+0.0860  K_rq=0.9253
2026-03-10 10:34:50,666 [INFO]     gamma= 1.0e-05  ρ=+0.0434  mono=0.281  τ=+0.0858  K_rq=0.8604
2026-03-10 10:34:50,853 [INFO]     gamma= 5.0e-05  ρ=+0.0423  mono=0.277  τ=+0.0832  K_rq=0.5344
2026-03-10 10:34:51,039 [INFO]     gamma= 1.0e-04  ρ=+0.0422  mono=0.277  τ=+0.0860  K_rq=0.3385
2026-03-10 10:34:51,224 [INFO]     gamma= 1.0e-03  ρ=+0.1255  mono=0.371  τ=+0.3842  K_rq=0.0142
sd_vae:   6%|▌         | 1/17 [01:52<30:01, 112.60s/layer]2026-03-10 10:34:51,340 [INFO] 
  Layer 1 — encoder.down_blocks.0.resnets.0
2026-03-10 10:34:51,340 [INFO] Loading backbone: sd_vae
Cannot initialize model with low cpu memory usage because `accelerate` was not found in the environment. Defaulting to `low_cpu_mem_usage=False`. It is strongly recommended to install `accelerate` for faster and less memory-intense model loading. You can do so with: 
```
pip install accelerate
```
.
/home/jnapolitano/Documents/metrique/.venv/lib/python3.12/site-packages/huggingface_hub/utils/_validators.py:202: UserWarning: The `local_dir_use_symlinks` argument is deprecated and ignored in `hf_hub_download`. Downloading to a local directory does not use symlinks anymore.
  warnings.warn(
2026-03-10 10:34:51,486 [INFO] HTTP Request: HEAD https://huggingface.co/stabilityai/sd-vae-ft-mse/resolve/main/config.json "HTTP/1.1 307 Temporary Redirect"
2026-03-10 10:34:51,499 [INFO] HTTP Request: HEAD https://huggingface.co/api/resolve-cache/models/stabilityai/sd-vae-ft-mse/31f26fdeee1355a5c34592e401dd41e45d25a493/config.json "HTTP/1.1 200 OK"
2026-03-10 10:34:51,607 [INFO] HTTP Request: HEAD https://huggingface.co/stabilityai/sd-vae-ft-mse/resolve/31f26fdeee1355a5c34592e401dd41e45d25a493/diffusion_pytorch_model.safetensors.index.json "HTTP/1.1 404 Not Found"
2026-03-10 10:34:51,709 [INFO]     Extraction anchor (200 images)...
2026-03-10 10:34:51,918 [INFO] Extracting features: batch 1/13
2026-03-10 10:34:55,142 [INFO] Extracting features: batch 11/13
2026-03-10 10:34:55,967 [INFO] Extracted raw features: shape = (200, 8256)
2026-03-10 10:34:55,980 [INFO] Fitted scaler on Gram features: mean=1.23e-02, std=8.76e-02
2026-03-10 10:34:55,980 [INFO] Final feature shape: (200, 8256)
2026-03-10 10:34:56,002 [INFO]     Calcul D_rq par 10 chunks de 500 images...
2026-03-10 10:34:56,191 [INFO] Extracting features: batch 1/32
2026-03-10 10:34:59,423 [INFO] Extracting features: batch 11/32
2026-03-10 10:35:02,670 [INFO] Extracting features: batch 21/32
2026-03-10 10:35:05,906 [INFO] Extracting features: batch 31/32
2026-03-10 10:35:06,332 [INFO] Extracted raw features: shape = (500, 8256)
2026-03-10 10:35:06,345 [INFO] Final feature shape: (500, 8256)
2026-03-10 10:35:06,804 [INFO] Extracting features: batch 1/32
2026-03-10 10:35:10,024 [INFO] Extracting features: batch 11/32
2026-03-10 10:35:13,260 [INFO] Extracting features: batch 21/32
2026-03-10 10:35:16,504 [INFO] Extracting features: batch 31/32
2026-03-10 10:35:16,917 [INFO] Extracted raw features: shape = (500, 8256)
2026-03-10 10:35:16,929 [INFO] Final feature shape: (500, 8256)
2026-03-10 10:35:17,098 [INFO]       chunk 2/10
2026-03-10 10:35:17,302 [INFO] Extracting features: batch 1/32
2026-03-10 10:35:20,531 [INFO] Extracting features: batch 11/32
2026-03-10 10:35:23,768 [INFO] Extracting features: batch 21/32
2026-03-10 10:35:27,015 [INFO] Extracting features: batch 31/32
2026-03-10 10:35:27,425 [INFO] Extracted raw features: shape = (500, 8256)
2026-03-10 10:35:27,436 [INFO] Final feature shape: (500, 8256)
2026-03-10 10:35:27,789 [INFO] Extracting features: batch 1/32
2026-03-10 10:35:31,030 [INFO] Extracting features: batch 11/32
2026-03-10 10:35:34,276 [INFO] Extracting features: batch 21/32
2026-03-10 10:35:37,521 [INFO] Extracting features: batch 31/32
2026-03-10 10:35:37,931 [INFO] Extracted raw features: shape = (500, 8256)
2026-03-10 10:35:37,943 [INFO] Final feature shape: (500, 8256)
2026-03-10 10:35:38,101 [INFO]       chunk 4/10
2026-03-10 10:35:38,301 [INFO] Extracting features: batch 1/32
2026-03-10 10:35:41,527 [INFO] Extracting features: batch 11/32
2026-03-10 10:35:44,774 [INFO] Extracting features: batch 21/32
2026-03-10 10:35:48,015 [INFO] Extracting features: batch 31/32
2026-03-10 10:35:48,429 [INFO] Extracted raw features: shape = (500, 8256)
2026-03-10 10:35:48,440 [INFO] Final feature shape: (500, 8256)
2026-03-10 10:35:48,806 [INFO] Extracting features: batch 1/32
2026-03-10 10:35:52,039 [INFO] Extracting features: batch 11/32
2026-03-10 10:35:55,287 [INFO] Extracting features: batch 21/32
2026-03-10 10:35:58,529 [INFO] Extracting features: batch 31/32
2026-03-10 10:35:58,941 [INFO] Extracted raw features: shape = (500, 8256)
2026-03-10 10:35:58,953 [INFO] Final feature shape: (500, 8256)
2026-03-10 10:35:59,113 [INFO]       chunk 6/10
2026-03-10 10:35:59,314 [INFO] Extracting features: batch 1/32
2026-03-10 10:36:02,548 [INFO] Extracting features: batch 11/32
2026-03-10 10:36:05,802 [INFO] Extracting features: batch 21/32
2026-03-10 10:36:09,024 [INFO] Extracting features: batch 31/32
2026-03-10 10:36:09,438 [INFO] Extracted raw features: shape = (500, 8256)
2026-03-10 10:36:09,448 [INFO] Final feature shape: (500, 8256)
2026-03-10 10:36:09,822 [INFO] Extracting features: batch 1/32
2026-03-10 10:36:13,048 [INFO] Extracting features: batch 11/32
2026-03-10 10:36:16,281 [INFO] Extracting features: batch 21/32
2026-03-10 10:36:19,519 [INFO] Extracting features: batch 31/32
2026-03-10 10:36:19,931 [INFO] Extracted raw features: shape = (500, 8256)
2026-03-10 10:36:19,945 [INFO] Final feature shape: (500, 8256)
2026-03-10 10:36:20,129 [INFO]       chunk 8/10
2026-03-10 10:36:20,349 [INFO] Extracting features: batch 1/32
2026-03-10 10:36:23,582 [INFO] Extracting features: batch 11/32
2026-03-10 10:36:26,822 [INFO] Extracting features: batch 21/32
2026-03-10 10:36:30,061 [INFO] Extracting features: batch 31/32
2026-03-10 10:36:30,487 [INFO] Extracted raw features: shape = (500, 8256)
2026-03-10 10:36:30,497 [INFO] Final feature shape: (500, 8256)
2026-03-10 10:36:30,879 [INFO] Extracting features: batch 1/32
2026-03-10 10:36:34,114 [INFO] Extracting features: batch 11/32
2026-03-10 10:36:37,368 [INFO] Extracting features: batch 21/32
2026-03-10 10:36:40,617 [INFO] Extracting features: batch 31/32
2026-03-10 10:36:41,047 [INFO] Extracted raw features: shape = (500, 8256)
2026-03-10 10:36:41,058 [INFO] Final feature shape: (500, 8256)
2026-03-10 10:36:41,225 [INFO]       chunk 10/10
2026-03-10 10:36:41,228 [INFO]     D_rr (156 Ko) et D_rq (3906 Ko) sauvegardés
2026-03-10 10:36:41,230 [INFO]     median_D_rr=1.391e+04  gamma_med=3.595e-05  feat_dim=8256
2026-03-10 10:36:41,422 [INFO]     gamma=     med  ρ=+0.3288  mono=0.434  τ=+0.4664  K_rq=0.5122
2026-03-10 10:36:41,609 [INFO]     gamma= 2.8e-05  ρ=+0.3291  mono=0.435  τ=+0.4656  K_rq=0.5830
2026-03-10 10:36:41,797 [INFO]     gamma= 1.0e-07  ρ=+0.3313  mono=0.429  τ=+0.4657  K_rq=0.9977
2026-03-10 10:36:41,989 [INFO]     gamma= 5.0e-07  ρ=+0.3313  mono=0.429  τ=+0.4655  K_rq=0.9887
2026-03-10 10:36:42,177 [INFO]     gamma= 1.0e-06  ρ=+0.3312  mono=0.430  τ=+0.4658  K_rq=0.9776
2026-03-10 10:36:42,362 [INFO]     gamma= 5.0e-06  ρ=+0.3308  mono=0.430  τ=+0.4658  K_rq=0.8958
2026-03-10 10:36:42,551 [INFO]     gamma= 1.0e-05  ρ=+0.3304  mono=0.431  τ=+0.4660  K_rq=0.8084
2026-03-10 10:36:42,737 [INFO]     gamma= 5.0e-05  ρ=+0.3282  mono=0.436  τ=+0.4682  K_rq=0.4139
2026-03-10 10:36:42,923 [INFO]     gamma= 1.0e-04  ρ=+0.3278  mono=0.440  τ=+0.4724  K_rq=0.2157
2026-03-10 10:36:43,107 [INFO]     gamma= 1.0e-03  ρ=+0.5811  mono=0.704  τ=+0.9406  K_rq=0.0025
sd_vae:  12%|█▏        | 2/17 [03:44<28:02, 112.18s/layer]2026-03-10 10:36:43,211 [INFO] 
  Layer 2 — encoder.down_blocks.0.resnets.1
2026-03-10 10:36:43,211 [INFO] Loading backbone: sd_vae
Cannot initialize model with low cpu memory usage because `accelerate` was not found in the environment. Defaulting to `low_cpu_mem_usage=False`. It is strongly recommended to install `accelerate` for faster and less memory-intense model loading. You can do so with: 
```
pip install accelerate
```
.
/home/jnapolitano/Documents/metrique/.venv/lib/python3.12/site-packages/huggingface_hub/utils/_validators.py:202: UserWarning: The `local_dir_use_symlinks` argument is deprecated and ignored in `hf_hub_download`. Downloading to a local directory does not use symlinks anymore.
  warnings.warn(
2026-03-10 10:36:43,353 [INFO] HTTP Request: HEAD https://huggingface.co/stabilityai/sd-vae-ft-mse/resolve/main/config.json "HTTP/1.1 307 Temporary Redirect"
2026-03-10 10:36:43,366 [INFO] HTTP Request: HEAD https://huggingface.co/api/resolve-cache/models/stabilityai/sd-vae-ft-mse/31f26fdeee1355a5c34592e401dd41e45d25a493/config.json "HTTP/1.1 200 OK"
2026-03-10 10:36:43,473 [INFO] HTTP Request: HEAD https://huggingface.co/stabilityai/sd-vae-ft-mse/resolve/31f26fdeee1355a5c34592e401dd41e45d25a493/diffusion_pytorch_model.safetensors.index.json "HTTP/1.1 404 Not Found"
2026-03-10 10:36:43,567 [INFO]     Extraction anchor (200 images)...
2026-03-10 10:36:43,782 [INFO] Extracting features: batch 1/13
2026-03-10 10:36:47,024 [INFO] Extracting features: batch 11/13
2026-03-10 10:36:47,842 [INFO] Extracted raw features: shape = (200, 8256)
2026-03-10 10:36:47,854 [INFO] Fitted scaler on Gram features: mean=9.98e-03, std=7.39e-02
2026-03-10 10:36:47,854 [INFO] Final feature shape: (200, 8256)
2026-03-10 10:36:47,872 [INFO]     Calcul D_rq par 10 chunks de 500 images...
2026-03-10 10:36:48,061 [INFO] Extracting features: batch 1/32
2026-03-10 10:36:51,294 [INFO] Extracting features: batch 11/32
2026-03-10 10:36:54,544 [INFO] Extracting features: batch 21/32
2026-03-10 10:36:57,796 [INFO] Extracting features: batch 31/32
2026-03-10 10:36:58,210 [INFO] Extracted raw features: shape = (500, 8256)
2026-03-10 10:36:58,221 [INFO] Final feature shape: (500, 8256)
2026-03-10 10:36:58,579 [INFO] Extracting features: batch 1/32
2026-03-10 10:37:01,812 [INFO] Extracting features: batch 11/32
2026-03-10 10:37:05,059 [INFO] Extracting features: batch 21/32
2026-03-10 10:37:08,297 [INFO] Extracting features: batch 31/32
2026-03-10 10:37:08,709 [INFO] Extracted raw features: shape = (500, 8256)
2026-03-10 10:37:08,720 [INFO] Final feature shape: (500, 8256)
2026-03-10 10:37:08,877 [INFO]       chunk 2/10
2026-03-10 10:37:09,089 [INFO] Extracting features: batch 1/32
2026-03-10 10:37:12,331 [INFO] Extracting features: batch 11/32
2026-03-10 10:37:15,583 [INFO] Extracting features: batch 21/32
2026-03-10 10:37:18,805 [INFO] Extracting features: batch 31/32
2026-03-10 10:37:19,219 [INFO] Extracted raw features: shape = (500, 8256)
2026-03-10 10:37:19,229 [INFO] Final feature shape: (500, 8256)
2026-03-10 10:37:19,646 [INFO] Extracting features: batch 1/32
2026-03-10 10:37:22,888 [INFO] Extracting features: batch 11/32
2026-03-10 10:37:26,124 [INFO] Extracting features: batch 21/32
2026-03-10 10:37:29,364 [INFO] Extracting features: batch 31/32
2026-03-10 10:37:29,797 [INFO] Extracted raw features: shape = (500, 8256)
2026-03-10 10:37:29,809 [INFO] Final feature shape: (500, 8256)
2026-03-10 10:37:30,001 [INFO]       chunk 4/10
2026-03-10 10:37:30,236 [INFO] Extracting features: batch 1/32
2026-03-10 10:37:33,462 [INFO] Extracting features: batch 11/32
2026-03-10 10:37:36,697 [INFO] Extracting features: batch 21/32
2026-03-10 10:37:39,946 [INFO] Extracting features: batch 31/32
2026-03-10 10:37:40,363 [INFO] Extracted raw features: shape = (500, 8256)
2026-03-10 10:37:40,373 [INFO] Final feature shape: (500, 8256)
2026-03-10 10:37:40,729 [INFO] Extracting features: batch 1/32
2026-03-10 10:37:43,956 [INFO] Extracting features: batch 11/32
2026-03-10 10:37:47,192 [INFO] Extracting features: batch 21/32
2026-03-10 10:37:50,423 [INFO] Extracting features: batch 31/32
2026-03-10 10:37:50,835 [INFO] Extracted raw features: shape = (500, 8256)
2026-03-10 10:37:50,846 [INFO] Final feature shape: (500, 8256)
2026-03-10 10:37:51,008 [INFO]       chunk 6/10
2026-03-10 10:37:51,206 [INFO] Extracting features: batch 1/32
2026-03-10 10:37:54,449 [INFO] Extracting features: batch 11/32
2026-03-10 10:37:57,701 [INFO] Extracting features: batch 21/32
2026-03-10 10:38:00,940 [INFO] Extracting features: batch 31/32
2026-03-10 10:38:01,358 [INFO] Extracted raw features: shape = (500, 8256)
2026-03-10 10:38:01,368 [INFO] Final feature shape: (500, 8256)
2026-03-10 10:38:01,738 [INFO] Extracting features: batch 1/32
2026-03-10 10:38:04,970 [INFO] Extracting features: batch 11/32
2026-03-10 10:38:08,217 [INFO] Extracting features: batch 21/32
2026-03-10 10:38:11,464 [INFO] Extracting features: batch 31/32
2026-03-10 10:38:11,877 [INFO] Extracted raw features: shape = (500, 8256)
2026-03-10 10:38:11,887 [INFO] Final feature shape: (500, 8256)
2026-03-10 10:38:12,074 [INFO]       chunk 8/10
2026-03-10 10:38:12,288 [INFO] Extracting features: batch 1/32
2026-03-10 10:38:15,513 [INFO] Extracting features: batch 11/32
2026-03-10 10:38:18,764 [INFO] Extracting features: batch 21/32
2026-03-10 10:38:21,982 [INFO] Extracting features: batch 31/32
2026-03-10 10:38:22,395 [INFO] Extracted raw features: shape = (500, 8256)
2026-03-10 10:38:22,405 [INFO] Final feature shape: (500, 8256)
2026-03-10 10:38:22,754 [INFO] Extracting features: batch 1/32
2026-03-10 10:38:26,442 [INFO] Extracting features: batch 11/32
2026-03-10 10:38:29,680 [INFO] Extracting features: batch 21/32
2026-03-10 10:38:32,900 [INFO] Extracting features: batch 31/32
2026-03-10 10:38:33,331 [INFO] Extracted raw features: shape = (500, 8256)
2026-03-10 10:38:33,341 [INFO] Final feature shape: (500, 8256)
2026-03-10 10:38:33,504 [INFO]       chunk 10/10
2026-03-10 10:38:33,506 [INFO]     D_rr (156 Ko) et D_rq (3906 Ko) sauvegardés
2026-03-10 10:38:33,508 [INFO]     median_D_rr=1.417e+04  gamma_med=3.528e-05  feat_dim=8256
2026-03-10 10:38:33,698 [INFO]     gamma=     med  ρ=+0.5083  mono=0.555  τ=+0.6638  K_rq=0.5246
2026-03-10 10:38:33,885 [INFO]     gamma= 2.8e-05  ρ=+0.5078  mono=0.555  τ=+0.6630  K_rq=0.5939
2026-03-10 10:38:34,072 [INFO]     gamma= 1.0e-07  ρ=+0.5061  mono=0.554  τ=+0.6592  K_rq=0.9980
2026-03-10 10:38:34,257 [INFO]     gamma= 5.0e-07  ρ=+0.5061  mono=0.556  τ=+0.6597  K_rq=0.9900
2026-03-10 10:38:34,445 [INFO]     gamma= 1.0e-06  ρ=+0.5061  mono=0.556  τ=+0.6596  K_rq=0.9800
2026-03-10 10:38:34,633 [INFO]     gamma= 5.0e-06  ρ=+0.5064  mono=0.555  τ=+0.6600  K_rq=0.9054
2026-03-10 10:38:34,819 [INFO]     gamma= 1.0e-05  ρ=+0.5067  mono=0.555  τ=+0.6606  K_rq=0.8223
2026-03-10 10:38:35,005 [INFO]     gamma= 5.0e-05  ρ=+0.5092  mono=0.555  τ=+0.6656  K_rq=0.4127
2026-03-10 10:38:35,191 [INFO]     gamma= 1.0e-04  ρ=+0.5131  mono=0.558  τ=+0.6738  K_rq=0.1986
2026-03-10 10:38:35,373 [INFO]     gamma= 1.0e-03  ρ=+0.7751  mono=0.802  τ=+0.9847  K_rq=0.0015
sd_vae:  18%|█▊        | 3/17 [05:36<26:11, 112.22s/layer]2026-03-10 10:38:35,479 [INFO] 
  Layer 3 — encoder.down_blocks.0.downsamplers.0
2026-03-10 10:38:35,479 [INFO] Loading backbone: sd_vae
Cannot initialize model with low cpu memory usage because `accelerate` was not found in the environment. Defaulting to `low_cpu_mem_usage=False`. It is strongly recommended to install `accelerate` for faster and less memory-intense model loading. You can do so with: 
```
pip install accelerate
```
.
/home/jnapolitano/Documents/metrique/.venv/lib/python3.12/site-packages/huggingface_hub/utils/_validators.py:202: UserWarning: The `local_dir_use_symlinks` argument is deprecated and ignored in `hf_hub_download`. Downloading to a local directory does not use symlinks anymore.
  warnings.warn(
2026-03-10 10:38:35,625 [INFO] HTTP Request: HEAD https://huggingface.co/stabilityai/sd-vae-ft-mse/resolve/main/config.json "HTTP/1.1 307 Temporary Redirect"
2026-03-10 10:38:35,637 [INFO] HTTP Request: HEAD https://huggingface.co/api/resolve-cache/models/stabilityai/sd-vae-ft-mse/31f26fdeee1355a5c34592e401dd41e45d25a493/config.json "HTTP/1.1 200 OK"
2026-03-10 10:38:35,747 [INFO] HTTP Request: HEAD https://huggingface.co/stabilityai/sd-vae-ft-mse/resolve/31f26fdeee1355a5c34592e401dd41e45d25a493/diffusion_pytorch_model.safetensors.index.json "HTTP/1.1 404 Not Found"
2026-03-10 10:38:35,849 [INFO]     Extraction anchor (200 images)...
2026-03-10 10:38:36,063 [INFO] Extracting features: batch 1/13
2026-03-10 10:38:39,216 [INFO] Extracting features: batch 11/13
2026-03-10 10:38:40,014 [INFO] Extracted raw features: shape = (200, 8256)
2026-03-10 10:38:40,026 [INFO] Fitted scaler on Gram features: mean=1.30e-01, std=1.08e+00
2026-03-10 10:38:40,026 [INFO] Final feature shape: (200, 8256)
2026-03-10 10:38:40,045 [INFO]     Calcul D_rq par 10 chunks de 500 images...
2026-03-10 10:38:40,237 [INFO] Extracting features: batch 1/32
2026-03-10 10:38:43,380 [INFO] Extracting features: batch 11/32
2026-03-10 10:38:46,548 [INFO] Extracting features: batch 21/32
2026-03-10 10:38:49,709 [INFO] Extracting features: batch 31/32
2026-03-10 10:38:50,111 [INFO] Extracted raw features: shape = (500, 8256)
2026-03-10 10:38:50,122 [INFO] Final feature shape: (500, 8256)
2026-03-10 10:38:50,517 [INFO] Extracting features: batch 1/32
2026-03-10 10:38:53,663 [INFO] Extracting features: batch 11/32
2026-03-10 10:38:56,823 [INFO] Extracting features: batch 21/32
2026-03-10 10:38:59,994 [INFO] Extracting features: batch 31/32
2026-03-10 10:39:00,396 [INFO] Extracted raw features: shape = (500, 8256)
2026-03-10 10:39:00,406 [INFO] Final feature shape: (500, 8256)
2026-03-10 10:39:00,571 [INFO]       chunk 2/10
2026-03-10 10:39:00,780 [INFO] Extracting features: batch 1/32
2026-03-10 10:39:03,934 [INFO] Extracting features: batch 11/32
2026-03-10 10:39:07,088 [INFO] Extracting features: batch 21/32
2026-03-10 10:39:10,243 [INFO] Extracting features: batch 31/32
2026-03-10 10:39:10,661 [INFO] Extracted raw features: shape = (500, 8256)
2026-03-10 10:39:10,671 [INFO] Final feature shape: (500, 8256)
2026-03-10 10:39:11,043 [INFO] Extracting features: batch 1/32
2026-03-10 10:39:14,191 [INFO] Extracting features: batch 11/32
2026-03-10 10:39:17,362 [INFO] Extracting features: batch 21/32
2026-03-10 10:39:20,524 [INFO] Extracting features: batch 31/32
2026-03-10 10:39:20,931 [INFO] Extracted raw features: shape = (500, 8256)
2026-03-10 10:39:20,944 [INFO] Final feature shape: (500, 8256)
2026-03-10 10:39:21,143 [INFO]       chunk 4/10
2026-03-10 10:39:21,365 [INFO] Extracting features: batch 1/32
2026-03-10 10:39:24,539 [INFO] Extracting features: batch 11/32
2026-03-10 10:39:27,712 [INFO] Extracting features: batch 21/32
2026-03-10 10:39:30,884 [INFO] Extracting features: batch 31/32
2026-03-10 10:39:31,303 [INFO] Extracted raw features: shape = (500, 8256)
2026-03-10 10:39:31,316 [INFO] Final feature shape: (500, 8256)
2026-03-10 10:39:31,721 [INFO] Extracting features: batch 1/32
2026-03-10 10:39:34,880 [INFO] Extracting features: batch 11/32
2026-03-10 10:39:38,043 [INFO] Extracting features: batch 21/32
2026-03-10 10:39:41,203 [INFO] Extracting features: batch 31/32
2026-03-10 10:39:41,619 [INFO] Extracted raw features: shape = (500, 8256)
2026-03-10 10:39:41,632 [INFO] Final feature shape: (500, 8256)
2026-03-10 10:39:41,789 [INFO]       chunk 6/10
2026-03-10 10:39:41,982 [INFO] Extracting features: batch 1/32
2026-03-10 10:39:45,136 [INFO] Extracting features: batch 11/32
2026-03-10 10:39:48,315 [INFO] Extracting features: batch 21/32
2026-03-10 10:39:51,491 [INFO] Extracting features: batch 31/32
2026-03-10 10:39:51,892 [INFO] Extracted raw features: shape = (500, 8256)
2026-03-10 10:39:51,905 [INFO] Final feature shape: (500, 8256)
2026-03-10 10:39:52,362 [INFO] Extracting features: batch 1/32
2026-03-10 10:39:55,538 [INFO] Extracting features: batch 11/32
2026-03-10 10:39:58,709 [INFO] Extracting features: batch 21/32
2026-03-10 10:40:01,873 [INFO] Extracting features: batch 31/32
2026-03-10 10:40:02,279 [INFO] Extracted raw features: shape = (500, 8256)
2026-03-10 10:40:02,290 [INFO] Final feature shape: (500, 8256)
2026-03-10 10:40:02,494 [INFO]       chunk 8/10
2026-03-10 10:40:02,702 [INFO] Extracting features: batch 1/32
2026-03-10 10:40:05,877 [INFO] Extracting features: batch 11/32
2026-03-10 10:40:09,065 [INFO] Extracting features: batch 21/32
2026-03-10 10:40:12,239 [INFO] Extracting features: batch 31/32
2026-03-10 10:40:12,644 [INFO] Extracted raw features: shape = (500, 8256)
2026-03-10 10:40:12,655 [INFO] Final feature shape: (500, 8256)
2026-03-10 10:40:13,063 [INFO] Extracting features: batch 1/32
2026-03-10 10:40:16,224 [INFO] Extracting features: batch 11/32
2026-03-10 10:40:19,394 [INFO] Extracting features: batch 21/32
2026-03-10 10:40:22,578 [INFO] Extracting features: batch 31/32
2026-03-10 10:40:22,996 [INFO] Extracted raw features: shape = (500, 8256)
2026-03-10 10:40:23,009 [INFO] Final feature shape: (500, 8256)
2026-03-10 10:40:23,215 [INFO]       chunk 10/10
2026-03-10 10:40:23,217 [INFO]     D_rr (156 Ko) et D_rq (3906 Ko) sauvegardés
2026-03-10 10:40:23,218 [INFO]     median_D_rr=1.370e+04  gamma_med=3.649e-05  feat_dim=8256
2026-03-10 10:40:23,422 [INFO]     gamma=     med  ρ=+0.3488  mono=0.514  τ=+0.5040  K_rq=0.5374
2026-03-10 10:40:23,615 [INFO]     gamma= 2.8e-05  ρ=+0.3482  mono=0.513  τ=+0.5034  K_rq=0.6138
2026-03-10 10:40:23,803 [INFO]     gamma= 1.0e-07  ρ=+0.3458  mono=0.508  τ=+0.4998  K_rq=0.9981
2026-03-10 10:40:24,015 [INFO]     gamma= 5.0e-07  ρ=+0.3458  mono=0.510  τ=+0.5010  K_rq=0.9905
2026-03-10 10:40:24,205 [INFO]     gamma= 1.0e-06  ρ=+0.3459  mono=0.510  τ=+0.5010  K_rq=0.9811
2026-03-10 10:40:24,391 [INFO]     gamma= 5.0e-06  ρ=+0.3463  mono=0.510  τ=+0.5018  K_rq=0.9104
2026-03-10 10:40:24,577 [INFO]     gamma= 1.0e-05  ρ=+0.3467  mono=0.510  τ=+0.5016  K_rq=0.8315
2026-03-10 10:40:24,761 [INFO]     gamma= 5.0e-05  ρ=+0.3498  mono=0.515  τ=+0.5060  K_rq=0.4396
2026-03-10 10:40:24,948 [INFO]     gamma= 1.0e-04  ρ=+0.3543  mono=0.524  τ=+0.5124  K_rq=0.2281
2026-03-10 10:40:25,128 [INFO]     gamma= 1.0e-03  ρ=+0.7096  mono=0.898  τ=+0.9833  K_rq=0.0020
sd_vae:  24%|██▎       | 4/17 [07:26<24:06, 111.26s/layer]2026-03-10 10:40:25,269 [INFO] 
  Layer 4 — encoder.down_blocks.1.resnets.0
2026-03-10 10:40:25,269 [INFO] Loading backbone: sd_vae
Cannot initialize model with low cpu memory usage because `accelerate` was not found in the environment. Defaulting to `low_cpu_mem_usage=False`. It is strongly recommended to install `accelerate` for faster and less memory-intense model loading. You can do so with: 
```
pip install accelerate
```
.
/home/jnapolitano/Documents/metrique/.venv/lib/python3.12/site-packages/huggingface_hub/utils/_validators.py:202: UserWarning: The `local_dir_use_symlinks` argument is deprecated and ignored in `hf_hub_download`. Downloading to a local directory does not use symlinks anymore.
  warnings.warn(
2026-03-10 10:40:25,407 [INFO] HTTP Request: HEAD https://huggingface.co/stabilityai/sd-vae-ft-mse/resolve/main/config.json "HTTP/1.1 307 Temporary Redirect"
2026-03-10 10:40:25,419 [INFO] HTTP Request: HEAD https://huggingface.co/api/resolve-cache/models/stabilityai/sd-vae-ft-mse/31f26fdeee1355a5c34592e401dd41e45d25a493/config.json "HTTP/1.1 200 OK"
2026-03-10 10:40:25,558 [INFO] HTTP Request: HEAD https://huggingface.co/stabilityai/sd-vae-ft-mse/resolve/31f26fdeee1355a5c34592e401dd41e45d25a493/diffusion_pytorch_model.safetensors.index.json "HTTP/1.1 404 Not Found"
2026-03-10 10:40:25,681 [INFO]     Extraction anchor (200 images)...
2026-03-10 10:40:25,895 [INFO] Extracting features: batch 1/13
2026-03-10 10:40:29,098 [INFO] Extracting features: batch 11/13
2026-03-10 10:40:29,906 [INFO] Extracted raw features: shape = (200, 32896)
2026-03-10 10:40:29,999 [INFO] Fitted scaler on Gram features: mean=5.40e-02, std=3.28e-01
2026-03-10 10:40:30,000 [INFO] Final feature shape: (200, 32896)
2026-03-10 10:40:30,045 [INFO]     Calcul D_rq par 10 chunks de 500 images...
2026-03-10 10:40:30,268 [INFO] Extracting features: batch 1/32
2026-03-10 10:40:33,461 [INFO] Extracting features: batch 11/32
2026-03-10 10:40:36,667 [INFO] Extracting features: batch 21/32
2026-03-10 10:40:39,878 [INFO] Extracting features: batch 31/32
2026-03-10 10:40:40,309 [INFO] Extracted raw features: shape = (500, 32896)
2026-03-10 10:40:40,359 [INFO] Final feature shape: (500, 32896)
2026-03-10 10:40:40,805 [INFO] Extracting features: batch 1/32
2026-03-10 10:40:44,011 [INFO] Extracting features: batch 11/32
2026-03-10 10:40:47,237 [INFO] Extracting features: batch 21/32
2026-03-10 10:40:50,453 [INFO] Extracting features: batch 31/32
2026-03-10 10:40:50,881 [INFO] Extracted raw features: shape = (500, 32896)
2026-03-10 10:40:50,929 [INFO] Final feature shape: (500, 32896)
2026-03-10 10:40:51,162 [INFO]       chunk 2/10
2026-03-10 10:40:51,401 [INFO] Extracting features: batch 1/32
2026-03-10 10:40:54,590 [INFO] Extracting features: batch 11/32
2026-03-10 10:40:57,794 [INFO] Extracting features: batch 21/32
2026-03-10 10:41:01,004 [INFO] Extracting features: batch 31/32
2026-03-10 10:41:01,432 [INFO] Extracted raw features: shape = (500, 32896)
2026-03-10 10:41:01,489 [INFO] Final feature shape: (500, 32896)
2026-03-10 10:41:01,947 [INFO] Extracting features: batch 1/32
2026-03-10 10:41:05,161 [INFO] Extracting features: batch 11/32
2026-03-10 10:41:08,378 [INFO] Extracting features: batch 21/32
2026-03-10 10:41:11,607 [INFO] Extracting features: batch 31/32
2026-03-10 10:41:12,042 [INFO] Extracted raw features: shape = (500, 32896)
2026-03-10 10:41:12,102 [INFO] Final feature shape: (500, 32896)
2026-03-10 10:41:12,356 [INFO]       chunk 4/10
2026-03-10 10:41:12,605 [INFO] Extracting features: batch 1/32
2026-03-10 10:41:15,820 [INFO] Extracting features: batch 11/32
2026-03-10 10:41:19,033 [INFO] Extracting features: batch 21/32
2026-03-10 10:41:22,258 [INFO] Extracting features: batch 31/32
2026-03-10 10:41:22,695 [INFO] Extracted raw features: shape = (500, 32896)
2026-03-10 10:41:22,749 [INFO] Final feature shape: (500, 32896)
2026-03-10 10:41:23,242 [INFO] Extracting features: batch 1/32
2026-03-10 10:41:26,442 [INFO] Extracting features: batch 11/32
2026-03-10 10:41:29,688 [INFO] Extracting features: batch 21/32
2026-03-10 10:41:32,904 [INFO] Extracting features: batch 31/32
2026-03-10 10:41:33,332 [INFO] Extracted raw features: shape = (500, 32896)
2026-03-10 10:41:33,384 [INFO] Final feature shape: (500, 32896)
2026-03-10 10:41:33,621 [INFO]       chunk 6/10
2026-03-10 10:41:33,822 [INFO] Extracting features: batch 1/32
2026-03-10 10:41:37,026 [INFO] Extracting features: batch 11/32
2026-03-10 10:41:40,238 [INFO] Extracting features: batch 21/32
2026-03-10 10:41:43,458 [INFO] Extracting features: batch 31/32
2026-03-10 10:41:43,880 [INFO] Extracted raw features: shape = (500, 32896)
2026-03-10 10:41:43,931 [INFO] Final feature shape: (500, 32896)
2026-03-10 10:41:44,404 [INFO] Extracting features: batch 1/32
2026-03-10 10:41:47,604 [INFO] Extracting features: batch 11/32
2026-03-10 10:41:50,817 [INFO] Extracting features: batch 21/32
2026-03-10 10:41:54,031 [INFO] Extracting features: batch 31/32
2026-03-10 10:41:54,456 [INFO] Extracted raw features: shape = (500, 32896)
2026-03-10 10:41:54,507 [INFO] Final feature shape: (500, 32896)
2026-03-10 10:41:54,730 [INFO]       chunk 8/10
2026-03-10 10:41:54,946 [INFO] Extracting features: batch 1/32
2026-03-10 10:41:58,149 [INFO] Extracting features: batch 11/32
2026-03-10 10:42:01,382 [INFO] Extracting features: batch 21/32
2026-03-10 10:42:04,587 [INFO] Extracting features: batch 31/32
2026-03-10 10:42:05,017 [INFO] Extracted raw features: shape = (500, 32896)
2026-03-10 10:42:05,071 [INFO] Final feature shape: (500, 32896)
2026-03-10 10:42:05,515 [INFO] Extracting features: batch 1/32
2026-03-10 10:42:08,717 [INFO] Extracting features: batch 11/32
2026-03-10 10:42:11,920 [INFO] Extracting features: batch 21/32
2026-03-10 10:42:15,136 [INFO] Extracting features: batch 31/32
2026-03-10 10:42:15,579 [INFO] Extracted raw features: shape = (500, 32896)
2026-03-10 10:42:15,632 [INFO] Final feature shape: (500, 32896)
2026-03-10 10:42:15,834 [INFO]       chunk 10/10
2026-03-10 10:42:15,836 [INFO]     D_rr (156 Ko) et D_rq (3906 Ko) sauvegardés
2026-03-10 10:42:15,838 [INFO]     median_D_rr=5.674e+04  gamma_med=8.812e-06  feat_dim=32896
2026-03-10 10:42:16,029 [INFO]     gamma=     med  ρ=+0.5146  mono=0.522  τ=+0.6812  K_rq=0.5274
2026-03-10 10:42:16,219 [INFO]     gamma= 2.8e-05  ρ=+0.5196  mono=0.528  τ=+0.6934  K_rq=0.1742
2026-03-10 10:42:16,403 [INFO]     gamma= 1.0e-07  ρ=+0.5136  mono=0.521  τ=+0.6794  K_rq=0.9919
2026-03-10 10:42:16,589 [INFO]     gamma= 5.0e-07  ρ=+0.5137  mono=0.522  τ=+0.6798  K_rq=0.9605
2026-03-10 10:42:16,776 [INFO]     gamma= 1.0e-06  ρ=+0.5137  mono=0.522  τ=+0.6798  K_rq=0.9231
2026-03-10 10:42:16,964 [INFO]     gamma= 5.0e-06  ρ=+0.5141  mono=0.522  τ=+0.6798  K_rq=0.6847
2026-03-10 10:42:17,150 [INFO]     gamma= 1.0e-05  ρ=+0.5148  mono=0.522  τ=+0.6820  K_rq=0.4880
2026-03-10 10:42:17,333 [INFO]     gamma= 5.0e-05  ρ=+0.5347  mono=0.541  τ=+0.7176  K_rq=0.0625
2026-03-10 10:42:17,526 [INFO]     gamma= 1.0e-04  ρ=+0.6165  mono=0.671  τ=+0.8417  K_rq=0.0106
2026-03-10 10:42:17,732 [INFO]     gamma= 1.0e-03  ρ=+0.7446  mono=0.211  τ=+0.8439  K_rq=0.0007
sd_vae:  29%|██▉       | 5/17 [09:19<22:20, 111.73s/layer]2026-03-10 10:42:17,840 [INFO] 
  Layer 5 — encoder.down_blocks.1.resnets.1
2026-03-10 10:42:17,840 [INFO] Loading backbone: sd_vae
Cannot initialize model with low cpu memory usage because `accelerate` was not found in the environment. Defaulting to `low_cpu_mem_usage=False`. It is strongly recommended to install `accelerate` for faster and less memory-intense model loading. You can do so with: 
```
pip install accelerate
```
.
/home/jnapolitano/Documents/metrique/.venv/lib/python3.12/site-packages/huggingface_hub/utils/_validators.py:202: UserWarning: The `local_dir_use_symlinks` argument is deprecated and ignored in `hf_hub_download`. Downloading to a local directory does not use symlinks anymore.
  warnings.warn(
2026-03-10 10:42:18,088 [INFO] HTTP Request: HEAD https://huggingface.co/stabilityai/sd-vae-ft-mse/resolve/main/config.json "HTTP/1.1 307 Temporary Redirect"
2026-03-10 10:42:18,101 [INFO] HTTP Request: HEAD https://huggingface.co/api/resolve-cache/models/stabilityai/sd-vae-ft-mse/31f26fdeee1355a5c34592e401dd41e45d25a493/config.json "HTTP/1.1 200 OK"
2026-03-10 10:42:18,212 [INFO] HTTP Request: HEAD https://huggingface.co/stabilityai/sd-vae-ft-mse/resolve/31f26fdeee1355a5c34592e401dd41e45d25a493/diffusion_pytorch_model.safetensors.index.json "HTTP/1.1 404 Not Found"
2026-03-10 10:42:18,342 [INFO]     Extraction anchor (200 images)...
2026-03-10 10:42:18,601 [INFO] Extracting features: batch 1/13
2026-03-10 10:42:21,810 [INFO] Extracting features: batch 11/13
2026-03-10 10:42:22,636 [INFO] Extracted raw features: shape = (200, 32896)
2026-03-10 10:42:22,727 [INFO] Fitted scaler on Gram features: mean=1.77e-02, std=1.90e-01
2026-03-10 10:42:22,727 [INFO] Final feature shape: (200, 32896)
2026-03-10 10:42:22,760 [INFO]     Calcul D_rq par 10 chunks de 500 images...
2026-03-10 10:42:22,993 [INFO] Extracting features: batch 1/32
2026-03-10 10:42:26,187 [INFO] Extracting features: batch 11/32
2026-03-10 10:42:29,389 [INFO] Extracting features: batch 21/32
2026-03-10 10:42:32,589 [INFO] Extracting features: batch 31/32
2026-03-10 10:42:33,024 [INFO] Extracted raw features: shape = (500, 32896)
2026-03-10 10:42:33,077 [INFO] Final feature shape: (500, 32896)
2026-03-10 10:42:33,616 [INFO] Extracting features: batch 1/32
2026-03-10 10:42:36,818 [INFO] Extracting features: batch 11/32
2026-03-10 10:42:40,042 [INFO] Extracting features: batch 21/32
2026-03-10 10:42:43,259 [INFO] Extracting features: batch 31/32
2026-03-10 10:42:43,683 [INFO] Extracted raw features: shape = (500, 32896)
2026-03-10 10:42:43,729 [INFO] Final feature shape: (500, 32896)
2026-03-10 10:42:43,980 [INFO]       chunk 2/10
2026-03-10 10:42:44,230 [INFO] Extracting features: batch 1/32
2026-03-10 10:42:47,451 [INFO] Extracting features: batch 11/32
2026-03-10 10:42:50,658 [INFO] Extracting features: batch 21/32
2026-03-10 10:42:53,853 [INFO] Extracting features: batch 31/32
2026-03-10 10:42:54,287 [INFO] Extracted raw features: shape = (500, 32896)
2026-03-10 10:42:54,365 [INFO] Final feature shape: (500, 32896)
2026-03-10 10:42:54,846 [INFO] Extracting features: batch 1/32
2026-03-10 10:42:58,060 [INFO] Extracting features: batch 11/32
2026-03-10 10:43:01,277 [INFO] Extracting features: batch 21/32
2026-03-10 10:43:04,497 [INFO] Extracting features: batch 31/32
2026-03-10 10:43:04,945 [INFO] Extracted raw features: shape = (500, 32896)
2026-03-10 10:43:05,030 [INFO] Final feature shape: (500, 32896)
2026-03-10 10:43:05,273 [INFO]       chunk 4/10
2026-03-10 10:43:05,519 [INFO] Extracting features: batch 1/32
2026-03-10 10:43:08,717 [INFO] Extracting features: batch 11/32
2026-03-10 10:43:11,917 [INFO] Extracting features: batch 21/32
2026-03-10 10:43:15,139 [INFO] Extracting features: batch 31/32
2026-03-10 10:43:15,572 [INFO] Extracted raw features: shape = (500, 32896)
2026-03-10 10:43:15,630 [INFO] Final feature shape: (500, 32896)
2026-03-10 10:43:16,053 [INFO] Extracting features: batch 1/32
2026-03-10 10:43:19,270 [INFO] Extracting features: batch 11/32
2026-03-10 10:43:22,485 [INFO] Extracting features: batch 21/32
2026-03-10 10:43:25,693 [INFO] Extracting features: batch 31/32
2026-03-10 10:43:26,132 [INFO] Extracted raw features: shape = (500, 32896)
2026-03-10 10:43:26,182 [INFO] Final feature shape: (500, 32896)
2026-03-10 10:43:26,413 [INFO]       chunk 6/10
2026-03-10 10:43:26,625 [INFO] Extracting features: batch 1/32
2026-03-10 10:43:29,820 [INFO] Extracting features: batch 11/32
2026-03-10 10:43:33,043 [INFO] Extracting features: batch 21/32
2026-03-10 10:43:36,249 [INFO] Extracting features: batch 31/32
2026-03-10 10:43:36,680 [INFO] Extracted raw features: shape = (500, 32896)
2026-03-10 10:43:36,736 [INFO] Final feature shape: (500, 32896)
2026-03-10 10:43:37,208 [INFO] Extracting features: batch 1/32
2026-03-10 10:43:40,410 [INFO] Extracting features: batch 11/32
2026-03-10 10:43:43,630 [INFO] Extracting features: batch 21/32
2026-03-10 10:43:46,826 [INFO] Extracting features: batch 31/32
2026-03-10 10:43:47,251 [INFO] Extracted raw features: shape = (500, 32896)
2026-03-10 10:43:47,302 [INFO] Final feature shape: (500, 32896)
2026-03-10 10:43:47,532 [INFO]       chunk 8/10
2026-03-10 10:43:47,753 [INFO] Extracting features: batch 1/32
2026-03-10 10:43:50,952 [INFO] Extracting features: batch 11/32
2026-03-10 10:43:54,168 [INFO] Extracting features: batch 21/32
2026-03-10 10:43:57,380 [INFO] Extracting features: batch 31/32
2026-03-10 10:43:57,816 [INFO] Extracted raw features: shape = (500, 32896)
2026-03-10 10:43:57,860 [INFO] Final feature shape: (500, 32896)
2026-03-10 10:43:58,325 [INFO] Extracting features: batch 1/32
2026-03-10 10:44:01,550 [INFO] Extracting features: batch 11/32
2026-03-10 10:44:04,777 [INFO] Extracting features: batch 21/32
2026-03-10 10:44:07,984 [INFO] Extracting features: batch 31/32
2026-03-10 10:44:08,408 [INFO] Extracted raw features: shape = (500, 32896)
2026-03-10 10:44:08,477 [INFO] Final feature shape: (500, 32896)
2026-03-10 10:44:08,729 [INFO]       chunk 10/10
2026-03-10 10:44:08,732 [INFO]     D_rr (156 Ko) et D_rq (3906 Ko) sauvegardés
2026-03-10 10:44:08,733 [INFO]     median_D_rr=5.499e+04  gamma_med=9.093e-06  feat_dim=32896
2026-03-10 10:44:08,930 [INFO]     gamma=     med  ρ=+0.5998  mono=0.432  τ=+0.7536  K_rq=0.5208
2026-03-10 10:44:09,123 [INFO]     gamma= 2.8e-05  ρ=+0.6040  mono=0.436  τ=+0.7634  K_rq=0.1754
2026-03-10 10:44:09,316 [INFO]     gamma= 1.0e-07  ρ=+0.5989  mono=0.431  τ=+0.7523  K_rq=0.9918
2026-03-10 10:44:09,527 [INFO]     gamma= 5.0e-07  ρ=+0.5989  mono=0.433  τ=+0.7526  K_rq=0.9599
2026-03-10 10:44:09,724 [INFO]     gamma= 1.0e-06  ρ=+0.5989  mono=0.433  τ=+0.7526  K_rq=0.9224
2026-03-10 10:44:09,918 [INFO]     gamma= 5.0e-06  ρ=+0.5993  mono=0.433  τ=+0.7532  K_rq=0.6861
2026-03-10 10:44:10,111 [INFO]     gamma= 1.0e-05  ρ=+0.5999  mono=0.431  τ=+0.7534  K_rq=0.4913
2026-03-10 10:44:10,304 [INFO]     gamma= 5.0e-05  ρ=+0.6163  mono=0.453  τ=+0.7824  K_rq=0.0612
2026-03-10 10:44:10,493 [INFO]     gamma= 1.0e-04  ρ=+0.7017  mono=0.578  τ=+0.8852  K_rq=0.0095
2026-03-10 10:44:10,688 [INFO]     gamma= 1.0e-03  ρ=+0.7695  mono=0.123  τ=+0.8249  K_rq=0.0005
sd_vae:  35%|███▌      | 6/17 [11:12<20:33, 112.15s/layer]2026-03-10 10:44:10,797 [INFO] 
  Layer 6 — encoder.down_blocks.1.downsamplers.0
2026-03-10 10:44:10,797 [INFO] Loading backbone: sd_vae
Cannot initialize model with low cpu memory usage because `accelerate` was not found in the environment. Defaulting to `low_cpu_mem_usage=False`. It is strongly recommended to install `accelerate` for faster and less memory-intense model loading. You can do so with: 
```
pip install accelerate
```
.
/home/jnapolitano/Documents/metrique/.venv/lib/python3.12/site-packages/huggingface_hub/utils/_validators.py:202: UserWarning: The `local_dir_use_symlinks` argument is deprecated and ignored in `hf_hub_download`. Downloading to a local directory does not use symlinks anymore.
  warnings.warn(
2026-03-10 10:44:10,935 [INFO] HTTP Request: HEAD https://huggingface.co/stabilityai/sd-vae-ft-mse/resolve/main/config.json "HTTP/1.1 307 Temporary Redirect"
2026-03-10 10:44:10,945 [INFO] HTTP Request: HEAD https://huggingface.co/api/resolve-cache/models/stabilityai/sd-vae-ft-mse/31f26fdeee1355a5c34592e401dd41e45d25a493/config.json "HTTP/1.1 200 OK"
2026-03-10 10:44:11,053 [INFO] HTTP Request: HEAD https://huggingface.co/stabilityai/sd-vae-ft-mse/resolve/31f26fdeee1355a5c34592e401dd41e45d25a493/diffusion_pytorch_model.safetensors.index.json "HTTP/1.1 404 Not Found"
2026-03-10 10:44:11,188 [INFO]     Extraction anchor (200 images)...
2026-03-10 10:44:11,476 [INFO] Extracting features: batch 1/13
2026-03-10 10:44:14,655 [INFO] Extracting features: batch 11/13
2026-03-10 10:44:15,471 [INFO] Extracted raw features: shape = (200, 32896)
2026-03-10 10:44:15,554 [INFO] Fitted scaler on Gram features: mean=4.72e-01, std=3.25e+00
2026-03-10 10:44:15,554 [INFO] Final feature shape: (200, 32896)
2026-03-10 10:44:15,592 [INFO]     Calcul D_rq par 10 chunks de 500 images...
2026-03-10 10:44:15,821 [INFO] Extracting features: batch 1/32
2026-03-10 10:44:18,992 [INFO] Extracting features: batch 11/32
2026-03-10 10:44:22,160 [INFO] Extracting features: batch 21/32
2026-03-10 10:44:25,331 [INFO] Extracting features: batch 31/32
2026-03-10 10:44:25,750 [INFO] Extracted raw features: shape = (500, 32896)
2026-03-10 10:44:25,793 [INFO] Final feature shape: (500, 32896)
2026-03-10 10:44:26,241 [INFO] Extracting features: batch 1/32
2026-03-10 10:44:29,407 [INFO] Extracting features: batch 11/32
2026-03-10 10:44:32,589 [INFO] Extracting features: batch 21/32
2026-03-10 10:44:35,755 [INFO] Extracting features: batch 31/32
2026-03-10 10:44:36,177 [INFO] Extracted raw features: shape = (500, 32896)
2026-03-10 10:44:36,229 [INFO] Final feature shape: (500, 32896)
2026-03-10 10:44:36,458 [INFO]       chunk 2/10
2026-03-10 10:44:36,679 [INFO] Extracting features: batch 1/32
2026-03-10 10:44:39,834 [INFO] Extracting features: batch 11/32
2026-03-10 10:44:42,990 [INFO] Extracting features: batch 21/32
2026-03-10 10:44:46,159 [INFO] Extracting features: batch 31/32
2026-03-10 10:44:46,587 [INFO] Extracted raw features: shape = (500, 32896)
2026-03-10 10:44:46,639 [INFO] Final feature shape: (500, 32896)
2026-03-10 10:44:47,060 [INFO] Extracting features: batch 1/32
2026-03-10 10:44:50,230 [INFO] Extracting features: batch 11/32
2026-03-10 10:44:53,422 [INFO] Extracting features: batch 21/32
2026-03-10 10:44:56,589 [INFO] Extracting features: batch 31/32
2026-03-10 10:44:57,023 [INFO] Extracted raw features: shape = (500, 32896)
2026-03-10 10:44:57,075 [INFO] Final feature shape: (500, 32896)
2026-03-10 10:44:57,319 [INFO]       chunk 4/10
2026-03-10 10:44:57,550 [INFO] Extracting features: batch 1/32
2026-03-10 10:45:00,707 [INFO] Extracting features: batch 11/32
2026-03-10 10:45:03,870 [INFO] Extracting features: batch 21/32
2026-03-10 10:45:07,042 [INFO] Extracting features: batch 31/32
2026-03-10 10:45:07,467 [INFO] Extracted raw features: shape = (500, 32896)
2026-03-10 10:45:07,534 [INFO] Final feature shape: (500, 32896)
2026-03-10 10:45:08,011 [INFO] Extracting features: batch 1/32
2026-03-10 10:45:11,180 [INFO] Extracting features: batch 11/32
2026-03-10 10:45:14,355 [INFO] Extracting features: batch 21/32
2026-03-10 10:45:17,533 [INFO] Extracting features: batch 31/32
2026-03-10 10:45:17,961 [INFO] Extracted raw features: shape = (500, 32896)
2026-03-10 10:45:18,015 [INFO] Final feature shape: (500, 32896)
2026-03-10 10:45:18,260 [INFO]       chunk 6/10
2026-03-10 10:45:18,487 [INFO] Extracting features: batch 1/32
2026-03-10 10:45:21,641 [INFO] Extracting features: batch 11/32
2026-03-10 10:45:24,806 [INFO] Extracting features: batch 21/32
2026-03-10 10:45:27,990 [INFO] Extracting features: batch 31/32
2026-03-10 10:45:28,421 [INFO] Extracted raw features: shape = (500, 32896)
2026-03-10 10:45:28,477 [INFO] Final feature shape: (500, 32896)
2026-03-10 10:45:28,937 [INFO] Extracting features: batch 1/32
2026-03-10 10:45:32,106 [INFO] Extracting features: batch 11/32
2026-03-10 10:45:35,276 [INFO] Extracting features: batch 21/32
2026-03-10 10:45:38,445 [INFO] Extracting features: batch 31/32
2026-03-10 10:45:38,868 [INFO] Extracted raw features: shape = (500, 32896)
2026-03-10 10:45:38,919 [INFO] Final feature shape: (500, 32896)
2026-03-10 10:45:39,184 [INFO]       chunk 8/10
2026-03-10 10:45:39,415 [INFO] Extracting features: batch 1/32
2026-03-10 10:45:42,563 [INFO] Extracting features: batch 11/32
2026-03-10 10:45:45,732 [INFO] Extracting features: batch 21/32
2026-03-10 10:45:48,905 [INFO] Extracting features: batch 31/32
2026-03-10 10:45:49,330 [INFO] Extracted raw features: shape = (500, 32896)
2026-03-10 10:45:49,381 [INFO] Final feature shape: (500, 32896)
2026-03-10 10:45:49,859 [INFO] Extracting features: batch 1/32
2026-03-10 10:45:53,020 [INFO] Extracting features: batch 11/32
2026-03-10 10:45:56,209 [INFO] Extracting features: batch 21/32
2026-03-10 10:45:59,382 [INFO] Extracting features: batch 31/32
2026-03-10 10:45:59,803 [INFO] Extracted raw features: shape = (500, 32896)
2026-03-10 10:45:59,856 [INFO] Final feature shape: (500, 32896)
2026-03-10 10:46:00,121 [INFO]       chunk 10/10
2026-03-10 10:46:00,124 [INFO]     D_rr (156 Ko) et D_rq (3906 Ko) sauvegardés
2026-03-10 10:46:00,125 [INFO]     median_D_rr=5.541e+04  gamma_med=9.023e-06  feat_dim=32896
2026-03-10 10:46:00,317 [INFO]     gamma=     med  ρ=+0.5005  mono=0.420  τ=+0.6878  K_rq=0.5208
2026-03-10 10:46:00,512 [INFO]     gamma= 2.8e-05  ρ=+0.5060  mono=0.423  τ=+0.6976  K_rq=0.1778
2026-03-10 10:46:00,719 [INFO]     gamma= 1.0e-07  ρ=+0.4991  mono=0.423  τ=+0.6862  K_rq=0.9916
2026-03-10 10:46:00,911 [INFO]     gamma= 5.0e-07  ρ=+0.4991  mono=0.423  τ=+0.6864  K_rq=0.9593
2026-03-10 10:46:01,097 [INFO]     gamma= 1.0e-06  ρ=+0.4992  mono=0.422  τ=+0.6862  K_rq=0.9211
2026-03-10 10:46:01,282 [INFO]     gamma= 5.0e-06  ρ=+0.4998  mono=0.421  τ=+0.6868  K_rq=0.6829
2026-03-10 10:46:01,471 [INFO]     gamma= 1.0e-05  ρ=+0.5007  mono=0.420  τ=+0.6884  K_rq=0.4893
2026-03-10 10:46:01,657 [INFO]     gamma= 5.0e-05  ρ=+0.5205  mono=0.441  τ=+0.7230  K_rq=0.0641
2026-03-10 10:46:01,840 [INFO]     gamma= 1.0e-04  ρ=+0.6128  mono=0.563  τ=+0.8477  K_rq=0.0107
2026-03-10 10:46:02,022 [INFO]     gamma= 1.0e-03  ρ=+0.7853  mono=0.162  τ=+0.8493  K_rq=0.0006
sd_vae:  41%|████      | 7/17 [13:03<18:39, 111.90s/layer]2026-03-10 10:46:02,192 [INFO] 
  Layer 7 — encoder.down_blocks.2.resnets.0
2026-03-10 10:46:02,192 [INFO] Loading backbone: sd_vae
Cannot initialize model with low cpu memory usage because `accelerate` was not found in the environment. Defaulting to `low_cpu_mem_usage=False`. It is strongly recommended to install `accelerate` for faster and less memory-intense model loading. You can do so with: 
```
pip install accelerate
```
.
/home/jnapolitano/Documents/metrique/.venv/lib/python3.12/site-packages/huggingface_hub/utils/_validators.py:202: UserWarning: The `local_dir_use_symlinks` argument is deprecated and ignored in `hf_hub_download`. Downloading to a local directory does not use symlinks anymore.
  warnings.warn(
2026-03-10 10:46:02,386 [INFO] HTTP Request: HEAD https://huggingface.co/stabilityai/sd-vae-ft-mse/resolve/main/config.json "HTTP/1.1 307 Temporary Redirect"
2026-03-10 10:46:02,398 [INFO] HTTP Request: HEAD https://huggingface.co/api/resolve-cache/models/stabilityai/sd-vae-ft-mse/31f26fdeee1355a5c34592e401dd41e45d25a493/config.json "HTTP/1.1 200 OK"
2026-03-10 10:46:02,508 [INFO] HTTP Request: HEAD https://huggingface.co/stabilityai/sd-vae-ft-mse/resolve/31f26fdeee1355a5c34592e401dd41e45d25a493/diffusion_pytorch_model.safetensors.index.json "HTTP/1.1 404 Not Found"
2026-03-10 10:46:02,675 [INFO]     Extraction anchor (200 images)...
2026-03-10 10:46:02,905 [INFO] Extracting features: batch 1/13
2026-03-10 10:46:06,121 [INFO] Extracting features: batch 11/13
2026-03-10 10:46:06,990 [INFO] Extracted raw features: shape = (200, 131328)
2026-03-10 10:46:07,365 [INFO] Fitted scaler on Gram features: mean=2.60e-01, std=1.93e+00
2026-03-10 10:46:07,366 [INFO] Final feature shape: (200, 131328)
2026-03-10 10:46:07,473 [INFO]     Calcul D_rq par 10 chunks de 500 images...
2026-03-10 10:46:07,720 [INFO] Extracting features: batch 1/32
2026-03-10 10:46:10,955 [INFO] Extracting features: batch 11/32
2026-03-10 10:46:14,198 [INFO] Extracting features: batch 21/32
2026-03-10 10:46:17,415 [INFO] Extracting features: batch 31/32
2026-03-10 10:46:17,911 [INFO] Extracted raw features: shape = (500, 131328)
2026-03-10 10:46:18,115 [INFO] Final feature shape: (500, 131328)
2026-03-10 10:46:18,799 [INFO] Extracting features: batch 1/32
2026-03-10 10:46:22,006 [INFO] Extracting features: batch 11/32
2026-03-10 10:46:25,226 [INFO] Extracting features: batch 21/32
2026-03-10 10:46:28,440 [INFO] Extracting features: batch 31/32
2026-03-10 10:46:28,968 [INFO] Extracted raw features: shape = (500, 131328)
2026-03-10 10:46:29,175 [INFO] Final feature shape: (500, 131328)
2026-03-10 10:46:29,611 [INFO]       chunk 2/10
2026-03-10 10:46:29,860 [INFO] Extracting features: batch 1/32
2026-03-10 10:46:33,044 [INFO] Extracting features: batch 11/32
2026-03-10 10:46:36,278 [INFO] Extracting features: batch 21/32
2026-03-10 10:46:39,489 [INFO] Extracting features: batch 31/32
2026-03-10 10:46:40,013 [INFO] Extracted raw features: shape = (500, 131328)
2026-03-10 10:46:40,212 [INFO] Final feature shape: (500, 131328)
2026-03-10 10:46:40,862 [INFO] Extracting features: batch 1/32
2026-03-10 10:46:44,070 [INFO] Extracting features: batch 11/32
2026-03-10 10:46:47,297 [INFO] Extracting features: batch 21/32
2026-03-10 10:46:50,525 [INFO] Extracting features: batch 31/32
2026-03-10 10:46:51,051 [INFO] Extracted raw features: shape = (500, 131328)
2026-03-10 10:46:51,253 [INFO] Final feature shape: (500, 131328)
2026-03-10 10:46:51,655 [INFO]       chunk 4/10
2026-03-10 10:46:51,894 [INFO] Extracting features: batch 1/32
2026-03-10 10:46:55,111 [INFO] Extracting features: batch 11/32
2026-03-10 10:46:58,322 [INFO] Extracting features: batch 21/32
2026-03-10 10:47:01,554 [INFO] Extracting features: batch 31/32
2026-03-10 10:47:02,065 [INFO] Extracted raw features: shape = (500, 131328)
2026-03-10 10:47:02,265 [INFO] Final feature shape: (500, 131328)
2026-03-10 10:47:02,894 [INFO] Extracting features: batch 1/32
2026-03-10 10:47:06,120 [INFO] Extracting features: batch 11/32
2026-03-10 10:47:09,339 [INFO] Extracting features: batch 21/32
2026-03-10 10:47:12,562 [INFO] Extracting features: batch 31/32
2026-03-10 10:47:13,078 [INFO] Extracted raw features: shape = (500, 131328)
2026-03-10 10:47:13,286 [INFO] Final feature shape: (500, 131328)
2026-03-10 10:47:13,683 [INFO]       chunk 6/10
2026-03-10 10:47:13,907 [INFO] Extracting features: batch 1/32
2026-03-10 10:47:17,108 [INFO] Extracting features: batch 11/32
2026-03-10 10:47:20,331 [INFO] Extracting features: batch 21/32
2026-03-10 10:47:23,567 [INFO] Extracting features: batch 31/32
2026-03-10 10:47:24,080 [INFO] Extracted raw features: shape = (500, 131328)
2026-03-10 10:47:24,284 [INFO] Final feature shape: (500, 131328)
2026-03-10 10:47:24,895 [INFO] Extracting features: batch 1/32
2026-03-10 10:47:28,101 [INFO] Extracting features: batch 11/32
2026-03-10 10:47:31,331 [INFO] Extracting features: batch 21/32
2026-03-10 10:47:34,571 [INFO] Extracting features: batch 31/32
2026-03-10 10:47:35,088 [INFO] Extracted raw features: shape = (500, 131328)
2026-03-10 10:47:35,299 [INFO] Final feature shape: (500, 131328)
2026-03-10 10:47:35,711 [INFO]       chunk 8/10
2026-03-10 10:47:35,978 [INFO] Extracting features: batch 1/32
2026-03-10 10:47:39,203 [INFO] Extracting features: batch 11/32
2026-03-10 10:47:42,438 [INFO] Extracting features: batch 21/32
2026-03-10 10:47:45,680 [INFO] Extracting features: batch 31/32
2026-03-10 10:47:46,216 [INFO] Extracted raw features: shape = (500, 131328)
2026-03-10 10:47:46,441 [INFO] Final feature shape: (500, 131328)
2026-03-10 10:47:47,078 [INFO] Extracting features: batch 1/32
2026-03-10 10:47:50,297 [INFO] Extracting features: batch 11/32
2026-03-10 10:47:53,515 [INFO] Extracting features: batch 21/32
2026-03-10 10:47:56,744 [INFO] Extracting features: batch 31/32
2026-03-10 10:47:57,257 [INFO] Extracted raw features: shape = (500, 131328)
2026-03-10 10:47:57,480 [INFO] Final feature shape: (500, 131328)
2026-03-10 10:47:57,922 [INFO]       chunk 10/10
2026-03-10 10:47:57,926 [INFO]     D_rr (156 Ko) et D_rq (3906 Ko) sauvegardés
2026-03-10 10:47:57,935 [INFO]     median_D_rr=2.122e+05  gamma_med=2.357e-06  feat_dim=131328
2026-03-10 10:47:58,124 [INFO]     gamma=     med  ρ=+0.5629  mono=0.503  τ=+0.7608  K_rq=0.5210
2026-03-10 10:47:58,306 [INFO]     gamma= 2.8e-05  ρ=+0.6995  mono=0.681  τ=+0.9265  K_rq=0.0077
2026-03-10 10:47:58,492 [INFO]     gamma= 1.0e-07  ρ=+0.5602  mono=0.498  τ=+0.7556  K_rq=0.9683
2026-03-10 10:47:58,677 [INFO]     gamma= 5.0e-07  ρ=+0.5607  mono=0.498  τ=+0.7556  K_rq=0.8575
2026-03-10 10:47:58,866 [INFO]     gamma= 1.0e-06  ρ=+0.5613  mono=0.498  τ=+0.7566  K_rq=0.7438
2026-03-10 10:47:59,051 [INFO]     gamma= 5.0e-06  ρ=+0.5663  mono=0.503  τ=+0.7678  K_rq=0.2818
2026-03-10 10:47:59,239 [INFO]     gamma= 1.0e-05  ρ=+0.5765  mono=0.515  τ=+0.7834  K_rq=0.1040
2026-03-10 10:47:59,421 [INFO]     gamma= 5.0e-05  ρ=+0.8277  mono=0.791  τ=+0.9869  K_rq=0.0017
2026-03-10 10:47:59,604 [INFO]     gamma= 1.0e-04  ρ=+0.8414  mono=0.552  τ=+0.9588  K_rq=0.0009
2026-03-10 10:47:59,783 [INFO]     gamma= 1.0e-03  ρ=+0.6515  mono=0.004  τ=+0.7112  K_rq=0.0003
sd_vae:  47%|████▋     | 8/17 [15:01<17:03, 113.76s/layer]2026-03-10 10:47:59,927 [INFO] 
  Layer 8 — encoder.down_blocks.2.resnets.1
2026-03-10 10:47:59,928 [INFO] Loading backbone: sd_vae
Cannot initialize model with low cpu memory usage because `accelerate` was not found in the environment. Defaulting to `low_cpu_mem_usage=False`. It is strongly recommended to install `accelerate` for faster and less memory-intense model loading. You can do so with: 
```
pip install accelerate
```
.
/home/jnapolitano/Documents/metrique/.venv/lib/python3.12/site-packages/huggingface_hub/utils/_validators.py:202: UserWarning: The `local_dir_use_symlinks` argument is deprecated and ignored in `hf_hub_download`. Downloading to a local directory does not use symlinks anymore.
  warnings.warn(
2026-03-10 10:48:00,115 [INFO] HTTP Request: HEAD https://huggingface.co/stabilityai/sd-vae-ft-mse/resolve/main/config.json "HTTP/1.1 307 Temporary Redirect"
2026-03-10 10:48:00,128 [INFO] HTTP Request: HEAD https://huggingface.co/api/resolve-cache/models/stabilityai/sd-vae-ft-mse/31f26fdeee1355a5c34592e401dd41e45d25a493/config.json "HTTP/1.1 200 OK"
2026-03-10 10:48:00,238 [INFO] HTTP Request: HEAD https://huggingface.co/stabilityai/sd-vae-ft-mse/resolve/31f26fdeee1355a5c34592e401dd41e45d25a493/diffusion_pytorch_model.safetensors.index.json "HTTP/1.1 404 Not Found"
2026-03-10 10:48:00,389 [INFO]     Extraction anchor (200 images)...
2026-03-10 10:48:00,692 [INFO] Extracting features: batch 1/13
2026-03-10 10:48:03,920 [INFO] Extracting features: batch 11/13
2026-03-10 10:48:04,826 [INFO] Extracted raw features: shape = (200, 131328)
2026-03-10 10:48:05,248 [INFO] Fitted scaler on Gram features: mean=1.20e-01, std=1.19e+00
2026-03-10 10:48:05,249 [INFO] Final feature shape: (200, 131328)
2026-03-10 10:48:05,333 [INFO]     Calcul D_rq par 10 chunks de 500 images...
2026-03-10 10:48:05,603 [INFO] Extracting features: batch 1/32
2026-03-10 10:48:08,824 [INFO] Extracting features: batch 11/32
2026-03-10 10:48:12,049 [INFO] Extracting features: batch 21/32
2026-03-10 10:48:15,267 [INFO] Extracting features: batch 31/32
2026-03-10 10:48:15,784 [INFO] Extracted raw features: shape = (500, 131328)
2026-03-10 10:48:16,005 [INFO] Final feature shape: (500, 131328)
2026-03-10 10:48:16,703 [INFO] Extracting features: batch 1/32
2026-03-10 10:48:19,912 [INFO] Extracting features: batch 11/32
2026-03-10 10:48:23,157 [INFO] Extracting features: batch 21/32
2026-03-10 10:48:26,378 [INFO] Extracting features: batch 31/32
2026-03-10 10:48:26,908 [INFO] Extracted raw features: shape = (500, 131328)
2026-03-10 10:48:27,180 [INFO] Final feature shape: (500, 131328)
2026-03-10 10:48:27,690 [INFO]       chunk 2/10
2026-03-10 10:48:27,940 [INFO] Extracting features: batch 1/32
2026-03-10 10:48:31,156 [INFO] Extracting features: batch 11/32
2026-03-10 10:48:34,374 [INFO] Extracting features: batch 21/32
2026-03-10 10:48:37,585 [INFO] Extracting features: batch 31/32
2026-03-10 10:48:38,113 [INFO] Extracted raw features: shape = (500, 131328)
2026-03-10 10:48:38,360 [INFO] Final feature shape: (500, 131328)
2026-03-10 10:48:39,030 [INFO] Extracting features: batch 1/32
2026-03-10 10:48:42,261 [INFO] Extracting features: batch 11/32
2026-03-10 10:48:45,489 [INFO] Extracting features: batch 21/32
2026-03-10 10:48:48,720 [INFO] Extracting features: batch 31/32
2026-03-10 10:48:49,229 [INFO] Extracted raw features: shape = (500, 131328)
2026-03-10 10:48:49,431 [INFO] Final feature shape: (500, 131328)
2026-03-10 10:48:49,816 [INFO]       chunk 4/10
2026-03-10 10:48:50,075 [INFO] Extracting features: batch 1/32
2026-03-10 10:48:53,285 [INFO] Extracting features: batch 11/32
2026-03-10 10:48:56,517 [INFO] Extracting features: batch 21/32
2026-03-10 10:48:59,754 [INFO] Extracting features: batch 31/32
2026-03-10 10:49:00,266 [INFO] Extracted raw features: shape = (500, 131328)
2026-03-10 10:49:00,471 [INFO] Final feature shape: (500, 131328)
2026-03-10 10:49:01,063 [INFO] Extracting features: batch 1/32
2026-03-10 10:49:04,280 [INFO] Extracting features: batch 11/32
2026-03-10 10:49:07,489 [INFO] Extracting features: batch 21/32
2026-03-10 10:49:10,686 [INFO] Extracting features: batch 31/32
2026-03-10 10:49:11,205 [INFO] Extracted raw features: shape = (500, 131328)
2026-03-10 10:49:11,403 [INFO] Final feature shape: (500, 131328)
2026-03-10 10:49:11,782 [INFO]       chunk 6/10
2026-03-10 10:49:12,002 [INFO] Extracting features: batch 1/32
2026-03-10 10:49:15,209 [INFO] Extracting features: batch 11/32
2026-03-10 10:49:18,443 [INFO] Extracting features: batch 21/32
2026-03-10 10:49:21,663 [INFO] Extracting features: batch 31/32
2026-03-10 10:49:22,174 [INFO] Extracted raw features: shape = (500, 131328)
2026-03-10 10:49:22,375 [INFO] Final feature shape: (500, 131328)
2026-03-10 10:49:22,988 [INFO] Extracting features: batch 1/32
2026-03-10 10:49:26,192 [INFO] Extracting features: batch 11/32
2026-03-10 10:49:29,403 [INFO] Extracting features: batch 21/32
2026-03-10 10:49:32,620 [INFO] Extracting features: batch 31/32
2026-03-10 10:49:33,151 [INFO] Extracted raw features: shape = (500, 131328)
2026-03-10 10:49:33,394 [INFO] Final feature shape: (500, 131328)
2026-03-10 10:49:33,791 [INFO]       chunk 8/10
2026-03-10 10:49:34,021 [INFO] Extracting features: batch 1/32
2026-03-10 10:49:37,250 [INFO] Extracting features: batch 11/32
2026-03-10 10:49:40,470 [INFO] Extracting features: batch 21/32
2026-03-10 10:49:43,680 [INFO] Extracting features: batch 31/32
2026-03-10 10:49:44,229 [INFO] Extracted raw features: shape = (500, 131328)
2026-03-10 10:49:44,494 [INFO] Final feature shape: (500, 131328)
2026-03-10 10:49:45,171 [INFO] Extracting features: batch 1/32
2026-03-10 10:49:48,379 [INFO] Extracting features: batch 11/32
2026-03-10 10:49:51,597 [INFO] Extracting features: batch 21/32
2026-03-10 10:49:54,809 [INFO] Extracting features: batch 31/32
2026-03-10 10:49:55,327 [INFO] Extracted raw features: shape = (500, 131328)
2026-03-10 10:49:55,585 [INFO] Final feature shape: (500, 131328)
2026-03-10 10:49:55,969 [INFO]       chunk 10/10
2026-03-10 10:49:55,972 [INFO]     D_rr (156 Ko) et D_rq (3906 Ko) sauvegardés
2026-03-10 10:49:55,973 [INFO]     median_D_rr=1.904e+05  gamma_med=2.626e-06  feat_dim=131328
2026-03-10 10:49:56,164 [INFO]     gamma=     med  ρ=+0.5679  mono=0.466  τ=+0.7696  K_rq=0.5080
2026-03-10 10:49:56,348 [INFO]     gamma= 2.8e-05  ρ=+0.6856  mono=0.650  τ=+0.9244  K_rq=0.0089
2026-03-10 10:49:56,538 [INFO]     gamma= 1.0e-07  ρ=+0.5663  mono=0.463  τ=+0.7624  K_rq=0.9682
2026-03-10 10:49:56,726 [INFO]     gamma= 5.0e-07  ρ=+0.5666  mono=0.462  τ=+0.7628  K_rq=0.8607
2026-03-10 10:49:56,913 [INFO]     gamma= 1.0e-06  ρ=+0.5669  mono=0.462  τ=+0.7642  K_rq=0.7524
2026-03-10 10:49:57,099 [INFO]     gamma= 5.0e-06  ρ=+0.5699  mono=0.471  τ=+0.7740  K_rq=0.3055
2026-03-10 10:49:57,285 [INFO]     gamma= 1.0e-05  ρ=+0.5770  mono=0.486  τ=+0.7922  K_rq=0.1191
2026-03-10 10:49:57,467 [INFO]     gamma= 5.0e-05  ρ=+0.8197  mono=0.769  τ=+0.9787  K_rq=0.0017
2026-03-10 10:49:57,650 [INFO]     gamma= 1.0e-04  ρ=+0.8414  mono=0.602  τ=+0.9489  K_rq=0.0009
2026-03-10 10:49:57,828 [INFO]     gamma= 1.0e-03  ρ=+0.6433  mono=0.001  τ=+0.7061  K_rq=0.0003
sd_vae:  53%|█████▎    | 9/17 [16:59<15:20, 115.10s/layer]2026-03-10 10:49:57,983 [INFO] 
  Layer 9 — encoder.down_blocks.2.downsamplers.0
2026-03-10 10:49:57,983 [INFO] Loading backbone: sd_vae
Cannot initialize model with low cpu memory usage because `accelerate` was not found in the environment. Defaulting to `low_cpu_mem_usage=False`. It is strongly recommended to install `accelerate` for faster and less memory-intense model loading. You can do so with: 
```
pip install accelerate
```
.
/home/jnapolitano/Documents/metrique/.venv/lib/python3.12/site-packages/huggingface_hub/utils/_validators.py:202: UserWarning: The `local_dir_use_symlinks` argument is deprecated and ignored in `hf_hub_download`. Downloading to a local directory does not use symlinks anymore.
  warnings.warn(
2026-03-10 10:49:58,164 [INFO] HTTP Request: HEAD https://huggingface.co/stabilityai/sd-vae-ft-mse/resolve/main/config.json "HTTP/1.1 307 Temporary Redirect"
2026-03-10 10:49:58,177 [INFO] HTTP Request: HEAD https://huggingface.co/api/resolve-cache/models/stabilityai/sd-vae-ft-mse/31f26fdeee1355a5c34592e401dd41e45d25a493/config.json "HTTP/1.1 200 OK"
2026-03-10 10:49:58,288 [INFO] HTTP Request: HEAD https://huggingface.co/stabilityai/sd-vae-ft-mse/resolve/31f26fdeee1355a5c34592e401dd41e45d25a493/diffusion_pytorch_model.safetensors.index.json "HTTP/1.1 404 Not Found"
2026-03-10 10:49:58,417 [INFO]     Extraction anchor (200 images)...
2026-03-10 10:49:58,679 [INFO] Extracting features: batch 1/13
2026-03-10 10:50:01,864 [INFO] Extracting features: batch 11/13
2026-03-10 10:50:02,735 [INFO] Extracted raw features: shape = (200, 131328)
2026-03-10 10:50:03,070 [INFO] Fitted scaler on Gram features: mean=8.08e+00, std=1.23e+02
2026-03-10 10:50:03,070 [INFO] Final feature shape: (200, 131328)
2026-03-10 10:50:03,139 [INFO]     Calcul D_rq par 10 chunks de 500 images...
2026-03-10 10:50:03,370 [INFO] Extracting features: batch 1/32
2026-03-10 10:50:06,557 [INFO] Extracting features: batch 11/32
2026-03-10 10:50:09,741 [INFO] Extracting features: batch 21/32
2026-03-10 10:50:12,937 [INFO] Extracting features: batch 31/32
2026-03-10 10:50:13,454 [INFO] Extracted raw features: shape = (500, 131328)
2026-03-10 10:50:13,661 [INFO] Final feature shape: (500, 131328)
2026-03-10 10:50:14,259 [INFO] Extracting features: batch 1/32
2026-03-10 10:50:17,417 [INFO] Extracting features: batch 11/32
2026-03-10 10:50:20,582 [INFO] Extracting features: batch 21/32
2026-03-10 10:50:23,770 [INFO] Extracting features: batch 31/32
2026-03-10 10:50:24,285 [INFO] Extracted raw features: shape = (500, 131328)
2026-03-10 10:50:24,502 [INFO] Final feature shape: (500, 131328)
2026-03-10 10:50:24,858 [INFO]       chunk 2/10
2026-03-10 10:50:25,099 [INFO] Extracting features: batch 1/32
2026-03-10 10:50:28,266 [INFO] Extracting features: batch 11/32
2026-03-10 10:50:31,465 [INFO] Extracting features: batch 21/32
2026-03-10 10:50:34,664 [INFO] Extracting features: batch 31/32
2026-03-10 10:50:35,169 [INFO] Extracted raw features: shape = (500, 131328)
2026-03-10 10:50:35,370 [INFO] Final feature shape: (500, 131328)
2026-03-10 10:50:35,981 [INFO] Extracting features: batch 1/32
2026-03-10 10:50:39,175 [INFO] Extracting features: batch 11/32
2026-03-10 10:50:42,374 [INFO] Extracting features: batch 21/32
2026-03-10 10:50:45,565 [INFO] Extracting features: batch 31/32
2026-03-10 10:50:46,081 [INFO] Extracted raw features: shape = (500, 131328)
2026-03-10 10:50:46,281 [INFO] Final feature shape: (500, 131328)
2026-03-10 10:50:46,679 [INFO]       chunk 4/10
2026-03-10 10:50:46,919 [INFO] Extracting features: batch 1/32
2026-03-10 10:50:50,097 [INFO] Extracting features: batch 11/32
2026-03-10 10:50:53,297 [INFO] Extracting features: batch 21/32
2026-03-10 10:50:56,499 [INFO] Extracting features: batch 31/32
2026-03-10 10:50:57,011 [INFO] Extracted raw features: shape = (500, 131328)
2026-03-10 10:50:57,213 [INFO] Final feature shape: (500, 131328)
2026-03-10 10:50:57,832 [INFO] Extracting features: batch 1/32
2026-03-10 10:51:01,013 [INFO] Extracting features: batch 11/32
2026-03-10 10:51:04,197 [INFO] Extracting features: batch 21/32
2026-03-10 10:51:07,383 [INFO] Extracting features: batch 31/32
2026-03-10 10:51:07,892 [INFO] Extracted raw features: shape = (500, 131328)
2026-03-10 10:51:08,092 [INFO] Final feature shape: (500, 131328)
2026-03-10 10:51:08,511 [INFO]       chunk 6/10
2026-03-10 10:51:08,744 [INFO] Extracting features: batch 1/32
2026-03-10 10:51:11,912 [INFO] Extracting features: batch 11/32
2026-03-10 10:51:15,112 [INFO] Extracting features: batch 21/32
2026-03-10 10:51:18,302 [INFO] Extracting features: batch 31/32
2026-03-10 10:51:18,806 [INFO] Extracted raw features: shape = (500, 131328)
2026-03-10 10:51:18,998 [INFO] Final feature shape: (500, 131328)
2026-03-10 10:51:19,629 [INFO] Extracting features: batch 1/32
2026-03-10 10:51:22,806 [INFO] Extracting features: batch 11/32
2026-03-10 10:51:25,993 [INFO] Extracting features: batch 21/32
2026-03-10 10:51:29,196 [INFO] Extracting features: batch 31/32
2026-03-10 10:51:29,702 [INFO] Extracted raw features: shape = (500, 131328)
2026-03-10 10:51:29,876 [INFO] Final feature shape: (500, 131328)
2026-03-10 10:51:30,277 [INFO]       chunk 8/10
2026-03-10 10:51:30,526 [INFO] Extracting features: batch 1/32
2026-03-10 10:51:33,725 [INFO] Extracting features: batch 11/32
2026-03-10 10:51:36,920 [INFO] Extracting features: batch 21/32
2026-03-10 10:51:40,108 [INFO] Extracting features: batch 31/32
2026-03-10 10:51:40,623 [INFO] Extracted raw features: shape = (500, 131328)
2026-03-10 10:51:40,796 [INFO] Final feature shape: (500, 131328)
2026-03-10 10:51:41,410 [INFO] Extracting features: batch 1/32
2026-03-10 10:51:44,581 [INFO] Extracting features: batch 11/32
2026-03-10 10:51:47,780 [INFO] Extracting features: batch 21/32
2026-03-10 10:51:50,977 [INFO] Extracting features: batch 31/32
2026-03-10 10:51:51,504 [INFO] Extracted raw features: shape = (500, 131328)
2026-03-10 10:51:51,697 [INFO] Final feature shape: (500, 131328)
2026-03-10 10:51:52,077 [INFO]       chunk 10/10
2026-03-10 10:51:52,079 [INFO]     D_rr (156 Ko) et D_rq (3906 Ko) sauvegardés
2026-03-10 10:51:52,080 [INFO]     median_D_rr=2.067e+05  gamma_med=2.419e-06  feat_dim=131328
2026-03-10 10:51:52,270 [INFO]     gamma=     med  ρ=+0.5297  mono=0.448  τ=+0.7502  K_rq=0.5111
2026-03-10 10:51:52,453 [INFO]     gamma= 2.8e-05  ρ=+0.6667  mono=0.644  τ=+0.9369  K_rq=0.0084
2026-03-10 10:51:52,641 [INFO]     gamma= 1.0e-07  ρ=+0.5278  mono=0.444  τ=+0.7452  K_rq=0.9654
2026-03-10 10:51:52,826 [INFO]     gamma= 5.0e-07  ρ=+0.5281  mono=0.443  τ=+0.7450  K_rq=0.8486
2026-03-10 10:51:53,011 [INFO]     gamma= 1.0e-06  ρ=+0.5285  mono=0.443  τ=+0.7456  K_rq=0.7344
2026-03-10 10:51:53,196 [INFO]     gamma= 5.0e-06  ρ=+0.5328  mono=0.452  τ=+0.7590  K_rq=0.2871
2026-03-10 10:51:53,379 [INFO]     gamma= 1.0e-05  ρ=+0.5413  mono=0.464  τ=+0.7759  K_rq=0.1093
2026-03-10 10:51:53,561 [INFO]     gamma= 5.0e-05  ρ=+0.8139  mono=0.773  τ=+0.9832  K_rq=0.0018
2026-03-10 10:51:53,741 [INFO]     gamma= 1.0e-04  ρ=+0.8353  mono=0.633  τ=+0.9533  K_rq=0.0010
2026-03-10 10:51:53,919 [INFO]     gamma= 1.0e-03  ρ=+0.6661  mono=0.002  τ=+0.7228  K_rq=0.0003
sd_vae:  59%|█████▉    | 10/17 [18:55<13:27, 115.40s/layer]2026-03-10 10:51:54,050 [INFO] 
  Layer 10 — encoder.down_blocks.3.resnets.0
2026-03-10 10:51:54,050 [INFO] Loading backbone: sd_vae
Cannot initialize model with low cpu memory usage because `accelerate` was not found in the environment. Defaulting to `low_cpu_mem_usage=False`. It is strongly recommended to install `accelerate` for faster and less memory-intense model loading. You can do so with: 
```
pip install accelerate
```
.
/home/jnapolitano/Documents/metrique/.venv/lib/python3.12/site-packages/huggingface_hub/utils/_validators.py:202: UserWarning: The `local_dir_use_symlinks` argument is deprecated and ignored in `hf_hub_download`. Downloading to a local directory does not use symlinks anymore.
  warnings.warn(
2026-03-10 10:51:54,194 [INFO] HTTP Request: HEAD https://huggingface.co/stabilityai/sd-vae-ft-mse/resolve/main/config.json "HTTP/1.1 307 Temporary Redirect"
2026-03-10 10:51:54,206 [INFO] HTTP Request: HEAD https://huggingface.co/api/resolve-cache/models/stabilityai/sd-vae-ft-mse/31f26fdeee1355a5c34592e401dd41e45d25a493/config.json "HTTP/1.1 200 OK"
2026-03-10 10:51:54,323 [INFO] HTTP Request: HEAD https://huggingface.co/stabilityai/sd-vae-ft-mse/resolve/31f26fdeee1355a5c34592e401dd41e45d25a493/diffusion_pytorch_model.safetensors.index.json "HTTP/1.1 404 Not Found"
2026-03-10 10:51:54,445 [INFO]     Extraction anchor (200 images)...
2026-03-10 10:51:54,706 [INFO] Extracting features: batch 1/13
2026-03-10 10:51:57,890 [INFO] Extracting features: batch 11/13
2026-03-10 10:51:58,737 [INFO] Extracted raw features: shape = (200, 131328)
2026-03-10 10:51:59,120 [INFO] Fitted scaler on Gram features: mean=1.28e+01, std=1.48e+02
2026-03-10 10:51:59,120 [INFO] Final feature shape: (200, 131328)
2026-03-10 10:51:59,195 [INFO]     Calcul D_rq par 10 chunks de 500 images...
2026-03-10 10:51:59,431 [INFO] Extracting features: batch 1/32
2026-03-10 10:52:02,608 [INFO] Extracting features: batch 11/32
2026-03-10 10:52:05,799 [INFO] Extracting features: batch 21/32
2026-03-10 10:52:08,992 [INFO] Extracting features: batch 31/32
2026-03-10 10:52:09,519 [INFO] Extracted raw features: shape = (500, 131328)
2026-03-10 10:52:09,708 [INFO] Final feature shape: (500, 131328)
2026-03-10 10:52:10,310 [INFO] Extracting features: batch 1/32
2026-03-10 10:52:13,461 [INFO] Extracting features: batch 11/32
2026-03-10 10:52:16,628 [INFO] Extracting features: batch 21/32
2026-03-10 10:52:19,810 [INFO] Extracting features: batch 31/32
2026-03-10 10:52:20,331 [INFO] Extracted raw features: shape = (500, 131328)
2026-03-10 10:52:20,530 [INFO] Final feature shape: (500, 131328)
2026-03-10 10:52:20,918 [INFO]       chunk 2/10
2026-03-10 10:52:21,190 [INFO] Extracting features: batch 1/32
2026-03-10 10:52:24,358 [INFO] Extracting features: batch 11/32
2026-03-10 10:52:27,554 [INFO] Extracting features: batch 21/32
2026-03-10 10:52:30,731 [INFO] Extracting features: batch 31/32
2026-03-10 10:52:31,217 [INFO] Extracted raw features: shape = (500, 131328)
2026-03-10 10:52:31,385 [INFO] Final feature shape: (500, 131328)
2026-03-10 10:52:32,014 [INFO] Extracting features: batch 1/32
2026-03-10 10:52:35,179 [INFO] Extracting features: batch 11/32
2026-03-10 10:52:38,370 [INFO] Extracting features: batch 21/32
2026-03-10 10:52:41,547 [INFO] Extracting features: batch 31/32
2026-03-10 10:52:42,042 [INFO] Extracted raw features: shape = (500, 131328)
2026-03-10 10:52:42,219 [INFO] Final feature shape: (500, 131328)
2026-03-10 10:52:42,580 [INFO]       chunk 4/10
2026-03-10 10:52:42,818 [INFO] Extracting features: batch 1/32
2026-03-10 10:52:45,978 [INFO] Extracting features: batch 11/32
2026-03-10 10:52:49,161 [INFO] Extracting features: batch 21/32
2026-03-10 10:52:52,327 [INFO] Extracting features: batch 31/32
2026-03-10 10:52:52,829 [INFO] Extracted raw features: shape = (500, 131328)
2026-03-10 10:52:52,995 [INFO] Final feature shape: (500, 131328)
2026-03-10 10:52:53,535 [INFO] Extracting features: batch 1/32
2026-03-10 10:52:56,673 [INFO] Extracting features: batch 11/32
2026-03-10 10:52:59,835 [INFO] Extracting features: batch 21/32
2026-03-10 10:53:03,010 [INFO] Extracting features: batch 31/32
2026-03-10 10:53:03,529 [INFO] Extracted raw features: shape = (500, 131328)
2026-03-10 10:53:03,705 [INFO] Final feature shape: (500, 131328)
2026-03-10 10:53:04,058 [INFO]       chunk 6/10
2026-03-10 10:53:04,271 [INFO] Extracting features: batch 1/32
2026-03-10 10:53:07,442 [INFO] Extracting features: batch 11/32
2026-03-10 10:53:10,616 [INFO] Extracting features: batch 21/32
2026-03-10 10:53:13,795 [INFO] Extracting features: batch 31/32
2026-03-10 10:53:14,287 [INFO] Extracted raw features: shape = (500, 131328)
2026-03-10 10:53:14,462 [INFO] Final feature shape: (500, 131328)
2026-03-10 10:53:15,112 [INFO] Extracting features: batch 1/32
2026-03-10 10:53:18,280 [INFO] Extracting features: batch 11/32
2026-03-10 10:53:21,487 [INFO] Extracting features: batch 21/32
2026-03-10 10:53:24,692 [INFO] Extracting features: batch 31/32
2026-03-10 10:53:25,214 [INFO] Extracted raw features: shape = (500, 131328)
2026-03-10 10:53:25,466 [INFO] Final feature shape: (500, 131328)
2026-03-10 10:53:25,913 [INFO]       chunk 8/10
2026-03-10 10:53:26,165 [INFO] Extracting features: batch 1/32
2026-03-10 10:53:29,354 [INFO] Extracting features: batch 11/32
2026-03-10 10:53:32,558 [INFO] Extracting features: batch 21/32
2026-03-10 10:53:35,742 [INFO] Extracting features: batch 31/32
2026-03-10 10:53:36,247 [INFO] Extracted raw features: shape = (500, 131328)
2026-03-10 10:53:36,446 [INFO] Final feature shape: (500, 131328)
2026-03-10 10:53:37,051 [INFO] Extracting features: batch 1/32
2026-03-10 10:53:40,234 [INFO] Extracting features: batch 11/32
2026-03-10 10:53:43,444 [INFO] Extracting features: batch 21/32
2026-03-10 10:53:46,644 [INFO] Extracting features: batch 31/32
2026-03-10 10:53:47,144 [INFO] Extracted raw features: shape = (500, 131328)
2026-03-10 10:53:47,346 [INFO] Final feature shape: (500, 131328)
2026-03-10 10:53:47,742 [INFO]       chunk 10/10
2026-03-10 10:53:47,745 [INFO]     D_rr (156 Ko) et D_rq (3906 Ko) sauvegardés
2026-03-10 10:53:47,745 [INFO]     median_D_rr=2.152e+05  gamma_med=2.323e-06  feat_dim=131328
2026-03-10 10:53:47,936 [INFO]     gamma=     med  ρ=+0.5362  mono=0.456  τ=+0.7720  K_rq=0.5147
2026-03-10 10:53:48,117 [INFO]     gamma= 2.8e-05  ρ=+0.6900  mono=0.683  τ=+0.9493  K_rq=0.0079
2026-03-10 10:53:48,303 [INFO]     gamma= 1.0e-07  ρ=+0.5330  mono=0.443  τ=+0.7634  K_rq=0.9662
2026-03-10 10:53:48,488 [INFO]     gamma= 5.0e-07  ρ=+0.5335  mono=0.446  τ=+0.7652  K_rq=0.8490
2026-03-10 10:53:48,673 [INFO]     gamma= 1.0e-06  ρ=+0.5342  mono=0.449  τ=+0.7670  K_rq=0.7319
2026-03-10 10:53:48,859 [INFO]     gamma= 5.0e-06  ρ=+0.5410  mono=0.461  τ=+0.7800  K_rq=0.2767
2026-03-10 10:53:49,044 [INFO]     gamma= 1.0e-05  ρ=+0.5531  mono=0.478  τ=+0.7996  K_rq=0.1028
2026-03-10 10:53:49,225 [INFO]     gamma= 5.0e-05  ρ=+0.8274  mono=0.785  τ=+0.9857  K_rq=0.0018
2026-03-10 10:53:49,407 [INFO]     gamma= 1.0e-04  ρ=+0.8429  mono=0.626  τ=+0.9586  K_rq=0.0010
2026-03-10 10:53:49,587 [INFO]     gamma= 1.0e-03  ρ=+0.6720  mono=0.003  τ=+0.7183  K_rq=0.0003
sd_vae:  65%|██████▍   | 11/17 [20:50<11:32, 115.49s/layer]2026-03-10 10:53:49,730 [INFO] 
  Layer 11 — encoder.down_blocks.3.resnets.1
2026-03-10 10:53:49,730 [INFO] Loading backbone: sd_vae
Cannot initialize model with low cpu memory usage because `accelerate` was not found in the environment. Defaulting to `low_cpu_mem_usage=False`. It is strongly recommended to install `accelerate` for faster and less memory-intense model loading. You can do so with: 
```
pip install accelerate
```
.
/home/jnapolitano/Documents/metrique/.venv/lib/python3.12/site-packages/huggingface_hub/utils/_validators.py:202: UserWarning: The `local_dir_use_symlinks` argument is deprecated and ignored in `hf_hub_download`. Downloading to a local directory does not use symlinks anymore.
  warnings.warn(
2026-03-10 10:53:49,911 [INFO] HTTP Request: HEAD https://huggingface.co/stabilityai/sd-vae-ft-mse/resolve/main/config.json "HTTP/1.1 307 Temporary Redirect"
2026-03-10 10:53:49,923 [INFO] HTTP Request: HEAD https://huggingface.co/api/resolve-cache/models/stabilityai/sd-vae-ft-mse/31f26fdeee1355a5c34592e401dd41e45d25a493/config.json "HTTP/1.1 200 OK"
2026-03-10 10:53:50,032 [INFO] HTTP Request: HEAD https://huggingface.co/stabilityai/sd-vae-ft-mse/resolve/31f26fdeee1355a5c34592e401dd41e45d25a493/diffusion_pytorch_model.safetensors.index.json "HTTP/1.1 404 Not Found"
2026-03-10 10:53:50,130 [INFO]     Extraction anchor (200 images)...
2026-03-10 10:53:50,392 [INFO] Extracting features: batch 1/13
2026-03-10 10:53:53,554 [INFO] Extracting features: batch 11/13
2026-03-10 10:53:54,420 [INFO] Extracted raw features: shape = (200, 131328)
2026-03-10 10:53:54,757 [INFO] Fitted scaler on Gram features: mean=2.38e+01, std=1.71e+02
2026-03-10 10:53:54,758 [INFO] Final feature shape: (200, 131328)
2026-03-10 10:53:54,833 [INFO]     Calcul D_rq par 10 chunks de 500 images...
2026-03-10 10:53:55,049 [INFO] Extracting features: batch 1/32
2026-03-10 10:53:58,233 [INFO] Extracting features: batch 11/32
2026-03-10 10:54:01,435 [INFO] Extracting features: batch 21/32
2026-03-10 10:54:04,631 [INFO] Extracting features: batch 31/32
2026-03-10 10:54:05,129 [INFO] Extracted raw features: shape = (500, 131328)
2026-03-10 10:54:05,332 [INFO] Final feature shape: (500, 131328)
2026-03-10 10:54:05,979 [INFO] Extracting features: batch 1/32
2026-03-10 10:54:09,135 [INFO] Extracting features: batch 11/32
2026-03-10 10:54:12,287 [INFO] Extracting features: batch 21/32
2026-03-10 10:54:15,451 [INFO] Extracting features: batch 31/32
2026-03-10 10:54:15,948 [INFO] Extracted raw features: shape = (500, 131328)
2026-03-10 10:54:16,115 [INFO] Final feature shape: (500, 131328)
2026-03-10 10:54:16,502 [INFO]       chunk 2/10
2026-03-10 10:54:16,754 [INFO] Extracting features: batch 1/32
2026-03-10 10:54:19,946 [INFO] Extracting features: batch 11/32
2026-03-10 10:54:23,152 [INFO] Extracting features: batch 21/32
2026-03-10 10:54:26,348 [INFO] Extracting features: batch 31/32
2026-03-10 10:54:26,856 [INFO] Extracted raw features: shape = (500, 131328)
2026-03-10 10:54:27,028 [INFO] Final feature shape: (500, 131328)
2026-03-10 10:54:27,658 [INFO] Extracting features: batch 1/32
2026-03-10 10:54:30,838 [INFO] Extracting features: batch 11/32
2026-03-10 10:54:34,022 [INFO] Extracting features: batch 21/32
2026-03-10 10:54:37,212 [INFO] Extracting features: batch 31/32
2026-03-10 10:54:37,724 [INFO] Extracted raw features: shape = (500, 131328)
2026-03-10 10:54:37,915 [INFO] Final feature shape: (500, 131328)
2026-03-10 10:54:38,272 [INFO]       chunk 4/10
2026-03-10 10:54:38,524 [INFO] Extracting features: batch 1/32
2026-03-10 10:54:41,720 [INFO] Extracting features: batch 11/32
2026-03-10 10:54:44,908 [INFO] Extracting features: batch 21/32
2026-03-10 10:54:48,102 [INFO] Extracting features: batch 31/32
2026-03-10 10:54:48,611 [INFO] Extracted raw features: shape = (500, 131328)
2026-03-10 10:54:48,808 [INFO] Final feature shape: (500, 131328)
2026-03-10 10:54:49,382 [INFO] Extracting features: batch 1/32
2026-03-10 10:54:52,551 [INFO] Extracting features: batch 11/32
2026-03-10 10:54:55,737 [INFO] Extracting features: batch 21/32
2026-03-10 10:54:58,936 [INFO] Extracting features: batch 31/32
2026-03-10 10:54:59,457 [INFO] Extracted raw features: shape = (500, 131328)
2026-03-10 10:54:59,662 [INFO] Final feature shape: (500, 131328)
2026-03-10 10:55:00,035 [INFO]       chunk 6/10
2026-03-10 10:55:00,260 [INFO] Extracting features: batch 1/32
2026-03-10 10:55:03,451 [INFO] Extracting features: batch 11/32
2026-03-10 10:55:06,641 [INFO] Extracting features: batch 21/32
2026-03-10 10:55:09,823 [INFO] Extracting features: batch 31/32
2026-03-10 10:55:10,326 [INFO] Extracted raw features: shape = (500, 131328)
2026-03-10 10:55:10,527 [INFO] Final feature shape: (500, 131328)
2026-03-10 10:55:11,154 [INFO] Extracting features: batch 1/32
2026-03-10 10:55:14,331 [INFO] Extracting features: batch 11/32
2026-03-10 10:55:17,520 [INFO] Extracting features: batch 21/32
2026-03-10 10:55:20,720 [INFO] Extracting features: batch 31/32
2026-03-10 10:55:21,227 [INFO] Extracted raw features: shape = (500, 131328)
2026-03-10 10:55:21,427 [INFO] Final feature shape: (500, 131328)
2026-03-10 10:55:21,852 [INFO]       chunk 8/10
2026-03-10 10:55:22,078 [INFO] Extracting features: batch 1/32
2026-03-10 10:55:25,262 [INFO] Extracting features: batch 11/32
2026-03-10 10:55:28,449 [INFO] Extracting features: batch 21/32
2026-03-10 10:55:31,628 [INFO] Extracting features: batch 31/32
2026-03-10 10:55:32,115 [INFO] Extracted raw features: shape = (500, 131328)
2026-03-10 10:55:32,314 [INFO] Final feature shape: (500, 131328)
2026-03-10 10:55:32,940 [INFO] Extracting features: batch 1/32
2026-03-10 10:55:36,113 [INFO] Extracting features: batch 11/32
2026-03-10 10:55:39,316 [INFO] Extracting features: batch 21/32
2026-03-10 10:55:42,506 [INFO] Extracting features: batch 31/32
2026-03-10 10:55:42,997 [INFO] Extracted raw features: shape = (500, 131328)
2026-03-10 10:55:43,180 [INFO] Final feature shape: (500, 131328)
2026-03-10 10:55:43,584 [INFO]       chunk 10/10
2026-03-10 10:55:43,586 [INFO]     D_rr (156 Ko) et D_rq (3906 Ko) sauvegardés
2026-03-10 10:55:43,587 [INFO]     median_D_rr=2.185e+05  gamma_med=2.288e-06  feat_dim=131328
2026-03-10 10:55:43,776 [INFO]     gamma=     med  ρ=+0.5429  mono=0.463  τ=+0.7858  K_rq=0.5116
2026-03-10 10:55:43,957 [INFO]     gamma= 2.8e-05  ρ=+0.6984  mono=0.699  τ=+0.9578  K_rq=0.0076
2026-03-10 10:55:44,140 [INFO]     gamma= 1.0e-07  ρ=+0.5395  mono=0.458  τ=+0.7828  K_rq=0.9656
2026-03-10 10:55:44,327 [INFO]     gamma= 5.0e-07  ρ=+0.5401  mono=0.459  τ=+0.7830  K_rq=0.8459
2026-03-10 10:55:44,513 [INFO]     gamma= 1.0e-06  ρ=+0.5408  mono=0.460  τ=+0.7836  K_rq=0.7266
2026-03-10 10:55:44,698 [INFO]     gamma= 5.0e-06  ρ=+0.5482  mono=0.474  τ=+0.7972  K_rq=0.2698
2026-03-10 10:55:44,885 [INFO]     gamma= 1.0e-05  ρ=+0.5609  mono=0.483  τ=+0.8128  K_rq=0.0992
2026-03-10 10:55:45,065 [INFO]     gamma= 5.0e-05  ρ=+0.8292  mono=0.782  τ=+0.9849  K_rq=0.0018
2026-03-10 10:55:45,246 [INFO]     gamma= 1.0e-04  ρ=+0.8446  mono=0.616  τ=+0.9562  K_rq=0.0010
2026-03-10 10:55:45,424 [INFO]     gamma= 1.0e-03  ρ=+0.6674  mono=0.003  τ=+0.7144  K_rq=0.0003
sd_vae:  71%|███████   | 12/17 [22:46<09:37, 115.59s/layer]2026-03-10 10:55:45,563 [INFO] 
  Layer 12 — encoder.mid_block.resnets.0
2026-03-10 10:55:45,563 [INFO] Loading backbone: sd_vae
Cannot initialize model with low cpu memory usage because `accelerate` was not found in the environment. Defaulting to `low_cpu_mem_usage=False`. It is strongly recommended to install `accelerate` for faster and less memory-intense model loading. You can do so with: 
```
pip install accelerate
```
.
/home/jnapolitano/Documents/metrique/.venv/lib/python3.12/site-packages/huggingface_hub/utils/_validators.py:202: UserWarning: The `local_dir_use_symlinks` argument is deprecated and ignored in `hf_hub_download`. Downloading to a local directory does not use symlinks anymore.
  warnings.warn(
2026-03-10 10:55:45,734 [INFO] HTTP Request: HEAD https://huggingface.co/stabilityai/sd-vae-ft-mse/resolve/main/config.json "HTTP/1.1 307 Temporary Redirect"
2026-03-10 10:55:45,745 [INFO] HTTP Request: HEAD https://huggingface.co/api/resolve-cache/models/stabilityai/sd-vae-ft-mse/31f26fdeee1355a5c34592e401dd41e45d25a493/config.json "HTTP/1.1 200 OK"
2026-03-10 10:55:45,854 [INFO] HTTP Request: HEAD https://huggingface.co/stabilityai/sd-vae-ft-mse/resolve/31f26fdeee1355a5c34592e401dd41e45d25a493/diffusion_pytorch_model.safetensors.index.json "HTTP/1.1 404 Not Found"
2026-03-10 10:55:45,952 [INFO]     Extraction anchor (200 images)...
2026-03-10 10:55:46,202 [INFO] Extracting features: batch 1/13
2026-03-10 10:55:49,374 [INFO] Extracting features: batch 11/13
2026-03-10 10:55:50,227 [INFO] Extracted raw features: shape = (200, 131328)
2026-03-10 10:55:50,549 [INFO] Fitted scaler on Gram features: mean=4.32e+01, std=1.95e+02
2026-03-10 10:55:50,549 [INFO] Final feature shape: (200, 131328)
2026-03-10 10:55:50,626 [INFO]     Calcul D_rq par 10 chunks de 500 images...
2026-03-10 10:55:50,859 [INFO] Extracting features: batch 1/32
2026-03-10 10:55:54,038 [INFO] Extracting features: batch 11/32
2026-03-10 10:55:57,232 [INFO] Extracting features: batch 21/32
2026-03-10 10:56:00,435 [INFO] Extracting features: batch 31/32
2026-03-10 10:56:00,941 [INFO] Extracted raw features: shape = (500, 131328)
2026-03-10 10:56:01,108 [INFO] Final feature shape: (500, 131328)
2026-03-10 10:56:01,751 [INFO] Extracting features: batch 1/32
2026-03-10 10:56:04,926 [INFO] Extracting features: batch 11/32
2026-03-10 10:56:08,108 [INFO] Extracting features: batch 21/32
2026-03-10 10:56:11,294 [INFO] Extracting features: batch 31/32
2026-03-10 10:56:11,807 [INFO] Extracted raw features: shape = (500, 131328)
2026-03-10 10:56:11,983 [INFO] Final feature shape: (500, 131328)
2026-03-10 10:56:12,383 [INFO]       chunk 2/10
2026-03-10 10:56:12,631 [INFO] Extracting features: batch 1/32
2026-03-10 10:56:15,818 [INFO] Extracting features: batch 11/32
2026-03-10 10:56:19,010 [INFO] Extracting features: batch 21/32
2026-03-10 10:56:22,203 [INFO] Extracting features: batch 31/32
2026-03-10 10:56:22,710 [INFO] Extracted raw features: shape = (500, 131328)
2026-03-10 10:56:22,902 [INFO] Final feature shape: (500, 131328)
2026-03-10 10:56:23,509 [INFO] Extracting features: batch 1/32
2026-03-10 10:56:26,683 [INFO] Extracting features: batch 11/32
2026-03-10 10:56:29,860 [INFO] Extracting features: batch 21/32
2026-03-10 10:56:33,048 [INFO] Extracting features: batch 31/32
2026-03-10 10:56:33,568 [INFO] Extracted raw features: shape = (500, 131328)
2026-03-10 10:56:33,768 [INFO] Final feature shape: (500, 131328)
2026-03-10 10:56:34,112 [INFO]       chunk 4/10
2026-03-10 10:56:34,365 [INFO] Extracting features: batch 1/32
2026-03-10 10:56:37,544 [INFO] Extracting features: batch 11/32
2026-03-10 10:56:40,743 [INFO] Extracting features: batch 21/32
2026-03-10 10:56:43,925 [INFO] Extracting features: batch 31/32
2026-03-10 10:56:44,434 [INFO] Extracted raw features: shape = (500, 131328)
2026-03-10 10:56:44,636 [INFO] Final feature shape: (500, 131328)
2026-03-10 10:56:45,229 [INFO] Extracting features: batch 1/32
2026-03-10 10:56:48,390 [INFO] Extracting features: batch 11/32
2026-03-10 10:56:51,582 [INFO] Extracting features: batch 21/32
2026-03-10 10:56:54,785 [INFO] Extracting features: batch 31/32
2026-03-10 10:56:55,300 [INFO] Extracted raw features: shape = (500, 131328)
2026-03-10 10:56:55,503 [INFO] Final feature shape: (500, 131328)
2026-03-10 10:56:55,912 [INFO]       chunk 6/10
2026-03-10 10:56:56,142 [INFO] Extracting features: batch 1/32
2026-03-10 10:56:59,324 [INFO] Extracting features: batch 11/32
2026-03-10 10:57:02,531 [INFO] Extracting features: batch 21/32
2026-03-10 10:57:05,718 [INFO] Extracting features: batch 31/32
2026-03-10 10:57:06,233 [INFO] Extracted raw features: shape = (500, 131328)
2026-03-10 10:57:06,432 [INFO] Final feature shape: (500, 131328)
2026-03-10 10:57:07,074 [INFO] Extracting features: batch 1/32
2026-03-10 10:57:10,246 [INFO] Extracting features: batch 11/32
2026-03-10 10:57:13,458 [INFO] Extracting features: batch 21/32
2026-03-10 10:57:16,652 [INFO] Extracting features: batch 31/32
2026-03-10 10:57:17,174 [INFO] Extracted raw features: shape = (500, 131328)
2026-03-10 10:57:17,386 [INFO] Final feature shape: (500, 131328)
2026-03-10 10:57:17,811 [INFO]       chunk 8/10
2026-03-10 10:57:18,070 [INFO] Extracting features: batch 1/32
2026-03-10 10:57:21,235 [INFO] Extracting features: batch 11/32
2026-03-10 10:57:24,430 [INFO] Extracting features: batch 21/32
2026-03-10 10:57:27,619 [INFO] Extracting features: batch 31/32
2026-03-10 10:57:28,115 [INFO] Extracted raw features: shape = (500, 131328)
2026-03-10 10:57:28,279 [INFO] Final feature shape: (500, 131328)
2026-03-10 10:57:28,811 [INFO] Extracting features: batch 1/32
2026-03-10 10:57:31,963 [INFO] Extracting features: batch 11/32
2026-03-10 10:57:35,142 [INFO] Extracting features: batch 21/32
2026-03-10 10:57:38,306 [INFO] Extracting features: batch 31/32
2026-03-10 10:57:38,815 [INFO] Extracted raw features: shape = (500, 131328)
2026-03-10 10:57:38,980 [INFO] Final feature shape: (500, 131328)
2026-03-10 10:57:39,308 [INFO]       chunk 10/10
2026-03-10 10:57:39,310 [INFO]     D_rr (156 Ko) et D_rq (3906 Ko) sauvegardés
2026-03-10 10:57:39,311 [INFO]     median_D_rr=2.188e+05  gamma_med=2.285e-06  feat_dim=131328
2026-03-10 10:57:39,503 [INFO]     gamma=     med  ρ=+0.5350  mono=0.455  τ=+0.7784  K_rq=0.5089
2026-03-10 10:57:39,686 [INFO]     gamma= 2.8e-05  ρ=+0.6844  mono=0.690  τ=+0.9563  K_rq=0.0078
2026-03-10 10:57:39,872 [INFO]     gamma= 1.0e-07  ρ=+0.5323  mono=0.448  τ=+0.7744  K_rq=0.9653
2026-03-10 10:57:40,060 [INFO]     gamma= 5.0e-07  ρ=+0.5327  mono=0.452  τ=+0.7758  K_rq=0.8448
2026-03-10 10:57:40,249 [INFO]     gamma= 1.0e-06  ρ=+0.5333  mono=0.451  τ=+0.7758  K_rq=0.7244
2026-03-10 10:57:40,434 [INFO]     gamma= 5.0e-06  ρ=+0.5394  mono=0.465  τ=+0.7870  K_rq=0.2679
2026-03-10 10:57:40,620 [INFO]     gamma= 1.0e-05  ρ=+0.5511  mono=0.487  τ=+0.8062  K_rq=0.0991
2026-03-10 10:57:40,803 [INFO]     gamma= 5.0e-05  ρ=+0.8208  mono=0.781  τ=+0.9853  K_rq=0.0018
2026-03-10 10:57:40,988 [INFO]     gamma= 1.0e-04  ρ=+0.8393  mono=0.581  τ=+0.9538  K_rq=0.0010
2026-03-10 10:57:41,168 [INFO]     gamma= 1.0e-03  ρ=+0.6626  mono=0.003  τ=+0.7143  K_rq=0.0003
sd_vae:  76%|███████▋  | 13/17 [24:42<07:42, 115.63s/layer]2026-03-10 10:57:41,275 [INFO] 
  Layer 13 — encoder.mid_block.attentions.0
2026-03-10 10:57:41,275 [INFO] Loading backbone: sd_vae
Cannot initialize model with low cpu memory usage because `accelerate` was not found in the environment. Defaulting to `low_cpu_mem_usage=False`. It is strongly recommended to install `accelerate` for faster and less memory-intense model loading. You can do so with: 
```
pip install accelerate
```
.
/home/jnapolitano/Documents/metrique/.venv/lib/python3.12/site-packages/huggingface_hub/utils/_validators.py:202: UserWarning: The `local_dir_use_symlinks` argument is deprecated and ignored in `hf_hub_download`. Downloading to a local directory does not use symlinks anymore.
  warnings.warn(
2026-03-10 10:57:41,457 [INFO] HTTP Request: HEAD https://huggingface.co/stabilityai/sd-vae-ft-mse/resolve/main/config.json "HTTP/1.1 307 Temporary Redirect"
2026-03-10 10:57:41,477 [INFO] HTTP Request: HEAD https://huggingface.co/api/resolve-cache/models/stabilityai/sd-vae-ft-mse/31f26fdeee1355a5c34592e401dd41e45d25a493/config.json "HTTP/1.1 200 OK"
2026-03-10 10:57:41,595 [INFO] HTTP Request: HEAD https://huggingface.co/stabilityai/sd-vae-ft-mse/resolve/31f26fdeee1355a5c34592e401dd41e45d25a493/diffusion_pytorch_model.safetensors.index.json "HTTP/1.1 404 Not Found"
2026-03-10 10:57:41,692 [INFO]     Extraction anchor (200 images)...
2026-03-10 10:57:41,920 [INFO] Extracting features: batch 1/13
2026-03-10 10:57:45,076 [INFO] Extracting features: batch 11/13
2026-03-10 10:57:45,924 [INFO] Extracted raw features: shape = (200, 131328)
2026-03-10 10:57:46,200 [INFO] Fitted scaler on Gram features: mean=4.22e+01, std=1.90e+02
2026-03-10 10:57:46,200 [INFO] Final feature shape: (200, 131328)
2026-03-10 10:57:46,257 [INFO]     Calcul D_rq par 10 chunks de 500 images...
2026-03-10 10:57:46,468 [INFO] Extracting features: batch 1/32
2026-03-10 10:57:49,622 [INFO] Extracting features: batch 11/32
2026-03-10 10:57:52,797 [INFO] Extracting features: batch 21/32
2026-03-10 10:57:55,976 [INFO] Extracting features: batch 31/32
2026-03-10 10:57:56,494 [INFO] Extracted raw features: shape = (500, 131328)
2026-03-10 10:57:56,663 [INFO] Final feature shape: (500, 131328)
2026-03-10 10:57:57,289 [INFO] Extracting features: batch 1/32
2026-03-10 10:58:00,454 [INFO] Extracting features: batch 11/32
2026-03-10 10:58:03,653 [INFO] Extracting features: batch 21/32
2026-03-10 10:58:06,838 [INFO] Extracting features: batch 31/32
2026-03-10 10:58:07,337 [INFO] Extracted raw features: shape = (500, 131328)
2026-03-10 10:58:07,515 [INFO] Final feature shape: (500, 131328)
2026-03-10 10:58:07,840 [INFO]       chunk 2/10
2026-03-10 10:58:08,066 [INFO] Extracting features: batch 1/32
2026-03-10 10:58:11,218 [INFO] Extracting features: batch 11/32
2026-03-10 10:58:14,366 [INFO] Extracting features: batch 21/32
2026-03-10 10:58:17,517 [INFO] Extracting features: batch 31/32
2026-03-10 10:58:18,019 [INFO] Extracted raw features: shape = (500, 131328)
2026-03-10 10:58:18,185 [INFO] Final feature shape: (500, 131328)
2026-03-10 10:58:18,744 [INFO] Extracting features: batch 1/32
2026-03-10 10:58:21,906 [INFO] Extracting features: batch 11/32
2026-03-10 10:58:25,085 [INFO] Extracting features: batch 21/32
2026-03-10 10:58:28,266 [INFO] Extracting features: batch 31/32
2026-03-10 10:58:28,757 [INFO] Extracted raw features: shape = (500, 131328)
2026-03-10 10:58:28,937 [INFO] Final feature shape: (500, 131328)
2026-03-10 10:58:29,256 [INFO]       chunk 4/10
2026-03-10 10:58:29,497 [INFO] Extracting features: batch 1/32
2026-03-10 10:58:32,668 [INFO] Extracting features: batch 11/32
2026-03-10 10:58:35,852 [INFO] Extracting features: batch 21/32
2026-03-10 10:58:39,035 [INFO] Extracting features: batch 31/32
2026-03-10 10:58:39,537 [INFO] Extracted raw features: shape = (500, 131328)
2026-03-10 10:58:39,702 [INFO] Final feature shape: (500, 131328)
2026-03-10 10:58:40,238 [INFO] Extracting features: batch 1/32
2026-03-10 10:58:43,394 [INFO] Extracting features: batch 11/32
2026-03-10 10:58:46,577 [INFO] Extracting features: batch 21/32
2026-03-10 10:58:49,749 [INFO] Extracting features: batch 31/32
2026-03-10 10:58:50,255 [INFO] Extracted raw features: shape = (500, 131328)
2026-03-10 10:58:50,426 [INFO] Final feature shape: (500, 131328)
2026-03-10 10:58:50,751 [INFO]       chunk 6/10
2026-03-10 10:58:50,973 [INFO] Extracting features: batch 1/32
2026-03-10 10:58:54,153 [INFO] Extracting features: batch 11/32
2026-03-10 10:58:57,321 [INFO] Extracting features: batch 21/32
2026-03-10 10:59:00,500 [INFO] Extracting features: batch 31/32
2026-03-10 10:59:00,996 [INFO] Extracted raw features: shape = (500, 131328)
2026-03-10 10:59:01,161 [INFO] Final feature shape: (500, 131328)
2026-03-10 10:59:01,702 [INFO] Extracting features: batch 1/32
2026-03-10 10:59:04,858 [INFO] Extracting features: batch 11/32
2026-03-10 10:59:08,038 [INFO] Extracting features: batch 21/32
2026-03-10 10:59:11,218 [INFO] Extracting features: batch 31/32
2026-03-10 10:59:11,727 [INFO] Extracted raw features: shape = (500, 131328)
2026-03-10 10:59:11,904 [INFO] Final feature shape: (500, 131328)
2026-03-10 10:59:12,254 [INFO]       chunk 8/10
2026-03-10 10:59:12,480 [INFO] Extracting features: batch 1/32
2026-03-10 10:59:15,628 [INFO] Extracting features: batch 11/32
2026-03-10 10:59:18,792 [INFO] Extracting features: batch 21/32
2026-03-10 10:59:21,974 [INFO] Extracting features: batch 31/32
2026-03-10 10:59:22,481 [INFO] Extracted raw features: shape = (500, 131328)
2026-03-10 10:59:22,649 [INFO] Final feature shape: (500, 131328)
2026-03-10 10:59:23,190 [INFO] Extracting features: batch 1/32
2026-03-10 10:59:26,376 [INFO] Extracting features: batch 11/32
2026-03-10 10:59:29,558 [INFO] Extracting features: batch 21/32
2026-03-10 10:59:32,741 [INFO] Extracting features: batch 31/32
2026-03-10 10:59:33,228 [INFO] Extracted raw features: shape = (500, 131328)
2026-03-10 10:59:33,395 [INFO] Final feature shape: (500, 131328)
2026-03-10 10:59:33,729 [INFO]       chunk 10/10
2026-03-10 10:59:33,731 [INFO]     D_rr (156 Ko) et D_rq (3906 Ko) sauvegardés
2026-03-10 10:59:33,732 [INFO]     median_D_rr=2.182e+05  gamma_med=2.291e-06  feat_dim=131328
2026-03-10 10:59:33,919 [INFO]     gamma=     med  ρ=+0.5475  mono=0.464  τ=+0.7900  K_rq=0.5056
2026-03-10 10:59:34,101 [INFO]     gamma= 2.8e-05  ρ=+0.6951  mono=0.701  τ=+0.9603  K_rq=0.0076
2026-03-10 10:59:34,285 [INFO]     gamma= 1.0e-07  ρ=+0.5446  mono=0.460  τ=+0.7852  K_rq=0.9650
2026-03-10 10:59:34,468 [INFO]     gamma= 5.0e-07  ρ=+0.5450  mono=0.460  τ=+0.7858  K_rq=0.8434
2026-03-10 10:59:34,686 [INFO]     gamma= 1.0e-06  ρ=+0.5456  mono=0.461  τ=+0.7868  K_rq=0.7224
2026-03-10 10:59:34,869 [INFO]     gamma= 5.0e-06  ρ=+0.5521  mono=0.471  τ=+0.7996  K_rq=0.2660
2026-03-10 10:59:35,051 [INFO]     gamma= 1.0e-05  ρ=+0.5642  mono=0.494  τ=+0.8172  K_rq=0.0981
2026-03-10 10:59:35,230 [INFO]     gamma= 5.0e-05  ρ=+0.8257  mono=0.781  τ=+0.9857  K_rq=0.0018
2026-03-10 10:59:35,413 [INFO]     gamma= 1.0e-04  ρ=+0.8426  mono=0.561  τ=+0.9527  K_rq=0.0009
2026-03-10 10:59:35,594 [INFO]     gamma= 1.0e-03  ρ=+0.6599  mono=0.003  τ=+0.7118  K_rq=0.0003
sd_vae:  82%|████████▏ | 14/17 [26:36<05:45, 115.27s/layer]2026-03-10 10:59:35,709 [INFO] 
  Layer 14 — encoder.mid_block.resnets.1
2026-03-10 10:59:35,709 [INFO] Loading backbone: sd_vae
Cannot initialize model with low cpu memory usage because `accelerate` was not found in the environment. Defaulting to `low_cpu_mem_usage=False`. It is strongly recommended to install `accelerate` for faster and less memory-intense model loading. You can do so with: 
```
pip install accelerate
```
.
/home/jnapolitano/Documents/metrique/.venv/lib/python3.12/site-packages/huggingface_hub/utils/_validators.py:202: UserWarning: The `local_dir_use_symlinks` argument is deprecated and ignored in `hf_hub_download`. Downloading to a local directory does not use symlinks anymore.
  warnings.warn(
2026-03-10 10:59:35,848 [INFO] HTTP Request: HEAD https://huggingface.co/stabilityai/sd-vae-ft-mse/resolve/main/config.json "HTTP/1.1 307 Temporary Redirect"
2026-03-10 10:59:35,861 [INFO] HTTP Request: HEAD https://huggingface.co/api/resolve-cache/models/stabilityai/sd-vae-ft-mse/31f26fdeee1355a5c34592e401dd41e45d25a493/config.json "HTTP/1.1 200 OK"
2026-03-10 10:59:35,976 [INFO] HTTP Request: HEAD https://huggingface.co/stabilityai/sd-vae-ft-mse/resolve/31f26fdeee1355a5c34592e401dd41e45d25a493/diffusion_pytorch_model.safetensors.index.json "HTTP/1.1 404 Not Found"
2026-03-10 10:59:36,074 [INFO]     Extraction anchor (200 images)...
2026-03-10 10:59:36,319 [INFO] Extracting features: batch 1/13
2026-03-10 10:59:39,491 [INFO] Extracting features: batch 11/13
2026-03-10 10:59:40,343 [INFO] Extracted raw features: shape = (200, 131328)
2026-03-10 10:59:40,621 [INFO] Fitted scaler on Gram features: mean=5.26e+01, std=2.34e+02
2026-03-10 10:59:40,621 [INFO] Final feature shape: (200, 131328)
2026-03-10 10:59:40,682 [INFO]     Calcul D_rq par 10 chunks de 500 images...
2026-03-10 10:59:40,889 [INFO] Extracting features: batch 1/32
2026-03-10 10:59:44,050 [INFO] Extracting features: batch 11/32
2026-03-10 10:59:47,227 [INFO] Extracting features: batch 21/32
2026-03-10 10:59:50,399 [INFO] Extracting features: batch 31/32
2026-03-10 10:59:50,888 [INFO] Extracted raw features: shape = (500, 131328)
2026-03-10 10:59:51,052 [INFO] Final feature shape: (500, 131328)
2026-03-10 10:59:51,599 [INFO] Extracting features: batch 1/32
2026-03-10 10:59:54,768 [INFO] Extracting features: batch 11/32
2026-03-10 10:59:57,945 [INFO] Extracting features: batch 21/32
2026-03-10 11:00:01,114 [INFO] Extracting features: batch 31/32
2026-03-10 11:00:01,604 [INFO] Extracted raw features: shape = (500, 131328)
2026-03-10 11:00:01,769 [INFO] Final feature shape: (500, 131328)
2026-03-10 11:00:02,085 [INFO]       chunk 2/10
2026-03-10 11:00:02,311 [INFO] Extracting features: batch 1/32
2026-03-10 11:00:05,451 [INFO] Extracting features: batch 11/32
2026-03-10 11:00:08,607 [INFO] Extracting features: batch 21/32
2026-03-10 11:00:11,789 [INFO] Extracting features: batch 31/32
2026-03-10 11:00:12,278 [INFO] Extracted raw features: shape = (500, 131328)
2026-03-10 11:00:12,442 [INFO] Final feature shape: (500, 131328)
2026-03-10 11:00:12,986 [INFO] Extracting features: batch 1/32
2026-03-10 11:00:16,147 [INFO] Extracting features: batch 11/32
2026-03-10 11:00:19,330 [INFO] Extracting features: batch 21/32
2026-03-10 11:00:22,509 [INFO] Extracting features: batch 31/32
2026-03-10 11:00:23,018 [INFO] Extracted raw features: shape = (500, 131328)
2026-03-10 11:00:23,220 [INFO] Final feature shape: (500, 131328)
2026-03-10 11:00:23,592 [INFO]       chunk 4/10
2026-03-10 11:00:23,846 [INFO] Extracting features: batch 1/32
2026-03-10 11:00:27,016 [INFO] Extracting features: batch 11/32
2026-03-10 11:00:30,218 [INFO] Extracting features: batch 21/32
2026-03-10 11:00:33,423 [INFO] Extracting features: batch 31/32
2026-03-10 11:00:33,942 [INFO] Extracted raw features: shape = (500, 131328)
2026-03-10 11:00:34,124 [INFO] Final feature shape: (500, 131328)
2026-03-10 11:00:34,706 [INFO] Extracting features: batch 1/32
2026-03-10 11:00:37,856 [INFO] Extracting features: batch 11/32
2026-03-10 11:00:41,034 [INFO] Extracting features: batch 21/32
2026-03-10 11:00:44,220 [INFO] Extracting features: batch 31/32
2026-03-10 11:00:44,735 [INFO] Extracted raw features: shape = (500, 131328)
2026-03-10 11:00:44,923 [INFO] Final feature shape: (500, 131328)
2026-03-10 11:00:45,289 [INFO]       chunk 6/10
2026-03-10 11:00:45,516 [INFO] Extracting features: batch 1/32
2026-03-10 11:00:48,690 [INFO] Extracting features: batch 11/32
2026-03-10 11:00:51,886 [INFO] Extracting features: batch 21/32
2026-03-10 11:00:55,067 [INFO] Extracting features: batch 31/32
2026-03-10 11:00:55,559 [INFO] Extracted raw features: shape = (500, 131328)
2026-03-10 11:00:55,726 [INFO] Final feature shape: (500, 131328)
2026-03-10 11:00:56,263 [INFO] Extracting features: batch 1/32
2026-03-10 11:00:59,427 [INFO] Extracting features: batch 11/32
2026-03-10 11:01:02,611 [INFO] Extracting features: batch 21/32
2026-03-10 11:01:05,793 [INFO] Extracting features: batch 31/32
2026-03-10 11:01:06,293 [INFO] Extracted raw features: shape = (500, 131328)
2026-03-10 11:01:06,492 [INFO] Final feature shape: (500, 131328)
2026-03-10 11:01:06,865 [INFO]       chunk 8/10
2026-03-10 11:01:07,092 [INFO] Extracting features: batch 1/32
2026-03-10 11:01:10,262 [INFO] Extracting features: batch 11/32
2026-03-10 11:01:13,455 [INFO] Extracting features: batch 21/32
2026-03-10 11:01:16,642 [INFO] Extracting features: batch 31/32
2026-03-10 11:01:17,138 [INFO] Extracted raw features: shape = (500, 131328)
2026-03-10 11:01:17,303 [INFO] Final feature shape: (500, 131328)
2026-03-10 11:01:17,849 [INFO] Extracting features: batch 1/32
2026-03-10 11:01:21,021 [INFO] Extracting features: batch 11/32
2026-03-10 11:01:24,202 [INFO] Extracting features: batch 21/32
2026-03-10 11:01:27,386 [INFO] Extracting features: batch 31/32
2026-03-10 11:01:27,878 [INFO] Extracted raw features: shape = (500, 131328)
2026-03-10 11:01:28,048 [INFO] Final feature shape: (500, 131328)
2026-03-10 11:01:28,374 [INFO]       chunk 10/10
2026-03-10 11:01:28,377 [INFO]     D_rr (156 Ko) et D_rq (3906 Ko) sauvegardés
2026-03-10 11:01:28,378 [INFO]     median_D_rr=2.203e+05  gamma_med=2.270e-06  feat_dim=131328
2026-03-10 11:01:28,566 [INFO]     gamma=     med  ρ=+0.5465  mono=0.453  τ=+0.7878  K_rq=0.5021
2026-03-10 11:01:28,748 [INFO]     gamma= 2.8e-05  ρ=+0.6910  mono=0.697  τ=+0.9556  K_rq=0.0076
2026-03-10 11:01:28,935 [INFO]     gamma= 1.0e-07  ρ=+0.5439  mono=0.444  τ=+0.7822  K_rq=0.9644
2026-03-10 11:01:29,121 [INFO]     gamma= 5.0e-07  ρ=+0.5442  mono=0.445  τ=+0.7824  K_rq=0.8407
2026-03-10 11:01:29,309 [INFO]     gamma= 1.0e-06  ρ=+0.5447  mono=0.446  τ=+0.7836  K_rq=0.7180
2026-03-10 11:01:29,497 [INFO]     gamma= 5.0e-06  ρ=+0.5510  mono=0.460  τ=+0.7948  K_rq=0.2602
2026-03-10 11:01:29,681 [INFO]     gamma= 1.0e-05  ρ=+0.5634  mono=0.486  τ=+0.8126  K_rq=0.0954
2026-03-10 11:01:29,863 [INFO]     gamma= 5.0e-05  ρ=+0.8149  mono=0.782  τ=+0.9853  K_rq=0.0018
2026-03-10 11:01:30,046 [INFO]     gamma= 1.0e-04  ρ=+0.8317  mono=0.538  τ=+0.9501  K_rq=0.0009
2026-03-10 11:01:30,225 [INFO]     gamma= 1.0e-03  ρ=+0.6482  mono=0.003  τ=+0.7098  K_rq=0.0003
sd_vae:  88%|████████▊ | 15/17 [28:31<03:50, 115.07s/layer]2026-03-10 11:01:30,331 [INFO] 
  Layer 15 — encoder.conv_norm_out
2026-03-10 11:01:30,331 [INFO] Loading backbone: sd_vae
Cannot initialize model with low cpu memory usage because `accelerate` was not found in the environment. Defaulting to `low_cpu_mem_usage=False`. It is strongly recommended to install `accelerate` for faster and less memory-intense model loading. You can do so with: 
```
pip install accelerate
```
.
/home/jnapolitano/Documents/metrique/.venv/lib/python3.12/site-packages/huggingface_hub/utils/_validators.py:202: UserWarning: The `local_dir_use_symlinks` argument is deprecated and ignored in `hf_hub_download`. Downloading to a local directory does not use symlinks anymore.
  warnings.warn(
2026-03-10 11:01:30,509 [INFO] HTTP Request: HEAD https://huggingface.co/stabilityai/sd-vae-ft-mse/resolve/main/config.json "HTTP/1.1 307 Temporary Redirect"
2026-03-10 11:01:30,521 [INFO] HTTP Request: HEAD https://huggingface.co/api/resolve-cache/models/stabilityai/sd-vae-ft-mse/31f26fdeee1355a5c34592e401dd41e45d25a493/config.json "HTTP/1.1 200 OK"
2026-03-10 11:01:30,635 [INFO] HTTP Request: HEAD https://huggingface.co/stabilityai/sd-vae-ft-mse/resolve/31f26fdeee1355a5c34592e401dd41e45d25a493/diffusion_pytorch_model.safetensors.index.json "HTTP/1.1 404 Not Found"
2026-03-10 11:01:30,729 [INFO]     Extraction anchor (200 images)...
2026-03-10 11:01:30,973 [INFO] Extracting features: batch 1/13
2026-03-10 11:01:34,134 [INFO] Extracting features: batch 11/13
2026-03-10 11:01:34,977 [INFO] Extracted raw features: shape = (200, 131328)
2026-03-10 11:01:35,257 [INFO] Fitted scaler on Gram features: mean=3.24e-02, std=1.30e-01
2026-03-10 11:01:35,258 [INFO] Final feature shape: (200, 131328)
2026-03-10 11:01:35,313 [INFO]     Calcul D_rq par 10 chunks de 500 images...
2026-03-10 11:01:35,522 [INFO] Extracting features: batch 1/32
2026-03-10 11:01:38,688 [INFO] Extracting features: batch 11/32
2026-03-10 11:01:41,852 [INFO] Extracting features: batch 21/32
2026-03-10 11:01:45,029 [INFO] Extracting features: batch 31/32
2026-03-10 11:01:45,521 [INFO] Extracted raw features: shape = (500, 131328)
2026-03-10 11:01:45,695 [INFO] Final feature shape: (500, 131328)
2026-03-10 11:01:46,281 [INFO] Extracting features: batch 1/32
2026-03-10 11:01:49,439 [INFO] Extracting features: batch 11/32
2026-03-10 11:01:52,632 [INFO] Extracting features: batch 21/32
2026-03-10 11:01:55,810 [INFO] Extracting features: batch 31/32
2026-03-10 11:01:56,317 [INFO] Extracted raw features: shape = (500, 131328)
2026-03-10 11:01:56,500 [INFO] Final feature shape: (500, 131328)
2026-03-10 11:01:56,847 [INFO]       chunk 2/10
2026-03-10 11:01:57,082 [INFO] Extracting features: batch 1/32
2026-03-10 11:02:00,240 [INFO] Extracting features: batch 11/32
2026-03-10 11:02:03,416 [INFO] Extracting features: batch 21/32
2026-03-10 11:02:06,594 [INFO] Extracting features: batch 31/32
2026-03-10 11:02:07,087 [INFO] Extracted raw features: shape = (500, 131328)
2026-03-10 11:02:07,262 [INFO] Final feature shape: (500, 131328)
2026-03-10 11:02:07,835 [INFO] Extracting features: batch 1/32
2026-03-10 11:02:11,000 [INFO] Extracting features: batch 11/32
2026-03-10 11:02:14,189 [INFO] Extracting features: batch 21/32
2026-03-10 11:02:17,370 [INFO] Extracting features: batch 31/32
2026-03-10 11:02:17,867 [INFO] Extracted raw features: shape = (500, 131328)
2026-03-10 11:02:18,050 [INFO] Final feature shape: (500, 131328)
2026-03-10 11:02:18,406 [INFO]       chunk 4/10
2026-03-10 11:02:18,632 [INFO] Extracting features: batch 1/32
2026-03-10 11:02:21,802 [INFO] Extracting features: batch 11/32
2026-03-10 11:02:24,988 [INFO] Extracting features: batch 21/32
2026-03-10 11:02:28,178 [INFO] Extracting features: batch 31/32
2026-03-10 11:02:28,669 [INFO] Extracted raw features: shape = (500, 131328)
2026-03-10 11:02:28,834 [INFO] Final feature shape: (500, 131328)
2026-03-10 11:02:29,381 [INFO] Extracting features: batch 1/32
2026-03-10 11:02:32,558 [INFO] Extracting features: batch 11/32
2026-03-10 11:02:35,732 [INFO] Extracting features: batch 21/32
2026-03-10 11:02:38,904 [INFO] Extracting features: batch 31/32
2026-03-10 11:02:39,396 [INFO] Extracted raw features: shape = (500, 131328)
2026-03-10 11:02:39,561 [INFO] Final feature shape: (500, 131328)
2026-03-10 11:02:39,883 [INFO]       chunk 6/10
2026-03-10 11:02:40,107 [INFO] Extracting features: batch 1/32
2026-03-10 11:02:43,261 [INFO] Extracting features: batch 11/32
2026-03-10 11:02:46,432 [INFO] Extracting features: batch 21/32
2026-03-10 11:02:49,611 [INFO] Extracting features: batch 31/32
2026-03-10 11:02:50,111 [INFO] Extracted raw features: shape = (500, 131328)
2026-03-10 11:02:50,275 [INFO] Final feature shape: (500, 131328)
2026-03-10 11:02:50,833 [INFO] Extracting features: batch 1/32
2026-03-10 11:02:53,985 [INFO] Extracting features: batch 11/32
2026-03-10 11:02:57,160 [INFO] Extracting features: batch 21/32
2026-03-10 11:03:00,337 [INFO] Extracting features: batch 31/32
2026-03-10 11:03:00,838 [INFO] Extracted raw features: shape = (500, 131328)
2026-03-10 11:03:01,004 [INFO] Final feature shape: (500, 131328)
2026-03-10 11:03:01,332 [INFO]       chunk 8/10
2026-03-10 11:03:01,548 [INFO] Extracting features: batch 1/32
2026-03-10 11:03:04,716 [INFO] Extracting features: batch 11/32
2026-03-10 11:03:07,899 [INFO] Extracting features: batch 21/32
2026-03-10 11:03:11,070 [INFO] Extracting features: batch 31/32
2026-03-10 11:03:11,557 [INFO] Extracted raw features: shape = (500, 131328)
2026-03-10 11:03:11,722 [INFO] Final feature shape: (500, 131328)
2026-03-10 11:03:12,253 [INFO] Extracting features: batch 1/32
2026-03-10 11:03:15,418 [INFO] Extracting features: batch 11/32
2026-03-10 11:03:18,607 [INFO] Extracting features: batch 21/32
2026-03-10 11:03:21,784 [INFO] Extracting features: batch 31/32
2026-03-10 11:03:22,278 [INFO] Extracted raw features: shape = (500, 131328)
2026-03-10 11:03:22,448 [INFO] Final feature shape: (500, 131328)
2026-03-10 11:03:22,785 [INFO]       chunk 10/10
2026-03-10 11:03:22,787 [INFO]     D_rr (156 Ko) et D_rq (3906 Ko) sauvegardés
2026-03-10 11:03:22,788 [INFO]     median_D_rr=2.270e+05  gamma_med=2.203e-06  feat_dim=131328
2026-03-10 11:03:22,976 [INFO]     gamma=     med  ρ=+0.5567  mono=0.566  τ=+0.8332  K_rq=0.5059
2026-03-10 11:03:23,157 [INFO]     gamma= 2.8e-05  ρ=+0.7110  mono=0.743  τ=+0.9714  K_rq=0.0063
2026-03-10 11:03:23,341 [INFO]     gamma= 1.0e-07  ρ=+0.5544  mono=0.551  τ=+0.8294  K_rq=0.9652
2026-03-10 11:03:23,524 [INFO]     gamma= 5.0e-07  ρ=+0.5547  mono=0.556  τ=+0.8310  K_rq=0.8425
2026-03-10 11:03:23,708 [INFO]     gamma= 1.0e-06  ρ=+0.5553  mono=0.560  τ=+0.8318  K_rq=0.7181
2026-03-10 11:03:23,890 [INFO]     gamma= 5.0e-06  ρ=+0.5609  mono=0.581  τ=+0.8432  K_rq=0.2504
2026-03-10 11:03:24,073 [INFO]     gamma= 1.0e-05  ρ=+0.5733  mono=0.598  τ=+0.8584  K_rq=0.0877
2026-03-10 11:03:24,251 [INFO]     gamma= 5.0e-05  ρ=+0.8260  mono=0.776  τ=+0.9837  K_rq=0.0016
2026-03-10 11:03:24,434 [INFO]     gamma= 1.0e-04  ρ=+0.8406  mono=0.502  τ=+0.9459  K_rq=0.0009
2026-03-10 11:03:24,611 [INFO]     gamma= 1.0e-03  ρ=+0.6489  mono=0.003  τ=+0.7056  K_rq=0.0003
sd_vae:  94%|█████████▍| 16/17 [30:25<01:54, 114.87s/layer]2026-03-10 11:03:24,714 [INFO] 
  Layer 16 — encoder.conv_out
2026-03-10 11:03:24,714 [INFO] Loading backbone: sd_vae
Cannot initialize model with low cpu memory usage because `accelerate` was not found in the environment. Defaulting to `low_cpu_mem_usage=False`. It is strongly recommended to install `accelerate` for faster and less memory-intense model loading. You can do so with: 
```
pip install accelerate
```
.
/home/jnapolitano/Documents/metrique/.venv/lib/python3.12/site-packages/huggingface_hub/utils/_validators.py:202: UserWarning: The `local_dir_use_symlinks` argument is deprecated and ignored in `hf_hub_download`. Downloading to a local directory does not use symlinks anymore.
  warnings.warn(
2026-03-10 11:03:24,862 [INFO] HTTP Request: HEAD https://huggingface.co/stabilityai/sd-vae-ft-mse/resolve/main/config.json "HTTP/1.1 307 Temporary Redirect"
2026-03-10 11:03:24,876 [INFO] HTTP Request: HEAD https://huggingface.co/api/resolve-cache/models/stabilityai/sd-vae-ft-mse/31f26fdeee1355a5c34592e401dd41e45d25a493/config.json "HTTP/1.1 200 OK"
2026-03-10 11:03:24,986 [INFO] HTTP Request: HEAD https://huggingface.co/stabilityai/sd-vae-ft-mse/resolve/31f26fdeee1355a5c34592e401dd41e45d25a493/diffusion_pytorch_model.safetensors.index.json "HTTP/1.1 404 Not Found"
2026-03-10 11:03:25,079 [INFO]     Extraction anchor (200 images)...
2026-03-10 11:03:25,313 [INFO] Extracting features: batch 1/13
2026-03-10 11:03:28,448 [INFO] Extracting features: batch 11/13
2026-03-10 11:03:29,237 [INFO] Extracted raw features: shape = (200, 36)
2026-03-10 11:03:29,239 [INFO] Fitted scaler on Gram features: mean=8.67e+00, std=1.14e+01
2026-03-10 11:03:29,239 [INFO] Final feature shape: (200, 36)
2026-03-10 11:03:29,263 [INFO]     Calcul D_rq par 10 chunks de 500 images...
2026-03-10 11:03:29,472 [INFO] Extracting features: batch 1/32
2026-03-10 11:03:32,588 [INFO] Extracting features: batch 11/32
2026-03-10 11:03:35,720 [INFO] Extracting features: batch 21/32
2026-03-10 11:03:38,850 [INFO] Extracting features: batch 31/32
2026-03-10 11:03:39,237 [INFO] Extracted raw features: shape = (500, 36)
2026-03-10 11:03:39,238 [INFO] Final feature shape: (500, 36)
2026-03-10 11:03:39,632 [INFO] Extracting features: batch 1/32
2026-03-10 11:03:42,765 [INFO] Extracting features: batch 11/32
2026-03-10 11:03:45,907 [INFO] Extracting features: batch 21/32
2026-03-10 11:03:49,043 [INFO] Extracting features: batch 31/32
2026-03-10 11:03:49,435 [INFO] Extracted raw features: shape = (500, 36)
2026-03-10 11:03:49,435 [INFO] Final feature shape: (500, 36)
2026-03-10 11:03:49,595 [INFO]       chunk 2/10
2026-03-10 11:03:49,817 [INFO] Extracting features: batch 1/32
2026-03-10 11:03:52,939 [INFO] Extracting features: batch 11/32
2026-03-10 11:03:56,081 [INFO] Extracting features: batch 21/32
2026-03-10 11:03:59,224 [INFO] Extracting features: batch 31/32
2026-03-10 11:03:59,615 [INFO] Extracted raw features: shape = (500, 36)
2026-03-10 11:03:59,616 [INFO] Final feature shape: (500, 36)
2026-03-10 11:04:00,009 [INFO] Extracting features: batch 1/32
2026-03-10 11:04:03,135 [INFO] Extracting features: batch 11/32
2026-03-10 11:04:06,283 [INFO] Extracting features: batch 21/32
2026-03-10 11:04:09,422 [INFO] Extracting features: batch 31/32
2026-03-10 11:04:09,817 [INFO] Extracted raw features: shape = (500, 36)
2026-03-10 11:04:09,818 [INFO] Final feature shape: (500, 36)
2026-03-10 11:04:09,975 [INFO]       chunk 4/10
2026-03-10 11:04:10,199 [INFO] Extracting features: batch 1/32
2026-03-10 11:04:13,324 [INFO] Extracting features: batch 11/32
2026-03-10 11:04:16,477 [INFO] Extracting features: batch 21/32
2026-03-10 11:04:19,621 [INFO] Extracting features: batch 31/32
2026-03-10 11:04:20,005 [INFO] Extracted raw features: shape = (500, 36)
2026-03-10 11:04:20,006 [INFO] Final feature shape: (500, 36)
2026-03-10 11:04:20,385 [INFO] Extracting features: batch 1/32
2026-03-10 11:04:23,512 [INFO] Extracting features: batch 11/32
2026-03-10 11:04:26,666 [INFO] Extracting features: batch 21/32
2026-03-10 11:04:29,809 [INFO] Extracting features: batch 31/32
2026-03-10 11:04:30,195 [INFO] Extracted raw features: shape = (500, 36)
2026-03-10 11:04:30,195 [INFO] Final feature shape: (500, 36)
2026-03-10 11:04:30,350 [INFO]       chunk 6/10
2026-03-10 11:04:30,559 [INFO] Extracting features: batch 1/32
2026-03-10 11:04:33,686 [INFO] Extracting features: batch 11/32
2026-03-10 11:04:36,833 [INFO] Extracting features: batch 21/32
2026-03-10 11:04:39,977 [INFO] Extracting features: batch 31/32
2026-03-10 11:04:40,363 [INFO] Extracted raw features: shape = (500, 36)
2026-03-10 11:04:40,364 [INFO] Final feature shape: (500, 36)
2026-03-10 11:04:40,744 [INFO] Extracting features: batch 1/32
2026-03-10 11:04:43,863 [INFO] Extracting features: batch 11/32
2026-03-10 11:04:47,002 [INFO] Extracting features: batch 21/32
2026-03-10 11:04:50,138 [INFO] Extracting features: batch 31/32
2026-03-10 11:04:50,527 [INFO] Extracted raw features: shape = (500, 36)
2026-03-10 11:04:50,528 [INFO] Final feature shape: (500, 36)
2026-03-10 11:04:50,701 [INFO]       chunk 8/10
2026-03-10 11:04:50,924 [INFO] Extracting features: batch 1/32
2026-03-10 11:04:54,052 [INFO] Extracting features: batch 11/32
2026-03-10 11:04:57,202 [INFO] Extracting features: batch 21/32
2026-03-10 11:05:00,344 [INFO] Extracting features: batch 31/32
2026-03-10 11:05:00,729 [INFO] Extracted raw features: shape = (500, 36)
2026-03-10 11:05:00,730 [INFO] Final feature shape: (500, 36)
2026-03-10 11:05:01,107 [INFO] Extracting features: batch 1/32
2026-03-10 11:05:04,234 [INFO] Extracting features: batch 11/32
2026-03-10 11:05:07,378 [INFO] Extracting features: batch 21/32
2026-03-10 11:05:10,513 [INFO] Extracting features: batch 31/32
2026-03-10 11:05:10,900 [INFO] Extracted raw features: shape = (500, 36)
2026-03-10 11:05:10,901 [INFO] Final feature shape: (500, 36)
2026-03-10 11:05:11,084 [INFO]       chunk 10/10
2026-03-10 11:05:11,086 [INFO]     D_rr (156 Ko) et D_rq (3906 Ko) sauvegardés
2026-03-10 11:05:11,087 [INFO]     median_D_rr=5.233e+01  gamma_med=9.555e-03  feat_dim=36
2026-03-10 11:05:11,279 [INFO]     gamma=     med  ρ=+0.2950  mono=0.441  τ=+0.5082  K_rq=0.5385
2026-03-10 11:05:11,466 [INFO]     gamma= 2.8e-05  ρ=+0.2905  mono=0.435  τ=+0.5213  K_rq=0.9977
2026-03-10 11:05:11,651 [INFO]     gamma= 1.0e-07  ρ=+0.2810  mono=0.359  τ=+0.5061  K_rq=1.0000
2026-03-10 11:05:11,838 [INFO]     gamma= 5.0e-07  ρ=+0.2903  mono=0.414  τ=+0.5158  K_rq=1.0000
2026-03-10 11:05:12,025 [INFO]     gamma= 1.0e-06  ρ=+0.2905  mono=0.431  τ=+0.5225  K_rq=0.9999
2026-03-10 11:05:12,215 [INFO]     gamma= 5.0e-06  ρ=+0.2905  mono=0.433  τ=+0.5216  K_rq=0.9996
2026-03-10 11:05:12,403 [INFO]     gamma= 1.0e-05  ρ=+0.2905  mono=0.432  τ=+0.5219  K_rq=0.9992
2026-03-10 11:05:12,590 [INFO]     gamma= 5.0e-05  ρ=+0.2905  mono=0.435  τ=+0.5209  K_rq=0.9959
2026-03-10 11:05:12,778 [INFO]     gamma= 1.0e-04  ρ=+0.2905  mono=0.435  τ=+0.5206  K_rq=0.9919
2026-03-10 11:05:12,968 [INFO]     gamma= 1.0e-03  ρ=+0.2913  mono=0.437  τ=+0.5198  K_rq=0.9238
sd_vae: 100%|██████████| 17/17 [32:14<00:00, 112.91s/layer]sd_vae: 100%|██████████| 17/17 [32:14<00:00, 113.78s/layer]
2026-03-10 11:05:13,178 [INFO] 
Résultats sauvegardés : /home/jnapolitano/Documents/metrique/results/sweep_coco_degraded/sweep_results_20260310_103258.csv  (170 lignes)
2026-03-10 11:05:13,178 [INFO] 
======================================================================
2026-03-10 11:05:13,178 [INFO] TOP 20 configurations (par Spearman ρ)
2026-03-10 11:05:13,178 [INFO] ======================================================================
2026-03-10 11:05:13,178 [INFO] Backbone          L      Gamma        ρ    mono        τ       dim
2026-03-10 11:05:13,178 [INFO] ------------------------------------------------------------------
2026-03-10 11:05:13,178 [INFO] sd_vae           11    1.0e-04  +0.8446   0.616  +0.9562    131328
2026-03-10 11:05:13,178 [INFO] sd_vae           10    1.0e-04  +0.8429   0.626  +0.9586    131328
2026-03-10 11:05:13,178 [INFO] sd_vae           13    1.0e-04  +0.8426   0.561  +0.9527    131328
2026-03-10 11:05:13,178 [INFO] sd_vae            8    1.0e-04  +0.8414   0.602  +0.9489    131328
2026-03-10 11:05:13,178 [INFO] sd_vae            7    1.0e-04  +0.8414   0.552  +0.9588    131328
2026-03-10 11:05:13,178 [INFO] sd_vae           15    1.0e-04  +0.8406   0.502  +0.9459    131328
2026-03-10 11:05:13,178 [INFO] sd_vae           12    1.0e-04  +0.8393   0.581  +0.9538    131328
2026-03-10 11:05:13,178 [INFO] sd_vae            9    1.0e-04  +0.8353   0.633  +0.9533    131328
2026-03-10 11:05:13,178 [INFO] sd_vae           14    1.0e-04  +0.8317   0.538  +0.9501    131328
2026-03-10 11:05:13,178 [INFO] sd_vae           11    5.0e-05  +0.8292   0.782  +0.9849    131328
2026-03-10 11:05:13,178 [INFO] sd_vae            7    5.0e-05  +0.8277   0.791  +0.9869    131328
2026-03-10 11:05:13,178 [INFO] sd_vae           10    5.0e-05  +0.8274   0.785  +0.9857    131328
2026-03-10 11:05:13,178 [INFO] sd_vae           15    5.0e-05  +0.8260   0.776  +0.9837    131328
2026-03-10 11:05:13,178 [INFO] sd_vae           13    5.0e-05  +0.8257   0.781  +0.9857    131328
2026-03-10 11:05:13,178 [INFO] sd_vae           12    5.0e-05  +0.8208   0.781  +0.9853    131328
2026-03-10 11:05:13,178 [INFO] sd_vae            8    5.0e-05  +0.8197   0.769  +0.9787    131328
2026-03-10 11:05:13,178 [INFO] sd_vae           14    5.0e-05  +0.8149   0.782  +0.9853    131328
2026-03-10 11:05:13,178 [INFO] sd_vae            9    5.0e-05  +0.8139   0.773  +0.9832    131328
2026-03-10 11:05:13,178 [INFO] sd_vae            6    1.0e-03  +0.7853   0.162  +0.8493     32896
2026-03-10 11:05:13,178 [INFO] sd_vae            2    1.0e-03  +0.7751   0.802  +0.9847      8256
2026-03-10 11:05:13,178 [INFO] 
--- Top-1 par backbone ---
2026-03-10 11:05:13,178 [INFO]   sd_vae          l11 gamma=   1.0e-04  ρ=+0.8446  mono=0.616  τ=+0.9562
2026-03-10 11:05:13,178 [INFO] 
Terminé.
