metric_label,backbone,layer_name,gamma_str,group_idx,mos_r_mean,mos_r_min,mos_r_max,mmd_score
MMDpt_dc_ae_l10_g1.00e-06,dc_ae,down_blocks.3.0,1.00e-06,1,10.383351573636363,10.383351573636363,10.383351573636363,0.27386248111724854
MMDpt_dc_ae_l10_g1.00e-06,dc_ae,down_blocks.3.0,1.00e-06,2,11.237612673636363,11.237612673636363,11.237612673636363,0.41585981845855713
MMDpt_dc_ae_l10_g1.00e-06,dc_ae,down_blocks.3.0,1.00e-06,3,12.873956289545454,12.873956289545454,12.873956289545454,0.7953869700431824
MMDpt_dc_ae_l10_g1.00e-06,dc_ae,down_blocks.3.0,1.00e-06,4,13.852077771363637,13.852077771363637,13.852077771363637,0.24231934547424316
MMDpt_dc_ae_l10_g1.00e-06,dc_ae,down_blocks.3.0,1.00e-06,5,14.772021149545454,14.772021149545454,14.772021149545454,0.2593425512313843
MMDpt_dc_ae_l10_g1.00e-06,dc_ae,down_blocks.3.0,1.00e-06,6,15.774696462272727,15.774696462272727,15.774696462272727,0.7590903043746948
MMDpt_dc_ae_l10_g1.00e-06,dc_ae,down_blocks.3.0,1.00e-06,7,16.11136225,16.11136225,16.11136225,0.3899279832839966
MMDpt_dc_ae_l10_g1.00e-06,dc_ae,down_blocks.3.0,1.00e-06,8,16.718538883636366,16.718538883636366,16.718538883636366,0.25924742221832275
MMDpt_dc_ae_l10_g1.00e-06,dc_ae,down_blocks.3.0,1.00e-06,9,16.83383592,16.83383592,16.83383592,0.21092474460601807
MMDpt_dc_ae_l10_g1.00e-06,dc_ae,down_blocks.3.0,1.00e-06,10,16.977602550909094,16.977602550909094,16.977602550909094,0.20596587657928467
MMDpt_dc_ae_l10_g1.00e-06,dc_ae,down_blocks.3.0,1.00e-06,11,17.128398308636363,17.128398308636363,17.128398308636363,0.37200403213500977
MMDpt_dc_ae_l10_g1.00e-06,dc_ae,down_blocks.3.0,1.00e-06,12,17.49981897681818,17.49981897681818,17.49981897681818,0.3166848421096802
MMDpt_dc_ae_l10_g1.00e-06,dc_ae,down_blocks.3.0,1.00e-06,13,18.01987185318182,18.01987185318182,18.01987185318182,0.2786816358566284
MMDpt_dc_ae_l10_g1.00e-06,dc_ae,down_blocks.3.0,1.00e-06,14,18.22368484818182,18.22368484818182,18.22368484818182,0.48528552055358887
MMDpt_dc_ae_l10_g1.00e-06,dc_ae,down_blocks.3.0,1.00e-06,15,18.40435578590909,18.40435578590909,18.40435578590909,0.28376078605651855
MMDpt_dc_ae_l10_g1.00e-06,dc_ae,down_blocks.3.0,1.00e-06,16,18.964998386363636,18.964998386363636,18.964998386363636,0.25801002979278564
MMDpt_dc_ae_l10_g1.00e-06,dc_ae,down_blocks.3.0,1.00e-06,17,19.531784013636365,19.531784013636365,19.531784013636365,0.1747664213180542
MMDpt_dc_ae_l10_g1.00e-06,dc_ae,down_blocks.3.0,1.00e-06,18,21.457911477272727,21.457911477272727,21.457911477272727,0.3406991958618164
MMDpt_dc_ae_l10_g1.00e-06,dc_ae,down_blocks.3.0,1.00e-06,19,22.164942098181818,22.164942098181818,22.164942098181818,0.22411644458770752
MMDpt_dc_ae_l10_g1.00e-06,dc_ae,down_blocks.3.0,1.00e-06,20,22.207954510454545,22.207954510454545,22.207954510454545,0.5058037042617798
MMDpt_dc_ae_l10_g1.00e-06,dc_ae,down_blocks.3.0,1.00e-06,21,22.336504287727273,22.336504287727273,22.336504287727273,0.2165355682373047
MMDpt_dc_ae_l10_g1.00e-06,dc_ae,down_blocks.3.0,1.00e-06,22,22.775860404545455,22.775860404545455,22.775860404545455,0.2568122148513794
MMDpt_dc_ae_l10_g1.00e-06,dc_ae,down_blocks.3.0,1.00e-06,23,23.03693973772727,23.03693973772727,23.03693973772727,0.2262101173400879
MMDpt_dc_ae_l10_g1.00e-06,dc_ae,down_blocks.3.0,1.00e-06,24,23.073138160909092,23.073138160909092,23.073138160909092,0.2630869150161743
MMDpt_dc_ae_l10_g1.00e-06,dc_ae,down_blocks.3.0,1.00e-06,25,23.859046570909094,23.859046570909094,23.859046570909094,0.5755019187927246
MMDpt_dc_ae_l10_g1.00e-06,dc_ae,down_blocks.3.0,1.00e-06,26,24.108436355454547,24.108436355454547,24.108436355454547,0.22752583026885986
MMDpt_dc_ae_l10_g1.00e-06,dc_ae,down_blocks.3.0,1.00e-06,27,24.136628927727273,24.136628927727273,24.136628927727273,0.2305203676223755
MMDpt_dc_ae_l10_g1.00e-06,dc_ae,down_blocks.3.0,1.00e-06,28,24.706419758636365,24.706419758636365,24.706419758636365,0.3361999988555908
MMDpt_dc_ae_l10_g1.00e-06,dc_ae,down_blocks.3.0,1.00e-06,29,25.160939161363636,25.160939161363636,25.160939161363636,0.29026055335998535
MMDpt_dc_ae_l10_g1.00e-06,dc_ae,down_blocks.3.0,1.00e-06,30,25.272293834545454,25.272293834545454,25.272293834545454,0.15560626983642578
MMDpt_dc_ae_l10_g1.00e-06,dc_ae,down_blocks.3.0,1.00e-06,31,25.739496508636364,25.739496508636364,25.739496508636364,0.319000244140625
MMDpt_dc_ae_l10_g1.00e-06,dc_ae,down_blocks.3.0,1.00e-06,32,26.08368123090909,26.08368123090909,26.08368123090909,0.2964165210723877
MMDpt_dc_ae_l10_g1.00e-06,dc_ae,down_blocks.3.0,1.00e-06,33,26.26193154681818,26.26193154681818,26.26193154681818,0.2196347713470459
MMDpt_dc_ae_l10_g1.00e-06,dc_ae,down_blocks.3.0,1.00e-06,34,26.29922768272727,26.29922768272727,26.29922768272727,0.2565501928329468
MMDpt_dc_ae_l10_g1.00e-06,dc_ae,down_blocks.3.0,1.00e-06,35,26.647243233181822,26.647243233181822,26.647243233181822,0.844176173210144
MMDpt_dc_ae_l10_g1.00e-06,dc_ae,down_blocks.3.0,1.00e-06,36,26.80277036,26.80277036,26.80277036,0.22260451316833496
MMDpt_dc_ae_l10_g1.00e-06,dc_ae,down_blocks.3.0,1.00e-06,37,27.710613355454544,27.710613355454544,27.710613355454544,0.4552682638168335
MMDpt_dc_ae_l10_g1.00e-06,dc_ae,down_blocks.3.0,1.00e-06,38,27.723830698181818,27.723830698181818,27.723830698181818,0.30091917514801025
MMDpt_dc_ae_l10_g1.00e-06,dc_ae,down_blocks.3.0,1.00e-06,39,27.94224735681818,27.94224735681818,27.94224735681818,0.22875583171844482
MMDpt_dc_ae_l10_g1.00e-06,dc_ae,down_blocks.3.0,1.00e-06,40,28.008295531363636,28.008295531363636,28.008295531363636,0.22034108638763428
MMDpt_dc_ae_l10_g1.00e-06,dc_ae,down_blocks.3.0,1.00e-06,41,28.427649107272728,28.427649107272728,28.427649107272728,0.27963757514953613
MMDpt_dc_ae_l10_g1.00e-06,dc_ae,down_blocks.3.0,1.00e-06,42,28.610673086363636,28.610673086363636,28.610673086363636,0.29380738735198975
MMDpt_dc_ae_l10_g1.00e-06,dc_ae,down_blocks.3.0,1.00e-06,43,28.864666542727274,28.864666542727274,28.864666542727274,0.2803999185562134
MMDpt_dc_ae_l10_g1.00e-06,dc_ae,down_blocks.3.0,1.00e-06,44,28.872480873181818,28.872480873181818,28.872480873181818,0.2615872621536255
MMDpt_dc_ae_l10_g1.00e-06,dc_ae,down_blocks.3.0,1.00e-06,45,29.867093540909092,29.867093540909092,29.867093540909092,0.9040468335151672
MMDpt_dc_ae_l10_g1.00e-06,dc_ae,down_blocks.3.0,1.00e-06,46,30.946254809545454,30.946254809545454,30.946254809545454,0.22300469875335693
MMDpt_dc_ae_l10_g1.00e-06,dc_ae,down_blocks.3.0,1.00e-06,47,31.113843444545456,31.113843444545456,31.113843444545456,0.31411635875701904
MMDpt_dc_ae_l10_g1.00e-06,dc_ae,down_blocks.3.0,1.00e-06,48,31.75240744409091,31.75240744409091,31.75240744409091,0.1987590789794922
MMDpt_dc_ae_l10_g1.00e-06,dc_ae,down_blocks.3.0,1.00e-06,49,31.962474827272725,31.962474827272725,31.962474827272725,0.18161463737487793
MMDpt_dc_ae_l10_g1.00e-06,dc_ae,down_blocks.3.0,1.00e-06,50,32.10326235227273,32.10326235227273,32.10326235227273,0.24315857887268066
MMDpt_dc_ae_l10_g1.00e-06,dc_ae,down_blocks.3.0,1.00e-06,51,32.57260997909091,32.57260997909091,32.57260997909091,0.23343300819396973
MMDpt_dc_ae_l10_g1.00e-06,dc_ae,down_blocks.3.0,1.00e-06,52,33.29309288772727,33.29309288772727,33.29309288772727,0.19293487071990967
MMDpt_dc_ae_l10_g1.00e-06,dc_ae,down_blocks.3.0,1.00e-06,53,33.63066458409091,33.63066458409091,33.63066458409091,0.2678581476211548
MMDpt_dc_ae_l10_g1.00e-06,dc_ae,down_blocks.3.0,1.00e-06,54,33.94931614045454,33.94931614045454,33.94931614045454,0.18586015701293945
MMDpt_dc_ae_l10_g1.00e-06,dc_ae,down_blocks.3.0,1.00e-06,55,34.254768114545456,34.254768114545456,34.254768114545456,0.32823896408081055
MMDpt_dc_ae_l10_g1.00e-06,dc_ae,down_blocks.3.0,1.00e-06,56,35.01583384090909,35.01583384090909,35.01583384090909,0.24728167057037354
MMDpt_dc_ae_l10_g1.00e-06,dc_ae,down_blocks.3.0,1.00e-06,57,35.61844186090909,35.61844186090909,35.61844186090909,0.3189905881881714
MMDpt_dc_ae_l10_g1.00e-06,dc_ae,down_blocks.3.0,1.00e-06,58,36.50372615909091,36.50372615909091,36.50372615909091,0.33273160457611084
MMDpt_dc_ae_l10_g1.00e-06,dc_ae,down_blocks.3.0,1.00e-06,59,36.74721518909091,36.74721518909091,36.74721518909091,0.3498877286911011
MMDpt_dc_ae_l10_g1.00e-06,dc_ae,down_blocks.3.0,1.00e-06,60,37.183868766818186,37.183868766818186,37.183868766818186,0.3201857805252075
MMDpt_dc_ae_l10_g1.00e-06,dc_ae,down_blocks.3.0,1.00e-06,61,37.586910895,37.586910895,37.586910895,0.19649803638458252
MMDpt_dc_ae_l10_g1.00e-06,dc_ae,down_blocks.3.0,1.00e-06,62,37.90925234181818,37.90925234181818,37.90925234181818,0.22163403034210205
MMDpt_dc_ae_l10_g1.00e-06,dc_ae,down_blocks.3.0,1.00e-06,63,39.159607152727276,39.159607152727276,39.159607152727276,0.3643440008163452
MMDpt_dc_ae_l10_g1.00e-06,dc_ae,down_blocks.3.0,1.00e-06,64,39.16116855045455,39.16116855045455,39.16116855045455,0.38626348972320557
MMDpt_dc_ae_l10_g1.00e-06,dc_ae,down_blocks.3.0,1.00e-06,65,39.50363207727273,39.50363207727273,39.50363207727273,0.278100848197937
MMDpt_dc_ae_l10_g1.00e-06,dc_ae,down_blocks.3.0,1.00e-06,66,39.72578294681818,39.72578294681818,39.72578294681818,0.27275538444519043
MMDpt_dc_ae_l10_g1.00e-06,dc_ae,down_blocks.3.0,1.00e-06,67,40.10658689318182,40.10658689318182,40.10658689318182,0.25428247451782227
MMDpt_dc_ae_l10_g1.00e-06,dc_ae,down_blocks.3.0,1.00e-06,68,40.511631334545456,40.511631334545456,40.511631334545456,0.2899225950241089
MMDpt_dc_ae_l10_g1.00e-06,dc_ae,down_blocks.3.0,1.00e-06,69,41.22542756590909,41.22542756590909,41.22542756590909,0.2880558967590332
MMDpt_dc_ae_l10_g1.00e-06,dc_ae,down_blocks.3.0,1.00e-06,70,41.450596035,41.450596035,41.450596035,0.2089599370956421
MMDpt_dc_ae_l10_g1.00e-06,dc_ae,down_blocks.3.0,1.00e-06,71,41.606778884545456,41.606778884545456,41.606778884545456,0.2221299409866333
MMDpt_dc_ae_l10_g1.00e-06,dc_ae,down_blocks.3.0,1.00e-06,72,41.74143011090909,41.74143011090909,41.74143011090909,0.2859675884246826
MMDpt_dc_ae_l10_g1.00e-06,dc_ae,down_blocks.3.0,1.00e-06,73,42.27668356454546,42.27668356454546,42.27668356454546,0.20548462867736816
MMDpt_dc_ae_l10_g1.00e-06,dc_ae,down_blocks.3.0,1.00e-06,74,42.349748590454546,42.349748590454546,42.349748590454546,0.2534785270690918
MMDpt_dc_ae_l10_g1.00e-06,dc_ae,down_blocks.3.0,1.00e-06,75,42.93479045136364,42.93479045136364,42.93479045136364,0.41798412799835205
MMDpt_dc_ae_l10_g1.00e-06,dc_ae,down_blocks.3.0,1.00e-06,76,42.999259720454546,42.999259720454546,42.999259720454546,0.2841053009033203
MMDpt_dc_ae_l10_g1.00e-06,dc_ae,down_blocks.3.0,1.00e-06,77,43.14833512181818,43.14833512181818,43.14833512181818,0.25588107109069824
MMDpt_dc_ae_l10_g1.00e-06,dc_ae,down_blocks.3.0,1.00e-06,78,43.849900354999995,43.849900354999995,43.849900354999995,0.30150890350341797
MMDpt_dc_ae_l10_g1.00e-06,dc_ae,down_blocks.3.0,1.00e-06,79,44.24228326,44.24228326,44.24228326,0.18623197078704834
MMDpt_dc_ae_l10_g1.00e-06,dc_ae,down_blocks.3.0,1.00e-06,80,44.68483293727273,44.68483293727273,44.68483293727273,0.44531166553497314
MMDpt_dc_ae_l10_g1.00e-06,dc_ae,down_blocks.3.0,1.00e-06,81,45.014271393181815,45.014271393181815,45.014271393181815,0.24631738662719727
MMDpt_dc_ae_l10_g1.00e-06,dc_ae,down_blocks.3.0,1.00e-06,82,45.044897863636365,45.044897863636365,45.044897863636365,0.5906211137771606
MMDpt_dc_ae_l10_g1.00e-06,dc_ae,down_blocks.3.0,1.00e-06,83,45.242849799999995,45.242849799999995,45.242849799999995,0.21894335746765137
MMDpt_dc_ae_l10_g1.00e-06,dc_ae,down_blocks.3.0,1.00e-06,84,45.34376912590909,45.34376912590909,45.34376912590909,0.22383666038513184
MMDpt_dc_ae_l10_g1.00e-06,dc_ae,down_blocks.3.0,1.00e-06,85,45.44974382363636,45.44974382363636,45.44974382363636,0.24670922756195068
MMDpt_dc_ae_l10_g1.00e-06,dc_ae,down_blocks.3.0,1.00e-06,86,45.87703164136364,45.87703164136364,45.87703164136364,0.2225937843322754
MMDpt_dc_ae_l10_g1.00e-06,dc_ae,down_blocks.3.0,1.00e-06,87,46.05975058136364,46.05975058136364,46.05975058136364,0.2880145311355591
MMDpt_dc_ae_l10_g1.00e-06,dc_ae,down_blocks.3.0,1.00e-06,88,46.3385215,46.3385215,46.3385215,0.30869877338409424
MMDpt_dc_ae_l10_g1.00e-06,dc_ae,down_blocks.3.0,1.00e-06,89,46.461104443636366,46.461104443636366,46.461104443636366,0.18055224418640137
MMDpt_dc_ae_l10_g1.00e-06,dc_ae,down_blocks.3.0,1.00e-06,90,46.55172569545454,46.55172569545454,46.55172569545454,0.2417612075805664
MMDpt_dc_ae_l10_g1.00e-06,dc_ae,down_blocks.3.0,1.00e-06,91,46.63784059272727,46.63784059272727,46.63784059272727,0.190362811088562
MMDpt_dc_ae_l10_g1.00e-06,dc_ae,down_blocks.3.0,1.00e-06,92,46.92503363227272,46.92503363227272,46.92503363227272,0.24941086769104004
MMDpt_dc_ae_l10_g1.00e-06,dc_ae,down_blocks.3.0,1.00e-06,93,46.98420985,46.98420985,46.98420985,0.24300241470336914
MMDpt_dc_ae_l10_g1.00e-06,dc_ae,down_blocks.3.0,1.00e-06,94,47.05894020545455,47.05894020545455,47.05894020545455,0.22322654724121094
MMDpt_dc_ae_l10_g1.00e-06,dc_ae,down_blocks.3.0,1.00e-06,95,47.18393024863636,47.18393024863636,47.18393024863636,0.3590271472930908
MMDpt_dc_ae_l10_g1.00e-06,dc_ae,down_blocks.3.0,1.00e-06,96,47.45620903181818,47.45620903181818,47.45620903181818,0.21017992496490479
MMDpt_dc_ae_l10_g1.00e-06,dc_ae,down_blocks.3.0,1.00e-06,97,47.57944400681818,47.57944400681818,47.57944400681818,0.22040772438049316
MMDpt_dc_ae_l10_g1.00e-06,dc_ae,down_blocks.3.0,1.00e-06,98,47.68605184090909,47.68605184090909,47.68605184090909,0.20381152629852295
MMDpt_dc_ae_l10_g1.00e-06,dc_ae,down_blocks.3.0,1.00e-06,99,47.85413733318182,47.85413733318182,47.85413733318182,0.48160648345947266
MMDpt_dc_ae_l10_g1.00e-06,dc_ae,down_blocks.3.0,1.00e-06,100,47.997159330454544,47.997159330454544,47.997159330454544,0.31167328357696533
MMDpt_dc_ae_l10_g1.00e-06,dc_ae,down_blocks.3.0,1.00e-06,101,48.745656067727275,48.745656067727275,48.745656067727275,0.32963359355926514
MMDpt_dc_ae_l10_g1.00e-06,dc_ae,down_blocks.3.0,1.00e-06,102,48.974869975454546,48.974869975454546,48.974869975454546,0.20928692817687988
MMDpt_dc_ae_l10_g1.00e-06,dc_ae,down_blocks.3.0,1.00e-06,103,49.269933079999994,49.269933079999994,49.269933079999994,0.28755688667297363
MMDpt_dc_ae_l10_g1.00e-06,dc_ae,down_blocks.3.0,1.00e-06,104,49.50143869090909,49.50143869090909,49.50143869090909,0.18136966228485107
MMDpt_dc_ae_l10_g1.00e-06,dc_ae,down_blocks.3.0,1.00e-06,105,50.02686477227273,50.02686477227273,50.02686477227273,0.24791431427001953
MMDpt_dc_ae_l10_g1.00e-06,dc_ae,down_blocks.3.0,1.00e-06,106,50.24467801363637,50.24467801363637,50.24467801363637,0.2747068405151367
MMDpt_dc_ae_l10_g1.00e-06,dc_ae,down_blocks.3.0,1.00e-06,107,50.26601576545454,50.26601576545454,50.26601576545454,0.2681220769882202
MMDpt_dc_ae_l10_g1.00e-06,dc_ae,down_blocks.3.0,1.00e-06,108,50.287720933636365,50.287720933636365,50.287720933636365,0.28647899627685547
MMDpt_dc_ae_l10_g1.00e-06,dc_ae,down_blocks.3.0,1.00e-06,109,50.397065763181814,50.397065763181814,50.397065763181814,0.319766640663147
MMDpt_dc_ae_l10_g1.00e-06,dc_ae,down_blocks.3.0,1.00e-06,110,50.44004938636363,50.44004938636363,50.44004938636363,0.4110987186431885
MMDpt_dc_ae_l10_g1.00e-06,dc_ae,down_blocks.3.0,1.00e-06,111,50.53053583909091,50.53053583909091,50.53053583909091,0.22054541110992432
MMDpt_dc_ae_l10_g1.00e-06,dc_ae,down_blocks.3.0,1.00e-06,112,50.744067415454545,50.744067415454545,50.744067415454545,0.2909189462661743
MMDpt_dc_ae_l10_g1.00e-06,dc_ae,down_blocks.3.0,1.00e-06,113,50.877768575909094,50.877768575909094,50.877768575909094,0.2272779941558838
MMDpt_dc_ae_l10_g1.00e-06,dc_ae,down_blocks.3.0,1.00e-06,114,50.952142585000004,50.952142585000004,50.952142585000004,0.35737669467926025
MMDpt_dc_ae_l10_g1.00e-06,dc_ae,down_blocks.3.0,1.00e-06,115,51.255980857727266,51.255980857727266,51.255980857727266,0.24852275848388672
MMDpt_dc_ae_l10_g1.00e-06,dc_ae,down_blocks.3.0,1.00e-06,116,51.47010300409091,51.47010300409091,51.47010300409091,0.30244457721710205
MMDpt_dc_ae_l10_g1.00e-06,dc_ae,down_blocks.3.0,1.00e-06,117,51.48649149727273,51.48649149727273,51.48649149727273,0.30811893939971924
MMDpt_dc_ae_l10_g1.00e-06,dc_ae,down_blocks.3.0,1.00e-06,118,51.49088870772727,51.49088870772727,51.49088870772727,0.2684892416000366
MMDpt_dc_ae_l10_g1.00e-06,dc_ae,down_blocks.3.0,1.00e-06,119,51.669473619090915,51.669473619090915,51.669473619090915,0.2538508176803589
MMDpt_dc_ae_l10_g1.00e-06,dc_ae,down_blocks.3.0,1.00e-06,120,51.78909724363636,51.78909724363636,51.78909724363636,0.5386083126068115
MMDpt_dc_ae_l10_g1.00e-06,dc_ae,down_blocks.3.0,1.00e-06,121,51.85205774272727,51.85205774272727,51.85205774272727,0.20509445667266846
MMDpt_dc_ae_l10_g1.00e-06,dc_ae,down_blocks.3.0,1.00e-06,122,51.87800455454545,51.87800455454545,51.87800455454545,0.3418574333190918
MMDpt_dc_ae_l10_g1.00e-06,dc_ae,down_blocks.3.0,1.00e-06,123,51.92553946363636,51.92553946363636,51.92553946363636,0.399772047996521
MMDpt_dc_ae_l10_g1.00e-06,dc_ae,down_blocks.3.0,1.00e-06,124,52.00039339090909,52.00039339090909,52.00039339090909,0.3131057024002075
MMDpt_dc_ae_l10_g1.00e-06,dc_ae,down_blocks.3.0,1.00e-06,125,52.126720309090906,52.126720309090906,52.126720309090906,0.2882345914840698
MMDpt_dc_ae_l10_g1.00e-06,dc_ae,down_blocks.3.0,1.00e-06,126,52.30133809090909,52.30133809090909,52.30133809090909,0.29996347427368164
MMDpt_dc_ae_l10_g1.00e-06,dc_ae,down_blocks.3.0,1.00e-06,127,52.82782977227273,52.82782977227273,52.82782977227273,0.3215087652206421
MMDpt_dc_ae_l10_g1.00e-06,dc_ae,down_blocks.3.0,1.00e-06,128,52.94948191,52.94948191,52.94948191,0.2548779249191284
MMDpt_dc_ae_l10_g1.00e-06,dc_ae,down_blocks.3.0,1.00e-06,129,52.977303153181815,52.977303153181815,52.977303153181815,0.32312285900115967
MMDpt_dc_ae_l10_g1.00e-06,dc_ae,down_blocks.3.0,1.00e-06,130,53.02329102272727,53.02329102272727,53.02329102272727,0.4802812337875366
MMDpt_dc_ae_l10_g1.00e-06,dc_ae,down_blocks.3.0,1.00e-06,131,53.11169118954546,53.11169118954546,53.11169118954546,0.20511209964752197
MMDpt_dc_ae_l10_g1.00e-06,dc_ae,down_blocks.3.0,1.00e-06,132,53.15595768772727,53.15595768772727,53.15595768772727,0.2845240831375122
MMDpt_dc_ae_l10_g1.00e-06,dc_ae,down_blocks.3.0,1.00e-06,133,53.19575964181818,53.19575964181818,53.19575964181818,0.23049533367156982
MMDpt_dc_ae_l10_g1.00e-06,dc_ae,down_blocks.3.0,1.00e-06,134,53.738266159999995,53.738266159999995,53.738266159999995,0.44663965702056885
MMDpt_dc_ae_l10_g1.00e-06,dc_ae,down_blocks.3.0,1.00e-06,135,54.35688324090909,54.35688324090909,54.35688324090909,0.24157965183258057
MMDpt_dc_ae_l10_g1.00e-06,dc_ae,down_blocks.3.0,1.00e-06,136,54.43010616227273,54.43010616227273,54.43010616227273,0.27000629901885986
MMDpt_dc_ae_l10_g1.00e-06,dc_ae,down_blocks.3.0,1.00e-06,137,54.51598353272727,54.51598353272727,54.51598353272727,0.40653491020202637
MMDpt_dc_ae_l10_g1.00e-06,dc_ae,down_blocks.3.0,1.00e-06,138,54.63723127590909,54.63723127590909,54.63723127590909,0.33469390869140625
MMDpt_dc_ae_l10_g1.00e-06,dc_ae,down_blocks.3.0,1.00e-06,139,54.68535675181818,54.68535675181818,54.68535675181818,0.28545117378234863
MMDpt_dc_ae_l10_g1.00e-06,dc_ae,down_blocks.3.0,1.00e-06,140,54.72388539863636,54.72388539863636,54.72388539863636,0.3255068063735962
MMDpt_dc_ae_l10_g1.00e-06,dc_ae,down_blocks.3.0,1.00e-06,141,55.23867115454546,55.23867115454546,55.23867115454546,0.23717105388641357
MMDpt_dc_ae_l10_g1.00e-06,dc_ae,down_blocks.3.0,1.00e-06,142,55.2775563909091,55.2775563909091,55.2775563909091,0.3565577268600464
MMDpt_dc_ae_l10_g1.00e-06,dc_ae,down_blocks.3.0,1.00e-06,143,55.699695931818184,55.699695931818184,55.699695931818184,0.27244997024536133
MMDpt_dc_ae_l10_g1.00e-06,dc_ae,down_blocks.3.0,1.00e-06,144,55.80372709545455,55.80372709545455,55.80372709545455,0.3050612211227417
MMDpt_dc_ae_l10_g1.00e-06,dc_ae,down_blocks.3.0,1.00e-06,145,55.82518654818182,55.82518654818182,55.82518654818182,0.3041173219680786
MMDpt_dc_ae_l10_g1.00e-06,dc_ae,down_blocks.3.0,1.00e-06,146,56.236087309090905,56.236087309090905,56.236087309090905,0.26326191425323486
MMDpt_dc_ae_l10_g1.00e-06,dc_ae,down_blocks.3.0,1.00e-06,147,56.34353036818182,56.34353036818182,56.34353036818182,0.24717950820922852
MMDpt_dc_ae_l10_g1.00e-06,dc_ae,down_blocks.3.0,1.00e-06,148,56.343846956363635,56.343846956363635,56.343846956363635,0.22270989418029785
MMDpt_dc_ae_l10_g1.00e-06,dc_ae,down_blocks.3.0,1.00e-06,149,56.418747340909086,56.418747340909086,56.418747340909086,0.18877720832824707
MMDpt_dc_ae_l10_g1.00e-06,dc_ae,down_blocks.3.0,1.00e-06,150,56.4284854,56.4284854,56.4284854,0.43018484115600586
MMDpt_dc_ae_l10_g1.00e-06,dc_ae,down_blocks.3.0,1.00e-06,151,56.43083487727272,56.43083487727272,56.43083487727272,0.4048449993133545
MMDpt_dc_ae_l10_g1.00e-06,dc_ae,down_blocks.3.0,1.00e-06,152,56.73676582727273,56.73676582727273,56.73676582727273,0.3272249698638916
MMDpt_dc_ae_l10_g1.00e-06,dc_ae,down_blocks.3.0,1.00e-06,153,56.80215198181818,56.80215198181818,56.80215198181818,0.9726601243019104
MMDpt_dc_ae_l10_g1.00e-06,dc_ae,down_blocks.3.0,1.00e-06,154,56.838491672272724,56.838491672272724,56.838491672272724,0.20814406871795654
MMDpt_dc_ae_l10_g1.00e-06,dc_ae,down_blocks.3.0,1.00e-06,155,56.87784920000001,56.87784920000001,56.87784920000001,0.38768184185028076
MMDpt_dc_ae_l10_g1.00e-06,dc_ae,down_blocks.3.0,1.00e-06,156,56.88495511818182,56.88495511818182,56.88495511818182,0.23741185665130615
MMDpt_dc_ae_l10_g1.00e-06,dc_ae,down_blocks.3.0,1.00e-06,157,56.89427865,56.89427865,56.89427865,0.1722334623336792
MMDpt_dc_ae_l10_g1.00e-06,dc_ae,down_blocks.3.0,1.00e-06,158,57.014437336363635,57.014437336363635,57.014437336363635,0.3062264919281006
MMDpt_dc_ae_l10_g1.00e-06,dc_ae,down_blocks.3.0,1.00e-06,159,57.01605029863636,57.01605029863636,57.01605029863636,0.29896509647369385
MMDpt_dc_ae_l10_g1.00e-06,dc_ae,down_blocks.3.0,1.00e-06,160,57.06027285454545,57.06027285454545,57.06027285454545,0.2930060625076294
MMDpt_dc_ae_l10_g1.00e-06,dc_ae,down_blocks.3.0,1.00e-06,161,57.08577673045454,57.08577673045454,57.08577673045454,0.3567317724227905
MMDpt_dc_ae_l10_g1.00e-06,dc_ae,down_blocks.3.0,1.00e-06,162,57.165035822727276,57.165035822727276,57.165035822727276,0.3182544708251953
MMDpt_dc_ae_l10_g1.00e-06,dc_ae,down_blocks.3.0,1.00e-06,163,57.30280682363637,57.30280682363637,57.30280682363637,0.2729477882385254
MMDpt_dc_ae_l10_g1.00e-06,dc_ae,down_blocks.3.0,1.00e-06,164,57.552973348181816,57.552973348181816,57.552973348181816,0.20577752590179443
MMDpt_dc_ae_l10_g1.00e-06,dc_ae,down_blocks.3.0,1.00e-06,165,57.715692645,57.715692645,57.715692645,0.22083699703216553
MMDpt_dc_ae_l10_g1.00e-06,dc_ae,down_blocks.3.0,1.00e-06,166,57.94736867727273,57.94736867727273,57.94736867727273,0.3259291648864746
MMDpt_dc_ae_l10_g1.00e-06,dc_ae,down_blocks.3.0,1.00e-06,167,58.01582408181818,58.01582408181818,58.01582408181818,0.3997495174407959
MMDpt_dc_ae_l10_g1.00e-06,dc_ae,down_blocks.3.0,1.00e-06,168,58.14704098045454,58.14704098045454,58.14704098045454,0.19115972518920898
MMDpt_dc_ae_l10_g1.00e-06,dc_ae,down_blocks.3.0,1.00e-06,169,58.40466673181818,58.40466673181818,58.40466673181818,0.3660939931869507
MMDpt_dc_ae_l10_g1.00e-06,dc_ae,down_blocks.3.0,1.00e-06,170,58.48494007,58.48494007,58.48494007,0.2427518367767334
MMDpt_dc_ae_l10_g1.00e-06,dc_ae,down_blocks.3.0,1.00e-06,171,58.90741873181818,58.90741873181818,58.90741873181818,0.2903866767883301
MMDpt_dc_ae_l10_g1.00e-06,dc_ae,down_blocks.3.0,1.00e-06,172,58.92814133636364,58.92814133636364,58.92814133636364,0.23812735080718994
MMDpt_dc_ae_l10_g1.00e-06,dc_ae,down_blocks.3.0,1.00e-06,173,58.959711454090915,58.959711454090915,58.959711454090915,0.21046626567840576
MMDpt_dc_ae_l10_g1.00e-06,dc_ae,down_blocks.3.0,1.00e-06,174,59.080638213636355,59.080638213636355,59.080638213636355,0.4071228504180908
MMDpt_dc_ae_l10_g1.00e-06,dc_ae,down_blocks.3.0,1.00e-06,175,59.15176404636364,59.15176404636364,59.15176404636364,0.2823730707168579
MMDpt_dc_ae_l10_g1.00e-06,dc_ae,down_blocks.3.0,1.00e-06,176,59.165360129545455,59.165360129545455,59.165360129545455,0.20283496379852295
MMDpt_dc_ae_l10_g1.00e-06,dc_ae,down_blocks.3.0,1.00e-06,177,59.343238913181814,59.343238913181814,59.343238913181814,0.15634286403656006
MMDpt_dc_ae_l10_g1.00e-06,dc_ae,down_blocks.3.0,1.00e-06,178,59.52943686818182,59.52943686818182,59.52943686818182,0.32989680767059326
MMDpt_dc_ae_l10_g1.00e-06,dc_ae,down_blocks.3.0,1.00e-06,179,59.53394987363636,59.53394987363636,59.53394987363636,0.553729772567749
MMDpt_dc_ae_l10_g1.00e-06,dc_ae,down_blocks.3.0,1.00e-06,180,59.61907620909091,59.61907620909091,59.61907620909091,0.30243754386901855
MMDpt_dc_ae_l10_g1.00e-06,dc_ae,down_blocks.3.0,1.00e-06,181,59.64024705,59.64024705,59.64024705,0.2968254089355469
MMDpt_dc_ae_l10_g1.00e-06,dc_ae,down_blocks.3.0,1.00e-06,182,59.81487126545455,59.81487126545455,59.81487126545455,0.6192284822463989
MMDpt_dc_ae_l10_g1.00e-06,dc_ae,down_blocks.3.0,1.00e-06,183,59.821444613636366,59.821444613636366,59.821444613636366,0.3074284791946411
MMDpt_dc_ae_l10_g1.00e-06,dc_ae,down_blocks.3.0,1.00e-06,184,59.82249576181818,59.82249576181818,59.82249576181818,0.2217158079147339
MMDpt_dc_ae_l10_g1.00e-06,dc_ae,down_blocks.3.0,1.00e-06,185,60.13491826227273,60.13491826227273,60.13491826227273,0.6383366584777832
MMDpt_dc_ae_l10_g1.00e-06,dc_ae,down_blocks.3.0,1.00e-06,186,60.66603184545455,60.66603184545455,60.66603184545455,0.25307464599609375
MMDpt_dc_ae_l10_g1.00e-06,dc_ae,down_blocks.3.0,1.00e-06,187,60.91525143409091,60.91525143409091,60.91525143409091,0.4921513795852661
MMDpt_dc_ae_l10_g1.00e-06,dc_ae,down_blocks.3.0,1.00e-06,188,60.98922430909091,60.98922430909091,60.98922430909091,0.25910282135009766
MMDpt_dc_ae_l10_g1.00e-06,dc_ae,down_blocks.3.0,1.00e-06,189,61.15445065909091,61.15445065909091,61.15445065909091,0.2429269552230835
MMDpt_dc_ae_l10_g1.00e-06,dc_ae,down_blocks.3.0,1.00e-06,190,61.257236485,61.257236485,61.257236485,0.38976728916168213
MMDpt_dc_ae_l10_g1.00e-06,dc_ae,down_blocks.3.0,1.00e-06,191,61.38288141818182,61.38288141818182,61.38288141818182,0.2614624500274658
MMDpt_dc_ae_l10_g1.00e-06,dc_ae,down_blocks.3.0,1.00e-06,192,61.41676890772727,61.41676890772727,61.41676890772727,0.2651468515396118
MMDpt_dc_ae_l10_g1.00e-06,dc_ae,down_blocks.3.0,1.00e-06,193,61.450913154545454,61.450913154545454,61.450913154545454,0.2997788190841675
MMDpt_dc_ae_l10_g1.00e-06,dc_ae,down_blocks.3.0,1.00e-06,194,61.557454278181815,61.557454278181815,61.557454278181815,0.38273799419403076
MMDpt_dc_ae_l10_g1.00e-06,dc_ae,down_blocks.3.0,1.00e-06,195,61.612018317727276,61.612018317727276,61.612018317727276,0.2635025978088379
MMDpt_dc_ae_l10_g1.00e-06,dc_ae,down_blocks.3.0,1.00e-06,196,61.66026577136363,61.66026577136363,61.66026577136363,0.47726762294769287
MMDpt_dc_ae_l10_g1.00e-06,dc_ae,down_blocks.3.0,1.00e-06,197,61.784896459090916,61.784896459090916,61.784896459090916,0.2929269075393677
MMDpt_dc_ae_l10_g1.00e-06,dc_ae,down_blocks.3.0,1.00e-06,198,61.80260090454545,61.80260090454545,61.80260090454545,0.3659311532974243
MMDpt_dc_ae_l10_g1.00e-06,dc_ae,down_blocks.3.0,1.00e-06,199,62.04634134636364,62.04634134636364,62.04634134636364,0.3774082660675049
MMDpt_dc_ae_l10_g1.00e-06,dc_ae,down_blocks.3.0,1.00e-06,200,62.140166177272725,62.140166177272725,62.140166177272725,0.2741107940673828
MMDpt_dc_ae_l10_g1.00e-06,dc_ae,down_blocks.3.0,1.00e-06,201,62.30800517363637,62.30800517363637,62.30800517363637,0.9392595291137695
MMDpt_dc_ae_l10_g1.00e-06,dc_ae,down_blocks.3.0,1.00e-06,202,62.48285368636363,62.48285368636363,62.48285368636363,0.3163111209869385
MMDpt_dc_ae_l10_g1.00e-06,dc_ae,down_blocks.3.0,1.00e-06,203,62.50087945,62.50087945,62.50087945,0.29765594005584717
MMDpt_dc_ae_l10_g1.00e-06,dc_ae,down_blocks.3.0,1.00e-06,204,62.515273900000004,62.515273900000004,62.515273900000004,0.22531914710998535
MMDpt_dc_ae_l10_g1.00e-06,dc_ae,down_blocks.3.0,1.00e-06,205,62.56153540454545,62.56153540454545,62.56153540454545,0.2117598056793213
MMDpt_dc_ae_l10_g1.00e-06,dc_ae,down_blocks.3.0,1.00e-06,206,62.62842450590909,62.62842450590909,62.62842450590909,0.3326162099838257
MMDpt_dc_ae_l10_g1.00e-06,dc_ae,down_blocks.3.0,1.00e-06,207,62.64787497272727,62.64787497272727,62.64787497272727,0.23541796207427979
MMDpt_dc_ae_l10_g1.00e-06,dc_ae,down_blocks.3.0,1.00e-06,208,62.80573838590909,62.80573838590909,62.80573838590909,0.3120187520980835
MMDpt_dc_ae_l10_g1.00e-06,dc_ae,down_blocks.3.0,1.00e-06,209,62.831736559090906,62.831736559090906,62.831736559090906,0.2749570608139038
MMDpt_dc_ae_l10_g1.00e-06,dc_ae,down_blocks.3.0,1.00e-06,210,63.033077886363635,63.033077886363635,63.033077886363635,0.8207294940948486
MMDpt_dc_ae_l10_g1.00e-06,dc_ae,down_blocks.3.0,1.00e-06,211,63.2958711590909,63.2958711590909,63.2958711590909,0.23909509181976318
MMDpt_dc_ae_l10_g1.00e-06,dc_ae,down_blocks.3.0,1.00e-06,212,63.30556153181818,63.30556153181818,63.30556153181818,0.29110848903656006
MMDpt_dc_ae_l10_g1.00e-06,dc_ae,down_blocks.3.0,1.00e-06,213,63.451246159090914,63.451246159090914,63.451246159090914,0.3772084712982178
MMDpt_dc_ae_l10_g1.00e-06,dc_ae,down_blocks.3.0,1.00e-06,214,63.51674641363636,63.51674641363636,63.51674641363636,0.3020738363265991
MMDpt_dc_ae_l10_g1.00e-06,dc_ae,down_blocks.3.0,1.00e-06,215,63.52993807136364,63.52993807136364,63.52993807136364,0.21931719779968262
MMDpt_dc_ae_l10_g1.00e-06,dc_ae,down_blocks.3.0,1.00e-06,216,63.601648069090906,63.601648069090906,63.601648069090906,0.2136554718017578
MMDpt_dc_ae_l10_g1.00e-06,dc_ae,down_blocks.3.0,1.00e-06,217,63.632569839545454,63.632569839545454,63.632569839545454,0.3198350667953491
MMDpt_dc_ae_l10_g1.00e-06,dc_ae,down_blocks.3.0,1.00e-06,218,63.65115097727273,63.65115097727273,63.65115097727273,0.32984185218811035
MMDpt_dc_ae_l10_g1.00e-06,dc_ae,down_blocks.3.0,1.00e-06,219,63.71100458181818,63.71100458181818,63.71100458181818,0.2384873628616333
MMDpt_dc_ae_l10_g1.00e-06,dc_ae,down_blocks.3.0,1.00e-06,220,63.89873966363636,63.89873966363636,63.89873966363636,0.2178659439086914
MMDpt_dc_ae_l10_g1.00e-06,dc_ae,down_blocks.3.0,1.00e-06,221,63.92419218818182,63.92419218818182,63.92419218818182,0.18752765655517578
MMDpt_dc_ae_l10_g1.00e-06,dc_ae,down_blocks.3.0,1.00e-06,222,63.96103896818182,63.96103896818182,63.96103896818182,0.32923805713653564
MMDpt_dc_ae_l10_g1.00e-06,dc_ae,down_blocks.3.0,1.00e-06,223,63.99746849090909,63.99746849090909,63.99746849090909,0.5321074724197388
MMDpt_dc_ae_l10_g1.00e-06,dc_ae,down_blocks.3.0,1.00e-06,224,64.02118780454545,64.02118780454545,64.02118780454545,0.34090256690979004
MMDpt_dc_ae_l10_g1.00e-06,dc_ae,down_blocks.3.0,1.00e-06,225,64.02835174090909,64.02835174090909,64.02835174090909,0.20119869709014893
MMDpt_dc_ae_l10_g1.00e-06,dc_ae,down_blocks.3.0,1.00e-06,226,64.1043883409091,64.1043883409091,64.1043883409091,0.42626142501831055
MMDpt_dc_ae_l10_g1.00e-06,dc_ae,down_blocks.3.0,1.00e-06,227,64.15682117727273,64.15682117727273,64.15682117727273,0.230820894241333
MMDpt_dc_ae_l10_g1.00e-06,dc_ae,down_blocks.3.0,1.00e-06,228,64.23845857272727,64.23845857272727,64.23845857272727,0.37587738037109375
MMDpt_dc_ae_l10_g1.00e-06,dc_ae,down_blocks.3.0,1.00e-06,229,64.25370258636363,64.25370258636363,64.25370258636363,0.27781736850738525
MMDpt_dc_ae_l10_g1.00e-06,dc_ae,down_blocks.3.0,1.00e-06,230,64.32671434181817,64.32671434181817,64.32671434181817,0.3771716356277466
MMDpt_dc_ae_l10_g1.00e-06,dc_ae,down_blocks.3.0,1.00e-06,231,64.40631527727272,64.40631527727272,64.40631527727272,0.24318134784698486
MMDpt_dc_ae_l10_g1.00e-06,dc_ae,down_blocks.3.0,1.00e-06,232,64.56676404090909,64.56676404090909,64.56676404090909,0.536834716796875
MMDpt_dc_ae_l10_g1.00e-06,dc_ae,down_blocks.3.0,1.00e-06,233,64.70266141363636,64.70266141363636,64.70266141363636,0.28618061542510986
MMDpt_dc_ae_l10_g1.00e-06,dc_ae,down_blocks.3.0,1.00e-06,234,64.83579067045456,64.83579067045456,64.83579067045456,0.3923959732055664
MMDpt_dc_ae_l10_g1.00e-06,dc_ae,down_blocks.3.0,1.00e-06,235,64.88276691590909,64.88276691590909,64.88276691590909,0.4543488025665283
MMDpt_dc_ae_l10_g1.00e-06,dc_ae,down_blocks.3.0,1.00e-06,236,64.91428311818181,64.91428311818181,64.91428311818181,0.27601492404937744
MMDpt_dc_ae_l10_g1.00e-06,dc_ae,down_blocks.3.0,1.00e-06,237,64.99876317727272,64.99876317727272,64.99876317727272,0.46846508979797363
MMDpt_dc_ae_l10_g1.00e-06,dc_ae,down_blocks.3.0,1.00e-06,238,65.11283459954545,65.11283459954545,65.11283459954545,0.41877591609954834
MMDpt_dc_ae_l10_g1.00e-06,dc_ae,down_blocks.3.0,1.00e-06,239,65.12859398045454,65.12859398045454,65.12859398045454,0.24821436405181885
MMDpt_dc_ae_l10_g1.00e-06,dc_ae,down_blocks.3.0,1.00e-06,240,65.15700578272727,65.15700578272727,65.15700578272727,0.2212238311767578
MMDpt_dc_ae_l10_g1.00e-06,dc_ae,down_blocks.3.0,1.00e-06,241,65.26560826818182,65.26560826818182,65.26560826818182,0.2745685577392578
MMDpt_dc_ae_l10_g1.00e-06,dc_ae,down_blocks.3.0,1.00e-06,242,65.49862164545455,65.49862164545455,65.49862164545455,0.3606276512145996
MMDpt_dc_ae_l10_g1.00e-06,dc_ae,down_blocks.3.0,1.00e-06,243,65.58085287863636,65.58085287863636,65.58085287863636,0.2358715534210205
MMDpt_dc_ae_l10_g1.00e-06,dc_ae,down_blocks.3.0,1.00e-06,244,65.74797291818182,65.74797291818182,65.74797291818182,0.2579483985900879
MMDpt_dc_ae_l10_g1.00e-06,dc_ae,down_blocks.3.0,1.00e-06,245,65.77319434545456,65.77319434545456,65.77319434545456,0.2711724042892456
MMDpt_dc_ae_l10_g1.00e-06,dc_ae,down_blocks.3.0,1.00e-06,246,65.79643795909091,65.79643795909091,65.79643795909091,0.23719453811645508
MMDpt_dc_ae_l10_g1.00e-06,dc_ae,down_blocks.3.0,1.00e-06,247,65.90152255454545,65.90152255454545,65.90152255454545,0.3214914798736572
MMDpt_dc_ae_l10_g1.00e-06,dc_ae,down_blocks.3.0,1.00e-06,248,66.06104215454546,66.06104215454546,66.06104215454546,0.3052985668182373
MMDpt_dc_ae_l10_g1.00e-06,dc_ae,down_blocks.3.0,1.00e-06,249,66.34667021363636,66.34667021363636,66.34667021363636,0.324377179145813
MMDpt_dc_ae_l10_g1.00e-06,dc_ae,down_blocks.3.0,1.00e-06,250,66.41367993636364,66.41367993636364,66.41367993636364,0.24794495105743408
MMDpt_dc_ae_l10_g1.00e-06,dc_ae,down_blocks.3.0,1.00e-06,251,66.49486482500001,66.49486482500001,66.49486482500001,0.4165860414505005
MMDpt_dc_ae_l10_g1.00e-06,dc_ae,down_blocks.3.0,1.00e-06,252,66.57540134545455,66.57540134545455,66.57540134545455,0.3541814088821411
MMDpt_dc_ae_l10_g1.00e-06,dc_ae,down_blocks.3.0,1.00e-06,253,66.64770191772728,66.64770191772728,66.64770191772728,0.3510030508041382
MMDpt_dc_ae_l10_g1.00e-06,dc_ae,down_blocks.3.0,1.00e-06,254,66.69631712272727,66.69631712272727,66.69631712272727,0.21826469898223877
MMDpt_dc_ae_l10_g1.00e-06,dc_ae,down_blocks.3.0,1.00e-06,255,66.69915260454546,66.69915260454546,66.69915260454546,0.589810848236084
MMDpt_dc_ae_l10_g1.00e-06,dc_ae,down_blocks.3.0,1.00e-06,256,66.84640655909091,66.84640655909091,66.84640655909091,0.24340355396270752
MMDpt_dc_ae_l10_g1.00e-06,dc_ae,down_blocks.3.0,1.00e-06,257,66.92138232272727,66.92138232272727,66.92138232272727,0.1743985414505005
MMDpt_dc_ae_l10_g1.00e-06,dc_ae,down_blocks.3.0,1.00e-06,258,67.1600262,67.1600262,67.1600262,0.20778489112854004
MMDpt_dc_ae_l10_g1.00e-06,dc_ae,down_blocks.3.0,1.00e-06,259,67.24224864545455,67.24224864545455,67.24224864545455,0.4635206460952759
MMDpt_dc_ae_l10_g1.00e-06,dc_ae,down_blocks.3.0,1.00e-06,260,67.33497136227273,67.33497136227273,67.33497136227273,1.4175889492034912
MMDpt_dc_ae_l10_g1.00e-06,dc_ae,down_blocks.3.0,1.00e-06,261,67.50431248636363,67.50431248636363,67.50431248636363,0.3385213613510132
MMDpt_dc_ae_l10_g1.00e-06,dc_ae,down_blocks.3.0,1.00e-06,262,67.65232870272727,67.65232870272727,67.65232870272727,0.28290772438049316
MMDpt_dc_ae_l10_g1.00e-06,dc_ae,down_blocks.3.0,1.00e-06,263,67.78208407272727,67.78208407272727,67.78208407272727,0.22794270515441895
MMDpt_dc_ae_l10_g1.00e-06,dc_ae,down_blocks.3.0,1.00e-06,264,67.84529925,67.84529925,67.84529925,0.23288726806640625
MMDpt_dc_ae_l10_g1.00e-06,dc_ae,down_blocks.3.0,1.00e-06,265,67.89158320909091,67.89158320909091,67.89158320909091,0.2771366834640503
MMDpt_dc_ae_l10_g1.00e-06,dc_ae,down_blocks.3.0,1.00e-06,266,67.98637594090908,67.98637594090908,67.98637594090908,0.279422402381897
MMDpt_dc_ae_l10_g1.00e-06,dc_ae,down_blocks.3.0,1.00e-06,267,68.0851692090909,68.0851692090909,68.0851692090909,0.3117014169692993
MMDpt_dc_ae_l10_g1.00e-06,dc_ae,down_blocks.3.0,1.00e-06,268,68.12695885,68.12695885,68.12695885,0.21618402004241943
MMDpt_dc_ae_l10_g1.00e-06,dc_ae,down_blocks.3.0,1.00e-06,269,68.2302839,68.2302839,68.2302839,0.4155951738357544
MMDpt_dc_ae_l10_g1.00e-06,dc_ae,down_blocks.3.0,1.00e-06,270,68.23565684545454,68.23565684545454,68.23565684545454,0.2663034200668335
MMDpt_dc_ae_l10_g1.00e-06,dc_ae,down_blocks.3.0,1.00e-06,271,68.26595938409092,68.26595938409092,68.26595938409092,0.19242846965789795
MMDpt_dc_ae_l10_g1.00e-06,dc_ae,down_blocks.3.0,1.00e-06,272,68.27114585318182,68.27114585318182,68.27114585318182,0.365772008895874
MMDpt_dc_ae_l10_g1.00e-06,dc_ae,down_blocks.3.0,1.00e-06,273,68.32032611363637,68.32032611363637,68.32032611363637,0.28630197048187256
MMDpt_dc_ae_l10_g1.00e-06,dc_ae,down_blocks.3.0,1.00e-06,274,68.38830778636363,68.38830778636363,68.38830778636363,0.4475388526916504
MMDpt_dc_ae_l10_g1.00e-06,dc_ae,down_blocks.3.0,1.00e-06,275,68.41746199090909,68.41746199090909,68.41746199090909,0.2615642547607422
MMDpt_dc_ae_l10_g1.00e-06,dc_ae,down_blocks.3.0,1.00e-06,276,68.46063733181818,68.46063733181818,68.46063733181818,0.3075556755065918
MMDpt_dc_ae_l10_g1.00e-06,dc_ae,down_blocks.3.0,1.00e-06,277,68.46664887727273,68.46664887727273,68.46664887727273,0.20270633697509766
MMDpt_dc_ae_l10_g1.00e-06,dc_ae,down_blocks.3.0,1.00e-06,278,68.47213741363636,68.47213741363636,68.47213741363636,0.4837777614593506
MMDpt_dc_ae_l10_g1.00e-06,dc_ae,down_blocks.3.0,1.00e-06,279,68.93374281227273,68.93374281227273,68.93374281227273,0.2658952474594116
MMDpt_dc_ae_l10_g1.00e-06,dc_ae,down_blocks.3.0,1.00e-06,280,69.04567613727274,69.04567613727274,69.04567613727274,0.24977612495422363
MMDpt_dc_ae_l10_g1.00e-06,dc_ae,down_blocks.3.0,1.00e-06,281,69.05974111818182,69.05974111818182,69.05974111818182,0.37505030632019043
MMDpt_dc_ae_l10_g1.00e-06,dc_ae,down_blocks.3.0,1.00e-06,282,69.09219679545454,69.09219679545454,69.09219679545454,0.3169441223144531
MMDpt_dc_ae_l10_g1.00e-06,dc_ae,down_blocks.3.0,1.00e-06,283,69.09712682727273,69.09712682727273,69.09712682727273,0.20125699043273926
MMDpt_dc_ae_l10_g1.00e-06,dc_ae,down_blocks.3.0,1.00e-06,284,69.10091421363637,69.10091421363637,69.10091421363637,0.23622655868530273
MMDpt_dc_ae_l10_g1.00e-06,dc_ae,down_blocks.3.0,1.00e-06,285,69.10780212727273,69.10780212727273,69.10780212727273,0.2208501100540161
MMDpt_dc_ae_l10_g1.00e-06,dc_ae,down_blocks.3.0,1.00e-06,286,69.12065298636364,69.12065298636364,69.12065298636364,0.3155251741409302
MMDpt_dc_ae_l10_g1.00e-06,dc_ae,down_blocks.3.0,1.00e-06,287,69.18059698636364,69.18059698636364,69.18059698636364,0.31821632385253906
MMDpt_dc_ae_l10_g1.00e-06,dc_ae,down_blocks.3.0,1.00e-06,288,69.23367816363636,69.23367816363636,69.23367816363636,0.40577077865600586
MMDpt_dc_ae_l10_g1.00e-06,dc_ae,down_blocks.3.0,1.00e-06,289,69.2644266,69.2644266,69.2644266,0.4607245922088623
MMDpt_dc_ae_l10_g1.00e-06,dc_ae,down_blocks.3.0,1.00e-06,290,69.35791935818182,69.35791935818182,69.35791935818182,0.28620171546936035
MMDpt_dc_ae_l10_g1.00e-06,dc_ae,down_blocks.3.0,1.00e-06,291,69.61843814545455,69.61843814545455,69.61843814545455,0.28016161918640137
MMDpt_dc_ae_l10_g1.00e-06,dc_ae,down_blocks.3.0,1.00e-06,292,69.80519480454545,69.80519480454545,69.80519480454545,0.33717894554138184
MMDpt_dc_ae_l10_g1.00e-06,dc_ae,down_blocks.3.0,1.00e-06,293,69.8553488,69.8553488,69.8553488,0.342159628868103
MMDpt_dc_ae_l10_g1.00e-06,dc_ae,down_blocks.3.0,1.00e-06,294,69.88728480909091,69.88728480909091,69.88728480909091,0.5404653549194336
MMDpt_dc_ae_l10_g1.00e-06,dc_ae,down_blocks.3.0,1.00e-06,295,69.97248817863637,69.97248817863637,69.97248817863637,0.33399951457977295
MMDpt_dc_ae_l10_g1.00e-06,dc_ae,down_blocks.3.0,1.00e-06,296,70.05721009181819,70.05721009181819,70.05721009181819,0.2853200435638428
MMDpt_dc_ae_l10_g1.00e-06,dc_ae,down_blocks.3.0,1.00e-06,297,70.14929492727272,70.14929492727272,70.14929492727272,0.3308441638946533
MMDpt_dc_ae_l10_g1.00e-06,dc_ae,down_blocks.3.0,1.00e-06,298,70.15787111818182,70.15787111818182,70.15787111818182,0.26289474964141846
MMDpt_dc_ae_l10_g1.00e-06,dc_ae,down_blocks.3.0,1.00e-06,299,70.16147875909091,70.16147875909091,70.16147875909091,0.4639256000518799
MMDpt_dc_ae_l10_g1.00e-06,dc_ae,down_blocks.3.0,1.00e-06,300,70.20511073181818,70.20511073181818,70.20511073181818,0.41386961936950684
MMDpt_dc_ae_l10_g1.00e-06,dc_ae,down_blocks.3.0,1.00e-06,301,70.32331571818182,70.32331571818182,70.32331571818182,0.4119987487792969
MMDpt_dc_ae_l10_g1.00e-06,dc_ae,down_blocks.3.0,1.00e-06,302,70.37705808636363,70.37705808636363,70.37705808636363,0.5180671215057373
MMDpt_dc_ae_l10_g1.00e-06,dc_ae,down_blocks.3.0,1.00e-06,303,70.399005675,70.399005675,70.399005675,0.3123248815536499
MMDpt_dc_ae_l10_g1.00e-06,dc_ae,down_blocks.3.0,1.00e-06,304,70.50181075318181,70.50181075318181,70.50181075318181,0.252605676651001
MMDpt_dc_ae_l10_g1.00e-06,dc_ae,down_blocks.3.0,1.00e-06,305,70.6102672090909,70.6102672090909,70.6102672090909,0.5145752429962158
MMDpt_dc_ae_l10_g1.00e-06,dc_ae,down_blocks.3.0,1.00e-06,306,70.7436578590909,70.7436578590909,70.7436578590909,0.27935755252838135
MMDpt_dc_ae_l10_g1.00e-06,dc_ae,down_blocks.3.0,1.00e-06,307,70.83137117272727,70.83137117272727,70.83137117272727,0.340229868888855
MMDpt_dc_ae_l10_g1.00e-06,dc_ae,down_blocks.3.0,1.00e-06,308,70.8352099,70.8352099,70.8352099,0.2356816530227661
MMDpt_dc_ae_l10_g1.00e-06,dc_ae,down_blocks.3.0,1.00e-06,309,70.84563281363636,70.84563281363636,70.84563281363636,0.375385046005249
MMDpt_dc_ae_l10_g1.00e-06,dc_ae,down_blocks.3.0,1.00e-06,310,70.86294127272727,70.86294127272727,70.86294127272727,0.23966288566589355
MMDpt_dc_ae_l10_g1.00e-06,dc_ae,down_blocks.3.0,1.00e-06,311,70.88488886772727,70.88488886772727,70.88488886772727,0.23842620849609375
MMDpt_dc_ae_l10_g1.00e-06,dc_ae,down_blocks.3.0,1.00e-06,312,70.94146290454545,70.94146290454545,70.94146290454545,0.18919014930725098
MMDpt_dc_ae_l10_g1.00e-06,dc_ae,down_blocks.3.0,1.00e-06,313,71.03486937272727,71.03486937272727,71.03486937272727,0.3611884117126465
MMDpt_dc_ae_l10_g1.00e-06,dc_ae,down_blocks.3.0,1.00e-06,314,71.06114357272727,71.06114357272727,71.06114357272727,0.2300434112548828
MMDpt_dc_ae_l10_g1.00e-06,dc_ae,down_blocks.3.0,1.00e-06,315,71.16676672727273,71.16676672727273,71.16676672727273,0.2704206705093384
MMDpt_dc_ae_l10_g1.00e-06,dc_ae,down_blocks.3.0,1.00e-06,316,71.17873871818182,71.17873871818182,71.17873871818182,0.5553154945373535
MMDpt_dc_ae_l10_g1.00e-06,dc_ae,down_blocks.3.0,1.00e-06,317,71.2066498259091,71.2066498259091,71.2066498259091,0.24870872497558594
MMDpt_dc_ae_l10_g1.00e-06,dc_ae,down_blocks.3.0,1.00e-06,318,71.25545576818182,71.25545576818182,71.25545576818182,0.4169074296951294
MMDpt_dc_ae_l10_g1.00e-06,dc_ae,down_blocks.3.0,1.00e-06,319,71.3174982909091,71.3174982909091,71.3174982909091,0.3285024166107178
MMDpt_dc_ae_l10_g1.00e-06,dc_ae,down_blocks.3.0,1.00e-06,320,71.36296618181818,71.36296618181818,71.36296618181818,0.17840087413787842
MMDpt_dc_ae_l10_g1.00e-06,dc_ae,down_blocks.3.0,1.00e-06,321,71.46931471818182,71.46931471818182,71.46931471818182,0.5039345026016235
MMDpt_dc_ae_l10_g1.00e-06,dc_ae,down_blocks.3.0,1.00e-06,322,71.72297334090909,71.72297334090909,71.72297334090909,0.33095407485961914
MMDpt_dc_ae_l10_g1.00e-06,dc_ae,down_blocks.3.0,1.00e-06,323,71.90808025909091,71.90808025909091,71.90808025909091,0.23916256427764893
MMDpt_dc_ae_l10_g1.00e-06,dc_ae,down_blocks.3.0,1.00e-06,324,71.99829709090909,71.99829709090909,71.99829709090909,0.23174870014190674
MMDpt_dc_ae_l10_g1.00e-06,dc_ae,down_blocks.3.0,1.00e-06,325,72.09644175681818,72.09644175681818,72.09644175681818,0.3133164644241333
MMDpt_dc_ae_l10_g1.00e-06,dc_ae,down_blocks.3.0,1.00e-06,326,72.15469048045455,72.15469048045455,72.15469048045455,0.4211939573287964
MMDpt_dc_ae_l10_g1.00e-06,dc_ae,down_blocks.3.0,1.00e-06,327,72.16259906363636,72.16259906363636,72.16259906363636,0.22931981086730957
MMDpt_dc_ae_l10_g1.00e-06,dc_ae,down_blocks.3.0,1.00e-06,328,72.25012620454545,72.25012620454545,72.25012620454545,0.2351440191268921
MMDpt_dc_ae_l10_g1.00e-06,dc_ae,down_blocks.3.0,1.00e-06,329,72.32991709090909,72.32991709090909,72.32991709090909,0.39037251472473145
MMDpt_dc_ae_l10_g1.00e-06,dc_ae,down_blocks.3.0,1.00e-06,330,72.3529890590909,72.3529890590909,72.3529890590909,0.25340306758880615
MMDpt_dc_ae_l10_g1.00e-06,dc_ae,down_blocks.3.0,1.00e-06,331,72.35690482818183,72.35690482818183,72.35690482818183,0.27440083026885986
MMDpt_dc_ae_l10_g1.00e-06,dc_ae,down_blocks.3.0,1.00e-06,332,72.45495321363636,72.45495321363636,72.45495321363636,0.23996078968048096
MMDpt_dc_ae_l10_g1.00e-06,dc_ae,down_blocks.3.0,1.00e-06,333,72.62635492727273,72.62635492727273,72.62635492727273,0.25268328189849854
MMDpt_dc_ae_l10_g1.00e-06,dc_ae,down_blocks.3.0,1.00e-06,334,72.63195748181819,72.63195748181819,72.63195748181819,0.19889748096466064
MMDpt_dc_ae_l10_g1.00e-06,dc_ae,down_blocks.3.0,1.00e-06,335,72.83995069636363,72.83995069636363,72.83995069636363,0.2346053123474121
MMDpt_dc_ae_l10_g1.00e-06,dc_ae,down_blocks.3.0,1.00e-06,336,72.89617321363636,72.89617321363636,72.89617321363636,0.26668083667755127
MMDpt_dc_ae_l10_g1.00e-06,dc_ae,down_blocks.3.0,1.00e-06,337,73.03390340545455,73.03390340545455,73.03390340545455,0.40103161334991455
MMDpt_dc_ae_l10_g1.00e-06,dc_ae,down_blocks.3.0,1.00e-06,338,73.11911989545455,73.11911989545455,73.11911989545455,0.21104717254638672
MMDpt_dc_ae_l10_g1.00e-06,dc_ae,down_blocks.3.0,1.00e-06,339,73.13833258181818,73.13833258181818,73.13833258181818,0.24711990356445312
MMDpt_dc_ae_l10_g1.00e-06,dc_ae,down_blocks.3.0,1.00e-06,340,73.33471177272727,73.33471177272727,73.33471177272727,0.23604154586791992
MMDpt_dc_ae_l10_g1.00e-06,dc_ae,down_blocks.3.0,1.00e-06,341,73.33981687045456,73.33981687045456,73.33981687045456,0.28096115589141846
MMDpt_dc_ae_l10_g1.00e-06,dc_ae,down_blocks.3.0,1.00e-06,342,73.39854528636364,73.39854528636364,73.39854528636364,0.19864797592163086
MMDpt_dc_ae_l10_g1.00e-06,dc_ae,down_blocks.3.0,1.00e-06,343,73.41015931818183,73.41015931818183,73.41015931818183,0.7606116533279419
MMDpt_dc_ae_l10_g1.00e-06,dc_ae,down_blocks.3.0,1.00e-06,344,73.44266513181819,73.44266513181819,73.44266513181819,0.3594735860824585
MMDpt_dc_ae_l10_g1.00e-06,dc_ae,down_blocks.3.0,1.00e-06,345,73.44619574090909,73.44619574090909,73.44619574090909,0.2742346525192261
MMDpt_dc_ae_l10_g1.00e-06,dc_ae,down_blocks.3.0,1.00e-06,346,73.46868897499999,73.46868897499999,73.46868897499999,0.22285246849060059
MMDpt_dc_ae_l10_g1.00e-06,dc_ae,down_blocks.3.0,1.00e-06,347,73.50964273636363,73.50964273636363,73.50964273636363,0.3366677761077881
MMDpt_dc_ae_l10_g1.00e-06,dc_ae,down_blocks.3.0,1.00e-06,348,73.53120189545454,73.53120189545454,73.53120189545454,0.3530822992324829
MMDpt_dc_ae_l10_g1.00e-06,dc_ae,down_blocks.3.0,1.00e-06,349,73.63946159545455,73.63946159545455,73.63946159545455,0.29383623600006104
MMDpt_dc_ae_l10_g1.00e-06,dc_ae,down_blocks.3.0,1.00e-06,350,73.76844457272728,73.76844457272728,73.76844457272728,0.2813307046890259
MMDpt_dc_ae_l10_g1.00e-06,dc_ae,down_blocks.3.0,1.00e-06,351,73.80118299272728,73.80118299272728,73.80118299272728,0.265819787979126
MMDpt_dc_ae_l10_g1.00e-06,dc_ae,down_blocks.3.0,1.00e-06,352,73.90576145,73.90576145,73.90576145,0.46900832653045654
MMDpt_dc_ae_l10_g1.00e-06,dc_ae,down_blocks.3.0,1.00e-06,353,73.96756481363637,73.96756481363637,73.96756481363637,0.2247028350830078
MMDpt_dc_ae_l10_g1.00e-06,dc_ae,down_blocks.3.0,1.00e-06,354,74.00717849454546,74.00717849454546,74.00717849454546,0.39423441886901855
MMDpt_dc_ae_l10_g1.00e-06,dc_ae,down_blocks.3.0,1.00e-06,355,74.01135728181818,74.01135728181818,74.01135728181818,0.4378848075866699
MMDpt_dc_ae_l10_g1.00e-06,dc_ae,down_blocks.3.0,1.00e-06,356,74.05095793636363,74.05095793636363,74.05095793636363,0.26941752433776855
MMDpt_dc_ae_l10_g1.00e-06,dc_ae,down_blocks.3.0,1.00e-06,357,74.05302495909092,74.05302495909092,74.05302495909092,0.19643044471740723
MMDpt_dc_ae_l10_g1.00e-06,dc_ae,down_blocks.3.0,1.00e-06,358,74.20412883636364,74.20412883636364,74.20412883636364,0.42222535610198975
MMDpt_dc_ae_l10_g1.00e-06,dc_ae,down_blocks.3.0,1.00e-06,359,74.32802774090909,74.32802774090909,74.32802774090909,0.8315637707710266
MMDpt_dc_ae_l10_g1.00e-06,dc_ae,down_blocks.3.0,1.00e-06,360,74.38583995454546,74.38583995454546,74.38583995454546,0.39316725730895996
MMDpt_dc_ae_l10_g1.00e-06,dc_ae,down_blocks.3.0,1.00e-06,361,74.46433656818182,74.46433656818182,74.46433656818182,0.22468721866607666
MMDpt_dc_ae_l10_g1.00e-06,dc_ae,down_blocks.3.0,1.00e-06,362,74.52572066363636,74.52572066363636,74.52572066363636,0.288909912109375
MMDpt_dc_ae_l10_g1.00e-06,dc_ae,down_blocks.3.0,1.00e-06,363,74.86437946363637,74.86437946363637,74.86437946363637,0.6098014116287231
MMDpt_dc_ae_l10_g1.00e-06,dc_ae,down_blocks.3.0,1.00e-06,364,74.89747095909091,74.89747095909091,74.89747095909091,0.26980268955230713
MMDpt_dc_ae_l10_g1.00e-06,dc_ae,down_blocks.3.0,1.00e-06,365,74.9084351090909,74.9084351090909,74.9084351090909,0.34457969665527344
MMDpt_dc_ae_l10_g1.00e-06,dc_ae,down_blocks.3.0,1.00e-06,366,75.02020153181819,75.02020153181819,75.02020153181819,0.2595670223236084
MMDpt_dc_ae_l10_g1.00e-06,dc_ae,down_blocks.3.0,1.00e-06,367,75.04613550454546,75.04613550454546,75.04613550454546,0.21921312808990479
MMDpt_dc_ae_l10_g1.00e-06,dc_ae,down_blocks.3.0,1.00e-06,368,75.04910765454545,75.04910765454545,75.04910765454545,0.5248130559921265
MMDpt_dc_ae_l10_g1.00e-06,dc_ae,down_blocks.3.0,1.00e-06,369,75.04911406363637,75.04911406363637,75.04911406363637,0.396240234375
MMDpt_dc_ae_l10_g1.00e-06,dc_ae,down_blocks.3.0,1.00e-06,370,75.14242499545455,75.14242499545455,75.14242499545455,0.20378804206848145
MMDpt_dc_ae_l10_g1.00e-06,dc_ae,down_blocks.3.0,1.00e-06,371,75.14524949545454,75.14524949545454,75.14524949545454,0.28877735137939453
MMDpt_dc_ae_l10_g1.00e-06,dc_ae,down_blocks.3.0,1.00e-06,372,75.21942449545455,75.21942449545455,75.21942449545455,0.2794097661972046
MMDpt_dc_ae_l10_g1.00e-06,dc_ae,down_blocks.3.0,1.00e-06,373,75.2494860690909,75.2494860690909,75.2494860690909,0.30144286155700684
MMDpt_dc_ae_l10_g1.00e-06,dc_ae,down_blocks.3.0,1.00e-06,374,75.29101026818182,75.29101026818182,75.29101026818182,0.34194302558898926
MMDpt_dc_ae_l10_g1.00e-06,dc_ae,down_blocks.3.0,1.00e-06,375,75.30463428181818,75.30463428181818,75.30463428181818,0.22877860069274902
MMDpt_dc_ae_l10_g1.00e-06,dc_ae,down_blocks.3.0,1.00e-06,376,75.35053226363635,75.35053226363635,75.35053226363635,0.44010770320892334
MMDpt_dc_ae_l10_g1.00e-06,dc_ae,down_blocks.3.0,1.00e-06,377,75.358434425,75.358434425,75.358434425,0.21979117393493652
MMDpt_dc_ae_l10_g1.00e-06,dc_ae,down_blocks.3.0,1.00e-06,378,75.4765098,75.4765098,75.4765098,0.23700273036956787
MMDpt_dc_ae_l10_g1.00e-06,dc_ae,down_blocks.3.0,1.00e-06,379,75.48288537727272,75.48288537727272,75.48288537727272,0.20913457870483398
MMDpt_dc_ae_l10_g1.00e-06,dc_ae,down_blocks.3.0,1.00e-06,380,75.54217925454545,75.54217925454545,75.54217925454545,0.3481159210205078
MMDpt_dc_ae_l10_g1.00e-06,dc_ae,down_blocks.3.0,1.00e-06,381,75.65154605454546,75.65154605454546,75.65154605454546,0.3430488109588623
MMDpt_dc_ae_l10_g1.00e-06,dc_ae,down_blocks.3.0,1.00e-06,382,75.68111334545455,75.68111334545455,75.68111334545455,0.41219282150268555
MMDpt_dc_ae_l10_g1.00e-06,dc_ae,down_blocks.3.0,1.00e-06,383,75.77031593636364,75.77031593636364,75.77031593636364,0.24831640720367432
MMDpt_dc_ae_l10_g1.00e-06,dc_ae,down_blocks.3.0,1.00e-06,384,75.78166525454546,75.78166525454546,75.78166525454546,0.31896018981933594
MMDpt_dc_ae_l10_g1.00e-06,dc_ae,down_blocks.3.0,1.00e-06,385,75.79512009954546,75.79512009954546,75.79512009954546,0.26163792610168457
MMDpt_dc_ae_l10_g1.00e-06,dc_ae,down_blocks.3.0,1.00e-06,386,75.84170493636363,75.84170493636363,75.84170493636363,0.22930121421813965
MMDpt_dc_ae_l10_g1.00e-06,dc_ae,down_blocks.3.0,1.00e-06,387,75.84312428636363,75.84312428636363,75.84312428636363,0.23799288272857666
MMDpt_dc_ae_l10_g1.00e-06,dc_ae,down_blocks.3.0,1.00e-06,388,76.02107943636364,76.02107943636364,76.02107943636364,0.2695273160934448
MMDpt_dc_ae_l10_g1.00e-06,dc_ae,down_blocks.3.0,1.00e-06,389,76.07231828181818,76.07231828181818,76.07231828181818,0.27015554904937744
MMDpt_dc_ae_l10_g1.00e-06,dc_ae,down_blocks.3.0,1.00e-06,390,76.16321556363636,76.16321556363636,76.16321556363636,0.3111073970794678
MMDpt_dc_ae_l10_g1.00e-06,dc_ae,down_blocks.3.0,1.00e-06,391,76.19598609272727,76.19598609272727,76.19598609272727,0.38110435009002686
MMDpt_dc_ae_l10_g1.00e-06,dc_ae,down_blocks.3.0,1.00e-06,392,76.26727722727273,76.26727722727273,76.26727722727273,0.2190091609954834
MMDpt_dc_ae_l10_g1.00e-06,dc_ae,down_blocks.3.0,1.00e-06,393,76.28929185454545,76.28929185454545,76.28929185454545,0.34284818172454834
MMDpt_dc_ae_l10_g1.00e-06,dc_ae,down_blocks.3.0,1.00e-06,394,76.28997104545455,76.28997104545455,76.28997104545455,0.22964262962341309
MMDpt_dc_ae_l10_g1.00e-06,dc_ae,down_blocks.3.0,1.00e-06,395,76.32376224090909,76.32376224090909,76.32376224090909,0.28103137016296387
MMDpt_dc_ae_l10_g1.00e-06,dc_ae,down_blocks.3.0,1.00e-06,396,76.35414479090909,76.35414479090909,76.35414479090909,0.2740410566329956
MMDpt_dc_ae_l10_g1.00e-06,dc_ae,down_blocks.3.0,1.00e-06,397,76.39021483181818,76.39021483181818,76.39021483181818,0.2908198833465576
MMDpt_dc_ae_l10_g1.00e-06,dc_ae,down_blocks.3.0,1.00e-06,398,76.45241142272727,76.45241142272727,76.45241142272727,0.321183443069458
MMDpt_dc_ae_l10_g1.00e-06,dc_ae,down_blocks.3.0,1.00e-06,399,76.51437691681818,76.51437691681818,76.51437691681818,0.25386595726013184
MMDpt_dc_ae_l10_g1.00e-06,dc_ae,down_blocks.3.0,1.00e-06,400,76.5471795409091,76.5471795409091,76.5471795409091,0.2791860103607178
MMDpt_dc_ae_l10_g1.00e-06,dc_ae,down_blocks.3.0,1.00e-06,401,76.59774437272728,76.59774437272728,76.59774437272728,0.277925968170166
MMDpt_dc_ae_l10_g1.00e-06,dc_ae,down_blocks.3.0,1.00e-06,402,76.63823088636364,76.63823088636364,76.63823088636364,0.20588207244873047
MMDpt_dc_ae_l10_g1.00e-06,dc_ae,down_blocks.3.0,1.00e-06,403,76.64452179545455,76.64452179545455,76.64452179545455,0.3180882930755615
MMDpt_dc_ae_l10_g1.00e-06,dc_ae,down_blocks.3.0,1.00e-06,404,76.67493643727272,76.67493643727272,76.67493643727272,0.18028366565704346
MMDpt_dc_ae_l10_g1.00e-06,dc_ae,down_blocks.3.0,1.00e-06,405,76.67586082272727,76.67586082272727,76.67586082272727,0.38472461700439453
MMDpt_dc_ae_l10_g1.00e-06,dc_ae,down_blocks.3.0,1.00e-06,406,76.81212329090908,76.81212329090908,76.81212329090908,0.5394306182861328
MMDpt_dc_ae_l10_g1.00e-06,dc_ae,down_blocks.3.0,1.00e-06,407,76.90558185454546,76.90558185454546,76.90558185454546,0.3564985990524292
MMDpt_dc_ae_l10_g1.00e-06,dc_ae,down_blocks.3.0,1.00e-06,408,76.91644974545454,76.91644974545454,76.91644974545454,0.37623071670532227
MMDpt_dc_ae_l10_g1.00e-06,dc_ae,down_blocks.3.0,1.00e-06,409,76.98329391227273,76.98329391227273,76.98329391227273,0.23281145095825195
MMDpt_dc_ae_l10_g1.00e-06,dc_ae,down_blocks.3.0,1.00e-06,410,77.11547369545454,77.11547369545454,77.11547369545454,0.2677708864212036
MMDpt_dc_ae_l10_g1.00e-06,dc_ae,down_blocks.3.0,1.00e-06,411,77.14402031818182,77.14402031818182,77.14402031818182,0.24160873889923096
MMDpt_dc_ae_l10_g1.00e-06,dc_ae,down_blocks.3.0,1.00e-06,412,77.17084656363636,77.17084656363636,77.17084656363636,0.20423269271850586
MMDpt_dc_ae_l10_g1.00e-06,dc_ae,down_blocks.3.0,1.00e-06,413,77.25877326818183,77.25877326818183,77.25877326818183,0.4136936664581299
MMDpt_dc_ae_l10_g1.00e-06,dc_ae,down_blocks.3.0,1.00e-06,414,77.34552212272727,77.34552212272727,77.34552212272727,0.1920943260192871
MMDpt_dc_ae_l10_g1.00e-06,dc_ae,down_blocks.3.0,1.00e-06,415,77.52582683636363,77.52582683636363,77.52582683636363,0.22437846660614014
MMDpt_dc_ae_l10_g1.00e-06,dc_ae,down_blocks.3.0,1.00e-06,416,77.65479755863636,77.65479755863636,77.65479755863636,0.5835214853286743
MMDpt_dc_ae_l10_g1.00e-06,dc_ae,down_blocks.3.0,1.00e-06,417,77.69959142727272,77.69959142727272,77.69959142727272,0.31586599349975586
MMDpt_dc_ae_l10_g1.00e-06,dc_ae,down_blocks.3.0,1.00e-06,418,77.72501827727272,77.72501827727272,77.72501827727272,0.15938889980316162
MMDpt_dc_ae_l10_g1.00e-06,dc_ae,down_blocks.3.0,1.00e-06,419,77.83570625,77.83570625,77.83570625,0.4284708499908447
MMDpt_dc_ae_l10_g1.00e-06,dc_ae,down_blocks.3.0,1.00e-06,420,77.9733424409091,77.9733424409091,77.9733424409091,0.2596961259841919
MMDpt_dc_ae_l10_g1.00e-06,dc_ae,down_blocks.3.0,1.00e-06,421,78.0566007590909,78.0566007590909,78.0566007590909,0.2498791217803955
MMDpt_dc_ae_l10_g1.00e-06,dc_ae,down_blocks.3.0,1.00e-06,422,78.20425748181819,78.20425748181819,78.20425748181819,0.23802721500396729
MMDpt_dc_ae_l10_g1.00e-06,dc_ae,down_blocks.3.0,1.00e-06,423,78.23482706363636,78.23482706363636,78.23482706363636,0.22207891941070557
MMDpt_dc_ae_l10_g1.00e-06,dc_ae,down_blocks.3.0,1.00e-06,424,78.25971381363637,78.25971381363637,78.25971381363637,0.2834784984588623
MMDpt_dc_ae_l10_g1.00e-06,dc_ae,down_blocks.3.0,1.00e-06,425,78.3483194,78.3483194,78.3483194,0.19091296195983887
MMDpt_dc_ae_l10_g1.00e-06,dc_ae,down_blocks.3.0,1.00e-06,426,78.4185978909091,78.4185978909091,78.4185978909091,0.1946629285812378
MMDpt_dc_ae_l10_g1.00e-06,dc_ae,down_blocks.3.0,1.00e-06,427,78.53980069090909,78.53980069090909,78.53980069090909,0.28577709197998047
MMDpt_dc_ae_l10_g1.00e-06,dc_ae,down_blocks.3.0,1.00e-06,428,78.54177141363635,78.54177141363635,78.54177141363635,0.2619006633758545
MMDpt_dc_ae_l10_g1.00e-06,dc_ae,down_blocks.3.0,1.00e-06,429,78.57485005,78.57485005,78.57485005,0.2439337968826294
MMDpt_dc_ae_l10_g1.00e-06,dc_ae,down_blocks.3.0,1.00e-06,430,78.5853263609091,78.5853263609091,78.5853263609091,0.19458496570587158
MMDpt_dc_ae_l10_g1.00e-06,dc_ae,down_blocks.3.0,1.00e-06,431,78.61859467727272,78.61859467727272,78.61859467727272,0.3287770748138428
MMDpt_dc_ae_l10_g1.00e-06,dc_ae,down_blocks.3.0,1.00e-06,432,78.63007529545455,78.63007529545455,78.63007529545455,0.5850095748901367
MMDpt_dc_ae_l10_g1.00e-06,dc_ae,down_blocks.3.0,1.00e-06,433,78.86957993181818,78.86957993181818,78.86957993181818,0.3853127956390381
MMDpt_dc_ae_l10_g1.00e-06,dc_ae,down_blocks.3.0,1.00e-06,434,79.22077921818182,79.22077921818182,79.22077921818182,0.2348862886428833
MMDpt_dc_ae_l10_g1.00e-06,dc_ae,down_blocks.3.0,1.00e-06,435,79.25695136818182,79.25695136818182,79.25695136818182,0.32533836364746094
MMDpt_dc_ae_l10_g1.00e-06,dc_ae,down_blocks.3.0,1.00e-06,436,79.28284742727273,79.28284742727273,79.28284742727273,0.29840970039367676
MMDpt_dc_ae_l10_g1.00e-06,dc_ae,down_blocks.3.0,1.00e-06,437,79.36729972727272,79.36729972727272,79.36729972727272,0.29514873027801514
MMDpt_dc_ae_l10_g1.00e-06,dc_ae,down_blocks.3.0,1.00e-06,438,79.46781420454546,79.46781420454546,79.46781420454546,0.7662725448608398
MMDpt_dc_ae_l10_g1.00e-06,dc_ae,down_blocks.3.0,1.00e-06,439,79.51125251363636,79.51125251363636,79.51125251363636,0.2994680404663086
MMDpt_dc_ae_l10_g1.00e-06,dc_ae,down_blocks.3.0,1.00e-06,440,79.62850745318183,79.62850745318183,79.62850745318183,0.22488927841186523
MMDpt_dc_ae_l10_g1.00e-06,dc_ae,down_blocks.3.0,1.00e-06,441,79.6499864090909,79.6499864090909,79.6499864090909,0.2557382583618164
MMDpt_dc_ae_l10_g1.00e-06,dc_ae,down_blocks.3.0,1.00e-06,442,79.75645692727272,79.75645692727272,79.75645692727272,0.21273517608642578
MMDpt_dc_ae_l10_g1.00e-06,dc_ae,down_blocks.3.0,1.00e-06,443,79.91532173636364,79.91532173636364,79.91532173636364,0.29115116596221924
MMDpt_dc_ae_l10_g1.00e-06,dc_ae,down_blocks.3.0,1.00e-06,444,79.94757872272727,79.94757872272727,79.94757872272727,0.2369006872177124
MMDpt_dc_ae_l10_g1.00e-06,dc_ae,down_blocks.3.0,1.00e-06,445,80.02392345454545,80.02392345454545,80.02392345454545,0.30345046520233154
MMDpt_dc_ae_l10_g1.00e-06,dc_ae,down_blocks.3.0,1.00e-06,446,80.13685939999999,80.13685939999999,80.13685939999999,0.3454701900482178
MMDpt_dc_ae_l10_g1.00e-06,dc_ae,down_blocks.3.0,1.00e-06,447,80.28660759545454,80.28660759545454,80.28660759545454,0.46088969707489014
MMDpt_dc_ae_l10_g1.00e-06,dc_ae,down_blocks.3.0,1.00e-06,448,80.40461357272727,80.40461357272727,80.40461357272727,0.378975510597229
MMDpt_dc_ae_l10_g1.00e-06,dc_ae,down_blocks.3.0,1.00e-06,449,80.43965011363636,80.43965011363636,80.43965011363636,0.4205816984176636
MMDpt_dc_ae_l10_g1.00e-06,dc_ae,down_blocks.3.0,1.00e-06,450,80.56802326363636,80.56802326363636,80.56802326363636,0.48435842990875244
MMDpt_dc_ae_l10_g1.00e-06,dc_ae,down_blocks.3.0,1.00e-06,451,80.69563893636364,80.69563893636364,80.69563893636364,0.2537541389465332
MMDpt_dc_ae_l10_g1.00e-06,dc_ae,down_blocks.3.0,1.00e-06,452,80.83871870454546,80.83871870454546,80.83871870454546,0.4868267774581909
MMDpt_dc_ae_l10_g1.00e-06,dc_ae,down_blocks.3.0,1.00e-06,453,80.88731798181819,80.88731798181819,80.88731798181819,0.2875627279281616
MMDpt_dc_ae_l10_g1.00e-06,dc_ae,down_blocks.3.0,1.00e-06,454,80.98601989090909,80.98601989090909,80.98601989090909,0.37927305698394775
MMDpt_dc_ae_l10_g1.00e-06,dc_ae,down_blocks.3.0,1.00e-06,455,81.02786977272727,81.02786977272727,81.02786977272727,0.2969498634338379
MMDpt_dc_ae_l10_g1.00e-06,dc_ae,down_blocks.3.0,1.00e-06,456,81.46314962272727,81.46314962272727,81.46314962272727,0.3317152261734009
MMDpt_dc_ae_l10_g1.00e-06,dc_ae,down_blocks.3.0,1.00e-06,457,81.49191450454545,81.49191450454545,81.49191450454545,0.2897624969482422
MMDpt_dc_ae_l10_g1.00e-06,dc_ae,down_blocks.3.0,1.00e-06,458,81.53910919545454,81.53910919545454,81.53910919545454,0.21126270294189453
MMDpt_dc_ae_l10_g1.00e-06,dc_ae,down_blocks.3.0,1.00e-06,459,81.65584415909092,81.65584415909092,81.65584415909092,0.5539844036102295
MMDpt_dc_ae_l10_g1.00e-06,dc_ae,down_blocks.3.0,1.00e-06,460,81.66778405000001,81.66778405000001,81.66778405000001,0.29898881912231445
MMDpt_dc_ae_l10_g1.00e-06,dc_ae,down_blocks.3.0,1.00e-06,461,82.0783984909091,82.0783984909091,82.0783984909091,0.42864763736724854
MMDpt_dc_ae_l10_g1.00e-06,dc_ae,down_blocks.3.0,1.00e-06,462,82.11143467727273,82.11143467727273,82.11143467727273,0.21093571186065674
MMDpt_dc_ae_l10_g1.00e-06,dc_ae,down_blocks.3.0,1.00e-06,463,82.15394328181819,82.15394328181819,82.15394328181819,0.3911679983139038
MMDpt_dc_ae_l10_g1.00e-06,dc_ae,down_blocks.3.0,1.00e-06,464,82.87086985,82.87086985,82.87086985,0.30869555473327637
MMDpt_dc_ae_l10_g1.00e-06,dc_ae,down_blocks.3.0,1.00e-06,465,83.04785639090909,83.04785639090909,83.04785639090909,0.2725740671157837
MMDpt_dc_ae_l10_g1.00e-06,dc_ae,down_blocks.3.0,1.00e-06,466,83.2706767,83.2706767,83.2706767,0.23765790462493896
MMDpt_dc_ae_l10_g1.00e-06,dc_ae,down_blocks.3.0,1.00e-06,467,83.28013232272727,83.28013232272727,83.28013232272727,0.3238781690597534
MMDpt_dc_ae_l10_g1.00e-06,dc_ae,down_blocks.3.0,1.00e-06,468,83.32162666818182,83.32162666818182,83.32162666818182,0.17292845249176025
MMDpt_dc_ae_l10_g1.00e-06,dc_ae,down_blocks.3.0,1.00e-06,469,83.35334443181819,83.35334443181819,83.35334443181819,0.29625773429870605
MMDpt_dc_ae_l10_g1.00e-06,dc_ae,down_blocks.3.0,1.00e-06,470,83.45792123636365,83.45792123636365,83.45792123636365,0.23904132843017578
MMDpt_dc_ae_l10_g1.00e-06,dc_ae,down_blocks.3.0,1.00e-06,471,84.18152392727274,84.18152392727274,84.18152392727274,0.2374032735824585
MMDpt_dc_ae_l10_g1.00e-06,dc_ae,down_blocks.3.0,1.00e-06,472,84.62887205909091,84.62887205909091,84.62887205909091,0.19735229015350342
MMDpt_dc_ae_l10_g1.00e-06,dc_ae,down_blocks.3.0,1.00e-06,473,85.11071750454545,85.11071750454545,85.11071750454545,0.15792536735534668
MMDpt_dc_ae_l10_g1.00e-06,dc_ae,down_blocks.3.0,1.00e-06,474,85.12217595454545,85.12217595454545,85.12217595454545,0.21645700931549072
MMDpt_dc_ae_l10_g1.00e-06,dc_ae,down_blocks.3.0,1.00e-06,475,85.54109655454546,85.54109655454546,85.54109655454546,0.2321033477783203
MMDpt_dc_ae_l10_g1.00e-06,dc_ae,down_blocks.3.0,1.00e-06,476,85.8163718359091,85.8163718359091,85.8163718359091,0.8391970992088318
MMDpt_dc_ae_l10_g1.00e-06,dc_ae,down_blocks.3.0,1.00e-06,477,86.0069106,86.0069106,86.0069106,0.6161329746246338
MMDpt_dc_ae_l10_g1.00e-06,dc_ae,down_blocks.3.0,1.00e-06,478,86.07828567272726,86.07828567272726,86.07828567272726,0.3136359453201294
MMDpt_dc_ae_l10_g1.00e-06,dc_ae,down_blocks.3.0,1.00e-06,479,86.46879091363637,86.46879091363637,86.46879091363637,0.19517052173614502
MMDpt_dc_ae_l10_g1.00e-06,dc_ae,down_blocks.3.0,1.00e-06,480,87.81027129545454,87.81027129545454,87.81027129545454,0.459600567817688
MMDpt_dc_ae_l10_g1.00e-05,dc_ae,down_blocks.3.0,1.00e-05,1,10.383351573636363,10.383351573636363,10.383351573636363,0.9780794978141785
MMDpt_dc_ae_l10_g1.00e-05,dc_ae,down_blocks.3.0,1.00e-05,2,11.237612673636363,11.237612673636363,11.237612673636363,1.071770429611206
MMDpt_dc_ae_l10_g1.00e-05,dc_ae,down_blocks.3.0,1.00e-05,3,12.873956289545454,12.873956289545454,12.873956289545454,1.1234618425369263
MMDpt_dc_ae_l10_g1.00e-05,dc_ae,down_blocks.3.0,1.00e-05,4,13.852077771363637,13.852077771363637,13.852077771363637,0.9457060098648071
MMDpt_dc_ae_l10_g1.00e-05,dc_ae,down_blocks.3.0,1.00e-05,5,14.772021149545454,14.772021149545454,14.772021149545454,0.962332546710968
MMDpt_dc_ae_l10_g1.00e-05,dc_ae,down_blocks.3.0,1.00e-05,6,15.774696462272727,15.774696462272727,15.774696462272727,1.1226202249526978
MMDpt_dc_ae_l10_g1.00e-05,dc_ae,down_blocks.3.0,1.00e-05,7,16.11136225,16.11136225,16.11136225,1.060291051864624
MMDpt_dc_ae_l10_g1.00e-05,dc_ae,down_blocks.3.0,1.00e-05,8,16.718538883636366,16.718538883636366,16.718538883636366,0.9659990668296814
MMDpt_dc_ae_l10_g1.00e-05,dc_ae,down_blocks.3.0,1.00e-05,9,16.83383592,16.83383592,16.83383592,0.9033810496330261
MMDpt_dc_ae_l10_g1.00e-05,dc_ae,down_blocks.3.0,1.00e-05,10,16.977602550909094,16.977602550909094,16.977602550909094,0.8964159488677979
MMDpt_dc_ae_l10_g1.00e-05,dc_ae,down_blocks.3.0,1.00e-05,11,17.128398308636363,17.128398308636363,17.128398308636363,1.0515199899673462
MMDpt_dc_ae_l10_g1.00e-05,dc_ae,down_blocks.3.0,1.00e-05,12,17.49981897681818,17.49981897681818,17.49981897681818,1.017885684967041
MMDpt_dc_ae_l10_g1.00e-05,dc_ae,down_blocks.3.0,1.00e-05,13,18.01987185318182,18.01987185318182,18.01987185318182,0.9802550673484802
MMDpt_dc_ae_l10_g1.00e-05,dc_ae,down_blocks.3.0,1.00e-05,14,18.22368484818182,18.22368484818182,18.22368484818182,1.093968391418457
MMDpt_dc_ae_l10_g1.00e-05,dc_ae,down_blocks.3.0,1.00e-05,15,18.40435578590909,18.40435578590909,18.40435578590909,0.9897763133049011
MMDpt_dc_ae_l10_g1.00e-05,dc_ae,down_blocks.3.0,1.00e-05,16,18.964998386363636,18.964998386363636,18.964998386363636,0.9636921882629395
MMDpt_dc_ae_l10_g1.00e-05,dc_ae,down_blocks.3.0,1.00e-05,17,19.531784013636365,19.531784013636365,19.531784013636365,0.8506193161010742
MMDpt_dc_ae_l10_g1.00e-05,dc_ae,down_blocks.3.0,1.00e-05,18,21.457911477272727,21.457911477272727,21.457911477272727,1.0346295833587646
MMDpt_dc_ae_l10_g1.00e-05,dc_ae,down_blocks.3.0,1.00e-05,19,22.164942098181818,22.164942098181818,22.164942098181818,0.9242169260978699
MMDpt_dc_ae_l10_g1.00e-05,dc_ae,down_blocks.3.0,1.00e-05,20,22.207954510454545,22.207954510454545,22.207954510454545,1.0986979007720947
MMDpt_dc_ae_l10_g1.00e-05,dc_ae,down_blocks.3.0,1.00e-05,21,22.336504287727273,22.336504287727273,22.336504287727273,0.9118317365646362
MMDpt_dc_ae_l10_g1.00e-05,dc_ae,down_blocks.3.0,1.00e-05,22,22.775860404545455,22.775860404545455,22.775860404545455,0.9630206823348999
MMDpt_dc_ae_l10_g1.00e-05,dc_ae,down_blocks.3.0,1.00e-05,23,23.03693973772727,23.03693973772727,23.03693973772727,0.9274253845214844
MMDpt_dc_ae_l10_g1.00e-05,dc_ae,down_blocks.3.0,1.00e-05,24,23.073138160909092,23.073138160909092,23.073138160909092,0.9726414680480957
MMDpt_dc_ae_l10_g1.00e-05,dc_ae,down_blocks.3.0,1.00e-05,25,23.859046570909094,23.859046570909094,23.859046570909094,1.1097164154052734
MMDpt_dc_ae_l10_g1.00e-05,dc_ae,down_blocks.3.0,1.00e-05,26,24.108436355454547,24.108436355454547,24.108436355454547,0.9274544715881348
MMDpt_dc_ae_l10_g1.00e-05,dc_ae,down_blocks.3.0,1.00e-05,27,24.136628927727273,24.136628927727273,24.136628927727273,0.9305071830749512
MMDpt_dc_ae_l10_g1.00e-05,dc_ae,down_blocks.3.0,1.00e-05,28,24.706419758636365,24.706419758636365,24.706419758636365,1.0298023223876953
MMDpt_dc_ae_l10_g1.00e-05,dc_ae,down_blocks.3.0,1.00e-05,29,25.160939161363636,25.160939161363636,25.160939161363636,0.9949983954429626
MMDpt_dc_ae_l10_g1.00e-05,dc_ae,down_blocks.3.0,1.00e-05,30,25.272293834545454,25.272293834545454,25.272293834545454,0.8181758522987366
MMDpt_dc_ae_l10_g1.00e-05,dc_ae,down_blocks.3.0,1.00e-05,31,25.739496508636364,25.739496508636364,25.739496508636364,1.0164040327072144
MMDpt_dc_ae_l10_g1.00e-05,dc_ae,down_blocks.3.0,1.00e-05,32,26.08368123090909,26.08368123090909,26.08368123090909,0.9961190223693848
MMDpt_dc_ae_l10_g1.00e-05,dc_ae,down_blocks.3.0,1.00e-05,33,26.26193154681818,26.26193154681818,26.26193154681818,0.9217565059661865
MMDpt_dc_ae_l10_g1.00e-05,dc_ae,down_blocks.3.0,1.00e-05,34,26.29922768272727,26.29922768272727,26.29922768272727,0.9616509675979614
MMDpt_dc_ae_l10_g1.00e-05,dc_ae,down_blocks.3.0,1.00e-05,35,26.647243233181822,26.647243233181822,26.647243233181822,1.124359369277954
MMDpt_dc_ae_l10_g1.00e-05,dc_ae,down_blocks.3.0,1.00e-05,36,26.80277036,26.80277036,26.80277036,0.9221884608268738
MMDpt_dc_ae_l10_g1.00e-05,dc_ae,down_blocks.3.0,1.00e-05,37,27.710613355454544,27.710613355454544,27.710613355454544,1.0858925580978394
MMDpt_dc_ae_l10_g1.00e-05,dc_ae,down_blocks.3.0,1.00e-05,38,27.723830698181818,27.723830698181818,27.723830698181818,1.005399465560913
MMDpt_dc_ae_l10_g1.00e-05,dc_ae,down_blocks.3.0,1.00e-05,39,27.94224735681818,27.94224735681818,27.94224735681818,0.9293943643569946
MMDpt_dc_ae_l10_g1.00e-05,dc_ae,down_blocks.3.0,1.00e-05,40,28.008295531363636,28.008295531363636,28.008295531363636,0.9185171723365784
MMDpt_dc_ae_l10_g1.00e-05,dc_ae,down_blocks.3.0,1.00e-05,41,28.427649107272728,28.427649107272728,28.427649107272728,0.985770046710968
MMDpt_dc_ae_l10_g1.00e-05,dc_ae,down_blocks.3.0,1.00e-05,42,28.610673086363636,28.610673086363636,28.610673086363636,1.0004640817642212
MMDpt_dc_ae_l10_g1.00e-05,dc_ae,down_blocks.3.0,1.00e-05,43,28.864666542727274,28.864666542727274,28.864666542727274,0.9868502616882324
MMDpt_dc_ae_l10_g1.00e-05,dc_ae,down_blocks.3.0,1.00e-05,44,28.872480873181818,28.872480873181818,28.872480873181818,0.9674438834190369
MMDpt_dc_ae_l10_g1.00e-05,dc_ae,down_blocks.3.0,1.00e-05,45,29.867093540909092,29.867093540909092,29.867093540909092,1.125038981437683
MMDpt_dc_ae_l10_g1.00e-05,dc_ae,down_blocks.3.0,1.00e-05,46,30.946254809545454,30.946254809545454,30.946254809545454,0.9182291030883789
MMDpt_dc_ae_l10_g1.00e-05,dc_ae,down_blocks.3.0,1.00e-05,47,31.113843444545456,31.113843444545456,31.113843444545456,1.0141193866729736
MMDpt_dc_ae_l10_g1.00e-05,dc_ae,down_blocks.3.0,1.00e-05,48,31.75240744409091,31.75240744409091,31.75240744409091,0.885650634765625
MMDpt_dc_ae_l10_g1.00e-05,dc_ae,down_blocks.3.0,1.00e-05,49,31.962474827272725,31.962474827272725,31.962474827272725,0.8644881248474121
MMDpt_dc_ae_l10_g1.00e-05,dc_ae,down_blocks.3.0,1.00e-05,50,32.10326235227273,32.10326235227273,32.10326235227273,0.9471151828765869
MMDpt_dc_ae_l10_g1.00e-05,dc_ae,down_blocks.3.0,1.00e-05,51,32.57260997909091,32.57260997909091,32.57260997909091,0.9373696446418762
MMDpt_dc_ae_l10_g1.00e-05,dc_ae,down_blocks.3.0,1.00e-05,52,33.29309288772727,33.29309288772727,33.29309288772727,0.8801463842391968
MMDpt_dc_ae_l10_g1.00e-05,dc_ae,down_blocks.3.0,1.00e-05,53,33.63066458409091,33.63066458409091,33.63066458409091,0.9711183905601501
MMDpt_dc_ae_l10_g1.00e-05,dc_ae,down_blocks.3.0,1.00e-05,54,33.94931614045454,33.94931614045454,33.94931614045454,0.8713796138763428
MMDpt_dc_ae_l10_g1.00e-05,dc_ae,down_blocks.3.0,1.00e-05,55,34.254768114545456,34.254768114545456,34.254768114545456,1.0244849920272827
MMDpt_dc_ae_l10_g1.00e-05,dc_ae,down_blocks.3.0,1.00e-05,56,35.01583384090909,35.01583384090909,35.01583384090909,0.9487438201904297
MMDpt_dc_ae_l10_g1.00e-05,dc_ae,down_blocks.3.0,1.00e-05,57,35.61844186090909,35.61844186090909,35.61844186090909,1.0173336267471313
MMDpt_dc_ae_l10_g1.00e-05,dc_ae,down_blocks.3.0,1.00e-05,58,36.50372615909091,36.50372615909091,36.50372615909091,1.026049256324768
MMDpt_dc_ae_l10_g1.00e-05,dc_ae,down_blocks.3.0,1.00e-05,59,36.74721518909091,36.74721518909091,36.74721518909091,1.0379170179367065
MMDpt_dc_ae_l10_g1.00e-05,dc_ae,down_blocks.3.0,1.00e-05,60,37.183868766818186,37.183868766818186,37.183868766818186,1.0167789459228516
MMDpt_dc_ae_l10_g1.00e-05,dc_ae,down_blocks.3.0,1.00e-05,61,37.586910895,37.586910895,37.586910895,0.8820539712905884
MMDpt_dc_ae_l10_g1.00e-05,dc_ae,down_blocks.3.0,1.00e-05,62,37.90925234181818,37.90925234181818,37.90925234181818,0.9182170033454895
MMDpt_dc_ae_l10_g1.00e-05,dc_ae,down_blocks.3.0,1.00e-05,63,39.159607152727276,39.159607152727276,39.159607152727276,1.0468554496765137
MMDpt_dc_ae_l10_g1.00e-05,dc_ae,down_blocks.3.0,1.00e-05,64,39.16116855045455,39.16116855045455,39.16116855045455,1.0594650506973267
MMDpt_dc_ae_l10_g1.00e-05,dc_ae,down_blocks.3.0,1.00e-05,65,39.50363207727273,39.50363207727273,39.50363207727273,0.9824314117431641
MMDpt_dc_ae_l10_g1.00e-05,dc_ae,down_blocks.3.0,1.00e-05,66,39.72578294681818,39.72578294681818,39.72578294681818,0.9771220088005066
MMDpt_dc_ae_l10_g1.00e-05,dc_ae,down_blocks.3.0,1.00e-05,67,40.10658689318182,40.10658689318182,40.10658689318182,0.9615910053253174
MMDpt_dc_ae_l10_g1.00e-05,dc_ae,down_blocks.3.0,1.00e-05,68,40.511631334545456,40.511631334545456,40.511631334545456,0.9954282641410828
MMDpt_dc_ae_l10_g1.00e-05,dc_ae,down_blocks.3.0,1.00e-05,69,41.22542756590909,41.22542756590909,41.22542756590909,0.9927639961242676
MMDpt_dc_ae_l10_g1.00e-05,dc_ae,down_blocks.3.0,1.00e-05,70,41.450596035,41.450596035,41.450596035,0.9040024280548096
MMDpt_dc_ae_l10_g1.00e-05,dc_ae,down_blocks.3.0,1.00e-05,71,41.606778884545456,41.606778884545456,41.606778884545456,0.9165146350860596
MMDpt_dc_ae_l10_g1.00e-05,dc_ae,down_blocks.3.0,1.00e-05,72,41.74143011090909,41.74143011090909,41.74143011090909,0.990399181842804
MMDpt_dc_ae_l10_g1.00e-05,dc_ae,down_blocks.3.0,1.00e-05,73,42.27668356454546,42.27668356454546,42.27668356454546,0.8976269960403442
MMDpt_dc_ae_l10_g1.00e-05,dc_ae,down_blocks.3.0,1.00e-05,74,42.349748590454546,42.349748590454546,42.349748590454546,0.960722804069519
MMDpt_dc_ae_l10_g1.00e-05,dc_ae,down_blocks.3.0,1.00e-05,75,42.93479045136364,42.93479045136364,42.93479045136364,1.0712331533432007
MMDpt_dc_ae_l10_g1.00e-05,dc_ae,down_blocks.3.0,1.00e-05,76,42.999259720454546,42.999259720454546,42.999259720454546,0.9904759526252747
MMDpt_dc_ae_l10_g1.00e-05,dc_ae,down_blocks.3.0,1.00e-05,77,43.14833512181818,43.14833512181818,43.14833512181818,0.9596357345581055
MMDpt_dc_ae_l10_g1.00e-05,dc_ae,down_blocks.3.0,1.00e-05,78,43.849900354999995,43.849900354999995,43.849900354999995,1.005805492401123
MMDpt_dc_ae_l10_g1.00e-05,dc_ae,down_blocks.3.0,1.00e-05,79,44.24228326,44.24228326,44.24228326,0.8698413372039795
MMDpt_dc_ae_l10_g1.00e-05,dc_ae,down_blocks.3.0,1.00e-05,80,44.68483293727273,44.68483293727273,44.68483293727273,1.0824838876724243
MMDpt_dc_ae_l10_g1.00e-05,dc_ae,down_blocks.3.0,1.00e-05,81,45.014271393181815,45.014271393181815,45.014271393181815,0.9509342312812805
MMDpt_dc_ae_l10_g1.00e-05,dc_ae,down_blocks.3.0,1.00e-05,82,45.044897863636365,45.044897863636365,45.044897863636365,1.1114455461502075
MMDpt_dc_ae_l10_g1.00e-05,dc_ae,down_blocks.3.0,1.00e-05,83,45.242849799999995,45.242849799999995,45.242849799999995,0.915189802646637
MMDpt_dc_ae_l10_g1.00e-05,dc_ae,down_blocks.3.0,1.00e-05,84,45.34376912590909,45.34376912590909,45.34376912590909,0.9260457754135132
MMDpt_dc_ae_l10_g1.00e-05,dc_ae,down_blocks.3.0,1.00e-05,85,45.44974382363636,45.44974382363636,45.44974382363636,0.9532885551452637
MMDpt_dc_ae_l10_g1.00e-05,dc_ae,down_blocks.3.0,1.00e-05,86,45.87703164136364,45.87703164136364,45.87703164136364,0.9182814359664917
MMDpt_dc_ae_l10_g1.00e-05,dc_ae,down_blocks.3.0,1.00e-05,87,46.05975058136364,46.05975058136364,46.05975058136364,0.9940641522407532
MMDpt_dc_ae_l10_g1.00e-05,dc_ae,down_blocks.3.0,1.00e-05,88,46.3385215,46.3385215,46.3385215,1.0117144584655762
MMDpt_dc_ae_l10_g1.00e-05,dc_ae,down_blocks.3.0,1.00e-05,89,46.461104443636366,46.461104443636366,46.461104443636366,0.8630146980285645
MMDpt_dc_ae_l10_g1.00e-05,dc_ae,down_blocks.3.0,1.00e-05,90,46.55172569545454,46.55172569545454,46.55172569545454,0.9481803178787231
MMDpt_dc_ae_l10_g1.00e-05,dc_ae,down_blocks.3.0,1.00e-05,91,46.63784059272727,46.63784059272727,46.63784059272727,0.8789883255958557
MMDpt_dc_ae_l10_g1.00e-05,dc_ae,down_blocks.3.0,1.00e-05,92,46.92503363227272,46.92503363227272,46.92503363227272,0.9516717791557312
MMDpt_dc_ae_l10_g1.00e-05,dc_ae,down_blocks.3.0,1.00e-05,93,46.98420985,46.98420985,46.98420985,0.9446402192115784
MMDpt_dc_ae_l10_g1.00e-05,dc_ae,down_blocks.3.0,1.00e-05,94,47.05894020545455,47.05894020545455,47.05894020545455,0.9242908954620361
MMDpt_dc_ae_l10_g1.00e-05,dc_ae,down_blocks.3.0,1.00e-05,95,47.18393024863636,47.18393024863636,47.18393024863636,1.0436776876449585
MMDpt_dc_ae_l10_g1.00e-05,dc_ae,down_blocks.3.0,1.00e-05,96,47.45620903181818,47.45620903181818,47.45620903181818,0.9053650498390198
MMDpt_dc_ae_l10_g1.00e-05,dc_ae,down_blocks.3.0,1.00e-05,97,47.57944400681818,47.57944400681818,47.57944400681818,0.9146749973297119
MMDpt_dc_ae_l10_g1.00e-05,dc_ae,down_blocks.3.0,1.00e-05,98,47.68605184090909,47.68605184090909,47.68605184090909,0.8971474170684814
MMDpt_dc_ae_l10_g1.00e-05,dc_ae,down_blocks.3.0,1.00e-05,99,47.85413733318182,47.85413733318182,47.85413733318182,1.0929219722747803
MMDpt_dc_ae_l10_g1.00e-05,dc_ae,down_blocks.3.0,1.00e-05,100,47.997159330454544,47.997159330454544,47.997159330454544,1.0119493007659912
MMDpt_dc_ae_l10_g1.00e-05,dc_ae,down_blocks.3.0,1.00e-05,101,48.745656067727275,48.745656067727275,48.745656067727275,1.0232173204421997
MMDpt_dc_ae_l10_g1.00e-05,dc_ae,down_blocks.3.0,1.00e-05,102,48.974869975454546,48.974869975454546,48.974869975454546,0.9085551500320435
MMDpt_dc_ae_l10_g1.00e-05,dc_ae,down_blocks.3.0,1.00e-05,103,49.269933079999994,49.269933079999994,49.269933079999994,0.9915549755096436
MMDpt_dc_ae_l10_g1.00e-05,dc_ae,down_blocks.3.0,1.00e-05,104,49.50143869090909,49.50143869090909,49.50143869090909,0.8610395789146423
MMDpt_dc_ae_l10_g1.00e-05,dc_ae,down_blocks.3.0,1.00e-05,105,50.02686477227273,50.02686477227273,50.02686477227273,0.9514280557632446
MMDpt_dc_ae_l10_g1.00e-05,dc_ae,down_blocks.3.0,1.00e-05,106,50.24467801363637,50.24467801363637,50.24467801363637,0.9807462692260742
MMDpt_dc_ae_l10_g1.00e-05,dc_ae,down_blocks.3.0,1.00e-05,107,50.26601576545454,50.26601576545454,50.26601576545454,0.9747058153152466
MMDpt_dc_ae_l10_g1.00e-05,dc_ae,down_blocks.3.0,1.00e-05,108,50.287720933636365,50.287720933636365,50.287720933636365,0.9894304275512695
MMDpt_dc_ae_l10_g1.00e-05,dc_ae,down_blocks.3.0,1.00e-05,109,50.397065763181814,50.397065763181814,50.397065763181814,1.01851487159729
MMDpt_dc_ae_l10_g1.00e-05,dc_ae,down_blocks.3.0,1.00e-05,110,50.44004938636363,50.44004938636363,50.44004938636363,1.0710562467575073
MMDpt_dc_ae_l10_g1.00e-05,dc_ae,down_blocks.3.0,1.00e-05,111,50.53053583909091,50.53053583909091,50.53053583909091,0.9164780378341675
MMDpt_dc_ae_l10_g1.00e-05,dc_ae,down_blocks.3.0,1.00e-05,112,50.744067415454545,50.744067415454545,50.744067415454545,0.9984594583511353
MMDpt_dc_ae_l10_g1.00e-05,dc_ae,down_blocks.3.0,1.00e-05,113,50.877768575909094,50.877768575909094,50.877768575909094,0.9262292981147766
MMDpt_dc_ae_l10_g1.00e-05,dc_ae,down_blocks.3.0,1.00e-05,114,50.952142585000004,50.952142585000004,50.952142585000004,1.0449442863464355
MMDpt_dc_ae_l10_g1.00e-05,dc_ae,down_blocks.3.0,1.00e-05,115,51.255980857727266,51.255980857727266,51.255980857727266,0.9501368403434753
MMDpt_dc_ae_l10_g1.00e-05,dc_ae,down_blocks.3.0,1.00e-05,116,51.47010300409091,51.47010300409091,51.47010300409091,1.0063680410385132
MMDpt_dc_ae_l10_g1.00e-05,dc_ae,down_blocks.3.0,1.00e-05,117,51.48649149727273,51.48649149727273,51.48649149727273,1.0124839544296265
MMDpt_dc_ae_l10_g1.00e-05,dc_ae,down_blocks.3.0,1.00e-05,118,51.49088870772727,51.49088870772727,51.49088870772727,0.974776029586792
MMDpt_dc_ae_l10_g1.00e-05,dc_ae,down_blocks.3.0,1.00e-05,119,51.669473619090915,51.669473619090915,51.669473619090915,0.9602797031402588
MMDpt_dc_ae_l10_g1.00e-05,dc_ae,down_blocks.3.0,1.00e-05,120,51.78909724363636,51.78909724363636,51.78909724363636,1.1045539379119873
MMDpt_dc_ae_l10_g1.00e-05,dc_ae,down_blocks.3.0,1.00e-05,121,51.85205774272727,51.85205774272727,51.85205774272727,0.9009952545166016
MMDpt_dc_ae_l10_g1.00e-05,dc_ae,down_blocks.3.0,1.00e-05,122,51.87800455454545,51.87800455454545,51.87800455454545,1.0342411994934082
MMDpt_dc_ae_l10_g1.00e-05,dc_ae,down_blocks.3.0,1.00e-05,123,51.92553946363636,51.92553946363636,51.92553946363636,1.0647943019866943
MMDpt_dc_ae_l10_g1.00e-05,dc_ae,down_blocks.3.0,1.00e-05,124,52.00039339090909,52.00039339090909,52.00039339090909,1.0137773752212524
MMDpt_dc_ae_l10_g1.00e-05,dc_ae,down_blocks.3.0,1.00e-05,125,52.126720309090906,52.126720309090906,52.126720309090906,0.9929157495498657
MMDpt_dc_ae_l10_g1.00e-05,dc_ae,down_blocks.3.0,1.00e-05,126,52.30133809090909,52.30133809090909,52.30133809090909,1.004400610923767
MMDpt_dc_ae_l10_g1.00e-05,dc_ae,down_blocks.3.0,1.00e-05,127,52.82782977227273,52.82782977227273,52.82782977227273,1.0194096565246582
MMDpt_dc_ae_l10_g1.00e-05,dc_ae,down_blocks.3.0,1.00e-05,128,52.94948191,52.94948191,52.94948191,0.9653388857841492
MMDpt_dc_ae_l10_g1.00e-05,dc_ae,down_blocks.3.0,1.00e-05,129,52.977303153181815,52.977303153181815,52.977303153181815,1.0218254327774048
MMDpt_dc_ae_l10_g1.00e-05,dc_ae,down_blocks.3.0,1.00e-05,130,53.02329102272727,53.02329102272727,53.02329102272727,1.092334270477295
MMDpt_dc_ae_l10_g1.00e-05,dc_ae,down_blocks.3.0,1.00e-05,131,53.11169118954546,53.11169118954546,53.11169118954546,0.9001280665397644
MMDpt_dc_ae_l10_g1.00e-05,dc_ae,down_blocks.3.0,1.00e-05,132,53.15595768772727,53.15595768772727,53.15595768772727,0.9903086423873901
MMDpt_dc_ae_l10_g1.00e-05,dc_ae,down_blocks.3.0,1.00e-05,133,53.19575964181818,53.19575964181818,53.19575964181818,0.9299366474151611
MMDpt_dc_ae_l10_g1.00e-05,dc_ae,down_blocks.3.0,1.00e-05,134,53.738266159999995,53.738266159999995,53.738266159999995,1.0834496021270752
MMDpt_dc_ae_l10_g1.00e-05,dc_ae,down_blocks.3.0,1.00e-05,135,54.35688324090909,54.35688324090909,54.35688324090909,0.9454968571662903
MMDpt_dc_ae_l10_g1.00e-05,dc_ae,down_blocks.3.0,1.00e-05,136,54.43010616227273,54.43010616227273,54.43010616227273,0.9749490022659302
MMDpt_dc_ae_l10_g1.00e-05,dc_ae,down_blocks.3.0,1.00e-05,137,54.51598353272727,54.51598353272727,54.51598353272727,1.0682528018951416
MMDpt_dc_ae_l10_g1.00e-05,dc_ae,down_blocks.3.0,1.00e-05,138,54.63723127590909,54.63723127590909,54.63723127590909,1.0295665264129639
MMDpt_dc_ae_l10_g1.00e-05,dc_ae,down_blocks.3.0,1.00e-05,139,54.68535675181818,54.68535675181818,54.68535675181818,0.9905983805656433
MMDpt_dc_ae_l10_g1.00e-05,dc_ae,down_blocks.3.0,1.00e-05,140,54.72388539863636,54.72388539863636,54.72388539863636,1.0252798795700073
MMDpt_dc_ae_l10_g1.00e-05,dc_ae,down_blocks.3.0,1.00e-05,141,55.23867115454546,55.23867115454546,55.23867115454546,0.9399107098579407
MMDpt_dc_ae_l10_g1.00e-05,dc_ae,down_blocks.3.0,1.00e-05,142,55.2775563909091,55.2775563909091,55.2775563909091,1.0441137552261353
MMDpt_dc_ae_l10_g1.00e-05,dc_ae,down_blocks.3.0,1.00e-05,143,55.699695931818184,55.699695931818184,55.699695931818184,0.9819046258926392
MMDpt_dc_ae_l10_g1.00e-05,dc_ae,down_blocks.3.0,1.00e-05,144,55.80372709545455,55.80372709545455,55.80372709545455,1.008519172668457
MMDpt_dc_ae_l10_g1.00e-05,dc_ae,down_blocks.3.0,1.00e-05,145,55.82518654818182,55.82518654818182,55.82518654818182,1.0075136423110962
MMDpt_dc_ae_l10_g1.00e-05,dc_ae,down_blocks.3.0,1.00e-05,146,56.236087309090905,56.236087309090905,56.236087309090905,0.9735694527626038
MMDpt_dc_ae_l10_g1.00e-05,dc_ae,down_blocks.3.0,1.00e-05,147,56.34353036818182,56.34353036818182,56.34353036818182,0.9535796642303467
MMDpt_dc_ae_l10_g1.00e-05,dc_ae,down_blocks.3.0,1.00e-05,148,56.343846956363635,56.343846956363635,56.343846956363635,0.9185972213745117
MMDpt_dc_ae_l10_g1.00e-05,dc_ae,down_blocks.3.0,1.00e-05,149,56.418747340909086,56.418747340909086,56.418747340909086,0.8745991587638855
MMDpt_dc_ae_l10_g1.00e-05,dc_ae,down_blocks.3.0,1.00e-05,150,56.4284854,56.4284854,56.4284854,1.077388048171997
MMDpt_dc_ae_l10_g1.00e-05,dc_ae,down_blocks.3.0,1.00e-05,151,56.43083487727272,56.43083487727272,56.43083487727272,1.0667933225631714
MMDpt_dc_ae_l10_g1.00e-05,dc_ae,down_blocks.3.0,1.00e-05,152,56.73676582727273,56.73676582727273,56.73676582727273,1.0240840911865234
MMDpt_dc_ae_l10_g1.00e-05,dc_ae,down_blocks.3.0,1.00e-05,153,56.80215198181818,56.80215198181818,56.80215198181818,1.1253918409347534
MMDpt_dc_ae_l10_g1.00e-05,dc_ae,down_blocks.3.0,1.00e-05,154,56.838491672272724,56.838491672272724,56.838491672272724,0.9031665921211243
MMDpt_dc_ae_l10_g1.00e-05,dc_ae,down_blocks.3.0,1.00e-05,155,56.87784920000001,56.87784920000001,56.87784920000001,1.0590143203735352
MMDpt_dc_ae_l10_g1.00e-05,dc_ae,down_blocks.3.0,1.00e-05,156,56.88495511818182,56.88495511818182,56.88495511818182,0.9398128390312195
MMDpt_dc_ae_l10_g1.00e-05,dc_ae,down_blocks.3.0,1.00e-05,157,56.89427865,56.89427865,56.89427865,0.8419820666313171
MMDpt_dc_ae_l10_g1.00e-05,dc_ae,down_blocks.3.0,1.00e-05,158,57.014437336363635,57.014437336363635,57.014437336363635,1.00714910030365
MMDpt_dc_ae_l10_g1.00e-05,dc_ae,down_blocks.3.0,1.00e-05,159,57.01605029863636,57.01605029863636,57.01605029863636,1.0012762546539307
MMDpt_dc_ae_l10_g1.00e-05,dc_ae,down_blocks.3.0,1.00e-05,160,57.06027285454545,57.06027285454545,57.06027285454545,1.0010267496109009
MMDpt_dc_ae_l10_g1.00e-05,dc_ae,down_blocks.3.0,1.00e-05,161,57.08577673045454,57.08577673045454,57.08577673045454,1.0440219640731812
MMDpt_dc_ae_l10_g1.00e-05,dc_ae,down_blocks.3.0,1.00e-05,162,57.165035822727276,57.165035822727276,57.165035822727276,1.019195795059204
MMDpt_dc_ae_l10_g1.00e-05,dc_ae,down_blocks.3.0,1.00e-05,163,57.30280682363637,57.30280682363637,57.30280682363637,0.9822371006011963
MMDpt_dc_ae_l10_g1.00e-05,dc_ae,down_blocks.3.0,1.00e-05,164,57.552973348181816,57.552973348181816,57.552973348181816,0.8977164030075073
MMDpt_dc_ae_l10_g1.00e-05,dc_ae,down_blocks.3.0,1.00e-05,165,57.715692645,57.715692645,57.715692645,0.9183728098869324
MMDpt_dc_ae_l10_g1.00e-05,dc_ae,down_blocks.3.0,1.00e-05,166,57.94736867727273,57.94736867727273,57.94736867727273,1.0237431526184082
MMDpt_dc_ae_l10_g1.00e-05,dc_ae,down_blocks.3.0,1.00e-05,167,58.01582408181818,58.01582408181818,58.01582408181818,1.0660226345062256
MMDpt_dc_ae_l10_g1.00e-05,dc_ae,down_blocks.3.0,1.00e-05,168,58.14704098045454,58.14704098045454,58.14704098045454,0.8791701793670654
MMDpt_dc_ae_l10_g1.00e-05,dc_ae,down_blocks.3.0,1.00e-05,169,58.40466673181818,58.40466673181818,58.40466673181818,1.0504002571105957
MMDpt_dc_ae_l10_g1.00e-05,dc_ae,down_blocks.3.0,1.00e-05,170,58.48494007,58.48494007,58.48494007,0.9461307525634766
MMDpt_dc_ae_l10_g1.00e-05,dc_ae,down_blocks.3.0,1.00e-05,171,58.90741873181818,58.90741873181818,58.90741873181818,0.9949761033058167
MMDpt_dc_ae_l10_g1.00e-05,dc_ae,down_blocks.3.0,1.00e-05,172,58.92814133636364,58.92814133636364,58.92814133636364,0.941882848739624
MMDpt_dc_ae_l10_g1.00e-05,dc_ae,down_blocks.3.0,1.00e-05,173,58.959711454090915,58.959711454090915,58.959711454090915,0.9100673794746399
MMDpt_dc_ae_l10_g1.00e-05,dc_ae,down_blocks.3.0,1.00e-05,174,59.080638213636355,59.080638213636355,59.080638213636355,1.0693855285644531
MMDpt_dc_ae_l10_g1.00e-05,dc_ae,down_blocks.3.0,1.00e-05,175,59.15176404636364,59.15176404636364,59.15176404636364,0.9877858757972717
MMDpt_dc_ae_l10_g1.00e-05,dc_ae,down_blocks.3.0,1.00e-05,176,59.165360129545455,59.165360129545455,59.165360129545455,0.8904098868370056
MMDpt_dc_ae_l10_g1.00e-05,dc_ae,down_blocks.3.0,1.00e-05,177,59.343238913181814,59.343238913181814,59.343238913181814,0.8211528658866882
MMDpt_dc_ae_l10_g1.00e-05,dc_ae,down_blocks.3.0,1.00e-05,178,59.52943686818182,59.52943686818182,59.52943686818182,1.027469277381897
MMDpt_dc_ae_l10_g1.00e-05,dc_ae,down_blocks.3.0,1.00e-05,179,59.53394987363636,59.53394987363636,59.53394987363636,1.1065608263015747
MMDpt_dc_ae_l10_g1.00e-05,dc_ae,down_blocks.3.0,1.00e-05,180,59.61907620909091,59.61907620909091,59.61907620909091,1.0066438913345337
MMDpt_dc_ae_l10_g1.00e-05,dc_ae,down_blocks.3.0,1.00e-05,181,59.64024705,59.64024705,59.64024705,1.0012058019638062
MMDpt_dc_ae_l10_g1.00e-05,dc_ae,down_blocks.3.0,1.00e-05,182,59.81487126545455,59.81487126545455,59.81487126545455,1.1147387027740479
MMDpt_dc_ae_l10_g1.00e-05,dc_ae,down_blocks.3.0,1.00e-05,183,59.821444613636366,59.821444613636366,59.821444613636366,1.0066816806793213
MMDpt_dc_ae_l10_g1.00e-05,dc_ae,down_blocks.3.0,1.00e-05,184,59.82249576181818,59.82249576181818,59.82249576181818,0.924355149269104
MMDpt_dc_ae_l10_g1.00e-05,dc_ae,down_blocks.3.0,1.00e-05,185,60.13491826227273,60.13491826227273,60.13491826227273,1.116613507270813
MMDpt_dc_ae_l10_g1.00e-05,dc_ae,down_blocks.3.0,1.00e-05,186,60.66603184545455,60.66603184545455,60.66603184545455,0.9561454057693481
MMDpt_dc_ae_l10_g1.00e-05,dc_ae,down_blocks.3.0,1.00e-05,187,60.91525143409091,60.91525143409091,60.91525143409091,1.094710350036621
MMDpt_dc_ae_l10_g1.00e-05,dc_ae,down_blocks.3.0,1.00e-05,188,60.98922430909091,60.98922430909091,60.98922430909091,0.966500997543335
MMDpt_dc_ae_l10_g1.00e-05,dc_ae,down_blocks.3.0,1.00e-05,189,61.15445065909091,61.15445065909091,61.15445065909091,0.9445874094963074
MMDpt_dc_ae_l10_g1.00e-05,dc_ae,down_blocks.3.0,1.00e-05,190,61.257236485,61.257236485,61.257236485,1.0594816207885742
MMDpt_dc_ae_l10_g1.00e-05,dc_ae,down_blocks.3.0,1.00e-05,191,61.38288141818182,61.38288141818182,61.38288141818182,0.9641624689102173
MMDpt_dc_ae_l10_g1.00e-05,dc_ae,down_blocks.3.0,1.00e-05,192,61.41676890772727,61.41676890772727,61.41676890772727,0.9724410176277161
MMDpt_dc_ae_l10_g1.00e-05,dc_ae,down_blocks.3.0,1.00e-05,193,61.450913154545454,61.450913154545454,61.450913154545454,1.0051460266113281
MMDpt_dc_ae_l10_g1.00e-05,dc_ae,down_blocks.3.0,1.00e-05,194,61.557454278181815,61.557454278181815,61.557454278181815,1.0572302341461182
MMDpt_dc_ae_l10_g1.00e-05,dc_ae,down_blocks.3.0,1.00e-05,195,61.612018317727276,61.612018317727276,61.612018317727276,0.9727524518966675
MMDpt_dc_ae_l10_g1.00e-05,dc_ae,down_blocks.3.0,1.00e-05,196,61.66026577136363,61.66026577136363,61.66026577136363,1.0914855003356934
MMDpt_dc_ae_l10_g1.00e-05,dc_ae,down_blocks.3.0,1.00e-05,197,61.784896459090916,61.784896459090916,61.784896459090916,0.9991302490234375
MMDpt_dc_ae_l10_g1.00e-05,dc_ae,down_blocks.3.0,1.00e-05,198,61.80260090454545,61.80260090454545,61.80260090454545,1.0485719442367554
MMDpt_dc_ae_l10_g1.00e-05,dc_ae,down_blocks.3.0,1.00e-05,199,62.04634134636364,62.04634134636364,62.04634134636364,1.0564484596252441
MMDpt_dc_ae_l10_g1.00e-05,dc_ae,down_blocks.3.0,1.00e-05,200,62.140166177272725,62.140166177272725,62.140166177272725,0.9784089922904968
MMDpt_dc_ae_l10_g1.00e-05,dc_ae,down_blocks.3.0,1.00e-05,201,62.30800517363637,62.30800517363637,62.30800517363637,1.125235915184021
MMDpt_dc_ae_l10_g1.00e-05,dc_ae,down_blocks.3.0,1.00e-05,202,62.48285368636363,62.48285368636363,62.48285368636363,1.0125080347061157
MMDpt_dc_ae_l10_g1.00e-05,dc_ae,down_blocks.3.0,1.00e-05,203,62.50087945,62.50087945,62.50087945,1.0010603666305542
MMDpt_dc_ae_l10_g1.00e-05,dc_ae,down_blocks.3.0,1.00e-05,204,62.515273900000004,62.515273900000004,62.515273900000004,0.9289978742599487
MMDpt_dc_ae_l10_g1.00e-05,dc_ae,down_blocks.3.0,1.00e-05,205,62.56153540454545,62.56153540454545,62.56153540454545,0.9098869562149048
MMDpt_dc_ae_l10_g1.00e-05,dc_ae,down_blocks.3.0,1.00e-05,206,62.62842450590909,62.62842450590909,62.62842450590909,1.0268093347549438
MMDpt_dc_ae_l10_g1.00e-05,dc_ae,down_blocks.3.0,1.00e-05,207,62.64787497272727,62.64787497272727,62.64787497272727,0.9344443678855896
MMDpt_dc_ae_l10_g1.00e-05,dc_ae,down_blocks.3.0,1.00e-05,208,62.80573838590909,62.80573838590909,62.80573838590909,1.013296127319336
MMDpt_dc_ae_l10_g1.00e-05,dc_ae,down_blocks.3.0,1.00e-05,209,62.831736559090906,62.831736559090906,62.831736559090906,0.9777612686157227
MMDpt_dc_ae_l10_g1.00e-05,dc_ae,down_blocks.3.0,1.00e-05,210,63.033077886363635,63.033077886363635,63.033077886363635,1.1240630149841309
MMDpt_dc_ae_l10_g1.00e-05,dc_ae,down_blocks.3.0,1.00e-05,211,63.2958711590909,63.2958711590909,63.2958711590909,0.9443330764770508
MMDpt_dc_ae_l10_g1.00e-05,dc_ae,down_blocks.3.0,1.00e-05,212,63.30556153181818,63.30556153181818,63.30556153181818,0.9973495006561279
MMDpt_dc_ae_l10_g1.00e-05,dc_ae,down_blocks.3.0,1.00e-05,213,63.451246159090914,63.451246159090914,63.451246159090914,1.0534907579421997
MMDpt_dc_ae_l10_g1.00e-05,dc_ae,down_blocks.3.0,1.00e-05,214,63.51674641363636,63.51674641363636,63.51674641363636,1.0042110681533813
MMDpt_dc_ae_l10_g1.00e-05,dc_ae,down_blocks.3.0,1.00e-05,215,63.52993807136364,63.52993807136364,63.52993807136364,0.9163175225257874
MMDpt_dc_ae_l10_g1.00e-05,dc_ae,down_blocks.3.0,1.00e-05,216,63.601648069090906,63.601648069090906,63.601648069090906,0.9083483815193176
MMDpt_dc_ae_l10_g1.00e-05,dc_ae,down_blocks.3.0,1.00e-05,217,63.632569839545454,63.632569839545454,63.632569839545454,1.0193300247192383
MMDpt_dc_ae_l10_g1.00e-05,dc_ae,down_blocks.3.0,1.00e-05,218,63.65115097727273,63.65115097727273,63.65115097727273,1.0268021821975708
MMDpt_dc_ae_l10_g1.00e-05,dc_ae,down_blocks.3.0,1.00e-05,219,63.71100458181818,63.71100458181818,63.71100458181818,0.9441888332366943
MMDpt_dc_ae_l10_g1.00e-05,dc_ae,down_blocks.3.0,1.00e-05,220,63.89873966363636,63.89873966363636,63.89873966363636,0.914864182472229
MMDpt_dc_ae_l10_g1.00e-05,dc_ae,down_blocks.3.0,1.00e-05,221,63.92419218818182,63.92419218818182,63.92419218818182,0.8729275465011597
MMDpt_dc_ae_l10_g1.00e-05,dc_ae,down_blocks.3.0,1.00e-05,222,63.96103896818182,63.96103896818182,63.96103896818182,1.0247936248779297
MMDpt_dc_ae_l10_g1.00e-05,dc_ae,down_blocks.3.0,1.00e-05,223,63.99746849090909,63.99746849090909,63.99746849090909,1.1028014421463013
MMDpt_dc_ae_l10_g1.00e-05,dc_ae,down_blocks.3.0,1.00e-05,224,64.02118780454545,64.02118780454545,64.02118780454545,1.0318727493286133
MMDpt_dc_ae_l10_g1.00e-05,dc_ae,down_blocks.3.0,1.00e-05,225,64.02835174090909,64.02835174090909,64.02835174090909,0.8918007612228394
MMDpt_dc_ae_l10_g1.00e-05,dc_ae,down_blocks.3.0,1.00e-05,226,64.1043883409091,64.1043883409091,64.1043883409091,1.0765113830566406
MMDpt_dc_ae_l10_g1.00e-05,dc_ae,down_blocks.3.0,1.00e-05,227,64.15682117727273,64.15682117727273,64.15682117727273,0.9326246380805969
MMDpt_dc_ae_l10_g1.00e-05,dc_ae,down_blocks.3.0,1.00e-05,228,64.23845857272727,64.23845857272727,64.23845857272727,1.0553284883499146
MMDpt_dc_ae_l10_g1.00e-05,dc_ae,down_blocks.3.0,1.00e-05,229,64.25370258636363,64.25370258636363,64.25370258636363,0.9835823774337769
MMDpt_dc_ae_l10_g1.00e-05,dc_ae,down_blocks.3.0,1.00e-05,230,64.32671434181817,64.32671434181817,64.32671434181817,1.0541311502456665
MMDpt_dc_ae_l10_g1.00e-05,dc_ae,down_blocks.3.0,1.00e-05,231,64.40631527727272,64.40631527727272,64.40631527727272,0.9503577351570129
MMDpt_dc_ae_l10_g1.00e-05,dc_ae,down_blocks.3.0,1.00e-05,232,64.56676404090909,64.56676404090909,64.56676404090909,1.1042912006378174
MMDpt_dc_ae_l10_g1.00e-05,dc_ae,down_blocks.3.0,1.00e-05,233,64.70266141363636,64.70266141363636,64.70266141363636,0.991276204586029
MMDpt_dc_ae_l10_g1.00e-05,dc_ae,down_blocks.3.0,1.00e-05,234,64.83579067045456,64.83579067045456,64.83579067045456,1.0621997117996216
MMDpt_dc_ae_l10_g1.00e-05,dc_ae,down_blocks.3.0,1.00e-05,235,64.88276691590909,64.88276691590909,64.88276691590909,1.085438847541809
MMDpt_dc_ae_l10_g1.00e-05,dc_ae,down_blocks.3.0,1.00e-05,236,64.91428311818181,64.91428311818181,64.91428311818181,0.9801563024520874
MMDpt_dc_ae_l10_g1.00e-05,dc_ae,down_blocks.3.0,1.00e-05,237,64.99876317727272,64.99876317727272,64.99876317727272,1.0884965658187866
MMDpt_dc_ae_l10_g1.00e-05,dc_ae,down_blocks.3.0,1.00e-05,238,65.11283459954545,65.11283459954545,65.11283459954545,1.0713599920272827
MMDpt_dc_ae_l10_g1.00e-05,dc_ae,down_blocks.3.0,1.00e-05,239,65.12859398045454,65.12859398045454,65.12859398045454,0.9552927613258362
MMDpt_dc_ae_l10_g1.00e-05,dc_ae,down_blocks.3.0,1.00e-05,240,65.15700578272727,65.15700578272727,65.15700578272727,0.9200259447097778
MMDpt_dc_ae_l10_g1.00e-05,dc_ae,down_blocks.3.0,1.00e-05,241,65.26560826818182,65.26560826818182,65.26560826818182,0.9821378588676453
MMDpt_dc_ae_l10_g1.00e-05,dc_ae,down_blocks.3.0,1.00e-05,242,65.49862164545455,65.49862164545455,65.49862164545455,1.0457475185394287
MMDpt_dc_ae_l10_g1.00e-05,dc_ae,down_blocks.3.0,1.00e-05,243,65.58085287863636,65.58085287863636,65.58085287863636,0.9389144778251648
MMDpt_dc_ae_l10_g1.00e-05,dc_ae,down_blocks.3.0,1.00e-05,244,65.74797291818182,65.74797291818182,65.74797291818182,0.9670427441596985
MMDpt_dc_ae_l10_g1.00e-05,dc_ae,down_blocks.3.0,1.00e-05,245,65.77319434545456,65.77319434545456,65.77319434545456,0.9777478575706482
MMDpt_dc_ae_l10_g1.00e-05,dc_ae,down_blocks.3.0,1.00e-05,246,65.79643795909091,65.79643795909091,65.79643795909091,0.9393096566200256
MMDpt_dc_ae_l10_g1.00e-05,dc_ae,down_blocks.3.0,1.00e-05,247,65.90152255454545,65.90152255454545,65.90152255454545,1.0194929838180542
MMDpt_dc_ae_l10_g1.00e-05,dc_ae,down_blocks.3.0,1.00e-05,248,66.06104215454546,66.06104215454546,66.06104215454546,1.0095272064208984
MMDpt_dc_ae_l10_g1.00e-05,dc_ae,down_blocks.3.0,1.00e-05,249,66.34667021363636,66.34667021363636,66.34667021363636,1.0247740745544434
MMDpt_dc_ae_l10_g1.00e-05,dc_ae,down_blocks.3.0,1.00e-05,250,66.41367993636364,66.41367993636364,66.41367993636364,0.9502451419830322
MMDpt_dc_ae_l10_g1.00e-05,dc_ae,down_blocks.3.0,1.00e-05,251,66.49486482500001,66.49486482500001,66.49486482500001,1.0727795362472534
MMDpt_dc_ae_l10_g1.00e-05,dc_ae,down_blocks.3.0,1.00e-05,252,66.57540134545455,66.57540134545455,66.57540134545455,1.0389573574066162
MMDpt_dc_ae_l10_g1.00e-05,dc_ae,down_blocks.3.0,1.00e-05,253,66.64770191772728,66.64770191772728,66.64770191772728,1.0417523384094238
MMDpt_dc_ae_l10_g1.00e-05,dc_ae,down_blocks.3.0,1.00e-05,254,66.69631712272727,66.69631712272727,66.69631712272727,0.9196915626525879
MMDpt_dc_ae_l10_g1.00e-05,dc_ae,down_blocks.3.0,1.00e-05,255,66.69915260454546,66.69915260454546,66.69915260454546,1.1112360954284668
MMDpt_dc_ae_l10_g1.00e-05,dc_ae,down_blocks.3.0,1.00e-05,256,66.84640655909091,66.84640655909091,66.84640655909091,0.9459992051124573
MMDpt_dc_ae_l10_g1.00e-05,dc_ae,down_blocks.3.0,1.00e-05,257,66.92138232272727,66.92138232272727,66.92138232272727,0.8519182205200195
MMDpt_dc_ae_l10_g1.00e-05,dc_ae,down_blocks.3.0,1.00e-05,258,67.1600262,67.1600262,67.1600262,0.9036622047424316
MMDpt_dc_ae_l10_g1.00e-05,dc_ae,down_blocks.3.0,1.00e-05,259,67.24224864545455,67.24224864545455,67.24224864545455,1.0870838165283203
MMDpt_dc_ae_l10_g1.00e-05,dc_ae,down_blocks.3.0,1.00e-05,260,67.33497136227273,67.33497136227273,67.33497136227273,1.1256680488586426
MMDpt_dc_ae_l10_g1.00e-05,dc_ae,down_blocks.3.0,1.00e-05,261,67.50431248636363,67.50431248636363,67.50431248636363,1.0343985557556152
MMDpt_dc_ae_l10_g1.00e-05,dc_ae,down_blocks.3.0,1.00e-05,262,67.65232870272727,67.65232870272727,67.65232870272727,0.9876857995986938
MMDpt_dc_ae_l10_g1.00e-05,dc_ae,down_blocks.3.0,1.00e-05,263,67.78208407272727,67.78208407272727,67.78208407272727,0.932114839553833
MMDpt_dc_ae_l10_g1.00e-05,dc_ae,down_blocks.3.0,1.00e-05,264,67.84529925,67.84529925,67.84529925,0.9385504126548767
MMDpt_dc_ae_l10_g1.00e-05,dc_ae,down_blocks.3.0,1.00e-05,265,67.89158320909091,67.89158320909091,67.89158320909091,0.9839805960655212
MMDpt_dc_ae_l10_g1.00e-05,dc_ae,down_blocks.3.0,1.00e-05,266,67.98637594090908,67.98637594090908,67.98637594090908,0.9845607876777649
MMDpt_dc_ae_l10_g1.00e-05,dc_ae,down_blocks.3.0,1.00e-05,267,68.0851692090909,68.0851692090909,68.0851692090909,1.0138511657714844
MMDpt_dc_ae_l10_g1.00e-05,dc_ae,down_blocks.3.0,1.00e-05,268,68.12695885,68.12695885,68.12695885,0.9140830636024475
MMDpt_dc_ae_l10_g1.00e-05,dc_ae,down_blocks.3.0,1.00e-05,269,68.2302839,68.2302839,68.2302839,1.072096824645996
MMDpt_dc_ae_l10_g1.00e-05,dc_ae,down_blocks.3.0,1.00e-05,270,68.23565684545454,68.23565684545454,68.23565684545454,0.9740490913391113
MMDpt_dc_ae_l10_g1.00e-05,dc_ae,down_blocks.3.0,1.00e-05,271,68.26595938409092,68.26595938409092,68.26595938409092,0.8816094398498535
MMDpt_dc_ae_l10_g1.00e-05,dc_ae,down_blocks.3.0,1.00e-05,272,68.27114585318182,68.27114585318182,68.27114585318182,1.0476707220077515
MMDpt_dc_ae_l10_g1.00e-05,dc_ae,down_blocks.3.0,1.00e-05,273,68.32032611363637,68.32032611363637,68.32032611363637,0.9934945702552795
MMDpt_dc_ae_l10_g1.00e-05,dc_ae,down_blocks.3.0,1.00e-05,274,68.38830778636363,68.38830778636363,68.38830778636363,1.0834863185882568
MMDpt_dc_ae_l10_g1.00e-05,dc_ae,down_blocks.3.0,1.00e-05,275,68.41746199090909,68.41746199090909,68.41746199090909,0.9671913385391235
MMDpt_dc_ae_l10_g1.00e-05,dc_ae,down_blocks.3.0,1.00e-05,276,68.46063733181818,68.46063733181818,68.46063733181818,1.0105676651000977
MMDpt_dc_ae_l10_g1.00e-05,dc_ae,down_blocks.3.0,1.00e-05,277,68.46664887727273,68.46664887727273,68.46664887727273,0.899519681930542
MMDpt_dc_ae_l10_g1.00e-05,dc_ae,down_blocks.3.0,1.00e-05,278,68.47213741363636,68.47213741363636,68.47213741363636,1.092771291732788
MMDpt_dc_ae_l10_g1.00e-05,dc_ae,down_blocks.3.0,1.00e-05,279,68.93374281227273,68.93374281227273,68.93374281227273,0.974372148513794
MMDpt_dc_ae_l10_g1.00e-05,dc_ae,down_blocks.3.0,1.00e-05,280,69.04567613727274,69.04567613727274,69.04567613727274,0.9555471539497375
MMDpt_dc_ae_l10_g1.00e-05,dc_ae,down_blocks.3.0,1.00e-05,281,69.05974111818182,69.05974111818182,69.05974111818182,1.0531854629516602
MMDpt_dc_ae_l10_g1.00e-05,dc_ae,down_blocks.3.0,1.00e-05,282,69.09219679545454,69.09219679545454,69.09219679545454,1.0184314250946045
MMDpt_dc_ae_l10_g1.00e-05,dc_ae,down_blocks.3.0,1.00e-05,283,69.09712682727273,69.09712682727273,69.09712682727273,0.896995484828949
MMDpt_dc_ae_l10_g1.00e-05,dc_ae,down_blocks.3.0,1.00e-05,284,69.10091421363637,69.10091421363637,69.10091421363637,0.9411357045173645
MMDpt_dc_ae_l10_g1.00e-05,dc_ae,down_blocks.3.0,1.00e-05,285,69.10780212727273,69.10780212727273,69.10780212727273,0.9211665391921997
MMDpt_dc_ae_l10_g1.00e-05,dc_ae,down_blocks.3.0,1.00e-05,286,69.12065298636364,69.12065298636364,69.12065298636364,1.0169928073883057
MMDpt_dc_ae_l10_g1.00e-05,dc_ae,down_blocks.3.0,1.00e-05,287,69.18059698636364,69.18059698636364,69.18059698636364,1.0166597366333008
MMDpt_dc_ae_l10_g1.00e-05,dc_ae,down_blocks.3.0,1.00e-05,288,69.23367816363636,69.23367816363636,69.23367816363636,1.0681713819503784
MMDpt_dc_ae_l10_g1.00e-05,dc_ae,down_blocks.3.0,1.00e-05,289,69.2644266,69.2644266,69.2644266,1.0871236324310303
MMDpt_dc_ae_l10_g1.00e-05,dc_ae,down_blocks.3.0,1.00e-05,290,69.35791935818182,69.35791935818182,69.35791935818182,0.9935755729675293
MMDpt_dc_ae_l10_g1.00e-05,dc_ae,down_blocks.3.0,1.00e-05,291,69.61843814545455,69.61843814545455,69.61843814545455,0.9852599501609802
MMDpt_dc_ae_l10_g1.00e-05,dc_ae,down_blocks.3.0,1.00e-05,292,69.80519480454545,69.80519480454545,69.80519480454545,1.0309443473815918
MMDpt_dc_ae_l10_g1.00e-05,dc_ae,down_blocks.3.0,1.00e-05,293,69.8553488,69.8553488,69.8553488,1.0336335897445679
MMDpt_dc_ae_l10_g1.00e-05,dc_ae,down_blocks.3.0,1.00e-05,294,69.88728480909091,69.88728480909091,69.88728480909091,1.105330467224121
MMDpt_dc_ae_l10_g1.00e-05,dc_ae,down_blocks.3.0,1.00e-05,295,69.97248817863637,69.97248817863637,69.97248817863637,1.0283787250518799
MMDpt_dc_ae_l10_g1.00e-05,dc_ae,down_blocks.3.0,1.00e-05,296,70.05721009181819,70.05721009181819,70.05721009181819,0.9925135374069214
MMDpt_dc_ae_l10_g1.00e-05,dc_ae,down_blocks.3.0,1.00e-05,297,70.14929492727272,70.14929492727272,70.14929492727272,1.0266965627670288
MMDpt_dc_ae_l10_g1.00e-05,dc_ae,down_blocks.3.0,1.00e-05,298,70.15787111818182,70.15787111818182,70.15787111818182,0.9679566025733948
MMDpt_dc_ae_l10_g1.00e-05,dc_ae,down_blocks.3.0,1.00e-05,299,70.16147875909091,70.16147875909091,70.16147875909091,1.0878525972366333
MMDpt_dc_ae_l10_g1.00e-05,dc_ae,down_blocks.3.0,1.00e-05,300,70.20511073181818,70.20511073181818,70.20511073181818,1.0722006559371948
MMDpt_dc_ae_l10_g1.00e-05,dc_ae,down_blocks.3.0,1.00e-05,301,70.32331571818182,70.32331571818182,70.32331571818182,1.0687179565429688
MMDpt_dc_ae_l10_g1.00e-05,dc_ae,down_blocks.3.0,1.00e-05,302,70.37705808636363,70.37705808636363,70.37705808636363,1.1012259721755981
MMDpt_dc_ae_l10_g1.00e-05,dc_ae,down_blocks.3.0,1.00e-05,303,70.399005675,70.399005675,70.399005675,1.014692783355713
MMDpt_dc_ae_l10_g1.00e-05,dc_ae,down_blocks.3.0,1.00e-05,304,70.50181075318181,70.50181075318181,70.50181075318181,0.9584018588066101
MMDpt_dc_ae_l10_g1.00e-05,dc_ae,down_blocks.3.0,1.00e-05,305,70.6102672090909,70.6102672090909,70.6102672090909,1.0997592210769653
MMDpt_dc_ae_l10_g1.00e-05,dc_ae,down_blocks.3.0,1.00e-05,306,70.7436578590909,70.7436578590909,70.7436578590909,0.9845807552337646
MMDpt_dc_ae_l10_g1.00e-05,dc_ae,down_blocks.3.0,1.00e-05,307,70.83137117272727,70.83137117272727,70.83137117272727,1.0329840183258057
MMDpt_dc_ae_l10_g1.00e-05,dc_ae,down_blocks.3.0,1.00e-05,308,70.8352099,70.8352099,70.8352099,0.9428290128707886
MMDpt_dc_ae_l10_g1.00e-05,dc_ae,down_blocks.3.0,1.00e-05,309,70.84563281363636,70.84563281363636,70.84563281363636,1.0542731285095215
MMDpt_dc_ae_l10_g1.00e-05,dc_ae,down_blocks.3.0,1.00e-05,310,70.86294127272727,70.86294127272727,70.86294127272727,0.9413148760795593
MMDpt_dc_ae_l10_g1.00e-05,dc_ae,down_blocks.3.0,1.00e-05,311,70.88488886772727,70.88488886772727,70.88488886772727,0.945502758026123
MMDpt_dc_ae_l10_g1.00e-05,dc_ae,down_blocks.3.0,1.00e-05,312,70.94146290454545,70.94146290454545,70.94146290454545,0.8760873079299927
MMDpt_dc_ae_l10_g1.00e-05,dc_ae,down_blocks.3.0,1.00e-05,313,71.03486937272727,71.03486937272727,71.03486937272727,1.0455853939056396
MMDpt_dc_ae_l10_g1.00e-05,dc_ae,down_blocks.3.0,1.00e-05,314,71.06114357272727,71.06114357272727,71.06114357272727,0.9322397708892822
MMDpt_dc_ae_l10_g1.00e-05,dc_ae,down_blocks.3.0,1.00e-05,315,71.16676672727273,71.16676672727273,71.16676672727273,0.977600634098053
MMDpt_dc_ae_l10_g1.00e-05,dc_ae,down_blocks.3.0,1.00e-05,316,71.17873871818182,71.17873871818182,71.17873871818182,1.1077566146850586
MMDpt_dc_ae_l10_g1.00e-05,dc_ae,down_blocks.3.0,1.00e-05,317,71.2066498259091,71.2066498259091,71.2066498259091,0.955679714679718
MMDpt_dc_ae_l10_g1.00e-05,dc_ae,down_blocks.3.0,1.00e-05,318,71.25545576818182,71.25545576818182,71.25545576818182,1.073371171951294
MMDpt_dc_ae_l10_g1.00e-05,dc_ae,down_blocks.3.0,1.00e-05,319,71.3174982909091,71.3174982909091,71.3174982909091,1.0259521007537842
MMDpt_dc_ae_l10_g1.00e-05,dc_ae,down_blocks.3.0,1.00e-05,320,71.36296618181818,71.36296618181818,71.36296618181818,0.8554252982139587
MMDpt_dc_ae_l10_g1.00e-05,dc_ae,down_blocks.3.0,1.00e-05,321,71.46931471818182,71.46931471818182,71.46931471818182,1.0986546277999878
MMDpt_dc_ae_l10_g1.00e-05,dc_ae,down_blocks.3.0,1.00e-05,322,71.72297334090909,71.72297334090909,71.72297334090909,1.026127576828003
MMDpt_dc_ae_l10_g1.00e-05,dc_ae,down_blocks.3.0,1.00e-05,323,71.90808025909091,71.90808025909091,71.90808025909091,0.9468730688095093
MMDpt_dc_ae_l10_g1.00e-05,dc_ae,down_blocks.3.0,1.00e-05,324,71.99829709090909,71.99829709090909,71.99829709090909,0.9321607947349548
MMDpt_dc_ae_l10_g1.00e-05,dc_ae,down_blocks.3.0,1.00e-05,325,72.09644175681818,72.09644175681818,72.09644175681818,1.0116335153579712
MMDpt_dc_ae_l10_g1.00e-05,dc_ae,down_blocks.3.0,1.00e-05,326,72.15469048045455,72.15469048045455,72.15469048045455,1.073839783668518
MMDpt_dc_ae_l10_g1.00e-05,dc_ae,down_blocks.3.0,1.00e-05,327,72.16259906363636,72.16259906363636,72.16259906363636,0.933670163154602
MMDpt_dc_ae_l10_g1.00e-05,dc_ae,down_blocks.3.0,1.00e-05,328,72.25012620454545,72.25012620454545,72.25012620454545,0.9371691942214966
MMDpt_dc_ae_l10_g1.00e-05,dc_ae,down_blocks.3.0,1.00e-05,329,72.32991709090909,72.32991709090909,72.32991709090909,1.0607417821884155
MMDpt_dc_ae_l10_g1.00e-05,dc_ae,down_blocks.3.0,1.00e-05,330,72.3529890590909,72.3529890590909,72.3529890590909,0.9593116044998169
MMDpt_dc_ae_l10_g1.00e-05,dc_ae,down_blocks.3.0,1.00e-05,331,72.35690482818183,72.35690482818183,72.35690482818183,0.9806338548660278
MMDpt_dc_ae_l10_g1.00e-05,dc_ae,down_blocks.3.0,1.00e-05,332,72.45495321363636,72.45495321363636,72.45495321363636,0.9428192973136902
MMDpt_dc_ae_l10_g1.00e-05,dc_ae,down_blocks.3.0,1.00e-05,333,72.62635492727273,72.62635492727273,72.62635492727273,0.959091305732727
MMDpt_dc_ae_l10_g1.00e-05,dc_ae,down_blocks.3.0,1.00e-05,334,72.63195748181819,72.63195748181819,72.63195748181819,0.889750063419342
MMDpt_dc_ae_l10_g1.00e-05,dc_ae,down_blocks.3.0,1.00e-05,335,72.83995069636363,72.83995069636363,72.83995069636363,0.9380922913551331
MMDpt_dc_ae_l10_g1.00e-05,dc_ae,down_blocks.3.0,1.00e-05,336,72.89617321363636,72.89617321363636,72.89617321363636,0.9718292951583862
MMDpt_dc_ae_l10_g1.00e-05,dc_ae,down_blocks.3.0,1.00e-05,337,73.03390340545455,73.03390340545455,73.03390340545455,1.0667790174484253
MMDpt_dc_ae_l10_g1.00e-05,dc_ae,down_blocks.3.0,1.00e-05,338,73.11911989545455,73.11911989545455,73.11911989545455,0.9096785187721252
MMDpt_dc_ae_l10_g1.00e-05,dc_ae,down_blocks.3.0,1.00e-05,339,73.13833258181818,73.13833258181818,73.13833258181818,0.9534451365470886
MMDpt_dc_ae_l10_g1.00e-05,dc_ae,down_blocks.3.0,1.00e-05,340,73.33471177272727,73.33471177272727,73.33471177272727,0.9337903261184692
MMDpt_dc_ae_l10_g1.00e-05,dc_ae,down_blocks.3.0,1.00e-05,341,73.33981687045456,73.33981687045456,73.33981687045456,0.9883816242218018
MMDpt_dc_ae_l10_g1.00e-05,dc_ae,down_blocks.3.0,1.00e-05,342,73.39854528636364,73.39854528636364,73.39854528636364,0.8928368091583252
MMDpt_dc_ae_l10_g1.00e-05,dc_ae,down_blocks.3.0,1.00e-05,343,73.41015931818183,73.41015931818183,73.41015931818183,1.1222190856933594
MMDpt_dc_ae_l10_g1.00e-05,dc_ae,down_blocks.3.0,1.00e-05,344,73.44266513181819,73.44266513181819,73.44266513181819,1.042771577835083
MMDpt_dc_ae_l10_g1.00e-05,dc_ae,down_blocks.3.0,1.00e-05,345,73.44619574090909,73.44619574090909,73.44619574090909,0.9817848801612854
MMDpt_dc_ae_l10_g1.00e-05,dc_ae,down_blocks.3.0,1.00e-05,346,73.46868897499999,73.46868897499999,73.46868897499999,0.9245848655700684
MMDpt_dc_ae_l10_g1.00e-05,dc_ae,down_blocks.3.0,1.00e-05,347,73.50964273636363,73.50964273636363,73.50964273636363,1.0316836833953857
MMDpt_dc_ae_l10_g1.00e-05,dc_ae,down_blocks.3.0,1.00e-05,348,73.53120189545454,73.53120189545454,73.53120189545454,1.041185736656189
MMDpt_dc_ae_l10_g1.00e-05,dc_ae,down_blocks.3.0,1.00e-05,349,73.63946159545455,73.63946159545455,73.63946159545455,0.9991984367370605
MMDpt_dc_ae_l10_g1.00e-05,dc_ae,down_blocks.3.0,1.00e-05,350,73.76844457272728,73.76844457272728,73.76844457272728,0.988960325717926
MMDpt_dc_ae_l10_g1.00e-05,dc_ae,down_blocks.3.0,1.00e-05,351,73.80118299272728,73.80118299272728,73.80118299272728,0.9740398526191711
MMDpt_dc_ae_l10_g1.00e-05,dc_ae,down_blocks.3.0,1.00e-05,352,73.90576145,73.90576145,73.90576145,1.0894798040390015
MMDpt_dc_ae_l10_g1.00e-05,dc_ae,down_blocks.3.0,1.00e-05,353,73.96756481363637,73.96756481363637,73.96756481363637,0.9278983473777771
MMDpt_dc_ae_l10_g1.00e-05,dc_ae,down_blocks.3.0,1.00e-05,354,74.00717849454546,74.00717849454546,74.00717849454546,1.0608224868774414
MMDpt_dc_ae_l10_g1.00e-05,dc_ae,down_blocks.3.0,1.00e-05,355,74.01135728181818,74.01135728181818,74.01135728181818,1.0783472061157227
MMDpt_dc_ae_l10_g1.00e-05,dc_ae,down_blocks.3.0,1.00e-05,356,74.05095793636363,74.05095793636363,74.05095793636363,0.9757301211357117
MMDpt_dc_ae_l10_g1.00e-05,dc_ae,down_blocks.3.0,1.00e-05,357,74.05302495909092,74.05302495909092,74.05302495909092,0.8874560594558716
MMDpt_dc_ae_l10_g1.00e-05,dc_ae,down_blocks.3.0,1.00e-05,358,74.20412883636364,74.20412883636364,74.20412883636364,1.0706487894058228
MMDpt_dc_ae_l10_g1.00e-05,dc_ae,down_blocks.3.0,1.00e-05,359,74.32802774090909,74.32802774090909,74.32802774090909,1.1242715120315552
MMDpt_dc_ae_l10_g1.00e-05,dc_ae,down_blocks.3.0,1.00e-05,360,74.38583995454546,74.38583995454546,74.38583995454546,1.0593879222869873
MMDpt_dc_ae_l10_g1.00e-05,dc_ae,down_blocks.3.0,1.00e-05,361,74.46433656818182,74.46433656818182,74.46433656818182,0.9264098405838013
MMDpt_dc_ae_l10_g1.00e-05,dc_ae,down_blocks.3.0,1.00e-05,362,74.52572066363636,74.52572066363636,74.52572066363636,0.9927531480789185
MMDpt_dc_ae_l10_g1.00e-05,dc_ae,down_blocks.3.0,1.00e-05,363,74.86437946363637,74.86437946363637,74.86437946363637,1.114267110824585
MMDpt_dc_ae_l10_g1.00e-05,dc_ae,down_blocks.3.0,1.00e-05,364,74.89747095909091,74.89747095909091,74.89747095909091,0.9766451716423035
MMDpt_dc_ae_l10_g1.00e-05,dc_ae,down_blocks.3.0,1.00e-05,365,74.9084351090909,74.9084351090909,74.9084351090909,1.0377463102340698
MMDpt_dc_ae_l10_g1.00e-05,dc_ae,down_blocks.3.0,1.00e-05,366,75.02020153181819,75.02020153181819,75.02020153181819,0.963668167591095
MMDpt_dc_ae_l10_g1.00e-05,dc_ae,down_blocks.3.0,1.00e-05,367,75.04613550454546,75.04613550454546,75.04613550454546,0.9215351343154907
MMDpt_dc_ae_l10_g1.00e-05,dc_ae,down_blocks.3.0,1.00e-05,368,75.04910765454545,75.04910765454545,75.04910765454545,1.1017704010009766
MMDpt_dc_ae_l10_g1.00e-05,dc_ae,down_blocks.3.0,1.00e-05,369,75.04911406363637,75.04911406363637,75.04911406363637,1.063853144645691
MMDpt_dc_ae_l10_g1.00e-05,dc_ae,down_blocks.3.0,1.00e-05,370,75.14242499545455,75.14242499545455,75.14242499545455,0.8967825770378113
MMDpt_dc_ae_l10_g1.00e-05,dc_ae,down_blocks.3.0,1.00e-05,371,75.14524949545454,75.14524949545454,75.14524949545454,0.9956489205360413
MMDpt_dc_ae_l10_g1.00e-05,dc_ae,down_blocks.3.0,1.00e-05,372,75.21942449545455,75.21942449545455,75.21942449545455,0.9879515171051025
MMDpt_dc_ae_l10_g1.00e-05,dc_ae,down_blocks.3.0,1.00e-05,373,75.2494860690909,75.2494860690909,75.2494860690909,1.0038878917694092
MMDpt_dc_ae_l10_g1.00e-05,dc_ae,down_blocks.3.0,1.00e-05,374,75.29101026818182,75.29101026818182,75.29101026818182,1.0346629619598389
MMDpt_dc_ae_l10_g1.00e-05,dc_ae,down_blocks.3.0,1.00e-05,375,75.30463428181818,75.30463428181818,75.30463428181818,0.9340876340866089
MMDpt_dc_ae_l10_g1.00e-05,dc_ae,down_blocks.3.0,1.00e-05,376,75.35053226363635,75.35053226363635,75.35053226363635,1.079421043395996
MMDpt_dc_ae_l10_g1.00e-05,dc_ae,down_blocks.3.0,1.00e-05,377,75.358434425,75.358434425,75.358434425,0.9151529669761658
MMDpt_dc_ae_l10_g1.00e-05,dc_ae,down_blocks.3.0,1.00e-05,378,75.4765098,75.4765098,75.4765098,0.93986576795578
MMDpt_dc_ae_l10_g1.00e-05,dc_ae,down_blocks.3.0,1.00e-05,379,75.48288537727272,75.48288537727272,75.48288537727272,0.909648597240448
MMDpt_dc_ae_l10_g1.00e-05,dc_ae,down_blocks.3.0,1.00e-05,380,75.54217925454545,75.54217925454545,75.54217925454545,1.0389857292175293
MMDpt_dc_ae_l10_g1.00e-05,dc_ae,down_blocks.3.0,1.00e-05,381,75.65154605454546,75.65154605454546,75.65154605454546,1.0368132591247559
MMDpt_dc_ae_l10_g1.00e-05,dc_ae,down_blocks.3.0,1.00e-05,382,75.68111334545455,75.68111334545455,75.68111334545455,1.070651888847351
MMDpt_dc_ae_l10_g1.00e-05,dc_ae,down_blocks.3.0,1.00e-05,383,75.77031593636364,75.77031593636364,75.77031593636364,0.9536813497543335
MMDpt_dc_ae_l10_g1.00e-05,dc_ae,down_blocks.3.0,1.00e-05,384,75.78166525454546,75.78166525454546,75.78166525454546,1.0195508003234863
MMDpt_dc_ae_l10_g1.00e-05,dc_ae,down_blocks.3.0,1.00e-05,385,75.79512009954546,75.79512009954546,75.79512009954546,0.9699954390525818
MMDpt_dc_ae_l10_g1.00e-05,dc_ae,down_blocks.3.0,1.00e-05,386,75.84170493636363,75.84170493636363,75.84170493636363,0.933134913444519
MMDpt_dc_ae_l10_g1.00e-05,dc_ae,down_blocks.3.0,1.00e-05,387,75.84312428636363,75.84312428636363,75.84312428636363,0.9425721168518066
MMDpt_dc_ae_l10_g1.00e-05,dc_ae,down_blocks.3.0,1.00e-05,388,76.02107943636364,76.02107943636364,76.02107943636364,0.9752604961395264
MMDpt_dc_ae_l10_g1.00e-05,dc_ae,down_blocks.3.0,1.00e-05,389,76.07231828181818,76.07231828181818,76.07231828181818,0.9767123460769653
MMDpt_dc_ae_l10_g1.00e-05,dc_ae,down_blocks.3.0,1.00e-05,390,76.16321556363636,76.16321556363636,76.16321556363636,1.012393593788147
MMDpt_dc_ae_l10_g1.00e-05,dc_ae,down_blocks.3.0,1.00e-05,391,76.19598609272727,76.19598609272727,76.19598609272727,1.0559955835342407
MMDpt_dc_ae_l10_g1.00e-05,dc_ae,down_blocks.3.0,1.00e-05,392,76.26727722727273,76.26727722727273,76.26727722727273,0.9160853028297424
MMDpt_dc_ae_l10_g1.00e-05,dc_ae,down_blocks.3.0,1.00e-05,393,76.28929185454545,76.28929185454545,76.28929185454545,1.0336029529571533
MMDpt_dc_ae_l10_g1.00e-05,dc_ae,down_blocks.3.0,1.00e-05,394,76.28997104545455,76.28997104545455,76.28997104545455,0.9342694878578186
MMDpt_dc_ae_l10_g1.00e-05,dc_ae,down_blocks.3.0,1.00e-05,395,76.32376224090909,76.32376224090909,76.32376224090909,0.9844872951507568
MMDpt_dc_ae_l10_g1.00e-05,dc_ae,down_blocks.3.0,1.00e-05,396,76.35414479090909,76.35414479090909,76.35414479090909,0.9808616042137146
MMDpt_dc_ae_l10_g1.00e-05,dc_ae,down_blocks.3.0,1.00e-05,397,76.39021483181818,76.39021483181818,76.39021483181818,0.9967294931411743
MMDpt_dc_ae_l10_g1.00e-05,dc_ae,down_blocks.3.0,1.00e-05,398,76.45241142272727,76.45241142272727,76.45241142272727,1.0167064666748047
MMDpt_dc_ae_l10_g1.00e-05,dc_ae,down_blocks.3.0,1.00e-05,399,76.51437691681818,76.51437691681818,76.51437691681818,0.957769513130188
MMDpt_dc_ae_l10_g1.00e-05,dc_ae,down_blocks.3.0,1.00e-05,400,76.5471795409091,76.5471795409091,76.5471795409091,0.9878317713737488
MMDpt_dc_ae_l10_g1.00e-05,dc_ae,down_blocks.3.0,1.00e-05,401,76.59774437272728,76.59774437272728,76.59774437272728,0.9820352792739868
MMDpt_dc_ae_l10_g1.00e-05,dc_ae,down_blocks.3.0,1.00e-05,402,76.63823088636364,76.63823088636364,76.63823088636364,0.8982166647911072
MMDpt_dc_ae_l10_g1.00e-05,dc_ae,down_blocks.3.0,1.00e-05,403,76.64452179545455,76.64452179545455,76.64452179545455,1.0170167684555054
MMDpt_dc_ae_l10_g1.00e-05,dc_ae,down_blocks.3.0,1.00e-05,404,76.67493643727272,76.67493643727272,76.67493643727272,0.8638210296630859
MMDpt_dc_ae_l10_g1.00e-05,dc_ae,down_blocks.3.0,1.00e-05,405,76.67586082272727,76.67586082272727,76.67586082272727,1.0587971210479736
MMDpt_dc_ae_l10_g1.00e-05,dc_ae,down_blocks.3.0,1.00e-05,406,76.81212329090908,76.81212329090908,76.81212329090908,1.1047130823135376
MMDpt_dc_ae_l10_g1.00e-05,dc_ae,down_blocks.3.0,1.00e-05,407,76.90558185454546,76.90558185454546,76.90558185454546,1.0432157516479492
MMDpt_dc_ae_l10_g1.00e-05,dc_ae,down_blocks.3.0,1.00e-05,408,76.91644974545454,76.91644974545454,76.91644974545454,1.0535658597946167
MMDpt_dc_ae_l10_g1.00e-05,dc_ae,down_blocks.3.0,1.00e-05,409,76.98329391227273,76.98329391227273,76.98329391227273,0.9378583431243896
MMDpt_dc_ae_l10_g1.00e-05,dc_ae,down_blocks.3.0,1.00e-05,410,77.11547369545454,77.11547369545454,77.11547369545454,0.9720292687416077
MMDpt_dc_ae_l10_g1.00e-05,dc_ae,down_blocks.3.0,1.00e-05,411,77.14402031818182,77.14402031818182,77.14402031818182,0.9441235661506653
MMDpt_dc_ae_l10_g1.00e-05,dc_ae,down_blocks.3.0,1.00e-05,412,77.17084656363636,77.17084656363636,77.17084656363636,0.8982993364334106
MMDpt_dc_ae_l10_g1.00e-05,dc_ae,down_blocks.3.0,1.00e-05,413,77.25877326818183,77.25877326818183,77.25877326818183,1.0706840753555298
MMDpt_dc_ae_l10_g1.00e-05,dc_ae,down_blocks.3.0,1.00e-05,414,77.34552212272727,77.34552212272727,77.34552212272727,0.873886227607727
MMDpt_dc_ae_l10_g1.00e-05,dc_ae,down_blocks.3.0,1.00e-05,415,77.52582683636363,77.52582683636363,77.52582683636363,0.926841676235199
MMDpt_dc_ae_l10_g1.00e-05,dc_ae,down_blocks.3.0,1.00e-05,416,77.65479755863636,77.65479755863636,77.65479755863636,1.111390471458435
MMDpt_dc_ae_l10_g1.00e-05,dc_ae,down_blocks.3.0,1.00e-05,417,77.69959142727272,77.69959142727272,77.69959142727272,1.018324375152588
MMDpt_dc_ae_l10_g1.00e-05,dc_ae,down_blocks.3.0,1.00e-05,418,77.72501827727272,77.72501827727272,77.72501827727272,0.8265550136566162
MMDpt_dc_ae_l10_g1.00e-05,dc_ae,down_blocks.3.0,1.00e-05,419,77.83570625,77.83570625,77.83570625,1.0777182579040527
MMDpt_dc_ae_l10_g1.00e-05,dc_ae,down_blocks.3.0,1.00e-05,420,77.9733424409091,77.9733424409091,77.9733424409091,0.9681625962257385
MMDpt_dc_ae_l10_g1.00e-05,dc_ae,down_blocks.3.0,1.00e-05,421,78.0566007590909,78.0566007590909,78.0566007590909,0.9540013670921326
MMDpt_dc_ae_l10_g1.00e-05,dc_ae,down_blocks.3.0,1.00e-05,422,78.20425748181819,78.20425748181819,78.20425748181819,0.9435772895812988
MMDpt_dc_ae_l10_g1.00e-05,dc_ae,down_blocks.3.0,1.00e-05,423,78.23482706363636,78.23482706363636,78.23482706363636,0.9235244989395142
MMDpt_dc_ae_l10_g1.00e-05,dc_ae,down_blocks.3.0,1.00e-05,424,78.25971381363637,78.25971381363637,78.25971381363637,0.9902071952819824
MMDpt_dc_ae_l10_g1.00e-05,dc_ae,down_blocks.3.0,1.00e-05,425,78.3483194,78.3483194,78.3483194,0.8789293169975281
MMDpt_dc_ae_l10_g1.00e-05,dc_ae,down_blocks.3.0,1.00e-05,426,78.4185978909091,78.4185978909091,78.4185978909091,0.8845276832580566
MMDpt_dc_ae_l10_g1.00e-05,dc_ae,down_blocks.3.0,1.00e-05,427,78.53980069090909,78.53980069090909,78.53980069090909,0.9909113645553589
MMDpt_dc_ae_l10_g1.00e-05,dc_ae,down_blocks.3.0,1.00e-05,428,78.54177141363635,78.54177141363635,78.54177141363635,0.9695655107498169
MMDpt_dc_ae_l10_g1.00e-05,dc_ae,down_blocks.3.0,1.00e-05,429,78.57485005,78.57485005,78.57485005,0.9508895874023438
MMDpt_dc_ae_l10_g1.00e-05,dc_ae,down_blocks.3.0,1.00e-05,430,78.5853263609091,78.5853263609091,78.5853263609091,0.8809894919395447
MMDpt_dc_ae_l10_g1.00e-05,dc_ae,down_blocks.3.0,1.00e-05,431,78.61859467727272,78.61859467727272,78.61859467727272,1.0274598598480225
MMDpt_dc_ae_l10_g1.00e-05,dc_ae,down_blocks.3.0,1.00e-05,432,78.63007529545455,78.63007529545455,78.63007529545455,1.110435128211975
MMDpt_dc_ae_l10_g1.00e-05,dc_ae,down_blocks.3.0,1.00e-05,433,78.86957993181818,78.86957993181818,78.86957993181818,1.0574049949645996
MMDpt_dc_ae_l10_g1.00e-05,dc_ae,down_blocks.3.0,1.00e-05,434,79.22077921818182,79.22077921818182,79.22077921818182,0.939054012298584
MMDpt_dc_ae_l10_g1.00e-05,dc_ae,down_blocks.3.0,1.00e-05,435,79.25695136818182,79.25695136818182,79.25695136818182,1.024895191192627
MMDpt_dc_ae_l10_g1.00e-05,dc_ae,down_blocks.3.0,1.00e-05,436,79.28284742727273,79.28284742727273,79.28284742727273,1.0045613050460815
MMDpt_dc_ae_l10_g1.00e-05,dc_ae,down_blocks.3.0,1.00e-05,437,79.36729972727272,79.36729972727272,79.36729972727272,0.9994221925735474
MMDpt_dc_ae_l10_g1.00e-05,dc_ae,down_blocks.3.0,1.00e-05,438,79.46781420454546,79.46781420454546,79.46781420454546,1.1228716373443604
MMDpt_dc_ae_l10_g1.00e-05,dc_ae,down_blocks.3.0,1.00e-05,439,79.51125251363636,79.51125251363636,79.51125251363636,1.005676507949829
MMDpt_dc_ae_l10_g1.00e-05,dc_ae,down_blocks.3.0,1.00e-05,440,79.62850745318183,79.62850745318183,79.62850745318183,0.927606463432312
MMDpt_dc_ae_l10_g1.00e-05,dc_ae,down_blocks.3.0,1.00e-05,441,79.6499864090909,79.6499864090909,79.6499864090909,0.9634703993797302
MMDpt_dc_ae_l10_g1.00e-05,dc_ae,down_blocks.3.0,1.00e-05,442,79.75645692727272,79.75645692727272,79.75645692727272,0.9123589992523193
MMDpt_dc_ae_l10_g1.00e-05,dc_ae,down_blocks.3.0,1.00e-05,443,79.91532173636364,79.91532173636364,79.91532173636364,0.9962012767791748
MMDpt_dc_ae_l10_g1.00e-05,dc_ae,down_blocks.3.0,1.00e-05,444,79.94757872272727,79.94757872272727,79.94757872272727,0.9413427710533142
MMDpt_dc_ae_l10_g1.00e-05,dc_ae,down_blocks.3.0,1.00e-05,445,80.02392345454545,80.02392345454545,80.02392345454545,1.0094326734542847
MMDpt_dc_ae_l10_g1.00e-05,dc_ae,down_blocks.3.0,1.00e-05,446,80.13685939999999,80.13685939999999,80.13685939999999,1.0346100330352783
MMDpt_dc_ae_l10_g1.00e-05,dc_ae,down_blocks.3.0,1.00e-05,447,80.28660759545454,80.28660759545454,80.28660759545454,1.0873668193817139
MMDpt_dc_ae_l10_g1.00e-05,dc_ae,down_blocks.3.0,1.00e-05,448,80.40461357272727,80.40461357272727,80.40461357272727,1.0564312934875488
MMDpt_dc_ae_l10_g1.00e-05,dc_ae,down_blocks.3.0,1.00e-05,449,80.43965011363636,80.43965011363636,80.43965011363636,1.073177456855774
MMDpt_dc_ae_l10_g1.00e-05,dc_ae,down_blocks.3.0,1.00e-05,450,80.56802326363636,80.56802326363636,80.56802326363636,1.0929419994354248
MMDpt_dc_ae_l10_g1.00e-05,dc_ae,down_blocks.3.0,1.00e-05,451,80.69563893636364,80.69563893636364,80.69563893636364,0.9543311595916748
MMDpt_dc_ae_l10_g1.00e-05,dc_ae,down_blocks.3.0,1.00e-05,452,80.83871870454546,80.83871870454546,80.83871870454546,1.0941439867019653
MMDpt_dc_ae_l10_g1.00e-05,dc_ae,down_blocks.3.0,1.00e-05,453,80.88731798181819,80.88731798181819,80.88731798181819,0.9887893795967102
MMDpt_dc_ae_l10_g1.00e-05,dc_ae,down_blocks.3.0,1.00e-05,454,80.98601989090909,80.98601989090909,80.98601989090909,1.0530072450637817
MMDpt_dc_ae_l10_g1.00e-05,dc_ae,down_blocks.3.0,1.00e-05,455,81.02786977272727,81.02786977272727,81.02786977272727,1.0004854202270508
MMDpt_dc_ae_l10_g1.00e-05,dc_ae,down_blocks.3.0,1.00e-05,456,81.46314962272727,81.46314962272727,81.46314962272727,1.0292599201202393
MMDpt_dc_ae_l10_g1.00e-05,dc_ae,down_blocks.3.0,1.00e-05,457,81.49191450454545,81.49191450454545,81.49191450454545,0.9912273287773132
MMDpt_dc_ae_l10_g1.00e-05,dc_ae,down_blocks.3.0,1.00e-05,458,81.53910919545454,81.53910919545454,81.53910919545454,0.9082772731781006
MMDpt_dc_ae_l10_g1.00e-05,dc_ae,down_blocks.3.0,1.00e-05,459,81.65584415909092,81.65584415909092,81.65584415909092,1.1073453426361084
MMDpt_dc_ae_l10_g1.00e-05,dc_ae,down_blocks.3.0,1.00e-05,460,81.66778405000001,81.66778405000001,81.66778405000001,1.003485083580017
MMDpt_dc_ae_l10_g1.00e-05,dc_ae,down_blocks.3.0,1.00e-05,461,82.0783984909091,82.0783984909091,82.0783984909091,1.076965570449829
MMDpt_dc_ae_l10_g1.00e-05,dc_ae,down_blocks.3.0,1.00e-05,462,82.11143467727273,82.11143467727273,82.11143467727273,0.9044814109802246
MMDpt_dc_ae_l10_g1.00e-05,dc_ae,down_blocks.3.0,1.00e-05,463,82.15394328181819,82.15394328181819,82.15394328181819,1.060914397239685
MMDpt_dc_ae_l10_g1.00e-05,dc_ae,down_blocks.3.0,1.00e-05,464,82.87086985,82.87086985,82.87086985,1.0056545734405518
MMDpt_dc_ae_l10_g1.00e-05,dc_ae,down_blocks.3.0,1.00e-05,465,83.04785639090909,83.04785639090909,83.04785639090909,0.9805895686149597
MMDpt_dc_ae_l10_g1.00e-05,dc_ae,down_blocks.3.0,1.00e-05,466,83.2706767,83.2706767,83.2706767,0.9440630674362183
MMDpt_dc_ae_l10_g1.00e-05,dc_ae,down_blocks.3.0,1.00e-05,467,83.28013232272727,83.28013232272727,83.28013232272727,1.0186246633529663
MMDpt_dc_ae_l10_g1.00e-05,dc_ae,down_blocks.3.0,1.00e-05,468,83.32162666818182,83.32162666818182,83.32162666818182,0.8509443998336792
MMDpt_dc_ae_l10_g1.00e-05,dc_ae,down_blocks.3.0,1.00e-05,469,83.35334443181819,83.35334443181819,83.35334443181819,1.0015186071395874
MMDpt_dc_ae_l10_g1.00e-05,dc_ae,down_blocks.3.0,1.00e-05,470,83.45792123636365,83.45792123636365,83.45792123636365,0.9447681903839111
MMDpt_dc_ae_l10_g1.00e-05,dc_ae,down_blocks.3.0,1.00e-05,471,84.18152392727274,84.18152392727274,84.18152392727274,0.9431542158126831
MMDpt_dc_ae_l10_g1.00e-05,dc_ae,down_blocks.3.0,1.00e-05,472,84.62887205909091,84.62887205909091,84.62887205909091,0.8864378333091736
MMDpt_dc_ae_l10_g1.00e-05,dc_ae,down_blocks.3.0,1.00e-05,473,85.11071750454545,85.11071750454545,85.11071750454545,0.824105441570282
MMDpt_dc_ae_l10_g1.00e-05,dc_ae,down_blocks.3.0,1.00e-05,474,85.12217595454545,85.12217595454545,85.12217595454545,0.914575457572937
MMDpt_dc_ae_l10_g1.00e-05,dc_ae,down_blocks.3.0,1.00e-05,475,85.54109655454546,85.54109655454546,85.54109655454546,0.9348204135894775
MMDpt_dc_ae_l10_g1.00e-05,dc_ae,down_blocks.3.0,1.00e-05,476,85.8163718359091,85.8163718359091,85.8163718359091,1.1243845224380493
MMDpt_dc_ae_l10_g1.00e-05,dc_ae,down_blocks.3.0,1.00e-05,477,86.0069106,86.0069106,86.0069106,1.1149318218231201
MMDpt_dc_ae_l10_g1.00e-05,dc_ae,down_blocks.3.0,1.00e-05,478,86.07828567272726,86.07828567272726,86.07828567272726,1.0155977010726929
MMDpt_dc_ae_l10_g1.00e-05,dc_ae,down_blocks.3.0,1.00e-05,479,86.46879091363637,86.46879091363637,86.46879091363637,0.8877748250961304
MMDpt_dc_ae_l10_g1.00e-05,dc_ae,down_blocks.3.0,1.00e-05,480,87.81027129545454,87.81027129545454,87.81027129545454,1.085752248764038
MMDpt_dc_ae_l10_g2.80e-05,dc_ae,down_blocks.3.0,2.80e-05,1,10.383351573636363,10.383351573636363,10.383351573636363,1.0048315525054932
MMDpt_dc_ae_l10_g2.80e-05,dc_ae,down_blocks.3.0,2.80e-05,2,11.237612673636363,11.237612673636363,11.237612673636363,1.0070215463638306
MMDpt_dc_ae_l10_g2.80e-05,dc_ae,down_blocks.3.0,2.80e-05,3,12.873956289545454,12.873956289545454,12.873956289545454,1.0071502923965454
MMDpt_dc_ae_l10_g2.80e-05,dc_ae,down_blocks.3.0,2.80e-05,4,13.852077771363637,13.852077771363637,13.852077771363637,1.0032474994659424
MMDpt_dc_ae_l10_g2.80e-05,dc_ae,down_blocks.3.0,2.80e-05,5,14.772021149545454,14.772021149545454,14.772021149545454,1.0039998292922974
MMDpt_dc_ae_l10_g2.80e-05,dc_ae,down_blocks.3.0,2.80e-05,6,15.774696462272727,15.774696462272727,15.774696462272727,1.0071502923965454
MMDpt_dc_ae_l10_g2.80e-05,dc_ae,down_blocks.3.0,2.80e-05,7,16.11136225,16.11136225,16.11136225,1.0069165229797363
MMDpt_dc_ae_l10_g2.80e-05,dc_ae,down_blocks.3.0,2.80e-05,8,16.718538883636366,16.718538883636366,16.718538883636366,1.0044504404067993
MMDpt_dc_ae_l10_g2.80e-05,dc_ae,down_blocks.3.0,2.80e-05,9,16.83383592,16.83383592,16.83383592,0.999919056892395
MMDpt_dc_ae_l10_g2.80e-05,dc_ae,down_blocks.3.0,2.80e-05,10,16.977602550909094,16.977602550909094,16.977602550909094,0.9993520379066467
MMDpt_dc_ae_l10_g2.80e-05,dc_ae,down_blocks.3.0,2.80e-05,11,17.128398308636363,17.128398308636363,17.128398308636363,1.0068328380584717
MMDpt_dc_ae_l10_g2.80e-05,dc_ae,down_blocks.3.0,2.80e-05,12,17.49981897681818,17.49981897681818,17.49981897681818,1.006284236907959
MMDpt_dc_ae_l10_g2.80e-05,dc_ae,down_blocks.3.0,2.80e-05,13,18.01987185318182,18.01987185318182,18.01987185318182,1.0048047304153442
MMDpt_dc_ae_l10_g2.80e-05,dc_ae,down_blocks.3.0,2.80e-05,14,18.22368484818182,18.22368484818182,18.22368484818182,1.007121205329895
MMDpt_dc_ae_l10_g2.80e-05,dc_ae,down_blocks.3.0,2.80e-05,15,18.40435578590909,18.40435578590909,18.40435578590909,1.0054433345794678
MMDpt_dc_ae_l10_g2.80e-05,dc_ae,down_blocks.3.0,2.80e-05,16,18.964998386363636,18.964998386363636,18.964998386363636,1.0043017864227295
MMDpt_dc_ae_l10_g2.80e-05,dc_ae,down_blocks.3.0,2.80e-05,17,19.531784013636365,19.531784013636365,19.531784013636365,0.9950627684593201
MMDpt_dc_ae_l10_g2.80e-05,dc_ae,down_blocks.3.0,2.80e-05,18,21.457911477272727,21.457911477272727,21.457911477272727,1.0066155195236206
MMDpt_dc_ae_l10_g2.80e-05,dc_ae,down_blocks.3.0,2.80e-05,19,22.164942098181818,22.164942098181818,22.164942098181818,1.0020148754119873
MMDpt_dc_ae_l10_g2.80e-05,dc_ae,down_blocks.3.0,2.80e-05,20,22.207954510454545,22.207954510454545,22.207954510454545,1.0071316957473755
MMDpt_dc_ae_l10_g2.80e-05,dc_ae,down_blocks.3.0,2.80e-05,21,22.336504287727273,22.336504287727273,22.336504287727273,1.0007511377334595
MMDpt_dc_ae_l10_g2.80e-05,dc_ae,down_blocks.3.0,2.80e-05,22,22.775860404545455,22.775860404545455,22.775860404545455,1.00433349609375
MMDpt_dc_ae_l10_g2.80e-05,dc_ae,down_blocks.3.0,2.80e-05,23,23.03693973772727,23.03693973772727,23.03693973772727,1.002315878868103
MMDpt_dc_ae_l10_g2.80e-05,dc_ae,down_blocks.3.0,2.80e-05,24,23.073138160909092,23.073138160909092,23.073138160909092,1.004905343055725
MMDpt_dc_ae_l10_g2.80e-05,dc_ae,down_blocks.3.0,2.80e-05,25,23.859046570909094,23.859046570909094,23.859046570909094,1.0071454048156738
MMDpt_dc_ae_l10_g2.80e-05,dc_ae,down_blocks.3.0,2.80e-05,26,24.108436355454547,24.108436355454547,24.108436355454547,1.0021121501922607
MMDpt_dc_ae_l10_g2.80e-05,dc_ae,down_blocks.3.0,2.80e-05,27,24.136628927727273,24.136628927727273,24.136628927727273,1.0021696090698242
MMDpt_dc_ae_l10_g2.80e-05,dc_ae,down_blocks.3.0,2.80e-05,28,24.706419758636365,24.706419758636365,24.706419758636365,1.0064719915390015
MMDpt_dc_ae_l10_g2.80e-05,dc_ae,down_blocks.3.0,2.80e-05,29,25.160939161363636,25.160939161363636,25.160939161363636,1.0056002140045166
MMDpt_dc_ae_l10_g2.80e-05,dc_ae,down_blocks.3.0,2.80e-05,30,25.272293834545454,25.272293834545454,25.272293834545454,0.9907347559928894
MMDpt_dc_ae_l10_g2.80e-05,dc_ae,down_blocks.3.0,2.80e-05,31,25.739496508636364,25.739496508636364,25.739496508636364,1.006137490272522
MMDpt_dc_ae_l10_g2.80e-05,dc_ae,down_blocks.3.0,2.80e-05,32,26.08368123090909,26.08368123090909,26.08368123090909,1.0053800344467163
MMDpt_dc_ae_l10_g2.80e-05,dc_ae,down_blocks.3.0,2.80e-05,33,26.26193154681818,26.26193154681818,26.26193154681818,1.002110481262207
MMDpt_dc_ae_l10_g2.80e-05,dc_ae,down_blocks.3.0,2.80e-05,34,26.29922768272727,26.29922768272727,26.29922768272727,1.0041823387145996
MMDpt_dc_ae_l10_g2.80e-05,dc_ae,down_blocks.3.0,2.80e-05,35,26.647243233181822,26.647243233181822,26.647243233181822,1.0071502923965454
MMDpt_dc_ae_l10_g2.80e-05,dc_ae,down_blocks.3.0,2.80e-05,36,26.80277036,26.80277036,26.80277036,1.00167977809906
MMDpt_dc_ae_l10_g2.80e-05,dc_ae,down_blocks.3.0,2.80e-05,37,27.710613355454544,27.710613355454544,27.710613355454544,1.007096290588379
MMDpt_dc_ae_l10_g2.80e-05,dc_ae,down_blocks.3.0,2.80e-05,38,27.723830698181818,27.723830698181818,27.723830698181818,1.005947470664978
MMDpt_dc_ae_l10_g2.80e-05,dc_ae,down_blocks.3.0,2.80e-05,39,27.94224735681818,27.94224735681818,27.94224735681818,1.0022891759872437
MMDpt_dc_ae_l10_g2.80e-05,dc_ae,down_blocks.3.0,2.80e-05,40,28.008295531363636,28.008295531363636,28.008295531363636,1.0012811422348022
MMDpt_dc_ae_l10_g2.80e-05,dc_ae,down_blocks.3.0,2.80e-05,41,28.427649107272728,28.427649107272728,28.427649107272728,1.0052889585494995
MMDpt_dc_ae_l10_g2.80e-05,dc_ae,down_blocks.3.0,2.80e-05,42,28.610673086363636,28.610673086363636,28.610673086363636,1.0058244466781616
MMDpt_dc_ae_l10_g2.80e-05,dc_ae,down_blocks.3.0,2.80e-05,43,28.864666542727274,28.864666542727274,28.864666542727274,1.005300760269165
MMDpt_dc_ae_l10_g2.80e-05,dc_ae,down_blocks.3.0,2.80e-05,44,28.872480873181818,28.872480873181818,28.872480873181818,1.0044710636138916
MMDpt_dc_ae_l10_g2.80e-05,dc_ae,down_blocks.3.0,2.80e-05,45,29.867093540909092,29.867093540909092,29.867093540909092,1.0071502923965454
MMDpt_dc_ae_l10_g2.80e-05,dc_ae,down_blocks.3.0,2.80e-05,46,30.946254809545454,30.946254809545454,30.946254809545454,1.0009214878082275
MMDpt_dc_ae_l10_g2.80e-05,dc_ae,down_blocks.3.0,2.80e-05,47,31.113843444545456,31.113843444545456,31.113843444545456,1.0061161518096924
MMDpt_dc_ae_l10_g2.80e-05,dc_ae,down_blocks.3.0,2.80e-05,48,31.75240744409091,31.75240744409091,31.75240744409091,0.9981314539909363
MMDpt_dc_ae_l10_g2.80e-05,dc_ae,down_blocks.3.0,2.80e-05,49,31.962474827272725,31.962474827272725,31.962474827272725,0.9968041777610779
MMDpt_dc_ae_l10_g2.80e-05,dc_ae,down_blocks.3.0,2.80e-05,50,32.10326235227273,32.10326235227273,32.10326235227273,1.0033659934997559
MMDpt_dc_ae_l10_g2.80e-05,dc_ae,down_blocks.3.0,2.80e-05,51,32.57260997909091,32.57260997909091,32.57260997909091,1.0029698610305786
MMDpt_dc_ae_l10_g2.80e-05,dc_ae,down_blocks.3.0,2.80e-05,52,33.29309288772727,33.29309288772727,33.29309288772727,0.9982261657714844
MMDpt_dc_ae_l10_g2.80e-05,dc_ae,down_blocks.3.0,2.80e-05,53,33.63066458409091,33.63066458409091,33.63066458409091,1.004516363143921
MMDpt_dc_ae_l10_g2.80e-05,dc_ae,down_blocks.3.0,2.80e-05,54,33.94931614045454,33.94931614045454,33.94931614045454,0.997637927532196
MMDpt_dc_ae_l10_g2.80e-05,dc_ae,down_blocks.3.0,2.80e-05,55,34.254768114545456,34.254768114545456,34.254768114545456,1.0063258409500122
MMDpt_dc_ae_l10_g2.80e-05,dc_ae,down_blocks.3.0,2.80e-05,56,35.01583384090909,35.01583384090909,35.01583384090909,1.0032962560653687
MMDpt_dc_ae_l10_g2.80e-05,dc_ae,down_blocks.3.0,2.80e-05,57,35.61844186090909,35.61844186090909,35.61844186090909,1.0061922073364258
MMDpt_dc_ae_l10_g2.80e-05,dc_ae,down_blocks.3.0,2.80e-05,58,36.50372615909091,36.50372615909091,36.50372615909091,1.00634765625
MMDpt_dc_ae_l10_g2.80e-05,dc_ae,down_blocks.3.0,2.80e-05,59,36.74721518909091,36.74721518909091,36.74721518909091,1.0066300630569458
MMDpt_dc_ae_l10_g2.80e-05,dc_ae,down_blocks.3.0,2.80e-05,60,37.183868766818186,37.183868766818186,37.183868766818186,1.0061506032943726
MMDpt_dc_ae_l10_g2.80e-05,dc_ae,down_blocks.3.0,2.80e-05,61,37.586910895,37.586910895,37.586910895,0.9978482723236084
MMDpt_dc_ae_l10_g2.80e-05,dc_ae,down_blocks.3.0,2.80e-05,62,37.90925234181818,37.90925234181818,37.90925234181818,1.0011334419250488
MMDpt_dc_ae_l10_g2.80e-05,dc_ae,down_blocks.3.0,2.80e-05,63,39.159607152727276,39.159607152727276,39.159607152727276,1.006754755973816
MMDpt_dc_ae_l10_g2.80e-05,dc_ae,down_blocks.3.0,2.80e-05,64,39.16116855045455,39.16116855045455,39.16116855045455,1.0069262981414795
MMDpt_dc_ae_l10_g2.80e-05,dc_ae,down_blocks.3.0,2.80e-05,65,39.50363207727273,39.50363207727273,39.50363207727273,1.005074143409729
MMDpt_dc_ae_l10_g2.80e-05,dc_ae,down_blocks.3.0,2.80e-05,66,39.72578294681818,39.72578294681818,39.72578294681818,1.0048143863677979
MMDpt_dc_ae_l10_g2.80e-05,dc_ae,down_blocks.3.0,2.80e-05,67,40.10658689318182,40.10658689318182,40.10658689318182,1.0043169260025024
MMDpt_dc_ae_l10_g2.80e-05,dc_ae,down_blocks.3.0,2.80e-05,68,40.511631334545456,40.511631334545456,40.511631334545456,1.005649209022522
MMDpt_dc_ae_l10_g2.80e-05,dc_ae,down_blocks.3.0,2.80e-05,69,41.22542756590909,41.22542756590909,41.22542756590909,1.0054718255996704
MMDpt_dc_ae_l10_g2.80e-05,dc_ae,down_blocks.3.0,2.80e-05,70,41.450596035,41.450596035,41.450596035,1.0004024505615234
MMDpt_dc_ae_l10_g2.80e-05,dc_ae,down_blocks.3.0,2.80e-05,71,41.606778884545456,41.606778884545456,41.606778884545456,1.0007044076919556
MMDpt_dc_ae_l10_g2.80e-05,dc_ae,down_blocks.3.0,2.80e-05,72,41.74143011090909,41.74143011090909,41.74143011090909,1.0053869485855103
MMDpt_dc_ae_l10_g2.80e-05,dc_ae,down_blocks.3.0,2.80e-05,73,42.27668356454546,42.27668356454546,42.27668356454546,0.9997534155845642
MMDpt_dc_ae_l10_g2.80e-05,dc_ae,down_blocks.3.0,2.80e-05,74,42.349748590454546,42.349748590454546,42.349748590454546,1.0042812824249268
MMDpt_dc_ae_l10_g2.80e-05,dc_ae,down_blocks.3.0,2.80e-05,75,42.93479045136364,42.93479045136364,42.93479045136364,1.0069923400878906
MMDpt_dc_ae_l10_g2.80e-05,dc_ae,down_blocks.3.0,2.80e-05,76,42.999259720454546,42.999259720454546,42.999259720454546,1.005477786064148
MMDpt_dc_ae_l10_g2.80e-05,dc_ae,down_blocks.3.0,2.80e-05,77,43.14833512181818,43.14833512181818,43.14833512181818,1.0039993524551392
MMDpt_dc_ae_l10_g2.80e-05,dc_ae,down_blocks.3.0,2.80e-05,78,43.849900354999995,43.849900354999995,43.849900354999995,1.005953311920166
MMDpt_dc_ae_l10_g2.80e-05,dc_ae,down_blocks.3.0,2.80e-05,79,44.24228326,44.24228326,44.24228326,0.9971768856048584
MMDpt_dc_ae_l10_g2.80e-05,dc_ae,down_blocks.3.0,2.80e-05,80,44.68483293727273,44.68483293727273,44.68483293727273,1.0070816278457642
MMDpt_dc_ae_l10_g2.80e-05,dc_ae,down_blocks.3.0,2.80e-05,81,45.014271393181815,45.014271393181815,45.014271393181815,1.0037224292755127
MMDpt_dc_ae_l10_g2.80e-05,dc_ae,down_blocks.3.0,2.80e-05,82,45.044897863636365,45.044897863636365,45.044897863636365,1.0071461200714111
MMDpt_dc_ae_l10_g2.80e-05,dc_ae,down_blocks.3.0,2.80e-05,83,45.242849799999995,45.242849799999995,45.242849799999995,1.0011194944381714
MMDpt_dc_ae_l10_g2.80e-05,dc_ae,down_blocks.3.0,2.80e-05,84,45.34376912590909,45.34376912590909,45.34376912590909,1.002300500869751
MMDpt_dc_ae_l10_g2.80e-05,dc_ae,down_blocks.3.0,2.80e-05,85,45.44974382363636,45.44974382363636,45.44974382363636,1.0037899017333984
MMDpt_dc_ae_l10_g2.80e-05,dc_ae,down_blocks.3.0,2.80e-05,86,45.87703164136364,45.87703164136364,45.87703164136364,1.0011396408081055
MMDpt_dc_ae_l10_g2.80e-05,dc_ae,down_blocks.3.0,2.80e-05,87,46.05975058136364,46.05975058136364,46.05975058136364,1.0056073665618896
MMDpt_dc_ae_l10_g2.80e-05,dc_ae,down_blocks.3.0,2.80e-05,88,46.3385215,46.3385215,46.3385215,1.006117582321167
MMDpt_dc_ae_l10_g2.80e-05,dc_ae,down_blocks.3.0,2.80e-05,89,46.461104443636366,46.461104443636366,46.461104443636366,0.9968727827072144
MMDpt_dc_ae_l10_g2.80e-05,dc_ae,down_blocks.3.0,2.80e-05,90,46.55172569545454,46.55172569545454,46.55172569545454,1.0037126541137695
MMDpt_dc_ae_l10_g2.80e-05,dc_ae,down_blocks.3.0,2.80e-05,91,46.63784059272727,46.63784059272727,46.63784059272727,0.9984608888626099
MMDpt_dc_ae_l10_g2.80e-05,dc_ae,down_blocks.3.0,2.80e-05,92,46.92503363227272,46.92503363227272,46.92503363227272,1.0034226179122925
MMDpt_dc_ae_l10_g2.80e-05,dc_ae,down_blocks.3.0,2.80e-05,93,46.98420985,46.98420985,46.98420985,1.0030828714370728
MMDpt_dc_ae_l10_g2.80e-05,dc_ae,down_blocks.3.0,2.80e-05,94,47.05894020545455,47.05894020545455,47.05894020545455,1.0021357536315918
MMDpt_dc_ae_l10_g2.80e-05,dc_ae,down_blocks.3.0,2.80e-05,95,47.18393024863636,47.18393024863636,47.18393024863636,1.0067068338394165
MMDpt_dc_ae_l10_g2.80e-05,dc_ae,down_blocks.3.0,2.80e-05,96,47.45620903181818,47.45620903181818,47.45620903181818,1.0005333423614502
MMDpt_dc_ae_l10_g2.80e-05,dc_ae,down_blocks.3.0,2.80e-05,97,47.57944400681818,47.57944400681818,47.57944400681818,1.0006463527679443
MMDpt_dc_ae_l10_g2.80e-05,dc_ae,down_blocks.3.0,2.80e-05,98,47.68605184090909,47.68605184090909,47.68605184090909,0.9997259378433228
MMDpt_dc_ae_l10_g2.80e-05,dc_ae,down_blocks.3.0,2.80e-05,99,47.85413733318182,47.85413733318182,47.85413733318182,1.007117748260498
MMDpt_dc_ae_l10_g2.80e-05,dc_ae,down_blocks.3.0,2.80e-05,100,47.997159330454544,47.997159330454544,47.997159330454544,1.0060300827026367
MMDpt_dc_ae_l10_g2.80e-05,dc_ae,down_blocks.3.0,2.80e-05,101,48.745656067727275,48.745656067727275,48.745656067727275,1.0062321424484253
MMDpt_dc_ae_l10_g2.80e-05,dc_ae,down_blocks.3.0,2.80e-05,102,48.974869975454546,48.974869975454546,48.974869975454546,1.0010885000228882
MMDpt_dc_ae_l10_g2.80e-05,dc_ae,down_blocks.3.0,2.80e-05,103,49.269933079999994,49.269933079999994,49.269933079999994,1.0053132772445679
MMDpt_dc_ae_l10_g2.80e-05,dc_ae,down_blocks.3.0,2.80e-05,104,49.50143869090909,49.50143869090909,49.50143869090909,0.9961152672767639
MMDpt_dc_ae_l10_g2.80e-05,dc_ae,down_blocks.3.0,2.80e-05,105,50.02686477227273,50.02686477227273,50.02686477227273,1.003646731376648
MMDpt_dc_ae_l10_g2.80e-05,dc_ae,down_blocks.3.0,2.80e-05,106,50.24467801363637,50.24467801363637,50.24467801363637,1.0051040649414062
MMDpt_dc_ae_l10_g2.80e-05,dc_ae,down_blocks.3.0,2.80e-05,107,50.26601576545454,50.26601576545454,50.26601576545454,1.0048648118972778
MMDpt_dc_ae_l10_g2.80e-05,dc_ae,down_blocks.3.0,2.80e-05,108,50.287720933636365,50.287720933636365,50.287720933636365,1.0052381753921509
MMDpt_dc_ae_l10_g2.80e-05,dc_ae,down_blocks.3.0,2.80e-05,109,50.397065763181814,50.397065763181814,50.397065763181814,1.0061777830123901
MMDpt_dc_ae_l10_g2.80e-05,dc_ae,down_blocks.3.0,2.80e-05,110,50.44004938636363,50.44004938636363,50.44004938636363,1.0070244073867798
MMDpt_dc_ae_l10_g2.80e-05,dc_ae,down_blocks.3.0,2.80e-05,111,50.53053583909091,50.53053583909091,50.53053583909091,1.001071810722351
MMDpt_dc_ae_l10_g2.80e-05,dc_ae,down_blocks.3.0,2.80e-05,112,50.744067415454545,50.744067415454545,50.744067415454545,1.0058057308197021
MMDpt_dc_ae_l10_g2.80e-05,dc_ae,down_blocks.3.0,2.80e-05,113,50.877768575909094,50.877768575909094,50.877768575909094,1.0019488334655762
MMDpt_dc_ae_l10_g2.80e-05,dc_ae,down_blocks.3.0,2.80e-05,114,50.952142585000004,50.952142585000004,50.952142585000004,1.006771445274353
MMDpt_dc_ae_l10_g2.80e-05,dc_ae,down_blocks.3.0,2.80e-05,115,51.255980857727266,51.255980857727266,51.255980857727266,1.0032477378845215
MMDpt_dc_ae_l10_g2.80e-05,dc_ae,down_blocks.3.0,2.80e-05,116,51.47010300409091,51.47010300409091,51.47010300409091,1.0059312582015991
MMDpt_dc_ae_l10_g2.80e-05,dc_ae,down_blocks.3.0,2.80e-05,117,51.48649149727273,51.48649149727273,51.48649149727273,1.0061718225479126
MMDpt_dc_ae_l10_g2.80e-05,dc_ae,down_blocks.3.0,2.80e-05,118,51.49088870772727,51.49088870772727,51.49088870772727,1.0048218965530396
MMDpt_dc_ae_l10_g2.80e-05,dc_ae,down_blocks.3.0,2.80e-05,119,51.669473619090915,51.669473619090915,51.669473619090915,1.0042120218276978
MMDpt_dc_ae_l10_g2.80e-05,dc_ae,down_blocks.3.0,2.80e-05,120,51.78909724363636,51.78909724363636,51.78909724363636,1.0071405172348022
MMDpt_dc_ae_l10_g2.80e-05,dc_ae,down_blocks.3.0,2.80e-05,121,51.85205774272727,51.85205774272727,51.85205774272727,1.0004452466964722
MMDpt_dc_ae_l10_g2.80e-05,dc_ae,down_blocks.3.0,2.80e-05,122,51.87800455454545,51.87800455454545,51.87800455454545,1.006578803062439
MMDpt_dc_ae_l10_g2.80e-05,dc_ae,down_blocks.3.0,2.80e-05,123,51.92553946363636,51.92553946363636,51.92553946363636,1.0069607496261597
MMDpt_dc_ae_l10_g2.80e-05,dc_ae,down_blocks.3.0,2.80e-05,124,52.00039339090909,52.00039339090909,52.00039339090909,1.0060845613479614
MMDpt_dc_ae_l10_g2.80e-05,dc_ae,down_blocks.3.0,2.80e-05,125,52.126720309090906,52.126720309090906,52.126720309090906,1.0054303407669067
MMDpt_dc_ae_l10_g2.80e-05,dc_ae,down_blocks.3.0,2.80e-05,126,52.30133809090909,52.30133809090909,52.30133809090909,1.0059375762939453
MMDpt_dc_ae_l10_g2.80e-05,dc_ae,down_blocks.3.0,2.80e-05,127,52.82782977227273,52.82782977227273,52.82782977227273,1.0062601566314697
MMDpt_dc_ae_l10_g2.80e-05,dc_ae,down_blocks.3.0,2.80e-05,128,52.94948191,52.94948191,52.94948191,1.0046223402023315
MMDpt_dc_ae_l10_g2.80e-05,dc_ae,down_blocks.3.0,2.80e-05,129,52.977303153181815,52.977303153181815,52.977303153181815,1.0063225030899048
MMDpt_dc_ae_l10_g2.80e-05,dc_ae,down_blocks.3.0,2.80e-05,130,53.02329102272727,53.02329102272727,53.02329102272727,1.0071152448654175
MMDpt_dc_ae_l10_g2.80e-05,dc_ae,down_blocks.3.0,2.80e-05,131,53.11169118954546,53.11169118954546,53.11169118954546,1.0002223253250122
MMDpt_dc_ae_l10_g2.80e-05,dc_ae,down_blocks.3.0,2.80e-05,132,53.15595768772727,53.15595768772727,53.15595768772727,1.0054631233215332
MMDpt_dc_ae_l10_g2.80e-05,dc_ae,down_blocks.3.0,2.80e-05,133,53.19575964181818,53.19575964181818,53.19575964181818,1.0020134449005127
MMDpt_dc_ae_l10_g2.80e-05,dc_ae,down_blocks.3.0,2.80e-05,134,53.738266159999995,53.738266159999995,53.738266159999995,1.0070892572402954
MMDpt_dc_ae_l10_g2.80e-05,dc_ae,down_blocks.3.0,2.80e-05,135,54.35688324090909,54.35688324090909,54.35688324090909,1.0032942295074463
MMDpt_dc_ae_l10_g2.80e-05,dc_ae,down_blocks.3.0,2.80e-05,136,54.43010616227273,54.43010616227273,54.43010616227273,1.0047527551651
MMDpt_dc_ae_l10_g2.80e-05,dc_ae,down_blocks.3.0,2.80e-05,137,54.51598353272727,54.51598353272727,54.51598353272727,1.007001280784607
MMDpt_dc_ae_l10_g2.80e-05,dc_ae,down_blocks.3.0,2.80e-05,138,54.63723127590909,54.63723127590909,54.63723127590909,1.0065011978149414
MMDpt_dc_ae_l10_g2.80e-05,dc_ae,down_blocks.3.0,2.80e-05,139,54.68535675181818,54.68535675181818,54.68535675181818,1.0053309202194214
MMDpt_dc_ae_l10_g2.80e-05,dc_ae,down_blocks.3.0,2.80e-05,140,54.72388539863636,54.72388539863636,54.72388539863636,1.006473422050476
MMDpt_dc_ae_l10_g2.80e-05,dc_ae,down_blocks.3.0,2.80e-05,141,55.23867115454546,55.23867115454546,55.23867115454546,1.0028566122055054
MMDpt_dc_ae_l10_g2.80e-05,dc_ae,down_blocks.3.0,2.80e-05,142,55.2775563909091,55.2775563909091,55.2775563909091,1.0067625045776367
MMDpt_dc_ae_l10_g2.80e-05,dc_ae,down_blocks.3.0,2.80e-05,143,55.699695931818184,55.699695931818184,55.699695931818184,1.005271315574646
MMDpt_dc_ae_l10_g2.80e-05,dc_ae,down_blocks.3.0,2.80e-05,144,55.80372709545455,55.80372709545455,55.80372709545455,1.0060580968856812
MMDpt_dc_ae_l10_g2.80e-05,dc_ae,down_blocks.3.0,2.80e-05,145,55.82518654818182,55.82518654818182,55.82518654818182,1.0060094594955444
MMDpt_dc_ae_l10_g2.80e-05,dc_ae,down_blocks.3.0,2.80e-05,146,56.236087309090905,56.236087309090905,56.236087309090905,1.0049445629119873
MMDpt_dc_ae_l10_g2.80e-05,dc_ae,down_blocks.3.0,2.80e-05,147,56.34353036818182,56.34353036818182,56.34353036818182,1.0038422346115112
MMDpt_dc_ae_l10_g2.80e-05,dc_ae,down_blocks.3.0,2.80e-05,148,56.343846956363635,56.343846956363635,56.343846956363635,1.0010522603988647
MMDpt_dc_ae_l10_g2.80e-05,dc_ae,down_blocks.3.0,2.80e-05,149,56.418747340909086,56.418747340909086,56.418747340909086,0.9976990222930908
MMDpt_dc_ae_l10_g2.80e-05,dc_ae,down_blocks.3.0,2.80e-05,150,56.4284854,56.4284854,56.4284854,1.0070537328720093
MMDpt_dc_ae_l10_g2.80e-05,dc_ae,down_blocks.3.0,2.80e-05,151,56.43083487727272,56.43083487727272,56.43083487727272,1.0069693326950073
MMDpt_dc_ae_l10_g2.80e-05,dc_ae,down_blocks.3.0,2.80e-05,152,56.73676582727273,56.73676582727273,56.73676582727273,1.0063673257827759
MMDpt_dc_ae_l10_g2.80e-05,dc_ae,down_blocks.3.0,2.80e-05,153,56.80215198181818,56.80215198181818,56.80215198181818,1.0071502923965454
MMDpt_dc_ae_l10_g2.80e-05,dc_ae,down_blocks.3.0,2.80e-05,154,56.838491672272724,56.838491672272724,56.838491672272724,1.0004475116729736
MMDpt_dc_ae_l10_g2.80e-05,dc_ae,down_blocks.3.0,2.80e-05,155,56.87784920000001,56.87784920000001,56.87784920000001,1.0069063901901245
MMDpt_dc_ae_l10_g2.80e-05,dc_ae,down_blocks.3.0,2.80e-05,156,56.88495511818182,56.88495511818182,56.88495511818182,1.0029001235961914
MMDpt_dc_ae_l10_g2.80e-05,dc_ae,down_blocks.3.0,2.80e-05,157,56.89427865,56.89427865,56.89427865,0.9929047226905823
MMDpt_dc_ae_l10_g2.80e-05,dc_ae,down_blocks.3.0,2.80e-05,158,57.014437336363635,57.014437336363635,57.014437336363635,1.005849838256836
MMDpt_dc_ae_l10_g2.80e-05,dc_ae,down_blocks.3.0,2.80e-05,159,57.01605029863636,57.01605029863636,57.01605029863636,1.0057258605957031
MMDpt_dc_ae_l10_g2.80e-05,dc_ae,down_blocks.3.0,2.80e-05,160,57.06027285454545,57.06027285454545,57.06027285454545,1.005833387374878
MMDpt_dc_ae_l10_g2.80e-05,dc_ae,down_blocks.3.0,2.80e-05,161,57.08577673045454,57.08577673045454,57.08577673045454,1.0067448616027832
MMDpt_dc_ae_l10_g2.80e-05,dc_ae,down_blocks.3.0,2.80e-05,162,57.165035822727276,57.165035822727276,57.165035822727276,1.0063031911849976
MMDpt_dc_ae_l10_g2.80e-05,dc_ae,down_blocks.3.0,2.80e-05,163,57.30280682363637,57.30280682363637,57.30280682363637,1.0052262544631958
MMDpt_dc_ae_l10_g2.80e-05,dc_ae,down_blocks.3.0,2.80e-05,164,57.552973348181816,57.552973348181816,57.552973348181816,0.9995977878570557
MMDpt_dc_ae_l10_g2.80e-05,dc_ae,down_blocks.3.0,2.80e-05,165,57.715692645,57.715692645,57.715692645,1.0013996362686157
MMDpt_dc_ae_l10_g2.80e-05,dc_ae,down_blocks.3.0,2.80e-05,166,57.94736867727273,57.94736867727273,57.94736867727273,1.006376028060913
MMDpt_dc_ae_l10_g2.80e-05,dc_ae,down_blocks.3.0,2.80e-05,167,58.01582408181818,58.01582408181818,58.01582408181818,1.0069843530654907
MMDpt_dc_ae_l10_g2.80e-05,dc_ae,down_blocks.3.0,2.80e-05,168,58.14704098045454,58.14704098045454,58.14704098045454,0.9983720183372498
MMDpt_dc_ae_l10_g2.80e-05,dc_ae,down_blocks.3.0,2.80e-05,169,58.40466673181818,58.40466673181818,58.40466673181818,1.0068340301513672
MMDpt_dc_ae_l10_g2.80e-05,dc_ae,down_blocks.3.0,2.80e-05,170,58.48494007,58.48494007,58.48494007,1.0033531188964844
MMDpt_dc_ae_l10_g2.80e-05,dc_ae,down_blocks.3.0,2.80e-05,171,58.90741873181818,58.90741873181818,58.90741873181818,1.0055675506591797
MMDpt_dc_ae_l10_g2.80e-05,dc_ae,down_blocks.3.0,2.80e-05,172,58.92814133636364,58.92814133636364,58.92814133636364,1.0031052827835083
MMDpt_dc_ae_l10_g2.80e-05,dc_ae,down_blocks.3.0,2.80e-05,173,58.959711454090915,58.959711454090915,58.959711454090915,1.0012871026992798
MMDpt_dc_ae_l10_g2.80e-05,dc_ae,down_blocks.3.0,2.80e-05,174,59.080638213636355,59.080638213636355,59.080638213636355,1.0070087909698486
MMDpt_dc_ae_l10_g2.80e-05,dc_ae,down_blocks.3.0,2.80e-05,175,59.15176404636364,59.15176404636364,59.15176404636364,1.0052306652069092
MMDpt_dc_ae_l10_g2.80e-05,dc_ae,down_blocks.3.0,2.80e-05,176,59.165360129545455,59.165360129545455,59.165360129545455,0.9985297918319702
MMDpt_dc_ae_l10_g2.80e-05,dc_ae,down_blocks.3.0,2.80e-05,177,59.343238913181814,59.343238913181814,59.343238913181814,0.9915141463279724
MMDpt_dc_ae_l10_g2.80e-05,dc_ae,down_blocks.3.0,2.80e-05,178,59.52943686818182,59.52943686818182,59.52943686818182,1.0064829587936401
MMDpt_dc_ae_l10_g2.80e-05,dc_ae,down_blocks.3.0,2.80e-05,179,59.53394987363636,59.53394987363636,59.53394987363636,1.0071415901184082
MMDpt_dc_ae_l10_g2.80e-05,dc_ae,down_blocks.3.0,2.80e-05,180,59.61907620909091,59.61907620909091,59.61907620909091,1.0059950351715088
MMDpt_dc_ae_l10_g2.80e-05,dc_ae,down_blocks.3.0,2.80e-05,181,59.64024705,59.64024705,59.64024705,1.005802869796753
MMDpt_dc_ae_l10_g2.80e-05,dc_ae,down_blocks.3.0,2.80e-05,182,59.81487126545455,59.81487126545455,59.81487126545455,1.0071487426757812
MMDpt_dc_ae_l10_g2.80e-05,dc_ae,down_blocks.3.0,2.80e-05,183,59.821444613636366,59.821444613636366,59.821444613636366,1.0057830810546875
MMDpt_dc_ae_l10_g2.80e-05,dc_ae,down_blocks.3.0,2.80e-05,184,59.82249576181818,59.82249576181818,59.82249576181818,1.002233624458313
MMDpt_dc_ae_l10_g2.80e-05,dc_ae,down_blocks.3.0,2.80e-05,185,60.13491826227273,60.13491826227273,60.13491826227273,1.007149338722229
MMDpt_dc_ae_l10_g2.80e-05,dc_ae,down_blocks.3.0,2.80e-05,186,60.66603184545455,60.66603184545455,60.66603184545455,1.003671646118164
MMDpt_dc_ae_l10_g2.80e-05,dc_ae,down_blocks.3.0,2.80e-05,187,60.91525143409091,60.91525143409091,60.91525143409091,1.0071202516555786
MMDpt_dc_ae_l10_g2.80e-05,dc_ae,down_blocks.3.0,2.80e-05,188,60.98922430909091,60.98922430909091,60.98922430909091,1.004561185836792
MMDpt_dc_ae_l10_g2.80e-05,dc_ae,down_blocks.3.0,2.80e-05,189,61.15445065909091,61.15445065909091,61.15445065909091,1.0030113458633423
MMDpt_dc_ae_l10_g2.80e-05,dc_ae,down_blocks.3.0,2.80e-05,190,61.257236485,61.257236485,61.257236485,1.0068888664245605
MMDpt_dc_ae_l10_g2.80e-05,dc_ae,down_blocks.3.0,2.80e-05,191,61.38288141818182,61.38288141818182,61.38288141818182,1.0040658712387085
MMDpt_dc_ae_l10_g2.80e-05,dc_ae,down_blocks.3.0,2.80e-05,192,61.41676890772727,61.41676890772727,61.41676890772727,1.0048274993896484
MMDpt_dc_ae_l10_g2.80e-05,dc_ae,down_blocks.3.0,2.80e-05,193,61.450913154545454,61.450913154545454,61.450913154545454,1.0059362649917603
MMDpt_dc_ae_l10_g2.80e-05,dc_ae,down_blocks.3.0,2.80e-05,194,61.557454278181815,61.557454278181815,61.557454278181815,1.0069034099578857
MMDpt_dc_ae_l10_g2.80e-05,dc_ae,down_blocks.3.0,2.80e-05,195,61.612018317727276,61.612018317727276,61.612018317727276,1.0049028396606445
MMDpt_dc_ae_l10_g2.80e-05,dc_ae,down_blocks.3.0,2.80e-05,196,61.66026577136363,61.66026577136363,61.66026577136363,1.0071096420288086
MMDpt_dc_ae_l10_g2.80e-05,dc_ae,down_blocks.3.0,2.80e-05,197,61.784896459090916,61.784896459090916,61.784896459090916,1.005786657333374
MMDpt_dc_ae_l10_g2.80e-05,dc_ae,down_blocks.3.0,2.80e-05,198,61.80260090454545,61.80260090454545,61.80260090454545,1.0068069696426392
MMDpt_dc_ae_l10_g2.80e-05,dc_ae,down_blocks.3.0,2.80e-05,199,62.04634134636364,62.04634134636364,62.04634134636364,1.0069102048873901
MMDpt_dc_ae_l10_g2.80e-05,dc_ae,down_blocks.3.0,2.80e-05,200,62.140166177272725,62.140166177272725,62.140166177272725,1.0048613548278809
MMDpt_dc_ae_l10_g2.80e-05,dc_ae,down_blocks.3.0,2.80e-05,201,62.30800517363637,62.30800517363637,62.30800517363637,1.0071502923965454
MMDpt_dc_ae_l10_g2.80e-05,dc_ae,down_blocks.3.0,2.80e-05,202,62.48285368636363,62.48285368636363,62.48285368636363,1.005934715270996
MMDpt_dc_ae_l10_g2.80e-05,dc_ae,down_blocks.3.0,2.80e-05,203,62.50087945,62.50087945,62.50087945,1.005725383758545
MMDpt_dc_ae_l10_g2.80e-05,dc_ae,down_blocks.3.0,2.80e-05,204,62.515273900000004,62.515273900000004,62.515273900000004,1.0025713443756104
MMDpt_dc_ae_l10_g2.80e-05,dc_ae,down_blocks.3.0,2.80e-05,205,62.56153540454545,62.56153540454545,62.56153540454545,1.0011203289031982
MMDpt_dc_ae_l10_g2.80e-05,dc_ae,down_blocks.3.0,2.80e-05,206,62.62842450590909,62.62842450590909,62.62842450590909,1.0063755512237549
MMDpt_dc_ae_l10_g2.80e-05,dc_ae,down_blocks.3.0,2.80e-05,207,62.64787497272727,62.64787497272727,62.64787497272727,1.002302646636963
MMDpt_dc_ae_l10_g2.80e-05,dc_ae,down_blocks.3.0,2.80e-05,208,62.80573838590909,62.80573838590909,62.80573838590909,1.0061531066894531
MMDpt_dc_ae_l10_g2.80e-05,dc_ae,down_blocks.3.0,2.80e-05,209,62.831736559090906,62.831736559090906,62.831736559090906,1.004724144935608
MMDpt_dc_ae_l10_g2.80e-05,dc_ae,down_blocks.3.0,2.80e-05,210,63.033077886363635,63.033077886363635,63.033077886363635,1.0071502923965454
MMDpt_dc_ae_l10_g2.80e-05,dc_ae,down_blocks.3.0,2.80e-05,211,63.2958711590909,63.2958711590909,63.2958711590909,1.0033745765686035
MMDpt_dc_ae_l10_g2.80e-05,dc_ae,down_blocks.3.0,2.80e-05,212,63.30556153181818,63.30556153181818,63.30556153181818,1.0057107210159302
MMDpt_dc_ae_l10_g2.80e-05,dc_ae,down_blocks.3.0,2.80e-05,213,63.451246159090914,63.451246159090914,63.451246159090914,1.0068413019180298
MMDpt_dc_ae_l10_g2.80e-05,dc_ae,down_blocks.3.0,2.80e-05,214,63.51674641363636,63.51674641363636,63.51674641363636,1.0058342218399048
MMDpt_dc_ae_l10_g2.80e-05,dc_ae,down_blocks.3.0,2.80e-05,215,63.52993807136364,63.52993807136364,63.52993807136364,1.0012202262878418
MMDpt_dc_ae_l10_g2.80e-05,dc_ae,down_blocks.3.0,2.80e-05,216,63.601648069090906,63.601648069090906,63.601648069090906,1.0003855228424072
MMDpt_dc_ae_l10_g2.80e-05,dc_ae,down_blocks.3.0,2.80e-05,217,63.632569839545454,63.632569839545454,63.632569839545454,1.0062767267227173
MMDpt_dc_ae_l10_g2.80e-05,dc_ae,down_blocks.3.0,2.80e-05,218,63.65115097727273,63.65115097727273,63.65115097727273,1.0064414739608765
MMDpt_dc_ae_l10_g2.80e-05,dc_ae,down_blocks.3.0,2.80e-05,219,63.71100458181818,63.71100458181818,63.71100458181818,1.0034229755401611
MMDpt_dc_ae_l10_g2.80e-05,dc_ae,down_blocks.3.0,2.80e-05,220,63.89873966363636,63.89873966363636,63.89873966363636,1.0010075569152832
MMDpt_dc_ae_l10_g2.80e-05,dc_ae,down_blocks.3.0,2.80e-05,221,63.92419218818182,63.92419218818182,63.92419218818182,0.997650146484375
MMDpt_dc_ae_l10_g2.80e-05,dc_ae,down_blocks.3.0,2.80e-05,222,63.96103896818182,63.96103896818182,63.96103896818182,1.006333827972412
MMDpt_dc_ae_l10_g2.80e-05,dc_ae,down_blocks.3.0,2.80e-05,223,63.99746849090909,63.99746849090909,63.99746849090909,1.0071356296539307
MMDpt_dc_ae_l10_g2.80e-05,dc_ae,down_blocks.3.0,2.80e-05,224,64.02118780454545,64.02118780454545,64.02118780454545,1.0064727067947388
MMDpt_dc_ae_l10_g2.80e-05,dc_ae,down_blocks.3.0,2.80e-05,225,64.02835174090909,64.02835174090909,64.02835174090909,0.9991666674613953
MMDpt_dc_ae_l10_g2.80e-05,dc_ae,down_blocks.3.0,2.80e-05,226,64.1043883409091,64.1043883409091,64.1043883409091,1.0070570707321167
MMDpt_dc_ae_l10_g2.80e-05,dc_ae,down_blocks.3.0,2.80e-05,227,64.15682117727273,64.15682117727273,64.15682117727273,1.0025349855422974
MMDpt_dc_ae_l10_g2.80e-05,dc_ae,down_blocks.3.0,2.80e-05,228,64.23845857272727,64.23845857272727,64.23845857272727,1.0068962574005127
MMDpt_dc_ae_l10_g2.80e-05,dc_ae,down_blocks.3.0,2.80e-05,229,64.25370258636363,64.25370258636363,64.25370258636363,1.0051614046096802
MMDpt_dc_ae_l10_g2.80e-05,dc_ae,down_blocks.3.0,2.80e-05,230,64.32671434181817,64.32671434181817,64.32671434181817,1.0068469047546387
MMDpt_dc_ae_l10_g2.80e-05,dc_ae,down_blocks.3.0,2.80e-05,231,64.40631527727272,64.40631527727272,64.40631527727272,1.0038230419158936
MMDpt_dc_ae_l10_g2.80e-05,dc_ae,down_blocks.3.0,2.80e-05,232,64.56676404090909,64.56676404090909,64.56676404090909,1.007140040397644
MMDpt_dc_ae_l10_g2.80e-05,dc_ae,down_blocks.3.0,2.80e-05,233,64.70266141363636,64.70266141363636,64.70266141363636,1.00542151927948
MMDpt_dc_ae_l10_g2.80e-05,dc_ae,down_blocks.3.0,2.80e-05,234,64.83579067045456,64.83579067045456,64.83579067045456,1.0069530010223389
MMDpt_dc_ae_l10_g2.80e-05,dc_ae,down_blocks.3.0,2.80e-05,235,64.88276691590909,64.88276691590909,64.88276691590909,1.007094383239746
MMDpt_dc_ae_l10_g2.80e-05,dc_ae,down_blocks.3.0,2.80e-05,236,64.91428311818181,64.91428311818181,64.91428311818181,1.004852056503296
MMDpt_dc_ae_l10_g2.80e-05,dc_ae,down_blocks.3.0,2.80e-05,237,64.99876317727272,64.99876317727272,64.99876317727272,1.0070985555648804
MMDpt_dc_ae_l10_g2.80e-05,dc_ae,down_blocks.3.0,2.80e-05,238,65.11283459954545,65.11283459954545,65.11283459954545,1.006993293762207
MMDpt_dc_ae_l10_g2.80e-05,dc_ae,down_blocks.3.0,2.80e-05,239,65.12859398045454,65.12859398045454,65.12859398045454,1.0039619207382202
MMDpt_dc_ae_l10_g2.80e-05,dc_ae,down_blocks.3.0,2.80e-05,240,65.15700578272727,65.15700578272727,65.15700578272727,1.001536250114441
MMDpt_dc_ae_l10_g2.80e-05,dc_ae,down_blocks.3.0,2.80e-05,241,65.26560826818182,65.26560826818182,65.26560826818182,1.005189299583435
MMDpt_dc_ae_l10_g2.80e-05,dc_ae,down_blocks.3.0,2.80e-05,242,65.49862164545455,65.49862164545455,65.49862164545455,1.0067548751831055
MMDpt_dc_ae_l10_g2.80e-05,dc_ae,down_blocks.3.0,2.80e-05,243,65.58085287863636,65.58085287863636,65.58085287863636,1.0028841495513916
MMDpt_dc_ae_l10_g2.80e-05,dc_ae,down_blocks.3.0,2.80e-05,244,65.74797291818182,65.74797291818182,65.74797291818182,1.0046789646148682
MMDpt_dc_ae_l10_g2.80e-05,dc_ae,down_blocks.3.0,2.80e-05,245,65.77319434545456,65.77319434545456,65.77319434545456,1.0049418210983276
MMDpt_dc_ae_l10_g2.80e-05,dc_ae,down_blocks.3.0,2.80e-05,246,65.79643795909091,65.79643795909091,65.79643795909091,1.0029659271240234
MMDpt_dc_ae_l10_g2.80e-05,dc_ae,down_blocks.3.0,2.80e-05,247,65.90152255454545,65.90152255454545,65.90152255454545,1.0062514543533325
MMDpt_dc_ae_l10_g2.80e-05,dc_ae,down_blocks.3.0,2.80e-05,248,66.06104215454546,66.06104215454546,66.06104215454546,1.0061051845550537
MMDpt_dc_ae_l10_g2.80e-05,dc_ae,down_blocks.3.0,2.80e-05,249,66.34667021363636,66.34667021363636,66.34667021363636,1.0064351558685303
MMDpt_dc_ae_l10_g2.80e-05,dc_ae,down_blocks.3.0,2.80e-05,250,66.41367993636364,66.41367993636364,66.41367993636364,1.0033539533615112
MMDpt_dc_ae_l10_g2.80e-05,dc_ae,down_blocks.3.0,2.80e-05,251,66.49486482500001,66.49486482500001,66.49486482500001,1.0070306062698364
MMDpt_dc_ae_l10_g2.80e-05,dc_ae,down_blocks.3.0,2.80e-05,252,66.57540134545455,66.57540134545455,66.57540134545455,1.0065746307373047
MMDpt_dc_ae_l10_g2.80e-05,dc_ae,down_blocks.3.0,2.80e-05,253,66.64770191772728,66.64770191772728,66.64770191772728,1.006729245185852
MMDpt_dc_ae_l10_g2.80e-05,dc_ae,down_blocks.3.0,2.80e-05,254,66.69631712272727,66.69631712272727,66.69631712272727,1.0019135475158691
MMDpt_dc_ae_l10_g2.80e-05,dc_ae,down_blocks.3.0,2.80e-05,255,66.69915260454546,66.69915260454546,66.69915260454546,1.007145881652832
MMDpt_dc_ae_l10_g2.80e-05,dc_ae,down_blocks.3.0,2.80e-05,256,66.84640655909091,66.84640655909091,66.84640655909091,1.0031770467758179
MMDpt_dc_ae_l10_g2.80e-05,dc_ae,down_blocks.3.0,2.80e-05,257,66.92138232272727,66.92138232272727,66.92138232272727,0.9954382181167603
MMDpt_dc_ae_l10_g2.80e-05,dc_ae,down_blocks.3.0,2.80e-05,258,67.1600262,67.1600262,67.1600262,1.0004607439041138
MMDpt_dc_ae_l10_g2.80e-05,dc_ae,down_blocks.3.0,2.80e-05,259,67.24224864545455,67.24224864545455,67.24224864545455,1.00709068775177
MMDpt_dc_ae_l10_g2.80e-05,dc_ae,down_blocks.3.0,2.80e-05,260,67.33497136227273,67.33497136227273,67.33497136227273,1.0071502923965454
MMDpt_dc_ae_l10_g2.80e-05,dc_ae,down_blocks.3.0,2.80e-05,261,67.50431248636363,67.50431248636363,67.50431248636363,1.0066229104995728
MMDpt_dc_ae_l10_g2.80e-05,dc_ae,down_blocks.3.0,2.80e-05,262,67.65232870272727,67.65232870272727,67.65232870272727,1.0052437782287598
MMDpt_dc_ae_l10_g2.80e-05,dc_ae,down_blocks.3.0,2.80e-05,263,67.78208407272727,67.78208407272727,67.78208407272727,1.0027718544006348
MMDpt_dc_ae_l10_g2.80e-05,dc_ae,down_blocks.3.0,2.80e-05,264,67.84529925,67.84529925,67.84529925,1.0031934976577759
MMDpt_dc_ae_l10_g2.80e-05,dc_ae,down_blocks.3.0,2.80e-05,265,67.89158320909091,67.89158320909091,67.89158320909091,1.005185604095459
MMDpt_dc_ae_l10_g2.80e-05,dc_ae,down_blocks.3.0,2.80e-05,266,67.98637594090908,67.98637594090908,67.98637594090908,1.005184531211853
MMDpt_dc_ae_l10_g2.80e-05,dc_ae,down_blocks.3.0,2.80e-05,267,68.0851692090909,68.0851692090909,68.0851692090909,1.006186842918396
MMDpt_dc_ae_l10_g2.80e-05,dc_ae,down_blocks.3.0,2.80e-05,268,68.12695885,68.12695885,68.12695885,1.0011101961135864
MMDpt_dc_ae_l10_g2.80e-05,dc_ae,down_blocks.3.0,2.80e-05,269,68.2302839,68.2302839,68.2302839,1.0070255994796753
MMDpt_dc_ae_l10_g2.80e-05,dc_ae,down_blocks.3.0,2.80e-05,270,68.23565684545454,68.23565684545454,68.23565684545454,1.0048918724060059
MMDpt_dc_ae_l10_g2.80e-05,dc_ae,down_blocks.3.0,2.80e-05,271,68.26595938409092,68.26595938409092,68.26595938409092,0.998641848564148
MMDpt_dc_ae_l10_g2.80e-05,dc_ae,down_blocks.3.0,2.80e-05,272,68.27114585318182,68.27114585318182,68.27114585318182,1.0067795515060425
MMDpt_dc_ae_l10_g2.80e-05,dc_ae,down_blocks.3.0,2.80e-05,273,68.32032611363637,68.32032611363637,68.32032611363637,1.0055525302886963
MMDpt_dc_ae_l10_g2.80e-05,dc_ae,down_blocks.3.0,2.80e-05,274,68.38830778636363,68.38830778636363,68.38830778636363,1.0070868730545044
MMDpt_dc_ae_l10_g2.80e-05,dc_ae,down_blocks.3.0,2.80e-05,275,68.41746199090909,68.41746199090909,68.41746199090909,1.004349708557129
MMDpt_dc_ae_l10_g2.80e-05,dc_ae,down_blocks.3.0,2.80e-05,276,68.46063733181818,68.46063733181818,68.46063733181818,1.0060926675796509
MMDpt_dc_ae_l10_g2.80e-05,dc_ae,down_blocks.3.0,2.80e-05,277,68.46664887727273,68.46664887727273,68.46664887727273,1.0004656314849854
MMDpt_dc_ae_l10_g2.80e-05,dc_ae,down_blocks.3.0,2.80e-05,278,68.47213741363636,68.47213741363636,68.47213741363636,1.0071161985397339
MMDpt_dc_ae_l10_g2.80e-05,dc_ae,down_blocks.3.0,2.80e-05,279,68.93374281227273,68.93374281227273,68.93374281227273,1.0049325227737427
MMDpt_dc_ae_l10_g2.80e-05,dc_ae,down_blocks.3.0,2.80e-05,280,69.04567613727274,69.04567613727274,69.04567613727274,1.0038034915924072
MMDpt_dc_ae_l10_g2.80e-05,dc_ae,down_blocks.3.0,2.80e-05,281,69.05974111818182,69.05974111818182,69.05974111818182,1.0068477392196655
MMDpt_dc_ae_l10_g2.80e-05,dc_ae,down_blocks.3.0,2.80e-05,282,69.09219679545454,69.09219679545454,69.09219679545454,1.0062998533248901
MMDpt_dc_ae_l10_g2.80e-05,dc_ae,down_blocks.3.0,2.80e-05,283,69.09712682727273,69.09712682727273,69.09712682727273,1.0002734661102295
MMDpt_dc_ae_l10_g2.80e-05,dc_ae,down_blocks.3.0,2.80e-05,284,69.10091421363637,69.10091421363637,69.10091421363637,1.0032362937927246
MMDpt_dc_ae_l10_g2.80e-05,dc_ae,down_blocks.3.0,2.80e-05,285,69.10780212727273,69.10780212727273,69.10780212727273,1.0016605854034424
MMDpt_dc_ae_l10_g2.80e-05,dc_ae,down_blocks.3.0,2.80e-05,286,69.12065298636364,69.12065298636364,69.12065298636364,1.006238579750061
MMDpt_dc_ae_l10_g2.80e-05,dc_ae,down_blocks.3.0,2.80e-05,287,69.18059698636364,69.18059698636364,69.18059698636364,1.0061395168304443
MMDpt_dc_ae_l10_g2.80e-05,dc_ae,down_blocks.3.0,2.80e-05,288,69.23367816363636,69.23367816363636,69.23367816363636,1.0069972276687622
MMDpt_dc_ae_l10_g2.80e-05,dc_ae,down_blocks.3.0,2.80e-05,289,69.2644266,69.2644266,69.2644266,1.0070993900299072
MMDpt_dc_ae_l10_g2.80e-05,dc_ae,down_blocks.3.0,2.80e-05,290,69.35791935818182,69.35791935818182,69.35791935818182,1.005650520324707
MMDpt_dc_ae_l10_g2.80e-05,dc_ae,down_blocks.3.0,2.80e-05,291,69.61843814545455,69.61843814545455,69.61843814545455,1.0052129030227661
MMDpt_dc_ae_l10_g2.80e-05,dc_ae,down_blocks.3.0,2.80e-05,292,69.80519480454545,69.80519480454545,69.80519480454545,1.0065144300460815
MMDpt_dc_ae_l10_g2.80e-05,dc_ae,down_blocks.3.0,2.80e-05,293,69.8553488,69.8553488,69.8553488,1.0065397024154663
MMDpt_dc_ae_l10_g2.80e-05,dc_ae,down_blocks.3.0,2.80e-05,294,69.88728480909091,69.88728480909091,69.88728480909091,1.007142186164856
MMDpt_dc_ae_l10_g2.80e-05,dc_ae,down_blocks.3.0,2.80e-05,295,69.97248817863637,69.97248817863637,69.97248817863637,1.0064417123794556
MMDpt_dc_ae_l10_g2.80e-05,dc_ae,down_blocks.3.0,2.80e-05,296,70.05721009181819,70.05721009181819,70.05721009181819,1.0056129693984985
MMDpt_dc_ae_l10_g2.80e-05,dc_ae,down_blocks.3.0,2.80e-05,297,70.14929492727272,70.14929492727272,70.14929492727272,1.0064105987548828
MMDpt_dc_ae_l10_g2.80e-05,dc_ae,down_blocks.3.0,2.80e-05,298,70.15787111818182,70.15787111818182,70.15787111818182,1.00441312789917
MMDpt_dc_ae_l10_g2.80e-05,dc_ae,down_blocks.3.0,2.80e-05,299,70.16147875909091,70.16147875909091,70.16147875909091,1.0071004629135132
MMDpt_dc_ae_l10_g2.80e-05,dc_ae,down_blocks.3.0,2.80e-05,300,70.20511073181818,70.20511073181818,70.20511073181818,1.007030963897705
MMDpt_dc_ae_l10_g2.80e-05,dc_ae,down_blocks.3.0,2.80e-05,301,70.32331571818182,70.32331571818182,70.32331571818182,1.006969928741455
MMDpt_dc_ae_l10_g2.80e-05,dc_ae,down_blocks.3.0,2.80e-05,302,70.37705808636363,70.37705808636363,70.37705808636363,1.007136583328247
MMDpt_dc_ae_l10_g2.80e-05,dc_ae,down_blocks.3.0,2.80e-05,303,70.399005675,70.399005675,70.399005675,1.006219506263733
MMDpt_dc_ae_l10_g2.80e-05,dc_ae,down_blocks.3.0,2.80e-05,304,70.50181075318181,70.50181075318181,70.50181075318181,1.0040898323059082
MMDpt_dc_ae_l10_g2.80e-05,dc_ae,down_blocks.3.0,2.80e-05,305,70.6102672090909,70.6102672090909,70.6102672090909,1.0071322917938232
MMDpt_dc_ae_l10_g2.80e-05,dc_ae,down_blocks.3.0,2.80e-05,306,70.7436578590909,70.7436578590909,70.7436578590909,1.0051705837249756
MMDpt_dc_ae_l10_g2.80e-05,dc_ae,down_blocks.3.0,2.80e-05,307,70.83137117272727,70.83137117272727,70.83137117272727,1.0065488815307617
MMDpt_dc_ae_l10_g2.80e-05,dc_ae,down_blocks.3.0,2.80e-05,308,70.8352099,70.8352099,70.8352099,1.0034757852554321
MMDpt_dc_ae_l10_g2.80e-05,dc_ae,down_blocks.3.0,2.80e-05,309,70.84563281363636,70.84563281363636,70.84563281363636,1.0068774223327637
MMDpt_dc_ae_l10_g2.80e-05,dc_ae,down_blocks.3.0,2.80e-05,310,70.86294127272727,70.86294127272727,70.86294127272727,1.0028860569000244
MMDpt_dc_ae_l10_g2.80e-05,dc_ae,down_blocks.3.0,2.80e-05,311,70.88488886772727,70.88488886772727,70.88488886772727,1.0036163330078125
MMDpt_dc_ae_l10_g2.80e-05,dc_ae,down_blocks.3.0,2.80e-05,312,70.94146290454545,70.94146290454545,70.94146290454545,0.9981876015663147
MMDpt_dc_ae_l10_g2.80e-05,dc_ae,down_blocks.3.0,2.80e-05,313,71.03486937272727,71.03486937272727,71.03486937272727,1.006753921508789
MMDpt_dc_ae_l10_g2.80e-05,dc_ae,down_blocks.3.0,2.80e-05,314,71.06114357272727,71.06114357272727,71.06114357272727,1.0025347471237183
MMDpt_dc_ae_l10_g2.80e-05,dc_ae,down_blocks.3.0,2.80e-05,315,71.16676672727273,71.16676672727273,71.16676672727273,1.0049691200256348
MMDpt_dc_ae_l10_g2.80e-05,dc_ae,down_blocks.3.0,2.80e-05,316,71.17873871818182,71.17873871818182,71.17873871818182,1.007144808769226
MMDpt_dc_ae_l10_g2.80e-05,dc_ae,down_blocks.3.0,2.80e-05,317,71.2066498259091,71.2066498259091,71.2066498259091,1.0040693283081055
MMDpt_dc_ae_l10_g2.80e-05,dc_ae,down_blocks.3.0,2.80e-05,318,71.25545576818182,71.25545576818182,71.25545576818182,1.007038950920105
MMDpt_dc_ae_l10_g2.80e-05,dc_ae,down_blocks.3.0,2.80e-05,319,71.3174982909091,71.3174982909091,71.3174982909091,1.0064175128936768
MMDpt_dc_ae_l10_g2.80e-05,dc_ae,down_blocks.3.0,2.80e-05,320,71.36296618181818,71.36296618181818,71.36296618181818,0.9952819347381592
MMDpt_dc_ae_l10_g2.80e-05,dc_ae,down_blocks.3.0,2.80e-05,321,71.46931471818182,71.46931471818182,71.46931471818182,1.0071325302124023
MMDpt_dc_ae_l10_g2.80e-05,dc_ae,down_blocks.3.0,2.80e-05,322,71.72297334090909,71.72297334090909,71.72297334090909,1.0064024925231934
MMDpt_dc_ae_l10_g2.80e-05,dc_ae,down_blocks.3.0,2.80e-05,323,71.90808025909091,71.90808025909091,71.90808025909091,1.003706932067871
MMDpt_dc_ae_l10_g2.80e-05,dc_ae,down_blocks.3.0,2.80e-05,324,71.99829709090909,71.99829709090909,71.99829709090909,1.0022989511489868
MMDpt_dc_ae_l10_g2.80e-05,dc_ae,down_blocks.3.0,2.80e-05,325,72.09644175681818,72.09644175681818,72.09644175681818,1.0059539079666138
MMDpt_dc_ae_l10_g2.80e-05,dc_ae,down_blocks.3.0,2.80e-05,326,72.15469048045455,72.15469048045455,72.15469048045455,1.0070323944091797
MMDpt_dc_ae_l10_g2.80e-05,dc_ae,down_blocks.3.0,2.80e-05,327,72.16259906363636,72.16259906363636,72.16259906363636,1.0027663707733154
MMDpt_dc_ae_l10_g2.80e-05,dc_ae,down_blocks.3.0,2.80e-05,328,72.25012620454545,72.25012620454545,72.25012620454545,1.002821445465088
MMDpt_dc_ae_l10_g2.80e-05,dc_ae,down_blocks.3.0,2.80e-05,329,72.32991709090909,72.32991709090909,72.32991709090909,1.0069350004196167
MMDpt_dc_ae_l10_g2.80e-05,dc_ae,down_blocks.3.0,2.80e-05,330,72.3529890590909,72.3529890590909,72.3529890590909,1.0041664838790894
MMDpt_dc_ae_l10_g2.80e-05,dc_ae,down_blocks.3.0,2.80e-05,331,72.35690482818183,72.35690482818183,72.35690482818183,1.0050212144851685
MMDpt_dc_ae_l10_g2.80e-05,dc_ae,down_blocks.3.0,2.80e-05,332,72.45495321363636,72.45495321363636,72.45495321363636,1.0030946731567383
MMDpt_dc_ae_l10_g2.80e-05,dc_ae,down_blocks.3.0,2.80e-05,333,72.62635492727273,72.62635492727273,72.62635492727273,1.0041465759277344
MMDpt_dc_ae_l10_g2.80e-05,dc_ae,down_blocks.3.0,2.80e-05,334,72.63195748181819,72.63195748181819,72.63195748181819,0.998932421207428
MMDpt_dc_ae_l10_g2.80e-05,dc_ae,down_blocks.3.0,2.80e-05,335,72.83995069636363,72.83995069636363,72.83995069636363,1.0030332803726196
MMDpt_dc_ae_l10_g2.80e-05,dc_ae,down_blocks.3.0,2.80e-05,336,72.89617321363636,72.89617321363636,72.89617321363636,1.004669427871704
MMDpt_dc_ae_l10_g2.80e-05,dc_ae,down_blocks.3.0,2.80e-05,337,73.03390340545455,73.03390340545455,73.03390340545455,1.0069918632507324
MMDpt_dc_ae_l10_g2.80e-05,dc_ae,down_blocks.3.0,2.80e-05,338,73.11911989545455,73.11911989545455,73.11911989545455,1.0010815858840942
MMDpt_dc_ae_l10_g2.80e-05,dc_ae,down_blocks.3.0,2.80e-05,339,73.13833258181818,73.13833258181818,73.13833258181818,1.003949761390686
MMDpt_dc_ae_l10_g2.80e-05,dc_ae,down_blocks.3.0,2.80e-05,340,73.33471177272727,73.33471177272727,73.33471177272727,1.0020382404327393
MMDpt_dc_ae_l10_g2.80e-05,dc_ae,down_blocks.3.0,2.80e-05,341,73.33981687045456,73.33981687045456,73.33981687045456,1.005460262298584
MMDpt_dc_ae_l10_g2.80e-05,dc_ae,down_blocks.3.0,2.80e-05,342,73.39854528636364,73.39854528636364,73.39854528636364,0.9998113512992859
MMDpt_dc_ae_l10_g2.80e-05,dc_ae,down_blocks.3.0,2.80e-05,343,73.41015931818183,73.41015931818183,73.41015931818183,1.0071500539779663
MMDpt_dc_ae_l10_g2.80e-05,dc_ae,down_blocks.3.0,2.80e-05,344,73.44266513181819,73.44266513181819,73.44266513181819,1.0066654682159424
MMDpt_dc_ae_l10_g2.80e-05,dc_ae,down_blocks.3.0,2.80e-05,345,73.44619574090909,73.44619574090909,73.44619574090909,1.0052062273025513
MMDpt_dc_ae_l10_g2.80e-05,dc_ae,down_blocks.3.0,2.80e-05,346,73.46868897499999,73.46868897499999,73.46868897499999,1.0022425651550293
MMDpt_dc_ae_l10_g2.80e-05,dc_ae,down_blocks.3.0,2.80e-05,347,73.50964273636363,73.50964273636363,73.50964273636363,1.0065600872039795
MMDpt_dc_ae_l10_g2.80e-05,dc_ae,down_blocks.3.0,2.80e-05,348,73.53120189545454,73.53120189545454,73.53120189545454,1.0066906213760376
MMDpt_dc_ae_l10_g2.80e-05,dc_ae,down_blocks.3.0,2.80e-05,349,73.63946159545455,73.63946159545455,73.63946159545455,1.0057368278503418
MMDpt_dc_ae_l10_g2.80e-05,dc_ae,down_blocks.3.0,2.80e-05,350,73.76844457272728,73.76844457272728,73.76844457272728,1.0054787397384644
MMDpt_dc_ae_l10_g2.80e-05,dc_ae,down_blocks.3.0,2.80e-05,351,73.80118299272728,73.80118299272728,73.80118299272728,1.00484299659729
MMDpt_dc_ae_l10_g2.80e-05,dc_ae,down_blocks.3.0,2.80e-05,352,73.90576145,73.90576145,73.90576145,1.0071059465408325
MMDpt_dc_ae_l10_g2.80e-05,dc_ae,down_blocks.3.0,2.80e-05,353,73.96756481363637,73.96756481363637,73.96756481363637,1.0025362968444824
MMDpt_dc_ae_l10_g2.80e-05,dc_ae,down_blocks.3.0,2.80e-05,354,74.00717849454546,74.00717849454546,74.00717849454546,1.0069055557250977
MMDpt_dc_ae_l10_g2.80e-05,dc_ae,down_blocks.3.0,2.80e-05,355,74.01135728181818,74.01135728181818,74.01135728181818,1.0070427656173706
MMDpt_dc_ae_l10_g2.80e-05,dc_ae,down_blocks.3.0,2.80e-05,356,74.05095793636363,74.05095793636363,74.05095793636363,1.0048192739486694
MMDpt_dc_ae_l10_g2.80e-05,dc_ae,down_blocks.3.0,2.80e-05,357,74.05302495909092,74.05302495909092,74.05302495909092,0.9990720152854919
MMDpt_dc_ae_l10_g2.80e-05,dc_ae,down_blocks.3.0,2.80e-05,358,74.20412883636364,74.20412883636364,74.20412883636364,1.0069490671157837
MMDpt_dc_ae_l10_g2.80e-05,dc_ae,down_blocks.3.0,2.80e-05,359,74.32802774090909,74.32802774090909,74.32802774090909,1.0071502923965454
MMDpt_dc_ae_l10_g2.80e-05,dc_ae,down_blocks.3.0,2.80e-05,360,74.38583995454546,74.38583995454546,74.38583995454546,1.0068656206130981
MMDpt_dc_ae_l10_g2.80e-05,dc_ae,down_blocks.3.0,2.80e-05,361,74.46433656818182,74.46433656818182,74.46433656818182,1.0023199319839478
MMDpt_dc_ae_l10_g2.80e-05,dc_ae,down_blocks.3.0,2.80e-05,362,74.52572066363636,74.52572066363636,74.52572066363636,1.0054970979690552
MMDpt_dc_ae_l10_g2.80e-05,dc_ae,down_blocks.3.0,2.80e-05,363,74.86437946363637,74.86437946363637,74.86437946363637,1.0071487426757812
MMDpt_dc_ae_l10_g2.80e-05,dc_ae,down_blocks.3.0,2.80e-05,364,74.89747095909091,74.89747095909091,74.89747095909091,1.0048915147781372
MMDpt_dc_ae_l10_g2.80e-05,dc_ae,down_blocks.3.0,2.80e-05,365,74.9084351090909,74.9084351090909,74.9084351090909,1.0066747665405273
MMDpt_dc_ae_l10_g2.80e-05,dc_ae,down_blocks.3.0,2.80e-05,366,75.02020153181819,75.02020153181819,75.02020153181819,1.0042108297348022
MMDpt_dc_ae_l10_g2.80e-05,dc_ae,down_blocks.3.0,2.80e-05,367,75.04613550454546,75.04613550454546,75.04613550454546,1.0021165609359741
MMDpt_dc_ae_l10_g2.80e-05,dc_ae,down_blocks.3.0,2.80e-05,368,75.04910765454545,75.04910765454545,75.04910765454545,1.0071349143981934
MMDpt_dc_ae_l10_g2.80e-05,dc_ae,down_blocks.3.0,2.80e-05,369,75.04911406363637,75.04911406363637,75.04911406363637,1.0069648027420044
MMDpt_dc_ae_l10_g2.80e-05,dc_ae,down_blocks.3.0,2.80e-05,370,75.14242499545455,75.14242499545455,75.14242499545455,0.9998913407325745
MMDpt_dc_ae_l10_g2.80e-05,dc_ae,down_blocks.3.0,2.80e-05,371,75.14524949545454,75.14524949545454,75.14524949545454,1.0056524276733398
MMDpt_dc_ae_l10_g2.80e-05,dc_ae,down_blocks.3.0,2.80e-05,372,75.21942449545455,75.21942449545455,75.21942449545455,1.0054481029510498
MMDpt_dc_ae_l10_g2.80e-05,dc_ae,down_blocks.3.0,2.80e-05,373,75.2494860690909,75.2494860690909,75.2494860690909,1.0058103799819946
MMDpt_dc_ae_l10_g2.80e-05,dc_ae,down_blocks.3.0,2.80e-05,374,75.29101026818182,75.29101026818182,75.29101026818182,1.0065999031066895
MMDpt_dc_ae_l10_g2.80e-05,dc_ae,down_blocks.3.0,2.80e-05,375,75.30463428181818,75.30463428181818,75.30463428181818,1.002915382385254
MMDpt_dc_ae_l10_g2.80e-05,dc_ae,down_blocks.3.0,2.80e-05,376,75.35053226363635,75.35053226363635,75.35053226363635,1.0070527791976929
MMDpt_dc_ae_l10_g2.80e-05,dc_ae,down_blocks.3.0,2.80e-05,377,75.358434425,75.358434425,75.358434425,1.0008227825164795
MMDpt_dc_ae_l10_g2.80e-05,dc_ae,down_blocks.3.0,2.80e-05,378,75.4765098,75.4765098,75.4765098,1.0029926300048828
MMDpt_dc_ae_l10_g2.80e-05,dc_ae,down_blocks.3.0,2.80e-05,379,75.48288537727272,75.48288537727272,75.48288537727272,1.0012608766555786
MMDpt_dc_ae_l10_g2.80e-05,dc_ae,down_blocks.3.0,2.80e-05,380,75.54217925454545,75.54217925454545,75.54217925454545,1.0066725015640259
MMDpt_dc_ae_l10_g2.80e-05,dc_ae,down_blocks.3.0,2.80e-05,381,75.65154605454546,75.65154605454546,75.65154605454546,1.0066640377044678
MMDpt_dc_ae_l10_g2.80e-05,dc_ae,down_blocks.3.0,2.80e-05,382,75.68111334545455,75.68111334545455,75.68111334545455,1.0070140361785889
MMDpt_dc_ae_l10_g2.80e-05,dc_ae,down_blocks.3.0,2.80e-05,383,75.77031593636364,75.77031593636364,75.77031593636364,1.0038508176803589
MMDpt_dc_ae_l10_g2.80e-05,dc_ae,down_blocks.3.0,2.80e-05,384,75.78166525454546,75.78166525454546,75.78166525454546,1.0063236951828003
MMDpt_dc_ae_l10_g2.80e-05,dc_ae,down_blocks.3.0,2.80e-05,385,75.79512009954546,75.79512009954546,75.79512009954546,1.0047776699066162
MMDpt_dc_ae_l10_g2.80e-05,dc_ae,down_blocks.3.0,2.80e-05,386,75.84170493636363,75.84170493636363,75.84170493636363,1.0027828216552734
MMDpt_dc_ae_l10_g2.80e-05,dc_ae,down_blocks.3.0,2.80e-05,387,75.84312428636363,75.84312428636363,75.84312428636363,1.0032732486724854
MMDpt_dc_ae_l10_g2.80e-05,dc_ae,down_blocks.3.0,2.80e-05,388,76.02107943636364,76.02107943636364,76.02107943636364,1.0048326253890991
MMDpt_dc_ae_l10_g2.80e-05,dc_ae,down_blocks.3.0,2.80e-05,389,76.07231828181818,76.07231828181818,76.07231828181818,1.0049147605895996
MMDpt_dc_ae_l10_g2.80e-05,dc_ae,down_blocks.3.0,2.80e-05,390,76.16321556363636,76.16321556363636,76.16321556363636,1.0061235427856445
MMDpt_dc_ae_l10_g2.80e-05,dc_ae,down_blocks.3.0,2.80e-05,391,76.19598609272727,76.19598609272727,76.19598609272727,1.0068674087524414
MMDpt_dc_ae_l10_g2.80e-05,dc_ae,down_blocks.3.0,2.80e-05,392,76.26727722727273,76.26727722727273,76.26727722727273,1.0012259483337402
MMDpt_dc_ae_l10_g2.80e-05,dc_ae,down_blocks.3.0,2.80e-05,393,76.28929185454545,76.28929185454545,76.28929185454545,1.006541132926941
MMDpt_dc_ae_l10_g2.80e-05,dc_ae,down_blocks.3.0,2.80e-05,394,76.28997104545455,76.28997104545455,76.28997104545455,1.0028444528579712
MMDpt_dc_ae_l10_g2.80e-05,dc_ae,down_blocks.3.0,2.80e-05,395,76.32376224090909,76.32376224090909,76.32376224090909,1.0050181150436401
MMDpt_dc_ae_l10_g2.80e-05,dc_ae,down_blocks.3.0,2.80e-05,396,76.35414479090909,76.35414479090909,76.35414479090909,1.0051395893096924
MMDpt_dc_ae_l10_g2.80e-05,dc_ae,down_blocks.3.0,2.80e-05,397,76.39021483181818,76.39021483181818,76.39021483181818,1.0057076215744019
MMDpt_dc_ae_l10_g2.80e-05,dc_ae,down_blocks.3.0,2.80e-05,398,76.45241142272727,76.45241142272727,76.45241142272727,1.006073236465454
MMDpt_dc_ae_l10_g2.80e-05,dc_ae,down_blocks.3.0,2.80e-05,399,76.51437691681818,76.51437691681818,76.51437691681818,1.0038448572158813
MMDpt_dc_ae_l10_g2.80e-05,dc_ae,down_blocks.3.0,2.80e-05,400,76.5471795409091,76.5471795409091,76.5471795409091,1.005426287651062
MMDpt_dc_ae_l10_g2.80e-05,dc_ae,down_blocks.3.0,2.80e-05,401,76.59774437272728,76.59774437272728,76.59774437272728,1.0050103664398193
MMDpt_dc_ae_l10_g2.80e-05,dc_ae,down_blocks.3.0,2.80e-05,402,76.63823088636364,76.63823088636364,76.63823088636364,0.9996705055236816
MMDpt_dc_ae_l10_g2.80e-05,dc_ae,down_blocks.3.0,2.80e-05,403,76.64452179545455,76.64452179545455,76.64452179545455,1.0061748027801514
MMDpt_dc_ae_l10_g2.80e-05,dc_ae,down_blocks.3.0,2.80e-05,404,76.67493643727272,76.67493643727272,76.67493643727272,0.9968849420547485
MMDpt_dc_ae_l10_g2.80e-05,dc_ae,down_blocks.3.0,2.80e-05,405,76.67586082272727,76.67586082272727,76.67586082272727,1.0069231986999512
MMDpt_dc_ae_l10_g2.80e-05,dc_ae,down_blocks.3.0,2.80e-05,406,76.81212329090908,76.81212329090908,76.81212329090908,1.0071406364440918
MMDpt_dc_ae_l10_g2.80e-05,dc_ae,down_blocks.3.0,2.80e-05,407,76.90558185454546,76.90558185454546,76.90558185454546,1.0067098140716553
MMDpt_dc_ae_l10_g2.80e-05,dc_ae,down_blocks.3.0,2.80e-05,408,76.91644974545454,76.91644974545454,76.91644974545454,1.006858468055725
MMDpt_dc_ae_l10_g2.80e-05,dc_ae,down_blocks.3.0,2.80e-05,409,76.98329391227273,76.98329391227273,76.98329391227273,1.0030847787857056
MMDpt_dc_ae_l10_g2.80e-05,dc_ae,down_blocks.3.0,2.80e-05,410,77.11547369545454,77.11547369545454,77.11547369545454,1.0045653581619263
MMDpt_dc_ae_l10_g2.80e-05,dc_ae,down_blocks.3.0,2.80e-05,411,77.14402031818182,77.14402031818182,77.14402031818182,1.0031893253326416
MMDpt_dc_ae_l10_g2.80e-05,dc_ae,down_blocks.3.0,2.80e-05,412,77.17084656363636,77.17084656363636,77.17084656363636,1.000004529953003
MMDpt_dc_ae_l10_g2.80e-05,dc_ae,down_blocks.3.0,2.80e-05,413,77.25877326818183,77.25877326818183,77.25877326818183,1.0070102214813232
MMDpt_dc_ae_l10_g2.80e-05,dc_ae,down_blocks.3.0,2.80e-05,414,77.34552212272727,77.34552212272727,77.34552212272727,0.9967250227928162
MMDpt_dc_ae_l10_g2.80e-05,dc_ae,down_blocks.3.0,2.80e-05,415,77.52582683636363,77.52582683636363,77.52582683636363,1.0023393630981445
MMDpt_dc_ae_l10_g2.80e-05,dc_ae,down_blocks.3.0,2.80e-05,416,77.65479755863636,77.65479755863636,77.65479755863636,1.007147192955017
MMDpt_dc_ae_l10_g2.80e-05,dc_ae,down_blocks.3.0,2.80e-05,417,77.69959142727272,77.69959142727272,77.69959142727272,1.0063124895095825
MMDpt_dc_ae_l10_g2.80e-05,dc_ae,down_blocks.3.0,2.80e-05,418,77.72501827727272,77.72501827727272,77.72501827727272,0.9922963380813599
MMDpt_dc_ae_l10_g2.80e-05,dc_ae,down_blocks.3.0,2.80e-05,419,77.83570625,77.83570625,77.83570625,1.007063388824463
MMDpt_dc_ae_l10_g2.80e-05,dc_ae,down_blocks.3.0,2.80e-05,420,77.9733424409091,77.9733424409091,77.9733424409091,1.0046226978302002
MMDpt_dc_ae_l10_g2.80e-05,dc_ae,down_blocks.3.0,2.80e-05,421,78.0566007590909,78.0566007590909,78.0566007590909,1.003740906715393
MMDpt_dc_ae_l10_g2.80e-05,dc_ae,down_blocks.3.0,2.80e-05,422,78.20425748181819,78.20425748181819,78.20425748181819,1.0034165382385254
MMDpt_dc_ae_l10_g2.80e-05,dc_ae,down_blocks.3.0,2.80e-05,423,78.23482706363636,78.23482706363636,78.23482706363636,1.001847505569458
MMDpt_dc_ae_l10_g2.80e-05,dc_ae,down_blocks.3.0,2.80e-05,424,78.25971381363637,78.25971381363637,78.25971381363637,1.0054998397827148
MMDpt_dc_ae_l10_g2.80e-05,dc_ae,down_blocks.3.0,2.80e-05,425,78.3483194,78.3483194,78.3483194,0.9983238577842712
MMDpt_dc_ae_l10_g2.80e-05,dc_ae,down_blocks.3.0,2.80e-05,426,78.4185978909091,78.4185978909091,78.4185978909091,0.9986340403556824
MMDpt_dc_ae_l10_g2.80e-05,dc_ae,down_blocks.3.0,2.80e-05,427,78.53980069090909,78.53980069090909,78.53980069090909,1.0054080486297607
MMDpt_dc_ae_l10_g2.80e-05,dc_ae,down_blocks.3.0,2.80e-05,428,78.54177141363635,78.54177141363635,78.54177141363635,1.004713773727417
MMDpt_dc_ae_l10_g2.80e-05,dc_ae,down_blocks.3.0,2.80e-05,429,78.57485005,78.57485005,78.57485005,1.0038259029388428
MMDpt_dc_ae_l10_g2.80e-05,dc_ae,down_blocks.3.0,2.80e-05,430,78.5853263609091,78.5853263609091,78.5853263609091,0.9980688095092773
MMDpt_dc_ae_l10_g2.80e-05,dc_ae,down_blocks.3.0,2.80e-05,431,78.61859467727272,78.61859467727272,78.61859467727272,1.0064936876296997
MMDpt_dc_ae_l10_g2.80e-05,dc_ae,down_blocks.3.0,2.80e-05,432,78.63007529545455,78.63007529545455,78.63007529545455,1.0071451663970947
MMDpt_dc_ae_l10_g2.80e-05,dc_ae,down_blocks.3.0,2.80e-05,433,78.86957993181818,78.86957993181818,78.86957993181818,1.006888508796692
MMDpt_dc_ae_l10_g2.80e-05,dc_ae,down_blocks.3.0,2.80e-05,434,79.22077921818182,79.22077921818182,79.22077921818182,1.0030279159545898
MMDpt_dc_ae_l10_g2.80e-05,dc_ae,down_blocks.3.0,2.80e-05,435,79.25695136818182,79.25695136818182,79.25695136818182,1.0064421892166138
MMDpt_dc_ae_l10_g2.80e-05,dc_ae,down_blocks.3.0,2.80e-05,436,79.28284742727273,79.28284742727273,79.28284742727273,1.0059828758239746
MMDpt_dc_ae_l10_g2.80e-05,dc_ae,down_blocks.3.0,2.80e-05,437,79.36729972727272,79.36729972727272,79.36729972727272,1.0056791305541992
MMDpt_dc_ae_l10_g2.80e-05,dc_ae,down_blocks.3.0,2.80e-05,438,79.46781420454546,79.46781420454546,79.46781420454546,1.0071502923965454
MMDpt_dc_ae_l10_g2.80e-05,dc_ae,down_blocks.3.0,2.80e-05,439,79.51125251363636,79.51125251363636,79.51125251363636,1.005991816520691
MMDpt_dc_ae_l10_g2.80e-05,dc_ae,down_blocks.3.0,2.80e-05,440,79.62850745318183,79.62850745318183,79.62850745318183,1.0024458169937134
MMDpt_dc_ae_l10_g2.80e-05,dc_ae,down_blocks.3.0,2.80e-05,441,79.6499864090909,79.6499864090909,79.6499864090909,1.0043078660964966
MMDpt_dc_ae_l10_g2.80e-05,dc_ae,down_blocks.3.0,2.80e-05,442,79.75645692727272,79.75645692727272,79.75645692727272,1.0013843774795532
MMDpt_dc_ae_l10_g2.80e-05,dc_ae,down_blocks.3.0,2.80e-05,443,79.91532173636364,79.91532173636364,79.91532173636364,1.005650281906128
MMDpt_dc_ae_l10_g2.80e-05,dc_ae,down_blocks.3.0,2.80e-05,444,79.94757872272727,79.94757872272727,79.94757872272727,1.0032238960266113
MMDpt_dc_ae_l10_g2.80e-05,dc_ae,down_blocks.3.0,2.80e-05,445,80.02392345454545,80.02392345454545,80.02392345454545,1.006108283996582
MMDpt_dc_ae_l10_g2.80e-05,dc_ae,down_blocks.3.0,2.80e-05,446,80.13685939999999,80.13685939999999,80.13685939999999,1.00654935836792
MMDpt_dc_ae_l10_g2.80e-05,dc_ae,down_blocks.3.0,2.80e-05,447,80.28660759545454,80.28660759545454,80.28660759545454,1.0071018934249878
MMDpt_dc_ae_l10_g2.80e-05,dc_ae,down_blocks.3.0,2.80e-05,448,80.40461357272727,80.40461357272727,80.40461357272727,1.006898045539856
MMDpt_dc_ae_l10_g2.80e-05,dc_ae,down_blocks.3.0,2.80e-05,449,80.43965011363636,80.43965011363636,80.43965011363636,1.0070273876190186
MMDpt_dc_ae_l10_g2.80e-05,dc_ae,down_blocks.3.0,2.80e-05,450,80.56802326363636,80.56802326363636,80.56802326363636,1.0071154832839966
MMDpt_dc_ae_l10_g2.80e-05,dc_ae,down_blocks.3.0,2.80e-05,451,80.69563893636364,80.69563893636364,80.69563893636364,1.003373622894287
MMDpt_dc_ae_l10_g2.80e-05,dc_ae,down_blocks.3.0,2.80e-05,452,80.83871870454546,80.83871870454546,80.83871870454546,1.0071216821670532
MMDpt_dc_ae_l10_g2.80e-05,dc_ae,down_blocks.3.0,2.80e-05,453,80.88731798181819,80.88731798181819,80.88731798181819,1.0051919221878052
MMDpt_dc_ae_l10_g2.80e-05,dc_ae,down_blocks.3.0,2.80e-05,454,80.98601989090909,80.98601989090909,80.98601989090909,1.0067813396453857
MMDpt_dc_ae_l10_g2.80e-05,dc_ae,down_blocks.3.0,2.80e-05,455,81.02786977272727,81.02786977272727,81.02786977272727,1.0057343244552612
MMDpt_dc_ae_l10_g2.80e-05,dc_ae,down_blocks.3.0,2.80e-05,456,81.46314962272727,81.46314962272727,81.46314962272727,1.006524920463562
MMDpt_dc_ae_l10_g2.80e-05,dc_ae,down_blocks.3.0,2.80e-05,457,81.49191450454545,81.49191450454545,81.49191450454545,1.005318284034729
MMDpt_dc_ae_l10_g2.80e-05,dc_ae,down_blocks.3.0,2.80e-05,458,81.53910919545454,81.53910919545454,81.53910919545454,1.0009441375732422
MMDpt_dc_ae_l10_g2.80e-05,dc_ae,down_blocks.3.0,2.80e-05,459,81.65584415909092,81.65584415909092,81.65584415909092,1.0071440935134888
MMDpt_dc_ae_l10_g2.80e-05,dc_ae,down_blocks.3.0,2.80e-05,460,81.66778405000001,81.66778405000001,81.66778405000001,1.0059155225753784
MMDpt_dc_ae_l10_g2.80e-05,dc_ae,down_blocks.3.0,2.80e-05,461,82.0783984909091,82.0783984909091,82.0783984909091,1.0070527791976929
MMDpt_dc_ae_l10_g2.80e-05,dc_ae,down_blocks.3.0,2.80e-05,462,82.11143467727273,82.11143467727273,82.11143467727273,1.0001134872436523
MMDpt_dc_ae_l10_g2.80e-05,dc_ae,down_blocks.3.0,2.80e-05,463,82.15394328181819,82.15394328181819,82.15394328181819,1.0069254636764526
MMDpt_dc_ae_l10_g2.80e-05,dc_ae,down_blocks.3.0,2.80e-05,464,82.87086985,82.87086985,82.87086985,1.005601406097412
MMDpt_dc_ae_l10_g2.80e-05,dc_ae,down_blocks.3.0,2.80e-05,465,83.04785639090909,83.04785639090909,83.04785639090909,1.0051934719085693
MMDpt_dc_ae_l10_g2.80e-05,dc_ae,down_blocks.3.0,2.80e-05,466,83.2706767,83.2706767,83.2706767,1.0035040378570557
MMDpt_dc_ae_l10_g2.80e-05,dc_ae,down_blocks.3.0,2.80e-05,467,83.28013232272727,83.28013232272727,83.28013232272727,1.0061428546905518
MMDpt_dc_ae_l10_g2.80e-05,dc_ae,down_blocks.3.0,2.80e-05,468,83.32162666818182,83.32162666818182,83.32162666818182,0.9953511953353882
MMDpt_dc_ae_l10_g2.80e-05,dc_ae,down_blocks.3.0,2.80e-05,469,83.35334443181819,83.35334443181819,83.35334443181819,1.0058424472808838
MMDpt_dc_ae_l10_g2.80e-05,dc_ae,down_blocks.3.0,2.80e-05,470,83.45792123636365,83.45792123636365,83.45792123636365,1.0034674406051636
MMDpt_dc_ae_l10_g2.80e-05,dc_ae,down_blocks.3.0,2.80e-05,471,84.18152392727274,84.18152392727274,84.18152392727274,1.003342628479004
MMDpt_dc_ae_l10_g2.80e-05,dc_ae,down_blocks.3.0,2.80e-05,472,84.62887205909091,84.62887205909091,84.62887205909091,0.9988189339637756
MMDpt_dc_ae_l10_g2.80e-05,dc_ae,down_blocks.3.0,2.80e-05,473,85.11071750454545,85.11071750454545,85.11071750454545,0.9917063117027283
MMDpt_dc_ae_l10_g2.80e-05,dc_ae,down_blocks.3.0,2.80e-05,474,85.12217595454545,85.12217595454545,85.12217595454545,1.0013283491134644
MMDpt_dc_ae_l10_g2.80e-05,dc_ae,down_blocks.3.0,2.80e-05,475,85.54109655454546,85.54109655454546,85.54109655454546,1.0025736093521118
MMDpt_dc_ae_l10_g2.80e-05,dc_ae,down_blocks.3.0,2.80e-05,476,85.8163718359091,85.8163718359091,85.8163718359091,1.0071502923965454
MMDpt_dc_ae_l10_g2.80e-05,dc_ae,down_blocks.3.0,2.80e-05,477,86.0069106,86.0069106,86.0069106,1.0071489810943604
MMDpt_dc_ae_l10_g2.80e-05,dc_ae,down_blocks.3.0,2.80e-05,478,86.07828567272726,86.07828567272726,86.07828567272726,1.006223440170288
MMDpt_dc_ae_l10_g2.80e-05,dc_ae,down_blocks.3.0,2.80e-05,479,86.46879091363637,86.46879091363637,86.46879091363637,0.9994351267814636
MMDpt_dc_ae_l10_g2.80e-05,dc_ae,down_blocks.3.0,2.80e-05,480,87.81027129545454,87.81027129545454,87.81027129545454,1.0070850849151611
MMDpt_dc_ae_l10_g1.00e-04,dc_ae,down_blocks.3.0,1.00e-04,1,10.383351573636363,10.383351573636363,10.383351573636363,1.0000017881393433
MMDpt_dc_ae_l10_g1.00e-04,dc_ae,down_blocks.3.0,1.00e-04,2,11.237612673636363,11.237612673636363,11.237612673636363,1.0000017881393433
MMDpt_dc_ae_l10_g1.00e-04,dc_ae,down_blocks.3.0,1.00e-04,3,12.873956289545454,12.873956289545454,12.873956289545454,1.0000017881393433
MMDpt_dc_ae_l10_g1.00e-04,dc_ae,down_blocks.3.0,1.00e-04,4,13.852077771363637,13.852077771363637,13.852077771363637,1.0000017881393433
MMDpt_dc_ae_l10_g1.00e-04,dc_ae,down_blocks.3.0,1.00e-04,5,14.772021149545454,14.772021149545454,14.772021149545454,1.0000017881393433
MMDpt_dc_ae_l10_g1.00e-04,dc_ae,down_blocks.3.0,1.00e-04,6,15.774696462272727,15.774696462272727,15.774696462272727,1.0000017881393433
MMDpt_dc_ae_l10_g1.00e-04,dc_ae,down_blocks.3.0,1.00e-04,7,16.11136225,16.11136225,16.11136225,1.0000017881393433
MMDpt_dc_ae_l10_g1.00e-04,dc_ae,down_blocks.3.0,1.00e-04,8,16.718538883636366,16.718538883636366,16.718538883636366,1.0000017881393433
MMDpt_dc_ae_l10_g1.00e-04,dc_ae,down_blocks.3.0,1.00e-04,9,16.83383592,16.83383592,16.83383592,1.0000016689300537
MMDpt_dc_ae_l10_g1.00e-04,dc_ae,down_blocks.3.0,1.00e-04,10,16.977602550909094,16.977602550909094,16.977602550909094,1.0000016689300537
MMDpt_dc_ae_l10_g1.00e-04,dc_ae,down_blocks.3.0,1.00e-04,11,17.128398308636363,17.128398308636363,17.128398308636363,1.0000017881393433
MMDpt_dc_ae_l10_g1.00e-04,dc_ae,down_blocks.3.0,1.00e-04,12,17.49981897681818,17.49981897681818,17.49981897681818,1.0000017881393433
MMDpt_dc_ae_l10_g1.00e-04,dc_ae,down_blocks.3.0,1.00e-04,13,18.01987185318182,18.01987185318182,18.01987185318182,1.0000017881393433
MMDpt_dc_ae_l10_g1.00e-04,dc_ae,down_blocks.3.0,1.00e-04,14,18.22368484818182,18.22368484818182,18.22368484818182,1.0000017881393433
MMDpt_dc_ae_l10_g1.00e-04,dc_ae,down_blocks.3.0,1.00e-04,15,18.40435578590909,18.40435578590909,18.40435578590909,1.0000017881393433
MMDpt_dc_ae_l10_g1.00e-04,dc_ae,down_blocks.3.0,1.00e-04,16,18.964998386363636,18.964998386363636,18.964998386363636,1.0000017881393433
MMDpt_dc_ae_l10_g1.00e-04,dc_ae,down_blocks.3.0,1.00e-04,17,19.531784013636365,19.531784013636365,19.531784013636365,1.0000015497207642
MMDpt_dc_ae_l10_g1.00e-04,dc_ae,down_blocks.3.0,1.00e-04,18,21.457911477272727,21.457911477272727,21.457911477272727,1.0000017881393433
MMDpt_dc_ae_l10_g1.00e-04,dc_ae,down_blocks.3.0,1.00e-04,19,22.164942098181818,22.164942098181818,22.164942098181818,1.0000017881393433
MMDpt_dc_ae_l10_g1.00e-04,dc_ae,down_blocks.3.0,1.00e-04,20,22.207954510454545,22.207954510454545,22.207954510454545,1.0000017881393433
MMDpt_dc_ae_l10_g1.00e-04,dc_ae,down_blocks.3.0,1.00e-04,21,22.336504287727273,22.336504287727273,22.336504287727273,1.0000017881393433
MMDpt_dc_ae_l10_g1.00e-04,dc_ae,down_blocks.3.0,1.00e-04,22,22.775860404545455,22.775860404545455,22.775860404545455,1.0000017881393433
MMDpt_dc_ae_l10_g1.00e-04,dc_ae,down_blocks.3.0,1.00e-04,23,23.03693973772727,23.03693973772727,23.03693973772727,1.0000017881393433
MMDpt_dc_ae_l10_g1.00e-04,dc_ae,down_blocks.3.0,1.00e-04,24,23.073138160909092,23.073138160909092,23.073138160909092,1.0000017881393433
MMDpt_dc_ae_l10_g1.00e-04,dc_ae,down_blocks.3.0,1.00e-04,25,23.859046570909094,23.859046570909094,23.859046570909094,1.0000017881393433
MMDpt_dc_ae_l10_g1.00e-04,dc_ae,down_blocks.3.0,1.00e-04,26,24.108436355454547,24.108436355454547,24.108436355454547,1.0000017881393433
MMDpt_dc_ae_l10_g1.00e-04,dc_ae,down_blocks.3.0,1.00e-04,27,24.136628927727273,24.136628927727273,24.136628927727273,1.0000017881393433
MMDpt_dc_ae_l10_g1.00e-04,dc_ae,down_blocks.3.0,1.00e-04,28,24.706419758636365,24.706419758636365,24.706419758636365,1.0000017881393433
MMDpt_dc_ae_l10_g1.00e-04,dc_ae,down_blocks.3.0,1.00e-04,29,25.160939161363636,25.160939161363636,25.160939161363636,1.0000017881393433
MMDpt_dc_ae_l10_g1.00e-04,dc_ae,down_blocks.3.0,1.00e-04,30,25.272293834545454,25.272293834545454,25.272293834545454,1.000001072883606
MMDpt_dc_ae_l10_g1.00e-04,dc_ae,down_blocks.3.0,1.00e-04,31,25.739496508636364,25.739496508636364,25.739496508636364,1.0000017881393433
MMDpt_dc_ae_l10_g1.00e-04,dc_ae,down_blocks.3.0,1.00e-04,32,26.08368123090909,26.08368123090909,26.08368123090909,1.0000017881393433
MMDpt_dc_ae_l10_g1.00e-04,dc_ae,down_blocks.3.0,1.00e-04,33,26.26193154681818,26.26193154681818,26.26193154681818,1.0000017881393433
MMDpt_dc_ae_l10_g1.00e-04,dc_ae,down_blocks.3.0,1.00e-04,34,26.29922768272727,26.29922768272727,26.29922768272727,1.0000017881393433
MMDpt_dc_ae_l10_g1.00e-04,dc_ae,down_blocks.3.0,1.00e-04,35,26.647243233181822,26.647243233181822,26.647243233181822,1.0000017881393433
MMDpt_dc_ae_l10_g1.00e-04,dc_ae,down_blocks.3.0,1.00e-04,36,26.80277036,26.80277036,26.80277036,1.0000017881393433
MMDpt_dc_ae_l10_g1.00e-04,dc_ae,down_blocks.3.0,1.00e-04,37,27.710613355454544,27.710613355454544,27.710613355454544,1.0000017881393433
MMDpt_dc_ae_l10_g1.00e-04,dc_ae,down_blocks.3.0,1.00e-04,38,27.723830698181818,27.723830698181818,27.723830698181818,1.0000017881393433
MMDpt_dc_ae_l10_g1.00e-04,dc_ae,down_blocks.3.0,1.00e-04,39,27.94224735681818,27.94224735681818,27.94224735681818,1.0000017881393433
MMDpt_dc_ae_l10_g1.00e-04,dc_ae,down_blocks.3.0,1.00e-04,40,28.008295531363636,28.008295531363636,28.008295531363636,1.0000017881393433
MMDpt_dc_ae_l10_g1.00e-04,dc_ae,down_blocks.3.0,1.00e-04,41,28.427649107272728,28.427649107272728,28.427649107272728,1.0000017881393433
MMDpt_dc_ae_l10_g1.00e-04,dc_ae,down_blocks.3.0,1.00e-04,42,28.610673086363636,28.610673086363636,28.610673086363636,1.0000017881393433
MMDpt_dc_ae_l10_g1.00e-04,dc_ae,down_blocks.3.0,1.00e-04,43,28.864666542727274,28.864666542727274,28.864666542727274,1.0000017881393433
MMDpt_dc_ae_l10_g1.00e-04,dc_ae,down_blocks.3.0,1.00e-04,44,28.872480873181818,28.872480873181818,28.872480873181818,1.0000017881393433
MMDpt_dc_ae_l10_g1.00e-04,dc_ae,down_blocks.3.0,1.00e-04,45,29.867093540909092,29.867093540909092,29.867093540909092,1.0000017881393433
MMDpt_dc_ae_l10_g1.00e-04,dc_ae,down_blocks.3.0,1.00e-04,46,30.946254809545454,30.946254809545454,30.946254809545454,1.0000016689300537
MMDpt_dc_ae_l10_g1.00e-04,dc_ae,down_blocks.3.0,1.00e-04,47,31.113843444545456,31.113843444545456,31.113843444545456,1.0000017881393433
MMDpt_dc_ae_l10_g1.00e-04,dc_ae,down_blocks.3.0,1.00e-04,48,31.75240744409091,31.75240744409091,31.75240744409091,1.0000015497207642
MMDpt_dc_ae_l10_g1.00e-04,dc_ae,down_blocks.3.0,1.00e-04,49,31.962474827272725,31.962474827272725,31.962474827272725,1.0000016689300537
MMDpt_dc_ae_l10_g1.00e-04,dc_ae,down_blocks.3.0,1.00e-04,50,32.10326235227273,32.10326235227273,32.10326235227273,1.0000017881393433
MMDpt_dc_ae_l10_g1.00e-04,dc_ae,down_blocks.3.0,1.00e-04,51,32.57260997909091,32.57260997909091,32.57260997909091,1.0000017881393433
MMDpt_dc_ae_l10_g1.00e-04,dc_ae,down_blocks.3.0,1.00e-04,52,33.29309288772727,33.29309288772727,33.29309288772727,1.0000016689300537
MMDpt_dc_ae_l10_g1.00e-04,dc_ae,down_blocks.3.0,1.00e-04,53,33.63066458409091,33.63066458409091,33.63066458409091,1.0000017881393433
MMDpt_dc_ae_l10_g1.00e-04,dc_ae,down_blocks.3.0,1.00e-04,54,33.94931614045454,33.94931614045454,33.94931614045454,1.0000016689300537
MMDpt_dc_ae_l10_g1.00e-04,dc_ae,down_blocks.3.0,1.00e-04,55,34.254768114545456,34.254768114545456,34.254768114545456,1.0000017881393433
MMDpt_dc_ae_l10_g1.00e-04,dc_ae,down_blocks.3.0,1.00e-04,56,35.01583384090909,35.01583384090909,35.01583384090909,1.0000017881393433
MMDpt_dc_ae_l10_g1.00e-04,dc_ae,down_blocks.3.0,1.00e-04,57,35.61844186090909,35.61844186090909,35.61844186090909,1.0000017881393433
MMDpt_dc_ae_l10_g1.00e-04,dc_ae,down_blocks.3.0,1.00e-04,58,36.50372615909091,36.50372615909091,36.50372615909091,1.0000017881393433
MMDpt_dc_ae_l10_g1.00e-04,dc_ae,down_blocks.3.0,1.00e-04,59,36.74721518909091,36.74721518909091,36.74721518909091,1.0000017881393433
MMDpt_dc_ae_l10_g1.00e-04,dc_ae,down_blocks.3.0,1.00e-04,60,37.183868766818186,37.183868766818186,37.183868766818186,1.0000017881393433
MMDpt_dc_ae_l10_g1.00e-04,dc_ae,down_blocks.3.0,1.00e-04,61,37.586910895,37.586910895,37.586910895,1.0000015497207642
MMDpt_dc_ae_l10_g1.00e-04,dc_ae,down_blocks.3.0,1.00e-04,62,37.90925234181818,37.90925234181818,37.90925234181818,1.0000016689300537
MMDpt_dc_ae_l10_g1.00e-04,dc_ae,down_blocks.3.0,1.00e-04,63,39.159607152727276,39.159607152727276,39.159607152727276,1.0000017881393433
MMDpt_dc_ae_l10_g1.00e-04,dc_ae,down_blocks.3.0,1.00e-04,64,39.16116855045455,39.16116855045455,39.16116855045455,1.0000017881393433
MMDpt_dc_ae_l10_g1.00e-04,dc_ae,down_blocks.3.0,1.00e-04,65,39.50363207727273,39.50363207727273,39.50363207727273,1.0000017881393433
MMDpt_dc_ae_l10_g1.00e-04,dc_ae,down_blocks.3.0,1.00e-04,66,39.72578294681818,39.72578294681818,39.72578294681818,1.0000017881393433
MMDpt_dc_ae_l10_g1.00e-04,dc_ae,down_blocks.3.0,1.00e-04,67,40.10658689318182,40.10658689318182,40.10658689318182,1.0000017881393433
MMDpt_dc_ae_l10_g1.00e-04,dc_ae,down_blocks.3.0,1.00e-04,68,40.511631334545456,40.511631334545456,40.511631334545456,1.0000017881393433
MMDpt_dc_ae_l10_g1.00e-04,dc_ae,down_blocks.3.0,1.00e-04,69,41.22542756590909,41.22542756590909,41.22542756590909,1.0000017881393433
MMDpt_dc_ae_l10_g1.00e-04,dc_ae,down_blocks.3.0,1.00e-04,70,41.450596035,41.450596035,41.450596035,1.0000017881393433
MMDpt_dc_ae_l10_g1.00e-04,dc_ae,down_blocks.3.0,1.00e-04,71,41.606778884545456,41.606778884545456,41.606778884545456,1.0000016689300537
MMDpt_dc_ae_l10_g1.00e-04,dc_ae,down_blocks.3.0,1.00e-04,72,41.74143011090909,41.74143011090909,41.74143011090909,1.0000017881393433
MMDpt_dc_ae_l10_g1.00e-04,dc_ae,down_blocks.3.0,1.00e-04,73,42.27668356454546,42.27668356454546,42.27668356454546,1.0000016689300537
MMDpt_dc_ae_l10_g1.00e-04,dc_ae,down_blocks.3.0,1.00e-04,74,42.349748590454546,42.349748590454546,42.349748590454546,1.0000017881393433
MMDpt_dc_ae_l10_g1.00e-04,dc_ae,down_blocks.3.0,1.00e-04,75,42.93479045136364,42.93479045136364,42.93479045136364,1.0000017881393433
MMDpt_dc_ae_l10_g1.00e-04,dc_ae,down_blocks.3.0,1.00e-04,76,42.999259720454546,42.999259720454546,42.999259720454546,1.0000017881393433
MMDpt_dc_ae_l10_g1.00e-04,dc_ae,down_blocks.3.0,1.00e-04,77,43.14833512181818,43.14833512181818,43.14833512181818,1.0000017881393433
MMDpt_dc_ae_l10_g1.00e-04,dc_ae,down_blocks.3.0,1.00e-04,78,43.849900354999995,43.849900354999995,43.849900354999995,1.0000017881393433
MMDpt_dc_ae_l10_g1.00e-04,dc_ae,down_blocks.3.0,1.00e-04,79,44.24228326,44.24228326,44.24228326,1.0000016689300537
MMDpt_dc_ae_l10_g1.00e-04,dc_ae,down_blocks.3.0,1.00e-04,80,44.68483293727273,44.68483293727273,44.68483293727273,1.0000017881393433
MMDpt_dc_ae_l10_g1.00e-04,dc_ae,down_blocks.3.0,1.00e-04,81,45.014271393181815,45.014271393181815,45.014271393181815,1.0000017881393433
MMDpt_dc_ae_l10_g1.00e-04,dc_ae,down_blocks.3.0,1.00e-04,82,45.044897863636365,45.044897863636365,45.044897863636365,1.0000017881393433
MMDpt_dc_ae_l10_g1.00e-04,dc_ae,down_blocks.3.0,1.00e-04,83,45.242849799999995,45.242849799999995,45.242849799999995,1.0000017881393433
MMDpt_dc_ae_l10_g1.00e-04,dc_ae,down_blocks.3.0,1.00e-04,84,45.34376912590909,45.34376912590909,45.34376912590909,1.0000017881393433
MMDpt_dc_ae_l10_g1.00e-04,dc_ae,down_blocks.3.0,1.00e-04,85,45.44974382363636,45.44974382363636,45.44974382363636,1.0000017881393433
MMDpt_dc_ae_l10_g1.00e-04,dc_ae,down_blocks.3.0,1.00e-04,86,45.87703164136364,45.87703164136364,45.87703164136364,1.0000017881393433
MMDpt_dc_ae_l10_g1.00e-04,dc_ae,down_blocks.3.0,1.00e-04,87,46.05975058136364,46.05975058136364,46.05975058136364,1.0000017881393433
MMDpt_dc_ae_l10_g1.00e-04,dc_ae,down_blocks.3.0,1.00e-04,88,46.3385215,46.3385215,46.3385215,1.0000017881393433
MMDpt_dc_ae_l10_g1.00e-04,dc_ae,down_blocks.3.0,1.00e-04,89,46.461104443636366,46.461104443636366,46.461104443636366,1.0000016689300537
MMDpt_dc_ae_l10_g1.00e-04,dc_ae,down_blocks.3.0,1.00e-04,90,46.55172569545454,46.55172569545454,46.55172569545454,1.0000017881393433
MMDpt_dc_ae_l10_g1.00e-04,dc_ae,down_blocks.3.0,1.00e-04,91,46.63784059272727,46.63784059272727,46.63784059272727,1.0000016689300537
MMDpt_dc_ae_l10_g1.00e-04,dc_ae,down_blocks.3.0,1.00e-04,92,46.92503363227272,46.92503363227272,46.92503363227272,1.0000017881393433
MMDpt_dc_ae_l10_g1.00e-04,dc_ae,down_blocks.3.0,1.00e-04,93,46.98420985,46.98420985,46.98420985,1.0000017881393433
MMDpt_dc_ae_l10_g1.00e-04,dc_ae,down_blocks.3.0,1.00e-04,94,47.05894020545455,47.05894020545455,47.05894020545455,1.0000017881393433
MMDpt_dc_ae_l10_g1.00e-04,dc_ae,down_blocks.3.0,1.00e-04,95,47.18393024863636,47.18393024863636,47.18393024863636,1.0000017881393433
MMDpt_dc_ae_l10_g1.00e-04,dc_ae,down_blocks.3.0,1.00e-04,96,47.45620903181818,47.45620903181818,47.45620903181818,1.0000017881393433
MMDpt_dc_ae_l10_g1.00e-04,dc_ae,down_blocks.3.0,1.00e-04,97,47.57944400681818,47.57944400681818,47.57944400681818,1.0000016689300537
MMDpt_dc_ae_l10_g1.00e-04,dc_ae,down_blocks.3.0,1.00e-04,98,47.68605184090909,47.68605184090909,47.68605184090909,1.0000017881393433
MMDpt_dc_ae_l10_g1.00e-04,dc_ae,down_blocks.3.0,1.00e-04,99,47.85413733318182,47.85413733318182,47.85413733318182,1.0000017881393433
MMDpt_dc_ae_l10_g1.00e-04,dc_ae,down_blocks.3.0,1.00e-04,100,47.997159330454544,47.997159330454544,47.997159330454544,1.0000017881393433
MMDpt_dc_ae_l10_g1.00e-04,dc_ae,down_blocks.3.0,1.00e-04,101,48.745656067727275,48.745656067727275,48.745656067727275,1.0000017881393433
MMDpt_dc_ae_l10_g1.00e-04,dc_ae,down_blocks.3.0,1.00e-04,102,48.974869975454546,48.974869975454546,48.974869975454546,1.0000017881393433
MMDpt_dc_ae_l10_g1.00e-04,dc_ae,down_blocks.3.0,1.00e-04,103,49.269933079999994,49.269933079999994,49.269933079999994,1.0000017881393433
MMDpt_dc_ae_l10_g1.00e-04,dc_ae,down_blocks.3.0,1.00e-04,104,49.50143869090909,49.50143869090909,49.50143869090909,1.0000015497207642
MMDpt_dc_ae_l10_g1.00e-04,dc_ae,down_blocks.3.0,1.00e-04,105,50.02686477227273,50.02686477227273,50.02686477227273,1.0000017881393433
MMDpt_dc_ae_l10_g1.00e-04,dc_ae,down_blocks.3.0,1.00e-04,106,50.24467801363637,50.24467801363637,50.24467801363637,1.0000017881393433
MMDpt_dc_ae_l10_g1.00e-04,dc_ae,down_blocks.3.0,1.00e-04,107,50.26601576545454,50.26601576545454,50.26601576545454,1.0000017881393433
MMDpt_dc_ae_l10_g1.00e-04,dc_ae,down_blocks.3.0,1.00e-04,108,50.287720933636365,50.287720933636365,50.287720933636365,1.0000017881393433
MMDpt_dc_ae_l10_g1.00e-04,dc_ae,down_blocks.3.0,1.00e-04,109,50.397065763181814,50.397065763181814,50.397065763181814,1.0000017881393433
MMDpt_dc_ae_l10_g1.00e-04,dc_ae,down_blocks.3.0,1.00e-04,110,50.44004938636363,50.44004938636363,50.44004938636363,1.0000017881393433
MMDpt_dc_ae_l10_g1.00e-04,dc_ae,down_blocks.3.0,1.00e-04,111,50.53053583909091,50.53053583909091,50.53053583909091,1.0000017881393433
MMDpt_dc_ae_l10_g1.00e-04,dc_ae,down_blocks.3.0,1.00e-04,112,50.744067415454545,50.744067415454545,50.744067415454545,1.0000017881393433
MMDpt_dc_ae_l10_g1.00e-04,dc_ae,down_blocks.3.0,1.00e-04,113,50.877768575909094,50.877768575909094,50.877768575909094,1.0000017881393433
MMDpt_dc_ae_l10_g1.00e-04,dc_ae,down_blocks.3.0,1.00e-04,114,50.952142585000004,50.952142585000004,50.952142585000004,1.0000017881393433
MMDpt_dc_ae_l10_g1.00e-04,dc_ae,down_blocks.3.0,1.00e-04,115,51.255980857727266,51.255980857727266,51.255980857727266,1.0000017881393433
MMDpt_dc_ae_l10_g1.00e-04,dc_ae,down_blocks.3.0,1.00e-04,116,51.47010300409091,51.47010300409091,51.47010300409091,1.0000017881393433
MMDpt_dc_ae_l10_g1.00e-04,dc_ae,down_blocks.3.0,1.00e-04,117,51.48649149727273,51.48649149727273,51.48649149727273,1.0000017881393433
MMDpt_dc_ae_l10_g1.00e-04,dc_ae,down_blocks.3.0,1.00e-04,118,51.49088870772727,51.49088870772727,51.49088870772727,1.0000017881393433
MMDpt_dc_ae_l10_g1.00e-04,dc_ae,down_blocks.3.0,1.00e-04,119,51.669473619090915,51.669473619090915,51.669473619090915,1.0000017881393433
MMDpt_dc_ae_l10_g1.00e-04,dc_ae,down_blocks.3.0,1.00e-04,120,51.78909724363636,51.78909724363636,51.78909724363636,1.0000017881393433
MMDpt_dc_ae_l10_g1.00e-04,dc_ae,down_blocks.3.0,1.00e-04,121,51.85205774272727,51.85205774272727,51.85205774272727,1.0000017881393433
MMDpt_dc_ae_l10_g1.00e-04,dc_ae,down_blocks.3.0,1.00e-04,122,51.87800455454545,51.87800455454545,51.87800455454545,1.0000017881393433
MMDpt_dc_ae_l10_g1.00e-04,dc_ae,down_blocks.3.0,1.00e-04,123,51.92553946363636,51.92553946363636,51.92553946363636,1.0000017881393433
MMDpt_dc_ae_l10_g1.00e-04,dc_ae,down_blocks.3.0,1.00e-04,124,52.00039339090909,52.00039339090909,52.00039339090909,1.0000017881393433
MMDpt_dc_ae_l10_g1.00e-04,dc_ae,down_blocks.3.0,1.00e-04,125,52.126720309090906,52.126720309090906,52.126720309090906,1.0000017881393433
MMDpt_dc_ae_l10_g1.00e-04,dc_ae,down_blocks.3.0,1.00e-04,126,52.30133809090909,52.30133809090909,52.30133809090909,1.0000017881393433
MMDpt_dc_ae_l10_g1.00e-04,dc_ae,down_blocks.3.0,1.00e-04,127,52.82782977227273,52.82782977227273,52.82782977227273,1.0000017881393433
MMDpt_dc_ae_l10_g1.00e-04,dc_ae,down_blocks.3.0,1.00e-04,128,52.94948191,52.94948191,52.94948191,1.0000017881393433
MMDpt_dc_ae_l10_g1.00e-04,dc_ae,down_blocks.3.0,1.00e-04,129,52.977303153181815,52.977303153181815,52.977303153181815,1.0000017881393433
MMDpt_dc_ae_l10_g1.00e-04,dc_ae,down_blocks.3.0,1.00e-04,130,53.02329102272727,53.02329102272727,53.02329102272727,1.0000017881393433
MMDpt_dc_ae_l10_g1.00e-04,dc_ae,down_blocks.3.0,1.00e-04,131,53.11169118954546,53.11169118954546,53.11169118954546,1.0000017881393433
MMDpt_dc_ae_l10_g1.00e-04,dc_ae,down_blocks.3.0,1.00e-04,132,53.15595768772727,53.15595768772727,53.15595768772727,1.0000017881393433
MMDpt_dc_ae_l10_g1.00e-04,dc_ae,down_blocks.3.0,1.00e-04,133,53.19575964181818,53.19575964181818,53.19575964181818,1.0000017881393433
MMDpt_dc_ae_l10_g1.00e-04,dc_ae,down_blocks.3.0,1.00e-04,134,53.738266159999995,53.738266159999995,53.738266159999995,1.0000017881393433
MMDpt_dc_ae_l10_g1.00e-04,dc_ae,down_blocks.3.0,1.00e-04,135,54.35688324090909,54.35688324090909,54.35688324090909,1.0000017881393433
MMDpt_dc_ae_l10_g1.00e-04,dc_ae,down_blocks.3.0,1.00e-04,136,54.43010616227273,54.43010616227273,54.43010616227273,1.0000017881393433
MMDpt_dc_ae_l10_g1.00e-04,dc_ae,down_blocks.3.0,1.00e-04,137,54.51598353272727,54.51598353272727,54.51598353272727,1.0000017881393433
MMDpt_dc_ae_l10_g1.00e-04,dc_ae,down_blocks.3.0,1.00e-04,138,54.63723127590909,54.63723127590909,54.63723127590909,1.0000017881393433
MMDpt_dc_ae_l10_g1.00e-04,dc_ae,down_blocks.3.0,1.00e-04,139,54.68535675181818,54.68535675181818,54.68535675181818,1.0000017881393433
MMDpt_dc_ae_l10_g1.00e-04,dc_ae,down_blocks.3.0,1.00e-04,140,54.72388539863636,54.72388539863636,54.72388539863636,1.0000017881393433
MMDpt_dc_ae_l10_g1.00e-04,dc_ae,down_blocks.3.0,1.00e-04,141,55.23867115454546,55.23867115454546,55.23867115454546,1.0000017881393433
MMDpt_dc_ae_l10_g1.00e-04,dc_ae,down_blocks.3.0,1.00e-04,142,55.2775563909091,55.2775563909091,55.2775563909091,1.0000017881393433
MMDpt_dc_ae_l10_g1.00e-04,dc_ae,down_blocks.3.0,1.00e-04,143,55.699695931818184,55.699695931818184,55.699695931818184,1.0000017881393433
MMDpt_dc_ae_l10_g1.00e-04,dc_ae,down_blocks.3.0,1.00e-04,144,55.80372709545455,55.80372709545455,55.80372709545455,1.0000017881393433
MMDpt_dc_ae_l10_g1.00e-04,dc_ae,down_blocks.3.0,1.00e-04,145,55.82518654818182,55.82518654818182,55.82518654818182,1.0000017881393433
MMDpt_dc_ae_l10_g1.00e-04,dc_ae,down_blocks.3.0,1.00e-04,146,56.236087309090905,56.236087309090905,56.236087309090905,1.0000017881393433
MMDpt_dc_ae_l10_g1.00e-04,dc_ae,down_blocks.3.0,1.00e-04,147,56.34353036818182,56.34353036818182,56.34353036818182,1.0000017881393433
MMDpt_dc_ae_l10_g1.00e-04,dc_ae,down_blocks.3.0,1.00e-04,148,56.343846956363635,56.343846956363635,56.343846956363635,1.0000016689300537
MMDpt_dc_ae_l10_g1.00e-04,dc_ae,down_blocks.3.0,1.00e-04,149,56.418747340909086,56.418747340909086,56.418747340909086,1.0000016689300537
MMDpt_dc_ae_l10_g1.00e-04,dc_ae,down_blocks.3.0,1.00e-04,150,56.4284854,56.4284854,56.4284854,1.0000017881393433
MMDpt_dc_ae_l10_g1.00e-04,dc_ae,down_blocks.3.0,1.00e-04,151,56.43083487727272,56.43083487727272,56.43083487727272,1.0000017881393433
MMDpt_dc_ae_l10_g1.00e-04,dc_ae,down_blocks.3.0,1.00e-04,152,56.73676582727273,56.73676582727273,56.73676582727273,1.0000017881393433
MMDpt_dc_ae_l10_g1.00e-04,dc_ae,down_blocks.3.0,1.00e-04,153,56.80215198181818,56.80215198181818,56.80215198181818,1.0000017881393433
MMDpt_dc_ae_l10_g1.00e-04,dc_ae,down_blocks.3.0,1.00e-04,154,56.838491672272724,56.838491672272724,56.838491672272724,1.0000017881393433
MMDpt_dc_ae_l10_g1.00e-04,dc_ae,down_blocks.3.0,1.00e-04,155,56.87784920000001,56.87784920000001,56.87784920000001,1.0000017881393433
MMDpt_dc_ae_l10_g1.00e-04,dc_ae,down_blocks.3.0,1.00e-04,156,56.88495511818182,56.88495511818182,56.88495511818182,1.0000017881393433
MMDpt_dc_ae_l10_g1.00e-04,dc_ae,down_blocks.3.0,1.00e-04,157,56.89427865,56.89427865,56.89427865,1.0000009536743164
MMDpt_dc_ae_l10_g1.00e-04,dc_ae,down_blocks.3.0,1.00e-04,158,57.014437336363635,57.014437336363635,57.014437336363635,1.0000017881393433
MMDpt_dc_ae_l10_g1.00e-04,dc_ae,down_blocks.3.0,1.00e-04,159,57.01605029863636,57.01605029863636,57.01605029863636,1.0000017881393433
MMDpt_dc_ae_l10_g1.00e-04,dc_ae,down_blocks.3.0,1.00e-04,160,57.06027285454545,57.06027285454545,57.06027285454545,1.0000017881393433
MMDpt_dc_ae_l10_g1.00e-04,dc_ae,down_blocks.3.0,1.00e-04,161,57.08577673045454,57.08577673045454,57.08577673045454,1.0000017881393433
MMDpt_dc_ae_l10_g1.00e-04,dc_ae,down_blocks.3.0,1.00e-04,162,57.165035822727276,57.165035822727276,57.165035822727276,1.0000017881393433
MMDpt_dc_ae_l10_g1.00e-04,dc_ae,down_blocks.3.0,1.00e-04,163,57.30280682363637,57.30280682363637,57.30280682363637,1.0000017881393433
MMDpt_dc_ae_l10_g1.00e-04,dc_ae,down_blocks.3.0,1.00e-04,164,57.552973348181816,57.552973348181816,57.552973348181816,1.0000016689300537
MMDpt_dc_ae_l10_g1.00e-04,dc_ae,down_blocks.3.0,1.00e-04,165,57.715692645,57.715692645,57.715692645,1.0000017881393433
MMDpt_dc_ae_l10_g1.00e-04,dc_ae,down_blocks.3.0,1.00e-04,166,57.94736867727273,57.94736867727273,57.94736867727273,1.0000017881393433
MMDpt_dc_ae_l10_g1.00e-04,dc_ae,down_blocks.3.0,1.00e-04,167,58.01582408181818,58.01582408181818,58.01582408181818,1.0000017881393433
MMDpt_dc_ae_l10_g1.00e-04,dc_ae,down_blocks.3.0,1.00e-04,168,58.14704098045454,58.14704098045454,58.14704098045454,1.0000016689300537
MMDpt_dc_ae_l10_g1.00e-04,dc_ae,down_blocks.3.0,1.00e-04,169,58.40466673181818,58.40466673181818,58.40466673181818,1.0000017881393433
MMDpt_dc_ae_l10_g1.00e-04,dc_ae,down_blocks.3.0,1.00e-04,170,58.48494007,58.48494007,58.48494007,1.0000017881393433
MMDpt_dc_ae_l10_g1.00e-04,dc_ae,down_blocks.3.0,1.00e-04,171,58.90741873181818,58.90741873181818,58.90741873181818,1.0000017881393433
MMDpt_dc_ae_l10_g1.00e-04,dc_ae,down_blocks.3.0,1.00e-04,172,58.92814133636364,58.92814133636364,58.92814133636364,1.0000017881393433
MMDpt_dc_ae_l10_g1.00e-04,dc_ae,down_blocks.3.0,1.00e-04,173,58.959711454090915,58.959711454090915,58.959711454090915,1.0000017881393433
MMDpt_dc_ae_l10_g1.00e-04,dc_ae,down_blocks.3.0,1.00e-04,174,59.080638213636355,59.080638213636355,59.080638213636355,1.0000017881393433
MMDpt_dc_ae_l10_g1.00e-04,dc_ae,down_blocks.3.0,1.00e-04,175,59.15176404636364,59.15176404636364,59.15176404636364,1.0000017881393433
MMDpt_dc_ae_l10_g1.00e-04,dc_ae,down_blocks.3.0,1.00e-04,176,59.165360129545455,59.165360129545455,59.165360129545455,1.0000015497207642
MMDpt_dc_ae_l10_g1.00e-04,dc_ae,down_blocks.3.0,1.00e-04,177,59.343238913181814,59.343238913181814,59.343238913181814,1.000001311302185
MMDpt_dc_ae_l10_g1.00e-04,dc_ae,down_blocks.3.0,1.00e-04,178,59.52943686818182,59.52943686818182,59.52943686818182,1.0000017881393433
MMDpt_dc_ae_l10_g1.00e-04,dc_ae,down_blocks.3.0,1.00e-04,179,59.53394987363636,59.53394987363636,59.53394987363636,1.0000017881393433
MMDpt_dc_ae_l10_g1.00e-04,dc_ae,down_blocks.3.0,1.00e-04,180,59.61907620909091,59.61907620909091,59.61907620909091,1.0000017881393433
MMDpt_dc_ae_l10_g1.00e-04,dc_ae,down_blocks.3.0,1.00e-04,181,59.64024705,59.64024705,59.64024705,1.0000017881393433
MMDpt_dc_ae_l10_g1.00e-04,dc_ae,down_blocks.3.0,1.00e-04,182,59.81487126545455,59.81487126545455,59.81487126545455,1.0000017881393433
MMDpt_dc_ae_l10_g1.00e-04,dc_ae,down_blocks.3.0,1.00e-04,183,59.821444613636366,59.821444613636366,59.821444613636366,1.0000017881393433
MMDpt_dc_ae_l10_g1.00e-04,dc_ae,down_blocks.3.0,1.00e-04,184,59.82249576181818,59.82249576181818,59.82249576181818,1.0000017881393433
MMDpt_dc_ae_l10_g1.00e-04,dc_ae,down_blocks.3.0,1.00e-04,185,60.13491826227273,60.13491826227273,60.13491826227273,1.0000017881393433
MMDpt_dc_ae_l10_g1.00e-04,dc_ae,down_blocks.3.0,1.00e-04,186,60.66603184545455,60.66603184545455,60.66603184545455,1.0000017881393433
MMDpt_dc_ae_l10_g1.00e-04,dc_ae,down_blocks.3.0,1.00e-04,187,60.91525143409091,60.91525143409091,60.91525143409091,1.0000017881393433
MMDpt_dc_ae_l10_g1.00e-04,dc_ae,down_blocks.3.0,1.00e-04,188,60.98922430909091,60.98922430909091,60.98922430909091,1.0000017881393433
MMDpt_dc_ae_l10_g1.00e-04,dc_ae,down_blocks.3.0,1.00e-04,189,61.15445065909091,61.15445065909091,61.15445065909091,1.0000017881393433
MMDpt_dc_ae_l10_g1.00e-04,dc_ae,down_blocks.3.0,1.00e-04,190,61.257236485,61.257236485,61.257236485,1.0000017881393433
MMDpt_dc_ae_l10_g1.00e-04,dc_ae,down_blocks.3.0,1.00e-04,191,61.38288141818182,61.38288141818182,61.38288141818182,1.0000017881393433
MMDpt_dc_ae_l10_g1.00e-04,dc_ae,down_blocks.3.0,1.00e-04,192,61.41676890772727,61.41676890772727,61.41676890772727,1.0000017881393433
MMDpt_dc_ae_l10_g1.00e-04,dc_ae,down_blocks.3.0,1.00e-04,193,61.450913154545454,61.450913154545454,61.450913154545454,1.0000017881393433
MMDpt_dc_ae_l10_g1.00e-04,dc_ae,down_blocks.3.0,1.00e-04,194,61.557454278181815,61.557454278181815,61.557454278181815,1.0000017881393433
MMDpt_dc_ae_l10_g1.00e-04,dc_ae,down_blocks.3.0,1.00e-04,195,61.612018317727276,61.612018317727276,61.612018317727276,1.0000017881393433
MMDpt_dc_ae_l10_g1.00e-04,dc_ae,down_blocks.3.0,1.00e-04,196,61.66026577136363,61.66026577136363,61.66026577136363,1.0000017881393433
MMDpt_dc_ae_l10_g1.00e-04,dc_ae,down_blocks.3.0,1.00e-04,197,61.784896459090916,61.784896459090916,61.784896459090916,1.0000017881393433
MMDpt_dc_ae_l10_g1.00e-04,dc_ae,down_blocks.3.0,1.00e-04,198,61.80260090454545,61.80260090454545,61.80260090454545,1.0000017881393433
MMDpt_dc_ae_l10_g1.00e-04,dc_ae,down_blocks.3.0,1.00e-04,199,62.04634134636364,62.04634134636364,62.04634134636364,1.0000017881393433
MMDpt_dc_ae_l10_g1.00e-04,dc_ae,down_blocks.3.0,1.00e-04,200,62.140166177272725,62.140166177272725,62.140166177272725,1.0000017881393433
MMDpt_dc_ae_l10_g1.00e-04,dc_ae,down_blocks.3.0,1.00e-04,201,62.30800517363637,62.30800517363637,62.30800517363637,1.0000017881393433
MMDpt_dc_ae_l10_g1.00e-04,dc_ae,down_blocks.3.0,1.00e-04,202,62.48285368636363,62.48285368636363,62.48285368636363,1.0000017881393433
MMDpt_dc_ae_l10_g1.00e-04,dc_ae,down_blocks.3.0,1.00e-04,203,62.50087945,62.50087945,62.50087945,1.0000017881393433
MMDpt_dc_ae_l10_g1.00e-04,dc_ae,down_blocks.3.0,1.00e-04,204,62.515273900000004,62.515273900000004,62.515273900000004,1.0000017881393433
MMDpt_dc_ae_l10_g1.00e-04,dc_ae,down_blocks.3.0,1.00e-04,205,62.56153540454545,62.56153540454545,62.56153540454545,1.0000017881393433
MMDpt_dc_ae_l10_g1.00e-04,dc_ae,down_blocks.3.0,1.00e-04,206,62.62842450590909,62.62842450590909,62.62842450590909,1.0000017881393433
MMDpt_dc_ae_l10_g1.00e-04,dc_ae,down_blocks.3.0,1.00e-04,207,62.64787497272727,62.64787497272727,62.64787497272727,1.0000017881393433
MMDpt_dc_ae_l10_g1.00e-04,dc_ae,down_blocks.3.0,1.00e-04,208,62.80573838590909,62.80573838590909,62.80573838590909,1.0000017881393433
MMDpt_dc_ae_l10_g1.00e-04,dc_ae,down_blocks.3.0,1.00e-04,209,62.831736559090906,62.831736559090906,62.831736559090906,1.0000017881393433
MMDpt_dc_ae_l10_g1.00e-04,dc_ae,down_blocks.3.0,1.00e-04,210,63.033077886363635,63.033077886363635,63.033077886363635,1.0000017881393433
MMDpt_dc_ae_l10_g1.00e-04,dc_ae,down_blocks.3.0,1.00e-04,211,63.2958711590909,63.2958711590909,63.2958711590909,1.0000017881393433
MMDpt_dc_ae_l10_g1.00e-04,dc_ae,down_blocks.3.0,1.00e-04,212,63.30556153181818,63.30556153181818,63.30556153181818,1.0000017881393433
MMDpt_dc_ae_l10_g1.00e-04,dc_ae,down_blocks.3.0,1.00e-04,213,63.451246159090914,63.451246159090914,63.451246159090914,1.0000017881393433
MMDpt_dc_ae_l10_g1.00e-04,dc_ae,down_blocks.3.0,1.00e-04,214,63.51674641363636,63.51674641363636,63.51674641363636,1.0000017881393433
MMDpt_dc_ae_l10_g1.00e-04,dc_ae,down_blocks.3.0,1.00e-04,215,63.52993807136364,63.52993807136364,63.52993807136364,1.0000017881393433
MMDpt_dc_ae_l10_g1.00e-04,dc_ae,down_blocks.3.0,1.00e-04,216,63.601648069090906,63.601648069090906,63.601648069090906,1.0000016689300537
MMDpt_dc_ae_l10_g1.00e-04,dc_ae,down_blocks.3.0,1.00e-04,217,63.632569839545454,63.632569839545454,63.632569839545454,1.0000017881393433
MMDpt_dc_ae_l10_g1.00e-04,dc_ae,down_blocks.3.0,1.00e-04,218,63.65115097727273,63.65115097727273,63.65115097727273,1.0000017881393433
MMDpt_dc_ae_l10_g1.00e-04,dc_ae,down_blocks.3.0,1.00e-04,219,63.71100458181818,63.71100458181818,63.71100458181818,1.0000017881393433
MMDpt_dc_ae_l10_g1.00e-04,dc_ae,down_blocks.3.0,1.00e-04,220,63.89873966363636,63.89873966363636,63.89873966363636,1.0000017881393433
MMDpt_dc_ae_l10_g1.00e-04,dc_ae,down_blocks.3.0,1.00e-04,221,63.92419218818182,63.92419218818182,63.92419218818182,1.0000016689300537
MMDpt_dc_ae_l10_g1.00e-04,dc_ae,down_blocks.3.0,1.00e-04,222,63.96103896818182,63.96103896818182,63.96103896818182,1.0000017881393433
MMDpt_dc_ae_l10_g1.00e-04,dc_ae,down_blocks.3.0,1.00e-04,223,63.99746849090909,63.99746849090909,63.99746849090909,1.0000017881393433
MMDpt_dc_ae_l10_g1.00e-04,dc_ae,down_blocks.3.0,1.00e-04,224,64.02118780454545,64.02118780454545,64.02118780454545,1.0000017881393433
MMDpt_dc_ae_l10_g1.00e-04,dc_ae,down_blocks.3.0,1.00e-04,225,64.02835174090909,64.02835174090909,64.02835174090909,1.0000016689300537
MMDpt_dc_ae_l10_g1.00e-04,dc_ae,down_blocks.3.0,1.00e-04,226,64.1043883409091,64.1043883409091,64.1043883409091,1.0000017881393433
MMDpt_dc_ae_l10_g1.00e-04,dc_ae,down_blocks.3.0,1.00e-04,227,64.15682117727273,64.15682117727273,64.15682117727273,1.0000017881393433
MMDpt_dc_ae_l10_g1.00e-04,dc_ae,down_blocks.3.0,1.00e-04,228,64.23845857272727,64.23845857272727,64.23845857272727,1.0000017881393433
MMDpt_dc_ae_l10_g1.00e-04,dc_ae,down_blocks.3.0,1.00e-04,229,64.25370258636363,64.25370258636363,64.25370258636363,1.0000017881393433
MMDpt_dc_ae_l10_g1.00e-04,dc_ae,down_blocks.3.0,1.00e-04,230,64.32671434181817,64.32671434181817,64.32671434181817,1.0000017881393433
MMDpt_dc_ae_l10_g1.00e-04,dc_ae,down_blocks.3.0,1.00e-04,231,64.40631527727272,64.40631527727272,64.40631527727272,1.0000017881393433
MMDpt_dc_ae_l10_g1.00e-04,dc_ae,down_blocks.3.0,1.00e-04,232,64.56676404090909,64.56676404090909,64.56676404090909,1.0000017881393433
MMDpt_dc_ae_l10_g1.00e-04,dc_ae,down_blocks.3.0,1.00e-04,233,64.70266141363636,64.70266141363636,64.70266141363636,1.0000017881393433
MMDpt_dc_ae_l10_g1.00e-04,dc_ae,down_blocks.3.0,1.00e-04,234,64.83579067045456,64.83579067045456,64.83579067045456,1.0000017881393433
MMDpt_dc_ae_l10_g1.00e-04,dc_ae,down_blocks.3.0,1.00e-04,235,64.88276691590909,64.88276691590909,64.88276691590909,1.0000017881393433
MMDpt_dc_ae_l10_g1.00e-04,dc_ae,down_blocks.3.0,1.00e-04,236,64.91428311818181,64.91428311818181,64.91428311818181,1.0000017881393433
MMDpt_dc_ae_l10_g1.00e-04,dc_ae,down_blocks.3.0,1.00e-04,237,64.99876317727272,64.99876317727272,64.99876317727272,1.0000017881393433
MMDpt_dc_ae_l10_g1.00e-04,dc_ae,down_blocks.3.0,1.00e-04,238,65.11283459954545,65.11283459954545,65.11283459954545,1.0000017881393433
MMDpt_dc_ae_l10_g1.00e-04,dc_ae,down_blocks.3.0,1.00e-04,239,65.12859398045454,65.12859398045454,65.12859398045454,1.0000017881393433
MMDpt_dc_ae_l10_g1.00e-04,dc_ae,down_blocks.3.0,1.00e-04,240,65.15700578272727,65.15700578272727,65.15700578272727,1.0000017881393433
MMDpt_dc_ae_l10_g1.00e-04,dc_ae,down_blocks.3.0,1.00e-04,241,65.26560826818182,65.26560826818182,65.26560826818182,1.0000017881393433
MMDpt_dc_ae_l10_g1.00e-04,dc_ae,down_blocks.3.0,1.00e-04,242,65.49862164545455,65.49862164545455,65.49862164545455,1.0000017881393433
MMDpt_dc_ae_l10_g1.00e-04,dc_ae,down_blocks.3.0,1.00e-04,243,65.58085287863636,65.58085287863636,65.58085287863636,1.0000017881393433
MMDpt_dc_ae_l10_g1.00e-04,dc_ae,down_blocks.3.0,1.00e-04,244,65.74797291818182,65.74797291818182,65.74797291818182,1.0000017881393433
MMDpt_dc_ae_l10_g1.00e-04,dc_ae,down_blocks.3.0,1.00e-04,245,65.77319434545456,65.77319434545456,65.77319434545456,1.0000017881393433
MMDpt_dc_ae_l10_g1.00e-04,dc_ae,down_blocks.3.0,1.00e-04,246,65.79643795909091,65.79643795909091,65.79643795909091,1.0000017881393433
MMDpt_dc_ae_l10_g1.00e-04,dc_ae,down_blocks.3.0,1.00e-04,247,65.90152255454545,65.90152255454545,65.90152255454545,1.0000017881393433
MMDpt_dc_ae_l10_g1.00e-04,dc_ae,down_blocks.3.0,1.00e-04,248,66.06104215454546,66.06104215454546,66.06104215454546,1.0000017881393433
MMDpt_dc_ae_l10_g1.00e-04,dc_ae,down_blocks.3.0,1.00e-04,249,66.34667021363636,66.34667021363636,66.34667021363636,1.0000017881393433
MMDpt_dc_ae_l10_g1.00e-04,dc_ae,down_blocks.3.0,1.00e-04,250,66.41367993636364,66.41367993636364,66.41367993636364,1.0000017881393433
MMDpt_dc_ae_l10_g1.00e-04,dc_ae,down_blocks.3.0,1.00e-04,251,66.49486482500001,66.49486482500001,66.49486482500001,1.0000017881393433
MMDpt_dc_ae_l10_g1.00e-04,dc_ae,down_blocks.3.0,1.00e-04,252,66.57540134545455,66.57540134545455,66.57540134545455,1.0000017881393433
MMDpt_dc_ae_l10_g1.00e-04,dc_ae,down_blocks.3.0,1.00e-04,253,66.64770191772728,66.64770191772728,66.64770191772728,1.0000017881393433
MMDpt_dc_ae_l10_g1.00e-04,dc_ae,down_blocks.3.0,1.00e-04,254,66.69631712272727,66.69631712272727,66.69631712272727,1.0000017881393433
MMDpt_dc_ae_l10_g1.00e-04,dc_ae,down_blocks.3.0,1.00e-04,255,66.69915260454546,66.69915260454546,66.69915260454546,1.0000017881393433
MMDpt_dc_ae_l10_g1.00e-04,dc_ae,down_blocks.3.0,1.00e-04,256,66.84640655909091,66.84640655909091,66.84640655909091,1.0000017881393433
MMDpt_dc_ae_l10_g1.00e-04,dc_ae,down_blocks.3.0,1.00e-04,257,66.92138232272727,66.92138232272727,66.92138232272727,1.0000015497207642
MMDpt_dc_ae_l10_g1.00e-04,dc_ae,down_blocks.3.0,1.00e-04,258,67.1600262,67.1600262,67.1600262,1.0000017881393433
MMDpt_dc_ae_l10_g1.00e-04,dc_ae,down_blocks.3.0,1.00e-04,259,67.24224864545455,67.24224864545455,67.24224864545455,1.0000017881393433
MMDpt_dc_ae_l10_g1.00e-04,dc_ae,down_blocks.3.0,1.00e-04,260,67.33497136227273,67.33497136227273,67.33497136227273,1.0000017881393433
MMDpt_dc_ae_l10_g1.00e-04,dc_ae,down_blocks.3.0,1.00e-04,261,67.50431248636363,67.50431248636363,67.50431248636363,1.0000017881393433
MMDpt_dc_ae_l10_g1.00e-04,dc_ae,down_blocks.3.0,1.00e-04,262,67.65232870272727,67.65232870272727,67.65232870272727,1.0000017881393433
MMDpt_dc_ae_l10_g1.00e-04,dc_ae,down_blocks.3.0,1.00e-04,263,67.78208407272727,67.78208407272727,67.78208407272727,1.0000017881393433
MMDpt_dc_ae_l10_g1.00e-04,dc_ae,down_blocks.3.0,1.00e-04,264,67.84529925,67.84529925,67.84529925,1.0000017881393433
MMDpt_dc_ae_l10_g1.00e-04,dc_ae,down_blocks.3.0,1.00e-04,265,67.89158320909091,67.89158320909091,67.89158320909091,1.0000017881393433
MMDpt_dc_ae_l10_g1.00e-04,dc_ae,down_blocks.3.0,1.00e-04,266,67.98637594090908,67.98637594090908,67.98637594090908,1.0000017881393433
MMDpt_dc_ae_l10_g1.00e-04,dc_ae,down_blocks.3.0,1.00e-04,267,68.0851692090909,68.0851692090909,68.0851692090909,1.0000017881393433
MMDpt_dc_ae_l10_g1.00e-04,dc_ae,down_blocks.3.0,1.00e-04,268,68.12695885,68.12695885,68.12695885,1.0000017881393433
MMDpt_dc_ae_l10_g1.00e-04,dc_ae,down_blocks.3.0,1.00e-04,269,68.2302839,68.2302839,68.2302839,1.0000017881393433
MMDpt_dc_ae_l10_g1.00e-04,dc_ae,down_blocks.3.0,1.00e-04,270,68.23565684545454,68.23565684545454,68.23565684545454,1.0000017881393433
MMDpt_dc_ae_l10_g1.00e-04,dc_ae,down_blocks.3.0,1.00e-04,271,68.26595938409092,68.26595938409092,68.26595938409092,1.0000016689300537
MMDpt_dc_ae_l10_g1.00e-04,dc_ae,down_blocks.3.0,1.00e-04,272,68.27114585318182,68.27114585318182,68.27114585318182,1.0000017881393433
MMDpt_dc_ae_l10_g1.00e-04,dc_ae,down_blocks.3.0,1.00e-04,273,68.32032611363637,68.32032611363637,68.32032611363637,1.0000017881393433
MMDpt_dc_ae_l10_g1.00e-04,dc_ae,down_blocks.3.0,1.00e-04,274,68.38830778636363,68.38830778636363,68.38830778636363,1.0000017881393433
MMDpt_dc_ae_l10_g1.00e-04,dc_ae,down_blocks.3.0,1.00e-04,275,68.41746199090909,68.41746199090909,68.41746199090909,1.0000017881393433
MMDpt_dc_ae_l10_g1.00e-04,dc_ae,down_blocks.3.0,1.00e-04,276,68.46063733181818,68.46063733181818,68.46063733181818,1.0000017881393433
MMDpt_dc_ae_l10_g1.00e-04,dc_ae,down_blocks.3.0,1.00e-04,277,68.46664887727273,68.46664887727273,68.46664887727273,1.0000017881393433
MMDpt_dc_ae_l10_g1.00e-04,dc_ae,down_blocks.3.0,1.00e-04,278,68.47213741363636,68.47213741363636,68.47213741363636,1.0000017881393433
MMDpt_dc_ae_l10_g1.00e-04,dc_ae,down_blocks.3.0,1.00e-04,279,68.93374281227273,68.93374281227273,68.93374281227273,1.0000017881393433
MMDpt_dc_ae_l10_g1.00e-04,dc_ae,down_blocks.3.0,1.00e-04,280,69.04567613727274,69.04567613727274,69.04567613727274,1.0000017881393433
MMDpt_dc_ae_l10_g1.00e-04,dc_ae,down_blocks.3.0,1.00e-04,281,69.05974111818182,69.05974111818182,69.05974111818182,1.0000017881393433
MMDpt_dc_ae_l10_g1.00e-04,dc_ae,down_blocks.3.0,1.00e-04,282,69.09219679545454,69.09219679545454,69.09219679545454,1.0000017881393433
MMDpt_dc_ae_l10_g1.00e-04,dc_ae,down_blocks.3.0,1.00e-04,283,69.09712682727273,69.09712682727273,69.09712682727273,1.0000017881393433
MMDpt_dc_ae_l10_g1.00e-04,dc_ae,down_blocks.3.0,1.00e-04,284,69.10091421363637,69.10091421363637,69.10091421363637,1.0000017881393433
MMDpt_dc_ae_l10_g1.00e-04,dc_ae,down_blocks.3.0,1.00e-04,285,69.10780212727273,69.10780212727273,69.10780212727273,1.0000017881393433
MMDpt_dc_ae_l10_g1.00e-04,dc_ae,down_blocks.3.0,1.00e-04,286,69.12065298636364,69.12065298636364,69.12065298636364,1.0000017881393433
MMDpt_dc_ae_l10_g1.00e-04,dc_ae,down_blocks.3.0,1.00e-04,287,69.18059698636364,69.18059698636364,69.18059698636364,1.0000017881393433
MMDpt_dc_ae_l10_g1.00e-04,dc_ae,down_blocks.3.0,1.00e-04,288,69.23367816363636,69.23367816363636,69.23367816363636,1.0000017881393433
MMDpt_dc_ae_l10_g1.00e-04,dc_ae,down_blocks.3.0,1.00e-04,289,69.2644266,69.2644266,69.2644266,1.0000017881393433
MMDpt_dc_ae_l10_g1.00e-04,dc_ae,down_blocks.3.0,1.00e-04,290,69.35791935818182,69.35791935818182,69.35791935818182,1.0000017881393433
MMDpt_dc_ae_l10_g1.00e-04,dc_ae,down_blocks.3.0,1.00e-04,291,69.61843814545455,69.61843814545455,69.61843814545455,1.0000017881393433
MMDpt_dc_ae_l10_g1.00e-04,dc_ae,down_blocks.3.0,1.00e-04,292,69.80519480454545,69.80519480454545,69.80519480454545,1.0000017881393433
MMDpt_dc_ae_l10_g1.00e-04,dc_ae,down_blocks.3.0,1.00e-04,293,69.8553488,69.8553488,69.8553488,1.0000017881393433
MMDpt_dc_ae_l10_g1.00e-04,dc_ae,down_blocks.3.0,1.00e-04,294,69.88728480909091,69.88728480909091,69.88728480909091,1.0000017881393433
MMDpt_dc_ae_l10_g1.00e-04,dc_ae,down_blocks.3.0,1.00e-04,295,69.97248817863637,69.97248817863637,69.97248817863637,1.0000017881393433
MMDpt_dc_ae_l10_g1.00e-04,dc_ae,down_blocks.3.0,1.00e-04,296,70.05721009181819,70.05721009181819,70.05721009181819,1.0000017881393433
MMDpt_dc_ae_l10_g1.00e-04,dc_ae,down_blocks.3.0,1.00e-04,297,70.14929492727272,70.14929492727272,70.14929492727272,1.0000017881393433
MMDpt_dc_ae_l10_g1.00e-04,dc_ae,down_blocks.3.0,1.00e-04,298,70.15787111818182,70.15787111818182,70.15787111818182,1.0000017881393433
MMDpt_dc_ae_l10_g1.00e-04,dc_ae,down_blocks.3.0,1.00e-04,299,70.16147875909091,70.16147875909091,70.16147875909091,1.0000017881393433
MMDpt_dc_ae_l10_g1.00e-04,dc_ae,down_blocks.3.0,1.00e-04,300,70.20511073181818,70.20511073181818,70.20511073181818,1.0000017881393433
MMDpt_dc_ae_l10_g1.00e-04,dc_ae,down_blocks.3.0,1.00e-04,301,70.32331571818182,70.32331571818182,70.32331571818182,1.0000017881393433
MMDpt_dc_ae_l10_g1.00e-04,dc_ae,down_blocks.3.0,1.00e-04,302,70.37705808636363,70.37705808636363,70.37705808636363,1.0000017881393433
MMDpt_dc_ae_l10_g1.00e-04,dc_ae,down_blocks.3.0,1.00e-04,303,70.399005675,70.399005675,70.399005675,1.0000017881393433
MMDpt_dc_ae_l10_g1.00e-04,dc_ae,down_blocks.3.0,1.00e-04,304,70.50181075318181,70.50181075318181,70.50181075318181,1.0000017881393433
MMDpt_dc_ae_l10_g1.00e-04,dc_ae,down_blocks.3.0,1.00e-04,305,70.6102672090909,70.6102672090909,70.6102672090909,1.0000017881393433
MMDpt_dc_ae_l10_g1.00e-04,dc_ae,down_blocks.3.0,1.00e-04,306,70.7436578590909,70.7436578590909,70.7436578590909,1.0000017881393433
MMDpt_dc_ae_l10_g1.00e-04,dc_ae,down_blocks.3.0,1.00e-04,307,70.83137117272727,70.83137117272727,70.83137117272727,1.0000017881393433
MMDpt_dc_ae_l10_g1.00e-04,dc_ae,down_blocks.3.0,1.00e-04,308,70.8352099,70.8352099,70.8352099,1.0000017881393433
MMDpt_dc_ae_l10_g1.00e-04,dc_ae,down_blocks.3.0,1.00e-04,309,70.84563281363636,70.84563281363636,70.84563281363636,1.0000017881393433
MMDpt_dc_ae_l10_g1.00e-04,dc_ae,down_blocks.3.0,1.00e-04,310,70.86294127272727,70.86294127272727,70.86294127272727,1.0000017881393433
MMDpt_dc_ae_l10_g1.00e-04,dc_ae,down_blocks.3.0,1.00e-04,311,70.88488886772727,70.88488886772727,70.88488886772727,1.0000017881393433
MMDpt_dc_ae_l10_g1.00e-04,dc_ae,down_blocks.3.0,1.00e-04,312,70.94146290454545,70.94146290454545,70.94146290454545,1.0000016689300537
MMDpt_dc_ae_l10_g1.00e-04,dc_ae,down_blocks.3.0,1.00e-04,313,71.03486937272727,71.03486937272727,71.03486937272727,1.0000017881393433
MMDpt_dc_ae_l10_g1.00e-04,dc_ae,down_blocks.3.0,1.00e-04,314,71.06114357272727,71.06114357272727,71.06114357272727,1.0000017881393433
MMDpt_dc_ae_l10_g1.00e-04,dc_ae,down_blocks.3.0,1.00e-04,315,71.16676672727273,71.16676672727273,71.16676672727273,1.0000017881393433
MMDpt_dc_ae_l10_g1.00e-04,dc_ae,down_blocks.3.0,1.00e-04,316,71.17873871818182,71.17873871818182,71.17873871818182,1.0000017881393433
MMDpt_dc_ae_l10_g1.00e-04,dc_ae,down_blocks.3.0,1.00e-04,317,71.2066498259091,71.2066498259091,71.2066498259091,1.0000017881393433
MMDpt_dc_ae_l10_g1.00e-04,dc_ae,down_blocks.3.0,1.00e-04,318,71.25545576818182,71.25545576818182,71.25545576818182,1.0000017881393433
MMDpt_dc_ae_l10_g1.00e-04,dc_ae,down_blocks.3.0,1.00e-04,319,71.3174982909091,71.3174982909091,71.3174982909091,1.0000017881393433
MMDpt_dc_ae_l10_g1.00e-04,dc_ae,down_blocks.3.0,1.00e-04,320,71.36296618181818,71.36296618181818,71.36296618181818,1.0000014305114746
MMDpt_dc_ae_l10_g1.00e-04,dc_ae,down_blocks.3.0,1.00e-04,321,71.46931471818182,71.46931471818182,71.46931471818182,1.0000017881393433
MMDpt_dc_ae_l10_g1.00e-04,dc_ae,down_blocks.3.0,1.00e-04,322,71.72297334090909,71.72297334090909,71.72297334090909,1.0000017881393433
MMDpt_dc_ae_l10_g1.00e-04,dc_ae,down_blocks.3.0,1.00e-04,323,71.90808025909091,71.90808025909091,71.90808025909091,1.0000017881393433
MMDpt_dc_ae_l10_g1.00e-04,dc_ae,down_blocks.3.0,1.00e-04,324,71.99829709090909,71.99829709090909,71.99829709090909,1.0000017881393433
MMDpt_dc_ae_l10_g1.00e-04,dc_ae,down_blocks.3.0,1.00e-04,325,72.09644175681818,72.09644175681818,72.09644175681818,1.0000017881393433
MMDpt_dc_ae_l10_g1.00e-04,dc_ae,down_blocks.3.0,1.00e-04,326,72.15469048045455,72.15469048045455,72.15469048045455,1.0000017881393433
MMDpt_dc_ae_l10_g1.00e-04,dc_ae,down_blocks.3.0,1.00e-04,327,72.16259906363636,72.16259906363636,72.16259906363636,1.0000017881393433
MMDpt_dc_ae_l10_g1.00e-04,dc_ae,down_blocks.3.0,1.00e-04,328,72.25012620454545,72.25012620454545,72.25012620454545,1.0000017881393433
MMDpt_dc_ae_l10_g1.00e-04,dc_ae,down_blocks.3.0,1.00e-04,329,72.32991709090909,72.32991709090909,72.32991709090909,1.0000017881393433
MMDpt_dc_ae_l10_g1.00e-04,dc_ae,down_blocks.3.0,1.00e-04,330,72.3529890590909,72.3529890590909,72.3529890590909,1.0000017881393433
MMDpt_dc_ae_l10_g1.00e-04,dc_ae,down_blocks.3.0,1.00e-04,331,72.35690482818183,72.35690482818183,72.35690482818183,1.0000017881393433
MMDpt_dc_ae_l10_g1.00e-04,dc_ae,down_blocks.3.0,1.00e-04,332,72.45495321363636,72.45495321363636,72.45495321363636,1.0000017881393433
MMDpt_dc_ae_l10_g1.00e-04,dc_ae,down_blocks.3.0,1.00e-04,333,72.62635492727273,72.62635492727273,72.62635492727273,1.0000017881393433
MMDpt_dc_ae_l10_g1.00e-04,dc_ae,down_blocks.3.0,1.00e-04,334,72.63195748181819,72.63195748181819,72.63195748181819,1.0000016689300537
MMDpt_dc_ae_l10_g1.00e-04,dc_ae,down_blocks.3.0,1.00e-04,335,72.83995069636363,72.83995069636363,72.83995069636363,1.0000017881393433
MMDpt_dc_ae_l10_g1.00e-04,dc_ae,down_blocks.3.0,1.00e-04,336,72.89617321363636,72.89617321363636,72.89617321363636,1.0000017881393433
MMDpt_dc_ae_l10_g1.00e-04,dc_ae,down_blocks.3.0,1.00e-04,337,73.03390340545455,73.03390340545455,73.03390340545455,1.0000017881393433
MMDpt_dc_ae_l10_g1.00e-04,dc_ae,down_blocks.3.0,1.00e-04,338,73.11911989545455,73.11911989545455,73.11911989545455,1.0000017881393433
MMDpt_dc_ae_l10_g1.00e-04,dc_ae,down_blocks.3.0,1.00e-04,339,73.13833258181818,73.13833258181818,73.13833258181818,1.0000017881393433
MMDpt_dc_ae_l10_g1.00e-04,dc_ae,down_blocks.3.0,1.00e-04,340,73.33471177272727,73.33471177272727,73.33471177272727,1.0000017881393433
MMDpt_dc_ae_l10_g1.00e-04,dc_ae,down_blocks.3.0,1.00e-04,341,73.33981687045456,73.33981687045456,73.33981687045456,1.0000017881393433
MMDpt_dc_ae_l10_g1.00e-04,dc_ae,down_blocks.3.0,1.00e-04,342,73.39854528636364,73.39854528636364,73.39854528636364,1.0000017881393433
MMDpt_dc_ae_l10_g1.00e-04,dc_ae,down_blocks.3.0,1.00e-04,343,73.41015931818183,73.41015931818183,73.41015931818183,1.0000017881393433
MMDpt_dc_ae_l10_g1.00e-04,dc_ae,down_blocks.3.0,1.00e-04,344,73.44266513181819,73.44266513181819,73.44266513181819,1.0000017881393433
MMDpt_dc_ae_l10_g1.00e-04,dc_ae,down_blocks.3.0,1.00e-04,345,73.44619574090909,73.44619574090909,73.44619574090909,1.0000017881393433
MMDpt_dc_ae_l10_g1.00e-04,dc_ae,down_blocks.3.0,1.00e-04,346,73.46868897499999,73.46868897499999,73.46868897499999,1.0000017881393433
MMDpt_dc_ae_l10_g1.00e-04,dc_ae,down_blocks.3.0,1.00e-04,347,73.50964273636363,73.50964273636363,73.50964273636363,1.0000017881393433
MMDpt_dc_ae_l10_g1.00e-04,dc_ae,down_blocks.3.0,1.00e-04,348,73.53120189545454,73.53120189545454,73.53120189545454,1.0000017881393433
MMDpt_dc_ae_l10_g1.00e-04,dc_ae,down_blocks.3.0,1.00e-04,349,73.63946159545455,73.63946159545455,73.63946159545455,1.0000017881393433
MMDpt_dc_ae_l10_g1.00e-04,dc_ae,down_blocks.3.0,1.00e-04,350,73.76844457272728,73.76844457272728,73.76844457272728,1.0000017881393433
MMDpt_dc_ae_l10_g1.00e-04,dc_ae,down_blocks.3.0,1.00e-04,351,73.80118299272728,73.80118299272728,73.80118299272728,1.0000017881393433
MMDpt_dc_ae_l10_g1.00e-04,dc_ae,down_blocks.3.0,1.00e-04,352,73.90576145,73.90576145,73.90576145,1.0000017881393433
MMDpt_dc_ae_l10_g1.00e-04,dc_ae,down_blocks.3.0,1.00e-04,353,73.96756481363637,73.96756481363637,73.96756481363637,1.0000017881393433
MMDpt_dc_ae_l10_g1.00e-04,dc_ae,down_blocks.3.0,1.00e-04,354,74.00717849454546,74.00717849454546,74.00717849454546,1.0000017881393433
MMDpt_dc_ae_l10_g1.00e-04,dc_ae,down_blocks.3.0,1.00e-04,355,74.01135728181818,74.01135728181818,74.01135728181818,1.0000017881393433
MMDpt_dc_ae_l10_g1.00e-04,dc_ae,down_blocks.3.0,1.00e-04,356,74.05095793636363,74.05095793636363,74.05095793636363,1.0000017881393433
MMDpt_dc_ae_l10_g1.00e-04,dc_ae,down_blocks.3.0,1.00e-04,357,74.05302495909092,74.05302495909092,74.05302495909092,1.0000016689300537
MMDpt_dc_ae_l10_g1.00e-04,dc_ae,down_blocks.3.0,1.00e-04,358,74.20412883636364,74.20412883636364,74.20412883636364,1.0000017881393433
MMDpt_dc_ae_l10_g1.00e-04,dc_ae,down_blocks.3.0,1.00e-04,359,74.32802774090909,74.32802774090909,74.32802774090909,1.0000017881393433
MMDpt_dc_ae_l10_g1.00e-04,dc_ae,down_blocks.3.0,1.00e-04,360,74.38583995454546,74.38583995454546,74.38583995454546,1.0000017881393433
MMDpt_dc_ae_l10_g1.00e-04,dc_ae,down_blocks.3.0,1.00e-04,361,74.46433656818182,74.46433656818182,74.46433656818182,1.0000017881393433
MMDpt_dc_ae_l10_g1.00e-04,dc_ae,down_blocks.3.0,1.00e-04,362,74.52572066363636,74.52572066363636,74.52572066363636,1.0000017881393433
MMDpt_dc_ae_l10_g1.00e-04,dc_ae,down_blocks.3.0,1.00e-04,363,74.86437946363637,74.86437946363637,74.86437946363637,1.0000017881393433
MMDpt_dc_ae_l10_g1.00e-04,dc_ae,down_blocks.3.0,1.00e-04,364,74.89747095909091,74.89747095909091,74.89747095909091,1.0000017881393433
MMDpt_dc_ae_l10_g1.00e-04,dc_ae,down_blocks.3.0,1.00e-04,365,74.9084351090909,74.9084351090909,74.9084351090909,1.0000017881393433
MMDpt_dc_ae_l10_g1.00e-04,dc_ae,down_blocks.3.0,1.00e-04,366,75.02020153181819,75.02020153181819,75.02020153181819,1.0000017881393433
MMDpt_dc_ae_l10_g1.00e-04,dc_ae,down_blocks.3.0,1.00e-04,367,75.04613550454546,75.04613550454546,75.04613550454546,1.0000017881393433
MMDpt_dc_ae_l10_g1.00e-04,dc_ae,down_blocks.3.0,1.00e-04,368,75.04910765454545,75.04910765454545,75.04910765454545,1.0000017881393433
MMDpt_dc_ae_l10_g1.00e-04,dc_ae,down_blocks.3.0,1.00e-04,369,75.04911406363637,75.04911406363637,75.04911406363637,1.0000017881393433
MMDpt_dc_ae_l10_g1.00e-04,dc_ae,down_blocks.3.0,1.00e-04,370,75.14242499545455,75.14242499545455,75.14242499545455,1.0000017881393433
MMDpt_dc_ae_l10_g1.00e-04,dc_ae,down_blocks.3.0,1.00e-04,371,75.14524949545454,75.14524949545454,75.14524949545454,1.0000017881393433
MMDpt_dc_ae_l10_g1.00e-04,dc_ae,down_blocks.3.0,1.00e-04,372,75.21942449545455,75.21942449545455,75.21942449545455,1.0000017881393433
MMDpt_dc_ae_l10_g1.00e-04,dc_ae,down_blocks.3.0,1.00e-04,373,75.2494860690909,75.2494860690909,75.2494860690909,1.0000017881393433
MMDpt_dc_ae_l10_g1.00e-04,dc_ae,down_blocks.3.0,1.00e-04,374,75.29101026818182,75.29101026818182,75.29101026818182,1.0000017881393433
MMDpt_dc_ae_l10_g1.00e-04,dc_ae,down_blocks.3.0,1.00e-04,375,75.30463428181818,75.30463428181818,75.30463428181818,1.0000017881393433
MMDpt_dc_ae_l10_g1.00e-04,dc_ae,down_blocks.3.0,1.00e-04,376,75.35053226363635,75.35053226363635,75.35053226363635,1.0000017881393433
MMDpt_dc_ae_l10_g1.00e-04,dc_ae,down_blocks.3.0,1.00e-04,377,75.358434425,75.358434425,75.358434425,1.0000016689300537
MMDpt_dc_ae_l10_g1.00e-04,dc_ae,down_blocks.3.0,1.00e-04,378,75.4765098,75.4765098,75.4765098,1.0000017881393433
MMDpt_dc_ae_l10_g1.00e-04,dc_ae,down_blocks.3.0,1.00e-04,379,75.48288537727272,75.48288537727272,75.48288537727272,1.0000017881393433
MMDpt_dc_ae_l10_g1.00e-04,dc_ae,down_blocks.3.0,1.00e-04,380,75.54217925454545,75.54217925454545,75.54217925454545,1.0000017881393433
MMDpt_dc_ae_l10_g1.00e-04,dc_ae,down_blocks.3.0,1.00e-04,381,75.65154605454546,75.65154605454546,75.65154605454546,1.0000017881393433
MMDpt_dc_ae_l10_g1.00e-04,dc_ae,down_blocks.3.0,1.00e-04,382,75.68111334545455,75.68111334545455,75.68111334545455,1.0000017881393433
MMDpt_dc_ae_l10_g1.00e-04,dc_ae,down_blocks.3.0,1.00e-04,383,75.77031593636364,75.77031593636364,75.77031593636364,1.0000017881393433
MMDpt_dc_ae_l10_g1.00e-04,dc_ae,down_blocks.3.0,1.00e-04,384,75.78166525454546,75.78166525454546,75.78166525454546,1.0000017881393433
MMDpt_dc_ae_l10_g1.00e-04,dc_ae,down_blocks.3.0,1.00e-04,385,75.79512009954546,75.79512009954546,75.79512009954546,1.0000017881393433
MMDpt_dc_ae_l10_g1.00e-04,dc_ae,down_blocks.3.0,1.00e-04,386,75.84170493636363,75.84170493636363,75.84170493636363,1.0000017881393433
MMDpt_dc_ae_l10_g1.00e-04,dc_ae,down_blocks.3.0,1.00e-04,387,75.84312428636363,75.84312428636363,75.84312428636363,1.0000017881393433
MMDpt_dc_ae_l10_g1.00e-04,dc_ae,down_blocks.3.0,1.00e-04,388,76.02107943636364,76.02107943636364,76.02107943636364,1.0000017881393433
MMDpt_dc_ae_l10_g1.00e-04,dc_ae,down_blocks.3.0,1.00e-04,389,76.07231828181818,76.07231828181818,76.07231828181818,1.0000017881393433
MMDpt_dc_ae_l10_g1.00e-04,dc_ae,down_blocks.3.0,1.00e-04,390,76.16321556363636,76.16321556363636,76.16321556363636,1.0000017881393433
MMDpt_dc_ae_l10_g1.00e-04,dc_ae,down_blocks.3.0,1.00e-04,391,76.19598609272727,76.19598609272727,76.19598609272727,1.0000017881393433
MMDpt_dc_ae_l10_g1.00e-04,dc_ae,down_blocks.3.0,1.00e-04,392,76.26727722727273,76.26727722727273,76.26727722727273,1.0000017881393433
MMDpt_dc_ae_l10_g1.00e-04,dc_ae,down_blocks.3.0,1.00e-04,393,76.28929185454545,76.28929185454545,76.28929185454545,1.0000017881393433
MMDpt_dc_ae_l10_g1.00e-04,dc_ae,down_blocks.3.0,1.00e-04,394,76.28997104545455,76.28997104545455,76.28997104545455,1.0000017881393433
MMDpt_dc_ae_l10_g1.00e-04,dc_ae,down_blocks.3.0,1.00e-04,395,76.32376224090909,76.32376224090909,76.32376224090909,1.0000017881393433
MMDpt_dc_ae_l10_g1.00e-04,dc_ae,down_blocks.3.0,1.00e-04,396,76.35414479090909,76.35414479090909,76.35414479090909,1.0000017881393433
MMDpt_dc_ae_l10_g1.00e-04,dc_ae,down_blocks.3.0,1.00e-04,397,76.39021483181818,76.39021483181818,76.39021483181818,1.0000017881393433
MMDpt_dc_ae_l10_g1.00e-04,dc_ae,down_blocks.3.0,1.00e-04,398,76.45241142272727,76.45241142272727,76.45241142272727,1.0000017881393433
MMDpt_dc_ae_l10_g1.00e-04,dc_ae,down_blocks.3.0,1.00e-04,399,76.51437691681818,76.51437691681818,76.51437691681818,1.0000017881393433
MMDpt_dc_ae_l10_g1.00e-04,dc_ae,down_blocks.3.0,1.00e-04,400,76.5471795409091,76.5471795409091,76.5471795409091,1.0000017881393433
MMDpt_dc_ae_l10_g1.00e-04,dc_ae,down_blocks.3.0,1.00e-04,401,76.59774437272728,76.59774437272728,76.59774437272728,1.0000017881393433
MMDpt_dc_ae_l10_g1.00e-04,dc_ae,down_blocks.3.0,1.00e-04,402,76.63823088636364,76.63823088636364,76.63823088636364,1.0000016689300537
MMDpt_dc_ae_l10_g1.00e-04,dc_ae,down_blocks.3.0,1.00e-04,403,76.64452179545455,76.64452179545455,76.64452179545455,1.0000017881393433
MMDpt_dc_ae_l10_g1.00e-04,dc_ae,down_blocks.3.0,1.00e-04,404,76.67493643727272,76.67493643727272,76.67493643727272,1.0000016689300537
MMDpt_dc_ae_l10_g1.00e-04,dc_ae,down_blocks.3.0,1.00e-04,405,76.67586082272727,76.67586082272727,76.67586082272727,1.0000017881393433
MMDpt_dc_ae_l10_g1.00e-04,dc_ae,down_blocks.3.0,1.00e-04,406,76.81212329090908,76.81212329090908,76.81212329090908,1.0000017881393433
MMDpt_dc_ae_l10_g1.00e-04,dc_ae,down_blocks.3.0,1.00e-04,407,76.90558185454546,76.90558185454546,76.90558185454546,1.0000017881393433
MMDpt_dc_ae_l10_g1.00e-04,dc_ae,down_blocks.3.0,1.00e-04,408,76.91644974545454,76.91644974545454,76.91644974545454,1.0000017881393433
MMDpt_dc_ae_l10_g1.00e-04,dc_ae,down_blocks.3.0,1.00e-04,409,76.98329391227273,76.98329391227273,76.98329391227273,1.0000017881393433
MMDpt_dc_ae_l10_g1.00e-04,dc_ae,down_blocks.3.0,1.00e-04,410,77.11547369545454,77.11547369545454,77.11547369545454,1.0000017881393433
MMDpt_dc_ae_l10_g1.00e-04,dc_ae,down_blocks.3.0,1.00e-04,411,77.14402031818182,77.14402031818182,77.14402031818182,1.0000017881393433
MMDpt_dc_ae_l10_g1.00e-04,dc_ae,down_blocks.3.0,1.00e-04,412,77.17084656363636,77.17084656363636,77.17084656363636,1.0000017881393433
MMDpt_dc_ae_l10_g1.00e-04,dc_ae,down_blocks.3.0,1.00e-04,413,77.25877326818183,77.25877326818183,77.25877326818183,1.0000017881393433
MMDpt_dc_ae_l10_g1.00e-04,dc_ae,down_blocks.3.0,1.00e-04,414,77.34552212272727,77.34552212272727,77.34552212272727,1.0000014305114746
MMDpt_dc_ae_l10_g1.00e-04,dc_ae,down_blocks.3.0,1.00e-04,415,77.52582683636363,77.52582683636363,77.52582683636363,1.0000017881393433
MMDpt_dc_ae_l10_g1.00e-04,dc_ae,down_blocks.3.0,1.00e-04,416,77.65479755863636,77.65479755863636,77.65479755863636,1.0000017881393433
MMDpt_dc_ae_l10_g1.00e-04,dc_ae,down_blocks.3.0,1.00e-04,417,77.69959142727272,77.69959142727272,77.69959142727272,1.0000017881393433
MMDpt_dc_ae_l10_g1.00e-04,dc_ae,down_blocks.3.0,1.00e-04,418,77.72501827727272,77.72501827727272,77.72501827727272,1.000001311302185
MMDpt_dc_ae_l10_g1.00e-04,dc_ae,down_blocks.3.0,1.00e-04,419,77.83570625,77.83570625,77.83570625,1.0000017881393433
MMDpt_dc_ae_l10_g1.00e-04,dc_ae,down_blocks.3.0,1.00e-04,420,77.9733424409091,77.9733424409091,77.9733424409091,1.0000017881393433
MMDpt_dc_ae_l10_g1.00e-04,dc_ae,down_blocks.3.0,1.00e-04,421,78.0566007590909,78.0566007590909,78.0566007590909,1.0000017881393433
MMDpt_dc_ae_l10_g1.00e-04,dc_ae,down_blocks.3.0,1.00e-04,422,78.20425748181819,78.20425748181819,78.20425748181819,1.0000017881393433
MMDpt_dc_ae_l10_g1.00e-04,dc_ae,down_blocks.3.0,1.00e-04,423,78.23482706363636,78.23482706363636,78.23482706363636,1.0000017881393433
MMDpt_dc_ae_l10_g1.00e-04,dc_ae,down_blocks.3.0,1.00e-04,424,78.25971381363637,78.25971381363637,78.25971381363637,1.0000017881393433
MMDpt_dc_ae_l10_g1.00e-04,dc_ae,down_blocks.3.0,1.00e-04,425,78.3483194,78.3483194,78.3483194,1.0000016689300537
MMDpt_dc_ae_l10_g1.00e-04,dc_ae,down_blocks.3.0,1.00e-04,426,78.4185978909091,78.4185978909091,78.4185978909091,1.0000016689300537
MMDpt_dc_ae_l10_g1.00e-04,dc_ae,down_blocks.3.0,1.00e-04,427,78.53980069090909,78.53980069090909,78.53980069090909,1.0000017881393433
MMDpt_dc_ae_l10_g1.00e-04,dc_ae,down_blocks.3.0,1.00e-04,428,78.54177141363635,78.54177141363635,78.54177141363635,1.0000017881393433
MMDpt_dc_ae_l10_g1.00e-04,dc_ae,down_blocks.3.0,1.00e-04,429,78.57485005,78.57485005,78.57485005,1.0000017881393433
MMDpt_dc_ae_l10_g1.00e-04,dc_ae,down_blocks.3.0,1.00e-04,430,78.5853263609091,78.5853263609091,78.5853263609091,1.0000016689300537
MMDpt_dc_ae_l10_g1.00e-04,dc_ae,down_blocks.3.0,1.00e-04,431,78.61859467727272,78.61859467727272,78.61859467727272,1.0000017881393433
MMDpt_dc_ae_l10_g1.00e-04,dc_ae,down_blocks.3.0,1.00e-04,432,78.63007529545455,78.63007529545455,78.63007529545455,1.0000017881393433
MMDpt_dc_ae_l10_g1.00e-04,dc_ae,down_blocks.3.0,1.00e-04,433,78.86957993181818,78.86957993181818,78.86957993181818,1.0000017881393433
MMDpt_dc_ae_l10_g1.00e-04,dc_ae,down_blocks.3.0,1.00e-04,434,79.22077921818182,79.22077921818182,79.22077921818182,1.0000017881393433
MMDpt_dc_ae_l10_g1.00e-04,dc_ae,down_blocks.3.0,1.00e-04,435,79.25695136818182,79.25695136818182,79.25695136818182,1.0000017881393433
MMDpt_dc_ae_l10_g1.00e-04,dc_ae,down_blocks.3.0,1.00e-04,436,79.28284742727273,79.28284742727273,79.28284742727273,1.0000017881393433
MMDpt_dc_ae_l10_g1.00e-04,dc_ae,down_blocks.3.0,1.00e-04,437,79.36729972727272,79.36729972727272,79.36729972727272,1.0000017881393433
MMDpt_dc_ae_l10_g1.00e-04,dc_ae,down_blocks.3.0,1.00e-04,438,79.46781420454546,79.46781420454546,79.46781420454546,1.0000017881393433
MMDpt_dc_ae_l10_g1.00e-04,dc_ae,down_blocks.3.0,1.00e-04,439,79.51125251363636,79.51125251363636,79.51125251363636,1.0000017881393433
MMDpt_dc_ae_l10_g1.00e-04,dc_ae,down_blocks.3.0,1.00e-04,440,79.62850745318183,79.62850745318183,79.62850745318183,1.0000017881393433
MMDpt_dc_ae_l10_g1.00e-04,dc_ae,down_blocks.3.0,1.00e-04,441,79.6499864090909,79.6499864090909,79.6499864090909,1.0000017881393433
MMDpt_dc_ae_l10_g1.00e-04,dc_ae,down_blocks.3.0,1.00e-04,442,79.75645692727272,79.75645692727272,79.75645692727272,1.0000017881393433
MMDpt_dc_ae_l10_g1.00e-04,dc_ae,down_blocks.3.0,1.00e-04,443,79.91532173636364,79.91532173636364,79.91532173636364,1.0000017881393433
MMDpt_dc_ae_l10_g1.00e-04,dc_ae,down_blocks.3.0,1.00e-04,444,79.94757872272727,79.94757872272727,79.94757872272727,1.0000017881393433
MMDpt_dc_ae_l10_g1.00e-04,dc_ae,down_blocks.3.0,1.00e-04,445,80.02392345454545,80.02392345454545,80.02392345454545,1.0000017881393433
MMDpt_dc_ae_l10_g1.00e-04,dc_ae,down_blocks.3.0,1.00e-04,446,80.13685939999999,80.13685939999999,80.13685939999999,1.0000017881393433
MMDpt_dc_ae_l10_g1.00e-04,dc_ae,down_blocks.3.0,1.00e-04,447,80.28660759545454,80.28660759545454,80.28660759545454,1.0000017881393433
MMDpt_dc_ae_l10_g1.00e-04,dc_ae,down_blocks.3.0,1.00e-04,448,80.40461357272727,80.40461357272727,80.40461357272727,1.0000017881393433
MMDpt_dc_ae_l10_g1.00e-04,dc_ae,down_blocks.3.0,1.00e-04,449,80.43965011363636,80.43965011363636,80.43965011363636,1.0000017881393433
MMDpt_dc_ae_l10_g1.00e-04,dc_ae,down_blocks.3.0,1.00e-04,450,80.56802326363636,80.56802326363636,80.56802326363636,1.0000017881393433
MMDpt_dc_ae_l10_g1.00e-04,dc_ae,down_blocks.3.0,1.00e-04,451,80.69563893636364,80.69563893636364,80.69563893636364,1.0000017881393433
MMDpt_dc_ae_l10_g1.00e-04,dc_ae,down_blocks.3.0,1.00e-04,452,80.83871870454546,80.83871870454546,80.83871870454546,1.0000017881393433
MMDpt_dc_ae_l10_g1.00e-04,dc_ae,down_blocks.3.0,1.00e-04,453,80.88731798181819,80.88731798181819,80.88731798181819,1.0000017881393433
MMDpt_dc_ae_l10_g1.00e-04,dc_ae,down_blocks.3.0,1.00e-04,454,80.98601989090909,80.98601989090909,80.98601989090909,1.0000017881393433
MMDpt_dc_ae_l10_g1.00e-04,dc_ae,down_blocks.3.0,1.00e-04,455,81.02786977272727,81.02786977272727,81.02786977272727,1.0000017881393433
MMDpt_dc_ae_l10_g1.00e-04,dc_ae,down_blocks.3.0,1.00e-04,456,81.46314962272727,81.46314962272727,81.46314962272727,1.0000017881393433
MMDpt_dc_ae_l10_g1.00e-04,dc_ae,down_blocks.3.0,1.00e-04,457,81.49191450454545,81.49191450454545,81.49191450454545,1.0000017881393433
MMDpt_dc_ae_l10_g1.00e-04,dc_ae,down_blocks.3.0,1.00e-04,458,81.53910919545454,81.53910919545454,81.53910919545454,1.0000017881393433
MMDpt_dc_ae_l10_g1.00e-04,dc_ae,down_blocks.3.0,1.00e-04,459,81.65584415909092,81.65584415909092,81.65584415909092,1.0000017881393433
MMDpt_dc_ae_l10_g1.00e-04,dc_ae,down_blocks.3.0,1.00e-04,460,81.66778405000001,81.66778405000001,81.66778405000001,1.0000017881393433
MMDpt_dc_ae_l10_g1.00e-04,dc_ae,down_blocks.3.0,1.00e-04,461,82.0783984909091,82.0783984909091,82.0783984909091,1.0000017881393433
MMDpt_dc_ae_l10_g1.00e-04,dc_ae,down_blocks.3.0,1.00e-04,462,82.11143467727273,82.11143467727273,82.11143467727273,1.0000016689300537
MMDpt_dc_ae_l10_g1.00e-04,dc_ae,down_blocks.3.0,1.00e-04,463,82.15394328181819,82.15394328181819,82.15394328181819,1.0000017881393433
MMDpt_dc_ae_l10_g1.00e-04,dc_ae,down_blocks.3.0,1.00e-04,464,82.87086985,82.87086985,82.87086985,1.0000017881393433
MMDpt_dc_ae_l10_g1.00e-04,dc_ae,down_blocks.3.0,1.00e-04,465,83.04785639090909,83.04785639090909,83.04785639090909,1.0000017881393433
MMDpt_dc_ae_l10_g1.00e-04,dc_ae,down_blocks.3.0,1.00e-04,466,83.2706767,83.2706767,83.2706767,1.0000017881393433
MMDpt_dc_ae_l10_g1.00e-04,dc_ae,down_blocks.3.0,1.00e-04,467,83.28013232272727,83.28013232272727,83.28013232272727,1.0000017881393433
MMDpt_dc_ae_l10_g1.00e-04,dc_ae,down_blocks.3.0,1.00e-04,468,83.32162666818182,83.32162666818182,83.32162666818182,1.0000015497207642
MMDpt_dc_ae_l10_g1.00e-04,dc_ae,down_blocks.3.0,1.00e-04,469,83.35334443181819,83.35334443181819,83.35334443181819,1.0000017881393433
MMDpt_dc_ae_l10_g1.00e-04,dc_ae,down_blocks.3.0,1.00e-04,470,83.45792123636365,83.45792123636365,83.45792123636365,1.0000017881393433
MMDpt_dc_ae_l10_g1.00e-04,dc_ae,down_blocks.3.0,1.00e-04,471,84.18152392727274,84.18152392727274,84.18152392727274,1.0000017881393433
MMDpt_dc_ae_l10_g1.00e-04,dc_ae,down_blocks.3.0,1.00e-04,472,84.62887205909091,84.62887205909091,84.62887205909091,1.0000016689300537
MMDpt_dc_ae_l10_g1.00e-04,dc_ae,down_blocks.3.0,1.00e-04,473,85.11071750454545,85.11071750454545,85.11071750454545,1.000001311302185
MMDpt_dc_ae_l10_g1.00e-04,dc_ae,down_blocks.3.0,1.00e-04,474,85.12217595454545,85.12217595454545,85.12217595454545,1.0000017881393433
MMDpt_dc_ae_l10_g1.00e-04,dc_ae,down_blocks.3.0,1.00e-04,475,85.54109655454546,85.54109655454546,85.54109655454546,1.0000017881393433
MMDpt_dc_ae_l10_g1.00e-04,dc_ae,down_blocks.3.0,1.00e-04,476,85.8163718359091,85.8163718359091,85.8163718359091,1.0000017881393433
MMDpt_dc_ae_l10_g1.00e-04,dc_ae,down_blocks.3.0,1.00e-04,477,86.0069106,86.0069106,86.0069106,1.0000017881393433
MMDpt_dc_ae_l10_g1.00e-04,dc_ae,down_blocks.3.0,1.00e-04,478,86.07828567272726,86.07828567272726,86.07828567272726,1.0000017881393433
MMDpt_dc_ae_l10_g1.00e-04,dc_ae,down_blocks.3.0,1.00e-04,479,86.46879091363637,86.46879091363637,86.46879091363637,1.0000017881393433
MMDpt_dc_ae_l10_g1.00e-04,dc_ae,down_blocks.3.0,1.00e-04,480,87.81027129545454,87.81027129545454,87.81027129545454,1.0000017881393433
MMDpt_dc_ae_l10_g1.00e-03,dc_ae,down_blocks.3.0,1.00e-03,1,10.383351573636363,10.383351573636363,10.383351573636363,1.0
MMDpt_dc_ae_l10_g1.00e-03,dc_ae,down_blocks.3.0,1.00e-03,2,11.237612673636363,11.237612673636363,11.237612673636363,1.0
MMDpt_dc_ae_l10_g1.00e-03,dc_ae,down_blocks.3.0,1.00e-03,3,12.873956289545454,12.873956289545454,12.873956289545454,1.0
MMDpt_dc_ae_l10_g1.00e-03,dc_ae,down_blocks.3.0,1.00e-03,4,13.852077771363637,13.852077771363637,13.852077771363637,1.0
MMDpt_dc_ae_l10_g1.00e-03,dc_ae,down_blocks.3.0,1.00e-03,5,14.772021149545454,14.772021149545454,14.772021149545454,1.0
MMDpt_dc_ae_l10_g1.00e-03,dc_ae,down_blocks.3.0,1.00e-03,6,15.774696462272727,15.774696462272727,15.774696462272727,1.0
MMDpt_dc_ae_l10_g1.00e-03,dc_ae,down_blocks.3.0,1.00e-03,7,16.11136225,16.11136225,16.11136225,1.0
MMDpt_dc_ae_l10_g1.00e-03,dc_ae,down_blocks.3.0,1.00e-03,8,16.718538883636366,16.718538883636366,16.718538883636366,1.0
MMDpt_dc_ae_l10_g1.00e-03,dc_ae,down_blocks.3.0,1.00e-03,9,16.83383592,16.83383592,16.83383592,1.0
MMDpt_dc_ae_l10_g1.00e-03,dc_ae,down_blocks.3.0,1.00e-03,10,16.977602550909094,16.977602550909094,16.977602550909094,1.0
MMDpt_dc_ae_l10_g1.00e-03,dc_ae,down_blocks.3.0,1.00e-03,11,17.128398308636363,17.128398308636363,17.128398308636363,1.0
MMDpt_dc_ae_l10_g1.00e-03,dc_ae,down_blocks.3.0,1.00e-03,12,17.49981897681818,17.49981897681818,17.49981897681818,1.0
MMDpt_dc_ae_l10_g1.00e-03,dc_ae,down_blocks.3.0,1.00e-03,13,18.01987185318182,18.01987185318182,18.01987185318182,1.0
MMDpt_dc_ae_l10_g1.00e-03,dc_ae,down_blocks.3.0,1.00e-03,14,18.22368484818182,18.22368484818182,18.22368484818182,1.0
MMDpt_dc_ae_l10_g1.00e-03,dc_ae,down_blocks.3.0,1.00e-03,15,18.40435578590909,18.40435578590909,18.40435578590909,1.0
MMDpt_dc_ae_l10_g1.00e-03,dc_ae,down_blocks.3.0,1.00e-03,16,18.964998386363636,18.964998386363636,18.964998386363636,1.0
MMDpt_dc_ae_l10_g1.00e-03,dc_ae,down_blocks.3.0,1.00e-03,17,19.531784013636365,19.531784013636365,19.531784013636365,1.0
MMDpt_dc_ae_l10_g1.00e-03,dc_ae,down_blocks.3.0,1.00e-03,18,21.457911477272727,21.457911477272727,21.457911477272727,1.0
MMDpt_dc_ae_l10_g1.00e-03,dc_ae,down_blocks.3.0,1.00e-03,19,22.164942098181818,22.164942098181818,22.164942098181818,1.0
MMDpt_dc_ae_l10_g1.00e-03,dc_ae,down_blocks.3.0,1.00e-03,20,22.207954510454545,22.207954510454545,22.207954510454545,1.0
MMDpt_dc_ae_l10_g1.00e-03,dc_ae,down_blocks.3.0,1.00e-03,21,22.336504287727273,22.336504287727273,22.336504287727273,1.0
MMDpt_dc_ae_l10_g1.00e-03,dc_ae,down_blocks.3.0,1.00e-03,22,22.775860404545455,22.775860404545455,22.775860404545455,1.0
MMDpt_dc_ae_l10_g1.00e-03,dc_ae,down_blocks.3.0,1.00e-03,23,23.03693973772727,23.03693973772727,23.03693973772727,1.0
MMDpt_dc_ae_l10_g1.00e-03,dc_ae,down_blocks.3.0,1.00e-03,24,23.073138160909092,23.073138160909092,23.073138160909092,1.0
MMDpt_dc_ae_l10_g1.00e-03,dc_ae,down_blocks.3.0,1.00e-03,25,23.859046570909094,23.859046570909094,23.859046570909094,1.0
MMDpt_dc_ae_l10_g1.00e-03,dc_ae,down_blocks.3.0,1.00e-03,26,24.108436355454547,24.108436355454547,24.108436355454547,1.0
MMDpt_dc_ae_l10_g1.00e-03,dc_ae,down_blocks.3.0,1.00e-03,27,24.136628927727273,24.136628927727273,24.136628927727273,1.0
MMDpt_dc_ae_l10_g1.00e-03,dc_ae,down_blocks.3.0,1.00e-03,28,24.706419758636365,24.706419758636365,24.706419758636365,1.0
MMDpt_dc_ae_l10_g1.00e-03,dc_ae,down_blocks.3.0,1.00e-03,29,25.160939161363636,25.160939161363636,25.160939161363636,1.0
MMDpt_dc_ae_l10_g1.00e-03,dc_ae,down_blocks.3.0,1.00e-03,30,25.272293834545454,25.272293834545454,25.272293834545454,1.0
MMDpt_dc_ae_l10_g1.00e-03,dc_ae,down_blocks.3.0,1.00e-03,31,25.739496508636364,25.739496508636364,25.739496508636364,1.0
MMDpt_dc_ae_l10_g1.00e-03,dc_ae,down_blocks.3.0,1.00e-03,32,26.08368123090909,26.08368123090909,26.08368123090909,1.0
MMDpt_dc_ae_l10_g1.00e-03,dc_ae,down_blocks.3.0,1.00e-03,33,26.26193154681818,26.26193154681818,26.26193154681818,1.0
MMDpt_dc_ae_l10_g1.00e-03,dc_ae,down_blocks.3.0,1.00e-03,34,26.29922768272727,26.29922768272727,26.29922768272727,1.0
MMDpt_dc_ae_l10_g1.00e-03,dc_ae,down_blocks.3.0,1.00e-03,35,26.647243233181822,26.647243233181822,26.647243233181822,1.0
MMDpt_dc_ae_l10_g1.00e-03,dc_ae,down_blocks.3.0,1.00e-03,36,26.80277036,26.80277036,26.80277036,1.0
MMDpt_dc_ae_l10_g1.00e-03,dc_ae,down_blocks.3.0,1.00e-03,37,27.710613355454544,27.710613355454544,27.710613355454544,1.0
MMDpt_dc_ae_l10_g1.00e-03,dc_ae,down_blocks.3.0,1.00e-03,38,27.723830698181818,27.723830698181818,27.723830698181818,1.0
MMDpt_dc_ae_l10_g1.00e-03,dc_ae,down_blocks.3.0,1.00e-03,39,27.94224735681818,27.94224735681818,27.94224735681818,1.0
MMDpt_dc_ae_l10_g1.00e-03,dc_ae,down_blocks.3.0,1.00e-03,40,28.008295531363636,28.008295531363636,28.008295531363636,1.0
MMDpt_dc_ae_l10_g1.00e-03,dc_ae,down_blocks.3.0,1.00e-03,41,28.427649107272728,28.427649107272728,28.427649107272728,1.0
MMDpt_dc_ae_l10_g1.00e-03,dc_ae,down_blocks.3.0,1.00e-03,42,28.610673086363636,28.610673086363636,28.610673086363636,1.0
MMDpt_dc_ae_l10_g1.00e-03,dc_ae,down_blocks.3.0,1.00e-03,43,28.864666542727274,28.864666542727274,28.864666542727274,1.0
MMDpt_dc_ae_l10_g1.00e-03,dc_ae,down_blocks.3.0,1.00e-03,44,28.872480873181818,28.872480873181818,28.872480873181818,1.0
MMDpt_dc_ae_l10_g1.00e-03,dc_ae,down_blocks.3.0,1.00e-03,45,29.867093540909092,29.867093540909092,29.867093540909092,1.0
MMDpt_dc_ae_l10_g1.00e-03,dc_ae,down_blocks.3.0,1.00e-03,46,30.946254809545454,30.946254809545454,30.946254809545454,1.0
MMDpt_dc_ae_l10_g1.00e-03,dc_ae,down_blocks.3.0,1.00e-03,47,31.113843444545456,31.113843444545456,31.113843444545456,1.0
MMDpt_dc_ae_l10_g1.00e-03,dc_ae,down_blocks.3.0,1.00e-03,48,31.75240744409091,31.75240744409091,31.75240744409091,1.0
MMDpt_dc_ae_l10_g1.00e-03,dc_ae,down_blocks.3.0,1.00e-03,49,31.962474827272725,31.962474827272725,31.962474827272725,1.0
MMDpt_dc_ae_l10_g1.00e-03,dc_ae,down_blocks.3.0,1.00e-03,50,32.10326235227273,32.10326235227273,32.10326235227273,1.0
MMDpt_dc_ae_l10_g1.00e-03,dc_ae,down_blocks.3.0,1.00e-03,51,32.57260997909091,32.57260997909091,32.57260997909091,1.0
MMDpt_dc_ae_l10_g1.00e-03,dc_ae,down_blocks.3.0,1.00e-03,52,33.29309288772727,33.29309288772727,33.29309288772727,1.0
MMDpt_dc_ae_l10_g1.00e-03,dc_ae,down_blocks.3.0,1.00e-03,53,33.63066458409091,33.63066458409091,33.63066458409091,1.0
MMDpt_dc_ae_l10_g1.00e-03,dc_ae,down_blocks.3.0,1.00e-03,54,33.94931614045454,33.94931614045454,33.94931614045454,1.0
MMDpt_dc_ae_l10_g1.00e-03,dc_ae,down_blocks.3.0,1.00e-03,55,34.254768114545456,34.254768114545456,34.254768114545456,1.0
MMDpt_dc_ae_l10_g1.00e-03,dc_ae,down_blocks.3.0,1.00e-03,56,35.01583384090909,35.01583384090909,35.01583384090909,1.0
MMDpt_dc_ae_l10_g1.00e-03,dc_ae,down_blocks.3.0,1.00e-03,57,35.61844186090909,35.61844186090909,35.61844186090909,1.0
MMDpt_dc_ae_l10_g1.00e-03,dc_ae,down_blocks.3.0,1.00e-03,58,36.50372615909091,36.50372615909091,36.50372615909091,1.0
MMDpt_dc_ae_l10_g1.00e-03,dc_ae,down_blocks.3.0,1.00e-03,59,36.74721518909091,36.74721518909091,36.74721518909091,1.0
MMDpt_dc_ae_l10_g1.00e-03,dc_ae,down_blocks.3.0,1.00e-03,60,37.183868766818186,37.183868766818186,37.183868766818186,1.0
MMDpt_dc_ae_l10_g1.00e-03,dc_ae,down_blocks.3.0,1.00e-03,61,37.586910895,37.586910895,37.586910895,1.0
MMDpt_dc_ae_l10_g1.00e-03,dc_ae,down_blocks.3.0,1.00e-03,62,37.90925234181818,37.90925234181818,37.90925234181818,1.0
MMDpt_dc_ae_l10_g1.00e-03,dc_ae,down_blocks.3.0,1.00e-03,63,39.159607152727276,39.159607152727276,39.159607152727276,1.0
MMDpt_dc_ae_l10_g1.00e-03,dc_ae,down_blocks.3.0,1.00e-03,64,39.16116855045455,39.16116855045455,39.16116855045455,1.0
MMDpt_dc_ae_l10_g1.00e-03,dc_ae,down_blocks.3.0,1.00e-03,65,39.50363207727273,39.50363207727273,39.50363207727273,1.0
MMDpt_dc_ae_l10_g1.00e-03,dc_ae,down_blocks.3.0,1.00e-03,66,39.72578294681818,39.72578294681818,39.72578294681818,1.0
MMDpt_dc_ae_l10_g1.00e-03,dc_ae,down_blocks.3.0,1.00e-03,67,40.10658689318182,40.10658689318182,40.10658689318182,1.0
MMDpt_dc_ae_l10_g1.00e-03,dc_ae,down_blocks.3.0,1.00e-03,68,40.511631334545456,40.511631334545456,40.511631334545456,1.0
MMDpt_dc_ae_l10_g1.00e-03,dc_ae,down_blocks.3.0,1.00e-03,69,41.22542756590909,41.22542756590909,41.22542756590909,1.0
MMDpt_dc_ae_l10_g1.00e-03,dc_ae,down_blocks.3.0,1.00e-03,70,41.450596035,41.450596035,41.450596035,1.0
MMDpt_dc_ae_l10_g1.00e-03,dc_ae,down_blocks.3.0,1.00e-03,71,41.606778884545456,41.606778884545456,41.606778884545456,1.0
MMDpt_dc_ae_l10_g1.00e-03,dc_ae,down_blocks.3.0,1.00e-03,72,41.74143011090909,41.74143011090909,41.74143011090909,1.0
MMDpt_dc_ae_l10_g1.00e-03,dc_ae,down_blocks.3.0,1.00e-03,73,42.27668356454546,42.27668356454546,42.27668356454546,1.0
MMDpt_dc_ae_l10_g1.00e-03,dc_ae,down_blocks.3.0,1.00e-03,74,42.349748590454546,42.349748590454546,42.349748590454546,1.0
MMDpt_dc_ae_l10_g1.00e-03,dc_ae,down_blocks.3.0,1.00e-03,75,42.93479045136364,42.93479045136364,42.93479045136364,1.0
MMDpt_dc_ae_l10_g1.00e-03,dc_ae,down_blocks.3.0,1.00e-03,76,42.999259720454546,42.999259720454546,42.999259720454546,1.0
MMDpt_dc_ae_l10_g1.00e-03,dc_ae,down_blocks.3.0,1.00e-03,77,43.14833512181818,43.14833512181818,43.14833512181818,1.0
MMDpt_dc_ae_l10_g1.00e-03,dc_ae,down_blocks.3.0,1.00e-03,78,43.849900354999995,43.849900354999995,43.849900354999995,1.0
MMDpt_dc_ae_l10_g1.00e-03,dc_ae,down_blocks.3.0,1.00e-03,79,44.24228326,44.24228326,44.24228326,1.0
MMDpt_dc_ae_l10_g1.00e-03,dc_ae,down_blocks.3.0,1.00e-03,80,44.68483293727273,44.68483293727273,44.68483293727273,1.0
MMDpt_dc_ae_l10_g1.00e-03,dc_ae,down_blocks.3.0,1.00e-03,81,45.014271393181815,45.014271393181815,45.014271393181815,1.0
MMDpt_dc_ae_l10_g1.00e-03,dc_ae,down_blocks.3.0,1.00e-03,82,45.044897863636365,45.044897863636365,45.044897863636365,1.0
MMDpt_dc_ae_l10_g1.00e-03,dc_ae,down_blocks.3.0,1.00e-03,83,45.242849799999995,45.242849799999995,45.242849799999995,1.0
MMDpt_dc_ae_l10_g1.00e-03,dc_ae,down_blocks.3.0,1.00e-03,84,45.34376912590909,45.34376912590909,45.34376912590909,1.0
MMDpt_dc_ae_l10_g1.00e-03,dc_ae,down_blocks.3.0,1.00e-03,85,45.44974382363636,45.44974382363636,45.44974382363636,1.0
MMDpt_dc_ae_l10_g1.00e-03,dc_ae,down_blocks.3.0,1.00e-03,86,45.87703164136364,45.87703164136364,45.87703164136364,1.0
MMDpt_dc_ae_l10_g1.00e-03,dc_ae,down_blocks.3.0,1.00e-03,87,46.05975058136364,46.05975058136364,46.05975058136364,1.0
MMDpt_dc_ae_l10_g1.00e-03,dc_ae,down_blocks.3.0,1.00e-03,88,46.3385215,46.3385215,46.3385215,1.0
MMDpt_dc_ae_l10_g1.00e-03,dc_ae,down_blocks.3.0,1.00e-03,89,46.461104443636366,46.461104443636366,46.461104443636366,1.0
MMDpt_dc_ae_l10_g1.00e-03,dc_ae,down_blocks.3.0,1.00e-03,90,46.55172569545454,46.55172569545454,46.55172569545454,1.0
MMDpt_dc_ae_l10_g1.00e-03,dc_ae,down_blocks.3.0,1.00e-03,91,46.63784059272727,46.63784059272727,46.63784059272727,1.0
MMDpt_dc_ae_l10_g1.00e-03,dc_ae,down_blocks.3.0,1.00e-03,92,46.92503363227272,46.92503363227272,46.92503363227272,1.0
MMDpt_dc_ae_l10_g1.00e-03,dc_ae,down_blocks.3.0,1.00e-03,93,46.98420985,46.98420985,46.98420985,1.0
MMDpt_dc_ae_l10_g1.00e-03,dc_ae,down_blocks.3.0,1.00e-03,94,47.05894020545455,47.05894020545455,47.05894020545455,1.0
MMDpt_dc_ae_l10_g1.00e-03,dc_ae,down_blocks.3.0,1.00e-03,95,47.18393024863636,47.18393024863636,47.18393024863636,1.0
MMDpt_dc_ae_l10_g1.00e-03,dc_ae,down_blocks.3.0,1.00e-03,96,47.45620903181818,47.45620903181818,47.45620903181818,1.0
MMDpt_dc_ae_l10_g1.00e-03,dc_ae,down_blocks.3.0,1.00e-03,97,47.57944400681818,47.57944400681818,47.57944400681818,1.0
MMDpt_dc_ae_l10_g1.00e-03,dc_ae,down_blocks.3.0,1.00e-03,98,47.68605184090909,47.68605184090909,47.68605184090909,1.0
MMDpt_dc_ae_l10_g1.00e-03,dc_ae,down_blocks.3.0,1.00e-03,99,47.85413733318182,47.85413733318182,47.85413733318182,1.0
MMDpt_dc_ae_l10_g1.00e-03,dc_ae,down_blocks.3.0,1.00e-03,100,47.997159330454544,47.997159330454544,47.997159330454544,1.0
MMDpt_dc_ae_l10_g1.00e-03,dc_ae,down_blocks.3.0,1.00e-03,101,48.745656067727275,48.745656067727275,48.745656067727275,1.0
MMDpt_dc_ae_l10_g1.00e-03,dc_ae,down_blocks.3.0,1.00e-03,102,48.974869975454546,48.974869975454546,48.974869975454546,1.0
MMDpt_dc_ae_l10_g1.00e-03,dc_ae,down_blocks.3.0,1.00e-03,103,49.269933079999994,49.269933079999994,49.269933079999994,1.0
MMDpt_dc_ae_l10_g1.00e-03,dc_ae,down_blocks.3.0,1.00e-03,104,49.50143869090909,49.50143869090909,49.50143869090909,1.0
MMDpt_dc_ae_l10_g1.00e-03,dc_ae,down_blocks.3.0,1.00e-03,105,50.02686477227273,50.02686477227273,50.02686477227273,1.0
MMDpt_dc_ae_l10_g1.00e-03,dc_ae,down_blocks.3.0,1.00e-03,106,50.24467801363637,50.24467801363637,50.24467801363637,1.0
MMDpt_dc_ae_l10_g1.00e-03,dc_ae,down_blocks.3.0,1.00e-03,107,50.26601576545454,50.26601576545454,50.26601576545454,1.0
MMDpt_dc_ae_l10_g1.00e-03,dc_ae,down_blocks.3.0,1.00e-03,108,50.287720933636365,50.287720933636365,50.287720933636365,1.0
MMDpt_dc_ae_l10_g1.00e-03,dc_ae,down_blocks.3.0,1.00e-03,109,50.397065763181814,50.397065763181814,50.397065763181814,1.0
MMDpt_dc_ae_l10_g1.00e-03,dc_ae,down_blocks.3.0,1.00e-03,110,50.44004938636363,50.44004938636363,50.44004938636363,1.0
MMDpt_dc_ae_l10_g1.00e-03,dc_ae,down_blocks.3.0,1.00e-03,111,50.53053583909091,50.53053583909091,50.53053583909091,1.0
MMDpt_dc_ae_l10_g1.00e-03,dc_ae,down_blocks.3.0,1.00e-03,112,50.744067415454545,50.744067415454545,50.744067415454545,1.0
MMDpt_dc_ae_l10_g1.00e-03,dc_ae,down_blocks.3.0,1.00e-03,113,50.877768575909094,50.877768575909094,50.877768575909094,1.0
MMDpt_dc_ae_l10_g1.00e-03,dc_ae,down_blocks.3.0,1.00e-03,114,50.952142585000004,50.952142585000004,50.952142585000004,1.0
MMDpt_dc_ae_l10_g1.00e-03,dc_ae,down_blocks.3.0,1.00e-03,115,51.255980857727266,51.255980857727266,51.255980857727266,1.0
MMDpt_dc_ae_l10_g1.00e-03,dc_ae,down_blocks.3.0,1.00e-03,116,51.47010300409091,51.47010300409091,51.47010300409091,1.0
MMDpt_dc_ae_l10_g1.00e-03,dc_ae,down_blocks.3.0,1.00e-03,117,51.48649149727273,51.48649149727273,51.48649149727273,1.0
MMDpt_dc_ae_l10_g1.00e-03,dc_ae,down_blocks.3.0,1.00e-03,118,51.49088870772727,51.49088870772727,51.49088870772727,1.0
MMDpt_dc_ae_l10_g1.00e-03,dc_ae,down_blocks.3.0,1.00e-03,119,51.669473619090915,51.669473619090915,51.669473619090915,1.0
MMDpt_dc_ae_l10_g1.00e-03,dc_ae,down_blocks.3.0,1.00e-03,120,51.78909724363636,51.78909724363636,51.78909724363636,1.0
MMDpt_dc_ae_l10_g1.00e-03,dc_ae,down_blocks.3.0,1.00e-03,121,51.85205774272727,51.85205774272727,51.85205774272727,1.0
MMDpt_dc_ae_l10_g1.00e-03,dc_ae,down_blocks.3.0,1.00e-03,122,51.87800455454545,51.87800455454545,51.87800455454545,1.0
MMDpt_dc_ae_l10_g1.00e-03,dc_ae,down_blocks.3.0,1.00e-03,123,51.92553946363636,51.92553946363636,51.92553946363636,1.0
MMDpt_dc_ae_l10_g1.00e-03,dc_ae,down_blocks.3.0,1.00e-03,124,52.00039339090909,52.00039339090909,52.00039339090909,1.0
MMDpt_dc_ae_l10_g1.00e-03,dc_ae,down_blocks.3.0,1.00e-03,125,52.126720309090906,52.126720309090906,52.126720309090906,1.0
MMDpt_dc_ae_l10_g1.00e-03,dc_ae,down_blocks.3.0,1.00e-03,126,52.30133809090909,52.30133809090909,52.30133809090909,1.0
MMDpt_dc_ae_l10_g1.00e-03,dc_ae,down_blocks.3.0,1.00e-03,127,52.82782977227273,52.82782977227273,52.82782977227273,1.0
MMDpt_dc_ae_l10_g1.00e-03,dc_ae,down_blocks.3.0,1.00e-03,128,52.94948191,52.94948191,52.94948191,1.0
MMDpt_dc_ae_l10_g1.00e-03,dc_ae,down_blocks.3.0,1.00e-03,129,52.977303153181815,52.977303153181815,52.977303153181815,1.0
MMDpt_dc_ae_l10_g1.00e-03,dc_ae,down_blocks.3.0,1.00e-03,130,53.02329102272727,53.02329102272727,53.02329102272727,1.0
MMDpt_dc_ae_l10_g1.00e-03,dc_ae,down_blocks.3.0,1.00e-03,131,53.11169118954546,53.11169118954546,53.11169118954546,1.0
MMDpt_dc_ae_l10_g1.00e-03,dc_ae,down_blocks.3.0,1.00e-03,132,53.15595768772727,53.15595768772727,53.15595768772727,1.0
MMDpt_dc_ae_l10_g1.00e-03,dc_ae,down_blocks.3.0,1.00e-03,133,53.19575964181818,53.19575964181818,53.19575964181818,1.0
MMDpt_dc_ae_l10_g1.00e-03,dc_ae,down_blocks.3.0,1.00e-03,134,53.738266159999995,53.738266159999995,53.738266159999995,1.0
MMDpt_dc_ae_l10_g1.00e-03,dc_ae,down_blocks.3.0,1.00e-03,135,54.35688324090909,54.35688324090909,54.35688324090909,1.0
MMDpt_dc_ae_l10_g1.00e-03,dc_ae,down_blocks.3.0,1.00e-03,136,54.43010616227273,54.43010616227273,54.43010616227273,1.0
MMDpt_dc_ae_l10_g1.00e-03,dc_ae,down_blocks.3.0,1.00e-03,137,54.51598353272727,54.51598353272727,54.51598353272727,1.0
MMDpt_dc_ae_l10_g1.00e-03,dc_ae,down_blocks.3.0,1.00e-03,138,54.63723127590909,54.63723127590909,54.63723127590909,1.0
MMDpt_dc_ae_l10_g1.00e-03,dc_ae,down_blocks.3.0,1.00e-03,139,54.68535675181818,54.68535675181818,54.68535675181818,1.0
MMDpt_dc_ae_l10_g1.00e-03,dc_ae,down_blocks.3.0,1.00e-03,140,54.72388539863636,54.72388539863636,54.72388539863636,1.0
MMDpt_dc_ae_l10_g1.00e-03,dc_ae,down_blocks.3.0,1.00e-03,141,55.23867115454546,55.23867115454546,55.23867115454546,1.0
MMDpt_dc_ae_l10_g1.00e-03,dc_ae,down_blocks.3.0,1.00e-03,142,55.2775563909091,55.2775563909091,55.2775563909091,1.0
MMDpt_dc_ae_l10_g1.00e-03,dc_ae,down_blocks.3.0,1.00e-03,143,55.699695931818184,55.699695931818184,55.699695931818184,1.0
MMDpt_dc_ae_l10_g1.00e-03,dc_ae,down_blocks.3.0,1.00e-03,144,55.80372709545455,55.80372709545455,55.80372709545455,1.0
MMDpt_dc_ae_l10_g1.00e-03,dc_ae,down_blocks.3.0,1.00e-03,145,55.82518654818182,55.82518654818182,55.82518654818182,1.0
MMDpt_dc_ae_l10_g1.00e-03,dc_ae,down_blocks.3.0,1.00e-03,146,56.236087309090905,56.236087309090905,56.236087309090905,1.0
MMDpt_dc_ae_l10_g1.00e-03,dc_ae,down_blocks.3.0,1.00e-03,147,56.34353036818182,56.34353036818182,56.34353036818182,1.0
MMDpt_dc_ae_l10_g1.00e-03,dc_ae,down_blocks.3.0,1.00e-03,148,56.343846956363635,56.343846956363635,56.343846956363635,1.0
MMDpt_dc_ae_l10_g1.00e-03,dc_ae,down_blocks.3.0,1.00e-03,149,56.418747340909086,56.418747340909086,56.418747340909086,1.0
MMDpt_dc_ae_l10_g1.00e-03,dc_ae,down_blocks.3.0,1.00e-03,150,56.4284854,56.4284854,56.4284854,1.0
MMDpt_dc_ae_l10_g1.00e-03,dc_ae,down_blocks.3.0,1.00e-03,151,56.43083487727272,56.43083487727272,56.43083487727272,1.0
MMDpt_dc_ae_l10_g1.00e-03,dc_ae,down_blocks.3.0,1.00e-03,152,56.73676582727273,56.73676582727273,56.73676582727273,1.0
MMDpt_dc_ae_l10_g1.00e-03,dc_ae,down_blocks.3.0,1.00e-03,153,56.80215198181818,56.80215198181818,56.80215198181818,1.0
MMDpt_dc_ae_l10_g1.00e-03,dc_ae,down_blocks.3.0,1.00e-03,154,56.838491672272724,56.838491672272724,56.838491672272724,1.0
MMDpt_dc_ae_l10_g1.00e-03,dc_ae,down_blocks.3.0,1.00e-03,155,56.87784920000001,56.87784920000001,56.87784920000001,1.0
MMDpt_dc_ae_l10_g1.00e-03,dc_ae,down_blocks.3.0,1.00e-03,156,56.88495511818182,56.88495511818182,56.88495511818182,1.0
MMDpt_dc_ae_l10_g1.00e-03,dc_ae,down_blocks.3.0,1.00e-03,157,56.89427865,56.89427865,56.89427865,1.0
MMDpt_dc_ae_l10_g1.00e-03,dc_ae,down_blocks.3.0,1.00e-03,158,57.014437336363635,57.014437336363635,57.014437336363635,1.0
MMDpt_dc_ae_l10_g1.00e-03,dc_ae,down_blocks.3.0,1.00e-03,159,57.01605029863636,57.01605029863636,57.01605029863636,1.0
MMDpt_dc_ae_l10_g1.00e-03,dc_ae,down_blocks.3.0,1.00e-03,160,57.06027285454545,57.06027285454545,57.06027285454545,1.0
MMDpt_dc_ae_l10_g1.00e-03,dc_ae,down_blocks.3.0,1.00e-03,161,57.08577673045454,57.08577673045454,57.08577673045454,1.0
MMDpt_dc_ae_l10_g1.00e-03,dc_ae,down_blocks.3.0,1.00e-03,162,57.165035822727276,57.165035822727276,57.165035822727276,1.0
MMDpt_dc_ae_l10_g1.00e-03,dc_ae,down_blocks.3.0,1.00e-03,163,57.30280682363637,57.30280682363637,57.30280682363637,1.0
MMDpt_dc_ae_l10_g1.00e-03,dc_ae,down_blocks.3.0,1.00e-03,164,57.552973348181816,57.552973348181816,57.552973348181816,1.0
MMDpt_dc_ae_l10_g1.00e-03,dc_ae,down_blocks.3.0,1.00e-03,165,57.715692645,57.715692645,57.715692645,1.0
MMDpt_dc_ae_l10_g1.00e-03,dc_ae,down_blocks.3.0,1.00e-03,166,57.94736867727273,57.94736867727273,57.94736867727273,1.0
MMDpt_dc_ae_l10_g1.00e-03,dc_ae,down_blocks.3.0,1.00e-03,167,58.01582408181818,58.01582408181818,58.01582408181818,1.0
MMDpt_dc_ae_l10_g1.00e-03,dc_ae,down_blocks.3.0,1.00e-03,168,58.14704098045454,58.14704098045454,58.14704098045454,1.0
MMDpt_dc_ae_l10_g1.00e-03,dc_ae,down_blocks.3.0,1.00e-03,169,58.40466673181818,58.40466673181818,58.40466673181818,1.0
MMDpt_dc_ae_l10_g1.00e-03,dc_ae,down_blocks.3.0,1.00e-03,170,58.48494007,58.48494007,58.48494007,1.0
MMDpt_dc_ae_l10_g1.00e-03,dc_ae,down_blocks.3.0,1.00e-03,171,58.90741873181818,58.90741873181818,58.90741873181818,1.0
MMDpt_dc_ae_l10_g1.00e-03,dc_ae,down_blocks.3.0,1.00e-03,172,58.92814133636364,58.92814133636364,58.92814133636364,1.0
MMDpt_dc_ae_l10_g1.00e-03,dc_ae,down_blocks.3.0,1.00e-03,173,58.959711454090915,58.959711454090915,58.959711454090915,1.0
MMDpt_dc_ae_l10_g1.00e-03,dc_ae,down_blocks.3.0,1.00e-03,174,59.080638213636355,59.080638213636355,59.080638213636355,1.0
MMDpt_dc_ae_l10_g1.00e-03,dc_ae,down_blocks.3.0,1.00e-03,175,59.15176404636364,59.15176404636364,59.15176404636364,1.0
MMDpt_dc_ae_l10_g1.00e-03,dc_ae,down_blocks.3.0,1.00e-03,176,59.165360129545455,59.165360129545455,59.165360129545455,1.0
MMDpt_dc_ae_l10_g1.00e-03,dc_ae,down_blocks.3.0,1.00e-03,177,59.343238913181814,59.343238913181814,59.343238913181814,1.0
MMDpt_dc_ae_l10_g1.00e-03,dc_ae,down_blocks.3.0,1.00e-03,178,59.52943686818182,59.52943686818182,59.52943686818182,1.0
MMDpt_dc_ae_l10_g1.00e-03,dc_ae,down_blocks.3.0,1.00e-03,179,59.53394987363636,59.53394987363636,59.53394987363636,1.0
MMDpt_dc_ae_l10_g1.00e-03,dc_ae,down_blocks.3.0,1.00e-03,180,59.61907620909091,59.61907620909091,59.61907620909091,1.0
MMDpt_dc_ae_l10_g1.00e-03,dc_ae,down_blocks.3.0,1.00e-03,181,59.64024705,59.64024705,59.64024705,1.0
MMDpt_dc_ae_l10_g1.00e-03,dc_ae,down_blocks.3.0,1.00e-03,182,59.81487126545455,59.81487126545455,59.81487126545455,1.0
MMDpt_dc_ae_l10_g1.00e-03,dc_ae,down_blocks.3.0,1.00e-03,183,59.821444613636366,59.821444613636366,59.821444613636366,1.0
MMDpt_dc_ae_l10_g1.00e-03,dc_ae,down_blocks.3.0,1.00e-03,184,59.82249576181818,59.82249576181818,59.82249576181818,1.0
MMDpt_dc_ae_l10_g1.00e-03,dc_ae,down_blocks.3.0,1.00e-03,185,60.13491826227273,60.13491826227273,60.13491826227273,1.0
MMDpt_dc_ae_l10_g1.00e-03,dc_ae,down_blocks.3.0,1.00e-03,186,60.66603184545455,60.66603184545455,60.66603184545455,1.0
MMDpt_dc_ae_l10_g1.00e-03,dc_ae,down_blocks.3.0,1.00e-03,187,60.91525143409091,60.91525143409091,60.91525143409091,1.0
MMDpt_dc_ae_l10_g1.00e-03,dc_ae,down_blocks.3.0,1.00e-03,188,60.98922430909091,60.98922430909091,60.98922430909091,1.0
MMDpt_dc_ae_l10_g1.00e-03,dc_ae,down_blocks.3.0,1.00e-03,189,61.15445065909091,61.15445065909091,61.15445065909091,1.0
MMDpt_dc_ae_l10_g1.00e-03,dc_ae,down_blocks.3.0,1.00e-03,190,61.257236485,61.257236485,61.257236485,1.0
MMDpt_dc_ae_l10_g1.00e-03,dc_ae,down_blocks.3.0,1.00e-03,191,61.38288141818182,61.38288141818182,61.38288141818182,1.0
MMDpt_dc_ae_l10_g1.00e-03,dc_ae,down_blocks.3.0,1.00e-03,192,61.41676890772727,61.41676890772727,61.41676890772727,1.0
MMDpt_dc_ae_l10_g1.00e-03,dc_ae,down_blocks.3.0,1.00e-03,193,61.450913154545454,61.450913154545454,61.450913154545454,1.0
MMDpt_dc_ae_l10_g1.00e-03,dc_ae,down_blocks.3.0,1.00e-03,194,61.557454278181815,61.557454278181815,61.557454278181815,1.0
MMDpt_dc_ae_l10_g1.00e-03,dc_ae,down_blocks.3.0,1.00e-03,195,61.612018317727276,61.612018317727276,61.612018317727276,1.0
MMDpt_dc_ae_l10_g1.00e-03,dc_ae,down_blocks.3.0,1.00e-03,196,61.66026577136363,61.66026577136363,61.66026577136363,1.0
MMDpt_dc_ae_l10_g1.00e-03,dc_ae,down_blocks.3.0,1.00e-03,197,61.784896459090916,61.784896459090916,61.784896459090916,1.0
MMDpt_dc_ae_l10_g1.00e-03,dc_ae,down_blocks.3.0,1.00e-03,198,61.80260090454545,61.80260090454545,61.80260090454545,1.0
MMDpt_dc_ae_l10_g1.00e-03,dc_ae,down_blocks.3.0,1.00e-03,199,62.04634134636364,62.04634134636364,62.04634134636364,1.0
MMDpt_dc_ae_l10_g1.00e-03,dc_ae,down_blocks.3.0,1.00e-03,200,62.140166177272725,62.140166177272725,62.140166177272725,1.0
MMDpt_dc_ae_l10_g1.00e-03,dc_ae,down_blocks.3.0,1.00e-03,201,62.30800517363637,62.30800517363637,62.30800517363637,1.0
MMDpt_dc_ae_l10_g1.00e-03,dc_ae,down_blocks.3.0,1.00e-03,202,62.48285368636363,62.48285368636363,62.48285368636363,1.0
MMDpt_dc_ae_l10_g1.00e-03,dc_ae,down_blocks.3.0,1.00e-03,203,62.50087945,62.50087945,62.50087945,1.0
MMDpt_dc_ae_l10_g1.00e-03,dc_ae,down_blocks.3.0,1.00e-03,204,62.515273900000004,62.515273900000004,62.515273900000004,1.0
MMDpt_dc_ae_l10_g1.00e-03,dc_ae,down_blocks.3.0,1.00e-03,205,62.56153540454545,62.56153540454545,62.56153540454545,1.0
MMDpt_dc_ae_l10_g1.00e-03,dc_ae,down_blocks.3.0,1.00e-03,206,62.62842450590909,62.62842450590909,62.62842450590909,1.0
MMDpt_dc_ae_l10_g1.00e-03,dc_ae,down_blocks.3.0,1.00e-03,207,62.64787497272727,62.64787497272727,62.64787497272727,1.0
MMDpt_dc_ae_l10_g1.00e-03,dc_ae,down_blocks.3.0,1.00e-03,208,62.80573838590909,62.80573838590909,62.80573838590909,1.0
MMDpt_dc_ae_l10_g1.00e-03,dc_ae,down_blocks.3.0,1.00e-03,209,62.831736559090906,62.831736559090906,62.831736559090906,1.0
MMDpt_dc_ae_l10_g1.00e-03,dc_ae,down_blocks.3.0,1.00e-03,210,63.033077886363635,63.033077886363635,63.033077886363635,1.0
MMDpt_dc_ae_l10_g1.00e-03,dc_ae,down_blocks.3.0,1.00e-03,211,63.2958711590909,63.2958711590909,63.2958711590909,1.0
MMDpt_dc_ae_l10_g1.00e-03,dc_ae,down_blocks.3.0,1.00e-03,212,63.30556153181818,63.30556153181818,63.30556153181818,1.0
MMDpt_dc_ae_l10_g1.00e-03,dc_ae,down_blocks.3.0,1.00e-03,213,63.451246159090914,63.451246159090914,63.451246159090914,1.0
MMDpt_dc_ae_l10_g1.00e-03,dc_ae,down_blocks.3.0,1.00e-03,214,63.51674641363636,63.51674641363636,63.51674641363636,1.0
MMDpt_dc_ae_l10_g1.00e-03,dc_ae,down_blocks.3.0,1.00e-03,215,63.52993807136364,63.52993807136364,63.52993807136364,1.0
MMDpt_dc_ae_l10_g1.00e-03,dc_ae,down_blocks.3.0,1.00e-03,216,63.601648069090906,63.601648069090906,63.601648069090906,1.0
MMDpt_dc_ae_l10_g1.00e-03,dc_ae,down_blocks.3.0,1.00e-03,217,63.632569839545454,63.632569839545454,63.632569839545454,1.0
MMDpt_dc_ae_l10_g1.00e-03,dc_ae,down_blocks.3.0,1.00e-03,218,63.65115097727273,63.65115097727273,63.65115097727273,1.0
MMDpt_dc_ae_l10_g1.00e-03,dc_ae,down_blocks.3.0,1.00e-03,219,63.71100458181818,63.71100458181818,63.71100458181818,1.0
MMDpt_dc_ae_l10_g1.00e-03,dc_ae,down_blocks.3.0,1.00e-03,220,63.89873966363636,63.89873966363636,63.89873966363636,1.0
MMDpt_dc_ae_l10_g1.00e-03,dc_ae,down_blocks.3.0,1.00e-03,221,63.92419218818182,63.92419218818182,63.92419218818182,1.0
MMDpt_dc_ae_l10_g1.00e-03,dc_ae,down_blocks.3.0,1.00e-03,222,63.96103896818182,63.96103896818182,63.96103896818182,1.0
MMDpt_dc_ae_l10_g1.00e-03,dc_ae,down_blocks.3.0,1.00e-03,223,63.99746849090909,63.99746849090909,63.99746849090909,1.0
MMDpt_dc_ae_l10_g1.00e-03,dc_ae,down_blocks.3.0,1.00e-03,224,64.02118780454545,64.02118780454545,64.02118780454545,1.0
MMDpt_dc_ae_l10_g1.00e-03,dc_ae,down_blocks.3.0,1.00e-03,225,64.02835174090909,64.02835174090909,64.02835174090909,1.0
MMDpt_dc_ae_l10_g1.00e-03,dc_ae,down_blocks.3.0,1.00e-03,226,64.1043883409091,64.1043883409091,64.1043883409091,1.0
MMDpt_dc_ae_l10_g1.00e-03,dc_ae,down_blocks.3.0,1.00e-03,227,64.15682117727273,64.15682117727273,64.15682117727273,1.0
MMDpt_dc_ae_l10_g1.00e-03,dc_ae,down_blocks.3.0,1.00e-03,228,64.23845857272727,64.23845857272727,64.23845857272727,1.0
MMDpt_dc_ae_l10_g1.00e-03,dc_ae,down_blocks.3.0,1.00e-03,229,64.25370258636363,64.25370258636363,64.25370258636363,1.0
MMDpt_dc_ae_l10_g1.00e-03,dc_ae,down_blocks.3.0,1.00e-03,230,64.32671434181817,64.32671434181817,64.32671434181817,1.0
MMDpt_dc_ae_l10_g1.00e-03,dc_ae,down_blocks.3.0,1.00e-03,231,64.40631527727272,64.40631527727272,64.40631527727272,1.0
MMDpt_dc_ae_l10_g1.00e-03,dc_ae,down_blocks.3.0,1.00e-03,232,64.56676404090909,64.56676404090909,64.56676404090909,1.0
MMDpt_dc_ae_l10_g1.00e-03,dc_ae,down_blocks.3.0,1.00e-03,233,64.70266141363636,64.70266141363636,64.70266141363636,1.0
MMDpt_dc_ae_l10_g1.00e-03,dc_ae,down_blocks.3.0,1.00e-03,234,64.83579067045456,64.83579067045456,64.83579067045456,1.0
MMDpt_dc_ae_l10_g1.00e-03,dc_ae,down_blocks.3.0,1.00e-03,235,64.88276691590909,64.88276691590909,64.88276691590909,1.0
MMDpt_dc_ae_l10_g1.00e-03,dc_ae,down_blocks.3.0,1.00e-03,236,64.91428311818181,64.91428311818181,64.91428311818181,1.0
MMDpt_dc_ae_l10_g1.00e-03,dc_ae,down_blocks.3.0,1.00e-03,237,64.99876317727272,64.99876317727272,64.99876317727272,1.0
MMDpt_dc_ae_l10_g1.00e-03,dc_ae,down_blocks.3.0,1.00e-03,238,65.11283459954545,65.11283459954545,65.11283459954545,1.0
MMDpt_dc_ae_l10_g1.00e-03,dc_ae,down_blocks.3.0,1.00e-03,239,65.12859398045454,65.12859398045454,65.12859398045454,1.0
MMDpt_dc_ae_l10_g1.00e-03,dc_ae,down_blocks.3.0,1.00e-03,240,65.15700578272727,65.15700578272727,65.15700578272727,1.0
MMDpt_dc_ae_l10_g1.00e-03,dc_ae,down_blocks.3.0,1.00e-03,241,65.26560826818182,65.26560826818182,65.26560826818182,1.0
MMDpt_dc_ae_l10_g1.00e-03,dc_ae,down_blocks.3.0,1.00e-03,242,65.49862164545455,65.49862164545455,65.49862164545455,1.0
MMDpt_dc_ae_l10_g1.00e-03,dc_ae,down_blocks.3.0,1.00e-03,243,65.58085287863636,65.58085287863636,65.58085287863636,1.0
MMDpt_dc_ae_l10_g1.00e-03,dc_ae,down_blocks.3.0,1.00e-03,244,65.74797291818182,65.74797291818182,65.74797291818182,1.0
MMDpt_dc_ae_l10_g1.00e-03,dc_ae,down_blocks.3.0,1.00e-03,245,65.77319434545456,65.77319434545456,65.77319434545456,1.0
MMDpt_dc_ae_l10_g1.00e-03,dc_ae,down_blocks.3.0,1.00e-03,246,65.79643795909091,65.79643795909091,65.79643795909091,1.0
MMDpt_dc_ae_l10_g1.00e-03,dc_ae,down_blocks.3.0,1.00e-03,247,65.90152255454545,65.90152255454545,65.90152255454545,1.0
MMDpt_dc_ae_l10_g1.00e-03,dc_ae,down_blocks.3.0,1.00e-03,248,66.06104215454546,66.06104215454546,66.06104215454546,1.0
MMDpt_dc_ae_l10_g1.00e-03,dc_ae,down_blocks.3.0,1.00e-03,249,66.34667021363636,66.34667021363636,66.34667021363636,1.0
MMDpt_dc_ae_l10_g1.00e-03,dc_ae,down_blocks.3.0,1.00e-03,250,66.41367993636364,66.41367993636364,66.41367993636364,1.0
MMDpt_dc_ae_l10_g1.00e-03,dc_ae,down_blocks.3.0,1.00e-03,251,66.49486482500001,66.49486482500001,66.49486482500001,1.0
MMDpt_dc_ae_l10_g1.00e-03,dc_ae,down_blocks.3.0,1.00e-03,252,66.57540134545455,66.57540134545455,66.57540134545455,1.0
MMDpt_dc_ae_l10_g1.00e-03,dc_ae,down_blocks.3.0,1.00e-03,253,66.64770191772728,66.64770191772728,66.64770191772728,1.0
MMDpt_dc_ae_l10_g1.00e-03,dc_ae,down_blocks.3.0,1.00e-03,254,66.69631712272727,66.69631712272727,66.69631712272727,1.0
MMDpt_dc_ae_l10_g1.00e-03,dc_ae,down_blocks.3.0,1.00e-03,255,66.69915260454546,66.69915260454546,66.69915260454546,1.0
MMDpt_dc_ae_l10_g1.00e-03,dc_ae,down_blocks.3.0,1.00e-03,256,66.84640655909091,66.84640655909091,66.84640655909091,1.0
MMDpt_dc_ae_l10_g1.00e-03,dc_ae,down_blocks.3.0,1.00e-03,257,66.92138232272727,66.92138232272727,66.92138232272727,1.0
MMDpt_dc_ae_l10_g1.00e-03,dc_ae,down_blocks.3.0,1.00e-03,258,67.1600262,67.1600262,67.1600262,1.0
MMDpt_dc_ae_l10_g1.00e-03,dc_ae,down_blocks.3.0,1.00e-03,259,67.24224864545455,67.24224864545455,67.24224864545455,1.0
MMDpt_dc_ae_l10_g1.00e-03,dc_ae,down_blocks.3.0,1.00e-03,260,67.33497136227273,67.33497136227273,67.33497136227273,1.0
MMDpt_dc_ae_l10_g1.00e-03,dc_ae,down_blocks.3.0,1.00e-03,261,67.50431248636363,67.50431248636363,67.50431248636363,1.0
MMDpt_dc_ae_l10_g1.00e-03,dc_ae,down_blocks.3.0,1.00e-03,262,67.65232870272727,67.65232870272727,67.65232870272727,1.0
MMDpt_dc_ae_l10_g1.00e-03,dc_ae,down_blocks.3.0,1.00e-03,263,67.78208407272727,67.78208407272727,67.78208407272727,1.0
MMDpt_dc_ae_l10_g1.00e-03,dc_ae,down_blocks.3.0,1.00e-03,264,67.84529925,67.84529925,67.84529925,1.0
MMDpt_dc_ae_l10_g1.00e-03,dc_ae,down_blocks.3.0,1.00e-03,265,67.89158320909091,67.89158320909091,67.89158320909091,1.0
MMDpt_dc_ae_l10_g1.00e-03,dc_ae,down_blocks.3.0,1.00e-03,266,67.98637594090908,67.98637594090908,67.98637594090908,1.0
MMDpt_dc_ae_l10_g1.00e-03,dc_ae,down_blocks.3.0,1.00e-03,267,68.0851692090909,68.0851692090909,68.0851692090909,1.0
MMDpt_dc_ae_l10_g1.00e-03,dc_ae,down_blocks.3.0,1.00e-03,268,68.12695885,68.12695885,68.12695885,1.0
MMDpt_dc_ae_l10_g1.00e-03,dc_ae,down_blocks.3.0,1.00e-03,269,68.2302839,68.2302839,68.2302839,1.0
MMDpt_dc_ae_l10_g1.00e-03,dc_ae,down_blocks.3.0,1.00e-03,270,68.23565684545454,68.23565684545454,68.23565684545454,1.0
MMDpt_dc_ae_l10_g1.00e-03,dc_ae,down_blocks.3.0,1.00e-03,271,68.26595938409092,68.26595938409092,68.26595938409092,1.0
MMDpt_dc_ae_l10_g1.00e-03,dc_ae,down_blocks.3.0,1.00e-03,272,68.27114585318182,68.27114585318182,68.27114585318182,1.0
MMDpt_dc_ae_l10_g1.00e-03,dc_ae,down_blocks.3.0,1.00e-03,273,68.32032611363637,68.32032611363637,68.32032611363637,1.0
MMDpt_dc_ae_l10_g1.00e-03,dc_ae,down_blocks.3.0,1.00e-03,274,68.38830778636363,68.38830778636363,68.38830778636363,1.0
MMDpt_dc_ae_l10_g1.00e-03,dc_ae,down_blocks.3.0,1.00e-03,275,68.41746199090909,68.41746199090909,68.41746199090909,1.0
MMDpt_dc_ae_l10_g1.00e-03,dc_ae,down_blocks.3.0,1.00e-03,276,68.46063733181818,68.46063733181818,68.46063733181818,1.0
MMDpt_dc_ae_l10_g1.00e-03,dc_ae,down_blocks.3.0,1.00e-03,277,68.46664887727273,68.46664887727273,68.46664887727273,1.0
MMDpt_dc_ae_l10_g1.00e-03,dc_ae,down_blocks.3.0,1.00e-03,278,68.47213741363636,68.47213741363636,68.47213741363636,1.0
MMDpt_dc_ae_l10_g1.00e-03,dc_ae,down_blocks.3.0,1.00e-03,279,68.93374281227273,68.93374281227273,68.93374281227273,1.0
MMDpt_dc_ae_l10_g1.00e-03,dc_ae,down_blocks.3.0,1.00e-03,280,69.04567613727274,69.04567613727274,69.04567613727274,1.0
MMDpt_dc_ae_l10_g1.00e-03,dc_ae,down_blocks.3.0,1.00e-03,281,69.05974111818182,69.05974111818182,69.05974111818182,1.0
MMDpt_dc_ae_l10_g1.00e-03,dc_ae,down_blocks.3.0,1.00e-03,282,69.09219679545454,69.09219679545454,69.09219679545454,1.0
MMDpt_dc_ae_l10_g1.00e-03,dc_ae,down_blocks.3.0,1.00e-03,283,69.09712682727273,69.09712682727273,69.09712682727273,1.0
MMDpt_dc_ae_l10_g1.00e-03,dc_ae,down_blocks.3.0,1.00e-03,284,69.10091421363637,69.10091421363637,69.10091421363637,1.0
MMDpt_dc_ae_l10_g1.00e-03,dc_ae,down_blocks.3.0,1.00e-03,285,69.10780212727273,69.10780212727273,69.10780212727273,1.0
MMDpt_dc_ae_l10_g1.00e-03,dc_ae,down_blocks.3.0,1.00e-03,286,69.12065298636364,69.12065298636364,69.12065298636364,1.0
MMDpt_dc_ae_l10_g1.00e-03,dc_ae,down_blocks.3.0,1.00e-03,287,69.18059698636364,69.18059698636364,69.18059698636364,1.0
MMDpt_dc_ae_l10_g1.00e-03,dc_ae,down_blocks.3.0,1.00e-03,288,69.23367816363636,69.23367816363636,69.23367816363636,1.0
MMDpt_dc_ae_l10_g1.00e-03,dc_ae,down_blocks.3.0,1.00e-03,289,69.2644266,69.2644266,69.2644266,1.0
MMDpt_dc_ae_l10_g1.00e-03,dc_ae,down_blocks.3.0,1.00e-03,290,69.35791935818182,69.35791935818182,69.35791935818182,1.0
MMDpt_dc_ae_l10_g1.00e-03,dc_ae,down_blocks.3.0,1.00e-03,291,69.61843814545455,69.61843814545455,69.61843814545455,1.0
MMDpt_dc_ae_l10_g1.00e-03,dc_ae,down_blocks.3.0,1.00e-03,292,69.80519480454545,69.80519480454545,69.80519480454545,1.0
MMDpt_dc_ae_l10_g1.00e-03,dc_ae,down_blocks.3.0,1.00e-03,293,69.8553488,69.8553488,69.8553488,1.0
MMDpt_dc_ae_l10_g1.00e-03,dc_ae,down_blocks.3.0,1.00e-03,294,69.88728480909091,69.88728480909091,69.88728480909091,1.0
MMDpt_dc_ae_l10_g1.00e-03,dc_ae,down_blocks.3.0,1.00e-03,295,69.97248817863637,69.97248817863637,69.97248817863637,1.0
MMDpt_dc_ae_l10_g1.00e-03,dc_ae,down_blocks.3.0,1.00e-03,296,70.05721009181819,70.05721009181819,70.05721009181819,1.0
MMDpt_dc_ae_l10_g1.00e-03,dc_ae,down_blocks.3.0,1.00e-03,297,70.14929492727272,70.14929492727272,70.14929492727272,1.0
MMDpt_dc_ae_l10_g1.00e-03,dc_ae,down_blocks.3.0,1.00e-03,298,70.15787111818182,70.15787111818182,70.15787111818182,1.0
MMDpt_dc_ae_l10_g1.00e-03,dc_ae,down_blocks.3.0,1.00e-03,299,70.16147875909091,70.16147875909091,70.16147875909091,1.0
MMDpt_dc_ae_l10_g1.00e-03,dc_ae,down_blocks.3.0,1.00e-03,300,70.20511073181818,70.20511073181818,70.20511073181818,1.0
MMDpt_dc_ae_l10_g1.00e-03,dc_ae,down_blocks.3.0,1.00e-03,301,70.32331571818182,70.32331571818182,70.32331571818182,1.0
MMDpt_dc_ae_l10_g1.00e-03,dc_ae,down_blocks.3.0,1.00e-03,302,70.37705808636363,70.37705808636363,70.37705808636363,1.0
MMDpt_dc_ae_l10_g1.00e-03,dc_ae,down_blocks.3.0,1.00e-03,303,70.399005675,70.399005675,70.399005675,1.0
MMDpt_dc_ae_l10_g1.00e-03,dc_ae,down_blocks.3.0,1.00e-03,304,70.50181075318181,70.50181075318181,70.50181075318181,1.0
MMDpt_dc_ae_l10_g1.00e-03,dc_ae,down_blocks.3.0,1.00e-03,305,70.6102672090909,70.6102672090909,70.6102672090909,1.0
MMDpt_dc_ae_l10_g1.00e-03,dc_ae,down_blocks.3.0,1.00e-03,306,70.7436578590909,70.7436578590909,70.7436578590909,1.0
MMDpt_dc_ae_l10_g1.00e-03,dc_ae,down_blocks.3.0,1.00e-03,307,70.83137117272727,70.83137117272727,70.83137117272727,1.0
MMDpt_dc_ae_l10_g1.00e-03,dc_ae,down_blocks.3.0,1.00e-03,308,70.8352099,70.8352099,70.8352099,1.0
MMDpt_dc_ae_l10_g1.00e-03,dc_ae,down_blocks.3.0,1.00e-03,309,70.84563281363636,70.84563281363636,70.84563281363636,1.0
MMDpt_dc_ae_l10_g1.00e-03,dc_ae,down_blocks.3.0,1.00e-03,310,70.86294127272727,70.86294127272727,70.86294127272727,1.0
MMDpt_dc_ae_l10_g1.00e-03,dc_ae,down_blocks.3.0,1.00e-03,311,70.88488886772727,70.88488886772727,70.88488886772727,1.0
MMDpt_dc_ae_l10_g1.00e-03,dc_ae,down_blocks.3.0,1.00e-03,312,70.94146290454545,70.94146290454545,70.94146290454545,1.0
MMDpt_dc_ae_l10_g1.00e-03,dc_ae,down_blocks.3.0,1.00e-03,313,71.03486937272727,71.03486937272727,71.03486937272727,1.0
MMDpt_dc_ae_l10_g1.00e-03,dc_ae,down_blocks.3.0,1.00e-03,314,71.06114357272727,71.06114357272727,71.06114357272727,1.0
MMDpt_dc_ae_l10_g1.00e-03,dc_ae,down_blocks.3.0,1.00e-03,315,71.16676672727273,71.16676672727273,71.16676672727273,1.0
MMDpt_dc_ae_l10_g1.00e-03,dc_ae,down_blocks.3.0,1.00e-03,316,71.17873871818182,71.17873871818182,71.17873871818182,1.0
MMDpt_dc_ae_l10_g1.00e-03,dc_ae,down_blocks.3.0,1.00e-03,317,71.2066498259091,71.2066498259091,71.2066498259091,1.0
MMDpt_dc_ae_l10_g1.00e-03,dc_ae,down_blocks.3.0,1.00e-03,318,71.25545576818182,71.25545576818182,71.25545576818182,1.0
MMDpt_dc_ae_l10_g1.00e-03,dc_ae,down_blocks.3.0,1.00e-03,319,71.3174982909091,71.3174982909091,71.3174982909091,1.0
MMDpt_dc_ae_l10_g1.00e-03,dc_ae,down_blocks.3.0,1.00e-03,320,71.36296618181818,71.36296618181818,71.36296618181818,1.0
MMDpt_dc_ae_l10_g1.00e-03,dc_ae,down_blocks.3.0,1.00e-03,321,71.46931471818182,71.46931471818182,71.46931471818182,1.0
MMDpt_dc_ae_l10_g1.00e-03,dc_ae,down_blocks.3.0,1.00e-03,322,71.72297334090909,71.72297334090909,71.72297334090909,1.0
MMDpt_dc_ae_l10_g1.00e-03,dc_ae,down_blocks.3.0,1.00e-03,323,71.90808025909091,71.90808025909091,71.90808025909091,1.0
MMDpt_dc_ae_l10_g1.00e-03,dc_ae,down_blocks.3.0,1.00e-03,324,71.99829709090909,71.99829709090909,71.99829709090909,1.0
MMDpt_dc_ae_l10_g1.00e-03,dc_ae,down_blocks.3.0,1.00e-03,325,72.09644175681818,72.09644175681818,72.09644175681818,1.0
MMDpt_dc_ae_l10_g1.00e-03,dc_ae,down_blocks.3.0,1.00e-03,326,72.15469048045455,72.15469048045455,72.15469048045455,1.0
MMDpt_dc_ae_l10_g1.00e-03,dc_ae,down_blocks.3.0,1.00e-03,327,72.16259906363636,72.16259906363636,72.16259906363636,1.0
MMDpt_dc_ae_l10_g1.00e-03,dc_ae,down_blocks.3.0,1.00e-03,328,72.25012620454545,72.25012620454545,72.25012620454545,1.0
MMDpt_dc_ae_l10_g1.00e-03,dc_ae,down_blocks.3.0,1.00e-03,329,72.32991709090909,72.32991709090909,72.32991709090909,1.0
MMDpt_dc_ae_l10_g1.00e-03,dc_ae,down_blocks.3.0,1.00e-03,330,72.3529890590909,72.3529890590909,72.3529890590909,1.0
MMDpt_dc_ae_l10_g1.00e-03,dc_ae,down_blocks.3.0,1.00e-03,331,72.35690482818183,72.35690482818183,72.35690482818183,1.0
MMDpt_dc_ae_l10_g1.00e-03,dc_ae,down_blocks.3.0,1.00e-03,332,72.45495321363636,72.45495321363636,72.45495321363636,1.0
MMDpt_dc_ae_l10_g1.00e-03,dc_ae,down_blocks.3.0,1.00e-03,333,72.62635492727273,72.62635492727273,72.62635492727273,1.0
MMDpt_dc_ae_l10_g1.00e-03,dc_ae,down_blocks.3.0,1.00e-03,334,72.63195748181819,72.63195748181819,72.63195748181819,1.0
MMDpt_dc_ae_l10_g1.00e-03,dc_ae,down_blocks.3.0,1.00e-03,335,72.83995069636363,72.83995069636363,72.83995069636363,1.0
MMDpt_dc_ae_l10_g1.00e-03,dc_ae,down_blocks.3.0,1.00e-03,336,72.89617321363636,72.89617321363636,72.89617321363636,1.0
MMDpt_dc_ae_l10_g1.00e-03,dc_ae,down_blocks.3.0,1.00e-03,337,73.03390340545455,73.03390340545455,73.03390340545455,1.0
MMDpt_dc_ae_l10_g1.00e-03,dc_ae,down_blocks.3.0,1.00e-03,338,73.11911989545455,73.11911989545455,73.11911989545455,1.0
MMDpt_dc_ae_l10_g1.00e-03,dc_ae,down_blocks.3.0,1.00e-03,339,73.13833258181818,73.13833258181818,73.13833258181818,1.0
MMDpt_dc_ae_l10_g1.00e-03,dc_ae,down_blocks.3.0,1.00e-03,340,73.33471177272727,73.33471177272727,73.33471177272727,1.0
MMDpt_dc_ae_l10_g1.00e-03,dc_ae,down_blocks.3.0,1.00e-03,341,73.33981687045456,73.33981687045456,73.33981687045456,1.0
MMDpt_dc_ae_l10_g1.00e-03,dc_ae,down_blocks.3.0,1.00e-03,342,73.39854528636364,73.39854528636364,73.39854528636364,1.0
MMDpt_dc_ae_l10_g1.00e-03,dc_ae,down_blocks.3.0,1.00e-03,343,73.41015931818183,73.41015931818183,73.41015931818183,1.0
MMDpt_dc_ae_l10_g1.00e-03,dc_ae,down_blocks.3.0,1.00e-03,344,73.44266513181819,73.44266513181819,73.44266513181819,1.0
MMDpt_dc_ae_l10_g1.00e-03,dc_ae,down_blocks.3.0,1.00e-03,345,73.44619574090909,73.44619574090909,73.44619574090909,1.0
MMDpt_dc_ae_l10_g1.00e-03,dc_ae,down_blocks.3.0,1.00e-03,346,73.46868897499999,73.46868897499999,73.46868897499999,1.0
MMDpt_dc_ae_l10_g1.00e-03,dc_ae,down_blocks.3.0,1.00e-03,347,73.50964273636363,73.50964273636363,73.50964273636363,1.0
MMDpt_dc_ae_l10_g1.00e-03,dc_ae,down_blocks.3.0,1.00e-03,348,73.53120189545454,73.53120189545454,73.53120189545454,1.0
MMDpt_dc_ae_l10_g1.00e-03,dc_ae,down_blocks.3.0,1.00e-03,349,73.63946159545455,73.63946159545455,73.63946159545455,1.0
MMDpt_dc_ae_l10_g1.00e-03,dc_ae,down_blocks.3.0,1.00e-03,350,73.76844457272728,73.76844457272728,73.76844457272728,1.0
MMDpt_dc_ae_l10_g1.00e-03,dc_ae,down_blocks.3.0,1.00e-03,351,73.80118299272728,73.80118299272728,73.80118299272728,1.0
MMDpt_dc_ae_l10_g1.00e-03,dc_ae,down_blocks.3.0,1.00e-03,352,73.90576145,73.90576145,73.90576145,1.0
MMDpt_dc_ae_l10_g1.00e-03,dc_ae,down_blocks.3.0,1.00e-03,353,73.96756481363637,73.96756481363637,73.96756481363637,1.0
MMDpt_dc_ae_l10_g1.00e-03,dc_ae,down_blocks.3.0,1.00e-03,354,74.00717849454546,74.00717849454546,74.00717849454546,1.0
MMDpt_dc_ae_l10_g1.00e-03,dc_ae,down_blocks.3.0,1.00e-03,355,74.01135728181818,74.01135728181818,74.01135728181818,1.0
MMDpt_dc_ae_l10_g1.00e-03,dc_ae,down_blocks.3.0,1.00e-03,356,74.05095793636363,74.05095793636363,74.05095793636363,1.0
MMDpt_dc_ae_l10_g1.00e-03,dc_ae,down_blocks.3.0,1.00e-03,357,74.05302495909092,74.05302495909092,74.05302495909092,1.0
MMDpt_dc_ae_l10_g1.00e-03,dc_ae,down_blocks.3.0,1.00e-03,358,74.20412883636364,74.20412883636364,74.20412883636364,1.0
MMDpt_dc_ae_l10_g1.00e-03,dc_ae,down_blocks.3.0,1.00e-03,359,74.32802774090909,74.32802774090909,74.32802774090909,1.0
MMDpt_dc_ae_l10_g1.00e-03,dc_ae,down_blocks.3.0,1.00e-03,360,74.38583995454546,74.38583995454546,74.38583995454546,1.0
MMDpt_dc_ae_l10_g1.00e-03,dc_ae,down_blocks.3.0,1.00e-03,361,74.46433656818182,74.46433656818182,74.46433656818182,1.0
MMDpt_dc_ae_l10_g1.00e-03,dc_ae,down_blocks.3.0,1.00e-03,362,74.52572066363636,74.52572066363636,74.52572066363636,1.0
MMDpt_dc_ae_l10_g1.00e-03,dc_ae,down_blocks.3.0,1.00e-03,363,74.86437946363637,74.86437946363637,74.86437946363637,1.0
MMDpt_dc_ae_l10_g1.00e-03,dc_ae,down_blocks.3.0,1.00e-03,364,74.89747095909091,74.89747095909091,74.89747095909091,1.0
MMDpt_dc_ae_l10_g1.00e-03,dc_ae,down_blocks.3.0,1.00e-03,365,74.9084351090909,74.9084351090909,74.9084351090909,1.0
MMDpt_dc_ae_l10_g1.00e-03,dc_ae,down_blocks.3.0,1.00e-03,366,75.02020153181819,75.02020153181819,75.02020153181819,1.0
MMDpt_dc_ae_l10_g1.00e-03,dc_ae,down_blocks.3.0,1.00e-03,367,75.04613550454546,75.04613550454546,75.04613550454546,1.0
MMDpt_dc_ae_l10_g1.00e-03,dc_ae,down_blocks.3.0,1.00e-03,368,75.04910765454545,75.04910765454545,75.04910765454545,1.0
MMDpt_dc_ae_l10_g1.00e-03,dc_ae,down_blocks.3.0,1.00e-03,369,75.04911406363637,75.04911406363637,75.04911406363637,1.0
MMDpt_dc_ae_l10_g1.00e-03,dc_ae,down_blocks.3.0,1.00e-03,370,75.14242499545455,75.14242499545455,75.14242499545455,1.0
MMDpt_dc_ae_l10_g1.00e-03,dc_ae,down_blocks.3.0,1.00e-03,371,75.14524949545454,75.14524949545454,75.14524949545454,1.0
MMDpt_dc_ae_l10_g1.00e-03,dc_ae,down_blocks.3.0,1.00e-03,372,75.21942449545455,75.21942449545455,75.21942449545455,1.0
MMDpt_dc_ae_l10_g1.00e-03,dc_ae,down_blocks.3.0,1.00e-03,373,75.2494860690909,75.2494860690909,75.2494860690909,1.0
MMDpt_dc_ae_l10_g1.00e-03,dc_ae,down_blocks.3.0,1.00e-03,374,75.29101026818182,75.29101026818182,75.29101026818182,1.0
MMDpt_dc_ae_l10_g1.00e-03,dc_ae,down_blocks.3.0,1.00e-03,375,75.30463428181818,75.30463428181818,75.30463428181818,1.0
MMDpt_dc_ae_l10_g1.00e-03,dc_ae,down_blocks.3.0,1.00e-03,376,75.35053226363635,75.35053226363635,75.35053226363635,1.0
MMDpt_dc_ae_l10_g1.00e-03,dc_ae,down_blocks.3.0,1.00e-03,377,75.358434425,75.358434425,75.358434425,1.0
MMDpt_dc_ae_l10_g1.00e-03,dc_ae,down_blocks.3.0,1.00e-03,378,75.4765098,75.4765098,75.4765098,1.0
MMDpt_dc_ae_l10_g1.00e-03,dc_ae,down_blocks.3.0,1.00e-03,379,75.48288537727272,75.48288537727272,75.48288537727272,1.0
MMDpt_dc_ae_l10_g1.00e-03,dc_ae,down_blocks.3.0,1.00e-03,380,75.54217925454545,75.54217925454545,75.54217925454545,1.0
MMDpt_dc_ae_l10_g1.00e-03,dc_ae,down_blocks.3.0,1.00e-03,381,75.65154605454546,75.65154605454546,75.65154605454546,1.0
MMDpt_dc_ae_l10_g1.00e-03,dc_ae,down_blocks.3.0,1.00e-03,382,75.68111334545455,75.68111334545455,75.68111334545455,1.0
MMDpt_dc_ae_l10_g1.00e-03,dc_ae,down_blocks.3.0,1.00e-03,383,75.77031593636364,75.77031593636364,75.77031593636364,1.0
MMDpt_dc_ae_l10_g1.00e-03,dc_ae,down_blocks.3.0,1.00e-03,384,75.78166525454546,75.78166525454546,75.78166525454546,1.0
MMDpt_dc_ae_l10_g1.00e-03,dc_ae,down_blocks.3.0,1.00e-03,385,75.79512009954546,75.79512009954546,75.79512009954546,1.0
MMDpt_dc_ae_l10_g1.00e-03,dc_ae,down_blocks.3.0,1.00e-03,386,75.84170493636363,75.84170493636363,75.84170493636363,1.0
MMDpt_dc_ae_l10_g1.00e-03,dc_ae,down_blocks.3.0,1.00e-03,387,75.84312428636363,75.84312428636363,75.84312428636363,1.0
MMDpt_dc_ae_l10_g1.00e-03,dc_ae,down_blocks.3.0,1.00e-03,388,76.02107943636364,76.02107943636364,76.02107943636364,1.0
MMDpt_dc_ae_l10_g1.00e-03,dc_ae,down_blocks.3.0,1.00e-03,389,76.07231828181818,76.07231828181818,76.07231828181818,1.0
MMDpt_dc_ae_l10_g1.00e-03,dc_ae,down_blocks.3.0,1.00e-03,390,76.16321556363636,76.16321556363636,76.16321556363636,1.0
MMDpt_dc_ae_l10_g1.00e-03,dc_ae,down_blocks.3.0,1.00e-03,391,76.19598609272727,76.19598609272727,76.19598609272727,1.0
MMDpt_dc_ae_l10_g1.00e-03,dc_ae,down_blocks.3.0,1.00e-03,392,76.26727722727273,76.26727722727273,76.26727722727273,1.0
MMDpt_dc_ae_l10_g1.00e-03,dc_ae,down_blocks.3.0,1.00e-03,393,76.28929185454545,76.28929185454545,76.28929185454545,1.0
MMDpt_dc_ae_l10_g1.00e-03,dc_ae,down_blocks.3.0,1.00e-03,394,76.28997104545455,76.28997104545455,76.28997104545455,1.0
MMDpt_dc_ae_l10_g1.00e-03,dc_ae,down_blocks.3.0,1.00e-03,395,76.32376224090909,76.32376224090909,76.32376224090909,1.0
MMDpt_dc_ae_l10_g1.00e-03,dc_ae,down_blocks.3.0,1.00e-03,396,76.35414479090909,76.35414479090909,76.35414479090909,1.0
MMDpt_dc_ae_l10_g1.00e-03,dc_ae,down_blocks.3.0,1.00e-03,397,76.39021483181818,76.39021483181818,76.39021483181818,1.0
MMDpt_dc_ae_l10_g1.00e-03,dc_ae,down_blocks.3.0,1.00e-03,398,76.45241142272727,76.45241142272727,76.45241142272727,1.0
MMDpt_dc_ae_l10_g1.00e-03,dc_ae,down_blocks.3.0,1.00e-03,399,76.51437691681818,76.51437691681818,76.51437691681818,1.0
MMDpt_dc_ae_l10_g1.00e-03,dc_ae,down_blocks.3.0,1.00e-03,400,76.5471795409091,76.5471795409091,76.5471795409091,1.0
MMDpt_dc_ae_l10_g1.00e-03,dc_ae,down_blocks.3.0,1.00e-03,401,76.59774437272728,76.59774437272728,76.59774437272728,1.0
MMDpt_dc_ae_l10_g1.00e-03,dc_ae,down_blocks.3.0,1.00e-03,402,76.63823088636364,76.63823088636364,76.63823088636364,1.0
MMDpt_dc_ae_l10_g1.00e-03,dc_ae,down_blocks.3.0,1.00e-03,403,76.64452179545455,76.64452179545455,76.64452179545455,1.0
MMDpt_dc_ae_l10_g1.00e-03,dc_ae,down_blocks.3.0,1.00e-03,404,76.67493643727272,76.67493643727272,76.67493643727272,1.0
MMDpt_dc_ae_l10_g1.00e-03,dc_ae,down_blocks.3.0,1.00e-03,405,76.67586082272727,76.67586082272727,76.67586082272727,1.0
MMDpt_dc_ae_l10_g1.00e-03,dc_ae,down_blocks.3.0,1.00e-03,406,76.81212329090908,76.81212329090908,76.81212329090908,1.0
MMDpt_dc_ae_l10_g1.00e-03,dc_ae,down_blocks.3.0,1.00e-03,407,76.90558185454546,76.90558185454546,76.90558185454546,1.0
MMDpt_dc_ae_l10_g1.00e-03,dc_ae,down_blocks.3.0,1.00e-03,408,76.91644974545454,76.91644974545454,76.91644974545454,1.0
MMDpt_dc_ae_l10_g1.00e-03,dc_ae,down_blocks.3.0,1.00e-03,409,76.98329391227273,76.98329391227273,76.98329391227273,1.0
MMDpt_dc_ae_l10_g1.00e-03,dc_ae,down_blocks.3.0,1.00e-03,410,77.11547369545454,77.11547369545454,77.11547369545454,1.0
MMDpt_dc_ae_l10_g1.00e-03,dc_ae,down_blocks.3.0,1.00e-03,411,77.14402031818182,77.14402031818182,77.14402031818182,1.0
MMDpt_dc_ae_l10_g1.00e-03,dc_ae,down_blocks.3.0,1.00e-03,412,77.17084656363636,77.17084656363636,77.17084656363636,1.0
MMDpt_dc_ae_l10_g1.00e-03,dc_ae,down_blocks.3.0,1.00e-03,413,77.25877326818183,77.25877326818183,77.25877326818183,1.0
MMDpt_dc_ae_l10_g1.00e-03,dc_ae,down_blocks.3.0,1.00e-03,414,77.34552212272727,77.34552212272727,77.34552212272727,1.0
MMDpt_dc_ae_l10_g1.00e-03,dc_ae,down_blocks.3.0,1.00e-03,415,77.52582683636363,77.52582683636363,77.52582683636363,1.0
MMDpt_dc_ae_l10_g1.00e-03,dc_ae,down_blocks.3.0,1.00e-03,416,77.65479755863636,77.65479755863636,77.65479755863636,1.0
MMDpt_dc_ae_l10_g1.00e-03,dc_ae,down_blocks.3.0,1.00e-03,417,77.69959142727272,77.69959142727272,77.69959142727272,1.0
MMDpt_dc_ae_l10_g1.00e-03,dc_ae,down_blocks.3.0,1.00e-03,418,77.72501827727272,77.72501827727272,77.72501827727272,1.0
MMDpt_dc_ae_l10_g1.00e-03,dc_ae,down_blocks.3.0,1.00e-03,419,77.83570625,77.83570625,77.83570625,1.0
MMDpt_dc_ae_l10_g1.00e-03,dc_ae,down_blocks.3.0,1.00e-03,420,77.9733424409091,77.9733424409091,77.9733424409091,1.0
MMDpt_dc_ae_l10_g1.00e-03,dc_ae,down_blocks.3.0,1.00e-03,421,78.0566007590909,78.0566007590909,78.0566007590909,1.0
MMDpt_dc_ae_l10_g1.00e-03,dc_ae,down_blocks.3.0,1.00e-03,422,78.20425748181819,78.20425748181819,78.20425748181819,1.0
MMDpt_dc_ae_l10_g1.00e-03,dc_ae,down_blocks.3.0,1.00e-03,423,78.23482706363636,78.23482706363636,78.23482706363636,1.0
MMDpt_dc_ae_l10_g1.00e-03,dc_ae,down_blocks.3.0,1.00e-03,424,78.25971381363637,78.25971381363637,78.25971381363637,1.0
MMDpt_dc_ae_l10_g1.00e-03,dc_ae,down_blocks.3.0,1.00e-03,425,78.3483194,78.3483194,78.3483194,1.0
MMDpt_dc_ae_l10_g1.00e-03,dc_ae,down_blocks.3.0,1.00e-03,426,78.4185978909091,78.4185978909091,78.4185978909091,1.0
MMDpt_dc_ae_l10_g1.00e-03,dc_ae,down_blocks.3.0,1.00e-03,427,78.53980069090909,78.53980069090909,78.53980069090909,1.0
MMDpt_dc_ae_l10_g1.00e-03,dc_ae,down_blocks.3.0,1.00e-03,428,78.54177141363635,78.54177141363635,78.54177141363635,1.0
MMDpt_dc_ae_l10_g1.00e-03,dc_ae,down_blocks.3.0,1.00e-03,429,78.57485005,78.57485005,78.57485005,1.0
MMDpt_dc_ae_l10_g1.00e-03,dc_ae,down_blocks.3.0,1.00e-03,430,78.5853263609091,78.5853263609091,78.5853263609091,1.0
MMDpt_dc_ae_l10_g1.00e-03,dc_ae,down_blocks.3.0,1.00e-03,431,78.61859467727272,78.61859467727272,78.61859467727272,1.0
MMDpt_dc_ae_l10_g1.00e-03,dc_ae,down_blocks.3.0,1.00e-03,432,78.63007529545455,78.63007529545455,78.63007529545455,1.0
MMDpt_dc_ae_l10_g1.00e-03,dc_ae,down_blocks.3.0,1.00e-03,433,78.86957993181818,78.86957993181818,78.86957993181818,1.0
MMDpt_dc_ae_l10_g1.00e-03,dc_ae,down_blocks.3.0,1.00e-03,434,79.22077921818182,79.22077921818182,79.22077921818182,1.0
MMDpt_dc_ae_l10_g1.00e-03,dc_ae,down_blocks.3.0,1.00e-03,435,79.25695136818182,79.25695136818182,79.25695136818182,1.0
MMDpt_dc_ae_l10_g1.00e-03,dc_ae,down_blocks.3.0,1.00e-03,436,79.28284742727273,79.28284742727273,79.28284742727273,1.0
MMDpt_dc_ae_l10_g1.00e-03,dc_ae,down_blocks.3.0,1.00e-03,437,79.36729972727272,79.36729972727272,79.36729972727272,1.0
MMDpt_dc_ae_l10_g1.00e-03,dc_ae,down_blocks.3.0,1.00e-03,438,79.46781420454546,79.46781420454546,79.46781420454546,1.0
MMDpt_dc_ae_l10_g1.00e-03,dc_ae,down_blocks.3.0,1.00e-03,439,79.51125251363636,79.51125251363636,79.51125251363636,1.0
MMDpt_dc_ae_l10_g1.00e-03,dc_ae,down_blocks.3.0,1.00e-03,440,79.62850745318183,79.62850745318183,79.62850745318183,1.0
MMDpt_dc_ae_l10_g1.00e-03,dc_ae,down_blocks.3.0,1.00e-03,441,79.6499864090909,79.6499864090909,79.6499864090909,1.0
MMDpt_dc_ae_l10_g1.00e-03,dc_ae,down_blocks.3.0,1.00e-03,442,79.75645692727272,79.75645692727272,79.75645692727272,1.0
MMDpt_dc_ae_l10_g1.00e-03,dc_ae,down_blocks.3.0,1.00e-03,443,79.91532173636364,79.91532173636364,79.91532173636364,1.0
MMDpt_dc_ae_l10_g1.00e-03,dc_ae,down_blocks.3.0,1.00e-03,444,79.94757872272727,79.94757872272727,79.94757872272727,1.0
MMDpt_dc_ae_l10_g1.00e-03,dc_ae,down_blocks.3.0,1.00e-03,445,80.02392345454545,80.02392345454545,80.02392345454545,1.0
MMDpt_dc_ae_l10_g1.00e-03,dc_ae,down_blocks.3.0,1.00e-03,446,80.13685939999999,80.13685939999999,80.13685939999999,1.0
MMDpt_dc_ae_l10_g1.00e-03,dc_ae,down_blocks.3.0,1.00e-03,447,80.28660759545454,80.28660759545454,80.28660759545454,1.0
MMDpt_dc_ae_l10_g1.00e-03,dc_ae,down_blocks.3.0,1.00e-03,448,80.40461357272727,80.40461357272727,80.40461357272727,1.0
MMDpt_dc_ae_l10_g1.00e-03,dc_ae,down_blocks.3.0,1.00e-03,449,80.43965011363636,80.43965011363636,80.43965011363636,1.0
MMDpt_dc_ae_l10_g1.00e-03,dc_ae,down_blocks.3.0,1.00e-03,450,80.56802326363636,80.56802326363636,80.56802326363636,1.0
MMDpt_dc_ae_l10_g1.00e-03,dc_ae,down_blocks.3.0,1.00e-03,451,80.69563893636364,80.69563893636364,80.69563893636364,1.0
MMDpt_dc_ae_l10_g1.00e-03,dc_ae,down_blocks.3.0,1.00e-03,452,80.83871870454546,80.83871870454546,80.83871870454546,1.0
MMDpt_dc_ae_l10_g1.00e-03,dc_ae,down_blocks.3.0,1.00e-03,453,80.88731798181819,80.88731798181819,80.88731798181819,1.0
MMDpt_dc_ae_l10_g1.00e-03,dc_ae,down_blocks.3.0,1.00e-03,454,80.98601989090909,80.98601989090909,80.98601989090909,1.0
MMDpt_dc_ae_l10_g1.00e-03,dc_ae,down_blocks.3.0,1.00e-03,455,81.02786977272727,81.02786977272727,81.02786977272727,1.0
MMDpt_dc_ae_l10_g1.00e-03,dc_ae,down_blocks.3.0,1.00e-03,456,81.46314962272727,81.46314962272727,81.46314962272727,1.0
MMDpt_dc_ae_l10_g1.00e-03,dc_ae,down_blocks.3.0,1.00e-03,457,81.49191450454545,81.49191450454545,81.49191450454545,1.0
MMDpt_dc_ae_l10_g1.00e-03,dc_ae,down_blocks.3.0,1.00e-03,458,81.53910919545454,81.53910919545454,81.53910919545454,1.0
MMDpt_dc_ae_l10_g1.00e-03,dc_ae,down_blocks.3.0,1.00e-03,459,81.65584415909092,81.65584415909092,81.65584415909092,1.0
MMDpt_dc_ae_l10_g1.00e-03,dc_ae,down_blocks.3.0,1.00e-03,460,81.66778405000001,81.66778405000001,81.66778405000001,1.0
MMDpt_dc_ae_l10_g1.00e-03,dc_ae,down_blocks.3.0,1.00e-03,461,82.0783984909091,82.0783984909091,82.0783984909091,1.0
MMDpt_dc_ae_l10_g1.00e-03,dc_ae,down_blocks.3.0,1.00e-03,462,82.11143467727273,82.11143467727273,82.11143467727273,1.0
MMDpt_dc_ae_l10_g1.00e-03,dc_ae,down_blocks.3.0,1.00e-03,463,82.15394328181819,82.15394328181819,82.15394328181819,1.0
MMDpt_dc_ae_l10_g1.00e-03,dc_ae,down_blocks.3.0,1.00e-03,464,82.87086985,82.87086985,82.87086985,1.0
MMDpt_dc_ae_l10_g1.00e-03,dc_ae,down_blocks.3.0,1.00e-03,465,83.04785639090909,83.04785639090909,83.04785639090909,1.0
MMDpt_dc_ae_l10_g1.00e-03,dc_ae,down_blocks.3.0,1.00e-03,466,83.2706767,83.2706767,83.2706767,1.0
MMDpt_dc_ae_l10_g1.00e-03,dc_ae,down_blocks.3.0,1.00e-03,467,83.28013232272727,83.28013232272727,83.28013232272727,1.0
MMDpt_dc_ae_l10_g1.00e-03,dc_ae,down_blocks.3.0,1.00e-03,468,83.32162666818182,83.32162666818182,83.32162666818182,1.0
MMDpt_dc_ae_l10_g1.00e-03,dc_ae,down_blocks.3.0,1.00e-03,469,83.35334443181819,83.35334443181819,83.35334443181819,1.0
MMDpt_dc_ae_l10_g1.00e-03,dc_ae,down_blocks.3.0,1.00e-03,470,83.45792123636365,83.45792123636365,83.45792123636365,1.0
MMDpt_dc_ae_l10_g1.00e-03,dc_ae,down_blocks.3.0,1.00e-03,471,84.18152392727274,84.18152392727274,84.18152392727274,1.0
MMDpt_dc_ae_l10_g1.00e-03,dc_ae,down_blocks.3.0,1.00e-03,472,84.62887205909091,84.62887205909091,84.62887205909091,1.0
MMDpt_dc_ae_l10_g1.00e-03,dc_ae,down_blocks.3.0,1.00e-03,473,85.11071750454545,85.11071750454545,85.11071750454545,1.0
MMDpt_dc_ae_l10_g1.00e-03,dc_ae,down_blocks.3.0,1.00e-03,474,85.12217595454545,85.12217595454545,85.12217595454545,1.0
MMDpt_dc_ae_l10_g1.00e-03,dc_ae,down_blocks.3.0,1.00e-03,475,85.54109655454546,85.54109655454546,85.54109655454546,1.0
MMDpt_dc_ae_l10_g1.00e-03,dc_ae,down_blocks.3.0,1.00e-03,476,85.8163718359091,85.8163718359091,85.8163718359091,1.0
MMDpt_dc_ae_l10_g1.00e-03,dc_ae,down_blocks.3.0,1.00e-03,477,86.0069106,86.0069106,86.0069106,1.0
MMDpt_dc_ae_l10_g1.00e-03,dc_ae,down_blocks.3.0,1.00e-03,478,86.07828567272726,86.07828567272726,86.07828567272726,1.0
MMDpt_dc_ae_l10_g1.00e-03,dc_ae,down_blocks.3.0,1.00e-03,479,86.46879091363637,86.46879091363637,86.46879091363637,1.0
MMDpt_dc_ae_l10_g1.00e-03,dc_ae,down_blocks.3.0,1.00e-03,480,87.81027129545454,87.81027129545454,87.81027129545454,1.0
MMDpt_dc_ae_l10_gmedian,dc_ae,down_blocks.3.0,median,1,10.383351573636363,10.383351573636363,10.383351573636363,0.5214755535125732
MMDpt_dc_ae_l10_gmedian,dc_ae,down_blocks.3.0,median,2,11.237612673636363,11.237612673636363,11.237612673636363,0.7367120981216431
MMDpt_dc_ae_l10_gmedian,dc_ae,down_blocks.3.0,median,3,12.873956289545454,12.873956289545454,12.873956289545454,1.1791973114013672
MMDpt_dc_ae_l10_gmedian,dc_ae,down_blocks.3.0,median,4,13.852077771363637,13.852077771363637,13.852077771363637,0.47059571743011475
MMDpt_dc_ae_l10_gmedian,dc_ae,down_blocks.3.0,median,5,14.772021149545454,14.772021149545454,14.772021149545454,0.4978024959564209
MMDpt_dc_ae_l10_gmedian,dc_ae,down_blocks.3.0,median,6,15.774696462272727,15.774696462272727,15.774696462272727,1.145240068435669
MMDpt_dc_ae_l10_gmedian,dc_ae,down_blocks.3.0,median,7,16.11136225,16.11136225,16.11136225,0.6994001269340515
MMDpt_dc_ae_l10_gmedian,dc_ae,down_blocks.3.0,median,8,16.718538883636366,16.718538883636366,16.718538883636366,0.49870455265045166
MMDpt_dc_ae_l10_gmedian,dc_ae,down_blocks.3.0,median,9,16.83383592,16.83383592,16.83383592,0.4174553155899048
MMDpt_dc_ae_l10_gmedian,dc_ae,down_blocks.3.0,median,10,16.977602550909094,16.977602550909094,16.977602550909094,0.409091591835022
MMDpt_dc_ae_l10_gmedian,dc_ae,down_blocks.3.0,median,11,17.128398308636363,17.128398308636363,17.128398308636363,0.6731600165367126
MMDpt_dc_ae_l10_gmedian,dc_ae,down_blocks.3.0,median,12,17.49981897681818,17.49981897681818,17.49981897681818,0.5900136232376099
MMDpt_dc_ae_l10_gmedian,dc_ae,down_blocks.3.0,median,13,18.01987185318182,18.01987185318182,18.01987185318182,0.5283470153808594
MMDpt_dc_ae_l10_gmedian,dc_ae,down_blocks.3.0,median,14,18.22368484818182,18.22368484818182,18.22368484818182,0.8323102593421936
MMDpt_dc_ae_l10_gmedian,dc_ae,down_blocks.3.0,median,15,18.40435578590909,18.40435578590909,18.40435578590909,0.5378850698471069
MMDpt_dc_ae_l10_gmedian,dc_ae,down_blocks.3.0,median,16,18.964998386363636,18.964998386363636,18.964998386363636,0.49629271030426025
MMDpt_dc_ae_l10_gmedian,dc_ae,down_blocks.3.0,median,17,19.531784013636365,19.531784013636365,19.531784013636365,0.35562944412231445
MMDpt_dc_ae_l10_gmedian,dc_ae,down_blocks.3.0,median,18,21.457911477272727,21.457911477272727,21.457911477272727,0.6269944906234741
MMDpt_dc_ae_l10_gmedian,dc_ae,down_blocks.3.0,median,19,22.164942098181818,22.164942098181818,22.164942098181818,0.44013547897338867
MMDpt_dc_ae_l10_gmedian,dc_ae,down_blocks.3.0,median,20,22.207954510454545,22.207954510454545,22.207954510454545,0.8590279221534729
MMDpt_dc_ae_l10_gmedian,dc_ae,down_blocks.3.0,median,21,22.336504287727273,22.336504287727273,22.336504287727273,0.4271014928817749
MMDpt_dc_ae_l10_gmedian,dc_ae,down_blocks.3.0,median,22,22.775860404545455,22.775860404545455,22.775860404545455,0.4942657947540283
MMDpt_dc_ae_l10_gmedian,dc_ae,down_blocks.3.0,median,23,23.03693973772727,23.03693973772727,23.03693973772727,0.44369542598724365
MMDpt_dc_ae_l10_gmedian,dc_ae,down_blocks.3.0,median,24,23.073138160909092,23.073138160909092,23.073138160909092,0.5056684017181396
MMDpt_dc_ae_l10_gmedian,dc_ae,down_blocks.3.0,median,25,23.859046570909094,23.859046570909094,23.859046570909094,0.945289134979248
MMDpt_dc_ae_l10_gmedian,dc_ae,down_blocks.3.0,median,26,24.108436355454547,24.108436355454547,24.108436355454547,0.4455817937850952
MMDpt_dc_ae_l10_gmedian,dc_ae,down_blocks.3.0,median,27,24.136628927727273,24.136628927727273,24.136628927727273,0.450661301612854
MMDpt_dc_ae_l10_gmedian,dc_ae,down_blocks.3.0,median,28,24.706419758636365,24.706419758636365,24.706419758636365,0.6195382475852966
MMDpt_dc_ae_l10_gmedian,dc_ae,down_blocks.3.0,median,29,25.160939161363636,25.160939161363636,25.160939161363636,0.5479899644851685
MMDpt_dc_ae_l10_gmedian,dc_ae,down_blocks.3.0,median,30,25.272293834545454,25.272293834545454,25.272293834545454,0.3225313425064087
MMDpt_dc_ae_l10_gmedian,dc_ae,down_blocks.3.0,median,31,25.739496508636364,25.739496508636364,25.739496508636364,0.5926498174667358
MMDpt_dc_ae_l10_gmedian,dc_ae,down_blocks.3.0,median,32,26.08368123090909,26.08368123090909,26.08368123090909,0.5567439794540405
MMDpt_dc_ae_l10_gmedian,dc_ae,down_blocks.3.0,median,33,26.26193154681818,26.26193154681818,26.26193154681818,0.4335060119628906
MMDpt_dc_ae_l10_gmedian,dc_ae,down_blocks.3.0,median,34,26.29922768272727,26.29922768272727,26.29922768272727,0.4937525987625122
MMDpt_dc_ae_l10_gmedian,dc_ae,down_blocks.3.0,median,35,26.647243233181822,26.647243233181822,26.647243233181822,1.2236406803131104
MMDpt_dc_ae_l10_gmedian,dc_ae,down_blocks.3.0,median,36,26.80277036,26.80277036,26.80277036,0.4381411075592041
MMDpt_dc_ae_l10_gmedian,dc_ae,down_blocks.3.0,median,37,27.710613355454544,27.710613355454544,27.710613355454544,0.7920033931732178
MMDpt_dc_ae_l10_gmedian,dc_ae,down_blocks.3.0,median,38,27.723830698181818,27.723830698181818,27.723830698181818,0.5656261444091797
MMDpt_dc_ae_l10_gmedian,dc_ae,down_blocks.3.0,median,39,27.94224735681818,27.94224735681818,27.94224735681818,0.4476463794708252
MMDpt_dc_ae_l10_gmedian,dc_ae,down_blocks.3.0,median,40,28.008295531363636,28.008295531363636,28.008295531363636,0.4341247081756592
MMDpt_dc_ae_l10_gmedian,dc_ae,down_blocks.3.0,median,41,28.427649107272728,28.427649107272728,28.427649107272728,0.5312888622283936
MMDpt_dc_ae_l10_gmedian,dc_ae,down_blocks.3.0,median,42,28.610673086363636,28.610673086363636,28.610673086363636,0.5548108816146851
MMDpt_dc_ae_l10_gmedian,dc_ae,down_blocks.3.0,median,43,28.864666542727274,28.864666542727274,28.864666542727274,0.5328807830810547
MMDpt_dc_ae_l10_gmedian,dc_ae,down_blocks.3.0,median,44,28.872480873181818,28.872480873181818,28.872480873181818,0.5019433498382568
MMDpt_dc_ae_l10_gmedian,dc_ae,down_blocks.3.0,median,45,29.867093540909092,29.867093540909092,29.867093540909092,1.2744317054748535
MMDpt_dc_ae_l10_gmedian,dc_ae,down_blocks.3.0,median,46,30.946254809545454,30.946254809545454,30.946254809545454,0.43753254413604736
MMDpt_dc_ae_l10_gmedian,dc_ae,down_blocks.3.0,median,47,31.113843444545456,31.113843444545456,31.113843444545456,0.5854986310005188
MMDpt_dc_ae_l10_gmedian,dc_ae,down_blocks.3.0,median,48,31.75240744409091,31.75240744409091,31.75240744409091,0.39686596393585205
MMDpt_dc_ae_l10_gmedian,dc_ae,down_blocks.3.0,median,49,31.962474827272725,31.962474827272725,31.962474827272725,0.3683847188949585
MMDpt_dc_ae_l10_gmedian,dc_ae,down_blocks.3.0,median,50,32.10326235227273,32.10326235227273,32.10326235227273,0.4720151424407959
MMDpt_dc_ae_l10_gmedian,dc_ae,down_blocks.3.0,median,51,32.57260997909091,32.57260997909091,32.57260997909091,0.45627379417419434
MMDpt_dc_ae_l10_gmedian,dc_ae,down_blocks.3.0,median,52,33.29309288772727,33.29309288772727,33.29309288772727,0.3872525691986084
MMDpt_dc_ae_l10_gmedian,dc_ae,down_blocks.3.0,median,53,33.63066458409091,33.63066458409091,33.63066458409091,0.5112428665161133
MMDpt_dc_ae_l10_gmedian,dc_ae,down_blocks.3.0,median,54,33.94931614045454,33.94931614045454,33.94931614045454,0.37547779083251953
MMDpt_dc_ae_l10_gmedian,dc_ae,down_blocks.3.0,median,55,34.254768114545456,34.254768114545456,34.254768114545456,0.6079183220863342
MMDpt_dc_ae_l10_gmedian,dc_ae,down_blocks.3.0,median,56,35.01583384090909,35.01583384090909,35.01583384090909,0.47770655155181885
MMDpt_dc_ae_l10_gmedian,dc_ae,down_blocks.3.0,median,57,35.61844186090909,35.61844186090909,35.61844186090909,0.5929034948348999
MMDpt_dc_ae_l10_gmedian,dc_ae,down_blocks.3.0,median,58,36.50372615909091,36.50372615909091,36.50372615909091,0.613618016242981
MMDpt_dc_ae_l10_gmedian,dc_ae,down_blocks.3.0,median,59,36.74721518909091,36.74721518909091,36.74721518909091,0.6397092938423157
MMDpt_dc_ae_l10_gmedian,dc_ae,down_blocks.3.0,median,60,37.183868766818186,37.183868766818186,37.183868766818186,0.5939564108848572
MMDpt_dc_ae_l10_gmedian,dc_ae,down_blocks.3.0,median,61,37.586910895,37.586910895,37.586910895,0.392769455909729
MMDpt_dc_ae_l10_gmedian,dc_ae,down_blocks.3.0,median,62,37.90925234181818,37.90925234181818,37.90925234181818,0.435641884803772
MMDpt_dc_ae_l10_gmedian,dc_ae,down_blocks.3.0,median,63,39.159607152727276,39.159607152727276,39.159607152727276,0.6619552969932556
MMDpt_dc_ae_l10_gmedian,dc_ae,down_blocks.3.0,median,64,39.16116855045455,39.16116855045455,39.16116855045455,0.6946324110031128
MMDpt_dc_ae_l10_gmedian,dc_ae,down_blocks.3.0,median,65,39.50363207727273,39.50363207727273,39.50363207727273,0.5282313823699951
MMDpt_dc_ae_l10_gmedian,dc_ae,down_blocks.3.0,median,66,39.72578294681818,39.72578294681818,39.72578294681818,0.5197639465332031
MMDpt_dc_ae_l10_gmedian,dc_ae,down_blocks.3.0,median,67,40.10658689318182,40.10658689318182,40.10658689318182,0.4906442165374756
MMDpt_dc_ae_l10_gmedian,dc_ae,down_blocks.3.0,median,68,40.511631334545456,40.511631334545456,40.511631334545456,0.5476487874984741
MMDpt_dc_ae_l10_gmedian,dc_ae,down_blocks.3.0,median,69,41.22542756590909,41.22542756590909,41.22542756590909,0.5446103811264038
MMDpt_dc_ae_l10_gmedian,dc_ae,down_blocks.3.0,median,70,41.450596035,41.450596035,41.450596035,0.41474449634552
MMDpt_dc_ae_l10_gmedian,dc_ae,down_blocks.3.0,median,71,41.606778884545456,41.606778884545456,41.606778884545456,0.4359877109527588
MMDpt_dc_ae_l10_gmedian,dc_ae,down_blocks.3.0,median,72,41.74143011090909,41.74143011090909,41.74143011090909,0.5410759449005127
MMDpt_dc_ae_l10_gmedian,dc_ae,down_blocks.3.0,median,73,42.27668356454546,42.27668356454546,42.27668356454546,0.40836071968078613
MMDpt_dc_ae_l10_gmedian,dc_ae,down_blocks.3.0,median,74,42.349748590454546,42.349748590454546,42.349748590454546,0.48918795585632324
MMDpt_dc_ae_l10_gmedian,dc_ae,down_blocks.3.0,median,75,42.93479045136364,42.93479045136364,42.93479045136364,0.7391160726547241
MMDpt_dc_ae_l10_gmedian,dc_ae,down_blocks.3.0,median,76,42.999259720454546,42.999259720454546,42.999259720454546,0.5385135412216187
MMDpt_dc_ae_l10_gmedian,dc_ae,down_blocks.3.0,median,77,43.14833512181818,43.14833512181818,43.14833512181818,0.4922577142715454
MMDpt_dc_ae_l10_gmedian,dc_ae,down_blocks.3.0,median,78,43.849900354999995,43.849900354999995,43.849900354999995,0.5663731098175049
MMDpt_dc_ae_l10_gmedian,dc_ae,down_blocks.3.0,median,79,44.24228326,44.24228326,44.24228326,0.3756833076477051
MMDpt_dc_ae_l10_gmedian,dc_ae,down_blocks.3.0,median,80,44.68483293727273,44.68483293727273,44.68483293727273,0.7780129909515381
MMDpt_dc_ae_l10_gmedian,dc_ae,down_blocks.3.0,median,81,45.014271393181815,45.014271393181815,45.014271393181815,0.4767932891845703
MMDpt_dc_ae_l10_gmedian,dc_ae,down_blocks.3.0,median,82,45.044897863636365,45.044897863636365,45.044897863636365,0.9631965160369873
MMDpt_dc_ae_l10_gmedian,dc_ae,down_blocks.3.0,median,83,45.242849799999995,45.242849799999995,45.242849799999995,0.43093180656433105
MMDpt_dc_ae_l10_gmedian,dc_ae,down_blocks.3.0,median,84,45.34376912590909,45.34376912590909,45.34376912590909,0.4402884244918823
MMDpt_dc_ae_l10_gmedian,dc_ae,down_blocks.3.0,median,85,45.44974382363636,45.44974382363636,45.44974382363636,0.47865021228790283
MMDpt_dc_ae_l10_gmedian,dc_ae,down_blocks.3.0,median,86,45.87703164136364,45.87703164136364,45.87703164136364,0.4367852210998535
MMDpt_dc_ae_l10_gmedian,dc_ae,down_blocks.3.0,median,87,46.05975058136364,46.05975058136364,46.05975058136364,0.5448302030563354
MMDpt_dc_ae_l10_gmedian,dc_ae,down_blocks.3.0,median,88,46.3385215,46.3385215,46.3385215,0.5776801109313965
MMDpt_dc_ae_l10_gmedian,dc_ae,down_blocks.3.0,median,89,46.461104443636366,46.461104443636366,46.461104443636366,0.3661806583404541
MMDpt_dc_ae_l10_gmedian,dc_ae,down_blocks.3.0,median,90,46.55172569545454,46.55172569545454,46.55172569545454,0.4701099395751953
MMDpt_dc_ae_l10_gmedian,dc_ae,down_blocks.3.0,median,91,46.63784059272727,46.63784059272727,46.63784059272727,0.3833942413330078
MMDpt_dc_ae_l10_gmedian,dc_ae,down_blocks.3.0,median,92,46.92503363227272,46.92503363227272,46.92503363227272,0.48152220249176025
MMDpt_dc_ae_l10_gmedian,dc_ae,down_blocks.3.0,median,93,46.98420985,46.98420985,46.98420985,0.4710465669631958
MMDpt_dc_ae_l10_gmedian,dc_ae,down_blocks.3.0,median,94,47.05894020545455,47.05894020545455,47.05894020545455,0.4389774799346924
MMDpt_dc_ae_l10_gmedian,dc_ae,down_blocks.3.0,median,95,47.18393024863636,47.18393024863636,47.18393024863636,0.6538552045822144
MMDpt_dc_ae_l10_gmedian,dc_ae,down_blocks.3.0,median,96,47.45620903181818,47.45620903181818,47.45620903181818,0.41654324531555176
MMDpt_dc_ae_l10_gmedian,dc_ae,down_blocks.3.0,median,97,47.57944400681818,47.57944400681818,47.57944400681818,0.4330490827560425
MMDpt_dc_ae_l10_gmedian,dc_ae,down_blocks.3.0,median,98,47.68605184090909,47.68605184090909,47.68605184090909,0.4064459800720215
MMDpt_dc_ae_l10_gmedian,dc_ae,down_blocks.3.0,median,99,47.85413733318182,47.85413733318182,47.85413733318182,0.827032208442688
MMDpt_dc_ae_l10_gmedian,dc_ae,down_blocks.3.0,median,100,47.997159330454544,47.997159330454544,47.997159330454544,0.5820141434669495
MMDpt_dc_ae_l10_gmedian,dc_ae,down_blocks.3.0,median,101,48.745656067727275,48.745656067727275,48.745656067727275,0.6088424324989319
MMDpt_dc_ae_l10_gmedian,dc_ae,down_blocks.3.0,median,102,48.974869975454546,48.974869975454546,48.974869975454546,0.4163222312927246
MMDpt_dc_ae_l10_gmedian,dc_ae,down_blocks.3.0,median,103,49.269933079999994,49.269933079999994,49.269933079999994,0.5442095994949341
MMDpt_dc_ae_l10_gmedian,dc_ae,down_blocks.3.0,median,104,49.50143869090909,49.50143869090909,49.50143869090909,0.3670473098754883
MMDpt_dc_ae_l10_gmedian,dc_ae,down_blocks.3.0,median,105,50.02686477227273,50.02686477227273,50.02686477227273,0.4791043996810913
MMDpt_dc_ae_l10_gmedian,dc_ae,down_blocks.3.0,median,106,50.24467801363637,50.24467801363637,50.24467801363637,0.5230916738510132
MMDpt_dc_ae_l10_gmedian,dc_ae,down_blocks.3.0,median,107,50.26601576545454,50.26601576545454,50.26601576545454,0.5127480030059814
MMDpt_dc_ae_l10_gmedian,dc_ae,down_blocks.3.0,median,108,50.287720933636365,50.287720933636365,50.287720933636365,0.5415815114974976
MMDpt_dc_ae_l10_gmedian,dc_ae,down_blocks.3.0,median,109,50.397065763181814,50.397065763181814,50.397065763181814,0.5948432683944702
MMDpt_dc_ae_l10_gmedian,dc_ae,down_blocks.3.0,median,110,50.44004938636363,50.44004938636363,50.44004938636363,0.7309160828590393
MMDpt_dc_ae_l10_gmedian,dc_ae,down_blocks.3.0,median,111,50.53053583909091,50.53053583909091,50.53053583909091,0.4336003065109253
MMDpt_dc_ae_l10_gmedian,dc_ae,down_blocks.3.0,median,112,50.744067415454545,50.744067415454545,50.744067415454545,0.5502440929412842
MMDpt_dc_ae_l10_gmedian,dc_ae,down_blocks.3.0,median,113,50.877768575909094,50.877768575909094,50.877768575909094,0.44508445262908936
MMDpt_dc_ae_l10_gmedian,dc_ae,down_blocks.3.0,median,114,50.952142585000004,50.952142585000004,50.952142585000004,0.6522579789161682
MMDpt_dc_ae_l10_gmedian,dc_ae,down_blocks.3.0,median,115,51.255980857727266,51.255980857727266,51.255980857727266,0.4801020622253418
MMDpt_dc_ae_l10_gmedian,dc_ae,down_blocks.3.0,median,116,51.47010300409091,51.47010300409091,51.47010300409091,0.5680346488952637
MMDpt_dc_ae_l10_gmedian,dc_ae,down_blocks.3.0,median,117,51.48649149727273,51.48649149727273,51.48649149727273,0.577256441116333
MMDpt_dc_ae_l10_gmedian,dc_ae,down_blocks.3.0,median,118,51.49088870772727,51.49088870772727,51.49088870772727,0.5133605003356934
MMDpt_dc_ae_l10_gmedian,dc_ae,down_blocks.3.0,median,119,51.669473619090915,51.669473619090915,51.669473619090915,0.48960423469543457
MMDpt_dc_ae_l10_gmedian,dc_ae,down_blocks.3.0,median,120,51.78909724363636,51.78909724363636,51.78909724363636,0.9004854559898376
MMDpt_dc_ae_l10_gmedian,dc_ae,down_blocks.3.0,median,121,51.85205774272727,51.85205774272727,51.85205774272727,0.40865767002105713
MMDpt_dc_ae_l10_gmedian,dc_ae,down_blocks.3.0,median,122,51.87800455454545,51.87800455454545,51.87800455454545,0.6284610629081726
MMDpt_dc_ae_l10_gmedian,dc_ae,down_blocks.3.0,median,123,51.92553946363636,51.92553946363636,51.92553946363636,0.7135666012763977
MMDpt_dc_ae_l10_gmedian,dc_ae,down_blocks.3.0,median,124,52.00039339090909,52.00039339090909,52.00039339090909,0.5845840573310852
MMDpt_dc_ae_l10_gmedian,dc_ae,down_blocks.3.0,median,125,52.126720309090906,52.126720309090906,52.126720309090906,0.5452194213867188
MMDpt_dc_ae_l10_gmedian,dc_ae,down_blocks.3.0,median,126,52.30133809090909,52.30133809090909,52.30133809090909,0.5638567209243774
MMDpt_dc_ae_l10_gmedian,dc_ae,down_blocks.3.0,median,127,52.82782977227273,52.82782977227273,52.82782977227273,0.5966481566429138
MMDpt_dc_ae_l10_gmedian,dc_ae,down_blocks.3.0,median,128,52.94948191,52.94948191,52.94948191,0.4928475618362427
MMDpt_dc_ae_l10_gmedian,dc_ae,down_blocks.3.0,median,129,52.977303153181815,52.977303153181815,52.977303153181815,0.6000856757164001
MMDpt_dc_ae_l10_gmedian,dc_ae,down_blocks.3.0,median,130,53.02329102272727,53.02329102272727,53.02329102272727,0.8252670764923096
MMDpt_dc_ae_l10_gmedian,dc_ae,down_blocks.3.0,median,131,53.11169118954546,53.11169118954546,53.11169118954546,0.40859222412109375
MMDpt_dc_ae_l10_gmedian,dc_ae,down_blocks.3.0,median,132,53.15595768772727,53.15595768772727,53.15595768772727,0.5390125513076782
MMDpt_dc_ae_l10_gmedian,dc_ae,down_blocks.3.0,median,133,53.19575964181818,53.19575964181818,53.19575964181818,0.4505915641784668
MMDpt_dc_ae_l10_gmedian,dc_ae,down_blocks.3.0,median,134,53.738266159999995,53.738266159999995,53.738266159999995,0.7800828218460083
MMDpt_dc_ae_l10_gmedian,dc_ae,down_blocks.3.0,median,135,54.35688324090909,54.35688324090909,54.35688324090909,0.46944475173950195
MMDpt_dc_ae_l10_gmedian,dc_ae,down_blocks.3.0,median,136,54.43010616227273,54.43010616227273,54.43010616227273,0.5152755975723267
MMDpt_dc_ae_l10_gmedian,dc_ae,down_blocks.3.0,median,137,54.51598353272727,54.51598353272727,54.51598353272727,0.7235679030418396
MMDpt_dc_ae_l10_gmedian,dc_ae,down_blocks.3.0,median,138,54.63723127590909,54.63723127590909,54.63723127590909,0.6174013018608093
MMDpt_dc_ae_l10_gmedian,dc_ae,down_blocks.3.0,median,139,54.68535675181818,54.68535675181818,54.68535675181818,0.5409272909164429
MMDpt_dc_ae_l10_gmedian,dc_ae,down_blocks.3.0,median,140,54.72388539863636,54.72388539863636,54.72388539863636,0.6040477156639099
MMDpt_dc_ae_l10_gmedian,dc_ae,down_blocks.3.0,median,141,55.23867115454546,55.23867115454546,55.23867115454546,0.4621669054031372
MMDpt_dc_ae_l10_gmedian,dc_ae,down_blocks.3.0,median,142,55.2775563909091,55.2775563909091,55.2775563909091,0.6507003903388977
MMDpt_dc_ae_l10_gmedian,dc_ae,down_blocks.3.0,median,143,55.699695931818184,55.699695931818184,55.699695931818184,0.5207750797271729
MMDpt_dc_ae_l10_gmedian,dc_ae,down_blocks.3.0,median,144,55.80372709545455,55.80372709545455,55.80372709545455,0.5716081857681274
MMDpt_dc_ae_l10_gmedian,dc_ae,down_blocks.3.0,median,145,55.82518654818182,55.82518654818182,55.82518654818182,0.5702118873596191
MMDpt_dc_ae_l10_gmedian,dc_ae,down_blocks.3.0,median,146,56.236087309090905,56.236087309090905,56.236087309090905,0.5062088966369629
MMDpt_dc_ae_l10_gmedian,dc_ae,down_blocks.3.0,median,147,56.34353036818182,56.34353036818182,56.34353036818182,0.47915780544281006
MMDpt_dc_ae_l10_gmedian,dc_ae,down_blocks.3.0,median,148,56.343846956363635,56.343846956363635,56.343846956363635,0.43718743324279785
MMDpt_dc_ae_l10_gmedian,dc_ae,down_blocks.3.0,median,149,56.418747340909086,56.418747340909086,56.418747340909086,0.3803861141204834
MMDpt_dc_ae_l10_gmedian,dc_ae,down_blocks.3.0,median,150,56.4284854,56.4284854,56.4284854,0.7570978403091431
MMDpt_dc_ae_l10_gmedian,dc_ae,down_blocks.3.0,median,151,56.43083487727272,56.43083487727272,56.43083487727272,0.7211533188819885
MMDpt_dc_ae_l10_gmedian,dc_ae,down_blocks.3.0,median,152,56.73676582727273,56.73676582727273,56.73676582727273,0.6058545708656311
MMDpt_dc_ae_l10_gmedian,dc_ae,down_blocks.3.0,median,153,56.80215198181818,56.80215198181818,56.80215198181818,1.326537013053894
MMDpt_dc_ae_l10_gmedian,dc_ae,down_blocks.3.0,median,154,56.838491672272724,56.838491672272724,56.838491672272724,0.4133477210998535
MMDpt_dc_ae_l10_gmedian,dc_ae,down_blocks.3.0,median,155,56.87784920000001,56.87784920000001,56.87784920000001,0.6961082816123962
MMDpt_dc_ae_l10_gmedian,dc_ae,down_blocks.3.0,median,156,56.88495511818182,56.88495511818182,56.88495511818182,0.4622194766998291
MMDpt_dc_ae_l10_gmedian,dc_ae,down_blocks.3.0,median,157,56.89427865,56.89427865,56.89427865,0.35066330432891846
MMDpt_dc_ae_l10_gmedian,dc_ae,down_blocks.3.0,median,158,57.014437336363635,57.014437336363635,57.014437336363635,0.5732383728027344
MMDpt_dc_ae_l10_gmedian,dc_ae,down_blocks.3.0,median,159,57.01605029863636,57.01605029863636,57.01605029863636,0.5615646839141846
MMDpt_dc_ae_l10_gmedian,dc_ae,down_blocks.3.0,median,160,57.06027285454545,57.06027285454545,57.06027285454545,0.5544683933258057
MMDpt_dc_ae_l10_gmedian,dc_ae,down_blocks.3.0,median,161,57.08577673045454,57.08577673045454,57.08577673045454,0.6512776613235474
MMDpt_dc_ae_l10_gmedian,dc_ae,down_blocks.3.0,median,162,57.165035822727276,57.165035822727276,57.165035822727276,0.5926796793937683
MMDpt_dc_ae_l10_gmedian,dc_ae,down_blocks.3.0,median,163,57.30280682363637,57.30280682363637,57.30280682363637,0.5217517614364624
MMDpt_dc_ae_l10_gmedian,dc_ae,down_blocks.3.0,median,164,57.552973348181816,57.552973348181816,57.552973348181816,0.40906739234924316
MMDpt_dc_ae_l10_gmedian,dc_ae,down_blocks.3.0,median,165,57.715692645,57.715692645,57.715692645,0.43429410457611084
MMDpt_dc_ae_l10_gmedian,dc_ae,down_blocks.3.0,median,166,57.94736867727273,57.94736867727273,57.94736867727273,0.6041403412818909
MMDpt_dc_ae_l10_gmedian,dc_ae,down_blocks.3.0,median,167,58.01582408181818,58.01582408181818,58.01582408181818,0.7144792079925537
MMDpt_dc_ae_l10_gmedian,dc_ae,down_blocks.3.0,median,168,58.14704098045454,58.14704098045454,58.14704098045454,0.3844776153564453
MMDpt_dc_ae_l10_gmedian,dc_ae,down_blocks.3.0,median,169,58.40466673181818,58.40466673181818,58.40466673181818,0.6657474040985107
MMDpt_dc_ae_l10_gmedian,dc_ae,down_blocks.3.0,median,170,58.48494007,58.48494007,58.48494007,0.47087955474853516
MMDpt_dc_ae_l10_gmedian,dc_ae,down_blocks.3.0,median,171,58.90741873181818,58.90741873181818,58.90741873181818,0.5484027862548828
MMDpt_dc_ae_l10_gmedian,dc_ae,down_blocks.3.0,median,172,58.92814133636364,58.92814133636364,58.92814133636364,0.46386921405792236
MMDpt_dc_ae_l10_gmedian,dc_ae,down_blocks.3.0,median,173,58.959711454090915,58.959711454090915,58.959711454090915,0.4182077646255493
MMDpt_dc_ae_l10_gmedian,dc_ae,down_blocks.3.0,median,174,59.080638213636355,59.080638213636355,59.080638213636355,0.7254512310028076
MMDpt_dc_ae_l10_gmedian,dc_ae,down_blocks.3.0,median,175,59.15176404636364,59.15176404636364,59.15176404636364,0.5362309217453003
MMDpt_dc_ae_l10_gmedian,dc_ae,down_blocks.3.0,median,176,59.165360129545455,59.165360129545455,59.165360129545455,0.40342915058135986
MMDpt_dc_ae_l10_gmedian,dc_ae,down_blocks.3.0,median,177,59.343238913181814,59.343238913181814,59.343238913181814,0.3241041898727417
MMDpt_dc_ae_l10_gmedian,dc_ae,down_blocks.3.0,median,178,59.52943686818182,59.52943686818182,59.52943686818182,0.6105538606643677
MMDpt_dc_ae_l10_gmedian,dc_ae,down_blocks.3.0,median,179,59.53394987363636,59.53394987363636,59.53394987363636,0.9190388917922974
MMDpt_dc_ae_l10_gmedian,dc_ae,down_blocks.3.0,median,180,59.61907620909091,59.61907620909091,59.61907620909091,0.5677297115325928
MMDpt_dc_ae_l10_gmedian,dc_ae,down_blocks.3.0,median,181,59.64024705,59.64024705,59.64024705,0.5588886737823486
MMDpt_dc_ae_l10_gmedian,dc_ae,down_blocks.3.0,median,182,59.81487126545455,59.81487126545455,59.81487126545455,0.9967167377471924
MMDpt_dc_ae_l10_gmedian,dc_ae,down_blocks.3.0,median,183,59.821444613636366,59.821444613636366,59.821444613636366,0.5745096206665039
MMDpt_dc_ae_l10_gmedian,dc_ae,down_blocks.3.0,median,184,59.82249576181818,59.82249576181818,59.82249576181818,0.43699824810028076
MMDpt_dc_ae_l10_gmedian,dc_ae,down_blocks.3.0,median,185,60.13491826227273,60.13491826227273,60.13491826227273,1.019454002380371
MMDpt_dc_ae_l10_gmedian,dc_ae,down_blocks.3.0,median,186,60.66603184545455,60.66603184545455,60.66603184545455,0.4878988265991211
MMDpt_dc_ae_l10_gmedian,dc_ae,down_blocks.3.0,median,187,60.91525143409091,60.91525143409091,60.91525143409091,0.84007328748703
MMDpt_dc_ae_l10_gmedian,dc_ae,down_blocks.3.0,median,188,60.98922430909091,60.98922430909091,60.98922430909091,0.498327374458313
MMDpt_dc_ae_l10_gmedian,dc_ae,down_blocks.3.0,median,189,61.15445065909091,61.15445065909091,61.15445065909091,0.4710577726364136
MMDpt_dc_ae_l10_gmedian,dc_ae,down_blocks.3.0,median,190,61.257236485,61.257236485,61.257236485,0.6992863416671753
MMDpt_dc_ae_l10_gmedian,dc_ae,down_blocks.3.0,median,191,61.38288141818182,61.38288141818182,61.38288141818182,0.5011175870895386
MMDpt_dc_ae_l10_gmedian,dc_ae,down_blocks.3.0,median,192,61.41676890772727,61.41676890772727,61.41676890772727,0.5080426931381226
MMDpt_dc_ae_l10_gmedian,dc_ae,down_blocks.3.0,median,193,61.450913154545454,61.450913154545454,61.450913154545454,0.5642751455307007
MMDpt_dc_ae_l10_gmedian,dc_ae,down_blocks.3.0,median,194,61.557454278181815,61.557454278181815,61.557454278181815,0.6890344023704529
MMDpt_dc_ae_l10_gmedian,dc_ae,down_blocks.3.0,median,195,61.612018317727276,61.612018317727276,61.612018317727276,0.5061706304550171
MMDpt_dc_ae_l10_gmedian,dc_ae,down_blocks.3.0,median,196,61.66026577136363,61.66026577136363,61.66026577136363,0.8214815258979797
MMDpt_dc_ae_l10_gmedian,dc_ae,down_blocks.3.0,median,197,61.784896459090916,61.784896459090916,61.784896459090916,0.5530080795288086
MMDpt_dc_ae_l10_gmedian,dc_ae,down_blocks.3.0,median,198,61.80260090454545,61.80260090454545,61.80260090454545,0.6642783284187317
MMDpt_dc_ae_l10_gmedian,dc_ae,down_blocks.3.0,median,199,62.04634134636364,62.04634134636364,62.04634134636364,0.6826692819595337
MMDpt_dc_ae_l10_gmedian,dc_ae,down_blocks.3.0,median,200,62.140166177272725,62.140166177272725,62.140166177272725,0.5219060182571411
MMDpt_dc_ae_l10_gmedian,dc_ae,down_blocks.3.0,median,201,62.30800517363637,62.30800517363637,62.30800517363637,1.3016632795333862
MMDpt_dc_ae_l10_gmedian,dc_ae,down_blocks.3.0,median,202,62.48285368636363,62.48285368636363,62.48285368636363,0.587988555431366
MMDpt_dc_ae_l10_gmedian,dc_ae,down_blocks.3.0,median,203,62.50087945,62.50087945,62.50087945,0.5600142478942871
MMDpt_dc_ae_l10_gmedian,dc_ae,down_blocks.3.0,median,204,62.515273900000004,62.515273900000004,62.515273900000004,0.44307732582092285
MMDpt_dc_ae_l10_gmedian,dc_ae,down_blocks.3.0,median,205,62.56153540454545,62.56153540454545,62.56153540454545,0.4198932647705078
MMDpt_dc_ae_l10_gmedian,dc_ae,down_blocks.3.0,median,206,62.62842450590909,62.62842450590909,62.62842450590909,0.6139031648635864
MMDpt_dc_ae_l10_gmedian,dc_ae,down_blocks.3.0,median,207,62.64787497272727,62.64787497272727,62.64787497272727,0.4581634998321533
MMDpt_dc_ae_l10_gmedian,dc_ae,down_blocks.3.0,median,208,62.80573838590909,62.80573838590909,62.80573838590909,0.5823153853416443
MMDpt_dc_ae_l10_gmedian,dc_ae,down_blocks.3.0,median,209,62.831736559090906,62.831736559090906,62.831736559090906,0.5229618549346924
MMDpt_dc_ae_l10_gmedian,dc_ae,down_blocks.3.0,median,210,63.033077886363635,63.033077886363635,63.033077886363635,1.2032064199447632
MMDpt_dc_ae_l10_gmedian,dc_ae,down_blocks.3.0,median,211,63.2958711590909,63.2958711590909,63.2958711590909,0.46559715270996094
MMDpt_dc_ae_l10_gmedian,dc_ae,down_blocks.3.0,median,212,63.30556153181818,63.30556153181818,63.30556153181818,0.5501351356506348
MMDpt_dc_ae_l10_gmedian,dc_ae,down_blocks.3.0,median,213,63.451246159090914,63.451246159090914,63.451246159090914,0.680729329586029
MMDpt_dc_ae_l10_gmedian,dc_ae,down_blocks.3.0,median,214,63.51674641363636,63.51674641363636,63.51674641363636,0.5666384696960449
MMDpt_dc_ae_l10_gmedian,dc_ae,down_blocks.3.0,median,215,63.52993807136364,63.52993807136364,63.52993807136364,0.43172919750213623
MMDpt_dc_ae_l10_gmedian,dc_ae,down_blocks.3.0,median,216,63.601648069090906,63.601648069090906,63.601648069090906,0.42247331142425537
MMDpt_dc_ae_l10_gmedian,dc_ae,down_blocks.3.0,median,217,63.632569839545454,63.632569839545454,63.632569839545454,0.5947266221046448
MMDpt_dc_ae_l10_gmedian,dc_ae,down_blocks.3.0,median,218,63.65115097727273,63.65115097727273,63.65115097727273,0.6104235649108887
MMDpt_dc_ae_l10_gmedian,dc_ae,down_blocks.3.0,median,219,63.71100458181818,63.71100458181818,63.71100458181818,0.4647953510284424
MMDpt_dc_ae_l10_gmedian,dc_ae,down_blocks.3.0,median,220,63.89873966363636,63.89873966363636,63.89873966363636,0.42978858947753906
MMDpt_dc_ae_l10_gmedian,dc_ae,down_blocks.3.0,median,221,63.92419218818182,63.92419218818182,63.92419218818182,0.37819766998291016
MMDpt_dc_ae_l10_gmedian,dc_ae,down_blocks.3.0,median,222,63.96103896818182,63.96103896818182,63.96103896818182,0.6089974641799927
MMDpt_dc_ae_l10_gmedian,dc_ae,down_blocks.3.0,median,223,63.99746849090909,63.99746849090909,63.99746849090909,0.8917794227600098
MMDpt_dc_ae_l10_gmedian,dc_ae,down_blocks.3.0,median,224,64.02118780454545,64.02118780454545,64.02118780454545,0.6264072060585022
MMDpt_dc_ae_l10_gmedian,dc_ae,down_blocks.3.0,median,225,64.02835174090909,64.02835174090909,64.02835174090909,0.4013097286224365
MMDpt_dc_ae_l10_gmedian,dc_ae,down_blocks.3.0,median,226,64.1043883409091,64.1043883409091,64.1043883409091,0.7518256306648254
MMDpt_dc_ae_l10_gmedian,dc_ae,down_blocks.3.0,median,227,64.15682117727273,64.15682117727273,64.15682117727273,0.451454758644104
MMDpt_dc_ae_l10_gmedian,dc_ae,down_blocks.3.0,median,228,64.23845857272727,64.23845857272727,64.23845857272727,0.6800125241279602
MMDpt_dc_ae_l10_gmedian,dc_ae,down_blocks.3.0,median,229,64.25370258636363,64.25370258636363,64.25370258636363,0.5283641815185547
MMDpt_dc_ae_l10_gmedian,dc_ae,down_blocks.3.0,median,230,64.32671434181817,64.32671434181817,64.32671434181817,0.6811514496803284
MMDpt_dc_ae_l10_gmedian,dc_ae,down_blocks.3.0,median,231,64.40631527727272,64.40631527727272,64.40631527727272,0.47280359268188477
MMDpt_dc_ae_l10_gmedian,dc_ae,down_blocks.3.0,median,232,64.56676404090909,64.56676404090909,64.56676404090909,0.8982885479927063
MMDpt_dc_ae_l10_gmedian,dc_ae,down_blocks.3.0,median,233,64.70266141363636,64.70266141363636,64.70266141363636,0.541732907295227
MMDpt_dc_ae_l10_gmedian,dc_ae,down_blocks.3.0,median,234,64.83579067045456,64.83579067045456,64.83579067045456,0.7033393383026123
MMDpt_dc_ae_l10_gmedian,dc_ae,down_blocks.3.0,median,235,64.88276691590909,64.88276691590909,64.88276691590909,0.7905111312866211
MMDpt_dc_ae_l10_gmedian,dc_ae,down_blocks.3.0,median,236,64.91428311818181,64.91428311818181,64.91428311818181,0.5251173973083496
MMDpt_dc_ae_l10_gmedian,dc_ae,down_blocks.3.0,median,237,64.99876317727272,64.99876317727272,64.99876317727272,0.8087446689605713
MMDpt_dc_ae_l10_gmedian,dc_ae,down_blocks.3.0,median,238,65.11283459954545,65.11283459954545,65.11283459954545,0.7402701377868652
MMDpt_dc_ae_l10_gmedian,dc_ae,down_blocks.3.0,median,239,65.12859398045454,65.12859398045454,65.12859398045454,0.48107266426086426
MMDpt_dc_ae_l10_gmedian,dc_ae,down_blocks.3.0,median,240,65.15700578272727,65.15700578272727,65.15700578272727,0.4354168176651001
MMDpt_dc_ae_l10_gmedian,dc_ae,down_blocks.3.0,median,241,65.26560826818182,65.26560826818182,65.26560826818182,0.5234668254852295
MMDpt_dc_ae_l10_gmedian,dc_ae,down_blocks.3.0,median,242,65.49862164545455,65.49862164545455,65.49862164545455,0.6569763422012329
MMDpt_dc_ae_l10_gmedian,dc_ae,down_blocks.3.0,median,243,65.58085287863636,65.58085287863636,65.58085287863636,0.46019208431243896
MMDpt_dc_ae_l10_gmedian,dc_ae,down_blocks.3.0,median,244,65.74797291818182,65.74797291818182,65.74797291818182,0.49700069427490234
MMDpt_dc_ae_l10_gmedian,dc_ae,down_blocks.3.0,median,245,65.77319434545456,65.77319434545456,65.77319434545456,0.5179169178009033
MMDpt_dc_ae_l10_gmedian,dc_ae,down_blocks.3.0,median,246,65.79643795909091,65.79643795909091,65.79643795909091,0.4615670442581177
MMDpt_dc_ae_l10_gmedian,dc_ae,down_blocks.3.0,median,247,65.90152255454545,65.90152255454545,65.90152255454545,0.5967114567756653
MMDpt_dc_ae_l10_gmedian,dc_ae,down_blocks.3.0,median,248,66.06104215454546,66.06104215454546,66.06104215454546,0.5723962783813477
MMDpt_dc_ae_l10_gmedian,dc_ae,down_blocks.3.0,median,249,66.34667021363636,66.34667021363636,66.34667021363636,0.6030210852622986
MMDpt_dc_ae_l10_gmedian,dc_ae,down_blocks.3.0,median,250,66.41367993636364,66.41367993636364,66.41367993636364,0.47930002212524414
MMDpt_dc_ae_l10_gmedian,dc_ae,down_blocks.3.0,median,251,66.49486482500001,66.49486482500001,66.49486482500001,0.7384963035583496
MMDpt_dc_ae_l10_gmedian,dc_ae,down_blocks.3.0,median,252,66.57540134545455,66.57540134545455,66.57540134545455,0.64592045545578
MMDpt_dc_ae_l10_gmedian,dc_ae,down_blocks.3.0,median,253,66.64770191772728,66.64770191772728,66.64770191772728,0.6431831121444702
MMDpt_dc_ae_l10_gmedian,dc_ae,down_blocks.3.0,median,254,66.69631712272727,66.69631712272727,66.69631712272727,0.4312065839767456
MMDpt_dc_ae_l10_gmedian,dc_ae,down_blocks.3.0,median,255,66.69915260454546,66.69915260454546,66.69915260454546,0.9621097445487976
MMDpt_dc_ae_l10_gmedian,dc_ae,down_blocks.3.0,median,256,66.84640655909091,66.84640655909091,66.84640655909091,0.47204315662384033
MMDpt_dc_ae_l10_gmedian,dc_ae,down_blocks.3.0,median,257,66.92138232272727,66.92138232272727,66.92138232272727,0.3553626537322998
MMDpt_dc_ae_l10_gmedian,dc_ae,down_blocks.3.0,median,258,67.1600262,67.1600262,67.1600262,0.413305401802063
MMDpt_dc_ae_l10_gmedian,dc_ae,down_blocks.3.0,median,259,67.24224864545455,67.24224864545455,67.24224864545455,0.8023331165313721
MMDpt_dc_ae_l10_gmedian,dc_ae,down_blocks.3.0,median,260,67.33497136227273,67.33497136227273,67.33497136227273,1.5390907526016235
MMDpt_dc_ae_l10_gmedian,dc_ae,down_blocks.3.0,median,261,67.50431248636363,67.50431248636363,67.50431248636363,0.6245146989822388
MMDpt_dc_ae_l10_gmedian,dc_ae,down_blocks.3.0,median,262,67.65232870272727,67.65232870272727,67.65232870272727,0.5364475250244141
MMDpt_dc_ae_l10_gmedian,dc_ae,down_blocks.3.0,median,263,67.78208407272727,67.78208407272727,67.78208407272727,0.44743847846984863
MMDpt_dc_ae_l10_gmedian,dc_ae,down_blocks.3.0,median,264,67.84529925,67.84529925,67.84529925,0.45568692684173584
MMDpt_dc_ae_l10_gmedian,dc_ae,down_blocks.3.0,median,265,67.89158320909091,67.89158320909091,67.89158320909091,0.5278027057647705
MMDpt_dc_ae_l10_gmedian,dc_ae,down_blocks.3.0,median,266,67.98637594090908,67.98637594090908,67.98637594090908,0.5305248498916626
MMDpt_dc_ae_l10_gmedian,dc_ae,down_blocks.3.0,median,267,68.0851692090909,68.0851692090909,68.0851692090909,0.5821329355239868
MMDpt_dc_ae_l10_gmedian,dc_ae,down_blocks.3.0,median,268,68.12695885,68.12695885,68.12695885,0.4272282123565674
MMDpt_dc_ae_l10_gmedian,dc_ae,down_blocks.3.0,median,269,68.2302839,68.2302839,68.2302839,0.7366009950637817
MMDpt_dc_ae_l10_gmedian,dc_ae,down_blocks.3.0,median,270,68.23565684545454,68.23565684545454,68.23565684545454,0.5101922750473022
MMDpt_dc_ae_l10_gmedian,dc_ae,down_blocks.3.0,median,271,68.26595938409092,68.26595938409092,68.26595938409092,0.38688957691192627
MMDpt_dc_ae_l10_gmedian,dc_ae,down_blocks.3.0,median,272,68.27114585318182,68.27114585318182,68.27114585318182,0.6637364625930786
MMDpt_dc_ae_l10_gmedian,dc_ae,down_blocks.3.0,median,273,68.32032611363637,68.32032611363637,68.32032611363637,0.5430011749267578
MMDpt_dc_ae_l10_gmedian,dc_ae,down_blocks.3.0,median,274,68.38830778636363,68.38830778636363,68.38830778636363,0.7811480760574341
MMDpt_dc_ae_l10_gmedian,dc_ae,down_blocks.3.0,median,275,68.41746199090909,68.41746199090909,68.41746199090909,0.5023813247680664
MMDpt_dc_ae_l10_gmedian,dc_ae,down_blocks.3.0,median,276,68.46063733181818,68.46063733181818,68.46063733181818,0.5757527351379395
MMDpt_dc_ae_l10_gmedian,dc_ae,down_blocks.3.0,median,277,68.46664887727273,68.46664887727273,68.46664887727273,0.40508055686950684
MMDpt_dc_ae_l10_gmedian,dc_ae,down_blocks.3.0,median,278,68.47213741363636,68.47213741363636,68.47213741363636,0.8291751146316528
MMDpt_dc_ae_l10_gmedian,dc_ae,down_blocks.3.0,median,279,68.93374281227273,68.93374281227273,68.93374281227273,0.5098928213119507
MMDpt_dc_ae_l10_gmedian,dc_ae,down_blocks.3.0,median,280,69.04567613727274,69.04567613727274,69.04567613727274,0.4834723472595215
MMDpt_dc_ae_l10_gmedian,dc_ae,down_blocks.3.0,median,281,69.05974111818182,69.05974111818182,69.05974111818182,0.6778534054756165
MMDpt_dc_ae_l10_gmedian,dc_ae,down_blocks.3.0,median,282,69.09219679545454,69.09219679545454,69.09219679545454,0.5907115340232849
MMDpt_dc_ae_l10_gmedian,dc_ae,down_blocks.3.0,median,283,69.09712682727273,69.09712682727273,69.09712682727273,0.40242087841033936
MMDpt_dc_ae_l10_gmedian,dc_ae,down_blocks.3.0,median,284,69.10091421363637,69.10091421363637,69.10091421363637,0.4609020948410034
MMDpt_dc_ae_l10_gmedian,dc_ae,down_blocks.3.0,median,285,69.10780212727273,69.10780212727273,69.10780212727273,0.43551886081695557
MMDpt_dc_ae_l10_gmedian,dc_ae,down_blocks.3.0,median,286,69.12065298636364,69.12065298636364,69.12065298636364,0.5886445045471191
MMDpt_dc_ae_l10_gmedian,dc_ae,down_blocks.3.0,median,287,69.18059698636364,69.18059698636364,69.18059698636364,0.591941237449646
MMDpt_dc_ae_l10_gmedian,dc_ae,down_blocks.3.0,median,288,69.23367816363636,69.23367816363636,69.23367816363636,0.7229371070861816
MMDpt_dc_ae_l10_gmedian,dc_ae,down_blocks.3.0,median,289,69.2644266,69.2644266,69.2644266,0.7990775108337402
MMDpt_dc_ae_l10_gmedian,dc_ae,down_blocks.3.0,median,290,69.35791935818182,69.35791935818182,69.35791935818182,0.5422431230545044
MMDpt_dc_ae_l10_gmedian,dc_ae,down_blocks.3.0,median,291,69.61843814545455,69.61843814545455,69.61843814545455,0.531792402267456
MMDpt_dc_ae_l10_gmedian,dc_ae,down_blocks.3.0,median,292,69.80519480454545,69.80519480454545,69.80519480454545,0.6209745407104492
MMDpt_dc_ae_l10_gmedian,dc_ae,down_blocks.3.0,median,293,69.8553488,69.8553488,69.8553488,0.6283757090568542
MMDpt_dc_ae_l10_gmedian,dc_ae,down_blocks.3.0,median,294,69.88728480909091,69.88728480909091,69.88728480909091,0.9032777547836304
MMDpt_dc_ae_l10_gmedian,dc_ae,down_blocks.3.0,median,295,69.97248817863637,69.97248817863637,69.97248817863637,0.6160560846328735
MMDpt_dc_ae_l10_gmedian,dc_ae,down_blocks.3.0,median,296,70.05721009181819,70.05721009181819,70.05721009181819,0.5407030582427979
MMDpt_dc_ae_l10_gmedian,dc_ae,down_blocks.3.0,median,297,70.14929492727272,70.14929492727272,70.14929492727272,0.6118891835212708
MMDpt_dc_ae_l10_gmedian,dc_ae,down_blocks.3.0,median,298,70.15787111818182,70.15787111818182,70.15787111818182,0.5041472911834717
MMDpt_dc_ae_l10_gmedian,dc_ae,down_blocks.3.0,median,299,70.16147875909091,70.16147875909091,70.16147875909091,0.8030004501342773
MMDpt_dc_ae_l10_gmedian,dc_ae,down_blocks.3.0,median,300,70.20511073181818,70.20511073181818,70.20511073181818,0.7348505854606628
MMDpt_dc_ae_l10_gmedian,dc_ae,down_blocks.3.0,median,301,70.32331571818182,70.32331571818182,70.32331571818182,0.7307955622673035
MMDpt_dc_ae_l10_gmedian,dc_ae,down_blocks.3.0,median,302,70.37705808636363,70.37705808636363,70.37705808636363,0.8748663663864136
MMDpt_dc_ae_l10_gmedian,dc_ae,down_blocks.3.0,median,303,70.399005675,70.399005675,70.399005675,0.5833047032356262
MMDpt_dc_ae_l10_gmedian,dc_ae,down_blocks.3.0,median,304,70.50181075318181,70.50181075318181,70.50181075318181,0.4874221086502075
MMDpt_dc_ae_l10_gmedian,dc_ae,down_blocks.3.0,median,305,70.6102672090909,70.6102672090909,70.6102672090909,0.8693426847457886
MMDpt_dc_ae_l10_gmedian,dc_ae,down_blocks.3.0,median,306,70.7436578590909,70.7436578590909,70.7436578590909,0.5306129455566406
MMDpt_dc_ae_l10_gmedian,dc_ae,down_blocks.3.0,median,307,70.83137117272727,70.83137117272727,70.83137117272727,0.6257277131080627
MMDpt_dc_ae_l10_gmedian,dc_ae,down_blocks.3.0,median,308,70.8352099,70.8352099,70.8352099,0.46073031425476074
MMDpt_dc_ae_l10_gmedian,dc_ae,down_blocks.3.0,median,309,70.84563281363636,70.84563281363636,70.84563281363636,0.6787538528442383
MMDpt_dc_ae_l10_gmedian,dc_ae,down_blocks.3.0,median,310,70.86294127272727,70.86294127272727,70.86294127272727,0.4655722379684448
MMDpt_dc_ae_l10_gmedian,dc_ae,down_blocks.3.0,median,311,70.88488886772727,70.88488886772727,70.88488886772727,0.46501386165618896
MMDpt_dc_ae_l10_gmedian,dc_ae,down_blocks.3.0,median,312,70.94146290454545,70.94146290454545,70.94146290454545,0.38099873065948486
MMDpt_dc_ae_l10_gmedian,dc_ae,down_blocks.3.0,median,313,71.03486937272727,71.03486937272727,71.03486937272727,0.6572921276092529
MMDpt_dc_ae_l10_gmedian,dc_ae,down_blocks.3.0,median,314,71.06114357272727,71.06114357272727,71.06114357272727,0.45039522647857666
MMDpt_dc_ae_l10_gmedian,dc_ae,down_blocks.3.0,median,315,71.16676672727273,71.16676672727273,71.16676672727273,0.516845703125
MMDpt_dc_ae_l10_gmedian,dc_ae,down_blocks.3.0,median,316,71.17873871818182,71.17873871818182,71.17873871818182,0.921907901763916
MMDpt_dc_ae_l10_gmedian,dc_ae,down_blocks.3.0,median,317,71.2066498259091,71.2066498259091,71.2066498259091,0.48148560523986816
MMDpt_dc_ae_l10_gmedian,dc_ae,down_blocks.3.0,median,318,71.25545576818182,71.25545576818182,71.25545576818182,0.7392154335975647
MMDpt_dc_ae_l10_gmedian,dc_ae,down_blocks.3.0,median,319,71.3174982909091,71.3174982909091,71.3174982909091,0.6085500121116638
MMDpt_dc_ae_l10_gmedian,dc_ae,down_blocks.3.0,median,320,71.36296618181818,71.36296618181818,71.36296618181818,0.3618513345718384
MMDpt_dc_ae_l10_gmedian,dc_ae,down_blocks.3.0,median,321,71.46931471818182,71.46931471818182,71.46931471818182,0.8570495247840881
MMDpt_dc_ae_l10_gmedian,dc_ae,down_blocks.3.0,median,322,71.72297334090909,71.72297334090909,71.72297334090909,0.611439049243927
MMDpt_dc_ae_l10_gmedian,dc_ae,down_blocks.3.0,median,323,71.90808025909091,71.90808025909091,71.90808025909091,0.4663647413253784
MMDpt_dc_ae_l10_gmedian,dc_ae,down_blocks.3.0,median,324,71.99829709090909,71.99829709090909,71.99829709090909,0.45269060134887695
MMDpt_dc_ae_l10_gmedian,dc_ae,down_blocks.3.0,median,325,72.09644175681818,72.09644175681818,72.09644175681818,0.5837527513504028
MMDpt_dc_ae_l10_gmedian,dc_ae,down_blocks.3.0,median,326,72.15469048045455,72.15469048045455,72.15469048045455,0.7444677948951721
MMDpt_dc_ae_l10_gmedian,dc_ae,down_blocks.3.0,median,327,72.16259906363636,72.16259906363636,72.16259906363636,0.4498295783996582
MMDpt_dc_ae_l10_gmedian,dc_ae,down_blocks.3.0,median,328,72.25012620454545,72.25012620454545,72.25012620454545,0.4582160711288452
MMDpt_dc_ae_l10_gmedian,dc_ae,down_blocks.3.0,median,329,72.32991709090909,72.32991709090909,72.32991709090909,0.700018048286438
MMDpt_dc_ae_l10_gmedian,dc_ae,down_blocks.3.0,median,330,72.3529890590909,72.3529890590909,72.3529890590909,0.4886469841003418
MMDpt_dc_ae_l10_gmedian,dc_ae,down_blocks.3.0,median,331,72.35690482818183,72.35690482818183,72.35690482818183,0.523205041885376
MMDpt_dc_ae_l10_gmedian,dc_ae,down_blocks.3.0,median,332,72.45495321363636,72.45495321363636,72.45495321363636,0.4663808345794678
MMDpt_dc_ae_l10_gmedian,dc_ae,down_blocks.3.0,median,333,72.62635492727273,72.62635492727273,72.62635492727273,0.4879882335662842
MMDpt_dc_ae_l10_gmedian,dc_ae,down_blocks.3.0,median,334,72.63195748181819,72.63195748181819,72.63195748181819,0.39801955223083496
MMDpt_dc_ae_l10_gmedian,dc_ae,down_blocks.3.0,median,335,72.83995069636363,72.83995069636363,72.83995069636363,0.45773983001708984
MMDpt_dc_ae_l10_gmedian,dc_ae,down_blocks.3.0,median,336,72.89617321363636,72.89617321363636,72.89617321363636,0.5098707675933838
MMDpt_dc_ae_l10_gmedian,dc_ae,down_blocks.3.0,median,337,73.03390340545455,73.03390340545455,73.03390340545455,0.716535747051239
MMDpt_dc_ae_l10_gmedian,dc_ae,down_blocks.3.0,median,338,73.11911989545455,73.11911989545455,73.11911989545455,0.41906678676605225
MMDpt_dc_ae_l10_gmedian,dc_ae,down_blocks.3.0,median,339,73.13833258181818,73.13833258181818,73.13833258181818,0.4786454439163208
MMDpt_dc_ae_l10_gmedian,dc_ae,down_blocks.3.0,median,340,73.33471177272727,73.33471177272727,73.33471177272727,0.4589865207672119
MMDpt_dc_ae_l10_gmedian,dc_ae,down_blocks.3.0,median,341,73.33981687045456,73.33981687045456,73.33981687045456,0.5337104797363281
MMDpt_dc_ae_l10_gmedian,dc_ae,down_blocks.3.0,median,342,73.39854528636364,73.39854528636364,73.39854528636364,0.39799797534942627
MMDpt_dc_ae_l10_gmedian,dc_ae,down_blocks.3.0,median,343,73.41015931818183,73.41015931818183,73.41015931818183,1.145023226737976
MMDpt_dc_ae_l10_gmedian,dc_ae,down_blocks.3.0,median,344,73.44266513181819,73.44266513181819,73.44266513181819,0.6539050936698914
MMDpt_dc_ae_l10_gmedian,dc_ae,down_blocks.3.0,median,345,73.44619574090909,73.44619574090909,73.44619574090909,0.5229015350341797
MMDpt_dc_ae_l10_gmedian,dc_ae,down_blocks.3.0,median,346,73.46868897499999,73.46868897499999,73.46868897499999,0.4384697675704956
MMDpt_dc_ae_l10_gmedian,dc_ae,down_blocks.3.0,median,347,73.50964273636363,73.50964273636363,73.50964273636363,0.6206256151199341
MMDpt_dc_ae_l10_gmedian,dc_ae,down_blocks.3.0,median,348,73.53120189545454,73.53120189545454,73.53120189545454,0.6452519297599792
MMDpt_dc_ae_l10_gmedian,dc_ae,down_blocks.3.0,median,349,73.63946159545455,73.63946159545455,73.63946159545455,0.5543922185897827
MMDpt_dc_ae_l10_gmedian,dc_ae,down_blocks.3.0,median,350,73.76844457272728,73.76844457272728,73.76844457272728,0.534416675567627
MMDpt_dc_ae_l10_gmedian,dc_ae,down_blocks.3.0,median,351,73.80118299272728,73.80118299272728,73.80118299272728,0.5097899436950684
MMDpt_dc_ae_l10_gmedian,dc_ae,down_blocks.3.0,median,352,73.90576145,73.90576145,73.90576145,0.810337483882904
MMDpt_dc_ae_l10_gmedian,dc_ae,down_blocks.3.0,median,353,73.96756481363637,73.96756481363637,73.96756481363637,0.4417661428451538
MMDpt_dc_ae_l10_gmedian,dc_ae,down_blocks.3.0,median,354,74.00717849454546,74.00717849454546,74.00717849454546,0.7048211693763733
MMDpt_dc_ae_l10_gmedian,dc_ae,down_blocks.3.0,median,355,74.01135728181818,74.01135728181818,74.01135728181818,0.7667052745819092
MMDpt_dc_ae_l10_gmedian,dc_ae,down_blocks.3.0,median,356,74.05095793636363,74.05095793636363,74.05095793636363,0.5152108669281006
MMDpt_dc_ae_l10_gmedian,dc_ae,down_blocks.3.0,median,357,74.05302495909092,74.05302495909092,74.05302495909092,0.3939090967178345
MMDpt_dc_ae_l10_gmedian,dc_ae,down_blocks.3.0,median,358,74.20412883636364,74.20412883636364,74.20412883636364,0.7438700795173645
MMDpt_dc_ae_l10_gmedian,dc_ae,down_blocks.3.0,median,359,74.32802774090909,74.32802774090909,74.32802774090909,1.2135226726531982
MMDpt_dc_ae_l10_gmedian,dc_ae,down_blocks.3.0,median,360,74.38583995454546,74.38583995454546,74.38583995454546,0.703049898147583
MMDpt_dc_ae_l10_gmedian,dc_ae,down_blocks.3.0,median,361,74.46433656818182,74.46433656818182,74.46433656818182,0.44143450260162354
MMDpt_dc_ae_l10_gmedian,dc_ae,down_blocks.3.0,median,362,74.52572066363636,74.52572066363636,74.52572066363636,0.5454607009887695
MMDpt_dc_ae_l10_gmedian,dc_ae,down_blocks.3.0,median,363,74.86437946363637,74.86437946363637,74.86437946363637,0.9869405031204224
MMDpt_dc_ae_l10_gmedian,dc_ae,down_blocks.3.0,median,364,74.89747095909091,74.89747095909091,74.89747095909091,0.5158230066299438
MMDpt_dc_ae_l10_gmedian,dc_ae,down_blocks.3.0,median,365,74.9084351090909,74.9084351090909,74.9084351090909,0.6332108974456787
MMDpt_dc_ae_l10_gmedian,dc_ae,down_blocks.3.0,median,366,75.02020153181819,75.02020153181819,75.02020153181819,0.4982266426086426
MMDpt_dc_ae_l10_gmedian,dc_ae,down_blocks.3.0,median,367,75.04613550454546,75.04613550454546,75.04613550454546,0.4329105615615845
MMDpt_dc_ae_l10_gmedian,dc_ae,down_blocks.3.0,median,368,75.04910765454545,75.04910765454545,75.04910765454545,0.8828277587890625
MMDpt_dc_ae_l10_gmedian,dc_ae,down_blocks.3.0,median,369,75.04911406363637,75.04911406363637,75.04911406363637,0.7087934017181396
MMDpt_dc_ae_l10_gmedian,dc_ae,down_blocks.3.0,median,370,75.14242499545455,75.14242499545455,75.14242499545455,0.4059138298034668
MMDpt_dc_ae_l10_gmedian,dc_ae,down_blocks.3.0,median,371,75.14524949545454,75.14524949545454,75.14524949545454,0.546663761138916
MMDpt_dc_ae_l10_gmedian,dc_ae,down_blocks.3.0,median,372,75.21942449545455,75.21942449545455,75.21942449545455,0.5317022800445557
MMDpt_dc_ae_l10_gmedian,dc_ae,down_blocks.3.0,median,373,75.2494860690909,75.2494860690909,75.2494860690909,0.5658327341079712
MMDpt_dc_ae_l10_gmedian,dc_ae,down_blocks.3.0,median,374,75.29101026818182,75.29101026818182,75.29101026818182,0.6286336183547974
MMDpt_dc_ae_l10_gmedian,dc_ae,down_blocks.3.0,median,375,75.30463428181818,75.30463428181818,75.30463428181818,0.4491831064224243
MMDpt_dc_ae_l10_gmedian,dc_ae,down_blocks.3.0,median,376,75.35053226363635,75.35053226363635,75.35053226363635,0.7700557708740234
MMDpt_dc_ae_l10_gmedian,dc_ae,down_blocks.3.0,median,377,75.358434425,75.358434425,75.358434425,0.4324291944503784
MMDpt_dc_ae_l10_gmedian,dc_ae,down_blocks.3.0,median,378,75.4765098,75.4765098,75.4765098,0.4616091251373291
MMDpt_dc_ae_l10_gmedian,dc_ae,down_blocks.3.0,median,379,75.48288537727272,75.48288537727272,75.48288537727272,0.4165083169937134
MMDpt_dc_ae_l10_gmedian,dc_ae,down_blocks.3.0,median,380,75.54217925454545,75.54217925454545,75.54217925454545,0.6383471488952637
MMDpt_dc_ae_l10_gmedian,dc_ae,down_blocks.3.0,median,381,75.65154605454546,75.65154605454546,75.65154605454546,0.6309382319450378
MMDpt_dc_ae_l10_gmedian,dc_ae,down_blocks.3.0,median,382,75.68111334545455,75.68111334545455,75.68111334545455,0.7318596839904785
MMDpt_dc_ae_l10_gmedian,dc_ae,down_blocks.3.0,median,383,75.77031593636364,75.77031593636364,75.77031593636364,0.48038697242736816
MMDpt_dc_ae_l10_gmedian,dc_ae,down_blocks.3.0,median,384,75.78166525454546,75.78166525454546,75.78166525454546,0.5937111377716064
MMDpt_dc_ae_l10_gmedian,dc_ae,down_blocks.3.0,median,385,75.79512009954546,75.79512009954546,75.79512009954546,0.50262451171875
MMDpt_dc_ae_l10_gmedian,dc_ae,down_blocks.3.0,median,386,75.84170493636363,75.84170493636363,75.84170493636363,0.4494065046310425
MMDpt_dc_ae_l10_gmedian,dc_ae,down_blocks.3.0,median,387,75.84312428636363,75.84312428636363,75.84312428636363,0.4636855125427246
MMDpt_dc_ae_l10_gmedian,dc_ae,down_blocks.3.0,median,388,76.02107943636364,76.02107943636364,76.02107943636364,0.5147958993911743
MMDpt_dc_ae_l10_gmedian,dc_ae,down_blocks.3.0,median,389,76.07231828181818,76.07231828181818,76.07231828181818,0.5161430835723877
MMDpt_dc_ae_l10_gmedian,dc_ae,down_blocks.3.0,median,390,76.16321556363636,76.16321556363636,76.16321556363636,0.5808006525039673
MMDpt_dc_ae_l10_gmedian,dc_ae,down_blocks.3.0,median,391,76.19598609272727,76.19598609272727,76.19598609272727,0.6868009567260742
MMDpt_dc_ae_l10_gmedian,dc_ae,down_blocks.3.0,median,392,76.26727722727273,76.26727722727273,76.26727722727273,0.43141329288482666
MMDpt_dc_ae_l10_gmedian,dc_ae,down_blocks.3.0,median,393,76.28929185454545,76.28929185454545,76.28929185454545,0.6292198300361633
MMDpt_dc_ae_l10_gmedian,dc_ae,down_blocks.3.0,median,394,76.28997104545455,76.28997104545455,76.28997104545455,0.4503519535064697
MMDpt_dc_ae_l10_gmedian,dc_ae,down_blocks.3.0,median,395,76.32376224090909,76.32376224090909,76.32376224090909,0.5328973531723022
MMDpt_dc_ae_l10_gmedian,dc_ae,down_blocks.3.0,median,396,76.35414479090909,76.35414479090909,76.35414479090909,0.5223418474197388
MMDpt_dc_ae_l10_gmedian,dc_ae,down_blocks.3.0,median,397,76.39021483181818,76.39021483181818,76.39021483181818,0.5492043495178223
MMDpt_dc_ae_l10_gmedian,dc_ae,down_blocks.3.0,median,398,76.45241142272727,76.45241142272727,76.45241142272727,0.5956242084503174
MMDpt_dc_ae_l10_gmedian,dc_ae,down_blocks.3.0,median,399,76.51437691681818,76.51437691681818,76.51437691681818,0.48912012577056885
MMDpt_dc_ae_l10_gmedian,dc_ae,down_blocks.3.0,median,400,76.5471795409091,76.5471795409091,76.5471795409091,0.5316872596740723
MMDpt_dc_ae_l10_gmedian,dc_ae,down_blocks.3.0,median,401,76.59774437272728,76.59774437272728,76.59774437272728,0.5278804302215576
MMDpt_dc_ae_l10_gmedian,dc_ae,down_blocks.3.0,median,402,76.63823088636364,76.63823088636364,76.63823088636364,0.4093153476715088
MMDpt_dc_ae_l10_gmedian,dc_ae,down_blocks.3.0,median,403,76.64452179545455,76.64452179545455,76.64452179545455,0.5915431380271912
MMDpt_dc_ae_l10_gmedian,dc_ae,down_blocks.3.0,median,404,76.67493643727272,76.67493643727272,76.67493643727272,0.36628246307373047
MMDpt_dc_ae_l10_gmedian,dc_ae,down_blocks.3.0,median,405,76.67586082272727,76.67586082272727,76.67586082272727,0.6923946738243103
MMDpt_dc_ae_l10_gmedian,dc_ae,down_blocks.3.0,median,406,76.81212329090908,76.81212329090908,76.81212329090908,0.9014247059822083
MMDpt_dc_ae_l10_gmedian,dc_ae,down_blocks.3.0,median,407,76.90558185454546,76.90558185454546,76.90558185454546,0.6505127549171448
MMDpt_dc_ae_l10_gmedian,dc_ae,down_blocks.3.0,median,408,76.91644974545454,76.91644974545454,76.91644974545454,0.6793015599250793
MMDpt_dc_ae_l10_gmedian,dc_ae,down_blocks.3.0,median,409,76.98329391227273,76.98329391227273,76.98329391227273,0.4553319215774536
MMDpt_dc_ae_l10_gmedian,dc_ae,down_blocks.3.0,median,410,77.11547369545454,77.11547369545454,77.11547369545454,0.5116642713546753
MMDpt_dc_ae_l10_gmedian,dc_ae,down_blocks.3.0,median,411,77.14402031818182,77.14402031818182,77.14402031818182,0.4688115119934082
MMDpt_dc_ae_l10_gmedian,dc_ae,down_blocks.3.0,median,412,77.17084656363636,77.17084656363636,77.17084656363636,0.40703916549682617
MMDpt_dc_ae_l10_gmedian,dc_ae,down_blocks.3.0,median,413,77.25877326818183,77.25877326818183,77.25877326818183,0.7335329055786133
MMDpt_dc_ae_l10_gmedian,dc_ae,down_blocks.3.0,median,414,77.34552212272727,77.34552212272727,77.34552212272727,0.3849825859069824
MMDpt_dc_ae_l10_gmedian,dc_ae,down_blocks.3.0,median,415,77.52582683636363,77.52582683636363,77.52582683636363,0.4412658214569092
MMDpt_dc_ae_l10_gmedian,dc_ae,down_blocks.3.0,median,416,77.65479755863636,77.65479755863636,77.65479755863636,0.9559946060180664
MMDpt_dc_ae_l10_gmedian,dc_ae,down_blocks.3.0,median,417,77.69959142727272,77.69959142727272,77.69959142727272,0.5892611742019653
MMDpt_dc_ae_l10_gmedian,dc_ae,down_blocks.3.0,median,418,77.72501827727272,77.72501827727272,77.72501827727272,0.3293403387069702
MMDpt_dc_ae_l10_gmedian,dc_ae,down_blocks.3.0,median,419,77.83570625,77.83570625,77.83570625,0.7554483413696289
MMDpt_dc_ae_l10_gmedian,dc_ae,down_blocks.3.0,median,420,77.9733424409091,77.9733424409091,77.9733424409091,0.4998805522918701
MMDpt_dc_ae_l10_gmedian,dc_ae,down_blocks.3.0,median,421,78.0566007590909,78.0566007590909,78.0566007590909,0.4826488494873047
MMDpt_dc_ae_l10_gmedian,dc_ae,down_blocks.3.0,median,422,78.20425748181819,78.20425748181819,78.20425748181819,0.4639277458190918
MMDpt_dc_ae_l10_gmedian,dc_ae,down_blocks.3.0,median,423,78.23482706363636,78.23482706363636,78.23482706363636,0.43798089027404785
MMDpt_dc_ae_l10_gmedian,dc_ae,down_blocks.3.0,median,424,78.25971381363637,78.25971381363637,78.25971381363637,0.5376222133636475
MMDpt_dc_ae_l10_gmedian,dc_ae,down_blocks.3.0,median,425,78.3483194,78.3483194,78.3483194,0.38410937786102295
MMDpt_dc_ae_l10_gmedian,dc_ae,down_blocks.3.0,median,426,78.4185978909091,78.4185978909091,78.4185978909091,0.39089834690093994
MMDpt_dc_ae_l10_gmedian,dc_ae,down_blocks.3.0,median,427,78.53980069090909,78.53980069090909,78.53980069090909,0.5410802364349365
MMDpt_dc_ae_l10_gmedian,dc_ae,down_blocks.3.0,median,428,78.54177141363635,78.54177141363635,78.54177141363635,0.5028764009475708
MMDpt_dc_ae_l10_gmedian,dc_ae,down_blocks.3.0,median,429,78.57485005,78.57485005,78.57485005,0.4739440679550171
MMDpt_dc_ae_l10_gmedian,dc_ae,down_blocks.3.0,median,430,78.5853263609091,78.5853263609091,78.5853263609091,0.3897733688354492
MMDpt_dc_ae_l10_gmedian,dc_ae,down_blocks.3.0,median,431,78.61859467727272,78.61859467727272,78.61859467727272,0.6092090010643005
MMDpt_dc_ae_l10_gmedian,dc_ae,down_blocks.3.0,median,432,78.63007529545455,78.63007529545455,78.63007529545455,0.955736517906189
MMDpt_dc_ae_l10_gmedian,dc_ae,down_blocks.3.0,median,433,78.86957993181818,78.86957993181818,78.86957993181818,0.6922512054443359
MMDpt_dc_ae_l10_gmedian,dc_ae,down_blocks.3.0,median,434,79.22077921818182,79.22077921818182,79.22077921818182,0.4586588144302368
MMDpt_dc_ae_l10_gmedian,dc_ae,down_blocks.3.0,median,435,79.25695136818182,79.25695136818182,79.25695136818182,0.6037770509719849
MMDpt_dc_ae_l10_gmedian,dc_ae,down_blocks.3.0,median,436,79.28284742727273,79.28284742727273,79.28284742727273,0.5618890523910522
MMDpt_dc_ae_l10_gmedian,dc_ae,down_blocks.3.0,median,437,79.36729972727272,79.36729972727272,79.36729972727272,0.556236743927002
MMDpt_dc_ae_l10_gmedian,dc_ae,down_blocks.3.0,median,438,79.46781420454546,79.46781420454546,79.46781420454546,1.1526808738708496
MMDpt_dc_ae_l10_gmedian,dc_ae,down_blocks.3.0,median,439,79.51125251363636,79.51125251363636,79.51125251363636,0.5637829303741455
MMDpt_dc_ae_l10_gmedian,dc_ae,down_blocks.3.0,median,440,79.62850745318183,79.62850745318183,79.62850745318183,0.4420284032821655
MMDpt_dc_ae_l10_gmedian,dc_ae,down_blocks.3.0,median,441,79.6499864090909,79.6499864090909,79.6499864090909,0.4936497211456299
MMDpt_dc_ae_l10_gmedian,dc_ae,down_blocks.3.0,median,442,79.75645692727272,79.75645692727272,79.75645692727272,0.42186522483825684
MMDpt_dc_ae_l10_gmedian,dc_ae,down_blocks.3.0,median,443,79.91532173636364,79.91532173636364,79.91532173636364,0.5495260953903198
MMDpt_dc_ae_l10_gmedian,dc_ae,down_blocks.3.0,median,444,79.94757872272727,79.94757872272727,79.94757872272727,0.46177124977111816
MMDpt_dc_ae_l10_gmedian,dc_ae,down_blocks.3.0,median,445,80.02392345454545,80.02392345454545,80.02392345454545,0.5702208280563354
MMDpt_dc_ae_l10_gmedian,dc_ae,down_blocks.3.0,median,446,80.13685939999999,80.13685939999999,80.13685939999999,0.6328591108322144
MMDpt_dc_ae_l10_gmedian,dc_ae,down_blocks.3.0,median,447,80.28660759545454,80.28660759545454,80.28660759545454,0.7991085052490234
MMDpt_dc_ae_l10_gmedian,dc_ae,down_blocks.3.0,median,448,80.40461357272727,80.40461357272727,80.40461357272727,0.6843158006668091
MMDpt_dc_ae_l10_gmedian,dc_ae,down_blocks.3.0,median,449,80.43965011363636,80.43965011363636,80.43965011363636,0.7429748177528381
MMDpt_dc_ae_l10_gmedian,dc_ae,down_blocks.3.0,median,450,80.56802326363636,80.56802326363636,80.56802326363636,0.830146312713623
MMDpt_dc_ae_l10_gmedian,dc_ae,down_blocks.3.0,median,451,80.69563893636364,80.69563893636364,80.69563893636364,0.48825180530548096
MMDpt_dc_ae_l10_gmedian,dc_ae,down_blocks.3.0,median,452,80.83871870454546,80.83871870454546,80.83871870454546,0.8339046239852905
MMDpt_dc_ae_l10_gmedian,dc_ae,down_blocks.3.0,median,453,80.88731798181819,80.88731798181819,80.88731798181819,0.5425937175750732
MMDpt_dc_ae_l10_gmedian,dc_ae,down_blocks.3.0,median,454,80.98601989090909,80.98601989090909,80.98601989090909,0.6830791234970093
MMDpt_dc_ae_l10_gmedian,dc_ae,down_blocks.3.0,median,455,81.02786977272727,81.02786977272727,81.02786977272727,0.5587379932403564
MMDpt_dc_ae_l10_gmedian,dc_ae,down_blocks.3.0,median,456,81.46314962272727,81.46314962272727,81.46314962272727,0.6135900020599365
MMDpt_dc_ae_l10_gmedian,dc_ae,down_blocks.3.0,median,457,81.49191450454545,81.49191450454545,81.49191450454545,0.5461896657943726
MMDpt_dc_ae_l10_gmedian,dc_ae,down_blocks.3.0,median,458,81.53910919545454,81.53910919545454,81.53910919545454,0.41874754428863525
MMDpt_dc_ae_l10_gmedian,dc_ae,down_blocks.3.0,median,459,81.65584415909092,81.65584415909092,81.65584415909092,0.919933557510376
MMDpt_dc_ae_l10_gmedian,dc_ae,down_blocks.3.0,median,460,81.66778405000001,81.66778405000001,81.66778405000001,0.5620496273040771
MMDpt_dc_ae_l10_gmedian,dc_ae,down_blocks.3.0,median,461,82.0783984909091,82.0783984909091,82.0783984909091,0.755220890045166
MMDpt_dc_ae_l10_gmedian,dc_ae,down_blocks.3.0,median,462,82.11143467727273,82.11143467727273,82.11143467727273,0.4177587032318115
MMDpt_dc_ae_l10_gmedian,dc_ae,down_blocks.3.0,median,463,82.15394328181819,82.15394328181819,82.15394328181819,0.7015187740325928
MMDpt_dc_ae_l10_gmedian,dc_ae,down_blocks.3.0,median,464,82.87086985,82.87086985,82.87086985,0.5759387016296387
MMDpt_dc_ae_l10_gmedian,dc_ae,down_blocks.3.0,median,465,83.04785639090909,83.04785639090909,83.04785639090909,0.5202772617340088
MMDpt_dc_ae_l10_gmedian,dc_ae,down_blocks.3.0,median,466,83.2706767,83.2706767,83.2706767,0.46358513832092285
MMDpt_dc_ae_l10_gmedian,dc_ae,down_blocks.3.0,median,467,83.28013232272727,83.28013232272727,83.28013232272727,0.5995241403579712
MMDpt_dc_ae_l10_gmedian,dc_ae,down_blocks.3.0,median,468,83.32162666818182,83.32162666818182,83.32162666818182,0.3533759117126465
MMDpt_dc_ae_l10_gmedian,dc_ae,down_blocks.3.0,median,469,83.35334443181819,83.35334443181819,83.35334443181819,0.5579410791397095
MMDpt_dc_ae_l10_gmedian,dc_ae,down_blocks.3.0,median,470,83.45792123636365,83.45792123636365,83.45792123636365,0.465704083442688
MMDpt_dc_ae_l10_gmedian,dc_ae,down_blocks.3.0,median,471,84.18152392727274,84.18152392727274,84.18152392727274,0.46324384212493896
MMDpt_dc_ae_l10_gmedian,dc_ae,down_blocks.3.0,median,472,84.62887205909091,84.62887205909091,84.62887205909091,0.3947104215621948
MMDpt_dc_ae_l10_gmedian,dc_ae,down_blocks.3.0,median,473,85.11071750454545,85.11071750454545,85.11071750454545,0.3271491527557373
MMDpt_dc_ae_l10_gmedian,dc_ae,down_blocks.3.0,median,474,85.12217595454545,85.12217595454545,85.12217595454545,0.42740118503570557
MMDpt_dc_ae_l10_gmedian,dc_ae,down_blocks.3.0,median,475,85.54109655454546,85.54109655454546,85.54109655454546,0.45411205291748047
MMDpt_dc_ae_l10_gmedian,dc_ae,down_blocks.3.0,median,476,85.8163718359091,85.8163718359091,85.8163718359091,1.2202359437942505
MMDpt_dc_ae_l10_gmedian,dc_ae,down_blocks.3.0,median,477,86.0069106,86.0069106,86.0069106,0.99444979429245
MMDpt_dc_ae_l10_gmedian,dc_ae,down_blocks.3.0,median,478,86.07828567272726,86.07828567272726,86.07828567272726,0.5853185653686523
MMDpt_dc_ae_l10_gmedian,dc_ae,down_blocks.3.0,median,479,86.46879091363637,86.46879091363637,86.46879091363637,0.392004132270813
MMDpt_dc_ae_l10_gmedian,dc_ae,down_blocks.3.0,median,480,87.81027129545454,87.81027129545454,87.81027129545454,0.7970053553581238
MMDpt_dinov2_vitb14_l5_g1.00e-06,dinov2_vitb14,blocks.4,1.00e-06,1,10.383351573636363,10.383351573636363,10.383351573636363,0.48126256465911865
MMDpt_dinov2_vitb14_l5_g1.00e-06,dinov2_vitb14,blocks.4,1.00e-06,2,11.237612673636363,11.237612673636363,11.237612673636363,0.5662170648574829
MMDpt_dinov2_vitb14_l5_g1.00e-06,dinov2_vitb14,blocks.4,1.00e-06,3,12.873956289545454,12.873956289545454,12.873956289545454,0.6231671571731567
MMDpt_dinov2_vitb14_l5_g1.00e-06,dinov2_vitb14,blocks.4,1.00e-06,4,13.852077771363637,13.852077771363637,13.852077771363637,0.4034980535507202
MMDpt_dinov2_vitb14_l5_g1.00e-06,dinov2_vitb14,blocks.4,1.00e-06,5,14.772021149545454,14.772021149545454,14.772021149545454,0.3927408456802368
MMDpt_dinov2_vitb14_l5_g1.00e-06,dinov2_vitb14,blocks.4,1.00e-06,6,15.774696462272727,15.774696462272727,15.774696462272727,0.8239396810531616
MMDpt_dinov2_vitb14_l5_g1.00e-06,dinov2_vitb14,blocks.4,1.00e-06,7,16.11136225,16.11136225,16.11136225,0.6449052095413208
MMDpt_dinov2_vitb14_l5_g1.00e-06,dinov2_vitb14,blocks.4,1.00e-06,8,16.718538883636366,16.718538883636366,16.718538883636366,0.3997776508331299
MMDpt_dinov2_vitb14_l5_g1.00e-06,dinov2_vitb14,blocks.4,1.00e-06,9,16.83383592,16.83383592,16.83383592,0.3472689390182495
MMDpt_dinov2_vitb14_l5_g1.00e-06,dinov2_vitb14,blocks.4,1.00e-06,10,16.977602550909094,16.977602550909094,16.977602550909094,0.3596898317337036
MMDpt_dinov2_vitb14_l5_g1.00e-06,dinov2_vitb14,blocks.4,1.00e-06,11,17.128398308636363,17.128398308636363,17.128398308636363,0.42982780933380127
MMDpt_dinov2_vitb14_l5_g1.00e-06,dinov2_vitb14,blocks.4,1.00e-06,12,17.49981897681818,17.49981897681818,17.49981897681818,0.4187527894973755
MMDpt_dinov2_vitb14_l5_g1.00e-06,dinov2_vitb14,blocks.4,1.00e-06,13,18.01987185318182,18.01987185318182,18.01987185318182,0.4258002042770386
MMDpt_dinov2_vitb14_l5_g1.00e-06,dinov2_vitb14,blocks.4,1.00e-06,14,18.22368484818182,18.22368484818182,18.22368484818182,0.5371893644332886
MMDpt_dinov2_vitb14_l5_g1.00e-06,dinov2_vitb14,blocks.4,1.00e-06,15,18.40435578590909,18.40435578590909,18.40435578590909,0.4349021911621094
MMDpt_dinov2_vitb14_l5_g1.00e-06,dinov2_vitb14,blocks.4,1.00e-06,16,18.964998386363636,18.964998386363636,18.964998386363636,0.44585323333740234
MMDpt_dinov2_vitb14_l5_g1.00e-06,dinov2_vitb14,blocks.4,1.00e-06,17,19.531784013636365,19.531784013636365,19.531784013636365,0.37004053592681885
MMDpt_dinov2_vitb14_l5_g1.00e-06,dinov2_vitb14,blocks.4,1.00e-06,18,21.457911477272727,21.457911477272727,21.457911477272727,0.4356940984725952
MMDpt_dinov2_vitb14_l5_g1.00e-06,dinov2_vitb14,blocks.4,1.00e-06,19,22.164942098181818,22.164942098181818,22.164942098181818,0.4354950189590454
MMDpt_dinov2_vitb14_l5_g1.00e-06,dinov2_vitb14,blocks.4,1.00e-06,20,22.207954510454545,22.207954510454545,22.207954510454545,0.6293758749961853
MMDpt_dinov2_vitb14_l5_g1.00e-06,dinov2_vitb14,blocks.4,1.00e-06,21,22.336504287727273,22.336504287727273,22.336504287727273,0.3562939167022705
MMDpt_dinov2_vitb14_l5_g1.00e-06,dinov2_vitb14,blocks.4,1.00e-06,22,22.775860404545455,22.775860404545455,22.775860404545455,0.44869327545166016
MMDpt_dinov2_vitb14_l5_g1.00e-06,dinov2_vitb14,blocks.4,1.00e-06,23,23.03693973772727,23.03693973772727,23.03693973772727,0.3802405595779419
MMDpt_dinov2_vitb14_l5_g1.00e-06,dinov2_vitb14,blocks.4,1.00e-06,24,23.073138160909092,23.073138160909092,23.073138160909092,0.4195786714553833
MMDpt_dinov2_vitb14_l5_g1.00e-06,dinov2_vitb14,blocks.4,1.00e-06,25,23.859046570909094,23.859046570909094,23.859046570909094,0.5787992477416992
MMDpt_dinov2_vitb14_l5_g1.00e-06,dinov2_vitb14,blocks.4,1.00e-06,26,24.108436355454547,24.108436355454547,24.108436355454547,0.3759099245071411
MMDpt_dinov2_vitb14_l5_g1.00e-06,dinov2_vitb14,blocks.4,1.00e-06,27,24.136628927727273,24.136628927727273,24.136628927727273,0.45585787296295166
MMDpt_dinov2_vitb14_l5_g1.00e-06,dinov2_vitb14,blocks.4,1.00e-06,28,24.706419758636365,24.706419758636365,24.706419758636365,0.5044785737991333
MMDpt_dinov2_vitb14_l5_g1.00e-06,dinov2_vitb14,blocks.4,1.00e-06,29,25.160939161363636,25.160939161363636,25.160939161363636,0.4730663299560547
MMDpt_dinov2_vitb14_l5_g1.00e-06,dinov2_vitb14,blocks.4,1.00e-06,30,25.272293834545454,25.272293834545454,25.272293834545454,0.3174765110015869
MMDpt_dinov2_vitb14_l5_g1.00e-06,dinov2_vitb14,blocks.4,1.00e-06,31,25.739496508636364,25.739496508636364,25.739496508636364,0.45167815685272217
MMDpt_dinov2_vitb14_l5_g1.00e-06,dinov2_vitb14,blocks.4,1.00e-06,32,26.08368123090909,26.08368123090909,26.08368123090909,0.4351317882537842
MMDpt_dinov2_vitb14_l5_g1.00e-06,dinov2_vitb14,blocks.4,1.00e-06,33,26.26193154681818,26.26193154681818,26.26193154681818,0.39170968532562256
MMDpt_dinov2_vitb14_l5_g1.00e-06,dinov2_vitb14,blocks.4,1.00e-06,34,26.29922768272727,26.29922768272727,26.29922768272727,0.422743558883667
MMDpt_dinov2_vitb14_l5_g1.00e-06,dinov2_vitb14,blocks.4,1.00e-06,35,26.647243233181822,26.647243233181822,26.647243233181822,0.6613098382949829
MMDpt_dinov2_vitb14_l5_g1.00e-06,dinov2_vitb14,blocks.4,1.00e-06,36,26.80277036,26.80277036,26.80277036,0.3555722236633301
MMDpt_dinov2_vitb14_l5_g1.00e-06,dinov2_vitb14,blocks.4,1.00e-06,37,27.710613355454544,27.710613355454544,27.710613355454544,0.5645668506622314
MMDpt_dinov2_vitb14_l5_g1.00e-06,dinov2_vitb14,blocks.4,1.00e-06,38,27.723830698181818,27.723830698181818,27.723830698181818,0.4152548313140869
MMDpt_dinov2_vitb14_l5_g1.00e-06,dinov2_vitb14,blocks.4,1.00e-06,39,27.94224735681818,27.94224735681818,27.94224735681818,0.4351520538330078
MMDpt_dinov2_vitb14_l5_g1.00e-06,dinov2_vitb14,blocks.4,1.00e-06,40,28.008295531363636,28.008295531363636,28.008295531363636,0.4691671133041382
MMDpt_dinov2_vitb14_l5_g1.00e-06,dinov2_vitb14,blocks.4,1.00e-06,41,28.427649107272728,28.427649107272728,28.427649107272728,0.4332113265991211
MMDpt_dinov2_vitb14_l5_g1.00e-06,dinov2_vitb14,blocks.4,1.00e-06,42,28.610673086363636,28.610673086363636,28.610673086363636,0.5034754276275635
MMDpt_dinov2_vitb14_l5_g1.00e-06,dinov2_vitb14,blocks.4,1.00e-06,43,28.864666542727274,28.864666542727274,28.864666542727274,0.5258469581604004
MMDpt_dinov2_vitb14_l5_g1.00e-06,dinov2_vitb14,blocks.4,1.00e-06,44,28.872480873181818,28.872480873181818,28.872480873181818,0.40891706943511963
MMDpt_dinov2_vitb14_l5_g1.00e-06,dinov2_vitb14,blocks.4,1.00e-06,45,29.867093540909092,29.867093540909092,29.867093540909092,0.8364754915237427
MMDpt_dinov2_vitb14_l5_g1.00e-06,dinov2_vitb14,blocks.4,1.00e-06,46,30.946254809545454,30.946254809545454,30.946254809545454,0.4621344804763794
MMDpt_dinov2_vitb14_l5_g1.00e-06,dinov2_vitb14,blocks.4,1.00e-06,47,31.113843444545456,31.113843444545456,31.113843444545456,0.43567395210266113
MMDpt_dinov2_vitb14_l5_g1.00e-06,dinov2_vitb14,blocks.4,1.00e-06,48,31.75240744409091,31.75240744409091,31.75240744409091,0.41644835472106934
MMDpt_dinov2_vitb14_l5_g1.00e-06,dinov2_vitb14,blocks.4,1.00e-06,49,31.962474827272725,31.962474827272725,31.962474827272725,0.336372971534729
MMDpt_dinov2_vitb14_l5_g1.00e-06,dinov2_vitb14,blocks.4,1.00e-06,50,32.10326235227273,32.10326235227273,32.10326235227273,0.41968393325805664
MMDpt_dinov2_vitb14_l5_g1.00e-06,dinov2_vitb14,blocks.4,1.00e-06,51,32.57260997909091,32.57260997909091,32.57260997909091,0.4220360517501831
MMDpt_dinov2_vitb14_l5_g1.00e-06,dinov2_vitb14,blocks.4,1.00e-06,52,33.29309288772727,33.29309288772727,33.29309288772727,0.3221544027328491
MMDpt_dinov2_vitb14_l5_g1.00e-06,dinov2_vitb14,blocks.4,1.00e-06,53,33.63066458409091,33.63066458409091,33.63066458409091,0.4762294292449951
MMDpt_dinov2_vitb14_l5_g1.00e-06,dinov2_vitb14,blocks.4,1.00e-06,54,33.94931614045454,33.94931614045454,33.94931614045454,0.42535877227783203
MMDpt_dinov2_vitb14_l5_g1.00e-06,dinov2_vitb14,blocks.4,1.00e-06,55,34.254768114545456,34.254768114545456,34.254768114545456,0.4462777376174927
MMDpt_dinov2_vitb14_l5_g1.00e-06,dinov2_vitb14,blocks.4,1.00e-06,56,35.01583384090909,35.01583384090909,35.01583384090909,0.49810683727264404
MMDpt_dinov2_vitb14_l5_g1.00e-06,dinov2_vitb14,blocks.4,1.00e-06,57,35.61844186090909,35.61844186090909,35.61844186090909,0.4077260494232178
MMDpt_dinov2_vitb14_l5_g1.00e-06,dinov2_vitb14,blocks.4,1.00e-06,58,36.50372615909091,36.50372615909091,36.50372615909091,0.5064144134521484
MMDpt_dinov2_vitb14_l5_g1.00e-06,dinov2_vitb14,blocks.4,1.00e-06,59,36.74721518909091,36.74721518909091,36.74721518909091,0.45788609981536865
MMDpt_dinov2_vitb14_l5_g1.00e-06,dinov2_vitb14,blocks.4,1.00e-06,60,37.183868766818186,37.183868766818186,37.183868766818186,0.48663902282714844
MMDpt_dinov2_vitb14_l5_g1.00e-06,dinov2_vitb14,blocks.4,1.00e-06,61,37.586910895,37.586910895,37.586910895,0.3904571533203125
MMDpt_dinov2_vitb14_l5_g1.00e-06,dinov2_vitb14,blocks.4,1.00e-06,62,37.90925234181818,37.90925234181818,37.90925234181818,0.39370131492614746
MMDpt_dinov2_vitb14_l5_g1.00e-06,dinov2_vitb14,blocks.4,1.00e-06,63,39.159607152727276,39.159607152727276,39.159607152727276,0.46658265590667725
MMDpt_dinov2_vitb14_l5_g1.00e-06,dinov2_vitb14,blocks.4,1.00e-06,64,39.16116855045455,39.16116855045455,39.16116855045455,0.5590119361877441
MMDpt_dinov2_vitb14_l5_g1.00e-06,dinov2_vitb14,blocks.4,1.00e-06,65,39.50363207727273,39.50363207727273,39.50363207727273,0.4495590925216675
MMDpt_dinov2_vitb14_l5_g1.00e-06,dinov2_vitb14,blocks.4,1.00e-06,66,39.72578294681818,39.72578294681818,39.72578294681818,0.37038707733154297
MMDpt_dinov2_vitb14_l5_g1.00e-06,dinov2_vitb14,blocks.4,1.00e-06,67,40.10658689318182,40.10658689318182,40.10658689318182,0.4628523588180542
MMDpt_dinov2_vitb14_l5_g1.00e-06,dinov2_vitb14,blocks.4,1.00e-06,68,40.511631334545456,40.511631334545456,40.511631334545456,0.4146549701690674
MMDpt_dinov2_vitb14_l5_g1.00e-06,dinov2_vitb14,blocks.4,1.00e-06,69,41.22542756590909,41.22542756590909,41.22542756590909,0.4796351194381714
MMDpt_dinov2_vitb14_l5_g1.00e-06,dinov2_vitb14,blocks.4,1.00e-06,70,41.450596035,41.450596035,41.450596035,0.37756049633026123
MMDpt_dinov2_vitb14_l5_g1.00e-06,dinov2_vitb14,blocks.4,1.00e-06,71,41.606778884545456,41.606778884545456,41.606778884545456,0.3350870609283447
MMDpt_dinov2_vitb14_l5_g1.00e-06,dinov2_vitb14,blocks.4,1.00e-06,72,41.74143011090909,41.74143011090909,41.74143011090909,0.40264058113098145
MMDpt_dinov2_vitb14_l5_g1.00e-06,dinov2_vitb14,blocks.4,1.00e-06,73,42.27668356454546,42.27668356454546,42.27668356454546,0.4214186668395996
MMDpt_dinov2_vitb14_l5_g1.00e-06,dinov2_vitb14,blocks.4,1.00e-06,74,42.349748590454546,42.349748590454546,42.349748590454546,0.44705235958099365
MMDpt_dinov2_vitb14_l5_g1.00e-06,dinov2_vitb14,blocks.4,1.00e-06,75,42.93479045136364,42.93479045136364,42.93479045136364,0.523250937461853
MMDpt_dinov2_vitb14_l5_g1.00e-06,dinov2_vitb14,blocks.4,1.00e-06,76,42.999259720454546,42.999259720454546,42.999259720454546,0.44648194313049316
MMDpt_dinov2_vitb14_l5_g1.00e-06,dinov2_vitb14,blocks.4,1.00e-06,77,43.14833512181818,43.14833512181818,43.14833512181818,0.486050009727478
MMDpt_dinov2_vitb14_l5_g1.00e-06,dinov2_vitb14,blocks.4,1.00e-06,78,43.849900354999995,43.849900354999995,43.849900354999995,0.418148398399353
MMDpt_dinov2_vitb14_l5_g1.00e-06,dinov2_vitb14,blocks.4,1.00e-06,79,44.24228326,44.24228326,44.24228326,0.3587590456008911
MMDpt_dinov2_vitb14_l5_g1.00e-06,dinov2_vitb14,blocks.4,1.00e-06,80,44.68483293727273,44.68483293727273,44.68483293727273,0.46102678775787354
MMDpt_dinov2_vitb14_l5_g1.00e-06,dinov2_vitb14,blocks.4,1.00e-06,81,45.014271393181815,45.014271393181815,45.014271393181815,0.3449596166610718
MMDpt_dinov2_vitb14_l5_g1.00e-06,dinov2_vitb14,blocks.4,1.00e-06,82,45.044897863636365,45.044897863636365,45.044897863636365,0.6414996981620789
MMDpt_dinov2_vitb14_l5_g1.00e-06,dinov2_vitb14,blocks.4,1.00e-06,83,45.242849799999995,45.242849799999995,45.242849799999995,0.3849529027938843
MMDpt_dinov2_vitb14_l5_g1.00e-06,dinov2_vitb14,blocks.4,1.00e-06,84,45.34376912590909,45.34376912590909,45.34376912590909,0.41748595237731934
MMDpt_dinov2_vitb14_l5_g1.00e-06,dinov2_vitb14,blocks.4,1.00e-06,85,45.44974382363636,45.44974382363636,45.44974382363636,0.42586803436279297
MMDpt_dinov2_vitb14_l5_g1.00e-06,dinov2_vitb14,blocks.4,1.00e-06,86,45.87703164136364,45.87703164136364,45.87703164136364,0.3749336004257202
MMDpt_dinov2_vitb14_l5_g1.00e-06,dinov2_vitb14,blocks.4,1.00e-06,87,46.05975058136364,46.05975058136364,46.05975058136364,0.46936702728271484
MMDpt_dinov2_vitb14_l5_g1.00e-06,dinov2_vitb14,blocks.4,1.00e-06,88,46.3385215,46.3385215,46.3385215,0.6350383162498474
MMDpt_dinov2_vitb14_l5_g1.00e-06,dinov2_vitb14,blocks.4,1.00e-06,89,46.461104443636366,46.461104443636366,46.461104443636366,0.4152793884277344
MMDpt_dinov2_vitb14_l5_g1.00e-06,dinov2_vitb14,blocks.4,1.00e-06,90,46.55172569545454,46.55172569545454,46.55172569545454,0.4582318067550659
MMDpt_dinov2_vitb14_l5_g1.00e-06,dinov2_vitb14,blocks.4,1.00e-06,91,46.63784059272727,46.63784059272727,46.63784059272727,0.3364640474319458
MMDpt_dinov2_vitb14_l5_g1.00e-06,dinov2_vitb14,blocks.4,1.00e-06,92,46.92503363227272,46.92503363227272,46.92503363227272,0.43277716636657715
MMDpt_dinov2_vitb14_l5_g1.00e-06,dinov2_vitb14,blocks.4,1.00e-06,93,46.98420985,46.98420985,46.98420985,0.38213908672332764
MMDpt_dinov2_vitb14_l5_g1.00e-06,dinov2_vitb14,blocks.4,1.00e-06,94,47.05894020545455,47.05894020545455,47.05894020545455,0.37549805641174316
MMDpt_dinov2_vitb14_l5_g1.00e-06,dinov2_vitb14,blocks.4,1.00e-06,95,47.18393024863636,47.18393024863636,47.18393024863636,0.6357101202011108
MMDpt_dinov2_vitb14_l5_g1.00e-06,dinov2_vitb14,blocks.4,1.00e-06,96,47.45620903181818,47.45620903181818,47.45620903181818,0.3817131519317627
MMDpt_dinov2_vitb14_l5_g1.00e-06,dinov2_vitb14,blocks.4,1.00e-06,97,47.57944400681818,47.57944400681818,47.57944400681818,0.4191015958786011
MMDpt_dinov2_vitb14_l5_g1.00e-06,dinov2_vitb14,blocks.4,1.00e-06,98,47.68605184090909,47.68605184090909,47.68605184090909,0.2923349142074585
MMDpt_dinov2_vitb14_l5_g1.00e-06,dinov2_vitb14,blocks.4,1.00e-06,99,47.85413733318182,47.85413733318182,47.85413733318182,0.5482429265975952
MMDpt_dinov2_vitb14_l5_g1.00e-06,dinov2_vitb14,blocks.4,1.00e-06,100,47.997159330454544,47.997159330454544,47.997159330454544,0.3621251583099365
MMDpt_dinov2_vitb14_l5_g1.00e-06,dinov2_vitb14,blocks.4,1.00e-06,101,48.745656067727275,48.745656067727275,48.745656067727275,0.4045591354370117
MMDpt_dinov2_vitb14_l5_g1.00e-06,dinov2_vitb14,blocks.4,1.00e-06,102,48.974869975454546,48.974869975454546,48.974869975454546,0.3666270971298218
MMDpt_dinov2_vitb14_l5_g1.00e-06,dinov2_vitb14,blocks.4,1.00e-06,103,49.269933079999994,49.269933079999994,49.269933079999994,0.47145962715148926
MMDpt_dinov2_vitb14_l5_g1.00e-06,dinov2_vitb14,blocks.4,1.00e-06,104,49.50143869090909,49.50143869090909,49.50143869090909,0.3700648546218872
MMDpt_dinov2_vitb14_l5_g1.00e-06,dinov2_vitb14,blocks.4,1.00e-06,105,50.02686477227273,50.02686477227273,50.02686477227273,0.43536412715911865
MMDpt_dinov2_vitb14_l5_g1.00e-06,dinov2_vitb14,blocks.4,1.00e-06,106,50.24467801363637,50.24467801363637,50.24467801363637,0.43739795684814453
MMDpt_dinov2_vitb14_l5_g1.00e-06,dinov2_vitb14,blocks.4,1.00e-06,107,50.26601576545454,50.26601576545454,50.26601576545454,0.4496891498565674
MMDpt_dinov2_vitb14_l5_g1.00e-06,dinov2_vitb14,blocks.4,1.00e-06,108,50.287720933636365,50.287720933636365,50.287720933636365,0.4673426151275635
MMDpt_dinov2_vitb14_l5_g1.00e-06,dinov2_vitb14,blocks.4,1.00e-06,109,50.397065763181814,50.397065763181814,50.397065763181814,0.529894232749939
MMDpt_dinov2_vitb14_l5_g1.00e-06,dinov2_vitb14,blocks.4,1.00e-06,110,50.44004938636363,50.44004938636363,50.44004938636363,0.609887957572937
MMDpt_dinov2_vitb14_l5_g1.00e-06,dinov2_vitb14,blocks.4,1.00e-06,111,50.53053583909091,50.53053583909091,50.53053583909091,0.3317149877548218
MMDpt_dinov2_vitb14_l5_g1.00e-06,dinov2_vitb14,blocks.4,1.00e-06,112,50.744067415454545,50.744067415454545,50.744067415454545,0.34684181213378906
MMDpt_dinov2_vitb14_l5_g1.00e-06,dinov2_vitb14,blocks.4,1.00e-06,113,50.877768575909094,50.877768575909094,50.877768575909094,0.3751053810119629
MMDpt_dinov2_vitb14_l5_g1.00e-06,dinov2_vitb14,blocks.4,1.00e-06,114,50.952142585000004,50.952142585000004,50.952142585000004,0.4408003091812134
MMDpt_dinov2_vitb14_l5_g1.00e-06,dinov2_vitb14,blocks.4,1.00e-06,115,51.255980857727266,51.255980857727266,51.255980857727266,0.4955524206161499
MMDpt_dinov2_vitb14_l5_g1.00e-06,dinov2_vitb14,blocks.4,1.00e-06,116,51.47010300409091,51.47010300409091,51.47010300409091,0.4233548641204834
MMDpt_dinov2_vitb14_l5_g1.00e-06,dinov2_vitb14,blocks.4,1.00e-06,117,51.48649149727273,51.48649149727273,51.48649149727273,0.4401036500930786
MMDpt_dinov2_vitb14_l5_g1.00e-06,dinov2_vitb14,blocks.4,1.00e-06,118,51.49088870772727,51.49088870772727,51.49088870772727,0.420444130897522
MMDpt_dinov2_vitb14_l5_g1.00e-06,dinov2_vitb14,blocks.4,1.00e-06,119,51.669473619090915,51.669473619090915,51.669473619090915,0.4922149181365967
MMDpt_dinov2_vitb14_l5_g1.00e-06,dinov2_vitb14,blocks.4,1.00e-06,120,51.78909724363636,51.78909724363636,51.78909724363636,0.6408296227455139
MMDpt_dinov2_vitb14_l5_g1.00e-06,dinov2_vitb14,blocks.4,1.00e-06,121,51.85205774272727,51.85205774272727,51.85205774272727,0.3500406742095947
MMDpt_dinov2_vitb14_l5_g1.00e-06,dinov2_vitb14,blocks.4,1.00e-06,122,51.87800455454545,51.87800455454545,51.87800455454545,0.7765370011329651
MMDpt_dinov2_vitb14_l5_g1.00e-06,dinov2_vitb14,blocks.4,1.00e-06,123,51.92553946363636,51.92553946363636,51.92553946363636,0.5453963279724121
MMDpt_dinov2_vitb14_l5_g1.00e-06,dinov2_vitb14,blocks.4,1.00e-06,124,52.00039339090909,52.00039339090909,52.00039339090909,0.40136611461639404
MMDpt_dinov2_vitb14_l5_g1.00e-06,dinov2_vitb14,blocks.4,1.00e-06,125,52.126720309090906,52.126720309090906,52.126720309090906,0.3917430639266968
MMDpt_dinov2_vitb14_l5_g1.00e-06,dinov2_vitb14,blocks.4,1.00e-06,126,52.30133809090909,52.30133809090909,52.30133809090909,0.3847508430480957
MMDpt_dinov2_vitb14_l5_g1.00e-06,dinov2_vitb14,blocks.4,1.00e-06,127,52.82782977227273,52.82782977227273,52.82782977227273,0.4142266511917114
MMDpt_dinov2_vitb14_l5_g1.00e-06,dinov2_vitb14,blocks.4,1.00e-06,128,52.94948191,52.94948191,52.94948191,0.39431023597717285
MMDpt_dinov2_vitb14_l5_g1.00e-06,dinov2_vitb14,blocks.4,1.00e-06,129,52.977303153181815,52.977303153181815,52.977303153181815,0.4965258836746216
MMDpt_dinov2_vitb14_l5_g1.00e-06,dinov2_vitb14,blocks.4,1.00e-06,130,53.02329102272727,53.02329102272727,53.02329102272727,0.5859414339065552
MMDpt_dinov2_vitb14_l5_g1.00e-06,dinov2_vitb14,blocks.4,1.00e-06,131,53.11169118954546,53.11169118954546,53.11169118954546,0.4217747449874878
MMDpt_dinov2_vitb14_l5_g1.00e-06,dinov2_vitb14,blocks.4,1.00e-06,132,53.15595768772727,53.15595768772727,53.15595768772727,0.392753005027771
MMDpt_dinov2_vitb14_l5_g1.00e-06,dinov2_vitb14,blocks.4,1.00e-06,133,53.19575964181818,53.19575964181818,53.19575964181818,0.4147341251373291
MMDpt_dinov2_vitb14_l5_g1.00e-06,dinov2_vitb14,blocks.4,1.00e-06,134,53.738266159999995,53.738266159999995,53.738266159999995,0.5188702344894409
MMDpt_dinov2_vitb14_l5_g1.00e-06,dinov2_vitb14,blocks.4,1.00e-06,135,54.35688324090909,54.35688324090909,54.35688324090909,0.44402003288269043
MMDpt_dinov2_vitb14_l5_g1.00e-06,dinov2_vitb14,blocks.4,1.00e-06,136,54.43010616227273,54.43010616227273,54.43010616227273,0.4753763675689697
MMDpt_dinov2_vitb14_l5_g1.00e-06,dinov2_vitb14,blocks.4,1.00e-06,137,54.51598353272727,54.51598353272727,54.51598353272727,0.5110218524932861
MMDpt_dinov2_vitb14_l5_g1.00e-06,dinov2_vitb14,blocks.4,1.00e-06,138,54.63723127590909,54.63723127590909,54.63723127590909,0.4184107780456543
MMDpt_dinov2_vitb14_l5_g1.00e-06,dinov2_vitb14,blocks.4,1.00e-06,139,54.68535675181818,54.68535675181818,54.68535675181818,0.44225192070007324
MMDpt_dinov2_vitb14_l5_g1.00e-06,dinov2_vitb14,blocks.4,1.00e-06,140,54.72388539863636,54.72388539863636,54.72388539863636,0.4582003355026245
MMDpt_dinov2_vitb14_l5_g1.00e-06,dinov2_vitb14,blocks.4,1.00e-06,141,55.23867115454546,55.23867115454546,55.23867115454546,0.44033873081207275
MMDpt_dinov2_vitb14_l5_g1.00e-06,dinov2_vitb14,blocks.4,1.00e-06,142,55.2775563909091,55.2775563909091,55.2775563909091,0.5371285676956177
MMDpt_dinov2_vitb14_l5_g1.00e-06,dinov2_vitb14,blocks.4,1.00e-06,143,55.699695931818184,55.699695931818184,55.699695931818184,0.4469742774963379
MMDpt_dinov2_vitb14_l5_g1.00e-06,dinov2_vitb14,blocks.4,1.00e-06,144,55.80372709545455,55.80372709545455,55.80372709545455,0.504381537437439
MMDpt_dinov2_vitb14_l5_g1.00e-06,dinov2_vitb14,blocks.4,1.00e-06,145,55.82518654818182,55.82518654818182,55.82518654818182,0.5647220611572266
MMDpt_dinov2_vitb14_l5_g1.00e-06,dinov2_vitb14,blocks.4,1.00e-06,146,56.236087309090905,56.236087309090905,56.236087309090905,0.4445585012435913
MMDpt_dinov2_vitb14_l5_g1.00e-06,dinov2_vitb14,blocks.4,1.00e-06,147,56.34353036818182,56.34353036818182,56.34353036818182,0.4182056188583374
MMDpt_dinov2_vitb14_l5_g1.00e-06,dinov2_vitb14,blocks.4,1.00e-06,148,56.343846956363635,56.343846956363635,56.343846956363635,0.552422285079956
MMDpt_dinov2_vitb14_l5_g1.00e-06,dinov2_vitb14,blocks.4,1.00e-06,149,56.418747340909086,56.418747340909086,56.418747340909086,0.3679084777832031
MMDpt_dinov2_vitb14_l5_g1.00e-06,dinov2_vitb14,blocks.4,1.00e-06,150,56.4284854,56.4284854,56.4284854,0.6654768586158752
MMDpt_dinov2_vitb14_l5_g1.00e-06,dinov2_vitb14,blocks.4,1.00e-06,151,56.43083487727272,56.43083487727272,56.43083487727272,0.47308242321014404
MMDpt_dinov2_vitb14_l5_g1.00e-06,dinov2_vitb14,blocks.4,1.00e-06,152,56.73676582727273,56.73676582727273,56.73676582727273,0.6434691548347473
MMDpt_dinov2_vitb14_l5_g1.00e-06,dinov2_vitb14,blocks.4,1.00e-06,153,56.80215198181818,56.80215198181818,56.80215198181818,0.8121297955513
MMDpt_dinov2_vitb14_l5_g1.00e-06,dinov2_vitb14,blocks.4,1.00e-06,154,56.838491672272724,56.838491672272724,56.838491672272724,0.3842785358428955
MMDpt_dinov2_vitb14_l5_g1.00e-06,dinov2_vitb14,blocks.4,1.00e-06,155,56.87784920000001,56.87784920000001,56.87784920000001,0.5002645254135132
MMDpt_dinov2_vitb14_l5_g1.00e-06,dinov2_vitb14,blocks.4,1.00e-06,156,56.88495511818182,56.88495511818182,56.88495511818182,0.47026968002319336
MMDpt_dinov2_vitb14_l5_g1.00e-06,dinov2_vitb14,blocks.4,1.00e-06,157,56.89427865,56.89427865,56.89427865,0.38301217555999756
MMDpt_dinov2_vitb14_l5_g1.00e-06,dinov2_vitb14,blocks.4,1.00e-06,158,57.014437336363635,57.014437336363635,57.014437336363635,0.45506560802459717
MMDpt_dinov2_vitb14_l5_g1.00e-06,dinov2_vitb14,blocks.4,1.00e-06,159,57.01605029863636,57.01605029863636,57.01605029863636,0.515394926071167
MMDpt_dinov2_vitb14_l5_g1.00e-06,dinov2_vitb14,blocks.4,1.00e-06,160,57.06027285454545,57.06027285454545,57.06027285454545,0.38819420337677
MMDpt_dinov2_vitb14_l5_g1.00e-06,dinov2_vitb14,blocks.4,1.00e-06,161,57.08577673045454,57.08577673045454,57.08577673045454,0.5202484130859375
MMDpt_dinov2_vitb14_l5_g1.00e-06,dinov2_vitb14,blocks.4,1.00e-06,162,57.165035822727276,57.165035822727276,57.165035822727276,0.698032021522522
MMDpt_dinov2_vitb14_l5_g1.00e-06,dinov2_vitb14,blocks.4,1.00e-06,163,57.30280682363637,57.30280682363637,57.30280682363637,0.4419518709182739
MMDpt_dinov2_vitb14_l5_g1.00e-06,dinov2_vitb14,blocks.4,1.00e-06,164,57.552973348181816,57.552973348181816,57.552973348181816,0.40557098388671875
MMDpt_dinov2_vitb14_l5_g1.00e-06,dinov2_vitb14,blocks.4,1.00e-06,165,57.715692645,57.715692645,57.715692645,0.43538475036621094
MMDpt_dinov2_vitb14_l5_g1.00e-06,dinov2_vitb14,blocks.4,1.00e-06,166,57.94736867727273,57.94736867727273,57.94736867727273,0.44573700428009033
MMDpt_dinov2_vitb14_l5_g1.00e-06,dinov2_vitb14,blocks.4,1.00e-06,167,58.01582408181818,58.01582408181818,58.01582408181818,0.501357913017273
MMDpt_dinov2_vitb14_l5_g1.00e-06,dinov2_vitb14,blocks.4,1.00e-06,168,58.14704098045454,58.14704098045454,58.14704098045454,0.5030941963195801
MMDpt_dinov2_vitb14_l5_g1.00e-06,dinov2_vitb14,blocks.4,1.00e-06,169,58.40466673181818,58.40466673181818,58.40466673181818,0.5171204805374146
MMDpt_dinov2_vitb14_l5_g1.00e-06,dinov2_vitb14,blocks.4,1.00e-06,170,58.48494007,58.48494007,58.48494007,0.38927018642425537
MMDpt_dinov2_vitb14_l5_g1.00e-06,dinov2_vitb14,blocks.4,1.00e-06,171,58.90741873181818,58.90741873181818,58.90741873181818,0.4130518436431885
MMDpt_dinov2_vitb14_l5_g1.00e-06,dinov2_vitb14,blocks.4,1.00e-06,172,58.92814133636364,58.92814133636364,58.92814133636364,0.4512835741043091
MMDpt_dinov2_vitb14_l5_g1.00e-06,dinov2_vitb14,blocks.4,1.00e-06,173,58.959711454090915,58.959711454090915,58.959711454090915,0.38738930225372314
MMDpt_dinov2_vitb14_l5_g1.00e-06,dinov2_vitb14,blocks.4,1.00e-06,174,59.080638213636355,59.080638213636355,59.080638213636355,0.49322354793548584
MMDpt_dinov2_vitb14_l5_g1.00e-06,dinov2_vitb14,blocks.4,1.00e-06,175,59.15176404636364,59.15176404636364,59.15176404636364,0.39217591285705566
MMDpt_dinov2_vitb14_l5_g1.00e-06,dinov2_vitb14,blocks.4,1.00e-06,176,59.165360129545455,59.165360129545455,59.165360129545455,0.37188732624053955
MMDpt_dinov2_vitb14_l5_g1.00e-06,dinov2_vitb14,blocks.4,1.00e-06,177,59.343238913181814,59.343238913181814,59.343238913181814,0.369640588760376
MMDpt_dinov2_vitb14_l5_g1.00e-06,dinov2_vitb14,blocks.4,1.00e-06,178,59.52943686818182,59.52943686818182,59.52943686818182,0.6342883110046387
MMDpt_dinov2_vitb14_l5_g1.00e-06,dinov2_vitb14,blocks.4,1.00e-06,179,59.53394987363636,59.53394987363636,59.53394987363636,0.6394128203392029
MMDpt_dinov2_vitb14_l5_g1.00e-06,dinov2_vitb14,blocks.4,1.00e-06,180,59.61907620909091,59.61907620909091,59.61907620909091,0.4977238178253174
MMDpt_dinov2_vitb14_l5_g1.00e-06,dinov2_vitb14,blocks.4,1.00e-06,181,59.64024705,59.64024705,59.64024705,0.5162743330001831
MMDpt_dinov2_vitb14_l5_g1.00e-06,dinov2_vitb14,blocks.4,1.00e-06,182,59.81487126545455,59.81487126545455,59.81487126545455,0.49563097953796387
MMDpt_dinov2_vitb14_l5_g1.00e-06,dinov2_vitb14,blocks.4,1.00e-06,183,59.821444613636366,59.821444613636366,59.821444613636366,0.505742073059082
MMDpt_dinov2_vitb14_l5_g1.00e-06,dinov2_vitb14,blocks.4,1.00e-06,184,59.82249576181818,59.82249576181818,59.82249576181818,0.5377669334411621
MMDpt_dinov2_vitb14_l5_g1.00e-06,dinov2_vitb14,blocks.4,1.00e-06,185,60.13491826227273,60.13491826227273,60.13491826227273,0.6214377284049988
MMDpt_dinov2_vitb14_l5_g1.00e-06,dinov2_vitb14,blocks.4,1.00e-06,186,60.66603184545455,60.66603184545455,60.66603184545455,0.43744468688964844
MMDpt_dinov2_vitb14_l5_g1.00e-06,dinov2_vitb14,blocks.4,1.00e-06,187,60.91525143409091,60.91525143409091,60.91525143409091,0.6045743823051453
MMDpt_dinov2_vitb14_l5_g1.00e-06,dinov2_vitb14,blocks.4,1.00e-06,188,60.98922430909091,60.98922430909091,60.98922430909091,0.4238576889038086
MMDpt_dinov2_vitb14_l5_g1.00e-06,dinov2_vitb14,blocks.4,1.00e-06,189,61.15445065909091,61.15445065909091,61.15445065909091,0.3911856412887573
MMDpt_dinov2_vitb14_l5_g1.00e-06,dinov2_vitb14,blocks.4,1.00e-06,190,61.257236485,61.257236485,61.257236485,0.47983288764953613
MMDpt_dinov2_vitb14_l5_g1.00e-06,dinov2_vitb14,blocks.4,1.00e-06,191,61.38288141818182,61.38288141818182,61.38288141818182,0.45716118812561035
MMDpt_dinov2_vitb14_l5_g1.00e-06,dinov2_vitb14,blocks.4,1.00e-06,192,61.41676890772727,61.41676890772727,61.41676890772727,0.3603341579437256
MMDpt_dinov2_vitb14_l5_g1.00e-06,dinov2_vitb14,blocks.4,1.00e-06,193,61.450913154545454,61.450913154545454,61.450913154545454,0.572284460067749
MMDpt_dinov2_vitb14_l5_g1.00e-06,dinov2_vitb14,blocks.4,1.00e-06,194,61.557454278181815,61.557454278181815,61.557454278181815,0.4292600154876709
MMDpt_dinov2_vitb14_l5_g1.00e-06,dinov2_vitb14,blocks.4,1.00e-06,195,61.612018317727276,61.612018317727276,61.612018317727276,0.3964434862136841
MMDpt_dinov2_vitb14_l5_g1.00e-06,dinov2_vitb14,blocks.4,1.00e-06,196,61.66026577136363,61.66026577136363,61.66026577136363,0.4598156213760376
MMDpt_dinov2_vitb14_l5_g1.00e-06,dinov2_vitb14,blocks.4,1.00e-06,197,61.784896459090916,61.784896459090916,61.784896459090916,0.5642327070236206
MMDpt_dinov2_vitb14_l5_g1.00e-06,dinov2_vitb14,blocks.4,1.00e-06,198,61.80260090454545,61.80260090454545,61.80260090454545,0.44597160816192627
MMDpt_dinov2_vitb14_l5_g1.00e-06,dinov2_vitb14,blocks.4,1.00e-06,199,62.04634134636364,62.04634134636364,62.04634134636364,0.48672521114349365
MMDpt_dinov2_vitb14_l5_g1.00e-06,dinov2_vitb14,blocks.4,1.00e-06,200,62.140166177272725,62.140166177272725,62.140166177272725,0.48619234561920166
MMDpt_dinov2_vitb14_l5_g1.00e-06,dinov2_vitb14,blocks.4,1.00e-06,201,62.30800517363637,62.30800517363637,62.30800517363637,0.6130427122116089
MMDpt_dinov2_vitb14_l5_g1.00e-06,dinov2_vitb14,blocks.4,1.00e-06,202,62.48285368636363,62.48285368636363,62.48285368636363,0.46581268310546875
MMDpt_dinov2_vitb14_l5_g1.00e-06,dinov2_vitb14,blocks.4,1.00e-06,203,62.50087945,62.50087945,62.50087945,0.5113027095794678
MMDpt_dinov2_vitb14_l5_g1.00e-06,dinov2_vitb14,blocks.4,1.00e-06,204,62.515273900000004,62.515273900000004,62.515273900000004,0.3597118854522705
MMDpt_dinov2_vitb14_l5_g1.00e-06,dinov2_vitb14,blocks.4,1.00e-06,205,62.56153540454545,62.56153540454545,62.56153540454545,0.36096417903900146
MMDpt_dinov2_vitb14_l5_g1.00e-06,dinov2_vitb14,blocks.4,1.00e-06,206,62.62842450590909,62.62842450590909,62.62842450590909,0.5547980070114136
MMDpt_dinov2_vitb14_l5_g1.00e-06,dinov2_vitb14,blocks.4,1.00e-06,207,62.64787497272727,62.64787497272727,62.64787497272727,0.4780780076980591
MMDpt_dinov2_vitb14_l5_g1.00e-06,dinov2_vitb14,blocks.4,1.00e-06,208,62.80573838590909,62.80573838590909,62.80573838590909,0.5048534870147705
MMDpt_dinov2_vitb14_l5_g1.00e-06,dinov2_vitb14,blocks.4,1.00e-06,209,62.831736559090906,62.831736559090906,62.831736559090906,0.40970706939697266
MMDpt_dinov2_vitb14_l5_g1.00e-06,dinov2_vitb14,blocks.4,1.00e-06,210,63.033077886363635,63.033077886363635,63.033077886363635,0.7284553647041321
MMDpt_dinov2_vitb14_l5_g1.00e-06,dinov2_vitb14,blocks.4,1.00e-06,211,63.2958711590909,63.2958711590909,63.2958711590909,0.6455099582672119
MMDpt_dinov2_vitb14_l5_g1.00e-06,dinov2_vitb14,blocks.4,1.00e-06,212,63.30556153181818,63.30556153181818,63.30556153181818,0.6803655624389648
MMDpt_dinov2_vitb14_l5_g1.00e-06,dinov2_vitb14,blocks.4,1.00e-06,213,63.451246159090914,63.451246159090914,63.451246159090914,0.5506477355957031
MMDpt_dinov2_vitb14_l5_g1.00e-06,dinov2_vitb14,blocks.4,1.00e-06,214,63.51674641363636,63.51674641363636,63.51674641363636,0.4633479118347168
MMDpt_dinov2_vitb14_l5_g1.00e-06,dinov2_vitb14,blocks.4,1.00e-06,215,63.52993807136364,63.52993807136364,63.52993807136364,0.4308239221572876
MMDpt_dinov2_vitb14_l5_g1.00e-06,dinov2_vitb14,blocks.4,1.00e-06,216,63.601648069090906,63.601648069090906,63.601648069090906,0.43811488151550293
MMDpt_dinov2_vitb14_l5_g1.00e-06,dinov2_vitb14,blocks.4,1.00e-06,217,63.632569839545454,63.632569839545454,63.632569839545454,0.7156558036804199
MMDpt_dinov2_vitb14_l5_g1.00e-06,dinov2_vitb14,blocks.4,1.00e-06,218,63.65115097727273,63.65115097727273,63.65115097727273,0.6031842231750488
MMDpt_dinov2_vitb14_l5_g1.00e-06,dinov2_vitb14,blocks.4,1.00e-06,219,63.71100458181818,63.71100458181818,63.71100458181818,0.3951551914215088
MMDpt_dinov2_vitb14_l5_g1.00e-06,dinov2_vitb14,blocks.4,1.00e-06,220,63.89873966363636,63.89873966363636,63.89873966363636,0.3911423683166504
MMDpt_dinov2_vitb14_l5_g1.00e-06,dinov2_vitb14,blocks.4,1.00e-06,221,63.92419218818182,63.92419218818182,63.92419218818182,0.3009192943572998
MMDpt_dinov2_vitb14_l5_g1.00e-06,dinov2_vitb14,blocks.4,1.00e-06,222,63.96103896818182,63.96103896818182,63.96103896818182,0.5505387783050537
MMDpt_dinov2_vitb14_l5_g1.00e-06,dinov2_vitb14,blocks.4,1.00e-06,223,63.99746849090909,63.99746849090909,63.99746849090909,0.5666195154190063
MMDpt_dinov2_vitb14_l5_g1.00e-06,dinov2_vitb14,blocks.4,1.00e-06,224,64.02118780454545,64.02118780454545,64.02118780454545,0.6257287859916687
MMDpt_dinov2_vitb14_l5_g1.00e-06,dinov2_vitb14,blocks.4,1.00e-06,225,64.02835174090909,64.02835174090909,64.02835174090909,0.3727377653121948
MMDpt_dinov2_vitb14_l5_g1.00e-06,dinov2_vitb14,blocks.4,1.00e-06,226,64.1043883409091,64.1043883409091,64.1043883409091,0.520074725151062
MMDpt_dinov2_vitb14_l5_g1.00e-06,dinov2_vitb14,blocks.4,1.00e-06,227,64.15682117727273,64.15682117727273,64.15682117727273,0.3704500198364258
MMDpt_dinov2_vitb14_l5_g1.00e-06,dinov2_vitb14,blocks.4,1.00e-06,228,64.23845857272727,64.23845857272727,64.23845857272727,0.5004703998565674
MMDpt_dinov2_vitb14_l5_g1.00e-06,dinov2_vitb14,blocks.4,1.00e-06,229,64.25370258636363,64.25370258636363,64.25370258636363,0.45462584495544434
MMDpt_dinov2_vitb14_l5_g1.00e-06,dinov2_vitb14,blocks.4,1.00e-06,230,64.32671434181817,64.32671434181817,64.32671434181817,0.4425398111343384
MMDpt_dinov2_vitb14_l5_g1.00e-06,dinov2_vitb14,blocks.4,1.00e-06,231,64.40631527727272,64.40631527727272,64.40631527727272,0.5126397609710693
MMDpt_dinov2_vitb14_l5_g1.00e-06,dinov2_vitb14,blocks.4,1.00e-06,232,64.56676404090909,64.56676404090909,64.56676404090909,0.7117766737937927
MMDpt_dinov2_vitb14_l5_g1.00e-06,dinov2_vitb14,blocks.4,1.00e-06,233,64.70266141363636,64.70266141363636,64.70266141363636,0.5607194900512695
MMDpt_dinov2_vitb14_l5_g1.00e-06,dinov2_vitb14,blocks.4,1.00e-06,234,64.83579067045456,64.83579067045456,64.83579067045456,0.4634746313095093
MMDpt_dinov2_vitb14_l5_g1.00e-06,dinov2_vitb14,blocks.4,1.00e-06,235,64.88276691590909,64.88276691590909,64.88276691590909,0.679837167263031
MMDpt_dinov2_vitb14_l5_g1.00e-06,dinov2_vitb14,blocks.4,1.00e-06,236,64.91428311818181,64.91428311818181,64.91428311818181,0.4341820478439331
MMDpt_dinov2_vitb14_l5_g1.00e-06,dinov2_vitb14,blocks.4,1.00e-06,237,64.99876317727272,64.99876317727272,64.99876317727272,0.5823048949241638
MMDpt_dinov2_vitb14_l5_g1.00e-06,dinov2_vitb14,blocks.4,1.00e-06,238,65.11283459954545,65.11283459954545,65.11283459954545,0.500731348991394
MMDpt_dinov2_vitb14_l5_g1.00e-06,dinov2_vitb14,blocks.4,1.00e-06,239,65.12859398045454,65.12859398045454,65.12859398045454,0.44435739517211914
MMDpt_dinov2_vitb14_l5_g1.00e-06,dinov2_vitb14,blocks.4,1.00e-06,240,65.15700578272727,65.15700578272727,65.15700578272727,0.5383588075637817
MMDpt_dinov2_vitb14_l5_g1.00e-06,dinov2_vitb14,blocks.4,1.00e-06,241,65.26560826818182,65.26560826818182,65.26560826818182,0.5201164484024048
MMDpt_dinov2_vitb14_l5_g1.00e-06,dinov2_vitb14,blocks.4,1.00e-06,242,65.49862164545455,65.49862164545455,65.49862164545455,0.4327472448348999
MMDpt_dinov2_vitb14_l5_g1.00e-06,dinov2_vitb14,blocks.4,1.00e-06,243,65.58085287863636,65.58085287863636,65.58085287863636,0.3841615915298462
MMDpt_dinov2_vitb14_l5_g1.00e-06,dinov2_vitb14,blocks.4,1.00e-06,244,65.74797291818182,65.74797291818182,65.74797291818182,0.3817107677459717
MMDpt_dinov2_vitb14_l5_g1.00e-06,dinov2_vitb14,blocks.4,1.00e-06,245,65.77319434545456,65.77319434545456,65.77319434545456,0.5440785884857178
MMDpt_dinov2_vitb14_l5_g1.00e-06,dinov2_vitb14,blocks.4,1.00e-06,246,65.79643795909091,65.79643795909091,65.79643795909091,0.3910343647003174
MMDpt_dinov2_vitb14_l5_g1.00e-06,dinov2_vitb14,blocks.4,1.00e-06,247,65.90152255454545,65.90152255454545,65.90152255454545,0.469368577003479
MMDpt_dinov2_vitb14_l5_g1.00e-06,dinov2_vitb14,blocks.4,1.00e-06,248,66.06104215454546,66.06104215454546,66.06104215454546,0.4009246826171875
MMDpt_dinov2_vitb14_l5_g1.00e-06,dinov2_vitb14,blocks.4,1.00e-06,249,66.34667021363636,66.34667021363636,66.34667021363636,0.48184430599212646
MMDpt_dinov2_vitb14_l5_g1.00e-06,dinov2_vitb14,blocks.4,1.00e-06,250,66.41367993636364,66.41367993636364,66.41367993636364,0.5289661884307861
MMDpt_dinov2_vitb14_l5_g1.00e-06,dinov2_vitb14,blocks.4,1.00e-06,251,66.49486482500001,66.49486482500001,66.49486482500001,0.5060067176818848
MMDpt_dinov2_vitb14_l5_g1.00e-06,dinov2_vitb14,blocks.4,1.00e-06,252,66.57540134545455,66.57540134545455,66.57540134545455,0.395139217376709
MMDpt_dinov2_vitb14_l5_g1.00e-06,dinov2_vitb14,blocks.4,1.00e-06,253,66.64770191772728,66.64770191772728,66.64770191772728,0.6311809420585632
MMDpt_dinov2_vitb14_l5_g1.00e-06,dinov2_vitb14,blocks.4,1.00e-06,254,66.69631712272727,66.69631712272727,66.69631712272727,0.4872361421585083
MMDpt_dinov2_vitb14_l5_g1.00e-06,dinov2_vitb14,blocks.4,1.00e-06,255,66.69915260454546,66.69915260454546,66.69915260454546,0.6079104542732239
MMDpt_dinov2_vitb14_l5_g1.00e-06,dinov2_vitb14,blocks.4,1.00e-06,256,66.84640655909091,66.84640655909091,66.84640655909091,0.5287357568740845
MMDpt_dinov2_vitb14_l5_g1.00e-06,dinov2_vitb14,blocks.4,1.00e-06,257,66.92138232272727,66.92138232272727,66.92138232272727,0.39135026931762695
MMDpt_dinov2_vitb14_l5_g1.00e-06,dinov2_vitb14,blocks.4,1.00e-06,258,67.1600262,67.1600262,67.1600262,0.352614164352417
MMDpt_dinov2_vitb14_l5_g1.00e-06,dinov2_vitb14,blocks.4,1.00e-06,259,67.24224864545455,67.24224864545455,67.24224864545455,0.5434507131576538
MMDpt_dinov2_vitb14_l5_g1.00e-06,dinov2_vitb14,blocks.4,1.00e-06,260,67.33497136227273,67.33497136227273,67.33497136227273,1.0361793041229248
MMDpt_dinov2_vitb14_l5_g1.00e-06,dinov2_vitb14,blocks.4,1.00e-06,261,67.50431248636363,67.50431248636363,67.50431248636363,0.5439965724945068
MMDpt_dinov2_vitb14_l5_g1.00e-06,dinov2_vitb14,blocks.4,1.00e-06,262,67.65232870272727,67.65232870272727,67.65232870272727,0.5557903051376343
MMDpt_dinov2_vitb14_l5_g1.00e-06,dinov2_vitb14,blocks.4,1.00e-06,263,67.78208407272727,67.78208407272727,67.78208407272727,0.3887007236480713
MMDpt_dinov2_vitb14_l5_g1.00e-06,dinov2_vitb14,blocks.4,1.00e-06,264,67.84529925,67.84529925,67.84529925,0.44991767406463623
MMDpt_dinov2_vitb14_l5_g1.00e-06,dinov2_vitb14,blocks.4,1.00e-06,265,67.89158320909091,67.89158320909091,67.89158320909091,0.520400881767273
MMDpt_dinov2_vitb14_l5_g1.00e-06,dinov2_vitb14,blocks.4,1.00e-06,266,67.98637594090908,67.98637594090908,67.98637594090908,0.5648859739303589
MMDpt_dinov2_vitb14_l5_g1.00e-06,dinov2_vitb14,blocks.4,1.00e-06,267,68.0851692090909,68.0851692090909,68.0851692090909,0.4323784112930298
MMDpt_dinov2_vitb14_l5_g1.00e-06,dinov2_vitb14,blocks.4,1.00e-06,268,68.12695885,68.12695885,68.12695885,0.4454460144042969
MMDpt_dinov2_vitb14_l5_g1.00e-06,dinov2_vitb14,blocks.4,1.00e-06,269,68.2302839,68.2302839,68.2302839,0.6244956254959106
MMDpt_dinov2_vitb14_l5_g1.00e-06,dinov2_vitb14,blocks.4,1.00e-06,270,68.23565684545454,68.23565684545454,68.23565684545454,0.4851723909378052
MMDpt_dinov2_vitb14_l5_g1.00e-06,dinov2_vitb14,blocks.4,1.00e-06,271,68.26595938409092,68.26595938409092,68.26595938409092,0.46819639205932617
MMDpt_dinov2_vitb14_l5_g1.00e-06,dinov2_vitb14,blocks.4,1.00e-06,272,68.27114585318182,68.27114585318182,68.27114585318182,0.4919857978820801
MMDpt_dinov2_vitb14_l5_g1.00e-06,dinov2_vitb14,blocks.4,1.00e-06,273,68.32032611363637,68.32032611363637,68.32032611363637,0.4327723979949951
MMDpt_dinov2_vitb14_l5_g1.00e-06,dinov2_vitb14,blocks.4,1.00e-06,274,68.38830778636363,68.38830778636363,68.38830778636363,0.5480245351791382
MMDpt_dinov2_vitb14_l5_g1.00e-06,dinov2_vitb14,blocks.4,1.00e-06,275,68.41746199090909,68.41746199090909,68.41746199090909,0.4035712480545044
MMDpt_dinov2_vitb14_l5_g1.00e-06,dinov2_vitb14,blocks.4,1.00e-06,276,68.46063733181818,68.46063733181818,68.46063733181818,0.48945605754852295
MMDpt_dinov2_vitb14_l5_g1.00e-06,dinov2_vitb14,blocks.4,1.00e-06,277,68.46664887727273,68.46664887727273,68.46664887727273,0.4299722909927368
MMDpt_dinov2_vitb14_l5_g1.00e-06,dinov2_vitb14,blocks.4,1.00e-06,278,68.47213741363636,68.47213741363636,68.47213741363636,0.7114046812057495
MMDpt_dinov2_vitb14_l5_g1.00e-06,dinov2_vitb14,blocks.4,1.00e-06,279,68.93374281227273,68.93374281227273,68.93374281227273,0.38409388065338135
MMDpt_dinov2_vitb14_l5_g1.00e-06,dinov2_vitb14,blocks.4,1.00e-06,280,69.04567613727274,69.04567613727274,69.04567613727274,0.5123063325881958
MMDpt_dinov2_vitb14_l5_g1.00e-06,dinov2_vitb14,blocks.4,1.00e-06,281,69.05974111818182,69.05974111818182,69.05974111818182,0.502501368522644
MMDpt_dinov2_vitb14_l5_g1.00e-06,dinov2_vitb14,blocks.4,1.00e-06,282,69.09219679545454,69.09219679545454,69.09219679545454,0.5136334896087646
MMDpt_dinov2_vitb14_l5_g1.00e-06,dinov2_vitb14,blocks.4,1.00e-06,283,69.09712682727273,69.09712682727273,69.09712682727273,0.4268360137939453
MMDpt_dinov2_vitb14_l5_g1.00e-06,dinov2_vitb14,blocks.4,1.00e-06,284,69.10091421363637,69.10091421363637,69.10091421363637,0.3702651262283325
MMDpt_dinov2_vitb14_l5_g1.00e-06,dinov2_vitb14,blocks.4,1.00e-06,285,69.10780212727273,69.10780212727273,69.10780212727273,0.4112778902053833
MMDpt_dinov2_vitb14_l5_g1.00e-06,dinov2_vitb14,blocks.4,1.00e-06,286,69.12065298636364,69.12065298636364,69.12065298636364,0.564195990562439
MMDpt_dinov2_vitb14_l5_g1.00e-06,dinov2_vitb14,blocks.4,1.00e-06,287,69.18059698636364,69.18059698636364,69.18059698636364,0.45825231075286865
MMDpt_dinov2_vitb14_l5_g1.00e-06,dinov2_vitb14,blocks.4,1.00e-06,288,69.23367816363636,69.23367816363636,69.23367816363636,0.6002056002616882
MMDpt_dinov2_vitb14_l5_g1.00e-06,dinov2_vitb14,blocks.4,1.00e-06,289,69.2644266,69.2644266,69.2644266,0.516420841217041
MMDpt_dinov2_vitb14_l5_g1.00e-06,dinov2_vitb14,blocks.4,1.00e-06,290,69.35791935818182,69.35791935818182,69.35791935818182,0.41795670986175537
MMDpt_dinov2_vitb14_l5_g1.00e-06,dinov2_vitb14,blocks.4,1.00e-06,291,69.61843814545455,69.61843814545455,69.61843814545455,0.5000280141830444
MMDpt_dinov2_vitb14_l5_g1.00e-06,dinov2_vitb14,blocks.4,1.00e-06,292,69.80519480454545,69.80519480454545,69.80519480454545,0.5363485813140869
MMDpt_dinov2_vitb14_l5_g1.00e-06,dinov2_vitb14,blocks.4,1.00e-06,293,69.8553488,69.8553488,69.8553488,0.6229902505874634
MMDpt_dinov2_vitb14_l5_g1.00e-06,dinov2_vitb14,blocks.4,1.00e-06,294,69.88728480909091,69.88728480909091,69.88728480909091,0.7752832770347595
MMDpt_dinov2_vitb14_l5_g1.00e-06,dinov2_vitb14,blocks.4,1.00e-06,295,69.97248817863637,69.97248817863637,69.97248817863637,0.5519728660583496
MMDpt_dinov2_vitb14_l5_g1.00e-06,dinov2_vitb14,blocks.4,1.00e-06,296,70.05721009181819,70.05721009181819,70.05721009181819,0.41183269023895264
MMDpt_dinov2_vitb14_l5_g1.00e-06,dinov2_vitb14,blocks.4,1.00e-06,297,70.14929492727272,70.14929492727272,70.14929492727272,0.457810640335083
MMDpt_dinov2_vitb14_l5_g1.00e-06,dinov2_vitb14,blocks.4,1.00e-06,298,70.15787111818182,70.15787111818182,70.15787111818182,0.48451530933380127
MMDpt_dinov2_vitb14_l5_g1.00e-06,dinov2_vitb14,blocks.4,1.00e-06,299,70.16147875909091,70.16147875909091,70.16147875909091,0.5410804748535156
MMDpt_dinov2_vitb14_l5_g1.00e-06,dinov2_vitb14,blocks.4,1.00e-06,300,70.20511073181818,70.20511073181818,70.20511073181818,0.579893946647644
MMDpt_dinov2_vitb14_l5_g1.00e-06,dinov2_vitb14,blocks.4,1.00e-06,301,70.32331571818182,70.32331571818182,70.32331571818182,0.4215545654296875
MMDpt_dinov2_vitb14_l5_g1.00e-06,dinov2_vitb14,blocks.4,1.00e-06,302,70.37705808636363,70.37705808636363,70.37705808636363,0.5687578320503235
MMDpt_dinov2_vitb14_l5_g1.00e-06,dinov2_vitb14,blocks.4,1.00e-06,303,70.399005675,70.399005675,70.399005675,0.4305450916290283
MMDpt_dinov2_vitb14_l5_g1.00e-06,dinov2_vitb14,blocks.4,1.00e-06,304,70.50181075318181,70.50181075318181,70.50181075318181,0.48092591762542725
MMDpt_dinov2_vitb14_l5_g1.00e-06,dinov2_vitb14,blocks.4,1.00e-06,305,70.6102672090909,70.6102672090909,70.6102672090909,0.5404361486434937
MMDpt_dinov2_vitb14_l5_g1.00e-06,dinov2_vitb14,blocks.4,1.00e-06,306,70.7436578590909,70.7436578590909,70.7436578590909,0.5812221765518188
MMDpt_dinov2_vitb14_l5_g1.00e-06,dinov2_vitb14,blocks.4,1.00e-06,307,70.83137117272727,70.83137117272727,70.83137117272727,0.6436286568641663
MMDpt_dinov2_vitb14_l5_g1.00e-06,dinov2_vitb14,blocks.4,1.00e-06,308,70.8352099,70.8352099,70.8352099,0.4011673927307129
MMDpt_dinov2_vitb14_l5_g1.00e-06,dinov2_vitb14,blocks.4,1.00e-06,309,70.84563281363636,70.84563281363636,70.84563281363636,0.4627326726913452
MMDpt_dinov2_vitb14_l5_g1.00e-06,dinov2_vitb14,blocks.4,1.00e-06,310,70.86294127272727,70.86294127272727,70.86294127272727,0.43096745014190674
MMDpt_dinov2_vitb14_l5_g1.00e-06,dinov2_vitb14,blocks.4,1.00e-06,311,70.88488886772727,70.88488886772727,70.88488886772727,0.37960970401763916
MMDpt_dinov2_vitb14_l5_g1.00e-06,dinov2_vitb14,blocks.4,1.00e-06,312,70.94146290454545,70.94146290454545,70.94146290454545,0.3386944532394409
MMDpt_dinov2_vitb14_l5_g1.00e-06,dinov2_vitb14,blocks.4,1.00e-06,313,71.03486937272727,71.03486937272727,71.03486937272727,0.5924286246299744
MMDpt_dinov2_vitb14_l5_g1.00e-06,dinov2_vitb14,blocks.4,1.00e-06,314,71.06114357272727,71.06114357272727,71.06114357272727,0.4243929386138916
MMDpt_dinov2_vitb14_l5_g1.00e-06,dinov2_vitb14,blocks.4,1.00e-06,315,71.16676672727273,71.16676672727273,71.16676672727273,0.6428934931755066
MMDpt_dinov2_vitb14_l5_g1.00e-06,dinov2_vitb14,blocks.4,1.00e-06,316,71.17873871818182,71.17873871818182,71.17873871818182,0.4413759708404541
MMDpt_dinov2_vitb14_l5_g1.00e-06,dinov2_vitb14,blocks.4,1.00e-06,317,71.2066498259091,71.2066498259091,71.2066498259091,0.41848206520080566
MMDpt_dinov2_vitb14_l5_g1.00e-06,dinov2_vitb14,blocks.4,1.00e-06,318,71.25545576818182,71.25545576818182,71.25545576818182,0.5738158226013184
MMDpt_dinov2_vitb14_l5_g1.00e-06,dinov2_vitb14,blocks.4,1.00e-06,319,71.3174982909091,71.3174982909091,71.3174982909091,0.46726787090301514
MMDpt_dinov2_vitb14_l5_g1.00e-06,dinov2_vitb14,blocks.4,1.00e-06,320,71.36296618181818,71.36296618181818,71.36296618181818,0.437235951423645
MMDpt_dinov2_vitb14_l5_g1.00e-06,dinov2_vitb14,blocks.4,1.00e-06,321,71.46931471818182,71.46931471818182,71.46931471818182,0.5807445645332336
MMDpt_dinov2_vitb14_l5_g1.00e-06,dinov2_vitb14,blocks.4,1.00e-06,322,71.72297334090909,71.72297334090909,71.72297334090909,0.45706725120544434
MMDpt_dinov2_vitb14_l5_g1.00e-06,dinov2_vitb14,blocks.4,1.00e-06,323,71.90808025909091,71.90808025909091,71.90808025909091,0.4519270658493042
MMDpt_dinov2_vitb14_l5_g1.00e-06,dinov2_vitb14,blocks.4,1.00e-06,324,71.99829709090909,71.99829709090909,71.99829709090909,0.428497314453125
MMDpt_dinov2_vitb14_l5_g1.00e-06,dinov2_vitb14,blocks.4,1.00e-06,325,72.09644175681818,72.09644175681818,72.09644175681818,0.47446930408477783
MMDpt_dinov2_vitb14_l5_g1.00e-06,dinov2_vitb14,blocks.4,1.00e-06,326,72.15469048045455,72.15469048045455,72.15469048045455,0.5483360290527344
MMDpt_dinov2_vitb14_l5_g1.00e-06,dinov2_vitb14,blocks.4,1.00e-06,327,72.16259906363636,72.16259906363636,72.16259906363636,0.49380290508270264
MMDpt_dinov2_vitb14_l5_g1.00e-06,dinov2_vitb14,blocks.4,1.00e-06,328,72.25012620454545,72.25012620454545,72.25012620454545,0.42883920669555664
MMDpt_dinov2_vitb14_l5_g1.00e-06,dinov2_vitb14,blocks.4,1.00e-06,329,72.32991709090909,72.32991709090909,72.32991709090909,0.5099729299545288
MMDpt_dinov2_vitb14_l5_g1.00e-06,dinov2_vitb14,blocks.4,1.00e-06,330,72.3529890590909,72.3529890590909,72.3529890590909,0.41835761070251465
MMDpt_dinov2_vitb14_l5_g1.00e-06,dinov2_vitb14,blocks.4,1.00e-06,331,72.35690482818183,72.35690482818183,72.35690482818183,0.44212496280670166
MMDpt_dinov2_vitb14_l5_g1.00e-06,dinov2_vitb14,blocks.4,1.00e-06,332,72.45495321363636,72.45495321363636,72.45495321363636,0.5350545644760132
MMDpt_dinov2_vitb14_l5_g1.00e-06,dinov2_vitb14,blocks.4,1.00e-06,333,72.62635492727273,72.62635492727273,72.62635492727273,0.42862558364868164
MMDpt_dinov2_vitb14_l5_g1.00e-06,dinov2_vitb14,blocks.4,1.00e-06,334,72.63195748181819,72.63195748181819,72.63195748181819,0.41044771671295166
MMDpt_dinov2_vitb14_l5_g1.00e-06,dinov2_vitb14,blocks.4,1.00e-06,335,72.83995069636363,72.83995069636363,72.83995069636363,0.43178319931030273
MMDpt_dinov2_vitb14_l5_g1.00e-06,dinov2_vitb14,blocks.4,1.00e-06,336,72.89617321363636,72.89617321363636,72.89617321363636,0.4198586940765381
MMDpt_dinov2_vitb14_l5_g1.00e-06,dinov2_vitb14,blocks.4,1.00e-06,337,73.03390340545455,73.03390340545455,73.03390340545455,0.5707096457481384
MMDpt_dinov2_vitb14_l5_g1.00e-06,dinov2_vitb14,blocks.4,1.00e-06,338,73.11911989545455,73.11911989545455,73.11911989545455,0.48003053665161133
MMDpt_dinov2_vitb14_l5_g1.00e-06,dinov2_vitb14,blocks.4,1.00e-06,339,73.13833258181818,73.13833258181818,73.13833258181818,0.37893402576446533
MMDpt_dinov2_vitb14_l5_g1.00e-06,dinov2_vitb14,blocks.4,1.00e-06,340,73.33471177272727,73.33471177272727,73.33471177272727,0.4012655019760132
MMDpt_dinov2_vitb14_l5_g1.00e-06,dinov2_vitb14,blocks.4,1.00e-06,341,73.33981687045456,73.33981687045456,73.33981687045456,0.407511830329895
MMDpt_dinov2_vitb14_l5_g1.00e-06,dinov2_vitb14,blocks.4,1.00e-06,342,73.39854528636364,73.39854528636364,73.39854528636364,0.4521522521972656
MMDpt_dinov2_vitb14_l5_g1.00e-06,dinov2_vitb14,blocks.4,1.00e-06,343,73.41015931818183,73.41015931818183,73.41015931818183,0.6018872261047363
MMDpt_dinov2_vitb14_l5_g1.00e-06,dinov2_vitb14,blocks.4,1.00e-06,344,73.44266513181819,73.44266513181819,73.44266513181819,0.5271435976028442
MMDpt_dinov2_vitb14_l5_g1.00e-06,dinov2_vitb14,blocks.4,1.00e-06,345,73.44619574090909,73.44619574090909,73.44619574090909,0.410015344619751
MMDpt_dinov2_vitb14_l5_g1.00e-06,dinov2_vitb14,blocks.4,1.00e-06,346,73.46868897499999,73.46868897499999,73.46868897499999,0.4989537000656128
MMDpt_dinov2_vitb14_l5_g1.00e-06,dinov2_vitb14,blocks.4,1.00e-06,347,73.50964273636363,73.50964273636363,73.50964273636363,0.478191614151001
MMDpt_dinov2_vitb14_l5_g1.00e-06,dinov2_vitb14,blocks.4,1.00e-06,348,73.53120189545454,73.53120189545454,73.53120189545454,0.7815825343132019
MMDpt_dinov2_vitb14_l5_g1.00e-06,dinov2_vitb14,blocks.4,1.00e-06,349,73.63946159545455,73.63946159545455,73.63946159545455,0.6787756681442261
MMDpt_dinov2_vitb14_l5_g1.00e-06,dinov2_vitb14,blocks.4,1.00e-06,350,73.76844457272728,73.76844457272728,73.76844457272728,0.4107511043548584
MMDpt_dinov2_vitb14_l5_g1.00e-06,dinov2_vitb14,blocks.4,1.00e-06,351,73.80118299272728,73.80118299272728,73.80118299272728,0.5426688194274902
MMDpt_dinov2_vitb14_l5_g1.00e-06,dinov2_vitb14,blocks.4,1.00e-06,352,73.90576145,73.90576145,73.90576145,0.730880856513977
MMDpt_dinov2_vitb14_l5_g1.00e-06,dinov2_vitb14,blocks.4,1.00e-06,353,73.96756481363637,73.96756481363637,73.96756481363637,0.4041743278503418
MMDpt_dinov2_vitb14_l5_g1.00e-06,dinov2_vitb14,blocks.4,1.00e-06,354,74.00717849454546,74.00717849454546,74.00717849454546,0.484576940536499
MMDpt_dinov2_vitb14_l5_g1.00e-06,dinov2_vitb14,blocks.4,1.00e-06,355,74.01135728181818,74.01135728181818,74.01135728181818,0.731845498085022
MMDpt_dinov2_vitb14_l5_g1.00e-06,dinov2_vitb14,blocks.4,1.00e-06,356,74.05095793636363,74.05095793636363,74.05095793636363,0.3951268196105957
MMDpt_dinov2_vitb14_l5_g1.00e-06,dinov2_vitb14,blocks.4,1.00e-06,357,74.05302495909092,74.05302495909092,74.05302495909092,0.3337559700012207
MMDpt_dinov2_vitb14_l5_g1.00e-06,dinov2_vitb14,blocks.4,1.00e-06,358,74.20412883636364,74.20412883636364,74.20412883636364,0.42192769050598145
MMDpt_dinov2_vitb14_l5_g1.00e-06,dinov2_vitb14,blocks.4,1.00e-06,359,74.32802774090909,74.32802774090909,74.32802774090909,0.6387702226638794
MMDpt_dinov2_vitb14_l5_g1.00e-06,dinov2_vitb14,blocks.4,1.00e-06,360,74.38583995454546,74.38583995454546,74.38583995454546,0.4508432149887085
MMDpt_dinov2_vitb14_l5_g1.00e-06,dinov2_vitb14,blocks.4,1.00e-06,361,74.46433656818182,74.46433656818182,74.46433656818182,0.3980787992477417
MMDpt_dinov2_vitb14_l5_g1.00e-06,dinov2_vitb14,blocks.4,1.00e-06,362,74.52572066363636,74.52572066363636,74.52572066363636,0.42059600353240967
MMDpt_dinov2_vitb14_l5_g1.00e-06,dinov2_vitb14,blocks.4,1.00e-06,363,74.86437946363637,74.86437946363637,74.86437946363637,0.7213554978370667
MMDpt_dinov2_vitb14_l5_g1.00e-06,dinov2_vitb14,blocks.4,1.00e-06,364,74.89747095909091,74.89747095909091,74.89747095909091,0.5915332436561584
MMDpt_dinov2_vitb14_l5_g1.00e-06,dinov2_vitb14,blocks.4,1.00e-06,365,74.9084351090909,74.9084351090909,74.9084351090909,0.4919857978820801
MMDpt_dinov2_vitb14_l5_g1.00e-06,dinov2_vitb14,blocks.4,1.00e-06,366,75.02020153181819,75.02020153181819,75.02020153181819,0.4238041639328003
MMDpt_dinov2_vitb14_l5_g1.00e-06,dinov2_vitb14,blocks.4,1.00e-06,367,75.04613550454546,75.04613550454546,75.04613550454546,0.419991135597229
MMDpt_dinov2_vitb14_l5_g1.00e-06,dinov2_vitb14,blocks.4,1.00e-06,368,75.04910765454545,75.04910765454545,75.04910765454545,0.48396480083465576
MMDpt_dinov2_vitb14_l5_g1.00e-06,dinov2_vitb14,blocks.4,1.00e-06,369,75.04911406363637,75.04911406363637,75.04911406363637,0.47194981575012207
MMDpt_dinov2_vitb14_l5_g1.00e-06,dinov2_vitb14,blocks.4,1.00e-06,370,75.14242499545455,75.14242499545455,75.14242499545455,0.4020425081253052
MMDpt_dinov2_vitb14_l5_g1.00e-06,dinov2_vitb14,blocks.4,1.00e-06,371,75.14524949545454,75.14524949545454,75.14524949545454,0.44847917556762695
MMDpt_dinov2_vitb14_l5_g1.00e-06,dinov2_vitb14,blocks.4,1.00e-06,372,75.21942449545455,75.21942449545455,75.21942449545455,0.4371534585952759
MMDpt_dinov2_vitb14_l5_g1.00e-06,dinov2_vitb14,blocks.4,1.00e-06,373,75.2494860690909,75.2494860690909,75.2494860690909,0.42822718620300293
MMDpt_dinov2_vitb14_l5_g1.00e-06,dinov2_vitb14,blocks.4,1.00e-06,374,75.29101026818182,75.29101026818182,75.29101026818182,0.45324790477752686
MMDpt_dinov2_vitb14_l5_g1.00e-06,dinov2_vitb14,blocks.4,1.00e-06,375,75.30463428181818,75.30463428181818,75.30463428181818,0.3731570243835449
MMDpt_dinov2_vitb14_l5_g1.00e-06,dinov2_vitb14,blocks.4,1.00e-06,376,75.35053226363635,75.35053226363635,75.35053226363635,0.5450712442398071
MMDpt_dinov2_vitb14_l5_g1.00e-06,dinov2_vitb14,blocks.4,1.00e-06,377,75.358434425,75.358434425,75.358434425,0.43169403076171875
MMDpt_dinov2_vitb14_l5_g1.00e-06,dinov2_vitb14,blocks.4,1.00e-06,378,75.4765098,75.4765098,75.4765098,0.4650726318359375
MMDpt_dinov2_vitb14_l5_g1.00e-06,dinov2_vitb14,blocks.4,1.00e-06,379,75.48288537727272,75.48288537727272,75.48288537727272,0.5085877180099487
MMDpt_dinov2_vitb14_l5_g1.00e-06,dinov2_vitb14,blocks.4,1.00e-06,380,75.54217925454545,75.54217925454545,75.54217925454545,0.5302202701568604
MMDpt_dinov2_vitb14_l5_g1.00e-06,dinov2_vitb14,blocks.4,1.00e-06,381,75.65154605454546,75.65154605454546,75.65154605454546,0.43983423709869385
MMDpt_dinov2_vitb14_l5_g1.00e-06,dinov2_vitb14,blocks.4,1.00e-06,382,75.68111334545455,75.68111334545455,75.68111334545455,0.6155693531036377
MMDpt_dinov2_vitb14_l5_g1.00e-06,dinov2_vitb14,blocks.4,1.00e-06,383,75.77031593636364,75.77031593636364,75.77031593636364,0.6045262813568115
MMDpt_dinov2_vitb14_l5_g1.00e-06,dinov2_vitb14,blocks.4,1.00e-06,384,75.78166525454546,75.78166525454546,75.78166525454546,0.4948967695236206
MMDpt_dinov2_vitb14_l5_g1.00e-06,dinov2_vitb14,blocks.4,1.00e-06,385,75.79512009954546,75.79512009954546,75.79512009954546,0.49592363834381104
MMDpt_dinov2_vitb14_l5_g1.00e-06,dinov2_vitb14,blocks.4,1.00e-06,386,75.84170493636363,75.84170493636363,75.84170493636363,0.44473087787628174
MMDpt_dinov2_vitb14_l5_g1.00e-06,dinov2_vitb14,blocks.4,1.00e-06,387,75.84312428636363,75.84312428636363,75.84312428636363,0.3758014440536499
MMDpt_dinov2_vitb14_l5_g1.00e-06,dinov2_vitb14,blocks.4,1.00e-06,388,76.02107943636364,76.02107943636364,76.02107943636364,0.45559120178222656
MMDpt_dinov2_vitb14_l5_g1.00e-06,dinov2_vitb14,blocks.4,1.00e-06,389,76.07231828181818,76.07231828181818,76.07231828181818,0.46436047554016113
MMDpt_dinov2_vitb14_l5_g1.00e-06,dinov2_vitb14,blocks.4,1.00e-06,390,76.16321556363636,76.16321556363636,76.16321556363636,0.5011608600616455
MMDpt_dinov2_vitb14_l5_g1.00e-06,dinov2_vitb14,blocks.4,1.00e-06,391,76.19598609272727,76.19598609272727,76.19598609272727,0.5145739316940308
MMDpt_dinov2_vitb14_l5_g1.00e-06,dinov2_vitb14,blocks.4,1.00e-06,392,76.26727722727273,76.26727722727273,76.26727722727273,0.3656163215637207
MMDpt_dinov2_vitb14_l5_g1.00e-06,dinov2_vitb14,blocks.4,1.00e-06,393,76.28929185454545,76.28929185454545,76.28929185454545,0.5811035633087158
MMDpt_dinov2_vitb14_l5_g1.00e-06,dinov2_vitb14,blocks.4,1.00e-06,394,76.28997104545455,76.28997104545455,76.28997104545455,0.4010580778121948
MMDpt_dinov2_vitb14_l5_g1.00e-06,dinov2_vitb14,blocks.4,1.00e-06,395,76.32376224090909,76.32376224090909,76.32376224090909,0.5019857883453369
MMDpt_dinov2_vitb14_l5_g1.00e-06,dinov2_vitb14,blocks.4,1.00e-06,396,76.35414479090909,76.35414479090909,76.35414479090909,0.4403221607208252
MMDpt_dinov2_vitb14_l5_g1.00e-06,dinov2_vitb14,blocks.4,1.00e-06,397,76.39021483181818,76.39021483181818,76.39021483181818,0.4171220064163208
MMDpt_dinov2_vitb14_l5_g1.00e-06,dinov2_vitb14,blocks.4,1.00e-06,398,76.45241142272727,76.45241142272727,76.45241142272727,0.4287809133529663
MMDpt_dinov2_vitb14_l5_g1.00e-06,dinov2_vitb14,blocks.4,1.00e-06,399,76.51437691681818,76.51437691681818,76.51437691681818,0.4801347255706787
MMDpt_dinov2_vitb14_l5_g1.00e-06,dinov2_vitb14,blocks.4,1.00e-06,400,76.5471795409091,76.5471795409091,76.5471795409091,0.5118802785873413
MMDpt_dinov2_vitb14_l5_g1.00e-06,dinov2_vitb14,blocks.4,1.00e-06,401,76.59774437272728,76.59774437272728,76.59774437272728,0.48898911476135254
MMDpt_dinov2_vitb14_l5_g1.00e-06,dinov2_vitb14,blocks.4,1.00e-06,402,76.63823088636364,76.63823088636364,76.63823088636364,0.3760484457015991
MMDpt_dinov2_vitb14_l5_g1.00e-06,dinov2_vitb14,blocks.4,1.00e-06,403,76.64452179545455,76.64452179545455,76.64452179545455,0.5144017934799194
MMDpt_dinov2_vitb14_l5_g1.00e-06,dinov2_vitb14,blocks.4,1.00e-06,404,76.67493643727272,76.67493643727272,76.67493643727272,0.35566937923431396
MMDpt_dinov2_vitb14_l5_g1.00e-06,dinov2_vitb14,blocks.4,1.00e-06,405,76.67586082272727,76.67586082272727,76.67586082272727,0.46181046962738037
MMDpt_dinov2_vitb14_l5_g1.00e-06,dinov2_vitb14,blocks.4,1.00e-06,406,76.81212329090908,76.81212329090908,76.81212329090908,0.6025848984718323
MMDpt_dinov2_vitb14_l5_g1.00e-06,dinov2_vitb14,blocks.4,1.00e-06,407,76.90558185454546,76.90558185454546,76.90558185454546,0.6308990716934204
MMDpt_dinov2_vitb14_l5_g1.00e-06,dinov2_vitb14,blocks.4,1.00e-06,408,76.91644974545454,76.91644974545454,76.91644974545454,0.5033162832260132
MMDpt_dinov2_vitb14_l5_g1.00e-06,dinov2_vitb14,blocks.4,1.00e-06,409,76.98329391227273,76.98329391227273,76.98329391227273,0.48176586627960205
MMDpt_dinov2_vitb14_l5_g1.00e-06,dinov2_vitb14,blocks.4,1.00e-06,410,77.11547369545454,77.11547369545454,77.11547369545454,0.4727020263671875
MMDpt_dinov2_vitb14_l5_g1.00e-06,dinov2_vitb14,blocks.4,1.00e-06,411,77.14402031818182,77.14402031818182,77.14402031818182,0.4803673028945923
MMDpt_dinov2_vitb14_l5_g1.00e-06,dinov2_vitb14,blocks.4,1.00e-06,412,77.17084656363636,77.17084656363636,77.17084656363636,0.3678405284881592
MMDpt_dinov2_vitb14_l5_g1.00e-06,dinov2_vitb14,blocks.4,1.00e-06,413,77.25877326818183,77.25877326818183,77.25877326818183,0.6601929068565369
MMDpt_dinov2_vitb14_l5_g1.00e-06,dinov2_vitb14,blocks.4,1.00e-06,414,77.34552212272727,77.34552212272727,77.34552212272727,0.37253403663635254
MMDpt_dinov2_vitb14_l5_g1.00e-06,dinov2_vitb14,blocks.4,1.00e-06,415,77.52582683636363,77.52582683636363,77.52582683636363,0.37877893447875977
MMDpt_dinov2_vitb14_l5_g1.00e-06,dinov2_vitb14,blocks.4,1.00e-06,416,77.65479755863636,77.65479755863636,77.65479755863636,0.8254536390304565
MMDpt_dinov2_vitb14_l5_g1.00e-06,dinov2_vitb14,blocks.4,1.00e-06,417,77.69959142727272,77.69959142727272,77.69959142727272,0.5630322694778442
MMDpt_dinov2_vitb14_l5_g1.00e-06,dinov2_vitb14,blocks.4,1.00e-06,418,77.72501827727272,77.72501827727272,77.72501827727272,0.36975347995758057
MMDpt_dinov2_vitb14_l5_g1.00e-06,dinov2_vitb14,blocks.4,1.00e-06,419,77.83570625,77.83570625,77.83570625,0.5935823321342468
MMDpt_dinov2_vitb14_l5_g1.00e-06,dinov2_vitb14,blocks.4,1.00e-06,420,77.9733424409091,77.9733424409091,77.9733424409091,0.46864116191864014
MMDpt_dinov2_vitb14_l5_g1.00e-06,dinov2_vitb14,blocks.4,1.00e-06,421,78.0566007590909,78.0566007590909,78.0566007590909,0.4937809705734253
MMDpt_dinov2_vitb14_l5_g1.00e-06,dinov2_vitb14,blocks.4,1.00e-06,422,78.20425748181819,78.20425748181819,78.20425748181819,0.487728476524353
MMDpt_dinov2_vitb14_l5_g1.00e-06,dinov2_vitb14,blocks.4,1.00e-06,423,78.23482706363636,78.23482706363636,78.23482706363636,0.36968326568603516
MMDpt_dinov2_vitb14_l5_g1.00e-06,dinov2_vitb14,blocks.4,1.00e-06,424,78.25971381363637,78.25971381363637,78.25971381363637,0.4587397575378418
MMDpt_dinov2_vitb14_l5_g1.00e-06,dinov2_vitb14,blocks.4,1.00e-06,425,78.3483194,78.3483194,78.3483194,0.3243257999420166
MMDpt_dinov2_vitb14_l5_g1.00e-06,dinov2_vitb14,blocks.4,1.00e-06,426,78.4185978909091,78.4185978909091,78.4185978909091,0.39985036849975586
MMDpt_dinov2_vitb14_l5_g1.00e-06,dinov2_vitb14,blocks.4,1.00e-06,427,78.53980069090909,78.53980069090909,78.53980069090909,0.49147117137908936
MMDpt_dinov2_vitb14_l5_g1.00e-06,dinov2_vitb14,blocks.4,1.00e-06,428,78.54177141363635,78.54177141363635,78.54177141363635,0.519413948059082
MMDpt_dinov2_vitb14_l5_g1.00e-06,dinov2_vitb14,blocks.4,1.00e-06,429,78.57485005,78.57485005,78.57485005,0.4024684429168701
MMDpt_dinov2_vitb14_l5_g1.00e-06,dinov2_vitb14,blocks.4,1.00e-06,430,78.5853263609091,78.5853263609091,78.5853263609091,0.3793065547943115
MMDpt_dinov2_vitb14_l5_g1.00e-06,dinov2_vitb14,blocks.4,1.00e-06,431,78.61859467727272,78.61859467727272,78.61859467727272,0.5101925134658813
MMDpt_dinov2_vitb14_l5_g1.00e-06,dinov2_vitb14,blocks.4,1.00e-06,432,78.63007529545455,78.63007529545455,78.63007529545455,0.6126558184623718
MMDpt_dinov2_vitb14_l5_g1.00e-06,dinov2_vitb14,blocks.4,1.00e-06,433,78.86957993181818,78.86957993181818,78.86957993181818,0.4559144973754883
MMDpt_dinov2_vitb14_l5_g1.00e-06,dinov2_vitb14,blocks.4,1.00e-06,434,79.22077921818182,79.22077921818182,79.22077921818182,0.45838046073913574
MMDpt_dinov2_vitb14_l5_g1.00e-06,dinov2_vitb14,blocks.4,1.00e-06,435,79.25695136818182,79.25695136818182,79.25695136818182,0.5458931922912598
MMDpt_dinov2_vitb14_l5_g1.00e-06,dinov2_vitb14,blocks.4,1.00e-06,436,79.28284742727273,79.28284742727273,79.28284742727273,0.47920894622802734
MMDpt_dinov2_vitb14_l5_g1.00e-06,dinov2_vitb14,blocks.4,1.00e-06,437,79.36729972727272,79.36729972727272,79.36729972727272,0.4808889627456665
MMDpt_dinov2_vitb14_l5_g1.00e-06,dinov2_vitb14,blocks.4,1.00e-06,438,79.46781420454546,79.46781420454546,79.46781420454546,0.6191269755363464
MMDpt_dinov2_vitb14_l5_g1.00e-06,dinov2_vitb14,blocks.4,1.00e-06,439,79.51125251363636,79.51125251363636,79.51125251363636,0.5327950716018677
MMDpt_dinov2_vitb14_l5_g1.00e-06,dinov2_vitb14,blocks.4,1.00e-06,440,79.62850745318183,79.62850745318183,79.62850745318183,0.4437757730484009
MMDpt_dinov2_vitb14_l5_g1.00e-06,dinov2_vitb14,blocks.4,1.00e-06,441,79.6499864090909,79.6499864090909,79.6499864090909,0.43359148502349854
MMDpt_dinov2_vitb14_l5_g1.00e-06,dinov2_vitb14,blocks.4,1.00e-06,442,79.75645692727272,79.75645692727272,79.75645692727272,0.3778485059738159
MMDpt_dinov2_vitb14_l5_g1.00e-06,dinov2_vitb14,blocks.4,1.00e-06,443,79.91532173636364,79.91532173636364,79.91532173636364,0.5242197513580322
MMDpt_dinov2_vitb14_l5_g1.00e-06,dinov2_vitb14,blocks.4,1.00e-06,444,79.94757872272727,79.94757872272727,79.94757872272727,0.47545528411865234
MMDpt_dinov2_vitb14_l5_g1.00e-06,dinov2_vitb14,blocks.4,1.00e-06,445,80.02392345454545,80.02392345454545,80.02392345454545,0.4460892677307129
MMDpt_dinov2_vitb14_l5_g1.00e-06,dinov2_vitb14,blocks.4,1.00e-06,446,80.13685939999999,80.13685939999999,80.13685939999999,0.5264005661010742
MMDpt_dinov2_vitb14_l5_g1.00e-06,dinov2_vitb14,blocks.4,1.00e-06,447,80.28660759545454,80.28660759545454,80.28660759545454,0.5014020204544067
MMDpt_dinov2_vitb14_l5_g1.00e-06,dinov2_vitb14,blocks.4,1.00e-06,448,80.40461357272727,80.40461357272727,80.40461357272727,0.48967039585113525
MMDpt_dinov2_vitb14_l5_g1.00e-06,dinov2_vitb14,blocks.4,1.00e-06,449,80.43965011363636,80.43965011363636,80.43965011363636,0.5791589617729187
MMDpt_dinov2_vitb14_l5_g1.00e-06,dinov2_vitb14,blocks.4,1.00e-06,450,80.56802326363636,80.56802326363636,80.56802326363636,0.6616755723953247
MMDpt_dinov2_vitb14_l5_g1.00e-06,dinov2_vitb14,blocks.4,1.00e-06,451,80.69563893636364,80.69563893636364,80.69563893636364,0.37653040885925293
MMDpt_dinov2_vitb14_l5_g1.00e-06,dinov2_vitb14,blocks.4,1.00e-06,452,80.83871870454546,80.83871870454546,80.83871870454546,0.8304362893104553
MMDpt_dinov2_vitb14_l5_g1.00e-06,dinov2_vitb14,blocks.4,1.00e-06,453,80.88731798181819,80.88731798181819,80.88731798181819,0.42950713634490967
MMDpt_dinov2_vitb14_l5_g1.00e-06,dinov2_vitb14,blocks.4,1.00e-06,454,80.98601989090909,80.98601989090909,80.98601989090909,0.4040992259979248
MMDpt_dinov2_vitb14_l5_g1.00e-06,dinov2_vitb14,blocks.4,1.00e-06,455,81.02786977272727,81.02786977272727,81.02786977272727,0.4021422863006592
MMDpt_dinov2_vitb14_l5_g1.00e-06,dinov2_vitb14,blocks.4,1.00e-06,456,81.46314962272727,81.46314962272727,81.46314962272727,0.5194714069366455
MMDpt_dinov2_vitb14_l5_g1.00e-06,dinov2_vitb14,blocks.4,1.00e-06,457,81.49191450454545,81.49191450454545,81.49191450454545,0.4515113830566406
MMDpt_dinov2_vitb14_l5_g1.00e-06,dinov2_vitb14,blocks.4,1.00e-06,458,81.53910919545454,81.53910919545454,81.53910919545454,0.35225212574005127
MMDpt_dinov2_vitb14_l5_g1.00e-06,dinov2_vitb14,blocks.4,1.00e-06,459,81.65584415909092,81.65584415909092,81.65584415909092,0.753922700881958
MMDpt_dinov2_vitb14_l5_g1.00e-06,dinov2_vitb14,blocks.4,1.00e-06,460,81.66778405000001,81.66778405000001,81.66778405000001,0.4483102560043335
MMDpt_dinov2_vitb14_l5_g1.00e-06,dinov2_vitb14,blocks.4,1.00e-06,461,82.0783984909091,82.0783984909091,82.0783984909091,0.6607195734977722
MMDpt_dinov2_vitb14_l5_g1.00e-06,dinov2_vitb14,blocks.4,1.00e-06,462,82.11143467727273,82.11143467727273,82.11143467727273,0.44472038745880127
MMDpt_dinov2_vitb14_l5_g1.00e-06,dinov2_vitb14,blocks.4,1.00e-06,463,82.15394328181819,82.15394328181819,82.15394328181819,0.5033868551254272
MMDpt_dinov2_vitb14_l5_g1.00e-06,dinov2_vitb14,blocks.4,1.00e-06,464,82.87086985,82.87086985,82.87086985,0.3833131790161133
MMDpt_dinov2_vitb14_l5_g1.00e-06,dinov2_vitb14,blocks.4,1.00e-06,465,83.04785639090909,83.04785639090909,83.04785639090909,0.42105579376220703
MMDpt_dinov2_vitb14_l5_g1.00e-06,dinov2_vitb14,blocks.4,1.00e-06,466,83.2706767,83.2706767,83.2706767,0.3912653923034668
MMDpt_dinov2_vitb14_l5_g1.00e-06,dinov2_vitb14,blocks.4,1.00e-06,467,83.28013232272727,83.28013232272727,83.28013232272727,0.48941516876220703
MMDpt_dinov2_vitb14_l5_g1.00e-06,dinov2_vitb14,blocks.4,1.00e-06,468,83.32162666818182,83.32162666818182,83.32162666818182,0.40689682960510254
MMDpt_dinov2_vitb14_l5_g1.00e-06,dinov2_vitb14,blocks.4,1.00e-06,469,83.35334443181819,83.35334443181819,83.35334443181819,0.5105030536651611
MMDpt_dinov2_vitb14_l5_g1.00e-06,dinov2_vitb14,blocks.4,1.00e-06,470,83.45792123636365,83.45792123636365,83.45792123636365,0.4345461130142212
MMDpt_dinov2_vitb14_l5_g1.00e-06,dinov2_vitb14,blocks.4,1.00e-06,471,84.18152392727274,84.18152392727274,84.18152392727274,0.4289945363998413
MMDpt_dinov2_vitb14_l5_g1.00e-06,dinov2_vitb14,blocks.4,1.00e-06,472,84.62887205909091,84.62887205909091,84.62887205909091,0.3774383068084717
MMDpt_dinov2_vitb14_l5_g1.00e-06,dinov2_vitb14,blocks.4,1.00e-06,473,85.11071750454545,85.11071750454545,85.11071750454545,0.3286283016204834
MMDpt_dinov2_vitb14_l5_g1.00e-06,dinov2_vitb14,blocks.4,1.00e-06,474,85.12217595454545,85.12217595454545,85.12217595454545,0.377505898475647
MMDpt_dinov2_vitb14_l5_g1.00e-06,dinov2_vitb14,blocks.4,1.00e-06,475,85.54109655454546,85.54109655454546,85.54109655454546,0.5134837627410889
MMDpt_dinov2_vitb14_l5_g1.00e-06,dinov2_vitb14,blocks.4,1.00e-06,476,85.8163718359091,85.8163718359091,85.8163718359091,0.8219049572944641
MMDpt_dinov2_vitb14_l5_g1.00e-06,dinov2_vitb14,blocks.4,1.00e-06,477,86.0069106,86.0069106,86.0069106,0.5219466686248779
MMDpt_dinov2_vitb14_l5_g1.00e-06,dinov2_vitb14,blocks.4,1.00e-06,478,86.07828567272726,86.07828567272726,86.07828567272726,0.5978698134422302
MMDpt_dinov2_vitb14_l5_g1.00e-06,dinov2_vitb14,blocks.4,1.00e-06,479,86.46879091363637,86.46879091363637,86.46879091363637,0.4358553886413574
MMDpt_dinov2_vitb14_l5_g1.00e-06,dinov2_vitb14,blocks.4,1.00e-06,480,87.81027129545454,87.81027129545454,87.81027129545454,0.6265199184417725
MMDpt_dinov2_vitb14_l5_g1.00e-05,dinov2_vitb14,blocks.4,1.00e-05,1,10.383351573636363,10.383351573636363,10.383351573636363,1.0008313655853271
MMDpt_dinov2_vitb14_l5_g1.00e-05,dinov2_vitb14,blocks.4,1.00e-05,2,11.237612673636363,11.237612673636363,11.237612673636363,1.0048935413360596
MMDpt_dinov2_vitb14_l5_g1.00e-05,dinov2_vitb14,blocks.4,1.00e-05,3,12.873956289545454,12.873956289545454,12.873956289545454,1.0058317184448242
MMDpt_dinov2_vitb14_l5_g1.00e-05,dinov2_vitb14,blocks.4,1.00e-05,4,13.852077771363637,13.852077771363637,13.852077771363637,0.9932165741920471
MMDpt_dinov2_vitb14_l5_g1.00e-05,dinov2_vitb14,blocks.4,1.00e-05,5,14.772021149545454,14.772021149545454,14.772021149545454,0.9920005202293396
MMDpt_dinov2_vitb14_l5_g1.00e-05,dinov2_vitb14,blocks.4,1.00e-05,6,15.774696462272727,15.774696462272727,15.774696462272727,1.0076569318771362
MMDpt_dinov2_vitb14_l5_g1.00e-05,dinov2_vitb14,blocks.4,1.00e-05,7,16.11136225,16.11136225,16.11136225,1.0064491033554077
MMDpt_dinov2_vitb14_l5_g1.00e-05,dinov2_vitb14,blocks.4,1.00e-05,8,16.718538883636366,16.718538883636366,16.718538883636366,0.9942413568496704
MMDpt_dinov2_vitb14_l5_g1.00e-05,dinov2_vitb14,blocks.4,1.00e-05,9,16.83383592,16.83383592,16.83383592,0.9836468696594238
MMDpt_dinov2_vitb14_l5_g1.00e-05,dinov2_vitb14,blocks.4,1.00e-05,10,16.977602550909094,16.977602550909094,16.977602550909094,0.9867174029350281
MMDpt_dinov2_vitb14_l5_g1.00e-05,dinov2_vitb14,blocks.4,1.00e-05,11,17.128398308636363,17.128398308636363,17.128398308636363,0.997592568397522
MMDpt_dinov2_vitb14_l5_g1.00e-05,dinov2_vitb14,blocks.4,1.00e-05,12,17.49981897681818,17.49981897681818,17.49981897681818,0.9968947768211365
MMDpt_dinov2_vitb14_l5_g1.00e-05,dinov2_vitb14,blocks.4,1.00e-05,13,18.01987185318182,18.01987185318182,18.01987185318182,0.9955490827560425
MMDpt_dinov2_vitb14_l5_g1.00e-05,dinov2_vitb14,blocks.4,1.00e-05,14,18.22368484818182,18.22368484818182,18.22368484818182,1.0038084983825684
MMDpt_dinov2_vitb14_l5_g1.00e-05,dinov2_vitb14,blocks.4,1.00e-05,15,18.40435578590909,18.40435578590909,18.40435578590909,0.9975913166999817
MMDpt_dinov2_vitb14_l5_g1.00e-05,dinov2_vitb14,blocks.4,1.00e-05,16,18.964998386363636,18.964998386363636,18.964998386363636,0.9982506632804871
MMDpt_dinov2_vitb14_l5_g1.00e-05,dinov2_vitb14,blocks.4,1.00e-05,17,19.531784013636365,19.531784013636365,19.531784013636365,0.9892125725746155
MMDpt_dinov2_vitb14_l5_g1.00e-05,dinov2_vitb14,blocks.4,1.00e-05,18,21.457911477272727,21.457911477272727,21.457911477272727,0.9984906315803528
MMDpt_dinov2_vitb14_l5_g1.00e-05,dinov2_vitb14,blocks.4,1.00e-05,19,22.164942098181818,22.164942098181818,22.164942098181818,0.997650146484375
MMDpt_dinov2_vitb14_l5_g1.00e-05,dinov2_vitb14,blocks.4,1.00e-05,20,22.207954510454545,22.207954510454545,22.207954510454545,1.006301760673523
MMDpt_dinov2_vitb14_l5_g1.00e-05,dinov2_vitb14,blocks.4,1.00e-05,21,22.336504287727273,22.336504287727273,22.336504287727273,0.9858390092849731
MMDpt_dinov2_vitb14_l5_g1.00e-05,dinov2_vitb14,blocks.4,1.00e-05,22,22.775860404545455,22.775860404545455,22.775860404545455,0.9987828135490417
MMDpt_dinov2_vitb14_l5_g1.00e-05,dinov2_vitb14,blocks.4,1.00e-05,23,23.03693973772727,23.03693973772727,23.03693973772727,0.9914020299911499
MMDpt_dinov2_vitb14_l5_g1.00e-05,dinov2_vitb14,blocks.4,1.00e-05,24,23.073138160909092,23.073138160909092,23.073138160909092,0.9969848990440369
MMDpt_dinov2_vitb14_l5_g1.00e-05,dinov2_vitb14,blocks.4,1.00e-05,25,23.859046570909094,23.859046570909094,23.859046570909094,1.0050947666168213
MMDpt_dinov2_vitb14_l5_g1.00e-05,dinov2_vitb14,blocks.4,1.00e-05,26,24.108436355454547,24.108436355454547,24.108436355454547,0.990290641784668
MMDpt_dinov2_vitb14_l5_g1.00e-05,dinov2_vitb14,blocks.4,1.00e-05,27,24.136628927727273,24.136628927727273,24.136628927727273,0.9989210963249207
MMDpt_dinov2_vitb14_l5_g1.00e-05,dinov2_vitb14,blocks.4,1.00e-05,28,24.706419758636365,24.706419758636365,24.706419758636365,1.0023220777511597
MMDpt_dinov2_vitb14_l5_g1.00e-05,dinov2_vitb14,blocks.4,1.00e-05,29,25.160939161363636,25.160939161363636,25.160939161363636,1.000537633895874
MMDpt_dinov2_vitb14_l5_g1.00e-05,dinov2_vitb14,blocks.4,1.00e-05,30,25.272293834545454,25.272293834545454,25.272293834545454,0.9801958799362183
MMDpt_dinov2_vitb14_l5_g1.00e-05,dinov2_vitb14,blocks.4,1.00e-05,31,25.739496508636364,25.739496508636364,25.739496508636364,0.998560905456543
MMDpt_dinov2_vitb14_l5_g1.00e-05,dinov2_vitb14,blocks.4,1.00e-05,32,26.08368123090909,26.08368123090909,26.08368123090909,0.9959014654159546
MMDpt_dinov2_vitb14_l5_g1.00e-05,dinov2_vitb14,blocks.4,1.00e-05,33,26.26193154681818,26.26193154681818,26.26193154681818,0.9938324689865112
MMDpt_dinov2_vitb14_l5_g1.00e-05,dinov2_vitb14,blocks.4,1.00e-05,34,26.29922768272727,26.29922768272727,26.29922768272727,0.995749831199646
MMDpt_dinov2_vitb14_l5_g1.00e-05,dinov2_vitb14,blocks.4,1.00e-05,35,26.647243233181822,26.647243233181822,26.647243233181822,1.0067217350006104
MMDpt_dinov2_vitb14_l5_g1.00e-05,dinov2_vitb14,blocks.4,1.00e-05,36,26.80277036,26.80277036,26.80277036,0.986615777015686
MMDpt_dinov2_vitb14_l5_g1.00e-05,dinov2_vitb14,blocks.4,1.00e-05,37,27.710613355454544,27.710613355454544,27.710613355454544,1.0049071311950684
MMDpt_dinov2_vitb14_l5_g1.00e-05,dinov2_vitb14,blocks.4,1.00e-05,38,27.723830698181818,27.723830698181818,27.723830698181818,0.9957330822944641
MMDpt_dinov2_vitb14_l5_g1.00e-05,dinov2_vitb14,blocks.4,1.00e-05,39,27.94224735681818,27.94224735681818,27.94224735681818,0.9977229833602905
MMDpt_dinov2_vitb14_l5_g1.00e-05,dinov2_vitb14,blocks.4,1.00e-05,40,28.008295531363636,28.008295531363636,28.008295531363636,0.9996336102485657
MMDpt_dinov2_vitb14_l5_g1.00e-05,dinov2_vitb14,blocks.4,1.00e-05,41,28.427649107272728,28.427649107272728,28.427649107272728,0.997214138507843
MMDpt_dinov2_vitb14_l5_g1.00e-05,dinov2_vitb14,blocks.4,1.00e-05,42,28.610673086363636,28.610673086363636,28.610673086363636,1.0026590824127197
MMDpt_dinov2_vitb14_l5_g1.00e-05,dinov2_vitb14,blocks.4,1.00e-05,43,28.864666542727274,28.864666542727274,28.864666542727274,1.0034204721450806
MMDpt_dinov2_vitb14_l5_g1.00e-05,dinov2_vitb14,blocks.4,1.00e-05,44,28.872480873181818,28.872480873181818,28.872480873181818,0.9946569204330444
MMDpt_dinov2_vitb14_l5_g1.00e-05,dinov2_vitb14,blocks.4,1.00e-05,45,29.867093540909092,29.867093540909092,29.867093540909092,1.0076885223388672
MMDpt_dinov2_vitb14_l5_g1.00e-05,dinov2_vitb14,blocks.4,1.00e-05,46,30.946254809545454,30.946254809545454,30.946254809545454,0.998328447341919
MMDpt_dinov2_vitb14_l5_g1.00e-05,dinov2_vitb14,blocks.4,1.00e-05,47,31.113843444545456,31.113843444545456,31.113843444545456,0.9974152445793152
MMDpt_dinov2_vitb14_l5_g1.00e-05,dinov2_vitb14,blocks.4,1.00e-05,48,31.75240744409091,31.75240744409091,31.75240744409091,0.9935171604156494
MMDpt_dinov2_vitb14_l5_g1.00e-05,dinov2_vitb14,blocks.4,1.00e-05,49,31.962474827272725,31.962474827272725,31.962474827272725,0.9838203191757202
MMDpt_dinov2_vitb14_l5_g1.00e-05,dinov2_vitb14,blocks.4,1.00e-05,50,32.10326235227273,32.10326235227273,32.10326235227273,0.9957351684570312
MMDpt_dinov2_vitb14_l5_g1.00e-05,dinov2_vitb14,blocks.4,1.00e-05,51,32.57260997909091,32.57260997909091,32.57260997909091,0.9962397217750549
MMDpt_dinov2_vitb14_l5_g1.00e-05,dinov2_vitb14,blocks.4,1.00e-05,52,33.29309288772727,33.29309288772727,33.29309288772727,0.9798058271408081
MMDpt_dinov2_vitb14_l5_g1.00e-05,dinov2_vitb14,blocks.4,1.00e-05,53,33.63066458409091,33.63066458409091,33.63066458409091,1.000307559967041
MMDpt_dinov2_vitb14_l5_g1.00e-05,dinov2_vitb14,blocks.4,1.00e-05,54,33.94931614045454,33.94931614045454,33.94931614045454,0.9969093203544617
MMDpt_dinov2_vitb14_l5_g1.00e-05,dinov2_vitb14,blocks.4,1.00e-05,55,34.254768114545456,34.254768114545456,34.254768114545456,0.9975125789642334
MMDpt_dinov2_vitb14_l5_g1.00e-05,dinov2_vitb14,blocks.4,1.00e-05,56,35.01583384090909,35.01583384090909,35.01583384090909,1.0013350248336792
MMDpt_dinov2_vitb14_l5_g1.00e-05,dinov2_vitb14,blocks.4,1.00e-05,57,35.61844186090909,35.61844186090909,35.61844186090909,0.9945750832557678
MMDpt_dinov2_vitb14_l5_g1.00e-05,dinov2_vitb14,blocks.4,1.00e-05,58,36.50372615909091,36.50372615909091,36.50372615909091,1.0021981000900269
MMDpt_dinov2_vitb14_l5_g1.00e-05,dinov2_vitb14,blocks.4,1.00e-05,59,36.74721518909091,36.74721518909091,36.74721518909091,0.9993362426757812
MMDpt_dinov2_vitb14_l5_g1.00e-05,dinov2_vitb14,blocks.4,1.00e-05,60,37.183868766818186,37.183868766818186,37.183868766818186,1.0008471012115479
MMDpt_dinov2_vitb14_l5_g1.00e-05,dinov2_vitb14,blocks.4,1.00e-05,61,37.586910895,37.586910895,37.586910895,0.9904161691665649
MMDpt_dinov2_vitb14_l5_g1.00e-05,dinov2_vitb14,blocks.4,1.00e-05,62,37.90925234181818,37.90925234181818,37.90925234181818,0.9918124079704285
MMDpt_dinov2_vitb14_l5_g1.00e-05,dinov2_vitb14,blocks.4,1.00e-05,63,39.159607152727276,39.159607152727276,39.159607152727276,0.999618411064148
MMDpt_dinov2_vitb14_l5_g1.00e-05,dinov2_vitb14,blocks.4,1.00e-05,64,39.16116855045455,39.16116855045455,39.16116855045455,1.0047098398208618
MMDpt_dinov2_vitb14_l5_g1.00e-05,dinov2_vitb14,blocks.4,1.00e-05,65,39.50363207727273,39.50363207727273,39.50363207727273,0.9976131319999695
MMDpt_dinov2_vitb14_l5_g1.00e-05,dinov2_vitb14,blocks.4,1.00e-05,66,39.72578294681818,39.72578294681818,39.72578294681818,0.9888461828231812
MMDpt_dinov2_vitb14_l5_g1.00e-05,dinov2_vitb14,blocks.4,1.00e-05,67,40.10658689318182,40.10658689318182,40.10658689318182,1.0002151727676392
MMDpt_dinov2_vitb14_l5_g1.00e-05,dinov2_vitb14,blocks.4,1.00e-05,68,40.511631334545456,40.511631334545456,40.511631334545456,0.9956049919128418
MMDpt_dinov2_vitb14_l5_g1.00e-05,dinov2_vitb14,blocks.4,1.00e-05,69,41.22542756590909,41.22542756590909,41.22542756590909,1.0007814168930054
MMDpt_dinov2_vitb14_l5_g1.00e-05,dinov2_vitb14,blocks.4,1.00e-05,70,41.450596035,41.450596035,41.450596035,0.9905005693435669
MMDpt_dinov2_vitb14_l5_g1.00e-05,dinov2_vitb14,blocks.4,1.00e-05,71,41.606778884545456,41.606778884545456,41.606778884545456,0.9819866418838501
MMDpt_dinov2_vitb14_l5_g1.00e-05,dinov2_vitb14,blocks.4,1.00e-05,72,41.74143011090909,41.74143011090909,41.74143011090909,0.9935925602912903
MMDpt_dinov2_vitb14_l5_g1.00e-05,dinov2_vitb14,blocks.4,1.00e-05,73,42.27668356454546,42.27668356454546,42.27668356454546,0.9963920712471008
MMDpt_dinov2_vitb14_l5_g1.00e-05,dinov2_vitb14,blocks.4,1.00e-05,74,42.349748590454546,42.349748590454546,42.349748590454546,0.9989271759986877
MMDpt_dinov2_vitb14_l5_g1.00e-05,dinov2_vitb14,blocks.4,1.00e-05,75,42.93479045136364,42.93479045136364,42.93479045136364,1.003006935119629
MMDpt_dinov2_vitb14_l5_g1.00e-05,dinov2_vitb14,blocks.4,1.00e-05,76,42.999259720454546,42.999259720454546,42.999259720454546,0.998447597026825
MMDpt_dinov2_vitb14_l5_g1.00e-05,dinov2_vitb14,blocks.4,1.00e-05,77,43.14833512181818,43.14833512181818,43.14833512181818,1.0010613203048706
MMDpt_dinov2_vitb14_l5_g1.00e-05,dinov2_vitb14,blocks.4,1.00e-05,78,43.849900354999995,43.849900354999995,43.849900354999995,0.9963624477386475
MMDpt_dinov2_vitb14_l5_g1.00e-05,dinov2_vitb14,blocks.4,1.00e-05,79,44.24228326,44.24228326,44.24228326,0.987741231918335
MMDpt_dinov2_vitb14_l5_g1.00e-05,dinov2_vitb14,blocks.4,1.00e-05,80,44.68483293727273,44.68483293727273,44.68483293727273,0.99979168176651
MMDpt_dinov2_vitb14_l5_g1.00e-05,dinov2_vitb14,blocks.4,1.00e-05,81,45.014271393181815,45.014271393181815,45.014271393181815,0.9857000708580017
MMDpt_dinov2_vitb14_l5_g1.00e-05,dinov2_vitb14,blocks.4,1.00e-05,82,45.044897863636365,45.044897863636365,45.044897863636365,1.0063657760620117
MMDpt_dinov2_vitb14_l5_g1.00e-05,dinov2_vitb14,blocks.4,1.00e-05,83,45.242849799999995,45.242849799999995,45.242849799999995,0.9907920956611633
MMDpt_dinov2_vitb14_l5_g1.00e-05,dinov2_vitb14,blocks.4,1.00e-05,84,45.34376912590909,45.34376912590909,45.34376912590909,0.9968021512031555
MMDpt_dinov2_vitb14_l5_g1.00e-05,dinov2_vitb14,blocks.4,1.00e-05,85,45.44974382363636,45.44974382363636,45.44974382363636,0.9963283538818359
MMDpt_dinov2_vitb14_l5_g1.00e-05,dinov2_vitb14,blocks.4,1.00e-05,86,45.87703164136364,45.87703164136364,45.87703164136364,0.9894495010375977
MMDpt_dinov2_vitb14_l5_g1.00e-05,dinov2_vitb14,blocks.4,1.00e-05,87,46.05975058136364,46.05975058136364,46.05975058136364,1.0003411769866943
MMDpt_dinov2_vitb14_l5_g1.00e-05,dinov2_vitb14,blocks.4,1.00e-05,88,46.3385215,46.3385215,46.3385215,1.0064001083374023
MMDpt_dinov2_vitb14_l5_g1.00e-05,dinov2_vitb14,blocks.4,1.00e-05,89,46.461104443636366,46.461104443636366,46.461104443636366,0.9960457682609558
MMDpt_dinov2_vitb14_l5_g1.00e-05,dinov2_vitb14,blocks.4,1.00e-05,90,46.55172569545454,46.55172569545454,46.55172569545454,1.000121831893921
MMDpt_dinov2_vitb14_l5_g1.00e-05,dinov2_vitb14,blocks.4,1.00e-05,91,46.63784059272727,46.63784059272727,46.63784059272727,0.9850829839706421
MMDpt_dinov2_vitb14_l5_g1.00e-05,dinov2_vitb14,blocks.4,1.00e-05,92,46.92503363227272,46.92503363227272,46.92503363227272,0.9961901903152466
MMDpt_dinov2_vitb14_l5_g1.00e-05,dinov2_vitb14,blocks.4,1.00e-05,93,46.98420985,46.98420985,46.98420985,0.9915406703948975
MMDpt_dinov2_vitb14_l5_g1.00e-05,dinov2_vitb14,blocks.4,1.00e-05,94,47.05894020545455,47.05894020545455,47.05894020545455,0.9916971921920776
MMDpt_dinov2_vitb14_l5_g1.00e-05,dinov2_vitb14,blocks.4,1.00e-05,95,47.18393024863636,47.18393024863636,47.18393024863636,1.0063539743423462
MMDpt_dinov2_vitb14_l5_g1.00e-05,dinov2_vitb14,blocks.4,1.00e-05,96,47.45620903181818,47.45620903181818,47.45620903181818,0.9915708303451538
MMDpt_dinov2_vitb14_l5_g1.00e-05,dinov2_vitb14,blocks.4,1.00e-05,97,47.57944400681818,47.57944400681818,47.57944400681818,0.9944344162940979
MMDpt_dinov2_vitb14_l5_g1.00e-05,dinov2_vitb14,blocks.4,1.00e-05,98,47.68605184090909,47.68605184090909,47.68605184090909,0.9728487730026245
MMDpt_dinov2_vitb14_l5_g1.00e-05,dinov2_vitb14,blocks.4,1.00e-05,99,47.85413733318182,47.85413733318182,47.85413733318182,1.0043728351593018
MMDpt_dinov2_vitb14_l5_g1.00e-05,dinov2_vitb14,blocks.4,1.00e-05,100,47.997159330454544,47.997159330454544,47.997159330454544,0.9863815903663635
MMDpt_dinov2_vitb14_l5_g1.00e-05,dinov2_vitb14,blocks.4,1.00e-05,101,48.745656067727275,48.745656067727275,48.745656067727275,0.9928618669509888
MMDpt_dinov2_vitb14_l5_g1.00e-05,dinov2_vitb14,blocks.4,1.00e-05,102,48.974869975454546,48.974869975454546,48.974869975454546,0.9907802939414978
MMDpt_dinov2_vitb14_l5_g1.00e-05,dinov2_vitb14,blocks.4,1.00e-05,103,49.269933079999994,49.269933079999994,49.269933079999994,0.9991855621337891
MMDpt_dinov2_vitb14_l5_g1.00e-05,dinov2_vitb14,blocks.4,1.00e-05,104,49.50143869090909,49.50143869090909,49.50143869090909,0.9894084930419922
MMDpt_dinov2_vitb14_l5_g1.00e-05,dinov2_vitb14,blocks.4,1.00e-05,105,50.02686477227273,50.02686477227273,50.02686477227273,0.997227132320404
MMDpt_dinov2_vitb14_l5_g1.00e-05,dinov2_vitb14,blocks.4,1.00e-05,106,50.24467801363637,50.24467801363637,50.24467801363637,0.9979429841041565
MMDpt_dinov2_vitb14_l5_g1.00e-05,dinov2_vitb14,blocks.4,1.00e-05,107,50.26601576545454,50.26601576545454,50.26601576545454,0.9985750317573547
MMDpt_dinov2_vitb14_l5_g1.00e-05,dinov2_vitb14,blocks.4,1.00e-05,108,50.287720933636365,50.287720933636365,50.287720933636365,0.9994450807571411
MMDpt_dinov2_vitb14_l5_g1.00e-05,dinov2_vitb14,blocks.4,1.00e-05,109,50.397065763181814,50.397065763181814,50.397065763181814,1.003241777420044
MMDpt_dinov2_vitb14_l5_g1.00e-05,dinov2_vitb14,blocks.4,1.00e-05,110,50.44004938636363,50.44004938636363,50.44004938636363,1.0060641765594482
MMDpt_dinov2_vitb14_l5_g1.00e-05,dinov2_vitb14,blocks.4,1.00e-05,111,50.53053583909091,50.53053583909091,50.53053583909091,0.9813195466995239
MMDpt_dinov2_vitb14_l5_g1.00e-05,dinov2_vitb14,blocks.4,1.00e-05,112,50.744067415454545,50.744067415454545,50.744067415454545,0.9873080253601074
MMDpt_dinov2_vitb14_l5_g1.00e-05,dinov2_vitb14,blocks.4,1.00e-05,113,50.877768575909094,50.877768575909094,50.877768575909094,0.9890038371086121
MMDpt_dinov2_vitb14_l5_g1.00e-05,dinov2_vitb14,blocks.4,1.00e-05,114,50.952142585000004,50.952142585000004,50.952142585000004,0.9985983967781067
MMDpt_dinov2_vitb14_l5_g1.00e-05,dinov2_vitb14,blocks.4,1.00e-05,115,51.255980857727266,51.255980857727266,51.255980857727266,1.0010600090026855
MMDpt_dinov2_vitb14_l5_g1.00e-05,dinov2_vitb14,blocks.4,1.00e-05,116,51.47010300409091,51.47010300409091,51.47010300409091,0.9967756271362305
MMDpt_dinov2_vitb14_l5_g1.00e-05,dinov2_vitb14,blocks.4,1.00e-05,117,51.48649149727273,51.48649149727273,51.48649149727273,0.9987630248069763
MMDpt_dinov2_vitb14_l5_g1.00e-05,dinov2_vitb14,blocks.4,1.00e-05,118,51.49088870772727,51.49088870772727,51.49088870772727,0.99638432264328
MMDpt_dinov2_vitb14_l5_g1.00e-05,dinov2_vitb14,blocks.4,1.00e-05,119,51.669473619090915,51.669473619090915,51.669473619090915,1.00190269947052
MMDpt_dinov2_vitb14_l5_g1.00e-05,dinov2_vitb14,blocks.4,1.00e-05,120,51.78909724363636,51.78909724363636,51.78909724363636,1.0064353942871094
MMDpt_dinov2_vitb14_l5_g1.00e-05,dinov2_vitb14,blocks.4,1.00e-05,121,51.85205774272727,51.85205774272727,51.85205774272727,0.9872990250587463
MMDpt_dinov2_vitb14_l5_g1.00e-05,dinov2_vitb14,blocks.4,1.00e-05,122,51.87800455454545,51.87800455454545,51.87800455454545,1.0075114965438843
MMDpt_dinov2_vitb14_l5_g1.00e-05,dinov2_vitb14,blocks.4,1.00e-05,123,51.92553946363636,51.92553946363636,51.92553946363636,1.0042890310287476
MMDpt_dinov2_vitb14_l5_g1.00e-05,dinov2_vitb14,blocks.4,1.00e-05,124,52.00039339090909,52.00039339090909,52.00039339090909,0.9930770397186279
MMDpt_dinov2_vitb14_l5_g1.00e-05,dinov2_vitb14,blocks.4,1.00e-05,125,52.126720309090906,52.126720309090906,52.126720309090906,0.9917505383491516
MMDpt_dinov2_vitb14_l5_g1.00e-05,dinov2_vitb14,blocks.4,1.00e-05,126,52.30133809090909,52.30133809090909,52.30133809090909,0.9920276403427124
MMDpt_dinov2_vitb14_l5_g1.00e-05,dinov2_vitb14,blocks.4,1.00e-05,127,52.82782977227273,52.82782977227273,52.82782977227273,0.9955415725708008
MMDpt_dinov2_vitb14_l5_g1.00e-05,dinov2_vitb14,blocks.4,1.00e-05,128,52.94948191,52.94948191,52.94948191,0.9941370487213135
MMDpt_dinov2_vitb14_l5_g1.00e-05,dinov2_vitb14,blocks.4,1.00e-05,129,52.977303153181815,52.977303153181815,52.977303153181815,1.0018484592437744
MMDpt_dinov2_vitb14_l5_g1.00e-05,dinov2_vitb14,blocks.4,1.00e-05,130,53.02329102272727,53.02329102272727,53.02329102272727,1.0050333738327026
MMDpt_dinov2_vitb14_l5_g1.00e-05,dinov2_vitb14,blocks.4,1.00e-05,131,53.11169118954546,53.11169118954546,53.11169118954546,0.9965693950653076
MMDpt_dinov2_vitb14_l5_g1.00e-05,dinov2_vitb14,blocks.4,1.00e-05,132,53.15595768772727,53.15595768772727,53.15595768772727,0.9934728741645813
MMDpt_dinov2_vitb14_l5_g1.00e-05,dinov2_vitb14,blocks.4,1.00e-05,133,53.19575964181818,53.19575964181818,53.19575964181818,0.9940834641456604
MMDpt_dinov2_vitb14_l5_g1.00e-05,dinov2_vitb14,blocks.4,1.00e-05,134,53.738266159999995,53.738266159999995,53.738266159999995,1.003405213356018
MMDpt_dinov2_vitb14_l5_g1.00e-05,dinov2_vitb14,blocks.4,1.00e-05,135,54.35688324090909,54.35688324090909,54.35688324090909,0.9978662133216858
MMDpt_dinov2_vitb14_l5_g1.00e-05,dinov2_vitb14,blocks.4,1.00e-05,136,54.43010616227273,54.43010616227273,54.43010616227273,1.0003401041030884
MMDpt_dinov2_vitb14_l5_g1.00e-05,dinov2_vitb14,blocks.4,1.00e-05,137,54.51598353272727,54.51598353272727,54.51598353272727,1.0027621984481812
MMDpt_dinov2_vitb14_l5_g1.00e-05,dinov2_vitb14,blocks.4,1.00e-05,138,54.63723127590909,54.63723127590909,54.63723127590909,0.9962415099143982
MMDpt_dinov2_vitb14_l5_g1.00e-05,dinov2_vitb14,blocks.4,1.00e-05,139,54.68535675181818,54.68535675181818,54.68535675181818,0.9971699118614197
MMDpt_dinov2_vitb14_l5_g1.00e-05,dinov2_vitb14,blocks.4,1.00e-05,140,54.72388539863636,54.72388539863636,54.72388539863636,1.0002037286758423
MMDpt_dinov2_vitb14_l5_g1.00e-05,dinov2_vitb14,blocks.4,1.00e-05,141,55.23867115454546,55.23867115454546,55.23867115454546,0.9973849058151245
MMDpt_dinov2_vitb14_l5_g1.00e-05,dinov2_vitb14,blocks.4,1.00e-05,142,55.2775563909091,55.2775563909091,55.2775563909091,1.0040159225463867
MMDpt_dinov2_vitb14_l5_g1.00e-05,dinov2_vitb14,blocks.4,1.00e-05,143,55.699695931818184,55.699695931818184,55.699695931818184,0.9991214275360107
MMDpt_dinov2_vitb14_l5_g1.00e-05,dinov2_vitb14,blocks.4,1.00e-05,144,55.80372709545455,55.80372709545455,55.80372709545455,1.002582311630249
MMDpt_dinov2_vitb14_l5_g1.00e-05,dinov2_vitb14,blocks.4,1.00e-05,145,55.82518654818182,55.82518654818182,55.82518654818182,1.0048938989639282
MMDpt_dinov2_vitb14_l5_g1.00e-05,dinov2_vitb14,blocks.4,1.00e-05,146,56.236087309090905,56.236087309090905,56.236087309090905,0.9992421269416809
MMDpt_dinov2_vitb14_l5_g1.00e-05,dinov2_vitb14,blocks.4,1.00e-05,147,56.34353036818182,56.34353036818182,56.34353036818182,0.996195912361145
MMDpt_dinov2_vitb14_l5_g1.00e-05,dinov2_vitb14,blocks.4,1.00e-05,148,56.343846956363635,56.343846956363635,56.343846956363635,1.003593921661377
MMDpt_dinov2_vitb14_l5_g1.00e-05,dinov2_vitb14,blocks.4,1.00e-05,149,56.418747340909086,56.418747340909086,56.418747340909086,0.9891692996025085
MMDpt_dinov2_vitb14_l5_g1.00e-05,dinov2_vitb14,blocks.4,1.00e-05,150,56.4284854,56.4284854,56.4284854,1.006803035736084
MMDpt_dinov2_vitb14_l5_g1.00e-05,dinov2_vitb14,blocks.4,1.00e-05,151,56.43083487727272,56.43083487727272,56.43083487727272,1.000307559967041
MMDpt_dinov2_vitb14_l5_g1.00e-05,dinov2_vitb14,blocks.4,1.00e-05,152,56.73676582727273,56.73676582727273,56.73676582727273,1.0063843727111816
MMDpt_dinov2_vitb14_l5_g1.00e-05,dinov2_vitb14,blocks.4,1.00e-05,153,56.80215198181818,56.80215198181818,56.80215198181818,1.0076470375061035
MMDpt_dinov2_vitb14_l5_g1.00e-05,dinov2_vitb14,blocks.4,1.00e-05,154,56.838491672272724,56.838491672272724,56.838491672272724,0.9916545748710632
MMDpt_dinov2_vitb14_l5_g1.00e-05,dinov2_vitb14,blocks.4,1.00e-05,155,56.87784920000001,56.87784920000001,56.87784920000001,1.0019413232803345
MMDpt_dinov2_vitb14_l5_g1.00e-05,dinov2_vitb14,blocks.4,1.00e-05,156,56.88495511818182,56.88495511818182,56.88495511818182,1.0001174211502075
MMDpt_dinov2_vitb14_l5_g1.00e-05,dinov2_vitb14,blocks.4,1.00e-05,157,56.89427865,56.89427865,56.89427865,0.9897047877311707
MMDpt_dinov2_vitb14_l5_g1.00e-05,dinov2_vitb14,blocks.4,1.00e-05,158,57.014437336363635,57.014437336363635,57.014437336363635,0.9986358284950256
MMDpt_dinov2_vitb14_l5_g1.00e-05,dinov2_vitb14,blocks.4,1.00e-05,159,57.01605029863636,57.01605029863636,57.01605029863636,1.002706527709961
MMDpt_dinov2_vitb14_l5_g1.00e-05,dinov2_vitb14,blocks.4,1.00e-05,160,57.06027285454545,57.06027285454545,57.06027285454545,0.9931578636169434
MMDpt_dinov2_vitb14_l5_g1.00e-05,dinov2_vitb14,blocks.4,1.00e-05,161,57.08577673045454,57.08577673045454,57.08577673045454,1.0032497644424438
MMDpt_dinov2_vitb14_l5_g1.00e-05,dinov2_vitb14,blocks.4,1.00e-05,162,57.165035822727276,57.165035822727276,57.165035822727276,1.0071005821228027
MMDpt_dinov2_vitb14_l5_g1.00e-05,dinov2_vitb14,blocks.4,1.00e-05,163,57.30280682363637,57.30280682363637,57.30280682363637,0.9987677335739136
MMDpt_dinov2_vitb14_l5_g1.00e-05,dinov2_vitb14,blocks.4,1.00e-05,164,57.552973348181816,57.552973348181816,57.552973348181816,0.9931479692459106
MMDpt_dinov2_vitb14_l5_g1.00e-05,dinov2_vitb14,blocks.4,1.00e-05,165,57.715692645,57.715692645,57.715692645,0.9975197911262512
MMDpt_dinov2_vitb14_l5_g1.00e-05,dinov2_vitb14,blocks.4,1.00e-05,166,57.94736867727273,57.94736867727273,57.94736867727273,0.9986826777458191
MMDpt_dinov2_vitb14_l5_g1.00e-05,dinov2_vitb14,blocks.4,1.00e-05,167,58.01582408181818,58.01582408181818,58.01582408181818,1.0025444030761719
MMDpt_dinov2_vitb14_l5_g1.00e-05,dinov2_vitb14,blocks.4,1.00e-05,168,58.14704098045454,58.14704098045454,58.14704098045454,1.0020297765731812
MMDpt_dinov2_vitb14_l5_g1.00e-05,dinov2_vitb14,blocks.4,1.00e-05,169,58.40466673181818,58.40466673181818,58.40466673181818,1.0033224821090698
MMDpt_dinov2_vitb14_l5_g1.00e-05,dinov2_vitb14,blocks.4,1.00e-05,170,58.48494007,58.48494007,58.48494007,0.9927264451980591
MMDpt_dinov2_vitb14_l5_g1.00e-05,dinov2_vitb14,blocks.4,1.00e-05,171,58.90741873181818,58.90741873181818,58.90741873181818,0.994536280632019
MMDpt_dinov2_vitb14_l5_g1.00e-05,dinov2_vitb14,blocks.4,1.00e-05,172,58.92814133636364,58.92814133636364,58.92814133636364,0.9986352324485779
MMDpt_dinov2_vitb14_l5_g1.00e-05,dinov2_vitb14,blocks.4,1.00e-05,173,58.959711454090915,58.959711454090915,58.959711454090915,0.9932197332382202
MMDpt_dinov2_vitb14_l5_g1.00e-05,dinov2_vitb14,blocks.4,1.00e-05,174,59.080638213636355,59.080638213636355,59.080638213636355,1.0018253326416016
MMDpt_dinov2_vitb14_l5_g1.00e-05,dinov2_vitb14,blocks.4,1.00e-05,175,59.15176404636364,59.15176404636364,59.15176404636364,0.9912639856338501
MMDpt_dinov2_vitb14_l5_g1.00e-05,dinov2_vitb14,blocks.4,1.00e-05,176,59.165360129545455,59.165360129545455,59.165360129545455,0.9883222579956055
MMDpt_dinov2_vitb14_l5_g1.00e-05,dinov2_vitb14,blocks.4,1.00e-05,177,59.343238913181814,59.343238913181814,59.343238913181814,0.9905734658241272
MMDpt_dinov2_vitb14_l5_g1.00e-05,dinov2_vitb14,blocks.4,1.00e-05,178,59.52943686818182,59.52943686818182,59.52943686818182,1.0063159465789795
MMDpt_dinov2_vitb14_l5_g1.00e-05,dinov2_vitb14,blocks.4,1.00e-05,179,59.53394987363636,59.53394987363636,59.53394987363636,1.0063015222549438
MMDpt_dinov2_vitb14_l5_g1.00e-05,dinov2_vitb14,blocks.4,1.00e-05,180,59.61907620909091,59.61907620909091,59.61907620909091,1.0020314455032349
MMDpt_dinov2_vitb14_l5_g1.00e-05,dinov2_vitb14,blocks.4,1.00e-05,181,59.64024705,59.64024705,59.64024705,1.002829670906067
MMDpt_dinov2_vitb14_l5_g1.00e-05,dinov2_vitb14,blocks.4,1.00e-05,182,59.81487126545455,59.81487126545455,59.81487126545455,1.0017132759094238
MMDpt_dinov2_vitb14_l5_g1.00e-05,dinov2_vitb14,blocks.4,1.00e-05,183,59.821444613636366,59.821444613636366,59.821444613636366,1.001582384109497
MMDpt_dinov2_vitb14_l5_g1.00e-05,dinov2_vitb14,blocks.4,1.00e-05,184,59.82249576181818,59.82249576181818,59.82249576181818,1.0041557550430298
MMDpt_dinov2_vitb14_l5_g1.00e-05,dinov2_vitb14,blocks.4,1.00e-05,185,60.13491826227273,60.13491826227273,60.13491826227273,1.0061275959014893
MMDpt_dinov2_vitb14_l5_g1.00e-05,dinov2_vitb14,blocks.4,1.00e-05,186,60.66603184545455,60.66603184545455,60.66603184545455,0.9962316751480103
MMDpt_dinov2_vitb14_l5_g1.00e-05,dinov2_vitb14,blocks.4,1.00e-05,187,60.91525143409091,60.91525143409091,60.91525143409091,1.0057978630065918
MMDpt_dinov2_vitb14_l5_g1.00e-05,dinov2_vitb14,blocks.4,1.00e-05,188,60.98922430909091,60.98922430909091,60.98922430909091,0.9968417882919312
MMDpt_dinov2_vitb14_l5_g1.00e-05,dinov2_vitb14,blocks.4,1.00e-05,189,61.15445065909091,61.15445065909091,61.15445065909091,0.9912328720092773
MMDpt_dinov2_vitb14_l5_g1.00e-05,dinov2_vitb14,blocks.4,1.00e-05,190,61.257236485,61.257236485,61.257236485,1.0003074407577515
MMDpt_dinov2_vitb14_l5_g1.00e-05,dinov2_vitb14,blocks.4,1.00e-05,191,61.38288141818182,61.38288141818182,61.38288141818182,0.9978454113006592
MMDpt_dinov2_vitb14_l5_g1.00e-05,dinov2_vitb14,blocks.4,1.00e-05,192,61.41676890772727,61.41676890772727,61.41676890772727,0.9884530305862427
MMDpt_dinov2_vitb14_l5_g1.00e-05,dinov2_vitb14,blocks.4,1.00e-05,193,61.450913154545454,61.450913154545454,61.450913154545454,1.0050829648971558
MMDpt_dinov2_vitb14_l5_g1.00e-05,dinov2_vitb14,blocks.4,1.00e-05,194,61.557454278181815,61.557454278181815,61.557454278181815,0.9970278143882751
MMDpt_dinov2_vitb14_l5_g1.00e-05,dinov2_vitb14,blocks.4,1.00e-05,195,61.612018317727276,61.612018317727276,61.612018317727276,0.9944175481796265
MMDpt_dinov2_vitb14_l5_g1.00e-05,dinov2_vitb14,blocks.4,1.00e-05,196,61.66026577136363,61.66026577136363,61.66026577136363,0.9993686676025391
MMDpt_dinov2_vitb14_l5_g1.00e-05,dinov2_vitb14,blocks.4,1.00e-05,197,61.784896459090916,61.784896459090916,61.784896459090916,1.0049550533294678
MMDpt_dinov2_vitb14_l5_g1.00e-05,dinov2_vitb14,blocks.4,1.00e-05,198,61.80260090454545,61.80260090454545,61.80260090454545,0.9989126920700073
MMDpt_dinov2_vitb14_l5_g1.00e-05,dinov2_vitb14,blocks.4,1.00e-05,199,62.04634134636364,62.04634134636364,62.04634134636364,1.0018495321273804
MMDpt_dinov2_vitb14_l5_g1.00e-05,dinov2_vitb14,blocks.4,1.00e-05,200,62.140166177272725,62.140166177272725,62.140166177272725,1.001042366027832
MMDpt_dinov2_vitb14_l5_g1.00e-05,dinov2_vitb14,blocks.4,1.00e-05,201,62.30800517363637,62.30800517363637,62.30800517363637,1.005901575088501
MMDpt_dinov2_vitb14_l5_g1.00e-05,dinov2_vitb14,blocks.4,1.00e-05,202,62.48285368636363,62.48285368636363,62.48285368636363,0.9987326264381409
MMDpt_dinov2_vitb14_l5_g1.00e-05,dinov2_vitb14,blocks.4,1.00e-05,203,62.50087945,62.50087945,62.50087945,1.0021878480911255
MMDpt_dinov2_vitb14_l5_g1.00e-05,dinov2_vitb14,blocks.4,1.00e-05,204,62.515273900000004,62.515273900000004,62.515273900000004,0.9889557361602783
MMDpt_dinov2_vitb14_l5_g1.00e-05,dinov2_vitb14,blocks.4,1.00e-05,205,62.56153540454545,62.56153540454545,62.56153540454545,0.989237904548645
MMDpt_dinov2_vitb14_l5_g1.00e-05,dinov2_vitb14,blocks.4,1.00e-05,206,62.62842450590909,62.62842450590909,62.62842450590909,1.0042966604232788
MMDpt_dinov2_vitb14_l5_g1.00e-05,dinov2_vitb14,blocks.4,1.00e-05,207,62.64787497272727,62.64787497272727,62.64787497272727,0.9999803304672241
MMDpt_dinov2_vitb14_l5_g1.00e-05,dinov2_vitb14,blocks.4,1.00e-05,208,62.80573838590909,62.80573838590909,62.80573838590909,1.0025418996810913
MMDpt_dinov2_vitb14_l5_g1.00e-05,dinov2_vitb14,blocks.4,1.00e-05,209,62.831736559090906,62.831736559090906,62.831736559090906,0.9934442043304443
MMDpt_dinov2_vitb14_l5_g1.00e-05,dinov2_vitb14,blocks.4,1.00e-05,210,63.033077886363635,63.033077886363635,63.033077886363635,1.007279872894287
MMDpt_dinov2_vitb14_l5_g1.00e-05,dinov2_vitb14,blocks.4,1.00e-05,211,63.2958711590909,63.2958711590909,63.2958711590909,1.0064539909362793
MMDpt_dinov2_vitb14_l5_g1.00e-05,dinov2_vitb14,blocks.4,1.00e-05,212,63.30556153181818,63.30556153181818,63.30556153181818,1.0069023370742798
MMDpt_dinov2_vitb14_l5_g1.00e-05,dinov2_vitb14,blocks.4,1.00e-05,213,63.451246159090914,63.451246159090914,63.451246159090914,1.0038892030715942
MMDpt_dinov2_vitb14_l5_g1.00e-05,dinov2_vitb14,blocks.4,1.00e-05,214,63.51674641363636,63.51674641363636,63.51674641363636,0.9995825886726379
MMDpt_dinov2_vitb14_l5_g1.00e-05,dinov2_vitb14,blocks.4,1.00e-05,215,63.52993807136364,63.52993807136364,63.52993807136364,0.9969215989112854
MMDpt_dinov2_vitb14_l5_g1.00e-05,dinov2_vitb14,blocks.4,1.00e-05,216,63.601648069090906,63.601648069090906,63.601648069090906,0.9962665438652039
MMDpt_dinov2_vitb14_l5_g1.00e-05,dinov2_vitb14,blocks.4,1.00e-05,217,63.632569839545454,63.632569839545454,63.632569839545454,1.0071955919265747
MMDpt_dinov2_vitb14_l5_g1.00e-05,dinov2_vitb14,blocks.4,1.00e-05,218,63.65115097727273,63.65115097727273,63.65115097727273,1.0057910680770874
MMDpt_dinov2_vitb14_l5_g1.00e-05,dinov2_vitb14,blocks.4,1.00e-05,219,63.71100458181818,63.71100458181818,63.71100458181818,0.9937949180603027
MMDpt_dinov2_vitb14_l5_g1.00e-05,dinov2_vitb14,blocks.4,1.00e-05,220,63.89873966363636,63.89873966363636,63.89873966363636,0.9909931421279907
MMDpt_dinov2_vitb14_l5_g1.00e-05,dinov2_vitb14,blocks.4,1.00e-05,221,63.92419218818182,63.92419218818182,63.92419218818182,0.9760928153991699
MMDpt_dinov2_vitb14_l5_g1.00e-05,dinov2_vitb14,blocks.4,1.00e-05,222,63.96103896818182,63.96103896818182,63.96103896818182,1.0041264295578003
MMDpt_dinov2_vitb14_l5_g1.00e-05,dinov2_vitb14,blocks.4,1.00e-05,223,63.99746849090909,63.99746849090909,63.99746849090909,1.0045102834701538
MMDpt_dinov2_vitb14_l5_g1.00e-05,dinov2_vitb14,blocks.4,1.00e-05,224,64.02118780454545,64.02118780454545,64.02118780454545,1.00609290599823
MMDpt_dinov2_vitb14_l5_g1.00e-05,dinov2_vitb14,blocks.4,1.00e-05,225,64.02835174090909,64.02835174090909,64.02835174090909,0.9900251030921936
MMDpt_dinov2_vitb14_l5_g1.00e-05,dinov2_vitb14,blocks.4,1.00e-05,226,64.1043883409091,64.1043883409091,64.1043883409091,1.003516674041748
MMDpt_dinov2_vitb14_l5_g1.00e-05,dinov2_vitb14,blocks.4,1.00e-05,227,64.15682117727273,64.15682117727273,64.15682117727273,0.9898667931556702
MMDpt_dinov2_vitb14_l5_g1.00e-05,dinov2_vitb14,blocks.4,1.00e-05,228,64.23845857272727,64.23845857272727,64.23845857272727,1.0025042295455933
MMDpt_dinov2_vitb14_l5_g1.00e-05,dinov2_vitb14,blocks.4,1.00e-05,229,64.25370258636363,64.25370258636363,64.25370258636363,0.9987707734107971
MMDpt_dinov2_vitb14_l5_g1.00e-05,dinov2_vitb14,blocks.4,1.00e-05,230,64.32671434181817,64.32671434181817,64.32671434181817,0.9979786276817322
MMDpt_dinov2_vitb14_l5_g1.00e-05,dinov2_vitb14,blocks.4,1.00e-05,231,64.40631527727272,64.40631527727272,64.40631527727272,1.0029772520065308
MMDpt_dinov2_vitb14_l5_g1.00e-05,dinov2_vitb14,blocks.4,1.00e-05,232,64.56676404090909,64.56676404090909,64.56676404090909,1.0071680545806885
MMDpt_dinov2_vitb14_l5_g1.00e-05,dinov2_vitb14,blocks.4,1.00e-05,233,64.70266141363636,64.70266141363636,64.70266141363636,1.00458824634552
MMDpt_dinov2_vitb14_l5_g1.00e-05,dinov2_vitb14,blocks.4,1.00e-05,234,64.83579067045456,64.83579067045456,64.83579067045456,1.0004119873046875
MMDpt_dinov2_vitb14_l5_g1.00e-05,dinov2_vitb14,blocks.4,1.00e-05,235,64.88276691590909,64.88276691590909,64.88276691590909,1.006942629814148
MMDpt_dinov2_vitb14_l5_g1.00e-05,dinov2_vitb14,blocks.4,1.00e-05,236,64.91428311818181,64.91428311818181,64.91428311818181,0.9961661100387573
MMDpt_dinov2_vitb14_l5_g1.00e-05,dinov2_vitb14,blocks.4,1.00e-05,237,64.99876317727272,64.99876317727272,64.99876317727272,1.0050703287124634
MMDpt_dinov2_vitb14_l5_g1.00e-05,dinov2_vitb14,blocks.4,1.00e-05,238,65.11283459954545,65.11283459954545,65.11283459954545,1.0015010833740234
MMDpt_dinov2_vitb14_l5_g1.00e-05,dinov2_vitb14,blocks.4,1.00e-05,239,65.12859398045454,65.12859398045454,65.12859398045454,0.997837245464325
MMDpt_dinov2_vitb14_l5_g1.00e-05,dinov2_vitb14,blocks.4,1.00e-05,240,65.15700578272727,65.15700578272727,65.15700578272727,1.0036115646362305
MMDpt_dinov2_vitb14_l5_g1.00e-05,dinov2_vitb14,blocks.4,1.00e-05,241,65.26560826818182,65.26560826818182,65.26560826818182,1.0032085180282593
MMDpt_dinov2_vitb14_l5_g1.00e-05,dinov2_vitb14,blocks.4,1.00e-05,242,65.49862164545455,65.49862164545455,65.49862164545455,0.9968850612640381
MMDpt_dinov2_vitb14_l5_g1.00e-05,dinov2_vitb14,blocks.4,1.00e-05,243,65.58085287863636,65.58085287863636,65.58085287863636,0.9915047883987427
MMDpt_dinov2_vitb14_l5_g1.00e-05,dinov2_vitb14,blocks.4,1.00e-05,244,65.74797291818182,65.74797291818182,65.74797291818182,0.9922435283660889
MMDpt_dinov2_vitb14_l5_g1.00e-05,dinov2_vitb14,blocks.4,1.00e-05,245,65.77319434545456,65.77319434545456,65.77319434545456,1.003928542137146
MMDpt_dinov2_vitb14_l5_g1.00e-05,dinov2_vitb14,blocks.4,1.00e-05,246,65.79643795909091,65.79643795909091,65.79643795909091,0.992502748966217
MMDpt_dinov2_vitb14_l5_g1.00e-05,dinov2_vitb14,blocks.4,1.00e-05,247,65.90152255454545,65.90152255454545,65.90152255454545,1.0005282163619995
MMDpt_dinov2_vitb14_l5_g1.00e-05,dinov2_vitb14,blocks.4,1.00e-05,248,66.06104215454546,66.06104215454546,66.06104215454546,0.9946373105049133
MMDpt_dinov2_vitb14_l5_g1.00e-05,dinov2_vitb14,blocks.4,1.00e-05,249,66.34667021363636,66.34667021363636,66.34667021363636,1.0013420581817627
MMDpt_dinov2_vitb14_l5_g1.00e-05,dinov2_vitb14,blocks.4,1.00e-05,250,66.41367993636364,66.41367993636364,66.41367993636364,1.0028775930404663
MMDpt_dinov2_vitb14_l5_g1.00e-05,dinov2_vitb14,blocks.4,1.00e-05,251,66.49486482500001,66.49486482500001,66.49486482500001,1.0027551651000977
MMDpt_dinov2_vitb14_l5_g1.00e-05,dinov2_vitb14,blocks.4,1.00e-05,252,66.57540134545455,66.57540134545455,66.57540134545455,0.9919859170913696
MMDpt_dinov2_vitb14_l5_g1.00e-05,dinov2_vitb14,blocks.4,1.00e-05,253,66.64770191772728,66.64770191772728,66.64770191772728,1.0064191818237305
MMDpt_dinov2_vitb14_l5_g1.00e-05,dinov2_vitb14,blocks.4,1.00e-05,254,66.69631712272727,66.69631712272727,66.69631712272727,1.0014984607696533
MMDpt_dinov2_vitb14_l5_g1.00e-05,dinov2_vitb14,blocks.4,1.00e-05,255,66.69915260454546,66.69915260454546,66.69915260454546,1.0057835578918457
MMDpt_dinov2_vitb14_l5_g1.00e-05,dinov2_vitb14,blocks.4,1.00e-05,256,66.84640655909091,66.84640655909091,66.84640655909091,1.0029531717300415
MMDpt_dinov2_vitb14_l5_g1.00e-05,dinov2_vitb14,blocks.4,1.00e-05,257,66.92138232272727,66.92138232272727,66.92138232272727,0.9933508634567261
MMDpt_dinov2_vitb14_l5_g1.00e-05,dinov2_vitb14,blocks.4,1.00e-05,258,67.1600262,67.1600262,67.1600262,0.9868053793907166
MMDpt_dinov2_vitb14_l5_g1.00e-05,dinov2_vitb14,blocks.4,1.00e-05,259,67.24224864545455,67.24224864545455,67.24224864545455,1.0037713050842285
MMDpt_dinov2_vitb14_l5_g1.00e-05,dinov2_vitb14,blocks.4,1.00e-05,260,67.33497136227273,67.33497136227273,67.33497136227273,1.0078084468841553
MMDpt_dinov2_vitb14_l5_g1.00e-05,dinov2_vitb14,blocks.4,1.00e-05,261,67.50431248636363,67.50431248636363,67.50431248636363,1.004468560218811
MMDpt_dinov2_vitb14_l5_g1.00e-05,dinov2_vitb14,blocks.4,1.00e-05,262,67.65232870272727,67.65232870272727,67.65232870272727,1.004117727279663
MMDpt_dinov2_vitb14_l5_g1.00e-05,dinov2_vitb14,blocks.4,1.00e-05,263,67.78208407272727,67.78208407272727,67.78208407272727,0.9929630160331726
MMDpt_dinov2_vitb14_l5_g1.00e-05,dinov2_vitb14,blocks.4,1.00e-05,264,67.84529925,67.84529925,67.84529925,0.9991974830627441
MMDpt_dinov2_vitb14_l5_g1.00e-05,dinov2_vitb14,blocks.4,1.00e-05,265,67.89158320909091,67.89158320909091,67.89158320909091,1.003113865852356
MMDpt_dinov2_vitb14_l5_g1.00e-05,dinov2_vitb14,blocks.4,1.00e-05,266,67.98637594090908,67.98637594090908,67.98637594090908,1.0048606395721436
MMDpt_dinov2_vitb14_l5_g1.00e-05,dinov2_vitb14,blocks.4,1.00e-05,267,68.0851692090909,68.0851692090909,68.0851692090909,0.9977197051048279
MMDpt_dinov2_vitb14_l5_g1.00e-05,dinov2_vitb14,blocks.4,1.00e-05,268,68.12695885,68.12695885,68.12695885,0.9981730580329895
MMDpt_dinov2_vitb14_l5_g1.00e-05,dinov2_vitb14,blocks.4,1.00e-05,269,68.2302839,68.2302839,68.2302839,1.0062665939331055
MMDpt_dinov2_vitb14_l5_g1.00e-05,dinov2_vitb14,blocks.4,1.00e-05,270,68.23565684545454,68.23565684545454,68.23565684545454,1.0017390251159668
MMDpt_dinov2_vitb14_l5_g1.00e-05,dinov2_vitb14,blocks.4,1.00e-05,271,68.26595938409092,68.26595938409092,68.26595938409092,1.0001920461654663
MMDpt_dinov2_vitb14_l5_g1.00e-05,dinov2_vitb14,blocks.4,1.00e-05,272,68.27114585318182,68.27114585318182,68.27114585318182,1.001429557800293
MMDpt_dinov2_vitb14_l5_g1.00e-05,dinov2_vitb14,blocks.4,1.00e-05,273,68.32032611363637,68.32032611363637,68.32032611363637,0.9973974823951721
MMDpt_dinov2_vitb14_l5_g1.00e-05,dinov2_vitb14,blocks.4,1.00e-05,274,68.38830778636363,68.38830778636363,68.38830778636363,1.0044771432876587
MMDpt_dinov2_vitb14_l5_g1.00e-05,dinov2_vitb14,blocks.4,1.00e-05,275,68.41746199090909,68.41746199090909,68.41746199090909,0.9934980273246765
MMDpt_dinov2_vitb14_l5_g1.00e-05,dinov2_vitb14,blocks.4,1.00e-05,276,68.46063733181818,68.46063733181818,68.46063733181818,1.001596450805664
MMDpt_dinov2_vitb14_l5_g1.00e-05,dinov2_vitb14,blocks.4,1.00e-05,277,68.46664887727273,68.46664887727273,68.46664887727273,0.9980964064598083
MMDpt_dinov2_vitb14_l5_g1.00e-05,dinov2_vitb14,blocks.4,1.00e-05,278,68.47213741363636,68.47213741363636,68.47213741363636,1.0071321725845337
MMDpt_dinov2_vitb14_l5_g1.00e-05,dinov2_vitb14,blocks.4,1.00e-05,279,68.93374281227273,68.93374281227273,68.93374281227273,0.9925551414489746
MMDpt_dinov2_vitb14_l5_g1.00e-05,dinov2_vitb14,blocks.4,1.00e-05,280,69.04567613727274,69.04567613727274,69.04567613727274,1.0023835897445679
MMDpt_dinov2_vitb14_l5_g1.00e-05,dinov2_vitb14,blocks.4,1.00e-05,281,69.05974111818182,69.05974111818182,69.05974111818182,1.0020248889923096
MMDpt_dinov2_vitb14_l5_g1.00e-05,dinov2_vitb14,blocks.4,1.00e-05,282,69.09219679545454,69.09219679545454,69.09219679545454,1.0031777620315552
MMDpt_dinov2_vitb14_l5_g1.00e-05,dinov2_vitb14,blocks.4,1.00e-05,283,69.09712682727273,69.09712682727273,69.09712682727273,0.9972711801528931
MMDpt_dinov2_vitb14_l5_g1.00e-05,dinov2_vitb14,blocks.4,1.00e-05,284,69.10091421363637,69.10091421363637,69.10091421363637,0.9906415939331055
MMDpt_dinov2_vitb14_l5_g1.00e-05,dinov2_vitb14,blocks.4,1.00e-05,285,69.10780212727273,69.10780212727273,69.10780212727273,0.9942273497581482
MMDpt_dinov2_vitb14_l5_g1.00e-05,dinov2_vitb14,blocks.4,1.00e-05,286,69.12065298636364,69.12065298636364,69.12065298636364,1.0046395063400269
MMDpt_dinov2_vitb14_l5_g1.00e-05,dinov2_vitb14,blocks.4,1.00e-05,287,69.18059698636364,69.18059698636364,69.18059698636364,0.9986735582351685
MMDpt_dinov2_vitb14_l5_g1.00e-05,dinov2_vitb14,blocks.4,1.00e-05,288,69.23367816363636,69.23367816363636,69.23367816363636,1.0057109594345093
MMDpt_dinov2_vitb14_l5_g1.00e-05,dinov2_vitb14,blocks.4,1.00e-05,289,69.2644266,69.2644266,69.2644266,1.0028607845306396
MMDpt_dinov2_vitb14_l5_g1.00e-05,dinov2_vitb14,blocks.4,1.00e-05,290,69.35791935818182,69.35791935818182,69.35791935818182,0.9967743158340454
MMDpt_dinov2_vitb14_l5_g1.00e-05,dinov2_vitb14,blocks.4,1.00e-05,291,69.61843814545455,69.61843814545455,69.61843814545455,1.002071499824524
MMDpt_dinov2_vitb14_l5_g1.00e-05,dinov2_vitb14,blocks.4,1.00e-05,292,69.80519480454545,69.80519480454545,69.80519480454545,1.0040656328201294
MMDpt_dinov2_vitb14_l5_g1.00e-05,dinov2_vitb14,blocks.4,1.00e-05,293,69.8553488,69.8553488,69.8553488,1.0060971975326538
MMDpt_dinov2_vitb14_l5_g1.00e-05,dinov2_vitb14,blocks.4,1.00e-05,294,69.88728480909091,69.88728480909091,69.88728480909091,1.0075494050979614
MMDpt_dinov2_vitb14_l5_g1.00e-05,dinov2_vitb14,blocks.4,1.00e-05,295,69.97248817863637,69.97248817863637,69.97248817863637,1.0043219327926636
MMDpt_dinov2_vitb14_l5_g1.00e-05,dinov2_vitb14,blocks.4,1.00e-05,296,70.05721009181819,70.05721009181819,70.05721009181819,0.995936393737793
MMDpt_dinov2_vitb14_l5_g1.00e-05,dinov2_vitb14,blocks.4,1.00e-05,297,70.14929492727272,70.14929492727272,70.14929492727272,0.9987603425979614
MMDpt_dinov2_vitb14_l5_g1.00e-05,dinov2_vitb14,blocks.4,1.00e-05,298,70.15787111818182,70.15787111818182,70.15787111818182,1.0008187294006348
MMDpt_dinov2_vitb14_l5_g1.00e-05,dinov2_vitb14,blocks.4,1.00e-05,299,70.16147875909091,70.16147875909091,70.16147875909091,1.0040538311004639
MMDpt_dinov2_vitb14_l5_g1.00e-05,dinov2_vitb14,blocks.4,1.00e-05,300,70.20511073181818,70.20511073181818,70.20511073181818,1.0054501295089722
MMDpt_dinov2_vitb14_l5_g1.00e-05,dinov2_vitb14,blocks.4,1.00e-05,301,70.32331571818182,70.32331571818182,70.32331571818182,0.9959965348243713
MMDpt_dinov2_vitb14_l5_g1.00e-05,dinov2_vitb14,blocks.4,1.00e-05,302,70.37705808636363,70.37705808636363,70.37705808636363,1.0049511194229126
MMDpt_dinov2_vitb14_l5_g1.00e-05,dinov2_vitb14,blocks.4,1.00e-05,303,70.399005675,70.399005675,70.399005675,0.9977855086326599
MMDpt_dinov2_vitb14_l5_g1.00e-05,dinov2_vitb14,blocks.4,1.00e-05,304,70.50181075318181,70.50181075318181,70.50181075318181,1.0011446475982666
MMDpt_dinov2_vitb14_l5_g1.00e-05,dinov2_vitb14,blocks.4,1.00e-05,305,70.6102672090909,70.6102672090909,70.6102672090909,1.0038304328918457
MMDpt_dinov2_vitb14_l5_g1.00e-05,dinov2_vitb14,blocks.4,1.00e-05,306,70.7436578590909,70.7436578590909,70.7436578590909,1.0050673484802246
MMDpt_dinov2_vitb14_l5_g1.00e-05,dinov2_vitb14,blocks.4,1.00e-05,307,70.83137117272727,70.83137117272727,70.83137117272727,1.0065268278121948
MMDpt_dinov2_vitb14_l5_g1.00e-05,dinov2_vitb14,blocks.4,1.00e-05,308,70.8352099,70.8352099,70.8352099,0.994702935218811
MMDpt_dinov2_vitb14_l5_g1.00e-05,dinov2_vitb14,blocks.4,1.00e-05,309,70.84563281363636,70.84563281363636,70.84563281363636,1.0003635883331299
MMDpt_dinov2_vitb14_l5_g1.00e-05,dinov2_vitb14,blocks.4,1.00e-05,310,70.86294127272727,70.86294127272727,70.86294127272727,0.995803952217102
MMDpt_dinov2_vitb14_l5_g1.00e-05,dinov2_vitb14,blocks.4,1.00e-05,311,70.88488886772727,70.88488886772727,70.88488886772727,0.992124617099762
MMDpt_dinov2_vitb14_l5_g1.00e-05,dinov2_vitb14,blocks.4,1.00e-05,312,70.94146290454545,70.94146290454545,70.94146290454545,0.9843722581863403
MMDpt_dinov2_vitb14_l5_g1.00e-05,dinov2_vitb14,blocks.4,1.00e-05,313,71.03486937272727,71.03486937272727,71.03486937272727,1.0055125951766968
MMDpt_dinov2_vitb14_l5_g1.00e-05,dinov2_vitb14,blocks.4,1.00e-05,314,71.06114357272727,71.06114357272727,71.06114357272727,0.9959391355514526
MMDpt_dinov2_vitb14_l5_g1.00e-05,dinov2_vitb14,blocks.4,1.00e-05,315,71.16676672727273,71.16676672727273,71.16676672727273,1.0064743757247925
MMDpt_dinov2_vitb14_l5_g1.00e-05,dinov2_vitb14,blocks.4,1.00e-05,316,71.17873871818182,71.17873871818182,71.17873871818182,0.9990419149398804
MMDpt_dinov2_vitb14_l5_g1.00e-05,dinov2_vitb14,blocks.4,1.00e-05,317,71.2066498259091,71.2066498259091,71.2066498259091,0.9960980415344238
MMDpt_dinov2_vitb14_l5_g1.00e-05,dinov2_vitb14,blocks.4,1.00e-05,318,71.25545576818182,71.25545576818182,71.25545576818182,1.0050441026687622
MMDpt_dinov2_vitb14_l5_g1.00e-05,dinov2_vitb14,blocks.4,1.00e-05,319,71.3174982909091,71.3174982909091,71.3174982909091,1.0003505945205688
MMDpt_dinov2_vitb14_l5_g1.00e-05,dinov2_vitb14,blocks.4,1.00e-05,320,71.36296618181818,71.36296618181818,71.36296618181818,0.9966627359390259
MMDpt_dinov2_vitb14_l5_g1.00e-05,dinov2_vitb14,blocks.4,1.00e-05,321,71.46931471818182,71.46931471818182,71.46931471818182,1.005513072013855
MMDpt_dinov2_vitb14_l5_g1.00e-05,dinov2_vitb14,blocks.4,1.00e-05,322,71.72297334090909,71.72297334090909,71.72297334090909,0.9991804361343384
MMDpt_dinov2_vitb14_l5_g1.00e-05,dinov2_vitb14,blocks.4,1.00e-05,323,71.90808025909091,71.90808025909091,71.90808025909091,0.9997169971466064
MMDpt_dinov2_vitb14_l5_g1.00e-05,dinov2_vitb14,blocks.4,1.00e-05,324,71.99829709090909,71.99829709090909,71.99829709090909,0.9964214563369751
MMDpt_dinov2_vitb14_l5_g1.00e-05,dinov2_vitb14,blocks.4,1.00e-05,325,72.09644175681818,72.09644175681818,72.09644175681818,1.0000202655792236
MMDpt_dinov2_vitb14_l5_g1.00e-05,dinov2_vitb14,blocks.4,1.00e-05,326,72.15469048045455,72.15469048045455,72.15469048045455,1.0041614770889282
MMDpt_dinov2_vitb14_l5_g1.00e-05,dinov2_vitb14,blocks.4,1.00e-05,327,72.16259906363636,72.16259906363636,72.16259906363636,1.0018455982208252
MMDpt_dinov2_vitb14_l5_g1.00e-05,dinov2_vitb14,blocks.4,1.00e-05,328,72.25012620454545,72.25012620454545,72.25012620454545,0.9969185590744019
MMDpt_dinov2_vitb14_l5_g1.00e-05,dinov2_vitb14,blocks.4,1.00e-05,329,72.32991709090909,72.32991709090909,72.32991709090909,1.002663016319275
MMDpt_dinov2_vitb14_l5_g1.00e-05,dinov2_vitb14,blocks.4,1.00e-05,330,72.3529890590909,72.3529890590909,72.3529890590909,0.995971143245697
MMDpt_dinov2_vitb14_l5_g1.00e-05,dinov2_vitb14,blocks.4,1.00e-05,331,72.35690482818183,72.35690482818183,72.35690482818183,0.9974956512451172
MMDpt_dinov2_vitb14_l5_g1.00e-05,dinov2_vitb14,blocks.4,1.00e-05,332,72.45495321363636,72.45495321363636,72.45495321363636,1.0032944679260254
MMDpt_dinov2_vitb14_l5_g1.00e-05,dinov2_vitb14,blocks.4,1.00e-05,333,72.62635492727273,72.62635492727273,72.62635492727273,0.996816098690033
MMDpt_dinov2_vitb14_l5_g1.00e-05,dinov2_vitb14,blocks.4,1.00e-05,334,72.63195748181819,72.63195748181819,72.63195748181819,0.9945536851882935
MMDpt_dinov2_vitb14_l5_g1.00e-05,dinov2_vitb14,blocks.4,1.00e-05,335,72.83995069636363,72.83995069636363,72.83995069636363,0.997402548789978
MMDpt_dinov2_vitb14_l5_g1.00e-05,dinov2_vitb14,blocks.4,1.00e-05,336,72.89617321363636,72.89617321363636,72.89617321363636,0.9956392645835876
MMDpt_dinov2_vitb14_l5_g1.00e-05,dinov2_vitb14,blocks.4,1.00e-05,337,73.03390340545455,73.03390340545455,73.03390340545455,1.005059003829956
MMDpt_dinov2_vitb14_l5_g1.00e-05,dinov2_vitb14,blocks.4,1.00e-05,338,73.11911989545455,73.11911989545455,73.11911989545455,1.0014935731887817
MMDpt_dinov2_vitb14_l5_g1.00e-05,dinov2_vitb14,blocks.4,1.00e-05,339,73.13833258181818,73.13833258181818,73.13833258181818,0.9915674924850464
MMDpt_dinov2_vitb14_l5_g1.00e-05,dinov2_vitb14,blocks.4,1.00e-05,340,73.33471177272727,73.33471177272727,73.33471177272727,0.9924586415290833
MMDpt_dinov2_vitb14_l5_g1.00e-05,dinov2_vitb14,blocks.4,1.00e-05,341,73.33981687045456,73.33981687045456,73.33981687045456,0.9953921437263489
MMDpt_dinov2_vitb14_l5_g1.00e-05,dinov2_vitb14,blocks.4,1.00e-05,342,73.39854528636364,73.39854528636364,73.39854528636364,0.9995588064193726
MMDpt_dinov2_vitb14_l5_g1.00e-05,dinov2_vitb14,blocks.4,1.00e-05,343,73.41015931818183,73.41015931818183,73.41015931818183,1.0054584741592407
MMDpt_dinov2_vitb14_l5_g1.00e-05,dinov2_vitb14,blocks.4,1.00e-05,344,73.44266513181819,73.44266513181819,73.44266513181819,1.0032134056091309
MMDpt_dinov2_vitb14_l5_g1.00e-05,dinov2_vitb14,blocks.4,1.00e-05,345,73.44619574090909,73.44619574090909,73.44619574090909,0.9952861070632935
MMDpt_dinov2_vitb14_l5_g1.00e-05,dinov2_vitb14,blocks.4,1.00e-05,346,73.46868897499999,73.46868897499999,73.46868897499999,1.0022673606872559
MMDpt_dinov2_vitb14_l5_g1.00e-05,dinov2_vitb14,blocks.4,1.00e-05,347,73.50964273636363,73.50964273636363,73.50964273636363,1.0012441873550415
MMDpt_dinov2_vitb14_l5_g1.00e-05,dinov2_vitb14,blocks.4,1.00e-05,348,73.53120189545454,73.53120189545454,73.53120189545454,1.0075381994247437
MMDpt_dinov2_vitb14_l5_g1.00e-05,dinov2_vitb14,blocks.4,1.00e-05,349,73.63946159545455,73.63946159545455,73.63946159545455,1.00688636302948
MMDpt_dinov2_vitb14_l5_g1.00e-05,dinov2_vitb14,blocks.4,1.00e-05,350,73.76844457272728,73.76844457272728,73.76844457272728,0.9954309463500977
MMDpt_dinov2_vitb14_l5_g1.00e-05,dinov2_vitb14,blocks.4,1.00e-05,351,73.80118299272728,73.80118299272728,73.80118299272728,1.0041075944900513
MMDpt_dinov2_vitb14_l5_g1.00e-05,dinov2_vitb14,blocks.4,1.00e-05,352,73.90576145,73.90576145,73.90576145,1.007306694984436
MMDpt_dinov2_vitb14_l5_g1.00e-05,dinov2_vitb14,blocks.4,1.00e-05,353,73.96756481363637,73.96756481363637,73.96756481363637,0.9947473406791687
MMDpt_dinov2_vitb14_l5_g1.00e-05,dinov2_vitb14,blocks.4,1.00e-05,354,74.00717849454546,74.00717849454546,74.00717849454546,1.0011119842529297
MMDpt_dinov2_vitb14_l5_g1.00e-05,dinov2_vitb14,blocks.4,1.00e-05,355,74.01135728181818,74.01135728181818,74.01135728181818,1.0072976350784302
MMDpt_dinov2_vitb14_l5_g1.00e-05,dinov2_vitb14,blocks.4,1.00e-05,356,74.05095793636363,74.05095793636363,74.05095793636363,0.9930627346038818
MMDpt_dinov2_vitb14_l5_g1.00e-05,dinov2_vitb14,blocks.4,1.00e-05,357,74.05302495909092,74.05302495909092,74.05302495909092,0.9827325940132141
MMDpt_dinov2_vitb14_l5_g1.00e-05,dinov2_vitb14,blocks.4,1.00e-05,358,74.20412883636364,74.20412883636364,74.20412883636364,0.9948028922080994
MMDpt_dinov2_vitb14_l5_g1.00e-05,dinov2_vitb14,blocks.4,1.00e-05,359,74.32802774090909,74.32802774090909,74.32802774090909,1.006512999534607
MMDpt_dinov2_vitb14_l5_g1.00e-05,dinov2_vitb14,blocks.4,1.00e-05,360,74.38583995454546,74.38583995454546,74.38583995454546,0.9984319806098938
MMDpt_dinov2_vitb14_l5_g1.00e-05,dinov2_vitb14,blocks.4,1.00e-05,361,74.46433656818182,74.46433656818182,74.46433656818182,0.993958055973053
MMDpt_dinov2_vitb14_l5_g1.00e-05,dinov2_vitb14,blocks.4,1.00e-05,362,74.52572066363636,74.52572066363636,74.52572066363636,0.9955465197563171
MMDpt_dinov2_vitb14_l5_g1.00e-05,dinov2_vitb14,blocks.4,1.00e-05,363,74.86437946363637,74.86437946363637,74.86437946363637,1.007306456565857
MMDpt_dinov2_vitb14_l5_g1.00e-05,dinov2_vitb14,blocks.4,1.00e-05,364,74.89747095909091,74.89747095909091,74.89747095909091,1.0054506063461304
MMDpt_dinov2_vitb14_l5_g1.00e-05,dinov2_vitb14,blocks.4,1.00e-05,365,74.9084351090909,74.9084351090909,74.9084351090909,1.0024158954620361
MMDpt_dinov2_vitb14_l5_g1.00e-05,dinov2_vitb14,blocks.4,1.00e-05,366,75.02020153181819,75.02020153181819,75.02020153181819,0.9955666661262512
MMDpt_dinov2_vitb14_l5_g1.00e-05,dinov2_vitb14,blocks.4,1.00e-05,367,75.04613550454546,75.04613550454546,75.04613550454546,0.9961365461349487
MMDpt_dinov2_vitb14_l5_g1.00e-05,dinov2_vitb14,blocks.4,1.00e-05,368,75.04910765454545,75.04910765454545,75.04910765454545,1.0010600090026855
MMDpt_dinov2_vitb14_l5_g1.00e-05,dinov2_vitb14,blocks.4,1.00e-05,369,75.04911406363637,75.04911406363637,75.04911406363637,1.0008331537246704
MMDpt_dinov2_vitb14_l5_g1.00e-05,dinov2_vitb14,blocks.4,1.00e-05,370,75.14242499545455,75.14242499545455,75.14242499545455,0.9935345649719238
MMDpt_dinov2_vitb14_l5_g1.00e-05,dinov2_vitb14,blocks.4,1.00e-05,371,75.14524949545454,75.14524949545454,75.14524949545454,0.9986313581466675
MMDpt_dinov2_vitb14_l5_g1.00e-05,dinov2_vitb14,blocks.4,1.00e-05,372,75.21942449545455,75.21942449545455,75.21942449545455,0.9985727667808533
MMDpt_dinov2_vitb14_l5_g1.00e-05,dinov2_vitb14,blocks.4,1.00e-05,373,75.2494860690909,75.2494860690909,75.2494860690909,0.9963551163673401
MMDpt_dinov2_vitb14_l5_g1.00e-05,dinov2_vitb14,blocks.4,1.00e-05,374,75.29101026818182,75.29101026818182,75.29101026818182,0.9990347027778625
MMDpt_dinov2_vitb14_l5_g1.00e-05,dinov2_vitb14,blocks.4,1.00e-05,375,75.30463428181818,75.30463428181818,75.30463428181818,0.9917522668838501
MMDpt_dinov2_vitb14_l5_g1.00e-05,dinov2_vitb14,blocks.4,1.00e-05,376,75.35053226363635,75.35053226363635,75.35053226363635,1.0037577152252197
MMDpt_dinov2_vitb14_l5_g1.00e-05,dinov2_vitb14,blocks.4,1.00e-05,377,75.358434425,75.358434425,75.358434425,0.9953962564468384
MMDpt_dinov2_vitb14_l5_g1.00e-05,dinov2_vitb14,blocks.4,1.00e-05,378,75.4765098,75.4765098,75.4765098,0.9995744228363037
MMDpt_dinov2_vitb14_l5_g1.00e-05,dinov2_vitb14,blocks.4,1.00e-05,379,75.48288537727272,75.48288537727272,75.48288537727272,1.002981185913086
MMDpt_dinov2_vitb14_l5_g1.00e-05,dinov2_vitb14,blocks.4,1.00e-05,380,75.54217925454545,75.54217925454545,75.54217925454545,1.0035579204559326
MMDpt_dinov2_vitb14_l5_g1.00e-05,dinov2_vitb14,blocks.4,1.00e-05,381,75.65154605454546,75.65154605454546,75.65154605454546,0.9987406730651855
MMDpt_dinov2_vitb14_l5_g1.00e-05,dinov2_vitb14,blocks.4,1.00e-05,382,75.68111334545455,75.68111334545455,75.68111334545455,1.0060656070709229
MMDpt_dinov2_vitb14_l5_g1.00e-05,dinov2_vitb14,blocks.4,1.00e-05,383,75.77031593636364,75.77031593636364,75.77031593636364,1.0057529211044312
MMDpt_dinov2_vitb14_l5_g1.00e-05,dinov2_vitb14,blocks.4,1.00e-05,384,75.78166525454546,75.78166525454546,75.78166525454546,1.0022141933441162
MMDpt_dinov2_vitb14_l5_g1.00e-05,dinov2_vitb14,blocks.4,1.00e-05,385,75.79512009954546,75.79512009954546,75.79512009954546,1.002239465713501
MMDpt_dinov2_vitb14_l5_g1.00e-05,dinov2_vitb14,blocks.4,1.00e-05,386,75.84170493636363,75.84170493636363,75.84170493636363,0.9990699887275696
MMDpt_dinov2_vitb14_l5_g1.00e-05,dinov2_vitb14,blocks.4,1.00e-05,387,75.84312428636363,75.84312428636363,75.84312428636363,0.9901315569877625
MMDpt_dinov2_vitb14_l5_g1.00e-05,dinov2_vitb14,blocks.4,1.00e-05,388,76.02107943636364,76.02107943636364,76.02107943636364,0.9988628029823303
MMDpt_dinov2_vitb14_l5_g1.00e-05,dinov2_vitb14,blocks.4,1.00e-05,389,76.07231828181818,76.07231828181818,76.07231828181818,0.9995825886726379
MMDpt_dinov2_vitb14_l5_g1.00e-05,dinov2_vitb14,blocks.4,1.00e-05,390,76.16321556363636,76.16321556363636,76.16321556363636,1.0022740364074707
MMDpt_dinov2_vitb14_l5_g1.00e-05,dinov2_vitb14,blocks.4,1.00e-05,391,76.19598609272727,76.19598609272727,76.19598609272727,1.0025501251220703
MMDpt_dinov2_vitb14_l5_g1.00e-05,dinov2_vitb14,blocks.4,1.00e-05,392,76.26727722727273,76.26727722727273,76.26727722727273,0.9882771968841553
MMDpt_dinov2_vitb14_l5_g1.00e-05,dinov2_vitb14,blocks.4,1.00e-05,393,76.28929185454545,76.28929185454545,76.28929185454545,1.0051831007003784
MMDpt_dinov2_vitb14_l5_g1.00e-05,dinov2_vitb14,blocks.4,1.00e-05,394,76.28997104545455,76.28997104545455,76.28997104545455,0.9947564005851746
MMDpt_dinov2_vitb14_l5_g1.00e-05,dinov2_vitb14,blocks.4,1.00e-05,395,76.32376224090909,76.32376224090909,76.32376224090909,1.0017927885055542
MMDpt_dinov2_vitb14_l5_g1.00e-05,dinov2_vitb14,blocks.4,1.00e-05,396,76.35414479090909,76.35414479090909,76.35414479090909,0.9984792470932007
MMDpt_dinov2_vitb14_l5_g1.00e-05,dinov2_vitb14,blocks.4,1.00e-05,397,76.39021483181818,76.39021483181818,76.39021483181818,0.9962433576583862
MMDpt_dinov2_vitb14_l5_g1.00e-05,dinov2_vitb14,blocks.4,1.00e-05,398,76.45241142272727,76.45241142272727,76.45241142272727,0.995576798915863
MMDpt_dinov2_vitb14_l5_g1.00e-05,dinov2_vitb14,blocks.4,1.00e-05,399,76.51437691681818,76.51437691681818,76.51437691681818,1.0001726150512695
MMDpt_dinov2_vitb14_l5_g1.00e-05,dinov2_vitb14,blocks.4,1.00e-05,400,76.5471795409091,76.5471795409091,76.5471795409091,1.0029253959655762
MMDpt_dinov2_vitb14_l5_g1.00e-05,dinov2_vitb14,blocks.4,1.00e-05,401,76.59774437272728,76.59774437272728,76.59774437272728,1.0013142824172974
MMDpt_dinov2_vitb14_l5_g1.00e-05,dinov2_vitb14,blocks.4,1.00e-05,402,76.63823088636364,76.63823088636364,76.63823088636364,0.9890905022621155
MMDpt_dinov2_vitb14_l5_g1.00e-05,dinov2_vitb14,blocks.4,1.00e-05,403,76.64452179545455,76.64452179545455,76.64452179545455,1.0030436515808105
MMDpt_dinov2_vitb14_l5_g1.00e-05,dinov2_vitb14,blocks.4,1.00e-05,404,76.67493643727272,76.67493643727272,76.67493643727272,0.9878296852111816
MMDpt_dinov2_vitb14_l5_g1.00e-05,dinov2_vitb14,blocks.4,1.00e-05,405,76.67586082272727,76.67586082272727,76.67586082272727,1.000030755996704
MMDpt_dinov2_vitb14_l5_g1.00e-05,dinov2_vitb14,blocks.4,1.00e-05,406,76.81212329090908,76.81212329090908,76.81212329090908,1.005631446838379
MMDpt_dinov2_vitb14_l5_g1.00e-05,dinov2_vitb14,blocks.4,1.00e-05,407,76.90558185454546,76.90558185454546,76.90558185454546,1.0063177347183228
MMDpt_dinov2_vitb14_l5_g1.00e-05,dinov2_vitb14,blocks.4,1.00e-05,408,76.91644974545454,76.91644974545454,76.91644974545454,1.002302885055542
MMDpt_dinov2_vitb14_l5_g1.00e-05,dinov2_vitb14,blocks.4,1.00e-05,409,76.98329391227273,76.98329391227273,76.98329391227273,1.0011967420578003
MMDpt_dinov2_vitb14_l5_g1.00e-05,dinov2_vitb14,blocks.4,1.00e-05,410,77.11547369545454,77.11547369545454,77.11547369545454,1.0004719495773315
MMDpt_dinov2_vitb14_l5_g1.00e-05,dinov2_vitb14,blocks.4,1.00e-05,411,77.14402031818182,77.14402031818182,77.14402031818182,1.00059974193573
MMDpt_dinov2_vitb14_l5_g1.00e-05,dinov2_vitb14,blocks.4,1.00e-05,412,77.17084656363636,77.17084656363636,77.17084656363636,0.9892510175704956
MMDpt_dinov2_vitb14_l5_g1.00e-05,dinov2_vitb14,blocks.4,1.00e-05,413,77.25877326818183,77.25877326818183,77.25877326818183,1.006715178489685
MMDpt_dinov2_vitb14_l5_g1.00e-05,dinov2_vitb14,blocks.4,1.00e-05,414,77.34552212272727,77.34552212272727,77.34552212272727,0.9877172708511353
MMDpt_dinov2_vitb14_l5_g1.00e-05,dinov2_vitb14,blocks.4,1.00e-05,415,77.52582683636363,77.52582683636363,77.52582683636363,0.9915623664855957
MMDpt_dinov2_vitb14_l5_g1.00e-05,dinov2_vitb14,blocks.4,1.00e-05,416,77.65479755863636,77.65479755863636,77.65479755863636,1.007656455039978
MMDpt_dinov2_vitb14_l5_g1.00e-05,dinov2_vitb14,blocks.4,1.00e-05,417,77.69959142727272,77.69959142727272,77.69959142727272,1.0049642324447632
MMDpt_dinov2_vitb14_l5_g1.00e-05,dinov2_vitb14,blocks.4,1.00e-05,418,77.72501827727272,77.72501827727272,77.72501827727272,0.9902368187904358
MMDpt_dinov2_vitb14_l5_g1.00e-05,dinov2_vitb14,blocks.4,1.00e-05,419,77.83570625,77.83570625,77.83570625,1.0057523250579834
MMDpt_dinov2_vitb14_l5_g1.00e-05,dinov2_vitb14,blocks.4,1.00e-05,420,77.9733424409091,77.9733424409091,77.9733424409091,0.9999325275421143
MMDpt_dinov2_vitb14_l5_g1.00e-05,dinov2_vitb14,blocks.4,1.00e-05,421,78.0566007590909,78.0566007590909,78.0566007590909,1.0016766786575317
MMDpt_dinov2_vitb14_l5_g1.00e-05,dinov2_vitb14,blocks.4,1.00e-05,422,78.20425748181819,78.20425748181819,78.20425748181819,1.0015910863876343
MMDpt_dinov2_vitb14_l5_g1.00e-05,dinov2_vitb14,blocks.4,1.00e-05,423,78.23482706363636,78.23482706363636,78.23482706363636,0.988872766494751
MMDpt_dinov2_vitb14_l5_g1.00e-05,dinov2_vitb14,blocks.4,1.00e-05,424,78.25971381363637,78.25971381363637,78.25971381363637,0.999880850315094
MMDpt_dinov2_vitb14_l5_g1.00e-05,dinov2_vitb14,blocks.4,1.00e-05,425,78.3483194,78.3483194,78.3483194,0.9819733500480652
MMDpt_dinov2_vitb14_l5_g1.00e-05,dinov2_vitb14,blocks.4,1.00e-05,426,78.4185978909091,78.4185978909091,78.4185978909091,0.9929631352424622
MMDpt_dinov2_vitb14_l5_g1.00e-05,dinov2_vitb14,blocks.4,1.00e-05,427,78.53980069090909,78.53980069090909,78.53980069090909,1.0011167526245117
MMDpt_dinov2_vitb14_l5_g1.00e-05,dinov2_vitb14,blocks.4,1.00e-05,428,78.54177141363635,78.54177141363635,78.54177141363635,1.003385066986084
MMDpt_dinov2_vitb14_l5_g1.00e-05,dinov2_vitb14,blocks.4,1.00e-05,429,78.57485005,78.57485005,78.57485005,0.9944099187850952
MMDpt_dinov2_vitb14_l5_g1.00e-05,dinov2_vitb14,blocks.4,1.00e-05,430,78.5853263609091,78.5853263609091,78.5853263609091,0.9913010597229004
MMDpt_dinov2_vitb14_l5_g1.00e-05,dinov2_vitb14,blocks.4,1.00e-05,431,78.61859467727272,78.61859467727272,78.61859467727272,1.0032190084457397
MMDpt_dinov2_vitb14_l5_g1.00e-05,dinov2_vitb14,blocks.4,1.00e-05,432,78.63007529545455,78.63007529545455,78.63007529545455,1.005898118019104
MMDpt_dinov2_vitb14_l5_g1.00e-05,dinov2_vitb14,blocks.4,1.00e-05,433,78.86957993181818,78.86957993181818,78.86957993181818,0.9992078542709351
MMDpt_dinov2_vitb14_l5_g1.00e-05,dinov2_vitb14,blocks.4,1.00e-05,434,79.22077921818182,79.22077921818182,79.22077921818182,0.9991358518600464
MMDpt_dinov2_vitb14_l5_g1.00e-05,dinov2_vitb14,blocks.4,1.00e-05,435,79.25695136818182,79.25695136818182,79.25695136818182,1.004401683807373
MMDpt_dinov2_vitb14_l5_g1.00e-05,dinov2_vitb14,blocks.4,1.00e-05,436,79.28284742727273,79.28284742727273,79.28284742727273,1.0014902353286743
MMDpt_dinov2_vitb14_l5_g1.00e-05,dinov2_vitb14,blocks.4,1.00e-05,437,79.36729972727272,79.36729972727272,79.36729972727272,1.0005484819412231
MMDpt_dinov2_vitb14_l5_g1.00e-05,dinov2_vitb14,blocks.4,1.00e-05,438,79.46781420454546,79.46781420454546,79.46781420454546,1.006042242050171
MMDpt_dinov2_vitb14_l5_g1.00e-05,dinov2_vitb14,blocks.4,1.00e-05,439,79.51125251363636,79.51125251363636,79.51125251363636,1.0037965774536133
MMDpt_dinov2_vitb14_l5_g1.00e-05,dinov2_vitb14,blocks.4,1.00e-05,440,79.62850745318183,79.62850745318183,79.62850745318183,0.9989497065544128
MMDpt_dinov2_vitb14_l5_g1.00e-05,dinov2_vitb14,blocks.4,1.00e-05,441,79.6499864090909,79.6499864090909,79.6499864090909,0.9971513748168945
MMDpt_dinov2_vitb14_l5_g1.00e-05,dinov2_vitb14,blocks.4,1.00e-05,442,79.75645692727272,79.75645692727272,79.75645692727272,0.9916110634803772
MMDpt_dinov2_vitb14_l5_g1.00e-05,dinov2_vitb14,blocks.4,1.00e-05,443,79.91532173636364,79.91532173636364,79.91532173636364,1.0034559965133667
MMDpt_dinov2_vitb14_l5_g1.00e-05,dinov2_vitb14,blocks.4,1.00e-05,444,79.94757872272727,79.94757872272727,79.94757872272727,1.000563144683838
MMDpt_dinov2_vitb14_l5_g1.00e-05,dinov2_vitb14,blocks.4,1.00e-05,445,80.02392345454545,80.02392345454545,80.02392345454545,0.9993031620979309
MMDpt_dinov2_vitb14_l5_g1.00e-05,dinov2_vitb14,blocks.4,1.00e-05,446,80.13685939999999,80.13685939999999,80.13685939999999,1.0027984380722046
MMDpt_dinov2_vitb14_l5_g1.00e-05,dinov2_vitb14,blocks.4,1.00e-05,447,80.28660759545454,80.28660759545454,80.28660759545454,1.0025984048843384
MMDpt_dinov2_vitb14_l5_g1.00e-05,dinov2_vitb14,blocks.4,1.00e-05,448,80.40461357272727,80.40461357272727,80.40461357272727,1.002119779586792
MMDpt_dinov2_vitb14_l5_g1.00e-05,dinov2_vitb14,blocks.4,1.00e-05,449,80.43965011363636,80.43965011363636,80.43965011363636,1.00527024269104
MMDpt_dinov2_vitb14_l5_g1.00e-05,dinov2_vitb14,blocks.4,1.00e-05,450,80.56802326363636,80.56802326363636,80.56802326363636,1.006659746170044
MMDpt_dinov2_vitb14_l5_g1.00e-05,dinov2_vitb14,blocks.4,1.00e-05,451,80.69563893636364,80.69563893636364,80.69563893636364,0.9887832999229431
MMDpt_dinov2_vitb14_l5_g1.00e-05,dinov2_vitb14,blocks.4,1.00e-05,452,80.83871870454546,80.83871870454546,80.83871870454546,1.0076709985733032
MMDpt_dinov2_vitb14_l5_g1.00e-05,dinov2_vitb14,blocks.4,1.00e-05,453,80.88731798181819,80.88731798181819,80.88731798181819,0.9953591823577881
MMDpt_dinov2_vitb14_l5_g1.00e-05,dinov2_vitb14,blocks.4,1.00e-05,454,80.98601989090909,80.98601989090909,80.98601989090909,0.9933003783226013
MMDpt_dinov2_vitb14_l5_g1.00e-05,dinov2_vitb14,blocks.4,1.00e-05,455,81.02786977272727,81.02786977272727,81.02786977272727,0.9937036633491516
MMDpt_dinov2_vitb14_l5_g1.00e-05,dinov2_vitb14,blocks.4,1.00e-05,456,81.46314962272727,81.46314962272727,81.46314962272727,1.0033208131790161
MMDpt_dinov2_vitb14_l5_g1.00e-05,dinov2_vitb14,blocks.4,1.00e-05,457,81.49191450454545,81.49191450454545,81.49191450454545,0.9980764389038086
MMDpt_dinov2_vitb14_l5_g1.00e-05,dinov2_vitb14,blocks.4,1.00e-05,458,81.53910919545454,81.53910919545454,81.53910919545454,0.9867419004440308
MMDpt_dinov2_vitb14_l5_g1.00e-05,dinov2_vitb14,blocks.4,1.00e-05,459,81.65584415909092,81.65584415909092,81.65584415909092,1.0074386596679688
MMDpt_dinov2_vitb14_l5_g1.00e-05,dinov2_vitb14,blocks.4,1.00e-05,460,81.66778405000001,81.66778405000001,81.66778405000001,0.9992597699165344
MMDpt_dinov2_vitb14_l5_g1.00e-05,dinov2_vitb14,blocks.4,1.00e-05,461,82.0783984909091,82.0783984909091,82.0783984909091,1.006662368774414
MMDpt_dinov2_vitb14_l5_g1.00e-05,dinov2_vitb14,blocks.4,1.00e-05,462,82.11143467727273,82.11143467727273,82.11143467727273,0.9974302053451538
MMDpt_dinov2_vitb14_l5_g1.00e-05,dinov2_vitb14,blocks.4,1.00e-05,463,82.15394328181819,82.15394328181819,82.15394328181819,1.002099633216858
MMDpt_dinov2_vitb14_l5_g1.00e-05,dinov2_vitb14,blocks.4,1.00e-05,464,82.87086985,82.87086985,82.87086985,0.9892683029174805
MMDpt_dinov2_vitb14_l5_g1.00e-05,dinov2_vitb14,blocks.4,1.00e-05,465,83.04785639090909,83.04785639090909,83.04785639090909,0.9965980648994446
MMDpt_dinov2_vitb14_l5_g1.00e-05,dinov2_vitb14,blocks.4,1.00e-05,466,83.2706767,83.2706767,83.2706767,0.9930555820465088
MMDpt_dinov2_vitb14_l5_g1.00e-05,dinov2_vitb14,blocks.4,1.00e-05,467,83.28013232272727,83.28013232272727,83.28013232272727,1.000688910484314
MMDpt_dinov2_vitb14_l5_g1.00e-05,dinov2_vitb14,blocks.4,1.00e-05,468,83.32162666818182,83.32162666818182,83.32162666818182,0.9953945279121399
MMDpt_dinov2_vitb14_l5_g1.00e-05,dinov2_vitb14,blocks.4,1.00e-05,469,83.35334443181819,83.35334443181819,83.35334443181819,1.0027861595153809
MMDpt_dinov2_vitb14_l5_g1.00e-05,dinov2_vitb14,blocks.4,1.00e-05,470,83.45792123636365,83.45792123636365,83.45792123636365,0.9974679350852966
MMDpt_dinov2_vitb14_l5_g1.00e-05,dinov2_vitb14,blocks.4,1.00e-05,471,84.18152392727274,84.18152392727274,84.18152392727274,0.9968463778495789
MMDpt_dinov2_vitb14_l5_g1.00e-05,dinov2_vitb14,blocks.4,1.00e-05,472,84.62887205909091,84.62887205909091,84.62887205909091,0.9903761148452759
MMDpt_dinov2_vitb14_l5_g1.00e-05,dinov2_vitb14,blocks.4,1.00e-05,473,85.11071750454545,85.11071750454545,85.11071750454545,0.9808163642883301
MMDpt_dinov2_vitb14_l5_g1.00e-05,dinov2_vitb14,blocks.4,1.00e-05,474,85.12217595454545,85.12217595454545,85.12217595454545,0.9904143810272217
MMDpt_dinov2_vitb14_l5_g1.00e-05,dinov2_vitb14,blocks.4,1.00e-05,475,85.54109655454546,85.54109655454546,85.54109655454546,1.0023486614227295
MMDpt_dinov2_vitb14_l5_g1.00e-05,dinov2_vitb14,blocks.4,1.00e-05,476,85.8163718359091,85.8163718359091,85.8163718359091,1.0076664686203003
MMDpt_dinov2_vitb14_l5_g1.00e-05,dinov2_vitb14,blocks.4,1.00e-05,477,86.0069106,86.0069106,86.0069106,1.0036342144012451
MMDpt_dinov2_vitb14_l5_g1.00e-05,dinov2_vitb14,blocks.4,1.00e-05,478,86.07828567272726,86.07828567272726,86.07828567272726,1.00583815574646
MMDpt_dinov2_vitb14_l5_g1.00e-05,dinov2_vitb14,blocks.4,1.00e-05,479,86.46879091363637,86.46879091363637,86.46879091363637,0.9983513951301575
MMDpt_dinov2_vitb14_l5_g1.00e-05,dinov2_vitb14,blocks.4,1.00e-05,480,87.81027129545454,87.81027129545454,87.81027129545454,1.0059361457824707
MMDpt_dinov2_vitb14_l5_g2.80e-05,dinov2_vitb14,blocks.4,2.80e-05,1,10.383351573636363,10.383351573636363,10.383351573636363,1.0000083446502686
MMDpt_dinov2_vitb14_l5_g2.80e-05,dinov2_vitb14,blocks.4,2.80e-05,2,11.237612673636363,11.237612673636363,11.237612673636363,1.0000090599060059
MMDpt_dinov2_vitb14_l5_g2.80e-05,dinov2_vitb14,blocks.4,2.80e-05,3,12.873956289545454,12.873956289545454,12.873956289545454,1.0000091791152954
MMDpt_dinov2_vitb14_l5_g2.80e-05,dinov2_vitb14,blocks.4,2.80e-05,4,13.852077771363637,13.852077771363637,13.852077771363637,1.0000015497207642
MMDpt_dinov2_vitb14_l5_g2.80e-05,dinov2_vitb14,blocks.4,2.80e-05,5,14.772021149545454,14.772021149545454,14.772021149545454,1.0000009536743164
MMDpt_dinov2_vitb14_l5_g2.80e-05,dinov2_vitb14,blocks.4,2.80e-05,6,15.774696462272727,15.774696462272727,15.774696462272727,1.0000091791152954
MMDpt_dinov2_vitb14_l5_g2.80e-05,dinov2_vitb14,blocks.4,2.80e-05,7,16.11136225,16.11136225,16.11136225,1.0000091791152954
MMDpt_dinov2_vitb14_l5_g2.80e-05,dinov2_vitb14,blocks.4,2.80e-05,8,16.718538883636366,16.718538883636366,16.718538883636366,1.0000050067901611
MMDpt_dinov2_vitb14_l5_g2.80e-05,dinov2_vitb14,blocks.4,2.80e-05,9,16.83383592,16.83383592,16.83383592,0.9999805688858032
MMDpt_dinov2_vitb14_l5_g2.80e-05,dinov2_vitb14,blocks.4,2.80e-05,10,16.977602550909094,16.977602550909094,16.977602550909094,0.9999913573265076
MMDpt_dinov2_vitb14_l5_g2.80e-05,dinov2_vitb14,blocks.4,2.80e-05,11,17.128398308636363,17.128398308636363,17.128398308636363,1.0000073909759521
MMDpt_dinov2_vitb14_l5_g2.80e-05,dinov2_vitb14,blocks.4,2.80e-05,12,17.49981897681818,17.49981897681818,17.49981897681818,1.000007152557373
MMDpt_dinov2_vitb14_l5_g2.80e-05,dinov2_vitb14,blocks.4,2.80e-05,13,18.01987185318182,18.01987185318182,18.01987185318182,1.0000042915344238
MMDpt_dinov2_vitb14_l5_g2.80e-05,dinov2_vitb14,blocks.4,2.80e-05,14,18.22368484818182,18.22368484818182,18.22368484818182,1.0000090599060059
MMDpt_dinov2_vitb14_l5_g2.80e-05,dinov2_vitb14,blocks.4,2.80e-05,15,18.40435578590909,18.40435578590909,18.40435578590909,1.0000067949295044
MMDpt_dinov2_vitb14_l5_g2.80e-05,dinov2_vitb14,blocks.4,2.80e-05,16,18.964998386363636,18.964998386363636,18.964998386363636,1.0000073909759521
MMDpt_dinov2_vitb14_l5_g2.80e-05,dinov2_vitb14,blocks.4,2.80e-05,17,19.531784013636365,19.531784013636365,19.531784013636365,0.9999971985816956
MMDpt_dinov2_vitb14_l5_g2.80e-05,dinov2_vitb14,blocks.4,2.80e-05,18,21.457911477272727,21.457911477272727,21.457911477272727,1.0000078678131104
MMDpt_dinov2_vitb14_l5_g2.80e-05,dinov2_vitb14,blocks.4,2.80e-05,19,22.164942098181818,22.164942098181818,22.164942098181818,1.000007152557373
MMDpt_dinov2_vitb14_l5_g2.80e-05,dinov2_vitb14,blocks.4,2.80e-05,20,22.207954510454545,22.207954510454545,22.207954510454545,1.0000091791152954
MMDpt_dinov2_vitb14_l5_g2.80e-05,dinov2_vitb14,blocks.4,2.80e-05,21,22.336504287727273,22.336504287727273,22.336504287727273,0.9999869465827942
MMDpt_dinov2_vitb14_l5_g2.80e-05,dinov2_vitb14,blocks.4,2.80e-05,22,22.775860404545455,22.775860404545455,22.775860404545455,1.0000077486038208
MMDpt_dinov2_vitb14_l5_g2.80e-05,dinov2_vitb14,blocks.4,2.80e-05,23,23.03693973772727,23.03693973772727,23.03693973772727,1.0000017881393433
MMDpt_dinov2_vitb14_l5_g2.80e-05,dinov2_vitb14,blocks.4,2.80e-05,24,23.073138160909092,23.073138160909092,23.073138160909092,1.000007152557373
MMDpt_dinov2_vitb14_l5_g2.80e-05,dinov2_vitb14,blocks.4,2.80e-05,25,23.859046570909094,23.859046570909094,23.859046570909094,1.0000091791152954
MMDpt_dinov2_vitb14_l5_g2.80e-05,dinov2_vitb14,blocks.4,2.80e-05,26,24.108436355454547,24.108436355454547,24.108436355454547,0.9999993443489075
MMDpt_dinov2_vitb14_l5_g2.80e-05,dinov2_vitb14,blocks.4,2.80e-05,27,24.136628927727273,24.136628927727273,24.136628927727273,1.0000076293945312
MMDpt_dinov2_vitb14_l5_g2.80e-05,dinov2_vitb14,blocks.4,2.80e-05,28,24.706419758636365,24.706419758636365,24.706419758636365,1.0000087022781372
MMDpt_dinov2_vitb14_l5_g2.80e-05,dinov2_vitb14,blocks.4,2.80e-05,29,25.160939161363636,25.160939161363636,25.160939161363636,1.000008225440979
MMDpt_dinov2_vitb14_l5_g2.80e-05,dinov2_vitb14,blocks.4,2.80e-05,30,25.272293834545454,25.272293834545454,25.272293834545454,0.999976396560669
MMDpt_dinov2_vitb14_l5_g2.80e-05,dinov2_vitb14,blocks.4,2.80e-05,31,25.739496508636364,25.739496508636364,25.739496508636364,1.0000073909759521
MMDpt_dinov2_vitb14_l5_g2.80e-05,dinov2_vitb14,blocks.4,2.80e-05,32,26.08368123090909,26.08368123090909,26.08368123090909,1.0000041723251343
MMDpt_dinov2_vitb14_l5_g2.80e-05,dinov2_vitb14,blocks.4,2.80e-05,33,26.26193154681818,26.26193154681818,26.26193154681818,1.0000051259994507
MMDpt_dinov2_vitb14_l5_g2.80e-05,dinov2_vitb14,blocks.4,2.80e-05,34,26.29922768272727,26.29922768272727,26.29922768272727,1.0000053644180298
MMDpt_dinov2_vitb14_l5_g2.80e-05,dinov2_vitb14,blocks.4,2.80e-05,35,26.647243233181822,26.647243233181822,26.647243233181822,1.0000091791152954
MMDpt_dinov2_vitb14_l5_g2.80e-05,dinov2_vitb14,blocks.4,2.80e-05,36,26.80277036,26.80277036,26.80277036,0.9999918341636658
MMDpt_dinov2_vitb14_l5_g2.80e-05,dinov2_vitb14,blocks.4,2.80e-05,37,27.710613355454544,27.710613355454544,27.710613355454544,1.0000091791152954
MMDpt_dinov2_vitb14_l5_g2.80e-05,dinov2_vitb14,blocks.4,2.80e-05,38,27.723830698181818,27.723830698181818,27.723830698181818,1.000006079673767
MMDpt_dinov2_vitb14_l5_g2.80e-05,dinov2_vitb14,blocks.4,2.80e-05,39,27.94224735681818,27.94224735681818,27.94224735681818,1.0000072717666626
MMDpt_dinov2_vitb14_l5_g2.80e-05,dinov2_vitb14,blocks.4,2.80e-05,40,28.008295531363636,28.008295531363636,28.008295531363636,1.0000075101852417
MMDpt_dinov2_vitb14_l5_g2.80e-05,dinov2_vitb14,blocks.4,2.80e-05,41,28.427649107272728,28.427649107272728,28.427649107272728,1.0000065565109253
MMDpt_dinov2_vitb14_l5_g2.80e-05,dinov2_vitb14,blocks.4,2.80e-05,42,28.610673086363636,28.610673086363636,28.610673086363636,1.0000089406967163
MMDpt_dinov2_vitb14_l5_g2.80e-05,dinov2_vitb14,blocks.4,2.80e-05,43,28.864666542727274,28.864666542727274,28.864666542727274,1.0000089406967163
MMDpt_dinov2_vitb14_l5_g2.80e-05,dinov2_vitb14,blocks.4,2.80e-05,44,28.872480873181818,28.872480873181818,28.872480873181818,1.000004529953003
MMDpt_dinov2_vitb14_l5_g2.80e-05,dinov2_vitb14,blocks.4,2.80e-05,45,29.867093540909092,29.867093540909092,29.867093540909092,1.0000091791152954
MMDpt_dinov2_vitb14_l5_g2.80e-05,dinov2_vitb14,blocks.4,2.80e-05,46,30.946254809545454,30.946254809545454,30.946254809545454,1.0000054836273193
MMDpt_dinov2_vitb14_l5_g2.80e-05,dinov2_vitb14,blocks.4,2.80e-05,47,31.113843444545456,31.113843444545456,31.113843444545456,1.0000067949295044
MMDpt_dinov2_vitb14_l5_g2.80e-05,dinov2_vitb14,blocks.4,2.80e-05,48,31.75240744409091,31.75240744409091,31.75240744409091,0.999999463558197
MMDpt_dinov2_vitb14_l5_g2.80e-05,dinov2_vitb14,blocks.4,2.80e-05,49,31.962474827272725,31.962474827272725,31.962474827272725,0.9999873042106628
MMDpt_dinov2_vitb14_l5_g2.80e-05,dinov2_vitb14,blocks.4,2.80e-05,50,32.10326235227273,32.10326235227273,32.10326235227273,1.0000053644180298
MMDpt_dinov2_vitb14_l5_g2.80e-05,dinov2_vitb14,blocks.4,2.80e-05,51,32.57260997909091,32.57260997909091,32.57260997909091,1.0000061988830566
MMDpt_dinov2_vitb14_l5_g2.80e-05,dinov2_vitb14,blocks.4,2.80e-05,52,33.29309288772727,33.29309288772727,33.29309288772727,0.9999708533287048
MMDpt_dinov2_vitb14_l5_g2.80e-05,dinov2_vitb14,blocks.4,2.80e-05,53,33.63066458409091,33.63066458409091,33.63066458409091,1.0000081062316895
MMDpt_dinov2_vitb14_l5_g2.80e-05,dinov2_vitb14,blocks.4,2.80e-05,54,33.94931614045454,33.94931614045454,33.94931614045454,1.0000067949295044
MMDpt_dinov2_vitb14_l5_g2.80e-05,dinov2_vitb14,blocks.4,2.80e-05,55,34.254768114545456,34.254768114545456,34.254768114545456,1.0000064373016357
MMDpt_dinov2_vitb14_l5_g2.80e-05,dinov2_vitb14,blocks.4,2.80e-05,56,35.01583384090909,35.01583384090909,35.01583384090909,1.0000083446502686
MMDpt_dinov2_vitb14_l5_g2.80e-05,dinov2_vitb14,blocks.4,2.80e-05,57,35.61844186090909,35.61844186090909,35.61844186090909,1.0000046491622925
MMDpt_dinov2_vitb14_l5_g2.80e-05,dinov2_vitb14,blocks.4,2.80e-05,58,36.50372615909091,36.50372615909091,36.50372615909091,1.0000087022781372
MMDpt_dinov2_vitb14_l5_g2.80e-05,dinov2_vitb14,blocks.4,2.80e-05,59,36.74721518909091,36.74721518909091,36.74721518909091,1.0000079870224
MMDpt_dinov2_vitb14_l5_g2.80e-05,dinov2_vitb14,blocks.4,2.80e-05,60,37.183868766818186,37.183868766818186,37.183868766818186,1.000008225440979
MMDpt_dinov2_vitb14_l5_g2.80e-05,dinov2_vitb14,blocks.4,2.80e-05,61,37.586910895,37.586910895,37.586910895,0.9999951124191284
MMDpt_dinov2_vitb14_l5_g2.80e-05,dinov2_vitb14,blocks.4,2.80e-05,62,37.90925234181818,37.90925234181818,37.90925234181818,1.000000238418579
MMDpt_dinov2_vitb14_l5_g2.80e-05,dinov2_vitb14,blocks.4,2.80e-05,63,39.159607152727276,39.159607152727276,39.159607152727276,1.0000077486038208
MMDpt_dinov2_vitb14_l5_g2.80e-05,dinov2_vitb14,blocks.4,2.80e-05,64,39.16116855045455,39.16116855045455,39.16116855045455,1.0000090599060059
MMDpt_dinov2_vitb14_l5_g2.80e-05,dinov2_vitb14,blocks.4,2.80e-05,65,39.50363207727273,39.50363207727273,39.50363207727273,1.0000063180923462
MMDpt_dinov2_vitb14_l5_g2.80e-05,dinov2_vitb14,blocks.4,2.80e-05,66,39.72578294681818,39.72578294681818,39.72578294681818,0.9999960064888
MMDpt_dinov2_vitb14_l5_g2.80e-05,dinov2_vitb14,blocks.4,2.80e-05,67,40.10658689318182,40.10658689318182,40.10658689318182,1.0000083446502686
MMDpt_dinov2_vitb14_l5_g2.80e-05,dinov2_vitb14,blocks.4,2.80e-05,68,40.511631334545456,40.511631334545456,40.511631334545456,1.0000057220458984
MMDpt_dinov2_vitb14_l5_g2.80e-05,dinov2_vitb14,blocks.4,2.80e-05,69,41.22542756590909,41.22542756590909,41.22542756590909,1.0000083446502686
MMDpt_dinov2_vitb14_l5_g2.80e-05,dinov2_vitb14,blocks.4,2.80e-05,70,41.450596035,41.450596035,41.450596035,0.9999995827674866
MMDpt_dinov2_vitb14_l5_g2.80e-05,dinov2_vitb14,blocks.4,2.80e-05,71,41.606778884545456,41.606778884545456,41.606778884545456,0.9999762773513794
MMDpt_dinov2_vitb14_l5_g2.80e-05,dinov2_vitb14,blocks.4,2.80e-05,72,41.74143011090909,41.74143011090909,41.74143011090909,1.0000032186508179
MMDpt_dinov2_vitb14_l5_g2.80e-05,dinov2_vitb14,blocks.4,2.80e-05,73,42.27668356454546,42.27668356454546,42.27668356454546,1.0000064373016357
MMDpt_dinov2_vitb14_l5_g2.80e-05,dinov2_vitb14,blocks.4,2.80e-05,74,42.349748590454546,42.349748590454546,42.349748590454546,1.0000077486038208
MMDpt_dinov2_vitb14_l5_g2.80e-05,dinov2_vitb14,blocks.4,2.80e-05,75,42.93479045136364,42.93479045136364,42.93479045136364,1.0000088214874268
MMDpt_dinov2_vitb14_l5_g2.80e-05,dinov2_vitb14,blocks.4,2.80e-05,76,42.999259720454546,42.999259720454546,42.999259720454546,1.0000067949295044
MMDpt_dinov2_vitb14_l5_g2.80e-05,dinov2_vitb14,blocks.4,2.80e-05,77,43.14833512181818,43.14833512181818,43.14833512181818,1.000008463859558
MMDpt_dinov2_vitb14_l5_g2.80e-05,dinov2_vitb14,blocks.4,2.80e-05,78,43.849900354999995,43.849900354999995,43.849900354999995,1.0000065565109253
MMDpt_dinov2_vitb14_l5_g2.80e-05,dinov2_vitb14,blocks.4,2.80e-05,79,44.24228326,44.24228326,44.24228326,0.9999952912330627
MMDpt_dinov2_vitb14_l5_g2.80e-05,dinov2_vitb14,blocks.4,2.80e-05,80,44.68483293727273,44.68483293727273,44.68483293727273,1.000008225440979
MMDpt_dinov2_vitb14_l5_g2.80e-05,dinov2_vitb14,blocks.4,2.80e-05,81,45.014271393181815,45.014271393181815,45.014271393181815,0.9999924898147583
MMDpt_dinov2_vitb14_l5_g2.80e-05,dinov2_vitb14,blocks.4,2.80e-05,82,45.044897863636365,45.044897863636365,45.044897863636365,1.0000091791152954
MMDpt_dinov2_vitb14_l5_g2.80e-05,dinov2_vitb14,blocks.4,2.80e-05,83,45.242849799999995,45.242849799999995,45.242849799999995,0.9999988079071045
MMDpt_dinov2_vitb14_l5_g2.80e-05,dinov2_vitb14,blocks.4,2.80e-05,84,45.34376912590909,45.34376912590909,45.34376912590909,1.000007152557373
MMDpt_dinov2_vitb14_l5_g2.80e-05,dinov2_vitb14,blocks.4,2.80e-05,85,45.44974382363636,45.44974382363636,45.44974382363636,1.0000056028366089
MMDpt_dinov2_vitb14_l5_g2.80e-05,dinov2_vitb14,blocks.4,2.80e-05,86,45.87703164136364,45.87703164136364,45.87703164136364,0.9999977350234985
MMDpt_dinov2_vitb14_l5_g2.80e-05,dinov2_vitb14,blocks.4,2.80e-05,87,46.05975058136364,46.05975058136364,46.05975058136364,1.0000083446502686
MMDpt_dinov2_vitb14_l5_g2.80e-05,dinov2_vitb14,blocks.4,2.80e-05,88,46.3385215,46.3385215,46.3385215,1.0000091791152954
MMDpt_dinov2_vitb14_l5_g2.80e-05,dinov2_vitb14,blocks.4,2.80e-05,89,46.461104443636366,46.461104443636366,46.461104443636366,1.0000065565109253
MMDpt_dinov2_vitb14_l5_g2.80e-05,dinov2_vitb14,blocks.4,2.80e-05,90,46.55172569545454,46.55172569545454,46.55172569545454,1.000008463859558
MMDpt_dinov2_vitb14_l5_g2.80e-05,dinov2_vitb14,blocks.4,2.80e-05,91,46.63784059272727,46.63784059272727,46.63784059272727,0.9999925494194031
MMDpt_dinov2_vitb14_l5_g2.80e-05,dinov2_vitb14,blocks.4,2.80e-05,92,46.92503363227272,46.92503363227272,46.92503363227272,1.0000048875808716
MMDpt_dinov2_vitb14_l5_g2.80e-05,dinov2_vitb14,blocks.4,2.80e-05,93,46.98420985,46.98420985,46.98420985,1.000002145767212
MMDpt_dinov2_vitb14_l5_g2.80e-05,dinov2_vitb14,blocks.4,2.80e-05,94,47.05894020545455,47.05894020545455,47.05894020545455,1.0000030994415283
MMDpt_dinov2_vitb14_l5_g2.80e-05,dinov2_vitb14,blocks.4,2.80e-05,95,47.18393024863636,47.18393024863636,47.18393024863636,1.0000091791152954
MMDpt_dinov2_vitb14_l5_g2.80e-05,dinov2_vitb14,blocks.4,2.80e-05,96,47.45620903181818,47.45620903181818,47.45620903181818,1.000001311302185
MMDpt_dinov2_vitb14_l5_g2.80e-05,dinov2_vitb14,blocks.4,2.80e-05,97,47.57944400681818,47.57944400681818,47.57944400681818,1.000002145767212
MMDpt_dinov2_vitb14_l5_g2.80e-05,dinov2_vitb14,blocks.4,2.80e-05,98,47.68605184090909,47.68605184090909,47.68605184090909,0.9999426007270813
MMDpt_dinov2_vitb14_l5_g2.80e-05,dinov2_vitb14,blocks.4,2.80e-05,99,47.85413733318182,47.85413733318182,47.85413733318182,1.0000090599060059
MMDpt_dinov2_vitb14_l5_g2.80e-05,dinov2_vitb14,blocks.4,2.80e-05,100,47.997159330454544,47.997159330454544,47.997159330454544,0.9999874234199524
MMDpt_dinov2_vitb14_l5_g2.80e-05,dinov2_vitb14,blocks.4,2.80e-05,101,48.745656067727275,48.745656067727275,48.745656067727275,1.0000004768371582
MMDpt_dinov2_vitb14_l5_g2.80e-05,dinov2_vitb14,blocks.4,2.80e-05,102,48.974869975454546,48.974869975454546,48.974869975454546,1.0000019073486328
MMDpt_dinov2_vitb14_l5_g2.80e-05,dinov2_vitb14,blocks.4,2.80e-05,103,49.269933079999994,49.269933079999994,49.269933079999994,1.0000067949295044
MMDpt_dinov2_vitb14_l5_g2.80e-05,dinov2_vitb14,blocks.4,2.80e-05,104,49.50143869090909,49.50143869090909,49.50143869090909,0.9999979138374329
MMDpt_dinov2_vitb14_l5_g2.80e-05,dinov2_vitb14,blocks.4,2.80e-05,105,50.02686477227273,50.02686477227273,50.02686477227273,1.0000067949295044
MMDpt_dinov2_vitb14_l5_g2.80e-05,dinov2_vitb14,blocks.4,2.80e-05,106,50.24467801363637,50.24467801363637,50.24467801363637,1.0000075101852417
MMDpt_dinov2_vitb14_l5_g2.80e-05,dinov2_vitb14,blocks.4,2.80e-05,107,50.26601576545454,50.26601576545454,50.26601576545454,1.000007152557373
MMDpt_dinov2_vitb14_l5_g2.80e-05,dinov2_vitb14,blocks.4,2.80e-05,108,50.287720933636365,50.287720933636365,50.287720933636365,1.0000073909759521
MMDpt_dinov2_vitb14_l5_g2.80e-05,dinov2_vitb14,blocks.4,2.80e-05,109,50.397065763181814,50.397065763181814,50.397065763181814,1.0000089406967163
MMDpt_dinov2_vitb14_l5_g2.80e-05,dinov2_vitb14,blocks.4,2.80e-05,110,50.44004938636363,50.44004938636363,50.44004938636363,1.0000091791152954
MMDpt_dinov2_vitb14_l5_g2.80e-05,dinov2_vitb14,blocks.4,2.80e-05,111,50.53053583909091,50.53053583909091,50.53053583909091,0.9999744892120361
MMDpt_dinov2_vitb14_l5_g2.80e-05,dinov2_vitb14,blocks.4,2.80e-05,112,50.744067415454545,50.744067415454545,50.744067415454545,0.9999975562095642
MMDpt_dinov2_vitb14_l5_g2.80e-05,dinov2_vitb14,blocks.4,2.80e-05,113,50.877768575909094,50.877768575909094,50.877768575909094,0.9999947547912598
MMDpt_dinov2_vitb14_l5_g2.80e-05,dinov2_vitb14,blocks.4,2.80e-05,114,50.952142585000004,50.952142585000004,50.952142585000004,1.0000078678131104
MMDpt_dinov2_vitb14_l5_g2.80e-05,dinov2_vitb14,blocks.4,2.80e-05,115,51.255980857727266,51.255980857727266,51.255980857727266,1.0000081062316895
MMDpt_dinov2_vitb14_l5_g2.80e-05,dinov2_vitb14,blocks.4,2.80e-05,116,51.47010300409091,51.47010300409091,51.47010300409091,1.0000066757202148
MMDpt_dinov2_vitb14_l5_g2.80e-05,dinov2_vitb14,blocks.4,2.80e-05,117,51.48649149727273,51.48649149727273,51.48649149727273,1.0000078678131104
MMDpt_dinov2_vitb14_l5_g2.80e-05,dinov2_vitb14,blocks.4,2.80e-05,118,51.49088870772727,51.49088870772727,51.49088870772727,1.0000066757202148
MMDpt_dinov2_vitb14_l5_g2.80e-05,dinov2_vitb14,blocks.4,2.80e-05,119,51.669473619090915,51.669473619090915,51.669473619090915,1.0000087022781372
MMDpt_dinov2_vitb14_l5_g2.80e-05,dinov2_vitb14,blocks.4,2.80e-05,120,51.78909724363636,51.78909724363636,51.78909724363636,1.0000091791152954
MMDpt_dinov2_vitb14_l5_g2.80e-05,dinov2_vitb14,blocks.4,2.80e-05,121,51.85205774272727,51.85205774272727,51.85205774272727,0.9999963641166687
MMDpt_dinov2_vitb14_l5_g2.80e-05,dinov2_vitb14,blocks.4,2.80e-05,122,51.87800455454545,51.87800455454545,51.87800455454545,1.0000091791152954
MMDpt_dinov2_vitb14_l5_g2.80e-05,dinov2_vitb14,blocks.4,2.80e-05,123,51.92553946363636,51.92553946363636,51.92553946363636,1.0000090599060059
MMDpt_dinov2_vitb14_l5_g2.80e-05,dinov2_vitb14,blocks.4,2.80e-05,124,52.00039339090909,52.00039339090909,52.00039339090909,1.0000022649765015
MMDpt_dinov2_vitb14_l5_g2.80e-05,dinov2_vitb14,blocks.4,2.80e-05,125,52.126720309090906,52.126720309090906,52.126720309090906,1.0000004768371582
MMDpt_dinov2_vitb14_l5_g2.80e-05,dinov2_vitb14,blocks.4,2.80e-05,126,52.30133809090909,52.30133809090909,52.30133809090909,1.0000026226043701
MMDpt_dinov2_vitb14_l5_g2.80e-05,dinov2_vitb14,blocks.4,2.80e-05,127,52.82782977227273,52.82782977227273,52.82782977227273,1.0000059604644775
MMDpt_dinov2_vitb14_l5_g2.80e-05,dinov2_vitb14,blocks.4,2.80e-05,128,52.94948191,52.94948191,52.94948191,1.0000051259994507
MMDpt_dinov2_vitb14_l5_g2.80e-05,dinov2_vitb14,blocks.4,2.80e-05,129,52.977303153181815,52.977303153181815,52.977303153181815,1.0000087022781372
MMDpt_dinov2_vitb14_l5_g2.80e-05,dinov2_vitb14,blocks.4,2.80e-05,130,53.02329102272727,53.02329102272727,53.02329102272727,1.0000090599060059
MMDpt_dinov2_vitb14_l5_g2.80e-05,dinov2_vitb14,blocks.4,2.80e-05,131,53.11169118954546,53.11169118954546,53.11169118954546,1.0000066757202148
MMDpt_dinov2_vitb14_l5_g2.80e-05,dinov2_vitb14,blocks.4,2.80e-05,132,53.15595768772727,53.15595768772727,53.15595768772727,1.0000038146972656
MMDpt_dinov2_vitb14_l5_g2.80e-05,dinov2_vitb14,blocks.4,2.80e-05,133,53.19575964181818,53.19575964181818,53.19575964181818,1.0000025033950806
MMDpt_dinov2_vitb14_l5_g2.80e-05,dinov2_vitb14,blocks.4,2.80e-05,134,53.738266159999995,53.738266159999995,53.738266159999995,1.0000090599060059
MMDpt_dinov2_vitb14_l5_g2.80e-05,dinov2_vitb14,blocks.4,2.80e-05,135,54.35688324090909,54.35688324090909,54.35688324090909,1.0000067949295044
MMDpt_dinov2_vitb14_l5_g2.80e-05,dinov2_vitb14,blocks.4,2.80e-05,136,54.43010616227273,54.43010616227273,54.43010616227273,1.000008225440979
MMDpt_dinov2_vitb14_l5_g2.80e-05,dinov2_vitb14,blocks.4,2.80e-05,137,54.51598353272727,54.51598353272727,54.51598353272727,1.0000089406967163
MMDpt_dinov2_vitb14_l5_g2.80e-05,dinov2_vitb14,blocks.4,2.80e-05,138,54.63723127590909,54.63723127590909,54.63723127590909,1.0000065565109253
MMDpt_dinov2_vitb14_l5_g2.80e-05,dinov2_vitb14,blocks.4,2.80e-05,139,54.68535675181818,54.68535675181818,54.68535675181818,1.0000059604644775
MMDpt_dinov2_vitb14_l5_g2.80e-05,dinov2_vitb14,blocks.4,2.80e-05,140,54.72388539863636,54.72388539863636,54.72388539863636,1.000008463859558
MMDpt_dinov2_vitb14_l5_g2.80e-05,dinov2_vitb14,blocks.4,2.80e-05,141,55.23867115454546,55.23867115454546,55.23867115454546,1.0000064373016357
MMDpt_dinov2_vitb14_l5_g2.80e-05,dinov2_vitb14,blocks.4,2.80e-05,142,55.2775563909091,55.2775563909091,55.2775563909091,1.0000090599060059
MMDpt_dinov2_vitb14_l5_g2.80e-05,dinov2_vitb14,blocks.4,2.80e-05,143,55.699695931818184,55.699695931818184,55.699695931818184,1.0000079870224
MMDpt_dinov2_vitb14_l5_g2.80e-05,dinov2_vitb14,blocks.4,2.80e-05,144,55.80372709545455,55.80372709545455,55.80372709545455,1.0000089406967163
MMDpt_dinov2_vitb14_l5_g2.80e-05,dinov2_vitb14,blocks.4,2.80e-05,145,55.82518654818182,55.82518654818182,55.82518654818182,1.0000090599060059
MMDpt_dinov2_vitb14_l5_g2.80e-05,dinov2_vitb14,blocks.4,2.80e-05,146,56.236087309090905,56.236087309090905,56.236087309090905,1.0000079870224
MMDpt_dinov2_vitb14_l5_g2.80e-05,dinov2_vitb14,blocks.4,2.80e-05,147,56.34353036818182,56.34353036818182,56.34353036818182,1.0000063180923462
MMDpt_dinov2_vitb14_l5_g2.80e-05,dinov2_vitb14,blocks.4,2.80e-05,148,56.343846956363635,56.343846956363635,56.343846956363635,1.0000085830688477
MMDpt_dinov2_vitb14_l5_g2.80e-05,dinov2_vitb14,blocks.4,2.80e-05,149,56.418747340909086,56.418747340909086,56.418747340909086,0.9999978542327881
MMDpt_dinov2_vitb14_l5_g2.80e-05,dinov2_vitb14,blocks.4,2.80e-05,150,56.4284854,56.4284854,56.4284854,1.0000091791152954
MMDpt_dinov2_vitb14_l5_g2.80e-05,dinov2_vitb14,blocks.4,2.80e-05,151,56.43083487727272,56.43083487727272,56.43083487727272,1.0000079870224
MMDpt_dinov2_vitb14_l5_g2.80e-05,dinov2_vitb14,blocks.4,2.80e-05,152,56.73676582727273,56.73676582727273,56.73676582727273,1.0000091791152954
MMDpt_dinov2_vitb14_l5_g2.80e-05,dinov2_vitb14,blocks.4,2.80e-05,153,56.80215198181818,56.80215198181818,56.80215198181818,1.0000091791152954
MMDpt_dinov2_vitb14_l5_g2.80e-05,dinov2_vitb14,blocks.4,2.80e-05,154,56.838491672272724,56.838491672272724,56.838491672272724,1.0000017881393433
MMDpt_dinov2_vitb14_l5_g2.80e-05,dinov2_vitb14,blocks.4,2.80e-05,155,56.87784920000001,56.87784920000001,56.87784920000001,1.0000087022781372
MMDpt_dinov2_vitb14_l5_g2.80e-05,dinov2_vitb14,blocks.4,2.80e-05,156,56.88495511818182,56.88495511818182,56.88495511818182,1.0000081062316895
MMDpt_dinov2_vitb14_l5_g2.80e-05,dinov2_vitb14,blocks.4,2.80e-05,157,56.89427865,56.89427865,56.89427865,0.999995768070221
MMDpt_dinov2_vitb14_l5_g2.80e-05,dinov2_vitb14,blocks.4,2.80e-05,158,57.014437336363635,57.014437336363635,57.014437336363635,1.000007152557373
MMDpt_dinov2_vitb14_l5_g2.80e-05,dinov2_vitb14,blocks.4,2.80e-05,159,57.01605029863636,57.01605029863636,57.01605029863636,1.0000088214874268
MMDpt_dinov2_vitb14_l5_g2.80e-05,dinov2_vitb14,blocks.4,2.80e-05,160,57.06027285454545,57.06027285454545,57.06027285454545,1.0000042915344238
MMDpt_dinov2_vitb14_l5_g2.80e-05,dinov2_vitb14,blocks.4,2.80e-05,161,57.08577673045454,57.08577673045454,57.08577673045454,1.0000089406967163
MMDpt_dinov2_vitb14_l5_g2.80e-05,dinov2_vitb14,blocks.4,2.80e-05,162,57.165035822727276,57.165035822727276,57.165035822727276,1.0000091791152954
MMDpt_dinov2_vitb14_l5_g2.80e-05,dinov2_vitb14,blocks.4,2.80e-05,163,57.30280682363637,57.30280682363637,57.30280682363637,1.0000079870224
MMDpt_dinov2_vitb14_l5_g2.80e-05,dinov2_vitb14,blocks.4,2.80e-05,164,57.552973348181816,57.552973348181816,57.552973348181816,1.000001311302185
MMDpt_dinov2_vitb14_l5_g2.80e-05,dinov2_vitb14,blocks.4,2.80e-05,165,57.715692645,57.715692645,57.715692645,1.0000070333480835
MMDpt_dinov2_vitb14_l5_g2.80e-05,dinov2_vitb14,blocks.4,2.80e-05,166,57.94736867727273,57.94736867727273,57.94736867727273,1.0000078678131104
MMDpt_dinov2_vitb14_l5_g2.80e-05,dinov2_vitb14,blocks.4,2.80e-05,167,58.01582408181818,58.01582408181818,58.01582408181818,1.0000088214874268
MMDpt_dinov2_vitb14_l5_g2.80e-05,dinov2_vitb14,blocks.4,2.80e-05,168,58.14704098045454,58.14704098045454,58.14704098045454,1.0000083446502686
MMDpt_dinov2_vitb14_l5_g2.80e-05,dinov2_vitb14,blocks.4,2.80e-05,169,58.40466673181818,58.40466673181818,58.40466673181818,1.0000089406967163
MMDpt_dinov2_vitb14_l5_g2.80e-05,dinov2_vitb14,blocks.4,2.80e-05,170,58.48494007,58.48494007,58.48494007,1.000003457069397
MMDpt_dinov2_vitb14_l5_g2.80e-05,dinov2_vitb14,blocks.4,2.80e-05,171,58.90741873181818,58.90741873181818,58.90741873181818,1.0000041723251343
MMDpt_dinov2_vitb14_l5_g2.80e-05,dinov2_vitb14,blocks.4,2.80e-05,172,58.92814133636364,58.92814133636364,58.92814133636364,1.0000075101852417
MMDpt_dinov2_vitb14_l5_g2.80e-05,dinov2_vitb14,blocks.4,2.80e-05,173,58.959711454090915,58.959711454090915,58.959711454090915,1.000004529953003
MMDpt_dinov2_vitb14_l5_g2.80e-05,dinov2_vitb14,blocks.4,2.80e-05,174,59.080638213636355,59.080638213636355,59.080638213636355,1.0000087022781372
MMDpt_dinov2_vitb14_l5_g2.80e-05,dinov2_vitb14,blocks.4,2.80e-05,175,59.15176404636364,59.15176404636364,59.15176404636364,0.9999982714653015
MMDpt_dinov2_vitb14_l5_g2.80e-05,dinov2_vitb14,blocks.4,2.80e-05,176,59.165360129545455,59.165360129545455,59.165360129545455,0.9999927282333374
MMDpt_dinov2_vitb14_l5_g2.80e-05,dinov2_vitb14,blocks.4,2.80e-05,177,59.343238913181814,59.343238913181814,59.343238913181814,1.0000014305114746
MMDpt_dinov2_vitb14_l5_g2.80e-05,dinov2_vitb14,blocks.4,2.80e-05,178,59.52943686818182,59.52943686818182,59.52943686818182,1.0000091791152954
MMDpt_dinov2_vitb14_l5_g2.80e-05,dinov2_vitb14,blocks.4,2.80e-05,179,59.53394987363636,59.53394987363636,59.53394987363636,1.0000091791152954
MMDpt_dinov2_vitb14_l5_g2.80e-05,dinov2_vitb14,blocks.4,2.80e-05,180,59.61907620909091,59.61907620909091,59.61907620909091,1.0000087022781372
MMDpt_dinov2_vitb14_l5_g2.80e-05,dinov2_vitb14,blocks.4,2.80e-05,181,59.64024705,59.64024705,59.64024705,1.0000089406967163
MMDpt_dinov2_vitb14_l5_g2.80e-05,dinov2_vitb14,blocks.4,2.80e-05,182,59.81487126545455,59.81487126545455,59.81487126545455,1.0000085830688477
MMDpt_dinov2_vitb14_l5_g2.80e-05,dinov2_vitb14,blocks.4,2.80e-05,183,59.821444613636366,59.821444613636366,59.821444613636366,1.0000083446502686
MMDpt_dinov2_vitb14_l5_g2.80e-05,dinov2_vitb14,blocks.4,2.80e-05,184,59.82249576181818,59.82249576181818,59.82249576181818,1.0000090599060059
MMDpt_dinov2_vitb14_l5_g2.80e-05,dinov2_vitb14,blocks.4,2.80e-05,185,60.13491826227273,60.13491826227273,60.13491826227273,1.0000091791152954
MMDpt_dinov2_vitb14_l5_g2.80e-05,dinov2_vitb14,blocks.4,2.80e-05,186,60.66603184545455,60.66603184545455,60.66603184545455,1.000004768371582
MMDpt_dinov2_vitb14_l5_g2.80e-05,dinov2_vitb14,blocks.4,2.80e-05,187,60.91525143409091,60.91525143409091,60.91525143409091,1.0000091791152954
MMDpt_dinov2_vitb14_l5_g2.80e-05,dinov2_vitb14,blocks.4,2.80e-05,188,60.98922430909091,60.98922430909091,60.98922430909091,1.000006914138794
MMDpt_dinov2_vitb14_l5_g2.80e-05,dinov2_vitb14,blocks.4,2.80e-05,189,61.15445065909091,61.15445065909091,61.15445065909091,0.9999987483024597
MMDpt_dinov2_vitb14_l5_g2.80e-05,dinov2_vitb14,blocks.4,2.80e-05,190,61.257236485,61.257236485,61.257236485,1.0000079870224
MMDpt_dinov2_vitb14_l5_g2.80e-05,dinov2_vitb14,blocks.4,2.80e-05,191,61.38288141818182,61.38288141818182,61.38288141818182,1.000005841255188
MMDpt_dinov2_vitb14_l5_g2.80e-05,dinov2_vitb14,blocks.4,2.80e-05,192,61.41676890772727,61.41676890772727,61.41676890772727,0.9999980330467224
MMDpt_dinov2_vitb14_l5_g2.80e-05,dinov2_vitb14,blocks.4,2.80e-05,193,61.450913154545454,61.450913154545454,61.450913154545454,1.0000091791152954
MMDpt_dinov2_vitb14_l5_g2.80e-05,dinov2_vitb14,blocks.4,2.80e-05,194,61.557454278181815,61.557454278181815,61.557454278181815,1.0000067949295044
MMDpt_dinov2_vitb14_l5_g2.80e-05,dinov2_vitb14,blocks.4,2.80e-05,195,61.612018317727276,61.612018317727276,61.612018317727276,1.0000054836273193
MMDpt_dinov2_vitb14_l5_g2.80e-05,dinov2_vitb14,blocks.4,2.80e-05,196,61.66026577136363,61.66026577136363,61.66026577136363,1.0000078678131104
MMDpt_dinov2_vitb14_l5_g2.80e-05,dinov2_vitb14,blocks.4,2.80e-05,197,61.784896459090916,61.784896459090916,61.784896459090916,1.0000091791152954
MMDpt_dinov2_vitb14_l5_g2.80e-05,dinov2_vitb14,blocks.4,2.80e-05,198,61.80260090454545,61.80260090454545,61.80260090454545,1.0000079870224
MMDpt_dinov2_vitb14_l5_g2.80e-05,dinov2_vitb14,blocks.4,2.80e-05,199,62.04634134636364,62.04634134636364,62.04634134636364,1.0000088214874268
MMDpt_dinov2_vitb14_l5_g2.80e-05,dinov2_vitb14,blocks.4,2.80e-05,200,62.140166177272725,62.140166177272725,62.140166177272725,1.000008463859558
MMDpt_dinov2_vitb14_l5_g2.80e-05,dinov2_vitb14,blocks.4,2.80e-05,201,62.30800517363637,62.30800517363637,62.30800517363637,1.0000091791152954
MMDpt_dinov2_vitb14_l5_g2.80e-05,dinov2_vitb14,blocks.4,2.80e-05,202,62.48285368636363,62.48285368636363,62.48285368636363,1.0000067949295044
MMDpt_dinov2_vitb14_l5_g2.80e-05,dinov2_vitb14,blocks.4,2.80e-05,203,62.50087945,62.50087945,62.50087945,1.0000087022781372
MMDpt_dinov2_vitb14_l5_g2.80e-05,dinov2_vitb14,blocks.4,2.80e-05,204,62.515273900000004,62.515273900000004,62.515273900000004,0.9999989867210388
MMDpt_dinov2_vitb14_l5_g2.80e-05,dinov2_vitb14,blocks.4,2.80e-05,205,62.56153540454545,62.56153540454545,62.56153540454545,0.9999997615814209
MMDpt_dinov2_vitb14_l5_g2.80e-05,dinov2_vitb14,blocks.4,2.80e-05,206,62.62842450590909,62.62842450590909,62.62842450590909,1.0000090599060059
MMDpt_dinov2_vitb14_l5_g2.80e-05,dinov2_vitb14,blocks.4,2.80e-05,207,62.64787497272727,62.64787497272727,62.64787497272727,1.0000078678131104
MMDpt_dinov2_vitb14_l5_g2.80e-05,dinov2_vitb14,blocks.4,2.80e-05,208,62.80573838590909,62.80573838590909,62.80573838590909,1.0000089406967163
MMDpt_dinov2_vitb14_l5_g2.80e-05,dinov2_vitb14,blocks.4,2.80e-05,209,62.831736559090906,62.831736559090906,62.831736559090906,1.0000014305114746
MMDpt_dinov2_vitb14_l5_g2.80e-05,dinov2_vitb14,blocks.4,2.80e-05,210,63.033077886363635,63.033077886363635,63.033077886363635,1.0000091791152954
MMDpt_dinov2_vitb14_l5_g2.80e-05,dinov2_vitb14,blocks.4,2.80e-05,211,63.2958711590909,63.2958711590909,63.2958711590909,1.0000091791152954
MMDpt_dinov2_vitb14_l5_g2.80e-05,dinov2_vitb14,blocks.4,2.80e-05,212,63.30556153181818,63.30556153181818,63.30556153181818,1.0000091791152954
MMDpt_dinov2_vitb14_l5_g2.80e-05,dinov2_vitb14,blocks.4,2.80e-05,213,63.451246159090914,63.451246159090914,63.451246159090914,1.0000089406967163
MMDpt_dinov2_vitb14_l5_g2.80e-05,dinov2_vitb14,blocks.4,2.80e-05,214,63.51674641363636,63.51674641363636,63.51674641363636,1.0000078678131104
MMDpt_dinov2_vitb14_l5_g2.80e-05,dinov2_vitb14,blocks.4,2.80e-05,215,63.52993807136364,63.52993807136364,63.52993807136364,1.0000063180923462
MMDpt_dinov2_vitb14_l5_g2.80e-05,dinov2_vitb14,blocks.4,2.80e-05,216,63.601648069090906,63.601648069090906,63.601648069090906,1.0000039339065552
MMDpt_dinov2_vitb14_l5_g2.80e-05,dinov2_vitb14,blocks.4,2.80e-05,217,63.632569839545454,63.632569839545454,63.632569839545454,1.0000091791152954
MMDpt_dinov2_vitb14_l5_g2.80e-05,dinov2_vitb14,blocks.4,2.80e-05,218,63.65115097727273,63.65115097727273,63.65115097727273,1.0000091791152954
MMDpt_dinov2_vitb14_l5_g2.80e-05,dinov2_vitb14,blocks.4,2.80e-05,219,63.71100458181818,63.71100458181818,63.71100458181818,1.000004768371582
MMDpt_dinov2_vitb14_l5_g2.80e-05,dinov2_vitb14,blocks.4,2.80e-05,220,63.89873966363636,63.89873966363636,63.89873966363636,0.999998152256012
MMDpt_dinov2_vitb14_l5_g2.80e-05,dinov2_vitb14,blocks.4,2.80e-05,221,63.92419218818182,63.92419218818182,63.92419218818182,0.9999620318412781
MMDpt_dinov2_vitb14_l5_g2.80e-05,dinov2_vitb14,blocks.4,2.80e-05,222,63.96103896818182,63.96103896818182,63.96103896818182,1.0000090599060059
MMDpt_dinov2_vitb14_l5_g2.80e-05,dinov2_vitb14,blocks.4,2.80e-05,223,63.99746849090909,63.99746849090909,63.99746849090909,1.0000090599060059
MMDpt_dinov2_vitb14_l5_g2.80e-05,dinov2_vitb14,blocks.4,2.80e-05,224,64.02118780454545,64.02118780454545,64.02118780454545,1.0000091791152954
MMDpt_dinov2_vitb14_l5_g2.80e-05,dinov2_vitb14,blocks.4,2.80e-05,225,64.02835174090909,64.02835174090909,64.02835174090909,0.9999991059303284
MMDpt_dinov2_vitb14_l5_g2.80e-05,dinov2_vitb14,blocks.4,2.80e-05,226,64.1043883409091,64.1043883409091,64.1043883409091,1.0000090599060059
MMDpt_dinov2_vitb14_l5_g2.80e-05,dinov2_vitb14,blocks.4,2.80e-05,227,64.15682117727273,64.15682117727273,64.15682117727273,0.9999993443489075
MMDpt_dinov2_vitb14_l5_g2.80e-05,dinov2_vitb14,blocks.4,2.80e-05,228,64.23845857272727,64.23845857272727,64.23845857272727,1.0000089406967163
MMDpt_dinov2_vitb14_l5_g2.80e-05,dinov2_vitb14,blocks.4,2.80e-05,229,64.25370258636363,64.25370258636363,64.25370258636363,1.0000075101852417
MMDpt_dinov2_vitb14_l5_g2.80e-05,dinov2_vitb14,blocks.4,2.80e-05,230,64.32671434181817,64.32671434181817,64.32671434181817,1.0000072717666626
MMDpt_dinov2_vitb14_l5_g2.80e-05,dinov2_vitb14,blocks.4,2.80e-05,231,64.40631527727272,64.40631527727272,64.40631527727272,1.0000089406967163
MMDpt_dinov2_vitb14_l5_g2.80e-05,dinov2_vitb14,blocks.4,2.80e-05,232,64.56676404090909,64.56676404090909,64.56676404090909,1.0000091791152954
MMDpt_dinov2_vitb14_l5_g2.80e-05,dinov2_vitb14,blocks.4,2.80e-05,233,64.70266141363636,64.70266141363636,64.70266141363636,1.0000090599060059
MMDpt_dinov2_vitb14_l5_g2.80e-05,dinov2_vitb14,blocks.4,2.80e-05,234,64.83579067045456,64.83579067045456,64.83579067045456,1.0000085830688477
MMDpt_dinov2_vitb14_l5_g2.80e-05,dinov2_vitb14,blocks.4,2.80e-05,235,64.88276691590909,64.88276691590909,64.88276691590909,1.0000091791152954
MMDpt_dinov2_vitb14_l5_g2.80e-05,dinov2_vitb14,blocks.4,2.80e-05,236,64.91428311818181,64.91428311818181,64.91428311818181,1.0000050067901611
MMDpt_dinov2_vitb14_l5_g2.80e-05,dinov2_vitb14,blocks.4,2.80e-05,237,64.99876317727272,64.99876317727272,64.99876317727272,1.0000090599060059
MMDpt_dinov2_vitb14_l5_g2.80e-05,dinov2_vitb14,blocks.4,2.80e-05,238,65.11283459954545,65.11283459954545,65.11283459954545,1.000008463859558
MMDpt_dinov2_vitb14_l5_g2.80e-05,dinov2_vitb14,blocks.4,2.80e-05,239,65.12859398045454,65.12859398045454,65.12859398045454,1.0000067949295044
MMDpt_dinov2_vitb14_l5_g2.80e-05,dinov2_vitb14,blocks.4,2.80e-05,240,65.15700578272727,65.15700578272727,65.15700578272727,1.0000089406967163
MMDpt_dinov2_vitb14_l5_g2.80e-05,dinov2_vitb14,blocks.4,2.80e-05,241,65.26560826818182,65.26560826818182,65.26560826818182,1.0000088214874268
MMDpt_dinov2_vitb14_l5_g2.80e-05,dinov2_vitb14,blocks.4,2.80e-05,242,65.49862164545455,65.49862164545455,65.49862164545455,1.0000063180923462
MMDpt_dinov2_vitb14_l5_g2.80e-05,dinov2_vitb14,blocks.4,2.80e-05,243,65.58085287863636,65.58085287863636,65.58085287863636,1.000001311302185
MMDpt_dinov2_vitb14_l5_g2.80e-05,dinov2_vitb14,blocks.4,2.80e-05,244,65.74797291818182,65.74797291818182,65.74797291818182,1.0000035762786865
MMDpt_dinov2_vitb14_l5_g2.80e-05,dinov2_vitb14,blocks.4,2.80e-05,245,65.77319434545456,65.77319434545456,65.77319434545456,1.0000090599060059
MMDpt_dinov2_vitb14_l5_g2.80e-05,dinov2_vitb14,blocks.4,2.80e-05,246,65.79643795909091,65.79643795909091,65.79643795909091,1.0000025033950806
MMDpt_dinov2_vitb14_l5_g2.80e-05,dinov2_vitb14,blocks.4,2.80e-05,247,65.90152255454545,65.90152255454545,65.90152255454545,1.0000083446502686
MMDpt_dinov2_vitb14_l5_g2.80e-05,dinov2_vitb14,blocks.4,2.80e-05,248,66.06104215454546,66.06104215454546,66.06104215454546,1.0000057220458984
MMDpt_dinov2_vitb14_l5_g2.80e-05,dinov2_vitb14,blocks.4,2.80e-05,249,66.34667021363636,66.34667021363636,66.34667021363636,1.0000085830688477
MMDpt_dinov2_vitb14_l5_g2.80e-05,dinov2_vitb14,blocks.4,2.80e-05,250,66.41367993636364,66.41367993636364,66.41367993636364,1.0000087022781372
MMDpt_dinov2_vitb14_l5_g2.80e-05,dinov2_vitb14,blocks.4,2.80e-05,251,66.49486482500001,66.49486482500001,66.49486482500001,1.0000089406967163
MMDpt_dinov2_vitb14_l5_g2.80e-05,dinov2_vitb14,blocks.4,2.80e-05,252,66.57540134545455,66.57540134545455,66.57540134545455,1.0000008344650269
MMDpt_dinov2_vitb14_l5_g2.80e-05,dinov2_vitb14,blocks.4,2.80e-05,253,66.64770191772728,66.64770191772728,66.64770191772728,1.0000091791152954
MMDpt_dinov2_vitb14_l5_g2.80e-05,dinov2_vitb14,blocks.4,2.80e-05,254,66.69631712272727,66.69631712272727,66.69631712272727,1.0000087022781372
MMDpt_dinov2_vitb14_l5_g2.80e-05,dinov2_vitb14,blocks.4,2.80e-05,255,66.69915260454546,66.69915260454546,66.69915260454546,1.0000091791152954
MMDpt_dinov2_vitb14_l5_g2.80e-05,dinov2_vitb14,blocks.4,2.80e-05,256,66.84640655909091,66.84640655909091,66.84640655909091,1.0000087022781372
MMDpt_dinov2_vitb14_l5_g2.80e-05,dinov2_vitb14,blocks.4,2.80e-05,257,66.92138232272727,66.92138232272727,66.92138232272727,1.0000042915344238
MMDpt_dinov2_vitb14_l5_g2.80e-05,dinov2_vitb14,blocks.4,2.80e-05,258,67.1600262,67.1600262,67.1600262,0.9999938011169434
MMDpt_dinov2_vitb14_l5_g2.80e-05,dinov2_vitb14,blocks.4,2.80e-05,259,67.24224864545455,67.24224864545455,67.24224864545455,1.0000089406967163
MMDpt_dinov2_vitb14_l5_g2.80e-05,dinov2_vitb14,blocks.4,2.80e-05,260,67.33497136227273,67.33497136227273,67.33497136227273,1.0000091791152954
MMDpt_dinov2_vitb14_l5_g2.80e-05,dinov2_vitb14,blocks.4,2.80e-05,261,67.50431248636363,67.50431248636363,67.50431248636363,1.0000090599060059
MMDpt_dinov2_vitb14_l5_g2.80e-05,dinov2_vitb14,blocks.4,2.80e-05,262,67.65232870272727,67.65232870272727,67.65232870272727,1.0000090599060059
MMDpt_dinov2_vitb14_l5_g2.80e-05,dinov2_vitb14,blocks.4,2.80e-05,263,67.78208407272727,67.78208407272727,67.78208407272727,1.0000040531158447
MMDpt_dinov2_vitb14_l5_g2.80e-05,dinov2_vitb14,blocks.4,2.80e-05,264,67.84529925,67.84529925,67.84529925,1.0000079870224
MMDpt_dinov2_vitb14_l5_g2.80e-05,dinov2_vitb14,blocks.4,2.80e-05,265,67.89158320909091,67.89158320909091,67.89158320909091,1.0000088214874268
MMDpt_dinov2_vitb14_l5_g2.80e-05,dinov2_vitb14,blocks.4,2.80e-05,266,67.98637594090908,67.98637594090908,67.98637594090908,1.0000090599060059
MMDpt_dinov2_vitb14_l5_g2.80e-05,dinov2_vitb14,blocks.4,2.80e-05,267,68.0851692090909,68.0851692090909,68.0851692090909,1.0000075101852417
MMDpt_dinov2_vitb14_l5_g2.80e-05,dinov2_vitb14,blocks.4,2.80e-05,268,68.12695885,68.12695885,68.12695885,1.000007152557373
MMDpt_dinov2_vitb14_l5_g2.80e-05,dinov2_vitb14,blocks.4,2.80e-05,269,68.2302839,68.2302839,68.2302839,1.0000091791152954
MMDpt_dinov2_vitb14_l5_g2.80e-05,dinov2_vitb14,blocks.4,2.80e-05,270,68.23565684545454,68.23565684545454,68.23565684545454,1.0000087022781372
MMDpt_dinov2_vitb14_l5_g2.80e-05,dinov2_vitb14,blocks.4,2.80e-05,271,68.26595938409092,68.26595938409092,68.26595938409092,1.000008225440979
MMDpt_dinov2_vitb14_l5_g2.80e-05,dinov2_vitb14,blocks.4,2.80e-05,272,68.27114585318182,68.27114585318182,68.27114585318182,1.0000085830688477
MMDpt_dinov2_vitb14_l5_g2.80e-05,dinov2_vitb14,blocks.4,2.80e-05,273,68.32032611363637,68.32032611363637,68.32032611363637,1.0000070333480835
MMDpt_dinov2_vitb14_l5_g2.80e-05,dinov2_vitb14,blocks.4,2.80e-05,274,68.38830778636363,68.38830778636363,68.38830778636363,1.0000090599060059
MMDpt_dinov2_vitb14_l5_g2.80e-05,dinov2_vitb14,blocks.4,2.80e-05,275,68.41746199090909,68.41746199090909,68.41746199090909,1.0000025033950806
MMDpt_dinov2_vitb14_l5_g2.80e-05,dinov2_vitb14,blocks.4,2.80e-05,276,68.46063733181818,68.46063733181818,68.46063733181818,1.0000087022781372
MMDpt_dinov2_vitb14_l5_g2.80e-05,dinov2_vitb14,blocks.4,2.80e-05,277,68.46664887727273,68.46664887727273,68.46664887727273,1.0000077486038208
MMDpt_dinov2_vitb14_l5_g2.80e-05,dinov2_vitb14,blocks.4,2.80e-05,278,68.47213741363636,68.47213741363636,68.47213741363636,1.0000091791152954
MMDpt_dinov2_vitb14_l5_g2.80e-05,dinov2_vitb14,blocks.4,2.80e-05,279,68.93374281227273,68.93374281227273,68.93374281227273,1.0000035762786865
MMDpt_dinov2_vitb14_l5_g2.80e-05,dinov2_vitb14,blocks.4,2.80e-05,280,69.04567613727274,69.04567613727274,69.04567613727274,1.0000087022781372
MMDpt_dinov2_vitb14_l5_g2.80e-05,dinov2_vitb14,blocks.4,2.80e-05,281,69.05974111818182,69.05974111818182,69.05974111818182,1.0000087022781372
MMDpt_dinov2_vitb14_l5_g2.80e-05,dinov2_vitb14,blocks.4,2.80e-05,282,69.09219679545454,69.09219679545454,69.09219679545454,1.0000089406967163
MMDpt_dinov2_vitb14_l5_g2.80e-05,dinov2_vitb14,blocks.4,2.80e-05,283,69.09712682727273,69.09712682727273,69.09712682727273,1.0000072717666626
MMDpt_dinov2_vitb14_l5_g2.80e-05,dinov2_vitb14,blocks.4,2.80e-05,284,69.10091421363637,69.10091421363637,69.10091421363637,1.0000014305114746
MMDpt_dinov2_vitb14_l5_g2.80e-05,dinov2_vitb14,blocks.4,2.80e-05,285,69.10780212727273,69.10780212727273,69.10780212727273,1.0000029802322388
MMDpt_dinov2_vitb14_l5_g2.80e-05,dinov2_vitb14,blocks.4,2.80e-05,286,69.12065298636364,69.12065298636364,69.12065298636364,1.0000090599060059
MMDpt_dinov2_vitb14_l5_g2.80e-05,dinov2_vitb14,blocks.4,2.80e-05,287,69.18059698636364,69.18059698636364,69.18059698636364,1.0000072717666626
MMDpt_dinov2_vitb14_l5_g2.80e-05,dinov2_vitb14,blocks.4,2.80e-05,288,69.23367816363636,69.23367816363636,69.23367816363636,1.0000091791152954
MMDpt_dinov2_vitb14_l5_g2.80e-05,dinov2_vitb14,blocks.4,2.80e-05,289,69.2644266,69.2644266,69.2644266,1.0000089406967163
MMDpt_dinov2_vitb14_l5_g2.80e-05,dinov2_vitb14,blocks.4,2.80e-05,290,69.35791935818182,69.35791935818182,69.35791935818182,1.000007152557373
MMDpt_dinov2_vitb14_l5_g2.80e-05,dinov2_vitb14,blocks.4,2.80e-05,291,69.61843814545455,69.61843814545455,69.61843814545455,1.0000087022781372
MMDpt_dinov2_vitb14_l5_g2.80e-05,dinov2_vitb14,blocks.4,2.80e-05,292,69.80519480454545,69.80519480454545,69.80519480454545,1.0000090599060059
MMDpt_dinov2_vitb14_l5_g2.80e-05,dinov2_vitb14,blocks.4,2.80e-05,293,69.8553488,69.8553488,69.8553488,1.0000091791152954
MMDpt_dinov2_vitb14_l5_g2.80e-05,dinov2_vitb14,blocks.4,2.80e-05,294,69.88728480909091,69.88728480909091,69.88728480909091,1.0000091791152954
MMDpt_dinov2_vitb14_l5_g2.80e-05,dinov2_vitb14,blocks.4,2.80e-05,295,69.97248817863637,69.97248817863637,69.97248817863637,1.0000090599060059
MMDpt_dinov2_vitb14_l5_g2.80e-05,dinov2_vitb14,blocks.4,2.80e-05,296,70.05721009181819,70.05721009181819,70.05721009181819,1.0000065565109253
MMDpt_dinov2_vitb14_l5_g2.80e-05,dinov2_vitb14,blocks.4,2.80e-05,297,70.14929492727272,70.14929492727272,70.14929492727272,1.0000075101852417
MMDpt_dinov2_vitb14_l5_g2.80e-05,dinov2_vitb14,blocks.4,2.80e-05,298,70.15787111818182,70.15787111818182,70.15787111818182,1.0000083446502686
MMDpt_dinov2_vitb14_l5_g2.80e-05,dinov2_vitb14,blocks.4,2.80e-05,299,70.16147875909091,70.16147875909091,70.16147875909091,1.0000089406967163
MMDpt_dinov2_vitb14_l5_g2.80e-05,dinov2_vitb14,blocks.4,2.80e-05,300,70.20511073181818,70.20511073181818,70.20511073181818,1.0000091791152954
MMDpt_dinov2_vitb14_l5_g2.80e-05,dinov2_vitb14,blocks.4,2.80e-05,301,70.32331571818182,70.32331571818182,70.32331571818182,1.000006079673767
MMDpt_dinov2_vitb14_l5_g2.80e-05,dinov2_vitb14,blocks.4,2.80e-05,302,70.37705808636363,70.37705808636363,70.37705808636363,1.0000090599060059
MMDpt_dinov2_vitb14_l5_g2.80e-05,dinov2_vitb14,blocks.4,2.80e-05,303,70.399005675,70.399005675,70.399005675,1.0000076293945312
MMDpt_dinov2_vitb14_l5_g2.80e-05,dinov2_vitb14,blocks.4,2.80e-05,304,70.50181075318181,70.50181075318181,70.50181075318181,1.0000085830688477
MMDpt_dinov2_vitb14_l5_g2.80e-05,dinov2_vitb14,blocks.4,2.80e-05,305,70.6102672090909,70.6102672090909,70.6102672090909,1.0000090599060059
MMDpt_dinov2_vitb14_l5_g2.80e-05,dinov2_vitb14,blocks.4,2.80e-05,306,70.7436578590909,70.7436578590909,70.7436578590909,1.0000090599060059
MMDpt_dinov2_vitb14_l5_g2.80e-05,dinov2_vitb14,blocks.4,2.80e-05,307,70.83137117272727,70.83137117272727,70.83137117272727,1.0000091791152954
MMDpt_dinov2_vitb14_l5_g2.80e-05,dinov2_vitb14,blocks.4,2.80e-05,308,70.8352099,70.8352099,70.8352099,1.0000056028366089
MMDpt_dinov2_vitb14_l5_g2.80e-05,dinov2_vitb14,blocks.4,2.80e-05,309,70.84563281363636,70.84563281363636,70.84563281363636,1.000008463859558
MMDpt_dinov2_vitb14_l5_g2.80e-05,dinov2_vitb14,blocks.4,2.80e-05,310,70.86294127272727,70.86294127272727,70.86294127272727,1.0000025033950806
MMDpt_dinov2_vitb14_l5_g2.80e-05,dinov2_vitb14,blocks.4,2.80e-05,311,70.88488886772727,70.88488886772727,70.88488886772727,1.000003457069397
MMDpt_dinov2_vitb14_l5_g2.80e-05,dinov2_vitb14,blocks.4,2.80e-05,312,70.94146290454545,70.94146290454545,70.94146290454545,0.9999896883964539
MMDpt_dinov2_vitb14_l5_g2.80e-05,dinov2_vitb14,blocks.4,2.80e-05,313,71.03486937272727,71.03486937272727,71.03486937272727,1.0000091791152954
MMDpt_dinov2_vitb14_l5_g2.80e-05,dinov2_vitb14,blocks.4,2.80e-05,314,71.06114357272727,71.06114357272727,71.06114357272727,1.0000053644180298
MMDpt_dinov2_vitb14_l5_g2.80e-05,dinov2_vitb14,blocks.4,2.80e-05,315,71.16676672727273,71.16676672727273,71.16676672727273,1.0000091791152954
MMDpt_dinov2_vitb14_l5_g2.80e-05,dinov2_vitb14,blocks.4,2.80e-05,316,71.17873871818182,71.17873871818182,71.17873871818182,1.0000081062316895
MMDpt_dinov2_vitb14_l5_g2.80e-05,dinov2_vitb14,blocks.4,2.80e-05,317,71.2066498259091,71.2066498259091,71.2066498259091,1.0000063180923462
MMDpt_dinov2_vitb14_l5_g2.80e-05,dinov2_vitb14,blocks.4,2.80e-05,318,71.25545576818182,71.25545576818182,71.25545576818182,1.0000091791152954
MMDpt_dinov2_vitb14_l5_g2.80e-05,dinov2_vitb14,blocks.4,2.80e-05,319,71.3174982909091,71.3174982909091,71.3174982909091,1.0000083446502686
MMDpt_dinov2_vitb14_l5_g2.80e-05,dinov2_vitb14,blocks.4,2.80e-05,320,71.36296618181818,71.36296618181818,71.36296618181818,1.0000052452087402
MMDpt_dinov2_vitb14_l5_g2.80e-05,dinov2_vitb14,blocks.4,2.80e-05,321,71.46931471818182,71.46931471818182,71.46931471818182,1.0000091791152954
MMDpt_dinov2_vitb14_l5_g2.80e-05,dinov2_vitb14,blocks.4,2.80e-05,322,71.72297334090909,71.72297334090909,71.72297334090909,1.0000078678131104
MMDpt_dinov2_vitb14_l5_g2.80e-05,dinov2_vitb14,blocks.4,2.80e-05,323,71.90808025909091,71.90808025909091,71.90808025909091,1.0000083446502686
MMDpt_dinov2_vitb14_l5_g2.80e-05,dinov2_vitb14,blocks.4,2.80e-05,324,71.99829709090909,71.99829709090909,71.99829709090909,1.000005841255188
MMDpt_dinov2_vitb14_l5_g2.80e-05,dinov2_vitb14,blocks.4,2.80e-05,325,72.09644175681818,72.09644175681818,72.09644175681818,1.0000078678131104
MMDpt_dinov2_vitb14_l5_g2.80e-05,dinov2_vitb14,blocks.4,2.80e-05,326,72.15469048045455,72.15469048045455,72.15469048045455,1.0000090599060059
MMDpt_dinov2_vitb14_l5_g2.80e-05,dinov2_vitb14,blocks.4,2.80e-05,327,72.16259906363636,72.16259906363636,72.16259906363636,1.0000087022781372
MMDpt_dinov2_vitb14_l5_g2.80e-05,dinov2_vitb14,blocks.4,2.80e-05,328,72.25012620454545,72.25012620454545,72.25012620454545,1.0000067949295044
MMDpt_dinov2_vitb14_l5_g2.80e-05,dinov2_vitb14,blocks.4,2.80e-05,329,72.32991709090909,72.32991709090909,72.32991709090909,1.0000088214874268
MMDpt_dinov2_vitb14_l5_g2.80e-05,dinov2_vitb14,blocks.4,2.80e-05,330,72.3529890590909,72.3529890590909,72.3529890590909,1.0000063180923462
MMDpt_dinov2_vitb14_l5_g2.80e-05,dinov2_vitb14,blocks.4,2.80e-05,331,72.35690482818183,72.35690482818183,72.35690482818183,1.0000066757202148
MMDpt_dinov2_vitb14_l5_g2.80e-05,dinov2_vitb14,blocks.4,2.80e-05,332,72.45495321363636,72.45495321363636,72.45495321363636,1.0000088214874268
MMDpt_dinov2_vitb14_l5_g2.80e-05,dinov2_vitb14,blocks.4,2.80e-05,333,72.62635492727273,72.62635492727273,72.62635492727273,1.0000065565109253
MMDpt_dinov2_vitb14_l5_g2.80e-05,dinov2_vitb14,blocks.4,2.80e-05,334,72.63195748181819,72.63195748181819,72.63195748181819,1.0000040531158447
MMDpt_dinov2_vitb14_l5_g2.80e-05,dinov2_vitb14,blocks.4,2.80e-05,335,72.83995069636363,72.83995069636363,72.83995069636363,1.0000072717666626
MMDpt_dinov2_vitb14_l5_g2.80e-05,dinov2_vitb14,blocks.4,2.80e-05,336,72.89617321363636,72.89617321363636,72.89617321363636,1.0000053644180298
MMDpt_dinov2_vitb14_l5_g2.80e-05,dinov2_vitb14,blocks.4,2.80e-05,337,73.03390340545455,73.03390340545455,73.03390340545455,1.0000091791152954
MMDpt_dinov2_vitb14_l5_g2.80e-05,dinov2_vitb14,blocks.4,2.80e-05,338,73.11911989545455,73.11911989545455,73.11911989545455,1.0000087022781372
MMDpt_dinov2_vitb14_l5_g2.80e-05,dinov2_vitb14,blocks.4,2.80e-05,339,73.13833258181818,73.13833258181818,73.13833258181818,1.0000026226043701
MMDpt_dinov2_vitb14_l5_g2.80e-05,dinov2_vitb14,blocks.4,2.80e-05,340,73.33471177272727,73.33471177272727,73.33471177272727,1.0000005960464478
MMDpt_dinov2_vitb14_l5_g2.80e-05,dinov2_vitb14,blocks.4,2.80e-05,341,73.33981687045456,73.33981687045456,73.33981687045456,1.000006079673767
MMDpt_dinov2_vitb14_l5_g2.80e-05,dinov2_vitb14,blocks.4,2.80e-05,342,73.39854528636364,73.39854528636364,73.39854528636364,1.000008225440979
MMDpt_dinov2_vitb14_l5_g2.80e-05,dinov2_vitb14,blocks.4,2.80e-05,343,73.41015931818183,73.41015931818183,73.41015931818183,1.0000091791152954
MMDpt_dinov2_vitb14_l5_g2.80e-05,dinov2_vitb14,blocks.4,2.80e-05,344,73.44266513181819,73.44266513181819,73.44266513181819,1.0000089406967163
MMDpt_dinov2_vitb14_l5_g2.80e-05,dinov2_vitb14,blocks.4,2.80e-05,345,73.44619574090909,73.44619574090909,73.44619574090909,1.000005841255188
MMDpt_dinov2_vitb14_l5_g2.80e-05,dinov2_vitb14,blocks.4,2.80e-05,346,73.46868897499999,73.46868897499999,73.46868897499999,1.0000088214874268
MMDpt_dinov2_vitb14_l5_g2.80e-05,dinov2_vitb14,blocks.4,2.80e-05,347,73.50964273636363,73.50964273636363,73.50964273636363,1.0000085830688477
MMDpt_dinov2_vitb14_l5_g2.80e-05,dinov2_vitb14,blocks.4,2.80e-05,348,73.53120189545454,73.53120189545454,73.53120189545454,1.0000091791152954
MMDpt_dinov2_vitb14_l5_g2.80e-05,dinov2_vitb14,blocks.4,2.80e-05,349,73.63946159545455,73.63946159545455,73.63946159545455,1.0000091791152954
MMDpt_dinov2_vitb14_l5_g2.80e-05,dinov2_vitb14,blocks.4,2.80e-05,350,73.76844457272728,73.76844457272728,73.76844457272728,1.0000057220458984
MMDpt_dinov2_vitb14_l5_g2.80e-05,dinov2_vitb14,blocks.4,2.80e-05,351,73.80118299272728,73.80118299272728,73.80118299272728,1.0000090599060059
MMDpt_dinov2_vitb14_l5_g2.80e-05,dinov2_vitb14,blocks.4,2.80e-05,352,73.90576145,73.90576145,73.90576145,1.0000091791152954
MMDpt_dinov2_vitb14_l5_g2.80e-05,dinov2_vitb14,blocks.4,2.80e-05,353,73.96756481363637,73.96756481363637,73.96756481363637,1.0000054836273193
MMDpt_dinov2_vitb14_l5_g2.80e-05,dinov2_vitb14,blocks.4,2.80e-05,354,74.00717849454546,74.00717849454546,74.00717849454546,1.000008463859558
MMDpt_dinov2_vitb14_l5_g2.80e-05,dinov2_vitb14,blocks.4,2.80e-05,355,74.01135728181818,74.01135728181818,74.01135728181818,1.0000091791152954
MMDpt_dinov2_vitb14_l5_g2.80e-05,dinov2_vitb14,blocks.4,2.80e-05,356,74.05095793636363,74.05095793636363,74.05095793636363,1.0000033378601074
MMDpt_dinov2_vitb14_l5_g2.80e-05,dinov2_vitb14,blocks.4,2.80e-05,357,74.05302495909092,74.05302495909092,74.05302495909092,0.9999831318855286
MMDpt_dinov2_vitb14_l5_g2.80e-05,dinov2_vitb14,blocks.4,2.80e-05,358,74.20412883636364,74.20412883636364,74.20412883636364,1.0000033378601074
MMDpt_dinov2_vitb14_l5_g2.80e-05,dinov2_vitb14,blocks.4,2.80e-05,359,74.32802774090909,74.32802774090909,74.32802774090909,1.0000091791152954
MMDpt_dinov2_vitb14_l5_g2.80e-05,dinov2_vitb14,blocks.4,2.80e-05,360,74.38583995454546,74.38583995454546,74.38583995454546,1.0000072717666626
MMDpt_dinov2_vitb14_l5_g2.80e-05,dinov2_vitb14,blocks.4,2.80e-05,361,74.46433656818182,74.46433656818182,74.46433656818182,1.0000050067901611
MMDpt_dinov2_vitb14_l5_g2.80e-05,dinov2_vitb14,blocks.4,2.80e-05,362,74.52572066363636,74.52572066363636,74.52572066363636,1.0000052452087402
MMDpt_dinov2_vitb14_l5_g2.80e-05,dinov2_vitb14,blocks.4,2.80e-05,363,74.86437946363637,74.86437946363637,74.86437946363637,1.0000091791152954
MMDpt_dinov2_vitb14_l5_g2.80e-05,dinov2_vitb14,blocks.4,2.80e-05,364,74.89747095909091,74.89747095909091,74.89747095909091,1.0000091791152954
MMDpt_dinov2_vitb14_l5_g2.80e-05,dinov2_vitb14,blocks.4,2.80e-05,365,74.9084351090909,74.9084351090909,74.9084351090909,1.0000089406967163
MMDpt_dinov2_vitb14_l5_g2.80e-05,dinov2_vitb14,blocks.4,2.80e-05,366,75.02020153181819,75.02020153181819,75.02020153181819,1.000004529953003
MMDpt_dinov2_vitb14_l5_g2.80e-05,dinov2_vitb14,blocks.4,2.80e-05,367,75.04613550454546,75.04613550454546,75.04613550454546,1.0000063180923462
MMDpt_dinov2_vitb14_l5_g2.80e-05,dinov2_vitb14,blocks.4,2.80e-05,368,75.04910765454545,75.04910765454545,75.04910765454545,1.000008463859558
MMDpt_dinov2_vitb14_l5_g2.80e-05,dinov2_vitb14,blocks.4,2.80e-05,369,75.04911406363637,75.04911406363637,75.04911406363637,1.0000085830688477
MMDpt_dinov2_vitb14_l5_g2.80e-05,dinov2_vitb14,blocks.4,2.80e-05,370,75.14242499545455,75.14242499545455,75.14242499545455,1.000003695487976
MMDpt_dinov2_vitb14_l5_g2.80e-05,dinov2_vitb14,blocks.4,2.80e-05,371,75.14524949545454,75.14524949545454,75.14524949545454,1.0000075101852417
MMDpt_dinov2_vitb14_l5_g2.80e-05,dinov2_vitb14,blocks.4,2.80e-05,372,75.21942449545455,75.21942449545455,75.21942449545455,1.0000079870224
MMDpt_dinov2_vitb14_l5_g2.80e-05,dinov2_vitb14,blocks.4,2.80e-05,373,75.2494860690909,75.2494860690909,75.2494860690909,1.0000057220458984
MMDpt_dinov2_vitb14_l5_g2.80e-05,dinov2_vitb14,blocks.4,2.80e-05,374,75.29101026818182,75.29101026818182,75.29101026818182,1.0000078678131104
MMDpt_dinov2_vitb14_l5_g2.80e-05,dinov2_vitb14,blocks.4,2.80e-05,375,75.30463428181818,75.30463428181818,75.30463428181818,1.0000033378601074
MMDpt_dinov2_vitb14_l5_g2.80e-05,dinov2_vitb14,blocks.4,2.80e-05,376,75.35053226363635,75.35053226363635,75.35053226363635,1.0000089406967163
MMDpt_dinov2_vitb14_l5_g2.80e-05,dinov2_vitb14,blocks.4,2.80e-05,377,75.358434425,75.358434425,75.358434425,1.0000030994415283
MMDpt_dinov2_vitb14_l5_g2.80e-05,dinov2_vitb14,blocks.4,2.80e-05,378,75.4765098,75.4765098,75.4765098,1.0000077486038208
MMDpt_dinov2_vitb14_l5_g2.80e-05,dinov2_vitb14,blocks.4,2.80e-05,379,75.48288537727272,75.48288537727272,75.48288537727272,1.0000089406967163
MMDpt_dinov2_vitb14_l5_g2.80e-05,dinov2_vitb14,blocks.4,2.80e-05,380,75.54217925454545,75.54217925454545,75.54217925454545,1.0000089406967163
MMDpt_dinov2_vitb14_l5_g2.80e-05,dinov2_vitb14,blocks.4,2.80e-05,381,75.65154605454546,75.65154605454546,75.65154605454546,1.0000079870224
MMDpt_dinov2_vitb14_l5_g2.80e-05,dinov2_vitb14,blocks.4,2.80e-05,382,75.68111334545455,75.68111334545455,75.68111334545455,1.0000091791152954
MMDpt_dinov2_vitb14_l5_g2.80e-05,dinov2_vitb14,blocks.4,2.80e-05,383,75.77031593636364,75.77031593636364,75.77031593636364,1.0000091791152954
MMDpt_dinov2_vitb14_l5_g2.80e-05,dinov2_vitb14,blocks.4,2.80e-05,384,75.78166525454546,75.78166525454546,75.78166525454546,1.0000088214874268
MMDpt_dinov2_vitb14_l5_g2.80e-05,dinov2_vitb14,blocks.4,2.80e-05,385,75.79512009954546,75.79512009954546,75.79512009954546,1.0000088214874268
MMDpt_dinov2_vitb14_l5_g2.80e-05,dinov2_vitb14,blocks.4,2.80e-05,386,75.84170493636363,75.84170493636363,75.84170493636363,1.0000079870224
MMDpt_dinov2_vitb14_l5_g2.80e-05,dinov2_vitb14,blocks.4,2.80e-05,387,75.84312428636363,75.84312428636363,75.84312428636363,0.9999992251396179
MMDpt_dinov2_vitb14_l5_g2.80e-05,dinov2_vitb14,blocks.4,2.80e-05,388,76.02107943636364,76.02107943636364,76.02107943636364,1.0000076293945312
MMDpt_dinov2_vitb14_l5_g2.80e-05,dinov2_vitb14,blocks.4,2.80e-05,389,76.07231828181818,76.07231828181818,76.07231828181818,1.0000078678131104
MMDpt_dinov2_vitb14_l5_g2.80e-05,dinov2_vitb14,blocks.4,2.80e-05,390,76.16321556363636,76.16321556363636,76.16321556363636,1.0000088214874268
MMDpt_dinov2_vitb14_l5_g2.80e-05,dinov2_vitb14,blocks.4,2.80e-05,391,76.19598609272727,76.19598609272727,76.19598609272727,1.0000087022781372
MMDpt_dinov2_vitb14_l5_g2.80e-05,dinov2_vitb14,blocks.4,2.80e-05,392,76.26727722727273,76.26727722727273,76.26727722727273,0.999995231628418
MMDpt_dinov2_vitb14_l5_g2.80e-05,dinov2_vitb14,blocks.4,2.80e-05,393,76.28929185454545,76.28929185454545,76.28929185454545,1.0000091791152954
MMDpt_dinov2_vitb14_l5_g2.80e-05,dinov2_vitb14,blocks.4,2.80e-05,394,76.28997104545455,76.28997104545455,76.28997104545455,1.0000057220458984
MMDpt_dinov2_vitb14_l5_g2.80e-05,dinov2_vitb14,blocks.4,2.80e-05,395,76.32376224090909,76.32376224090909,76.32376224090909,1.000008463859558
MMDpt_dinov2_vitb14_l5_g2.80e-05,dinov2_vitb14,blocks.4,2.80e-05,396,76.35414479090909,76.35414479090909,76.35414479090909,1.0000077486038208
MMDpt_dinov2_vitb14_l5_g2.80e-05,dinov2_vitb14,blocks.4,2.80e-05,397,76.39021483181818,76.39021483181818,76.39021483181818,1.0000065565109253
MMDpt_dinov2_vitb14_l5_g2.80e-05,dinov2_vitb14,blocks.4,2.80e-05,398,76.45241142272727,76.45241142272727,76.45241142272727,1.0000046491622925
MMDpt_dinov2_vitb14_l5_g2.80e-05,dinov2_vitb14,blocks.4,2.80e-05,399,76.51437691681818,76.51437691681818,76.51437691681818,1.0000073909759521
MMDpt_dinov2_vitb14_l5_g2.80e-05,dinov2_vitb14,blocks.4,2.80e-05,400,76.5471795409091,76.5471795409091,76.5471795409091,1.0000089406967163
MMDpt_dinov2_vitb14_l5_g2.80e-05,dinov2_vitb14,blocks.4,2.80e-05,401,76.59774437272728,76.59774437272728,76.59774437272728,1.000008463859558
MMDpt_dinov2_vitb14_l5_g2.80e-05,dinov2_vitb14,blocks.4,2.80e-05,402,76.63823088636364,76.63823088636364,76.63823088636364,0.9999933242797852
MMDpt_dinov2_vitb14_l5_g2.80e-05,dinov2_vitb14,blocks.4,2.80e-05,403,76.64452179545455,76.64452179545455,76.64452179545455,1.0000089406967163
MMDpt_dinov2_vitb14_l5_g2.80e-05,dinov2_vitb14,blocks.4,2.80e-05,404,76.67493643727272,76.67493643727272,76.67493643727272,0.9999967813491821
MMDpt_dinov2_vitb14_l5_g2.80e-05,dinov2_vitb14,blocks.4,2.80e-05,405,76.67586082272727,76.67586082272727,76.67586082272727,1.0000083446502686
MMDpt_dinov2_vitb14_l5_g2.80e-05,dinov2_vitb14,blocks.4,2.80e-05,406,76.81212329090908,76.81212329090908,76.81212329090908,1.0000091791152954
MMDpt_dinov2_vitb14_l5_g2.80e-05,dinov2_vitb14,blocks.4,2.80e-05,407,76.90558185454546,76.90558185454546,76.90558185454546,1.0000091791152954
MMDpt_dinov2_vitb14_l5_g2.80e-05,dinov2_vitb14,blocks.4,2.80e-05,408,76.91644974545454,76.91644974545454,76.91644974545454,1.0000088214874268
MMDpt_dinov2_vitb14_l5_g2.80e-05,dinov2_vitb14,blocks.4,2.80e-05,409,76.98329391227273,76.98329391227273,76.98329391227273,1.0000083446502686
MMDpt_dinov2_vitb14_l5_g2.80e-05,dinov2_vitb14,blocks.4,2.80e-05,410,77.11547369545454,77.11547369545454,77.11547369545454,1.0000083446502686
MMDpt_dinov2_vitb14_l5_g2.80e-05,dinov2_vitb14,blocks.4,2.80e-05,411,77.14402031818182,77.14402031818182,77.14402031818182,1.000008225440979
MMDpt_dinov2_vitb14_l5_g2.80e-05,dinov2_vitb14,blocks.4,2.80e-05,412,77.17084656363636,77.17084656363636,77.17084656363636,0.9999985098838806
MMDpt_dinov2_vitb14_l5_g2.80e-05,dinov2_vitb14,blocks.4,2.80e-05,413,77.25877326818183,77.25877326818183,77.25877326818183,1.0000091791152954
MMDpt_dinov2_vitb14_l5_g2.80e-05,dinov2_vitb14,blocks.4,2.80e-05,414,77.34552212272727,77.34552212272727,77.34552212272727,0.9999887347221375
MMDpt_dinov2_vitb14_l5_g2.80e-05,dinov2_vitb14,blocks.4,2.80e-05,415,77.52582683636363,77.52582683636363,77.52582683636363,1.000002145767212
MMDpt_dinov2_vitb14_l5_g2.80e-05,dinov2_vitb14,blocks.4,2.80e-05,416,77.65479755863636,77.65479755863636,77.65479755863636,1.0000091791152954
MMDpt_dinov2_vitb14_l5_g2.80e-05,dinov2_vitb14,blocks.4,2.80e-05,417,77.69959142727272,77.69959142727272,77.69959142727272,1.0000090599060059
MMDpt_dinov2_vitb14_l5_g2.80e-05,dinov2_vitb14,blocks.4,2.80e-05,418,77.72501827727272,77.72501827727272,77.72501827727272,1.0000004768371582
MMDpt_dinov2_vitb14_l5_g2.80e-05,dinov2_vitb14,blocks.4,2.80e-05,419,77.83570625,77.83570625,77.83570625,1.0000091791152954
MMDpt_dinov2_vitb14_l5_g2.80e-05,dinov2_vitb14,blocks.4,2.80e-05,420,77.9733424409091,77.9733424409091,77.9733424409091,1.0000077486038208
MMDpt_dinov2_vitb14_l5_g2.80e-05,dinov2_vitb14,blocks.4,2.80e-05,421,78.0566007590909,78.0566007590909,78.0566007590909,1.0000087022781372
MMDpt_dinov2_vitb14_l5_g2.80e-05,dinov2_vitb14,blocks.4,2.80e-05,422,78.20425748181819,78.20425748181819,78.20425748181819,1.0000085830688477
MMDpt_dinov2_vitb14_l5_g2.80e-05,dinov2_vitb14,blocks.4,2.80e-05,423,78.23482706363636,78.23482706363636,78.23482706363636,0.9999958872795105
MMDpt_dinov2_vitb14_l5_g2.80e-05,dinov2_vitb14,blocks.4,2.80e-05,424,78.25971381363637,78.25971381363637,78.25971381363637,1.000008225440979
MMDpt_dinov2_vitb14_l5_g2.80e-05,dinov2_vitb14,blocks.4,2.80e-05,425,78.3483194,78.3483194,78.3483194,0.9999830722808838
MMDpt_dinov2_vitb14_l5_g2.80e-05,dinov2_vitb14,blocks.4,2.80e-05,426,78.4185978909091,78.4185978909091,78.4185978909091,1.000002145767212
MMDpt_dinov2_vitb14_l5_g2.80e-05,dinov2_vitb14,blocks.4,2.80e-05,427,78.53980069090909,78.53980069090909,78.53980069090909,1.0000081062316895
MMDpt_dinov2_vitb14_l5_g2.80e-05,dinov2_vitb14,blocks.4,2.80e-05,428,78.54177141363635,78.54177141363635,78.54177141363635,1.0000090599060059
MMDpt_dinov2_vitb14_l5_g2.80e-05,dinov2_vitb14,blocks.4,2.80e-05,429,78.57485005,78.57485005,78.57485005,1.0000050067901611
MMDpt_dinov2_vitb14_l5_g2.80e-05,dinov2_vitb14,blocks.4,2.80e-05,430,78.5853263609091,78.5853263609091,78.5853263609091,1.0000011920928955
MMDpt_dinov2_vitb14_l5_g2.80e-05,dinov2_vitb14,blocks.4,2.80e-05,431,78.61859467727272,78.61859467727272,78.61859467727272,1.0000090599060059
MMDpt_dinov2_vitb14_l5_g2.80e-05,dinov2_vitb14,blocks.4,2.80e-05,432,78.63007529545455,78.63007529545455,78.63007529545455,1.0000091791152954
MMDpt_dinov2_vitb14_l5_g2.80e-05,dinov2_vitb14,blocks.4,2.80e-05,433,78.86957993181818,78.86957993181818,78.86957993181818,1.0000078678131104
MMDpt_dinov2_vitb14_l5_g2.80e-05,dinov2_vitb14,blocks.4,2.80e-05,434,79.22077921818182,79.22077921818182,79.22077921818182,1.0000073909759521
MMDpt_dinov2_vitb14_l5_g2.80e-05,dinov2_vitb14,blocks.4,2.80e-05,435,79.25695136818182,79.25695136818182,79.25695136818182,1.0000090599060059
MMDpt_dinov2_vitb14_l5_g2.80e-05,dinov2_vitb14,blocks.4,2.80e-05,436,79.28284742727273,79.28284742727273,79.28284742727273,1.0000087022781372
MMDpt_dinov2_vitb14_l5_g2.80e-05,dinov2_vitb14,blocks.4,2.80e-05,437,79.36729972727272,79.36729972727272,79.36729972727272,1.0000079870224
MMDpt_dinov2_vitb14_l5_g2.80e-05,dinov2_vitb14,blocks.4,2.80e-05,438,79.46781420454546,79.46781420454546,79.46781420454546,1.0000091791152954
MMDpt_dinov2_vitb14_l5_g2.80e-05,dinov2_vitb14,blocks.4,2.80e-05,439,79.51125251363636,79.51125251363636,79.51125251363636,1.0000089406967163
MMDpt_dinov2_vitb14_l5_g2.80e-05,dinov2_vitb14,blocks.4,2.80e-05,440,79.62850745318183,79.62850745318183,79.62850745318183,1.0000081062316895
MMDpt_dinov2_vitb14_l5_g2.80e-05,dinov2_vitb14,blocks.4,2.80e-05,441,79.6499864090909,79.6499864090909,79.6499864090909,1.0000065565109253
MMDpt_dinov2_vitb14_l5_g2.80e-05,dinov2_vitb14,blocks.4,2.80e-05,442,79.75645692727272,79.75645692727272,79.75645692727272,1.0000026226043701
MMDpt_dinov2_vitb14_l5_g2.80e-05,dinov2_vitb14,blocks.4,2.80e-05,443,79.91532173636364,79.91532173636364,79.91532173636364,1.0000089406967163
MMDpt_dinov2_vitb14_l5_g2.80e-05,dinov2_vitb14,blocks.4,2.80e-05,444,79.94757872272727,79.94757872272727,79.94757872272727,1.0000083446502686
MMDpt_dinov2_vitb14_l5_g2.80e-05,dinov2_vitb14,blocks.4,2.80e-05,445,80.02392345454545,80.02392345454545,80.02392345454545,1.0000079870224
MMDpt_dinov2_vitb14_l5_g2.80e-05,dinov2_vitb14,blocks.4,2.80e-05,446,80.13685939999999,80.13685939999999,80.13685939999999,1.0000085830688477
MMDpt_dinov2_vitb14_l5_g2.80e-05,dinov2_vitb14,blocks.4,2.80e-05,447,80.28660759545454,80.28660759545454,80.28660759545454,1.0000089406967163
MMDpt_dinov2_vitb14_l5_g2.80e-05,dinov2_vitb14,blocks.4,2.80e-05,448,80.40461357272727,80.40461357272727,80.40461357272727,1.0000088214874268
MMDpt_dinov2_vitb14_l5_g2.80e-05,dinov2_vitb14,blocks.4,2.80e-05,449,80.43965011363636,80.43965011363636,80.43965011363636,1.0000091791152954
MMDpt_dinov2_vitb14_l5_g2.80e-05,dinov2_vitb14,blocks.4,2.80e-05,450,80.56802326363636,80.56802326363636,80.56802326363636,1.0000091791152954
MMDpt_dinov2_vitb14_l5_g2.80e-05,dinov2_vitb14,blocks.4,2.80e-05,451,80.69563893636364,80.69563893636364,80.69563893636364,0.9999930262565613
MMDpt_dinov2_vitb14_l5_g2.80e-05,dinov2_vitb14,blocks.4,2.80e-05,452,80.83871870454546,80.83871870454546,80.83871870454546,1.0000091791152954
MMDpt_dinov2_vitb14_l5_g2.80e-05,dinov2_vitb14,blocks.4,2.80e-05,453,80.88731798181819,80.88731798181819,80.88731798181819,1.0000033378601074
MMDpt_dinov2_vitb14_l5_g2.80e-05,dinov2_vitb14,blocks.4,2.80e-05,454,80.98601989090909,80.98601989090909,80.98601989090909,1.0000011920928955
MMDpt_dinov2_vitb14_l5_g2.80e-05,dinov2_vitb14,blocks.4,2.80e-05,455,81.02786977272727,81.02786977272727,81.02786977272727,1.0000035762786865
MMDpt_dinov2_vitb14_l5_g2.80e-05,dinov2_vitb14,blocks.4,2.80e-05,456,81.46314962272727,81.46314962272727,81.46314962272727,1.0000089406967163
MMDpt_dinov2_vitb14_l5_g2.80e-05,dinov2_vitb14,blocks.4,2.80e-05,457,81.49191450454545,81.49191450454545,81.49191450454545,1.0000065565109253
MMDpt_dinov2_vitb14_l5_g2.80e-05,dinov2_vitb14,blocks.4,2.80e-05,458,81.53910919545454,81.53910919545454,81.53910919545454,0.9999938607215881
MMDpt_dinov2_vitb14_l5_g2.80e-05,dinov2_vitb14,blocks.4,2.80e-05,459,81.65584415909092,81.65584415909092,81.65584415909092,1.0000091791152954
MMDpt_dinov2_vitb14_l5_g2.80e-05,dinov2_vitb14,blocks.4,2.80e-05,460,81.66778405000001,81.66778405000001,81.66778405000001,1.0000081062316895
MMDpt_dinov2_vitb14_l5_g2.80e-05,dinov2_vitb14,blocks.4,2.80e-05,461,82.0783984909091,82.0783984909091,82.0783984909091,1.0000091791152954
MMDpt_dinov2_vitb14_l5_g2.80e-05,dinov2_vitb14,blocks.4,2.80e-05,462,82.11143467727273,82.11143467727273,82.11143467727273,1.0000061988830566
MMDpt_dinov2_vitb14_l5_g2.80e-05,dinov2_vitb14,blocks.4,2.80e-05,463,82.15394328181819,82.15394328181819,82.15394328181819,1.0000087022781372
MMDpt_dinov2_vitb14_l5_g2.80e-05,dinov2_vitb14,blocks.4,2.80e-05,464,82.87086985,82.87086985,82.87086985,0.9999916553497314
MMDpt_dinov2_vitb14_l5_g2.80e-05,dinov2_vitb14,blocks.4,2.80e-05,465,83.04785639090909,83.04785639090909,83.04785639090909,1.0000067949295044
MMDpt_dinov2_vitb14_l5_g2.80e-05,dinov2_vitb14,blocks.4,2.80e-05,466,83.2706767,83.2706767,83.2706767,1.0000039339065552
MMDpt_dinov2_vitb14_l5_g2.80e-05,dinov2_vitb14,blocks.4,2.80e-05,467,83.28013232272727,83.28013232272727,83.28013232272727,1.0000081062316895
MMDpt_dinov2_vitb14_l5_g2.80e-05,dinov2_vitb14,blocks.4,2.80e-05,468,83.32162666818182,83.32162666818182,83.32162666818182,1.0000061988830566
MMDpt_dinov2_vitb14_l5_g2.80e-05,dinov2_vitb14,blocks.4,2.80e-05,469,83.35334443181819,83.35334443181819,83.35334443181819,1.0000088214874268
MMDpt_dinov2_vitb14_l5_g2.80e-05,dinov2_vitb14,blocks.4,2.80e-05,470,83.45792123636365,83.45792123636365,83.45792123636365,1.0000070333480835
MMDpt_dinov2_vitb14_l5_g2.80e-05,dinov2_vitb14,blocks.4,2.80e-05,471,84.18152392727274,84.18152392727274,84.18152392727274,1.0000061988830566
MMDpt_dinov2_vitb14_l5_g2.80e-05,dinov2_vitb14,blocks.4,2.80e-05,472,84.62887205909091,84.62887205909091,84.62887205909091,0.9999999403953552
MMDpt_dinov2_vitb14_l5_g2.80e-05,dinov2_vitb14,blocks.4,2.80e-05,473,85.11071750454545,85.11071750454545,85.11071750454545,0.9999697804450989
MMDpt_dinov2_vitb14_l5_g2.80e-05,dinov2_vitb14,blocks.4,2.80e-05,474,85.12217595454545,85.12217595454545,85.12217595454545,1.0
MMDpt_dinov2_vitb14_l5_g2.80e-05,dinov2_vitb14,blocks.4,2.80e-05,475,85.54109655454546,85.54109655454546,85.54109655454546,1.0000087022781372
MMDpt_dinov2_vitb14_l5_g2.80e-05,dinov2_vitb14,blocks.4,2.80e-05,476,85.8163718359091,85.8163718359091,85.8163718359091,1.0000091791152954
MMDpt_dinov2_vitb14_l5_g2.80e-05,dinov2_vitb14,blocks.4,2.80e-05,477,86.0069106,86.0069106,86.0069106,1.0000090599060059
MMDpt_dinov2_vitb14_l5_g2.80e-05,dinov2_vitb14,blocks.4,2.80e-05,478,86.07828567272726,86.07828567272726,86.07828567272726,1.0000091791152954
MMDpt_dinov2_vitb14_l5_g2.80e-05,dinov2_vitb14,blocks.4,2.80e-05,479,86.46879091363637,86.46879091363637,86.46879091363637,1.0000078678131104
MMDpt_dinov2_vitb14_l5_g2.80e-05,dinov2_vitb14,blocks.4,2.80e-05,480,87.81027129545454,87.81027129545454,87.81027129545454,1.0000091791152954
MMDpt_dinov2_vitb14_l5_g1.00e-04,dinov2_vitb14,blocks.4,1.00e-04,1,10.383351573636363,10.383351573636363,10.383351573636363,1.0
MMDpt_dinov2_vitb14_l5_g1.00e-04,dinov2_vitb14,blocks.4,1.00e-04,2,11.237612673636363,11.237612673636363,11.237612673636363,1.0
MMDpt_dinov2_vitb14_l5_g1.00e-04,dinov2_vitb14,blocks.4,1.00e-04,3,12.873956289545454,12.873956289545454,12.873956289545454,1.0
MMDpt_dinov2_vitb14_l5_g1.00e-04,dinov2_vitb14,blocks.4,1.00e-04,4,13.852077771363637,13.852077771363637,13.852077771363637,1.0
MMDpt_dinov2_vitb14_l5_g1.00e-04,dinov2_vitb14,blocks.4,1.00e-04,5,14.772021149545454,14.772021149545454,14.772021149545454,1.0
MMDpt_dinov2_vitb14_l5_g1.00e-04,dinov2_vitb14,blocks.4,1.00e-04,6,15.774696462272727,15.774696462272727,15.774696462272727,1.0
MMDpt_dinov2_vitb14_l5_g1.00e-04,dinov2_vitb14,blocks.4,1.00e-04,7,16.11136225,16.11136225,16.11136225,1.0
MMDpt_dinov2_vitb14_l5_g1.00e-04,dinov2_vitb14,blocks.4,1.00e-04,8,16.718538883636366,16.718538883636366,16.718538883636366,1.0
MMDpt_dinov2_vitb14_l5_g1.00e-04,dinov2_vitb14,blocks.4,1.00e-04,9,16.83383592,16.83383592,16.83383592,1.0
MMDpt_dinov2_vitb14_l5_g1.00e-04,dinov2_vitb14,blocks.4,1.00e-04,10,16.977602550909094,16.977602550909094,16.977602550909094,1.0
MMDpt_dinov2_vitb14_l5_g1.00e-04,dinov2_vitb14,blocks.4,1.00e-04,11,17.128398308636363,17.128398308636363,17.128398308636363,1.0
MMDpt_dinov2_vitb14_l5_g1.00e-04,dinov2_vitb14,blocks.4,1.00e-04,12,17.49981897681818,17.49981897681818,17.49981897681818,1.0
MMDpt_dinov2_vitb14_l5_g1.00e-04,dinov2_vitb14,blocks.4,1.00e-04,13,18.01987185318182,18.01987185318182,18.01987185318182,1.0
MMDpt_dinov2_vitb14_l5_g1.00e-04,dinov2_vitb14,blocks.4,1.00e-04,14,18.22368484818182,18.22368484818182,18.22368484818182,1.0
MMDpt_dinov2_vitb14_l5_g1.00e-04,dinov2_vitb14,blocks.4,1.00e-04,15,18.40435578590909,18.40435578590909,18.40435578590909,1.0
MMDpt_dinov2_vitb14_l5_g1.00e-04,dinov2_vitb14,blocks.4,1.00e-04,16,18.964998386363636,18.964998386363636,18.964998386363636,1.0
MMDpt_dinov2_vitb14_l5_g1.00e-04,dinov2_vitb14,blocks.4,1.00e-04,17,19.531784013636365,19.531784013636365,19.531784013636365,1.0
MMDpt_dinov2_vitb14_l5_g1.00e-04,dinov2_vitb14,blocks.4,1.00e-04,18,21.457911477272727,21.457911477272727,21.457911477272727,1.0
MMDpt_dinov2_vitb14_l5_g1.00e-04,dinov2_vitb14,blocks.4,1.00e-04,19,22.164942098181818,22.164942098181818,22.164942098181818,1.0
MMDpt_dinov2_vitb14_l5_g1.00e-04,dinov2_vitb14,blocks.4,1.00e-04,20,22.207954510454545,22.207954510454545,22.207954510454545,1.0
MMDpt_dinov2_vitb14_l5_g1.00e-04,dinov2_vitb14,blocks.4,1.00e-04,21,22.336504287727273,22.336504287727273,22.336504287727273,1.0
MMDpt_dinov2_vitb14_l5_g1.00e-04,dinov2_vitb14,blocks.4,1.00e-04,22,22.775860404545455,22.775860404545455,22.775860404545455,1.0
MMDpt_dinov2_vitb14_l5_g1.00e-04,dinov2_vitb14,blocks.4,1.00e-04,23,23.03693973772727,23.03693973772727,23.03693973772727,1.0
MMDpt_dinov2_vitb14_l5_g1.00e-04,dinov2_vitb14,blocks.4,1.00e-04,24,23.073138160909092,23.073138160909092,23.073138160909092,1.0
MMDpt_dinov2_vitb14_l5_g1.00e-04,dinov2_vitb14,blocks.4,1.00e-04,25,23.859046570909094,23.859046570909094,23.859046570909094,1.0
MMDpt_dinov2_vitb14_l5_g1.00e-04,dinov2_vitb14,blocks.4,1.00e-04,26,24.108436355454547,24.108436355454547,24.108436355454547,1.0
MMDpt_dinov2_vitb14_l5_g1.00e-04,dinov2_vitb14,blocks.4,1.00e-04,27,24.136628927727273,24.136628927727273,24.136628927727273,1.0
MMDpt_dinov2_vitb14_l5_g1.00e-04,dinov2_vitb14,blocks.4,1.00e-04,28,24.706419758636365,24.706419758636365,24.706419758636365,1.0
MMDpt_dinov2_vitb14_l5_g1.00e-04,dinov2_vitb14,blocks.4,1.00e-04,29,25.160939161363636,25.160939161363636,25.160939161363636,1.0
MMDpt_dinov2_vitb14_l5_g1.00e-04,dinov2_vitb14,blocks.4,1.00e-04,30,25.272293834545454,25.272293834545454,25.272293834545454,1.0
MMDpt_dinov2_vitb14_l5_g1.00e-04,dinov2_vitb14,blocks.4,1.00e-04,31,25.739496508636364,25.739496508636364,25.739496508636364,1.0
MMDpt_dinov2_vitb14_l5_g1.00e-04,dinov2_vitb14,blocks.4,1.00e-04,32,26.08368123090909,26.08368123090909,26.08368123090909,1.0
MMDpt_dinov2_vitb14_l5_g1.00e-04,dinov2_vitb14,blocks.4,1.00e-04,33,26.26193154681818,26.26193154681818,26.26193154681818,1.0
MMDpt_dinov2_vitb14_l5_g1.00e-04,dinov2_vitb14,blocks.4,1.00e-04,34,26.29922768272727,26.29922768272727,26.29922768272727,1.0
MMDpt_dinov2_vitb14_l5_g1.00e-04,dinov2_vitb14,blocks.4,1.00e-04,35,26.647243233181822,26.647243233181822,26.647243233181822,1.0
MMDpt_dinov2_vitb14_l5_g1.00e-04,dinov2_vitb14,blocks.4,1.00e-04,36,26.80277036,26.80277036,26.80277036,1.0
MMDpt_dinov2_vitb14_l5_g1.00e-04,dinov2_vitb14,blocks.4,1.00e-04,37,27.710613355454544,27.710613355454544,27.710613355454544,1.0
MMDpt_dinov2_vitb14_l5_g1.00e-04,dinov2_vitb14,blocks.4,1.00e-04,38,27.723830698181818,27.723830698181818,27.723830698181818,1.0
MMDpt_dinov2_vitb14_l5_g1.00e-04,dinov2_vitb14,blocks.4,1.00e-04,39,27.94224735681818,27.94224735681818,27.94224735681818,1.0
MMDpt_dinov2_vitb14_l5_g1.00e-04,dinov2_vitb14,blocks.4,1.00e-04,40,28.008295531363636,28.008295531363636,28.008295531363636,1.0
MMDpt_dinov2_vitb14_l5_g1.00e-04,dinov2_vitb14,blocks.4,1.00e-04,41,28.427649107272728,28.427649107272728,28.427649107272728,1.0
MMDpt_dinov2_vitb14_l5_g1.00e-04,dinov2_vitb14,blocks.4,1.00e-04,42,28.610673086363636,28.610673086363636,28.610673086363636,1.0
MMDpt_dinov2_vitb14_l5_g1.00e-04,dinov2_vitb14,blocks.4,1.00e-04,43,28.864666542727274,28.864666542727274,28.864666542727274,1.0
MMDpt_dinov2_vitb14_l5_g1.00e-04,dinov2_vitb14,blocks.4,1.00e-04,44,28.872480873181818,28.872480873181818,28.872480873181818,1.0
MMDpt_dinov2_vitb14_l5_g1.00e-04,dinov2_vitb14,blocks.4,1.00e-04,45,29.867093540909092,29.867093540909092,29.867093540909092,1.0
MMDpt_dinov2_vitb14_l5_g1.00e-04,dinov2_vitb14,blocks.4,1.00e-04,46,30.946254809545454,30.946254809545454,30.946254809545454,1.0
MMDpt_dinov2_vitb14_l5_g1.00e-04,dinov2_vitb14,blocks.4,1.00e-04,47,31.113843444545456,31.113843444545456,31.113843444545456,1.0
MMDpt_dinov2_vitb14_l5_g1.00e-04,dinov2_vitb14,blocks.4,1.00e-04,48,31.75240744409091,31.75240744409091,31.75240744409091,1.0
MMDpt_dinov2_vitb14_l5_g1.00e-04,dinov2_vitb14,blocks.4,1.00e-04,49,31.962474827272725,31.962474827272725,31.962474827272725,1.0
MMDpt_dinov2_vitb14_l5_g1.00e-04,dinov2_vitb14,blocks.4,1.00e-04,50,32.10326235227273,32.10326235227273,32.10326235227273,1.0
MMDpt_dinov2_vitb14_l5_g1.00e-04,dinov2_vitb14,blocks.4,1.00e-04,51,32.57260997909091,32.57260997909091,32.57260997909091,1.0
MMDpt_dinov2_vitb14_l5_g1.00e-04,dinov2_vitb14,blocks.4,1.00e-04,52,33.29309288772727,33.29309288772727,33.29309288772727,1.0
MMDpt_dinov2_vitb14_l5_g1.00e-04,dinov2_vitb14,blocks.4,1.00e-04,53,33.63066458409091,33.63066458409091,33.63066458409091,1.0
MMDpt_dinov2_vitb14_l5_g1.00e-04,dinov2_vitb14,blocks.4,1.00e-04,54,33.94931614045454,33.94931614045454,33.94931614045454,1.0
MMDpt_dinov2_vitb14_l5_g1.00e-04,dinov2_vitb14,blocks.4,1.00e-04,55,34.254768114545456,34.254768114545456,34.254768114545456,1.0
MMDpt_dinov2_vitb14_l5_g1.00e-04,dinov2_vitb14,blocks.4,1.00e-04,56,35.01583384090909,35.01583384090909,35.01583384090909,1.0
MMDpt_dinov2_vitb14_l5_g1.00e-04,dinov2_vitb14,blocks.4,1.00e-04,57,35.61844186090909,35.61844186090909,35.61844186090909,1.0
MMDpt_dinov2_vitb14_l5_g1.00e-04,dinov2_vitb14,blocks.4,1.00e-04,58,36.50372615909091,36.50372615909091,36.50372615909091,1.0
MMDpt_dinov2_vitb14_l5_g1.00e-04,dinov2_vitb14,blocks.4,1.00e-04,59,36.74721518909091,36.74721518909091,36.74721518909091,1.0
MMDpt_dinov2_vitb14_l5_g1.00e-04,dinov2_vitb14,blocks.4,1.00e-04,60,37.183868766818186,37.183868766818186,37.183868766818186,1.0
MMDpt_dinov2_vitb14_l5_g1.00e-04,dinov2_vitb14,blocks.4,1.00e-04,61,37.586910895,37.586910895,37.586910895,1.0
MMDpt_dinov2_vitb14_l5_g1.00e-04,dinov2_vitb14,blocks.4,1.00e-04,62,37.90925234181818,37.90925234181818,37.90925234181818,1.0
MMDpt_dinov2_vitb14_l5_g1.00e-04,dinov2_vitb14,blocks.4,1.00e-04,63,39.159607152727276,39.159607152727276,39.159607152727276,1.0
MMDpt_dinov2_vitb14_l5_g1.00e-04,dinov2_vitb14,blocks.4,1.00e-04,64,39.16116855045455,39.16116855045455,39.16116855045455,1.0
MMDpt_dinov2_vitb14_l5_g1.00e-04,dinov2_vitb14,blocks.4,1.00e-04,65,39.50363207727273,39.50363207727273,39.50363207727273,1.0
MMDpt_dinov2_vitb14_l5_g1.00e-04,dinov2_vitb14,blocks.4,1.00e-04,66,39.72578294681818,39.72578294681818,39.72578294681818,1.0
MMDpt_dinov2_vitb14_l5_g1.00e-04,dinov2_vitb14,blocks.4,1.00e-04,67,40.10658689318182,40.10658689318182,40.10658689318182,1.0
MMDpt_dinov2_vitb14_l5_g1.00e-04,dinov2_vitb14,blocks.4,1.00e-04,68,40.511631334545456,40.511631334545456,40.511631334545456,1.0
MMDpt_dinov2_vitb14_l5_g1.00e-04,dinov2_vitb14,blocks.4,1.00e-04,69,41.22542756590909,41.22542756590909,41.22542756590909,1.0
MMDpt_dinov2_vitb14_l5_g1.00e-04,dinov2_vitb14,blocks.4,1.00e-04,70,41.450596035,41.450596035,41.450596035,1.0
MMDpt_dinov2_vitb14_l5_g1.00e-04,dinov2_vitb14,blocks.4,1.00e-04,71,41.606778884545456,41.606778884545456,41.606778884545456,1.0
MMDpt_dinov2_vitb14_l5_g1.00e-04,dinov2_vitb14,blocks.4,1.00e-04,72,41.74143011090909,41.74143011090909,41.74143011090909,1.0
MMDpt_dinov2_vitb14_l5_g1.00e-04,dinov2_vitb14,blocks.4,1.00e-04,73,42.27668356454546,42.27668356454546,42.27668356454546,1.0
MMDpt_dinov2_vitb14_l5_g1.00e-04,dinov2_vitb14,blocks.4,1.00e-04,74,42.349748590454546,42.349748590454546,42.349748590454546,1.0
MMDpt_dinov2_vitb14_l5_g1.00e-04,dinov2_vitb14,blocks.4,1.00e-04,75,42.93479045136364,42.93479045136364,42.93479045136364,1.0
MMDpt_dinov2_vitb14_l5_g1.00e-04,dinov2_vitb14,blocks.4,1.00e-04,76,42.999259720454546,42.999259720454546,42.999259720454546,1.0
MMDpt_dinov2_vitb14_l5_g1.00e-04,dinov2_vitb14,blocks.4,1.00e-04,77,43.14833512181818,43.14833512181818,43.14833512181818,1.0
MMDpt_dinov2_vitb14_l5_g1.00e-04,dinov2_vitb14,blocks.4,1.00e-04,78,43.849900354999995,43.849900354999995,43.849900354999995,1.0
MMDpt_dinov2_vitb14_l5_g1.00e-04,dinov2_vitb14,blocks.4,1.00e-04,79,44.24228326,44.24228326,44.24228326,1.0
MMDpt_dinov2_vitb14_l5_g1.00e-04,dinov2_vitb14,blocks.4,1.00e-04,80,44.68483293727273,44.68483293727273,44.68483293727273,1.0
MMDpt_dinov2_vitb14_l5_g1.00e-04,dinov2_vitb14,blocks.4,1.00e-04,81,45.014271393181815,45.014271393181815,45.014271393181815,1.0
MMDpt_dinov2_vitb14_l5_g1.00e-04,dinov2_vitb14,blocks.4,1.00e-04,82,45.044897863636365,45.044897863636365,45.044897863636365,1.0
MMDpt_dinov2_vitb14_l5_g1.00e-04,dinov2_vitb14,blocks.4,1.00e-04,83,45.242849799999995,45.242849799999995,45.242849799999995,1.0
MMDpt_dinov2_vitb14_l5_g1.00e-04,dinov2_vitb14,blocks.4,1.00e-04,84,45.34376912590909,45.34376912590909,45.34376912590909,1.0
MMDpt_dinov2_vitb14_l5_g1.00e-04,dinov2_vitb14,blocks.4,1.00e-04,85,45.44974382363636,45.44974382363636,45.44974382363636,1.0
MMDpt_dinov2_vitb14_l5_g1.00e-04,dinov2_vitb14,blocks.4,1.00e-04,86,45.87703164136364,45.87703164136364,45.87703164136364,1.0
MMDpt_dinov2_vitb14_l5_g1.00e-04,dinov2_vitb14,blocks.4,1.00e-04,87,46.05975058136364,46.05975058136364,46.05975058136364,1.0
MMDpt_dinov2_vitb14_l5_g1.00e-04,dinov2_vitb14,blocks.4,1.00e-04,88,46.3385215,46.3385215,46.3385215,1.0
MMDpt_dinov2_vitb14_l5_g1.00e-04,dinov2_vitb14,blocks.4,1.00e-04,89,46.461104443636366,46.461104443636366,46.461104443636366,1.0
MMDpt_dinov2_vitb14_l5_g1.00e-04,dinov2_vitb14,blocks.4,1.00e-04,90,46.55172569545454,46.55172569545454,46.55172569545454,1.0
MMDpt_dinov2_vitb14_l5_g1.00e-04,dinov2_vitb14,blocks.4,1.00e-04,91,46.63784059272727,46.63784059272727,46.63784059272727,1.0
MMDpt_dinov2_vitb14_l5_g1.00e-04,dinov2_vitb14,blocks.4,1.00e-04,92,46.92503363227272,46.92503363227272,46.92503363227272,1.0
MMDpt_dinov2_vitb14_l5_g1.00e-04,dinov2_vitb14,blocks.4,1.00e-04,93,46.98420985,46.98420985,46.98420985,1.0
MMDpt_dinov2_vitb14_l5_g1.00e-04,dinov2_vitb14,blocks.4,1.00e-04,94,47.05894020545455,47.05894020545455,47.05894020545455,1.0
MMDpt_dinov2_vitb14_l5_g1.00e-04,dinov2_vitb14,blocks.4,1.00e-04,95,47.18393024863636,47.18393024863636,47.18393024863636,1.0
MMDpt_dinov2_vitb14_l5_g1.00e-04,dinov2_vitb14,blocks.4,1.00e-04,96,47.45620903181818,47.45620903181818,47.45620903181818,1.0
MMDpt_dinov2_vitb14_l5_g1.00e-04,dinov2_vitb14,blocks.4,1.00e-04,97,47.57944400681818,47.57944400681818,47.57944400681818,1.0
MMDpt_dinov2_vitb14_l5_g1.00e-04,dinov2_vitb14,blocks.4,1.00e-04,98,47.68605184090909,47.68605184090909,47.68605184090909,1.0
MMDpt_dinov2_vitb14_l5_g1.00e-04,dinov2_vitb14,blocks.4,1.00e-04,99,47.85413733318182,47.85413733318182,47.85413733318182,1.0
MMDpt_dinov2_vitb14_l5_g1.00e-04,dinov2_vitb14,blocks.4,1.00e-04,100,47.997159330454544,47.997159330454544,47.997159330454544,1.0
MMDpt_dinov2_vitb14_l5_g1.00e-04,dinov2_vitb14,blocks.4,1.00e-04,101,48.745656067727275,48.745656067727275,48.745656067727275,1.0
MMDpt_dinov2_vitb14_l5_g1.00e-04,dinov2_vitb14,blocks.4,1.00e-04,102,48.974869975454546,48.974869975454546,48.974869975454546,1.0
MMDpt_dinov2_vitb14_l5_g1.00e-04,dinov2_vitb14,blocks.4,1.00e-04,103,49.269933079999994,49.269933079999994,49.269933079999994,1.0
MMDpt_dinov2_vitb14_l5_g1.00e-04,dinov2_vitb14,blocks.4,1.00e-04,104,49.50143869090909,49.50143869090909,49.50143869090909,1.0
MMDpt_dinov2_vitb14_l5_g1.00e-04,dinov2_vitb14,blocks.4,1.00e-04,105,50.02686477227273,50.02686477227273,50.02686477227273,1.0
MMDpt_dinov2_vitb14_l5_g1.00e-04,dinov2_vitb14,blocks.4,1.00e-04,106,50.24467801363637,50.24467801363637,50.24467801363637,1.0
MMDpt_dinov2_vitb14_l5_g1.00e-04,dinov2_vitb14,blocks.4,1.00e-04,107,50.26601576545454,50.26601576545454,50.26601576545454,1.0
MMDpt_dinov2_vitb14_l5_g1.00e-04,dinov2_vitb14,blocks.4,1.00e-04,108,50.287720933636365,50.287720933636365,50.287720933636365,1.0
MMDpt_dinov2_vitb14_l5_g1.00e-04,dinov2_vitb14,blocks.4,1.00e-04,109,50.397065763181814,50.397065763181814,50.397065763181814,1.0
MMDpt_dinov2_vitb14_l5_g1.00e-04,dinov2_vitb14,blocks.4,1.00e-04,110,50.44004938636363,50.44004938636363,50.44004938636363,1.0
MMDpt_dinov2_vitb14_l5_g1.00e-04,dinov2_vitb14,blocks.4,1.00e-04,111,50.53053583909091,50.53053583909091,50.53053583909091,1.0
MMDpt_dinov2_vitb14_l5_g1.00e-04,dinov2_vitb14,blocks.4,1.00e-04,112,50.744067415454545,50.744067415454545,50.744067415454545,1.0
MMDpt_dinov2_vitb14_l5_g1.00e-04,dinov2_vitb14,blocks.4,1.00e-04,113,50.877768575909094,50.877768575909094,50.877768575909094,1.0
MMDpt_dinov2_vitb14_l5_g1.00e-04,dinov2_vitb14,blocks.4,1.00e-04,114,50.952142585000004,50.952142585000004,50.952142585000004,1.0
MMDpt_dinov2_vitb14_l5_g1.00e-04,dinov2_vitb14,blocks.4,1.00e-04,115,51.255980857727266,51.255980857727266,51.255980857727266,1.0
MMDpt_dinov2_vitb14_l5_g1.00e-04,dinov2_vitb14,blocks.4,1.00e-04,116,51.47010300409091,51.47010300409091,51.47010300409091,1.0
MMDpt_dinov2_vitb14_l5_g1.00e-04,dinov2_vitb14,blocks.4,1.00e-04,117,51.48649149727273,51.48649149727273,51.48649149727273,1.0
MMDpt_dinov2_vitb14_l5_g1.00e-04,dinov2_vitb14,blocks.4,1.00e-04,118,51.49088870772727,51.49088870772727,51.49088870772727,1.0
MMDpt_dinov2_vitb14_l5_g1.00e-04,dinov2_vitb14,blocks.4,1.00e-04,119,51.669473619090915,51.669473619090915,51.669473619090915,1.0
MMDpt_dinov2_vitb14_l5_g1.00e-04,dinov2_vitb14,blocks.4,1.00e-04,120,51.78909724363636,51.78909724363636,51.78909724363636,1.0
MMDpt_dinov2_vitb14_l5_g1.00e-04,dinov2_vitb14,blocks.4,1.00e-04,121,51.85205774272727,51.85205774272727,51.85205774272727,1.0
MMDpt_dinov2_vitb14_l5_g1.00e-04,dinov2_vitb14,blocks.4,1.00e-04,122,51.87800455454545,51.87800455454545,51.87800455454545,1.0
MMDpt_dinov2_vitb14_l5_g1.00e-04,dinov2_vitb14,blocks.4,1.00e-04,123,51.92553946363636,51.92553946363636,51.92553946363636,1.0
MMDpt_dinov2_vitb14_l5_g1.00e-04,dinov2_vitb14,blocks.4,1.00e-04,124,52.00039339090909,52.00039339090909,52.00039339090909,1.0
MMDpt_dinov2_vitb14_l5_g1.00e-04,dinov2_vitb14,blocks.4,1.00e-04,125,52.126720309090906,52.126720309090906,52.126720309090906,1.0
MMDpt_dinov2_vitb14_l5_g1.00e-04,dinov2_vitb14,blocks.4,1.00e-04,126,52.30133809090909,52.30133809090909,52.30133809090909,1.0
MMDpt_dinov2_vitb14_l5_g1.00e-04,dinov2_vitb14,blocks.4,1.00e-04,127,52.82782977227273,52.82782977227273,52.82782977227273,1.0
MMDpt_dinov2_vitb14_l5_g1.00e-04,dinov2_vitb14,blocks.4,1.00e-04,128,52.94948191,52.94948191,52.94948191,1.0
MMDpt_dinov2_vitb14_l5_g1.00e-04,dinov2_vitb14,blocks.4,1.00e-04,129,52.977303153181815,52.977303153181815,52.977303153181815,1.0
MMDpt_dinov2_vitb14_l5_g1.00e-04,dinov2_vitb14,blocks.4,1.00e-04,130,53.02329102272727,53.02329102272727,53.02329102272727,1.0
MMDpt_dinov2_vitb14_l5_g1.00e-04,dinov2_vitb14,blocks.4,1.00e-04,131,53.11169118954546,53.11169118954546,53.11169118954546,1.0
MMDpt_dinov2_vitb14_l5_g1.00e-04,dinov2_vitb14,blocks.4,1.00e-04,132,53.15595768772727,53.15595768772727,53.15595768772727,1.0
MMDpt_dinov2_vitb14_l5_g1.00e-04,dinov2_vitb14,blocks.4,1.00e-04,133,53.19575964181818,53.19575964181818,53.19575964181818,1.0
MMDpt_dinov2_vitb14_l5_g1.00e-04,dinov2_vitb14,blocks.4,1.00e-04,134,53.738266159999995,53.738266159999995,53.738266159999995,1.0
MMDpt_dinov2_vitb14_l5_g1.00e-04,dinov2_vitb14,blocks.4,1.00e-04,135,54.35688324090909,54.35688324090909,54.35688324090909,1.0
MMDpt_dinov2_vitb14_l5_g1.00e-04,dinov2_vitb14,blocks.4,1.00e-04,136,54.43010616227273,54.43010616227273,54.43010616227273,1.0
MMDpt_dinov2_vitb14_l5_g1.00e-04,dinov2_vitb14,blocks.4,1.00e-04,137,54.51598353272727,54.51598353272727,54.51598353272727,1.0
MMDpt_dinov2_vitb14_l5_g1.00e-04,dinov2_vitb14,blocks.4,1.00e-04,138,54.63723127590909,54.63723127590909,54.63723127590909,1.0
MMDpt_dinov2_vitb14_l5_g1.00e-04,dinov2_vitb14,blocks.4,1.00e-04,139,54.68535675181818,54.68535675181818,54.68535675181818,1.0
MMDpt_dinov2_vitb14_l5_g1.00e-04,dinov2_vitb14,blocks.4,1.00e-04,140,54.72388539863636,54.72388539863636,54.72388539863636,1.0
MMDpt_dinov2_vitb14_l5_g1.00e-04,dinov2_vitb14,blocks.4,1.00e-04,141,55.23867115454546,55.23867115454546,55.23867115454546,1.0
MMDpt_dinov2_vitb14_l5_g1.00e-04,dinov2_vitb14,blocks.4,1.00e-04,142,55.2775563909091,55.2775563909091,55.2775563909091,1.0
MMDpt_dinov2_vitb14_l5_g1.00e-04,dinov2_vitb14,blocks.4,1.00e-04,143,55.699695931818184,55.699695931818184,55.699695931818184,1.0
MMDpt_dinov2_vitb14_l5_g1.00e-04,dinov2_vitb14,blocks.4,1.00e-04,144,55.80372709545455,55.80372709545455,55.80372709545455,1.0
MMDpt_dinov2_vitb14_l5_g1.00e-04,dinov2_vitb14,blocks.4,1.00e-04,145,55.82518654818182,55.82518654818182,55.82518654818182,1.0
MMDpt_dinov2_vitb14_l5_g1.00e-04,dinov2_vitb14,blocks.4,1.00e-04,146,56.236087309090905,56.236087309090905,56.236087309090905,1.0
MMDpt_dinov2_vitb14_l5_g1.00e-04,dinov2_vitb14,blocks.4,1.00e-04,147,56.34353036818182,56.34353036818182,56.34353036818182,1.0
MMDpt_dinov2_vitb14_l5_g1.00e-04,dinov2_vitb14,blocks.4,1.00e-04,148,56.343846956363635,56.343846956363635,56.343846956363635,1.0
MMDpt_dinov2_vitb14_l5_g1.00e-04,dinov2_vitb14,blocks.4,1.00e-04,149,56.418747340909086,56.418747340909086,56.418747340909086,1.0
MMDpt_dinov2_vitb14_l5_g1.00e-04,dinov2_vitb14,blocks.4,1.00e-04,150,56.4284854,56.4284854,56.4284854,1.0
MMDpt_dinov2_vitb14_l5_g1.00e-04,dinov2_vitb14,blocks.4,1.00e-04,151,56.43083487727272,56.43083487727272,56.43083487727272,1.0
MMDpt_dinov2_vitb14_l5_g1.00e-04,dinov2_vitb14,blocks.4,1.00e-04,152,56.73676582727273,56.73676582727273,56.73676582727273,1.0
MMDpt_dinov2_vitb14_l5_g1.00e-04,dinov2_vitb14,blocks.4,1.00e-04,153,56.80215198181818,56.80215198181818,56.80215198181818,1.0
MMDpt_dinov2_vitb14_l5_g1.00e-04,dinov2_vitb14,blocks.4,1.00e-04,154,56.838491672272724,56.838491672272724,56.838491672272724,1.0
MMDpt_dinov2_vitb14_l5_g1.00e-04,dinov2_vitb14,blocks.4,1.00e-04,155,56.87784920000001,56.87784920000001,56.87784920000001,1.0
MMDpt_dinov2_vitb14_l5_g1.00e-04,dinov2_vitb14,blocks.4,1.00e-04,156,56.88495511818182,56.88495511818182,56.88495511818182,1.0
MMDpt_dinov2_vitb14_l5_g1.00e-04,dinov2_vitb14,blocks.4,1.00e-04,157,56.89427865,56.89427865,56.89427865,1.0
MMDpt_dinov2_vitb14_l5_g1.00e-04,dinov2_vitb14,blocks.4,1.00e-04,158,57.014437336363635,57.014437336363635,57.014437336363635,1.0
MMDpt_dinov2_vitb14_l5_g1.00e-04,dinov2_vitb14,blocks.4,1.00e-04,159,57.01605029863636,57.01605029863636,57.01605029863636,1.0
MMDpt_dinov2_vitb14_l5_g1.00e-04,dinov2_vitb14,blocks.4,1.00e-04,160,57.06027285454545,57.06027285454545,57.06027285454545,1.0
MMDpt_dinov2_vitb14_l5_g1.00e-04,dinov2_vitb14,blocks.4,1.00e-04,161,57.08577673045454,57.08577673045454,57.08577673045454,1.0
MMDpt_dinov2_vitb14_l5_g1.00e-04,dinov2_vitb14,blocks.4,1.00e-04,162,57.165035822727276,57.165035822727276,57.165035822727276,1.0
MMDpt_dinov2_vitb14_l5_g1.00e-04,dinov2_vitb14,blocks.4,1.00e-04,163,57.30280682363637,57.30280682363637,57.30280682363637,1.0
MMDpt_dinov2_vitb14_l5_g1.00e-04,dinov2_vitb14,blocks.4,1.00e-04,164,57.552973348181816,57.552973348181816,57.552973348181816,1.0
MMDpt_dinov2_vitb14_l5_g1.00e-04,dinov2_vitb14,blocks.4,1.00e-04,165,57.715692645,57.715692645,57.715692645,1.0
MMDpt_dinov2_vitb14_l5_g1.00e-04,dinov2_vitb14,blocks.4,1.00e-04,166,57.94736867727273,57.94736867727273,57.94736867727273,1.0
MMDpt_dinov2_vitb14_l5_g1.00e-04,dinov2_vitb14,blocks.4,1.00e-04,167,58.01582408181818,58.01582408181818,58.01582408181818,1.0
MMDpt_dinov2_vitb14_l5_g1.00e-04,dinov2_vitb14,blocks.4,1.00e-04,168,58.14704098045454,58.14704098045454,58.14704098045454,1.0
MMDpt_dinov2_vitb14_l5_g1.00e-04,dinov2_vitb14,blocks.4,1.00e-04,169,58.40466673181818,58.40466673181818,58.40466673181818,1.0
MMDpt_dinov2_vitb14_l5_g1.00e-04,dinov2_vitb14,blocks.4,1.00e-04,170,58.48494007,58.48494007,58.48494007,1.0
MMDpt_dinov2_vitb14_l5_g1.00e-04,dinov2_vitb14,blocks.4,1.00e-04,171,58.90741873181818,58.90741873181818,58.90741873181818,1.0
MMDpt_dinov2_vitb14_l5_g1.00e-04,dinov2_vitb14,blocks.4,1.00e-04,172,58.92814133636364,58.92814133636364,58.92814133636364,1.0
MMDpt_dinov2_vitb14_l5_g1.00e-04,dinov2_vitb14,blocks.4,1.00e-04,173,58.959711454090915,58.959711454090915,58.959711454090915,1.0
MMDpt_dinov2_vitb14_l5_g1.00e-04,dinov2_vitb14,blocks.4,1.00e-04,174,59.080638213636355,59.080638213636355,59.080638213636355,1.0
MMDpt_dinov2_vitb14_l5_g1.00e-04,dinov2_vitb14,blocks.4,1.00e-04,175,59.15176404636364,59.15176404636364,59.15176404636364,1.0
MMDpt_dinov2_vitb14_l5_g1.00e-04,dinov2_vitb14,blocks.4,1.00e-04,176,59.165360129545455,59.165360129545455,59.165360129545455,1.0
MMDpt_dinov2_vitb14_l5_g1.00e-04,dinov2_vitb14,blocks.4,1.00e-04,177,59.343238913181814,59.343238913181814,59.343238913181814,1.0
MMDpt_dinov2_vitb14_l5_g1.00e-04,dinov2_vitb14,blocks.4,1.00e-04,178,59.52943686818182,59.52943686818182,59.52943686818182,1.0
MMDpt_dinov2_vitb14_l5_g1.00e-04,dinov2_vitb14,blocks.4,1.00e-04,179,59.53394987363636,59.53394987363636,59.53394987363636,1.0
MMDpt_dinov2_vitb14_l5_g1.00e-04,dinov2_vitb14,blocks.4,1.00e-04,180,59.61907620909091,59.61907620909091,59.61907620909091,1.0
MMDpt_dinov2_vitb14_l5_g1.00e-04,dinov2_vitb14,blocks.4,1.00e-04,181,59.64024705,59.64024705,59.64024705,1.0
MMDpt_dinov2_vitb14_l5_g1.00e-04,dinov2_vitb14,blocks.4,1.00e-04,182,59.81487126545455,59.81487126545455,59.81487126545455,1.0
MMDpt_dinov2_vitb14_l5_g1.00e-04,dinov2_vitb14,blocks.4,1.00e-04,183,59.821444613636366,59.821444613636366,59.821444613636366,1.0
MMDpt_dinov2_vitb14_l5_g1.00e-04,dinov2_vitb14,blocks.4,1.00e-04,184,59.82249576181818,59.82249576181818,59.82249576181818,1.0
MMDpt_dinov2_vitb14_l5_g1.00e-04,dinov2_vitb14,blocks.4,1.00e-04,185,60.13491826227273,60.13491826227273,60.13491826227273,1.0
MMDpt_dinov2_vitb14_l5_g1.00e-04,dinov2_vitb14,blocks.4,1.00e-04,186,60.66603184545455,60.66603184545455,60.66603184545455,1.0
MMDpt_dinov2_vitb14_l5_g1.00e-04,dinov2_vitb14,blocks.4,1.00e-04,187,60.91525143409091,60.91525143409091,60.91525143409091,1.0
MMDpt_dinov2_vitb14_l5_g1.00e-04,dinov2_vitb14,blocks.4,1.00e-04,188,60.98922430909091,60.98922430909091,60.98922430909091,1.0
MMDpt_dinov2_vitb14_l5_g1.00e-04,dinov2_vitb14,blocks.4,1.00e-04,189,61.15445065909091,61.15445065909091,61.15445065909091,1.0
MMDpt_dinov2_vitb14_l5_g1.00e-04,dinov2_vitb14,blocks.4,1.00e-04,190,61.257236485,61.257236485,61.257236485,1.0
MMDpt_dinov2_vitb14_l5_g1.00e-04,dinov2_vitb14,blocks.4,1.00e-04,191,61.38288141818182,61.38288141818182,61.38288141818182,1.0
MMDpt_dinov2_vitb14_l5_g1.00e-04,dinov2_vitb14,blocks.4,1.00e-04,192,61.41676890772727,61.41676890772727,61.41676890772727,1.0
MMDpt_dinov2_vitb14_l5_g1.00e-04,dinov2_vitb14,blocks.4,1.00e-04,193,61.450913154545454,61.450913154545454,61.450913154545454,1.0
MMDpt_dinov2_vitb14_l5_g1.00e-04,dinov2_vitb14,blocks.4,1.00e-04,194,61.557454278181815,61.557454278181815,61.557454278181815,1.0
MMDpt_dinov2_vitb14_l5_g1.00e-04,dinov2_vitb14,blocks.4,1.00e-04,195,61.612018317727276,61.612018317727276,61.612018317727276,1.0
MMDpt_dinov2_vitb14_l5_g1.00e-04,dinov2_vitb14,blocks.4,1.00e-04,196,61.66026577136363,61.66026577136363,61.66026577136363,1.0
MMDpt_dinov2_vitb14_l5_g1.00e-04,dinov2_vitb14,blocks.4,1.00e-04,197,61.784896459090916,61.784896459090916,61.784896459090916,1.0
MMDpt_dinov2_vitb14_l5_g1.00e-04,dinov2_vitb14,blocks.4,1.00e-04,198,61.80260090454545,61.80260090454545,61.80260090454545,1.0
MMDpt_dinov2_vitb14_l5_g1.00e-04,dinov2_vitb14,blocks.4,1.00e-04,199,62.04634134636364,62.04634134636364,62.04634134636364,1.0
MMDpt_dinov2_vitb14_l5_g1.00e-04,dinov2_vitb14,blocks.4,1.00e-04,200,62.140166177272725,62.140166177272725,62.140166177272725,1.0
MMDpt_dinov2_vitb14_l5_g1.00e-04,dinov2_vitb14,blocks.4,1.00e-04,201,62.30800517363637,62.30800517363637,62.30800517363637,1.0
MMDpt_dinov2_vitb14_l5_g1.00e-04,dinov2_vitb14,blocks.4,1.00e-04,202,62.48285368636363,62.48285368636363,62.48285368636363,1.0
MMDpt_dinov2_vitb14_l5_g1.00e-04,dinov2_vitb14,blocks.4,1.00e-04,203,62.50087945,62.50087945,62.50087945,1.0
MMDpt_dinov2_vitb14_l5_g1.00e-04,dinov2_vitb14,blocks.4,1.00e-04,204,62.515273900000004,62.515273900000004,62.515273900000004,1.0
MMDpt_dinov2_vitb14_l5_g1.00e-04,dinov2_vitb14,blocks.4,1.00e-04,205,62.56153540454545,62.56153540454545,62.56153540454545,1.0
MMDpt_dinov2_vitb14_l5_g1.00e-04,dinov2_vitb14,blocks.4,1.00e-04,206,62.62842450590909,62.62842450590909,62.62842450590909,1.0
MMDpt_dinov2_vitb14_l5_g1.00e-04,dinov2_vitb14,blocks.4,1.00e-04,207,62.64787497272727,62.64787497272727,62.64787497272727,1.0
MMDpt_dinov2_vitb14_l5_g1.00e-04,dinov2_vitb14,blocks.4,1.00e-04,208,62.80573838590909,62.80573838590909,62.80573838590909,1.0
MMDpt_dinov2_vitb14_l5_g1.00e-04,dinov2_vitb14,blocks.4,1.00e-04,209,62.831736559090906,62.831736559090906,62.831736559090906,1.0
MMDpt_dinov2_vitb14_l5_g1.00e-04,dinov2_vitb14,blocks.4,1.00e-04,210,63.033077886363635,63.033077886363635,63.033077886363635,1.0
MMDpt_dinov2_vitb14_l5_g1.00e-04,dinov2_vitb14,blocks.4,1.00e-04,211,63.2958711590909,63.2958711590909,63.2958711590909,1.0
MMDpt_dinov2_vitb14_l5_g1.00e-04,dinov2_vitb14,blocks.4,1.00e-04,212,63.30556153181818,63.30556153181818,63.30556153181818,1.0
MMDpt_dinov2_vitb14_l5_g1.00e-04,dinov2_vitb14,blocks.4,1.00e-04,213,63.451246159090914,63.451246159090914,63.451246159090914,1.0
MMDpt_dinov2_vitb14_l5_g1.00e-04,dinov2_vitb14,blocks.4,1.00e-04,214,63.51674641363636,63.51674641363636,63.51674641363636,1.0
MMDpt_dinov2_vitb14_l5_g1.00e-04,dinov2_vitb14,blocks.4,1.00e-04,215,63.52993807136364,63.52993807136364,63.52993807136364,1.0
MMDpt_dinov2_vitb14_l5_g1.00e-04,dinov2_vitb14,blocks.4,1.00e-04,216,63.601648069090906,63.601648069090906,63.601648069090906,1.0
MMDpt_dinov2_vitb14_l5_g1.00e-04,dinov2_vitb14,blocks.4,1.00e-04,217,63.632569839545454,63.632569839545454,63.632569839545454,1.0
MMDpt_dinov2_vitb14_l5_g1.00e-04,dinov2_vitb14,blocks.4,1.00e-04,218,63.65115097727273,63.65115097727273,63.65115097727273,1.0
MMDpt_dinov2_vitb14_l5_g1.00e-04,dinov2_vitb14,blocks.4,1.00e-04,219,63.71100458181818,63.71100458181818,63.71100458181818,1.0
MMDpt_dinov2_vitb14_l5_g1.00e-04,dinov2_vitb14,blocks.4,1.00e-04,220,63.89873966363636,63.89873966363636,63.89873966363636,1.0
MMDpt_dinov2_vitb14_l5_g1.00e-04,dinov2_vitb14,blocks.4,1.00e-04,221,63.92419218818182,63.92419218818182,63.92419218818182,1.0
MMDpt_dinov2_vitb14_l5_g1.00e-04,dinov2_vitb14,blocks.4,1.00e-04,222,63.96103896818182,63.96103896818182,63.96103896818182,1.0
MMDpt_dinov2_vitb14_l5_g1.00e-04,dinov2_vitb14,blocks.4,1.00e-04,223,63.99746849090909,63.99746849090909,63.99746849090909,1.0
MMDpt_dinov2_vitb14_l5_g1.00e-04,dinov2_vitb14,blocks.4,1.00e-04,224,64.02118780454545,64.02118780454545,64.02118780454545,1.0
MMDpt_dinov2_vitb14_l5_g1.00e-04,dinov2_vitb14,blocks.4,1.00e-04,225,64.02835174090909,64.02835174090909,64.02835174090909,1.0
MMDpt_dinov2_vitb14_l5_g1.00e-04,dinov2_vitb14,blocks.4,1.00e-04,226,64.1043883409091,64.1043883409091,64.1043883409091,1.0
MMDpt_dinov2_vitb14_l5_g1.00e-04,dinov2_vitb14,blocks.4,1.00e-04,227,64.15682117727273,64.15682117727273,64.15682117727273,1.0
MMDpt_dinov2_vitb14_l5_g1.00e-04,dinov2_vitb14,blocks.4,1.00e-04,228,64.23845857272727,64.23845857272727,64.23845857272727,1.0
MMDpt_dinov2_vitb14_l5_g1.00e-04,dinov2_vitb14,blocks.4,1.00e-04,229,64.25370258636363,64.25370258636363,64.25370258636363,1.0
MMDpt_dinov2_vitb14_l5_g1.00e-04,dinov2_vitb14,blocks.4,1.00e-04,230,64.32671434181817,64.32671434181817,64.32671434181817,1.0
MMDpt_dinov2_vitb14_l5_g1.00e-04,dinov2_vitb14,blocks.4,1.00e-04,231,64.40631527727272,64.40631527727272,64.40631527727272,1.0
MMDpt_dinov2_vitb14_l5_g1.00e-04,dinov2_vitb14,blocks.4,1.00e-04,232,64.56676404090909,64.56676404090909,64.56676404090909,1.0
MMDpt_dinov2_vitb14_l5_g1.00e-04,dinov2_vitb14,blocks.4,1.00e-04,233,64.70266141363636,64.70266141363636,64.70266141363636,1.0
MMDpt_dinov2_vitb14_l5_g1.00e-04,dinov2_vitb14,blocks.4,1.00e-04,234,64.83579067045456,64.83579067045456,64.83579067045456,1.0
MMDpt_dinov2_vitb14_l5_g1.00e-04,dinov2_vitb14,blocks.4,1.00e-04,235,64.88276691590909,64.88276691590909,64.88276691590909,1.0
MMDpt_dinov2_vitb14_l5_g1.00e-04,dinov2_vitb14,blocks.4,1.00e-04,236,64.91428311818181,64.91428311818181,64.91428311818181,1.0
MMDpt_dinov2_vitb14_l5_g1.00e-04,dinov2_vitb14,blocks.4,1.00e-04,237,64.99876317727272,64.99876317727272,64.99876317727272,1.0
MMDpt_dinov2_vitb14_l5_g1.00e-04,dinov2_vitb14,blocks.4,1.00e-04,238,65.11283459954545,65.11283459954545,65.11283459954545,1.0
MMDpt_dinov2_vitb14_l5_g1.00e-04,dinov2_vitb14,blocks.4,1.00e-04,239,65.12859398045454,65.12859398045454,65.12859398045454,1.0
MMDpt_dinov2_vitb14_l5_g1.00e-04,dinov2_vitb14,blocks.4,1.00e-04,240,65.15700578272727,65.15700578272727,65.15700578272727,1.0
MMDpt_dinov2_vitb14_l5_g1.00e-04,dinov2_vitb14,blocks.4,1.00e-04,241,65.26560826818182,65.26560826818182,65.26560826818182,1.0
MMDpt_dinov2_vitb14_l5_g1.00e-04,dinov2_vitb14,blocks.4,1.00e-04,242,65.49862164545455,65.49862164545455,65.49862164545455,1.0
MMDpt_dinov2_vitb14_l5_g1.00e-04,dinov2_vitb14,blocks.4,1.00e-04,243,65.58085287863636,65.58085287863636,65.58085287863636,1.0
MMDpt_dinov2_vitb14_l5_g1.00e-04,dinov2_vitb14,blocks.4,1.00e-04,244,65.74797291818182,65.74797291818182,65.74797291818182,1.0
MMDpt_dinov2_vitb14_l5_g1.00e-04,dinov2_vitb14,blocks.4,1.00e-04,245,65.77319434545456,65.77319434545456,65.77319434545456,1.0
MMDpt_dinov2_vitb14_l5_g1.00e-04,dinov2_vitb14,blocks.4,1.00e-04,246,65.79643795909091,65.79643795909091,65.79643795909091,1.0
MMDpt_dinov2_vitb14_l5_g1.00e-04,dinov2_vitb14,blocks.4,1.00e-04,247,65.90152255454545,65.90152255454545,65.90152255454545,1.0
MMDpt_dinov2_vitb14_l5_g1.00e-04,dinov2_vitb14,blocks.4,1.00e-04,248,66.06104215454546,66.06104215454546,66.06104215454546,1.0
MMDpt_dinov2_vitb14_l5_g1.00e-04,dinov2_vitb14,blocks.4,1.00e-04,249,66.34667021363636,66.34667021363636,66.34667021363636,1.0
MMDpt_dinov2_vitb14_l5_g1.00e-04,dinov2_vitb14,blocks.4,1.00e-04,250,66.41367993636364,66.41367993636364,66.41367993636364,1.0
MMDpt_dinov2_vitb14_l5_g1.00e-04,dinov2_vitb14,blocks.4,1.00e-04,251,66.49486482500001,66.49486482500001,66.49486482500001,1.0
MMDpt_dinov2_vitb14_l5_g1.00e-04,dinov2_vitb14,blocks.4,1.00e-04,252,66.57540134545455,66.57540134545455,66.57540134545455,1.0
MMDpt_dinov2_vitb14_l5_g1.00e-04,dinov2_vitb14,blocks.4,1.00e-04,253,66.64770191772728,66.64770191772728,66.64770191772728,1.0
MMDpt_dinov2_vitb14_l5_g1.00e-04,dinov2_vitb14,blocks.4,1.00e-04,254,66.69631712272727,66.69631712272727,66.69631712272727,1.0
MMDpt_dinov2_vitb14_l5_g1.00e-04,dinov2_vitb14,blocks.4,1.00e-04,255,66.69915260454546,66.69915260454546,66.69915260454546,1.0
MMDpt_dinov2_vitb14_l5_g1.00e-04,dinov2_vitb14,blocks.4,1.00e-04,256,66.84640655909091,66.84640655909091,66.84640655909091,1.0
MMDpt_dinov2_vitb14_l5_g1.00e-04,dinov2_vitb14,blocks.4,1.00e-04,257,66.92138232272727,66.92138232272727,66.92138232272727,1.0
MMDpt_dinov2_vitb14_l5_g1.00e-04,dinov2_vitb14,blocks.4,1.00e-04,258,67.1600262,67.1600262,67.1600262,1.0
MMDpt_dinov2_vitb14_l5_g1.00e-04,dinov2_vitb14,blocks.4,1.00e-04,259,67.24224864545455,67.24224864545455,67.24224864545455,1.0
MMDpt_dinov2_vitb14_l5_g1.00e-04,dinov2_vitb14,blocks.4,1.00e-04,260,67.33497136227273,67.33497136227273,67.33497136227273,1.0
MMDpt_dinov2_vitb14_l5_g1.00e-04,dinov2_vitb14,blocks.4,1.00e-04,261,67.50431248636363,67.50431248636363,67.50431248636363,1.0
MMDpt_dinov2_vitb14_l5_g1.00e-04,dinov2_vitb14,blocks.4,1.00e-04,262,67.65232870272727,67.65232870272727,67.65232870272727,1.0
MMDpt_dinov2_vitb14_l5_g1.00e-04,dinov2_vitb14,blocks.4,1.00e-04,263,67.78208407272727,67.78208407272727,67.78208407272727,1.0
MMDpt_dinov2_vitb14_l5_g1.00e-04,dinov2_vitb14,blocks.4,1.00e-04,264,67.84529925,67.84529925,67.84529925,1.0
MMDpt_dinov2_vitb14_l5_g1.00e-04,dinov2_vitb14,blocks.4,1.00e-04,265,67.89158320909091,67.89158320909091,67.89158320909091,1.0
MMDpt_dinov2_vitb14_l5_g1.00e-04,dinov2_vitb14,blocks.4,1.00e-04,266,67.98637594090908,67.98637594090908,67.98637594090908,1.0
MMDpt_dinov2_vitb14_l5_g1.00e-04,dinov2_vitb14,blocks.4,1.00e-04,267,68.0851692090909,68.0851692090909,68.0851692090909,1.0
MMDpt_dinov2_vitb14_l5_g1.00e-04,dinov2_vitb14,blocks.4,1.00e-04,268,68.12695885,68.12695885,68.12695885,1.0
MMDpt_dinov2_vitb14_l5_g1.00e-04,dinov2_vitb14,blocks.4,1.00e-04,269,68.2302839,68.2302839,68.2302839,1.0
MMDpt_dinov2_vitb14_l5_g1.00e-04,dinov2_vitb14,blocks.4,1.00e-04,270,68.23565684545454,68.23565684545454,68.23565684545454,1.0
MMDpt_dinov2_vitb14_l5_g1.00e-04,dinov2_vitb14,blocks.4,1.00e-04,271,68.26595938409092,68.26595938409092,68.26595938409092,1.0
MMDpt_dinov2_vitb14_l5_g1.00e-04,dinov2_vitb14,blocks.4,1.00e-04,272,68.27114585318182,68.27114585318182,68.27114585318182,1.0
MMDpt_dinov2_vitb14_l5_g1.00e-04,dinov2_vitb14,blocks.4,1.00e-04,273,68.32032611363637,68.32032611363637,68.32032611363637,1.0
MMDpt_dinov2_vitb14_l5_g1.00e-04,dinov2_vitb14,blocks.4,1.00e-04,274,68.38830778636363,68.38830778636363,68.38830778636363,1.0
MMDpt_dinov2_vitb14_l5_g1.00e-04,dinov2_vitb14,blocks.4,1.00e-04,275,68.41746199090909,68.41746199090909,68.41746199090909,1.0
MMDpt_dinov2_vitb14_l5_g1.00e-04,dinov2_vitb14,blocks.4,1.00e-04,276,68.46063733181818,68.46063733181818,68.46063733181818,1.0
MMDpt_dinov2_vitb14_l5_g1.00e-04,dinov2_vitb14,blocks.4,1.00e-04,277,68.46664887727273,68.46664887727273,68.46664887727273,1.0
MMDpt_dinov2_vitb14_l5_g1.00e-04,dinov2_vitb14,blocks.4,1.00e-04,278,68.47213741363636,68.47213741363636,68.47213741363636,1.0
MMDpt_dinov2_vitb14_l5_g1.00e-04,dinov2_vitb14,blocks.4,1.00e-04,279,68.93374281227273,68.93374281227273,68.93374281227273,1.0
MMDpt_dinov2_vitb14_l5_g1.00e-04,dinov2_vitb14,blocks.4,1.00e-04,280,69.04567613727274,69.04567613727274,69.04567613727274,1.0
MMDpt_dinov2_vitb14_l5_g1.00e-04,dinov2_vitb14,blocks.4,1.00e-04,281,69.05974111818182,69.05974111818182,69.05974111818182,1.0
MMDpt_dinov2_vitb14_l5_g1.00e-04,dinov2_vitb14,blocks.4,1.00e-04,282,69.09219679545454,69.09219679545454,69.09219679545454,1.0
MMDpt_dinov2_vitb14_l5_g1.00e-04,dinov2_vitb14,blocks.4,1.00e-04,283,69.09712682727273,69.09712682727273,69.09712682727273,1.0
MMDpt_dinov2_vitb14_l5_g1.00e-04,dinov2_vitb14,blocks.4,1.00e-04,284,69.10091421363637,69.10091421363637,69.10091421363637,1.0
MMDpt_dinov2_vitb14_l5_g1.00e-04,dinov2_vitb14,blocks.4,1.00e-04,285,69.10780212727273,69.10780212727273,69.10780212727273,1.0
MMDpt_dinov2_vitb14_l5_g1.00e-04,dinov2_vitb14,blocks.4,1.00e-04,286,69.12065298636364,69.12065298636364,69.12065298636364,1.0
MMDpt_dinov2_vitb14_l5_g1.00e-04,dinov2_vitb14,blocks.4,1.00e-04,287,69.18059698636364,69.18059698636364,69.18059698636364,1.0
MMDpt_dinov2_vitb14_l5_g1.00e-04,dinov2_vitb14,blocks.4,1.00e-04,288,69.23367816363636,69.23367816363636,69.23367816363636,1.0
MMDpt_dinov2_vitb14_l5_g1.00e-04,dinov2_vitb14,blocks.4,1.00e-04,289,69.2644266,69.2644266,69.2644266,1.0
MMDpt_dinov2_vitb14_l5_g1.00e-04,dinov2_vitb14,blocks.4,1.00e-04,290,69.35791935818182,69.35791935818182,69.35791935818182,1.0
MMDpt_dinov2_vitb14_l5_g1.00e-04,dinov2_vitb14,blocks.4,1.00e-04,291,69.61843814545455,69.61843814545455,69.61843814545455,1.0
MMDpt_dinov2_vitb14_l5_g1.00e-04,dinov2_vitb14,blocks.4,1.00e-04,292,69.80519480454545,69.80519480454545,69.80519480454545,1.0
MMDpt_dinov2_vitb14_l5_g1.00e-04,dinov2_vitb14,blocks.4,1.00e-04,293,69.8553488,69.8553488,69.8553488,1.0
MMDpt_dinov2_vitb14_l5_g1.00e-04,dinov2_vitb14,blocks.4,1.00e-04,294,69.88728480909091,69.88728480909091,69.88728480909091,1.0
MMDpt_dinov2_vitb14_l5_g1.00e-04,dinov2_vitb14,blocks.4,1.00e-04,295,69.97248817863637,69.97248817863637,69.97248817863637,1.0
MMDpt_dinov2_vitb14_l5_g1.00e-04,dinov2_vitb14,blocks.4,1.00e-04,296,70.05721009181819,70.05721009181819,70.05721009181819,1.0
MMDpt_dinov2_vitb14_l5_g1.00e-04,dinov2_vitb14,blocks.4,1.00e-04,297,70.14929492727272,70.14929492727272,70.14929492727272,1.0
MMDpt_dinov2_vitb14_l5_g1.00e-04,dinov2_vitb14,blocks.4,1.00e-04,298,70.15787111818182,70.15787111818182,70.15787111818182,1.0
MMDpt_dinov2_vitb14_l5_g1.00e-04,dinov2_vitb14,blocks.4,1.00e-04,299,70.16147875909091,70.16147875909091,70.16147875909091,1.0
MMDpt_dinov2_vitb14_l5_g1.00e-04,dinov2_vitb14,blocks.4,1.00e-04,300,70.20511073181818,70.20511073181818,70.20511073181818,1.0
MMDpt_dinov2_vitb14_l5_g1.00e-04,dinov2_vitb14,blocks.4,1.00e-04,301,70.32331571818182,70.32331571818182,70.32331571818182,1.0
MMDpt_dinov2_vitb14_l5_g1.00e-04,dinov2_vitb14,blocks.4,1.00e-04,302,70.37705808636363,70.37705808636363,70.37705808636363,1.0
MMDpt_dinov2_vitb14_l5_g1.00e-04,dinov2_vitb14,blocks.4,1.00e-04,303,70.399005675,70.399005675,70.399005675,1.0
MMDpt_dinov2_vitb14_l5_g1.00e-04,dinov2_vitb14,blocks.4,1.00e-04,304,70.50181075318181,70.50181075318181,70.50181075318181,1.0
MMDpt_dinov2_vitb14_l5_g1.00e-04,dinov2_vitb14,blocks.4,1.00e-04,305,70.6102672090909,70.6102672090909,70.6102672090909,1.0
MMDpt_dinov2_vitb14_l5_g1.00e-04,dinov2_vitb14,blocks.4,1.00e-04,306,70.7436578590909,70.7436578590909,70.7436578590909,1.0
MMDpt_dinov2_vitb14_l5_g1.00e-04,dinov2_vitb14,blocks.4,1.00e-04,307,70.83137117272727,70.83137117272727,70.83137117272727,1.0
MMDpt_dinov2_vitb14_l5_g1.00e-04,dinov2_vitb14,blocks.4,1.00e-04,308,70.8352099,70.8352099,70.8352099,1.0
MMDpt_dinov2_vitb14_l5_g1.00e-04,dinov2_vitb14,blocks.4,1.00e-04,309,70.84563281363636,70.84563281363636,70.84563281363636,1.0
MMDpt_dinov2_vitb14_l5_g1.00e-04,dinov2_vitb14,blocks.4,1.00e-04,310,70.86294127272727,70.86294127272727,70.86294127272727,1.0
MMDpt_dinov2_vitb14_l5_g1.00e-04,dinov2_vitb14,blocks.4,1.00e-04,311,70.88488886772727,70.88488886772727,70.88488886772727,1.0
MMDpt_dinov2_vitb14_l5_g1.00e-04,dinov2_vitb14,blocks.4,1.00e-04,312,70.94146290454545,70.94146290454545,70.94146290454545,1.0
MMDpt_dinov2_vitb14_l5_g1.00e-04,dinov2_vitb14,blocks.4,1.00e-04,313,71.03486937272727,71.03486937272727,71.03486937272727,1.0
MMDpt_dinov2_vitb14_l5_g1.00e-04,dinov2_vitb14,blocks.4,1.00e-04,314,71.06114357272727,71.06114357272727,71.06114357272727,1.0
MMDpt_dinov2_vitb14_l5_g1.00e-04,dinov2_vitb14,blocks.4,1.00e-04,315,71.16676672727273,71.16676672727273,71.16676672727273,1.0
MMDpt_dinov2_vitb14_l5_g1.00e-04,dinov2_vitb14,blocks.4,1.00e-04,316,71.17873871818182,71.17873871818182,71.17873871818182,1.0
MMDpt_dinov2_vitb14_l5_g1.00e-04,dinov2_vitb14,blocks.4,1.00e-04,317,71.2066498259091,71.2066498259091,71.2066498259091,1.0
MMDpt_dinov2_vitb14_l5_g1.00e-04,dinov2_vitb14,blocks.4,1.00e-04,318,71.25545576818182,71.25545576818182,71.25545576818182,1.0
MMDpt_dinov2_vitb14_l5_g1.00e-04,dinov2_vitb14,blocks.4,1.00e-04,319,71.3174982909091,71.3174982909091,71.3174982909091,1.0
MMDpt_dinov2_vitb14_l5_g1.00e-04,dinov2_vitb14,blocks.4,1.00e-04,320,71.36296618181818,71.36296618181818,71.36296618181818,1.0
MMDpt_dinov2_vitb14_l5_g1.00e-04,dinov2_vitb14,blocks.4,1.00e-04,321,71.46931471818182,71.46931471818182,71.46931471818182,1.0
MMDpt_dinov2_vitb14_l5_g1.00e-04,dinov2_vitb14,blocks.4,1.00e-04,322,71.72297334090909,71.72297334090909,71.72297334090909,1.0
MMDpt_dinov2_vitb14_l5_g1.00e-04,dinov2_vitb14,blocks.4,1.00e-04,323,71.90808025909091,71.90808025909091,71.90808025909091,1.0
MMDpt_dinov2_vitb14_l5_g1.00e-04,dinov2_vitb14,blocks.4,1.00e-04,324,71.99829709090909,71.99829709090909,71.99829709090909,1.0
MMDpt_dinov2_vitb14_l5_g1.00e-04,dinov2_vitb14,blocks.4,1.00e-04,325,72.09644175681818,72.09644175681818,72.09644175681818,1.0
MMDpt_dinov2_vitb14_l5_g1.00e-04,dinov2_vitb14,blocks.4,1.00e-04,326,72.15469048045455,72.15469048045455,72.15469048045455,1.0
MMDpt_dinov2_vitb14_l5_g1.00e-04,dinov2_vitb14,blocks.4,1.00e-04,327,72.16259906363636,72.16259906363636,72.16259906363636,1.0
MMDpt_dinov2_vitb14_l5_g1.00e-04,dinov2_vitb14,blocks.4,1.00e-04,328,72.25012620454545,72.25012620454545,72.25012620454545,1.0
MMDpt_dinov2_vitb14_l5_g1.00e-04,dinov2_vitb14,blocks.4,1.00e-04,329,72.32991709090909,72.32991709090909,72.32991709090909,1.0
MMDpt_dinov2_vitb14_l5_g1.00e-04,dinov2_vitb14,blocks.4,1.00e-04,330,72.3529890590909,72.3529890590909,72.3529890590909,1.0
MMDpt_dinov2_vitb14_l5_g1.00e-04,dinov2_vitb14,blocks.4,1.00e-04,331,72.35690482818183,72.35690482818183,72.35690482818183,1.0
MMDpt_dinov2_vitb14_l5_g1.00e-04,dinov2_vitb14,blocks.4,1.00e-04,332,72.45495321363636,72.45495321363636,72.45495321363636,1.0
MMDpt_dinov2_vitb14_l5_g1.00e-04,dinov2_vitb14,blocks.4,1.00e-04,333,72.62635492727273,72.62635492727273,72.62635492727273,1.0
MMDpt_dinov2_vitb14_l5_g1.00e-04,dinov2_vitb14,blocks.4,1.00e-04,334,72.63195748181819,72.63195748181819,72.63195748181819,1.0
MMDpt_dinov2_vitb14_l5_g1.00e-04,dinov2_vitb14,blocks.4,1.00e-04,335,72.83995069636363,72.83995069636363,72.83995069636363,1.0
MMDpt_dinov2_vitb14_l5_g1.00e-04,dinov2_vitb14,blocks.4,1.00e-04,336,72.89617321363636,72.89617321363636,72.89617321363636,1.0
MMDpt_dinov2_vitb14_l5_g1.00e-04,dinov2_vitb14,blocks.4,1.00e-04,337,73.03390340545455,73.03390340545455,73.03390340545455,1.0
MMDpt_dinov2_vitb14_l5_g1.00e-04,dinov2_vitb14,blocks.4,1.00e-04,338,73.11911989545455,73.11911989545455,73.11911989545455,1.0
MMDpt_dinov2_vitb14_l5_g1.00e-04,dinov2_vitb14,blocks.4,1.00e-04,339,73.13833258181818,73.13833258181818,73.13833258181818,1.0
MMDpt_dinov2_vitb14_l5_g1.00e-04,dinov2_vitb14,blocks.4,1.00e-04,340,73.33471177272727,73.33471177272727,73.33471177272727,1.0
MMDpt_dinov2_vitb14_l5_g1.00e-04,dinov2_vitb14,blocks.4,1.00e-04,341,73.33981687045456,73.33981687045456,73.33981687045456,1.0
MMDpt_dinov2_vitb14_l5_g1.00e-04,dinov2_vitb14,blocks.4,1.00e-04,342,73.39854528636364,73.39854528636364,73.39854528636364,1.0
MMDpt_dinov2_vitb14_l5_g1.00e-04,dinov2_vitb14,blocks.4,1.00e-04,343,73.41015931818183,73.41015931818183,73.41015931818183,1.0
MMDpt_dinov2_vitb14_l5_g1.00e-04,dinov2_vitb14,blocks.4,1.00e-04,344,73.44266513181819,73.44266513181819,73.44266513181819,1.0
MMDpt_dinov2_vitb14_l5_g1.00e-04,dinov2_vitb14,blocks.4,1.00e-04,345,73.44619574090909,73.44619574090909,73.44619574090909,1.0
MMDpt_dinov2_vitb14_l5_g1.00e-04,dinov2_vitb14,blocks.4,1.00e-04,346,73.46868897499999,73.46868897499999,73.46868897499999,1.0
MMDpt_dinov2_vitb14_l5_g1.00e-04,dinov2_vitb14,blocks.4,1.00e-04,347,73.50964273636363,73.50964273636363,73.50964273636363,1.0
MMDpt_dinov2_vitb14_l5_g1.00e-04,dinov2_vitb14,blocks.4,1.00e-04,348,73.53120189545454,73.53120189545454,73.53120189545454,1.0
MMDpt_dinov2_vitb14_l5_g1.00e-04,dinov2_vitb14,blocks.4,1.00e-04,349,73.63946159545455,73.63946159545455,73.63946159545455,1.0
MMDpt_dinov2_vitb14_l5_g1.00e-04,dinov2_vitb14,blocks.4,1.00e-04,350,73.76844457272728,73.76844457272728,73.76844457272728,1.0
MMDpt_dinov2_vitb14_l5_g1.00e-04,dinov2_vitb14,blocks.4,1.00e-04,351,73.80118299272728,73.80118299272728,73.80118299272728,1.0
MMDpt_dinov2_vitb14_l5_g1.00e-04,dinov2_vitb14,blocks.4,1.00e-04,352,73.90576145,73.90576145,73.90576145,1.0
MMDpt_dinov2_vitb14_l5_g1.00e-04,dinov2_vitb14,blocks.4,1.00e-04,353,73.96756481363637,73.96756481363637,73.96756481363637,1.0
MMDpt_dinov2_vitb14_l5_g1.00e-04,dinov2_vitb14,blocks.4,1.00e-04,354,74.00717849454546,74.00717849454546,74.00717849454546,1.0
MMDpt_dinov2_vitb14_l5_g1.00e-04,dinov2_vitb14,blocks.4,1.00e-04,355,74.01135728181818,74.01135728181818,74.01135728181818,1.0
MMDpt_dinov2_vitb14_l5_g1.00e-04,dinov2_vitb14,blocks.4,1.00e-04,356,74.05095793636363,74.05095793636363,74.05095793636363,1.0
MMDpt_dinov2_vitb14_l5_g1.00e-04,dinov2_vitb14,blocks.4,1.00e-04,357,74.05302495909092,74.05302495909092,74.05302495909092,1.0
MMDpt_dinov2_vitb14_l5_g1.00e-04,dinov2_vitb14,blocks.4,1.00e-04,358,74.20412883636364,74.20412883636364,74.20412883636364,1.0
MMDpt_dinov2_vitb14_l5_g1.00e-04,dinov2_vitb14,blocks.4,1.00e-04,359,74.32802774090909,74.32802774090909,74.32802774090909,1.0
MMDpt_dinov2_vitb14_l5_g1.00e-04,dinov2_vitb14,blocks.4,1.00e-04,360,74.38583995454546,74.38583995454546,74.38583995454546,1.0
MMDpt_dinov2_vitb14_l5_g1.00e-04,dinov2_vitb14,blocks.4,1.00e-04,361,74.46433656818182,74.46433656818182,74.46433656818182,1.0
MMDpt_dinov2_vitb14_l5_g1.00e-04,dinov2_vitb14,blocks.4,1.00e-04,362,74.52572066363636,74.52572066363636,74.52572066363636,1.0
MMDpt_dinov2_vitb14_l5_g1.00e-04,dinov2_vitb14,blocks.4,1.00e-04,363,74.86437946363637,74.86437946363637,74.86437946363637,1.0
MMDpt_dinov2_vitb14_l5_g1.00e-04,dinov2_vitb14,blocks.4,1.00e-04,364,74.89747095909091,74.89747095909091,74.89747095909091,1.0
MMDpt_dinov2_vitb14_l5_g1.00e-04,dinov2_vitb14,blocks.4,1.00e-04,365,74.9084351090909,74.9084351090909,74.9084351090909,1.0
MMDpt_dinov2_vitb14_l5_g1.00e-04,dinov2_vitb14,blocks.4,1.00e-04,366,75.02020153181819,75.02020153181819,75.02020153181819,1.0
MMDpt_dinov2_vitb14_l5_g1.00e-04,dinov2_vitb14,blocks.4,1.00e-04,367,75.04613550454546,75.04613550454546,75.04613550454546,1.0
MMDpt_dinov2_vitb14_l5_g1.00e-04,dinov2_vitb14,blocks.4,1.00e-04,368,75.04910765454545,75.04910765454545,75.04910765454545,1.0
MMDpt_dinov2_vitb14_l5_g1.00e-04,dinov2_vitb14,blocks.4,1.00e-04,369,75.04911406363637,75.04911406363637,75.04911406363637,1.0
MMDpt_dinov2_vitb14_l5_g1.00e-04,dinov2_vitb14,blocks.4,1.00e-04,370,75.14242499545455,75.14242499545455,75.14242499545455,1.0
MMDpt_dinov2_vitb14_l5_g1.00e-04,dinov2_vitb14,blocks.4,1.00e-04,371,75.14524949545454,75.14524949545454,75.14524949545454,1.0
MMDpt_dinov2_vitb14_l5_g1.00e-04,dinov2_vitb14,blocks.4,1.00e-04,372,75.21942449545455,75.21942449545455,75.21942449545455,1.0
MMDpt_dinov2_vitb14_l5_g1.00e-04,dinov2_vitb14,blocks.4,1.00e-04,373,75.2494860690909,75.2494860690909,75.2494860690909,1.0
MMDpt_dinov2_vitb14_l5_g1.00e-04,dinov2_vitb14,blocks.4,1.00e-04,374,75.29101026818182,75.29101026818182,75.29101026818182,1.0
MMDpt_dinov2_vitb14_l5_g1.00e-04,dinov2_vitb14,blocks.4,1.00e-04,375,75.30463428181818,75.30463428181818,75.30463428181818,1.0
MMDpt_dinov2_vitb14_l5_g1.00e-04,dinov2_vitb14,blocks.4,1.00e-04,376,75.35053226363635,75.35053226363635,75.35053226363635,1.0
MMDpt_dinov2_vitb14_l5_g1.00e-04,dinov2_vitb14,blocks.4,1.00e-04,377,75.358434425,75.358434425,75.358434425,1.0
MMDpt_dinov2_vitb14_l5_g1.00e-04,dinov2_vitb14,blocks.4,1.00e-04,378,75.4765098,75.4765098,75.4765098,1.0
MMDpt_dinov2_vitb14_l5_g1.00e-04,dinov2_vitb14,blocks.4,1.00e-04,379,75.48288537727272,75.48288537727272,75.48288537727272,1.0
MMDpt_dinov2_vitb14_l5_g1.00e-04,dinov2_vitb14,blocks.4,1.00e-04,380,75.54217925454545,75.54217925454545,75.54217925454545,1.0
MMDpt_dinov2_vitb14_l5_g1.00e-04,dinov2_vitb14,blocks.4,1.00e-04,381,75.65154605454546,75.65154605454546,75.65154605454546,1.0
MMDpt_dinov2_vitb14_l5_g1.00e-04,dinov2_vitb14,blocks.4,1.00e-04,382,75.68111334545455,75.68111334545455,75.68111334545455,1.0
MMDpt_dinov2_vitb14_l5_g1.00e-04,dinov2_vitb14,blocks.4,1.00e-04,383,75.77031593636364,75.77031593636364,75.77031593636364,1.0
MMDpt_dinov2_vitb14_l5_g1.00e-04,dinov2_vitb14,blocks.4,1.00e-04,384,75.78166525454546,75.78166525454546,75.78166525454546,1.0
MMDpt_dinov2_vitb14_l5_g1.00e-04,dinov2_vitb14,blocks.4,1.00e-04,385,75.79512009954546,75.79512009954546,75.79512009954546,1.0
MMDpt_dinov2_vitb14_l5_g1.00e-04,dinov2_vitb14,blocks.4,1.00e-04,386,75.84170493636363,75.84170493636363,75.84170493636363,1.0
MMDpt_dinov2_vitb14_l5_g1.00e-04,dinov2_vitb14,blocks.4,1.00e-04,387,75.84312428636363,75.84312428636363,75.84312428636363,1.0
MMDpt_dinov2_vitb14_l5_g1.00e-04,dinov2_vitb14,blocks.4,1.00e-04,388,76.02107943636364,76.02107943636364,76.02107943636364,1.0
MMDpt_dinov2_vitb14_l5_g1.00e-04,dinov2_vitb14,blocks.4,1.00e-04,389,76.07231828181818,76.07231828181818,76.07231828181818,1.0
MMDpt_dinov2_vitb14_l5_g1.00e-04,dinov2_vitb14,blocks.4,1.00e-04,390,76.16321556363636,76.16321556363636,76.16321556363636,1.0
MMDpt_dinov2_vitb14_l5_g1.00e-04,dinov2_vitb14,blocks.4,1.00e-04,391,76.19598609272727,76.19598609272727,76.19598609272727,1.0
MMDpt_dinov2_vitb14_l5_g1.00e-04,dinov2_vitb14,blocks.4,1.00e-04,392,76.26727722727273,76.26727722727273,76.26727722727273,1.0
MMDpt_dinov2_vitb14_l5_g1.00e-04,dinov2_vitb14,blocks.4,1.00e-04,393,76.28929185454545,76.28929185454545,76.28929185454545,1.0
MMDpt_dinov2_vitb14_l5_g1.00e-04,dinov2_vitb14,blocks.4,1.00e-04,394,76.28997104545455,76.28997104545455,76.28997104545455,1.0
MMDpt_dinov2_vitb14_l5_g1.00e-04,dinov2_vitb14,blocks.4,1.00e-04,395,76.32376224090909,76.32376224090909,76.32376224090909,1.0
MMDpt_dinov2_vitb14_l5_g1.00e-04,dinov2_vitb14,blocks.4,1.00e-04,396,76.35414479090909,76.35414479090909,76.35414479090909,1.0
MMDpt_dinov2_vitb14_l5_g1.00e-04,dinov2_vitb14,blocks.4,1.00e-04,397,76.39021483181818,76.39021483181818,76.39021483181818,1.0
MMDpt_dinov2_vitb14_l5_g1.00e-04,dinov2_vitb14,blocks.4,1.00e-04,398,76.45241142272727,76.45241142272727,76.45241142272727,1.0
MMDpt_dinov2_vitb14_l5_g1.00e-04,dinov2_vitb14,blocks.4,1.00e-04,399,76.51437691681818,76.51437691681818,76.51437691681818,1.0
MMDpt_dinov2_vitb14_l5_g1.00e-04,dinov2_vitb14,blocks.4,1.00e-04,400,76.5471795409091,76.5471795409091,76.5471795409091,1.0
MMDpt_dinov2_vitb14_l5_g1.00e-04,dinov2_vitb14,blocks.4,1.00e-04,401,76.59774437272728,76.59774437272728,76.59774437272728,1.0
MMDpt_dinov2_vitb14_l5_g1.00e-04,dinov2_vitb14,blocks.4,1.00e-04,402,76.63823088636364,76.63823088636364,76.63823088636364,1.0
MMDpt_dinov2_vitb14_l5_g1.00e-04,dinov2_vitb14,blocks.4,1.00e-04,403,76.64452179545455,76.64452179545455,76.64452179545455,1.0
MMDpt_dinov2_vitb14_l5_g1.00e-04,dinov2_vitb14,blocks.4,1.00e-04,404,76.67493643727272,76.67493643727272,76.67493643727272,1.0
MMDpt_dinov2_vitb14_l5_g1.00e-04,dinov2_vitb14,blocks.4,1.00e-04,405,76.67586082272727,76.67586082272727,76.67586082272727,1.0
MMDpt_dinov2_vitb14_l5_g1.00e-04,dinov2_vitb14,blocks.4,1.00e-04,406,76.81212329090908,76.81212329090908,76.81212329090908,1.0
MMDpt_dinov2_vitb14_l5_g1.00e-04,dinov2_vitb14,blocks.4,1.00e-04,407,76.90558185454546,76.90558185454546,76.90558185454546,1.0
MMDpt_dinov2_vitb14_l5_g1.00e-04,dinov2_vitb14,blocks.4,1.00e-04,408,76.91644974545454,76.91644974545454,76.91644974545454,1.0
MMDpt_dinov2_vitb14_l5_g1.00e-04,dinov2_vitb14,blocks.4,1.00e-04,409,76.98329391227273,76.98329391227273,76.98329391227273,1.0
MMDpt_dinov2_vitb14_l5_g1.00e-04,dinov2_vitb14,blocks.4,1.00e-04,410,77.11547369545454,77.11547369545454,77.11547369545454,1.0
MMDpt_dinov2_vitb14_l5_g1.00e-04,dinov2_vitb14,blocks.4,1.00e-04,411,77.14402031818182,77.14402031818182,77.14402031818182,1.0
MMDpt_dinov2_vitb14_l5_g1.00e-04,dinov2_vitb14,blocks.4,1.00e-04,412,77.17084656363636,77.17084656363636,77.17084656363636,1.0
MMDpt_dinov2_vitb14_l5_g1.00e-04,dinov2_vitb14,blocks.4,1.00e-04,413,77.25877326818183,77.25877326818183,77.25877326818183,1.0
MMDpt_dinov2_vitb14_l5_g1.00e-04,dinov2_vitb14,blocks.4,1.00e-04,414,77.34552212272727,77.34552212272727,77.34552212272727,1.0
MMDpt_dinov2_vitb14_l5_g1.00e-04,dinov2_vitb14,blocks.4,1.00e-04,415,77.52582683636363,77.52582683636363,77.52582683636363,1.0
MMDpt_dinov2_vitb14_l5_g1.00e-04,dinov2_vitb14,blocks.4,1.00e-04,416,77.65479755863636,77.65479755863636,77.65479755863636,1.0
MMDpt_dinov2_vitb14_l5_g1.00e-04,dinov2_vitb14,blocks.4,1.00e-04,417,77.69959142727272,77.69959142727272,77.69959142727272,1.0
MMDpt_dinov2_vitb14_l5_g1.00e-04,dinov2_vitb14,blocks.4,1.00e-04,418,77.72501827727272,77.72501827727272,77.72501827727272,1.0
MMDpt_dinov2_vitb14_l5_g1.00e-04,dinov2_vitb14,blocks.4,1.00e-04,419,77.83570625,77.83570625,77.83570625,1.0
MMDpt_dinov2_vitb14_l5_g1.00e-04,dinov2_vitb14,blocks.4,1.00e-04,420,77.9733424409091,77.9733424409091,77.9733424409091,1.0
MMDpt_dinov2_vitb14_l5_g1.00e-04,dinov2_vitb14,blocks.4,1.00e-04,421,78.0566007590909,78.0566007590909,78.0566007590909,1.0
MMDpt_dinov2_vitb14_l5_g1.00e-04,dinov2_vitb14,blocks.4,1.00e-04,422,78.20425748181819,78.20425748181819,78.20425748181819,1.0
MMDpt_dinov2_vitb14_l5_g1.00e-04,dinov2_vitb14,blocks.4,1.00e-04,423,78.23482706363636,78.23482706363636,78.23482706363636,1.0
MMDpt_dinov2_vitb14_l5_g1.00e-04,dinov2_vitb14,blocks.4,1.00e-04,424,78.25971381363637,78.25971381363637,78.25971381363637,1.0
MMDpt_dinov2_vitb14_l5_g1.00e-04,dinov2_vitb14,blocks.4,1.00e-04,425,78.3483194,78.3483194,78.3483194,1.0
MMDpt_dinov2_vitb14_l5_g1.00e-04,dinov2_vitb14,blocks.4,1.00e-04,426,78.4185978909091,78.4185978909091,78.4185978909091,1.0
MMDpt_dinov2_vitb14_l5_g1.00e-04,dinov2_vitb14,blocks.4,1.00e-04,427,78.53980069090909,78.53980069090909,78.53980069090909,1.0
MMDpt_dinov2_vitb14_l5_g1.00e-04,dinov2_vitb14,blocks.4,1.00e-04,428,78.54177141363635,78.54177141363635,78.54177141363635,1.0
MMDpt_dinov2_vitb14_l5_g1.00e-04,dinov2_vitb14,blocks.4,1.00e-04,429,78.57485005,78.57485005,78.57485005,1.0
MMDpt_dinov2_vitb14_l5_g1.00e-04,dinov2_vitb14,blocks.4,1.00e-04,430,78.5853263609091,78.5853263609091,78.5853263609091,1.0
MMDpt_dinov2_vitb14_l5_g1.00e-04,dinov2_vitb14,blocks.4,1.00e-04,431,78.61859467727272,78.61859467727272,78.61859467727272,1.0
MMDpt_dinov2_vitb14_l5_g1.00e-04,dinov2_vitb14,blocks.4,1.00e-04,432,78.63007529545455,78.63007529545455,78.63007529545455,1.0
MMDpt_dinov2_vitb14_l5_g1.00e-04,dinov2_vitb14,blocks.4,1.00e-04,433,78.86957993181818,78.86957993181818,78.86957993181818,1.0
MMDpt_dinov2_vitb14_l5_g1.00e-04,dinov2_vitb14,blocks.4,1.00e-04,434,79.22077921818182,79.22077921818182,79.22077921818182,1.0
MMDpt_dinov2_vitb14_l5_g1.00e-04,dinov2_vitb14,blocks.4,1.00e-04,435,79.25695136818182,79.25695136818182,79.25695136818182,1.0
MMDpt_dinov2_vitb14_l5_g1.00e-04,dinov2_vitb14,blocks.4,1.00e-04,436,79.28284742727273,79.28284742727273,79.28284742727273,1.0
MMDpt_dinov2_vitb14_l5_g1.00e-04,dinov2_vitb14,blocks.4,1.00e-04,437,79.36729972727272,79.36729972727272,79.36729972727272,1.0
MMDpt_dinov2_vitb14_l5_g1.00e-04,dinov2_vitb14,blocks.4,1.00e-04,438,79.46781420454546,79.46781420454546,79.46781420454546,1.0
MMDpt_dinov2_vitb14_l5_g1.00e-04,dinov2_vitb14,blocks.4,1.00e-04,439,79.51125251363636,79.51125251363636,79.51125251363636,1.0
MMDpt_dinov2_vitb14_l5_g1.00e-04,dinov2_vitb14,blocks.4,1.00e-04,440,79.62850745318183,79.62850745318183,79.62850745318183,1.0
MMDpt_dinov2_vitb14_l5_g1.00e-04,dinov2_vitb14,blocks.4,1.00e-04,441,79.6499864090909,79.6499864090909,79.6499864090909,1.0
MMDpt_dinov2_vitb14_l5_g1.00e-04,dinov2_vitb14,blocks.4,1.00e-04,442,79.75645692727272,79.75645692727272,79.75645692727272,1.0
MMDpt_dinov2_vitb14_l5_g1.00e-04,dinov2_vitb14,blocks.4,1.00e-04,443,79.91532173636364,79.91532173636364,79.91532173636364,1.0
MMDpt_dinov2_vitb14_l5_g1.00e-04,dinov2_vitb14,blocks.4,1.00e-04,444,79.94757872272727,79.94757872272727,79.94757872272727,1.0
MMDpt_dinov2_vitb14_l5_g1.00e-04,dinov2_vitb14,blocks.4,1.00e-04,445,80.02392345454545,80.02392345454545,80.02392345454545,1.0
MMDpt_dinov2_vitb14_l5_g1.00e-04,dinov2_vitb14,blocks.4,1.00e-04,446,80.13685939999999,80.13685939999999,80.13685939999999,1.0
MMDpt_dinov2_vitb14_l5_g1.00e-04,dinov2_vitb14,blocks.4,1.00e-04,447,80.28660759545454,80.28660759545454,80.28660759545454,1.0
MMDpt_dinov2_vitb14_l5_g1.00e-04,dinov2_vitb14,blocks.4,1.00e-04,448,80.40461357272727,80.40461357272727,80.40461357272727,1.0
MMDpt_dinov2_vitb14_l5_g1.00e-04,dinov2_vitb14,blocks.4,1.00e-04,449,80.43965011363636,80.43965011363636,80.43965011363636,1.0
MMDpt_dinov2_vitb14_l5_g1.00e-04,dinov2_vitb14,blocks.4,1.00e-04,450,80.56802326363636,80.56802326363636,80.56802326363636,1.0
MMDpt_dinov2_vitb14_l5_g1.00e-04,dinov2_vitb14,blocks.4,1.00e-04,451,80.69563893636364,80.69563893636364,80.69563893636364,1.0
MMDpt_dinov2_vitb14_l5_g1.00e-04,dinov2_vitb14,blocks.4,1.00e-04,452,80.83871870454546,80.83871870454546,80.83871870454546,1.0
MMDpt_dinov2_vitb14_l5_g1.00e-04,dinov2_vitb14,blocks.4,1.00e-04,453,80.88731798181819,80.88731798181819,80.88731798181819,1.0
MMDpt_dinov2_vitb14_l5_g1.00e-04,dinov2_vitb14,blocks.4,1.00e-04,454,80.98601989090909,80.98601989090909,80.98601989090909,1.0
MMDpt_dinov2_vitb14_l5_g1.00e-04,dinov2_vitb14,blocks.4,1.00e-04,455,81.02786977272727,81.02786977272727,81.02786977272727,1.0
MMDpt_dinov2_vitb14_l5_g1.00e-04,dinov2_vitb14,blocks.4,1.00e-04,456,81.46314962272727,81.46314962272727,81.46314962272727,1.0
MMDpt_dinov2_vitb14_l5_g1.00e-04,dinov2_vitb14,blocks.4,1.00e-04,457,81.49191450454545,81.49191450454545,81.49191450454545,1.0
MMDpt_dinov2_vitb14_l5_g1.00e-04,dinov2_vitb14,blocks.4,1.00e-04,458,81.53910919545454,81.53910919545454,81.53910919545454,1.0
MMDpt_dinov2_vitb14_l5_g1.00e-04,dinov2_vitb14,blocks.4,1.00e-04,459,81.65584415909092,81.65584415909092,81.65584415909092,1.0
MMDpt_dinov2_vitb14_l5_g1.00e-04,dinov2_vitb14,blocks.4,1.00e-04,460,81.66778405000001,81.66778405000001,81.66778405000001,1.0
MMDpt_dinov2_vitb14_l5_g1.00e-04,dinov2_vitb14,blocks.4,1.00e-04,461,82.0783984909091,82.0783984909091,82.0783984909091,1.0
MMDpt_dinov2_vitb14_l5_g1.00e-04,dinov2_vitb14,blocks.4,1.00e-04,462,82.11143467727273,82.11143467727273,82.11143467727273,1.0
MMDpt_dinov2_vitb14_l5_g1.00e-04,dinov2_vitb14,blocks.4,1.00e-04,463,82.15394328181819,82.15394328181819,82.15394328181819,1.0
MMDpt_dinov2_vitb14_l5_g1.00e-04,dinov2_vitb14,blocks.4,1.00e-04,464,82.87086985,82.87086985,82.87086985,1.0
MMDpt_dinov2_vitb14_l5_g1.00e-04,dinov2_vitb14,blocks.4,1.00e-04,465,83.04785639090909,83.04785639090909,83.04785639090909,1.0
MMDpt_dinov2_vitb14_l5_g1.00e-04,dinov2_vitb14,blocks.4,1.00e-04,466,83.2706767,83.2706767,83.2706767,1.0
MMDpt_dinov2_vitb14_l5_g1.00e-04,dinov2_vitb14,blocks.4,1.00e-04,467,83.28013232272727,83.28013232272727,83.28013232272727,1.0
MMDpt_dinov2_vitb14_l5_g1.00e-04,dinov2_vitb14,blocks.4,1.00e-04,468,83.32162666818182,83.32162666818182,83.32162666818182,1.0
MMDpt_dinov2_vitb14_l5_g1.00e-04,dinov2_vitb14,blocks.4,1.00e-04,469,83.35334443181819,83.35334443181819,83.35334443181819,1.0
MMDpt_dinov2_vitb14_l5_g1.00e-04,dinov2_vitb14,blocks.4,1.00e-04,470,83.45792123636365,83.45792123636365,83.45792123636365,1.0
MMDpt_dinov2_vitb14_l5_g1.00e-04,dinov2_vitb14,blocks.4,1.00e-04,471,84.18152392727274,84.18152392727274,84.18152392727274,1.0
MMDpt_dinov2_vitb14_l5_g1.00e-04,dinov2_vitb14,blocks.4,1.00e-04,472,84.62887205909091,84.62887205909091,84.62887205909091,1.0
MMDpt_dinov2_vitb14_l5_g1.00e-04,dinov2_vitb14,blocks.4,1.00e-04,473,85.11071750454545,85.11071750454545,85.11071750454545,1.0
MMDpt_dinov2_vitb14_l5_g1.00e-04,dinov2_vitb14,blocks.4,1.00e-04,474,85.12217595454545,85.12217595454545,85.12217595454545,1.0
MMDpt_dinov2_vitb14_l5_g1.00e-04,dinov2_vitb14,blocks.4,1.00e-04,475,85.54109655454546,85.54109655454546,85.54109655454546,1.0
MMDpt_dinov2_vitb14_l5_g1.00e-04,dinov2_vitb14,blocks.4,1.00e-04,476,85.8163718359091,85.8163718359091,85.8163718359091,1.0
MMDpt_dinov2_vitb14_l5_g1.00e-04,dinov2_vitb14,blocks.4,1.00e-04,477,86.0069106,86.0069106,86.0069106,1.0
MMDpt_dinov2_vitb14_l5_g1.00e-04,dinov2_vitb14,blocks.4,1.00e-04,478,86.07828567272726,86.07828567272726,86.07828567272726,1.0
MMDpt_dinov2_vitb14_l5_g1.00e-04,dinov2_vitb14,blocks.4,1.00e-04,479,86.46879091363637,86.46879091363637,86.46879091363637,1.0
MMDpt_dinov2_vitb14_l5_g1.00e-04,dinov2_vitb14,blocks.4,1.00e-04,480,87.81027129545454,87.81027129545454,87.81027129545454,1.0
MMDpt_dinov2_vitb14_l5_g1.00e-03,dinov2_vitb14,blocks.4,1.00e-03,1,10.383351573636363,10.383351573636363,10.383351573636363,1.0
MMDpt_dinov2_vitb14_l5_g1.00e-03,dinov2_vitb14,blocks.4,1.00e-03,2,11.237612673636363,11.237612673636363,11.237612673636363,1.0
MMDpt_dinov2_vitb14_l5_g1.00e-03,dinov2_vitb14,blocks.4,1.00e-03,3,12.873956289545454,12.873956289545454,12.873956289545454,1.0
MMDpt_dinov2_vitb14_l5_g1.00e-03,dinov2_vitb14,blocks.4,1.00e-03,4,13.852077771363637,13.852077771363637,13.852077771363637,1.0
MMDpt_dinov2_vitb14_l5_g1.00e-03,dinov2_vitb14,blocks.4,1.00e-03,5,14.772021149545454,14.772021149545454,14.772021149545454,1.0
MMDpt_dinov2_vitb14_l5_g1.00e-03,dinov2_vitb14,blocks.4,1.00e-03,6,15.774696462272727,15.774696462272727,15.774696462272727,1.0
MMDpt_dinov2_vitb14_l5_g1.00e-03,dinov2_vitb14,blocks.4,1.00e-03,7,16.11136225,16.11136225,16.11136225,1.0
MMDpt_dinov2_vitb14_l5_g1.00e-03,dinov2_vitb14,blocks.4,1.00e-03,8,16.718538883636366,16.718538883636366,16.718538883636366,1.0
MMDpt_dinov2_vitb14_l5_g1.00e-03,dinov2_vitb14,blocks.4,1.00e-03,9,16.83383592,16.83383592,16.83383592,1.0
MMDpt_dinov2_vitb14_l5_g1.00e-03,dinov2_vitb14,blocks.4,1.00e-03,10,16.977602550909094,16.977602550909094,16.977602550909094,1.0
MMDpt_dinov2_vitb14_l5_g1.00e-03,dinov2_vitb14,blocks.4,1.00e-03,11,17.128398308636363,17.128398308636363,17.128398308636363,1.0
MMDpt_dinov2_vitb14_l5_g1.00e-03,dinov2_vitb14,blocks.4,1.00e-03,12,17.49981897681818,17.49981897681818,17.49981897681818,1.0
MMDpt_dinov2_vitb14_l5_g1.00e-03,dinov2_vitb14,blocks.4,1.00e-03,13,18.01987185318182,18.01987185318182,18.01987185318182,1.0
MMDpt_dinov2_vitb14_l5_g1.00e-03,dinov2_vitb14,blocks.4,1.00e-03,14,18.22368484818182,18.22368484818182,18.22368484818182,1.0
MMDpt_dinov2_vitb14_l5_g1.00e-03,dinov2_vitb14,blocks.4,1.00e-03,15,18.40435578590909,18.40435578590909,18.40435578590909,1.0
MMDpt_dinov2_vitb14_l5_g1.00e-03,dinov2_vitb14,blocks.4,1.00e-03,16,18.964998386363636,18.964998386363636,18.964998386363636,1.0
MMDpt_dinov2_vitb14_l5_g1.00e-03,dinov2_vitb14,blocks.4,1.00e-03,17,19.531784013636365,19.531784013636365,19.531784013636365,1.0
MMDpt_dinov2_vitb14_l5_g1.00e-03,dinov2_vitb14,blocks.4,1.00e-03,18,21.457911477272727,21.457911477272727,21.457911477272727,1.0
MMDpt_dinov2_vitb14_l5_g1.00e-03,dinov2_vitb14,blocks.4,1.00e-03,19,22.164942098181818,22.164942098181818,22.164942098181818,1.0
MMDpt_dinov2_vitb14_l5_g1.00e-03,dinov2_vitb14,blocks.4,1.00e-03,20,22.207954510454545,22.207954510454545,22.207954510454545,1.0
MMDpt_dinov2_vitb14_l5_g1.00e-03,dinov2_vitb14,blocks.4,1.00e-03,21,22.336504287727273,22.336504287727273,22.336504287727273,1.0
MMDpt_dinov2_vitb14_l5_g1.00e-03,dinov2_vitb14,blocks.4,1.00e-03,22,22.775860404545455,22.775860404545455,22.775860404545455,1.0
MMDpt_dinov2_vitb14_l5_g1.00e-03,dinov2_vitb14,blocks.4,1.00e-03,23,23.03693973772727,23.03693973772727,23.03693973772727,1.0
MMDpt_dinov2_vitb14_l5_g1.00e-03,dinov2_vitb14,blocks.4,1.00e-03,24,23.073138160909092,23.073138160909092,23.073138160909092,1.0
MMDpt_dinov2_vitb14_l5_g1.00e-03,dinov2_vitb14,blocks.4,1.00e-03,25,23.859046570909094,23.859046570909094,23.859046570909094,1.0
MMDpt_dinov2_vitb14_l5_g1.00e-03,dinov2_vitb14,blocks.4,1.00e-03,26,24.108436355454547,24.108436355454547,24.108436355454547,1.0
MMDpt_dinov2_vitb14_l5_g1.00e-03,dinov2_vitb14,blocks.4,1.00e-03,27,24.136628927727273,24.136628927727273,24.136628927727273,1.0
MMDpt_dinov2_vitb14_l5_g1.00e-03,dinov2_vitb14,blocks.4,1.00e-03,28,24.706419758636365,24.706419758636365,24.706419758636365,1.0
MMDpt_dinov2_vitb14_l5_g1.00e-03,dinov2_vitb14,blocks.4,1.00e-03,29,25.160939161363636,25.160939161363636,25.160939161363636,1.0
MMDpt_dinov2_vitb14_l5_g1.00e-03,dinov2_vitb14,blocks.4,1.00e-03,30,25.272293834545454,25.272293834545454,25.272293834545454,1.0
MMDpt_dinov2_vitb14_l5_g1.00e-03,dinov2_vitb14,blocks.4,1.00e-03,31,25.739496508636364,25.739496508636364,25.739496508636364,1.0
MMDpt_dinov2_vitb14_l5_g1.00e-03,dinov2_vitb14,blocks.4,1.00e-03,32,26.08368123090909,26.08368123090909,26.08368123090909,1.0
MMDpt_dinov2_vitb14_l5_g1.00e-03,dinov2_vitb14,blocks.4,1.00e-03,33,26.26193154681818,26.26193154681818,26.26193154681818,1.0
MMDpt_dinov2_vitb14_l5_g1.00e-03,dinov2_vitb14,blocks.4,1.00e-03,34,26.29922768272727,26.29922768272727,26.29922768272727,1.0
MMDpt_dinov2_vitb14_l5_g1.00e-03,dinov2_vitb14,blocks.4,1.00e-03,35,26.647243233181822,26.647243233181822,26.647243233181822,1.0
MMDpt_dinov2_vitb14_l5_g1.00e-03,dinov2_vitb14,blocks.4,1.00e-03,36,26.80277036,26.80277036,26.80277036,1.0
MMDpt_dinov2_vitb14_l5_g1.00e-03,dinov2_vitb14,blocks.4,1.00e-03,37,27.710613355454544,27.710613355454544,27.710613355454544,1.0
MMDpt_dinov2_vitb14_l5_g1.00e-03,dinov2_vitb14,blocks.4,1.00e-03,38,27.723830698181818,27.723830698181818,27.723830698181818,1.0
MMDpt_dinov2_vitb14_l5_g1.00e-03,dinov2_vitb14,blocks.4,1.00e-03,39,27.94224735681818,27.94224735681818,27.94224735681818,1.0
MMDpt_dinov2_vitb14_l5_g1.00e-03,dinov2_vitb14,blocks.4,1.00e-03,40,28.008295531363636,28.008295531363636,28.008295531363636,1.0
MMDpt_dinov2_vitb14_l5_g1.00e-03,dinov2_vitb14,blocks.4,1.00e-03,41,28.427649107272728,28.427649107272728,28.427649107272728,1.0
MMDpt_dinov2_vitb14_l5_g1.00e-03,dinov2_vitb14,blocks.4,1.00e-03,42,28.610673086363636,28.610673086363636,28.610673086363636,1.0
MMDpt_dinov2_vitb14_l5_g1.00e-03,dinov2_vitb14,blocks.4,1.00e-03,43,28.864666542727274,28.864666542727274,28.864666542727274,1.0
MMDpt_dinov2_vitb14_l5_g1.00e-03,dinov2_vitb14,blocks.4,1.00e-03,44,28.872480873181818,28.872480873181818,28.872480873181818,1.0
MMDpt_dinov2_vitb14_l5_g1.00e-03,dinov2_vitb14,blocks.4,1.00e-03,45,29.867093540909092,29.867093540909092,29.867093540909092,1.0
MMDpt_dinov2_vitb14_l5_g1.00e-03,dinov2_vitb14,blocks.4,1.00e-03,46,30.946254809545454,30.946254809545454,30.946254809545454,1.0
MMDpt_dinov2_vitb14_l5_g1.00e-03,dinov2_vitb14,blocks.4,1.00e-03,47,31.113843444545456,31.113843444545456,31.113843444545456,1.0
MMDpt_dinov2_vitb14_l5_g1.00e-03,dinov2_vitb14,blocks.4,1.00e-03,48,31.75240744409091,31.75240744409091,31.75240744409091,1.0
MMDpt_dinov2_vitb14_l5_g1.00e-03,dinov2_vitb14,blocks.4,1.00e-03,49,31.962474827272725,31.962474827272725,31.962474827272725,1.0
MMDpt_dinov2_vitb14_l5_g1.00e-03,dinov2_vitb14,blocks.4,1.00e-03,50,32.10326235227273,32.10326235227273,32.10326235227273,1.0
MMDpt_dinov2_vitb14_l5_g1.00e-03,dinov2_vitb14,blocks.4,1.00e-03,51,32.57260997909091,32.57260997909091,32.57260997909091,1.0
MMDpt_dinov2_vitb14_l5_g1.00e-03,dinov2_vitb14,blocks.4,1.00e-03,52,33.29309288772727,33.29309288772727,33.29309288772727,1.0
MMDpt_dinov2_vitb14_l5_g1.00e-03,dinov2_vitb14,blocks.4,1.00e-03,53,33.63066458409091,33.63066458409091,33.63066458409091,1.0
MMDpt_dinov2_vitb14_l5_g1.00e-03,dinov2_vitb14,blocks.4,1.00e-03,54,33.94931614045454,33.94931614045454,33.94931614045454,1.0
MMDpt_dinov2_vitb14_l5_g1.00e-03,dinov2_vitb14,blocks.4,1.00e-03,55,34.254768114545456,34.254768114545456,34.254768114545456,1.0
MMDpt_dinov2_vitb14_l5_g1.00e-03,dinov2_vitb14,blocks.4,1.00e-03,56,35.01583384090909,35.01583384090909,35.01583384090909,1.0
MMDpt_dinov2_vitb14_l5_g1.00e-03,dinov2_vitb14,blocks.4,1.00e-03,57,35.61844186090909,35.61844186090909,35.61844186090909,1.0
MMDpt_dinov2_vitb14_l5_g1.00e-03,dinov2_vitb14,blocks.4,1.00e-03,58,36.50372615909091,36.50372615909091,36.50372615909091,1.0
MMDpt_dinov2_vitb14_l5_g1.00e-03,dinov2_vitb14,blocks.4,1.00e-03,59,36.74721518909091,36.74721518909091,36.74721518909091,1.0
MMDpt_dinov2_vitb14_l5_g1.00e-03,dinov2_vitb14,blocks.4,1.00e-03,60,37.183868766818186,37.183868766818186,37.183868766818186,1.0
MMDpt_dinov2_vitb14_l5_g1.00e-03,dinov2_vitb14,blocks.4,1.00e-03,61,37.586910895,37.586910895,37.586910895,1.0
MMDpt_dinov2_vitb14_l5_g1.00e-03,dinov2_vitb14,blocks.4,1.00e-03,62,37.90925234181818,37.90925234181818,37.90925234181818,1.0
MMDpt_dinov2_vitb14_l5_g1.00e-03,dinov2_vitb14,blocks.4,1.00e-03,63,39.159607152727276,39.159607152727276,39.159607152727276,1.0
MMDpt_dinov2_vitb14_l5_g1.00e-03,dinov2_vitb14,blocks.4,1.00e-03,64,39.16116855045455,39.16116855045455,39.16116855045455,1.0
MMDpt_dinov2_vitb14_l5_g1.00e-03,dinov2_vitb14,blocks.4,1.00e-03,65,39.50363207727273,39.50363207727273,39.50363207727273,1.0
MMDpt_dinov2_vitb14_l5_g1.00e-03,dinov2_vitb14,blocks.4,1.00e-03,66,39.72578294681818,39.72578294681818,39.72578294681818,1.0
MMDpt_dinov2_vitb14_l5_g1.00e-03,dinov2_vitb14,blocks.4,1.00e-03,67,40.10658689318182,40.10658689318182,40.10658689318182,1.0
MMDpt_dinov2_vitb14_l5_g1.00e-03,dinov2_vitb14,blocks.4,1.00e-03,68,40.511631334545456,40.511631334545456,40.511631334545456,1.0
MMDpt_dinov2_vitb14_l5_g1.00e-03,dinov2_vitb14,blocks.4,1.00e-03,69,41.22542756590909,41.22542756590909,41.22542756590909,1.0
MMDpt_dinov2_vitb14_l5_g1.00e-03,dinov2_vitb14,blocks.4,1.00e-03,70,41.450596035,41.450596035,41.450596035,1.0
MMDpt_dinov2_vitb14_l5_g1.00e-03,dinov2_vitb14,blocks.4,1.00e-03,71,41.606778884545456,41.606778884545456,41.606778884545456,1.0
MMDpt_dinov2_vitb14_l5_g1.00e-03,dinov2_vitb14,blocks.4,1.00e-03,72,41.74143011090909,41.74143011090909,41.74143011090909,1.0
MMDpt_dinov2_vitb14_l5_g1.00e-03,dinov2_vitb14,blocks.4,1.00e-03,73,42.27668356454546,42.27668356454546,42.27668356454546,1.0
MMDpt_dinov2_vitb14_l5_g1.00e-03,dinov2_vitb14,blocks.4,1.00e-03,74,42.349748590454546,42.349748590454546,42.349748590454546,1.0
MMDpt_dinov2_vitb14_l5_g1.00e-03,dinov2_vitb14,blocks.4,1.00e-03,75,42.93479045136364,42.93479045136364,42.93479045136364,1.0
MMDpt_dinov2_vitb14_l5_g1.00e-03,dinov2_vitb14,blocks.4,1.00e-03,76,42.999259720454546,42.999259720454546,42.999259720454546,1.0
MMDpt_dinov2_vitb14_l5_g1.00e-03,dinov2_vitb14,blocks.4,1.00e-03,77,43.14833512181818,43.14833512181818,43.14833512181818,1.0
MMDpt_dinov2_vitb14_l5_g1.00e-03,dinov2_vitb14,blocks.4,1.00e-03,78,43.849900354999995,43.849900354999995,43.849900354999995,1.0
MMDpt_dinov2_vitb14_l5_g1.00e-03,dinov2_vitb14,blocks.4,1.00e-03,79,44.24228326,44.24228326,44.24228326,1.0
MMDpt_dinov2_vitb14_l5_g1.00e-03,dinov2_vitb14,blocks.4,1.00e-03,80,44.68483293727273,44.68483293727273,44.68483293727273,1.0
MMDpt_dinov2_vitb14_l5_g1.00e-03,dinov2_vitb14,blocks.4,1.00e-03,81,45.014271393181815,45.014271393181815,45.014271393181815,1.0
MMDpt_dinov2_vitb14_l5_g1.00e-03,dinov2_vitb14,blocks.4,1.00e-03,82,45.044897863636365,45.044897863636365,45.044897863636365,1.0
MMDpt_dinov2_vitb14_l5_g1.00e-03,dinov2_vitb14,blocks.4,1.00e-03,83,45.242849799999995,45.242849799999995,45.242849799999995,1.0
MMDpt_dinov2_vitb14_l5_g1.00e-03,dinov2_vitb14,blocks.4,1.00e-03,84,45.34376912590909,45.34376912590909,45.34376912590909,1.0
MMDpt_dinov2_vitb14_l5_g1.00e-03,dinov2_vitb14,blocks.4,1.00e-03,85,45.44974382363636,45.44974382363636,45.44974382363636,1.0
MMDpt_dinov2_vitb14_l5_g1.00e-03,dinov2_vitb14,blocks.4,1.00e-03,86,45.87703164136364,45.87703164136364,45.87703164136364,1.0
MMDpt_dinov2_vitb14_l5_g1.00e-03,dinov2_vitb14,blocks.4,1.00e-03,87,46.05975058136364,46.05975058136364,46.05975058136364,1.0
MMDpt_dinov2_vitb14_l5_g1.00e-03,dinov2_vitb14,blocks.4,1.00e-03,88,46.3385215,46.3385215,46.3385215,1.0
MMDpt_dinov2_vitb14_l5_g1.00e-03,dinov2_vitb14,blocks.4,1.00e-03,89,46.461104443636366,46.461104443636366,46.461104443636366,1.0
MMDpt_dinov2_vitb14_l5_g1.00e-03,dinov2_vitb14,blocks.4,1.00e-03,90,46.55172569545454,46.55172569545454,46.55172569545454,1.0
MMDpt_dinov2_vitb14_l5_g1.00e-03,dinov2_vitb14,blocks.4,1.00e-03,91,46.63784059272727,46.63784059272727,46.63784059272727,1.0
MMDpt_dinov2_vitb14_l5_g1.00e-03,dinov2_vitb14,blocks.4,1.00e-03,92,46.92503363227272,46.92503363227272,46.92503363227272,1.0
MMDpt_dinov2_vitb14_l5_g1.00e-03,dinov2_vitb14,blocks.4,1.00e-03,93,46.98420985,46.98420985,46.98420985,1.0
MMDpt_dinov2_vitb14_l5_g1.00e-03,dinov2_vitb14,blocks.4,1.00e-03,94,47.05894020545455,47.05894020545455,47.05894020545455,1.0
MMDpt_dinov2_vitb14_l5_g1.00e-03,dinov2_vitb14,blocks.4,1.00e-03,95,47.18393024863636,47.18393024863636,47.18393024863636,1.0
MMDpt_dinov2_vitb14_l5_g1.00e-03,dinov2_vitb14,blocks.4,1.00e-03,96,47.45620903181818,47.45620903181818,47.45620903181818,1.0
MMDpt_dinov2_vitb14_l5_g1.00e-03,dinov2_vitb14,blocks.4,1.00e-03,97,47.57944400681818,47.57944400681818,47.57944400681818,1.0
MMDpt_dinov2_vitb14_l5_g1.00e-03,dinov2_vitb14,blocks.4,1.00e-03,98,47.68605184090909,47.68605184090909,47.68605184090909,1.0
MMDpt_dinov2_vitb14_l5_g1.00e-03,dinov2_vitb14,blocks.4,1.00e-03,99,47.85413733318182,47.85413733318182,47.85413733318182,1.0
MMDpt_dinov2_vitb14_l5_g1.00e-03,dinov2_vitb14,blocks.4,1.00e-03,100,47.997159330454544,47.997159330454544,47.997159330454544,1.0
MMDpt_dinov2_vitb14_l5_g1.00e-03,dinov2_vitb14,blocks.4,1.00e-03,101,48.745656067727275,48.745656067727275,48.745656067727275,1.0
MMDpt_dinov2_vitb14_l5_g1.00e-03,dinov2_vitb14,blocks.4,1.00e-03,102,48.974869975454546,48.974869975454546,48.974869975454546,1.0
MMDpt_dinov2_vitb14_l5_g1.00e-03,dinov2_vitb14,blocks.4,1.00e-03,103,49.269933079999994,49.269933079999994,49.269933079999994,1.0
MMDpt_dinov2_vitb14_l5_g1.00e-03,dinov2_vitb14,blocks.4,1.00e-03,104,49.50143869090909,49.50143869090909,49.50143869090909,1.0
MMDpt_dinov2_vitb14_l5_g1.00e-03,dinov2_vitb14,blocks.4,1.00e-03,105,50.02686477227273,50.02686477227273,50.02686477227273,1.0
MMDpt_dinov2_vitb14_l5_g1.00e-03,dinov2_vitb14,blocks.4,1.00e-03,106,50.24467801363637,50.24467801363637,50.24467801363637,1.0
MMDpt_dinov2_vitb14_l5_g1.00e-03,dinov2_vitb14,blocks.4,1.00e-03,107,50.26601576545454,50.26601576545454,50.26601576545454,1.0
MMDpt_dinov2_vitb14_l5_g1.00e-03,dinov2_vitb14,blocks.4,1.00e-03,108,50.287720933636365,50.287720933636365,50.287720933636365,1.0
MMDpt_dinov2_vitb14_l5_g1.00e-03,dinov2_vitb14,blocks.4,1.00e-03,109,50.397065763181814,50.397065763181814,50.397065763181814,1.0
MMDpt_dinov2_vitb14_l5_g1.00e-03,dinov2_vitb14,blocks.4,1.00e-03,110,50.44004938636363,50.44004938636363,50.44004938636363,1.0
MMDpt_dinov2_vitb14_l5_g1.00e-03,dinov2_vitb14,blocks.4,1.00e-03,111,50.53053583909091,50.53053583909091,50.53053583909091,1.0
MMDpt_dinov2_vitb14_l5_g1.00e-03,dinov2_vitb14,blocks.4,1.00e-03,112,50.744067415454545,50.744067415454545,50.744067415454545,1.0
MMDpt_dinov2_vitb14_l5_g1.00e-03,dinov2_vitb14,blocks.4,1.00e-03,113,50.877768575909094,50.877768575909094,50.877768575909094,1.0
MMDpt_dinov2_vitb14_l5_g1.00e-03,dinov2_vitb14,blocks.4,1.00e-03,114,50.952142585000004,50.952142585000004,50.952142585000004,1.0
MMDpt_dinov2_vitb14_l5_g1.00e-03,dinov2_vitb14,blocks.4,1.00e-03,115,51.255980857727266,51.255980857727266,51.255980857727266,1.0
MMDpt_dinov2_vitb14_l5_g1.00e-03,dinov2_vitb14,blocks.4,1.00e-03,116,51.47010300409091,51.47010300409091,51.47010300409091,1.0
MMDpt_dinov2_vitb14_l5_g1.00e-03,dinov2_vitb14,blocks.4,1.00e-03,117,51.48649149727273,51.48649149727273,51.48649149727273,1.0
MMDpt_dinov2_vitb14_l5_g1.00e-03,dinov2_vitb14,blocks.4,1.00e-03,118,51.49088870772727,51.49088870772727,51.49088870772727,1.0
MMDpt_dinov2_vitb14_l5_g1.00e-03,dinov2_vitb14,blocks.4,1.00e-03,119,51.669473619090915,51.669473619090915,51.669473619090915,1.0
MMDpt_dinov2_vitb14_l5_g1.00e-03,dinov2_vitb14,blocks.4,1.00e-03,120,51.78909724363636,51.78909724363636,51.78909724363636,1.0
MMDpt_dinov2_vitb14_l5_g1.00e-03,dinov2_vitb14,blocks.4,1.00e-03,121,51.85205774272727,51.85205774272727,51.85205774272727,1.0
MMDpt_dinov2_vitb14_l5_g1.00e-03,dinov2_vitb14,blocks.4,1.00e-03,122,51.87800455454545,51.87800455454545,51.87800455454545,1.0
MMDpt_dinov2_vitb14_l5_g1.00e-03,dinov2_vitb14,blocks.4,1.00e-03,123,51.92553946363636,51.92553946363636,51.92553946363636,1.0
MMDpt_dinov2_vitb14_l5_g1.00e-03,dinov2_vitb14,blocks.4,1.00e-03,124,52.00039339090909,52.00039339090909,52.00039339090909,1.0
MMDpt_dinov2_vitb14_l5_g1.00e-03,dinov2_vitb14,blocks.4,1.00e-03,125,52.126720309090906,52.126720309090906,52.126720309090906,1.0
MMDpt_dinov2_vitb14_l5_g1.00e-03,dinov2_vitb14,blocks.4,1.00e-03,126,52.30133809090909,52.30133809090909,52.30133809090909,1.0
MMDpt_dinov2_vitb14_l5_g1.00e-03,dinov2_vitb14,blocks.4,1.00e-03,127,52.82782977227273,52.82782977227273,52.82782977227273,1.0
MMDpt_dinov2_vitb14_l5_g1.00e-03,dinov2_vitb14,blocks.4,1.00e-03,128,52.94948191,52.94948191,52.94948191,1.0
MMDpt_dinov2_vitb14_l5_g1.00e-03,dinov2_vitb14,blocks.4,1.00e-03,129,52.977303153181815,52.977303153181815,52.977303153181815,1.0
MMDpt_dinov2_vitb14_l5_g1.00e-03,dinov2_vitb14,blocks.4,1.00e-03,130,53.02329102272727,53.02329102272727,53.02329102272727,1.0
MMDpt_dinov2_vitb14_l5_g1.00e-03,dinov2_vitb14,blocks.4,1.00e-03,131,53.11169118954546,53.11169118954546,53.11169118954546,1.0
MMDpt_dinov2_vitb14_l5_g1.00e-03,dinov2_vitb14,blocks.4,1.00e-03,132,53.15595768772727,53.15595768772727,53.15595768772727,1.0
MMDpt_dinov2_vitb14_l5_g1.00e-03,dinov2_vitb14,blocks.4,1.00e-03,133,53.19575964181818,53.19575964181818,53.19575964181818,1.0
MMDpt_dinov2_vitb14_l5_g1.00e-03,dinov2_vitb14,blocks.4,1.00e-03,134,53.738266159999995,53.738266159999995,53.738266159999995,1.0
MMDpt_dinov2_vitb14_l5_g1.00e-03,dinov2_vitb14,blocks.4,1.00e-03,135,54.35688324090909,54.35688324090909,54.35688324090909,1.0
MMDpt_dinov2_vitb14_l5_g1.00e-03,dinov2_vitb14,blocks.4,1.00e-03,136,54.43010616227273,54.43010616227273,54.43010616227273,1.0
MMDpt_dinov2_vitb14_l5_g1.00e-03,dinov2_vitb14,blocks.4,1.00e-03,137,54.51598353272727,54.51598353272727,54.51598353272727,1.0
MMDpt_dinov2_vitb14_l5_g1.00e-03,dinov2_vitb14,blocks.4,1.00e-03,138,54.63723127590909,54.63723127590909,54.63723127590909,1.0
MMDpt_dinov2_vitb14_l5_g1.00e-03,dinov2_vitb14,blocks.4,1.00e-03,139,54.68535675181818,54.68535675181818,54.68535675181818,1.0
MMDpt_dinov2_vitb14_l5_g1.00e-03,dinov2_vitb14,blocks.4,1.00e-03,140,54.72388539863636,54.72388539863636,54.72388539863636,1.0
MMDpt_dinov2_vitb14_l5_g1.00e-03,dinov2_vitb14,blocks.4,1.00e-03,141,55.23867115454546,55.23867115454546,55.23867115454546,1.0
MMDpt_dinov2_vitb14_l5_g1.00e-03,dinov2_vitb14,blocks.4,1.00e-03,142,55.2775563909091,55.2775563909091,55.2775563909091,1.0
MMDpt_dinov2_vitb14_l5_g1.00e-03,dinov2_vitb14,blocks.4,1.00e-03,143,55.699695931818184,55.699695931818184,55.699695931818184,1.0
MMDpt_dinov2_vitb14_l5_g1.00e-03,dinov2_vitb14,blocks.4,1.00e-03,144,55.80372709545455,55.80372709545455,55.80372709545455,1.0
MMDpt_dinov2_vitb14_l5_g1.00e-03,dinov2_vitb14,blocks.4,1.00e-03,145,55.82518654818182,55.82518654818182,55.82518654818182,1.0
MMDpt_dinov2_vitb14_l5_g1.00e-03,dinov2_vitb14,blocks.4,1.00e-03,146,56.236087309090905,56.236087309090905,56.236087309090905,1.0
MMDpt_dinov2_vitb14_l5_g1.00e-03,dinov2_vitb14,blocks.4,1.00e-03,147,56.34353036818182,56.34353036818182,56.34353036818182,1.0
MMDpt_dinov2_vitb14_l5_g1.00e-03,dinov2_vitb14,blocks.4,1.00e-03,148,56.343846956363635,56.343846956363635,56.343846956363635,1.0
MMDpt_dinov2_vitb14_l5_g1.00e-03,dinov2_vitb14,blocks.4,1.00e-03,149,56.418747340909086,56.418747340909086,56.418747340909086,1.0
MMDpt_dinov2_vitb14_l5_g1.00e-03,dinov2_vitb14,blocks.4,1.00e-03,150,56.4284854,56.4284854,56.4284854,1.0
MMDpt_dinov2_vitb14_l5_g1.00e-03,dinov2_vitb14,blocks.4,1.00e-03,151,56.43083487727272,56.43083487727272,56.43083487727272,1.0
MMDpt_dinov2_vitb14_l5_g1.00e-03,dinov2_vitb14,blocks.4,1.00e-03,152,56.73676582727273,56.73676582727273,56.73676582727273,1.0
MMDpt_dinov2_vitb14_l5_g1.00e-03,dinov2_vitb14,blocks.4,1.00e-03,153,56.80215198181818,56.80215198181818,56.80215198181818,1.0
MMDpt_dinov2_vitb14_l5_g1.00e-03,dinov2_vitb14,blocks.4,1.00e-03,154,56.838491672272724,56.838491672272724,56.838491672272724,1.0
MMDpt_dinov2_vitb14_l5_g1.00e-03,dinov2_vitb14,blocks.4,1.00e-03,155,56.87784920000001,56.87784920000001,56.87784920000001,1.0
MMDpt_dinov2_vitb14_l5_g1.00e-03,dinov2_vitb14,blocks.4,1.00e-03,156,56.88495511818182,56.88495511818182,56.88495511818182,1.0
MMDpt_dinov2_vitb14_l5_g1.00e-03,dinov2_vitb14,blocks.4,1.00e-03,157,56.89427865,56.89427865,56.89427865,1.0
MMDpt_dinov2_vitb14_l5_g1.00e-03,dinov2_vitb14,blocks.4,1.00e-03,158,57.014437336363635,57.014437336363635,57.014437336363635,1.0
MMDpt_dinov2_vitb14_l5_g1.00e-03,dinov2_vitb14,blocks.4,1.00e-03,159,57.01605029863636,57.01605029863636,57.01605029863636,1.0
MMDpt_dinov2_vitb14_l5_g1.00e-03,dinov2_vitb14,blocks.4,1.00e-03,160,57.06027285454545,57.06027285454545,57.06027285454545,1.0
MMDpt_dinov2_vitb14_l5_g1.00e-03,dinov2_vitb14,blocks.4,1.00e-03,161,57.08577673045454,57.08577673045454,57.08577673045454,1.0
MMDpt_dinov2_vitb14_l5_g1.00e-03,dinov2_vitb14,blocks.4,1.00e-03,162,57.165035822727276,57.165035822727276,57.165035822727276,1.0
MMDpt_dinov2_vitb14_l5_g1.00e-03,dinov2_vitb14,blocks.4,1.00e-03,163,57.30280682363637,57.30280682363637,57.30280682363637,1.0
MMDpt_dinov2_vitb14_l5_g1.00e-03,dinov2_vitb14,blocks.4,1.00e-03,164,57.552973348181816,57.552973348181816,57.552973348181816,1.0
MMDpt_dinov2_vitb14_l5_g1.00e-03,dinov2_vitb14,blocks.4,1.00e-03,165,57.715692645,57.715692645,57.715692645,1.0
MMDpt_dinov2_vitb14_l5_g1.00e-03,dinov2_vitb14,blocks.4,1.00e-03,166,57.94736867727273,57.94736867727273,57.94736867727273,1.0
MMDpt_dinov2_vitb14_l5_g1.00e-03,dinov2_vitb14,blocks.4,1.00e-03,167,58.01582408181818,58.01582408181818,58.01582408181818,1.0
MMDpt_dinov2_vitb14_l5_g1.00e-03,dinov2_vitb14,blocks.4,1.00e-03,168,58.14704098045454,58.14704098045454,58.14704098045454,1.0
MMDpt_dinov2_vitb14_l5_g1.00e-03,dinov2_vitb14,blocks.4,1.00e-03,169,58.40466673181818,58.40466673181818,58.40466673181818,1.0
MMDpt_dinov2_vitb14_l5_g1.00e-03,dinov2_vitb14,blocks.4,1.00e-03,170,58.48494007,58.48494007,58.48494007,1.0
MMDpt_dinov2_vitb14_l5_g1.00e-03,dinov2_vitb14,blocks.4,1.00e-03,171,58.90741873181818,58.90741873181818,58.90741873181818,1.0
MMDpt_dinov2_vitb14_l5_g1.00e-03,dinov2_vitb14,blocks.4,1.00e-03,172,58.92814133636364,58.92814133636364,58.92814133636364,1.0
MMDpt_dinov2_vitb14_l5_g1.00e-03,dinov2_vitb14,blocks.4,1.00e-03,173,58.959711454090915,58.959711454090915,58.959711454090915,1.0
MMDpt_dinov2_vitb14_l5_g1.00e-03,dinov2_vitb14,blocks.4,1.00e-03,174,59.080638213636355,59.080638213636355,59.080638213636355,1.0
MMDpt_dinov2_vitb14_l5_g1.00e-03,dinov2_vitb14,blocks.4,1.00e-03,175,59.15176404636364,59.15176404636364,59.15176404636364,1.0
MMDpt_dinov2_vitb14_l5_g1.00e-03,dinov2_vitb14,blocks.4,1.00e-03,176,59.165360129545455,59.165360129545455,59.165360129545455,1.0
MMDpt_dinov2_vitb14_l5_g1.00e-03,dinov2_vitb14,blocks.4,1.00e-03,177,59.343238913181814,59.343238913181814,59.343238913181814,1.0
MMDpt_dinov2_vitb14_l5_g1.00e-03,dinov2_vitb14,blocks.4,1.00e-03,178,59.52943686818182,59.52943686818182,59.52943686818182,1.0
MMDpt_dinov2_vitb14_l5_g1.00e-03,dinov2_vitb14,blocks.4,1.00e-03,179,59.53394987363636,59.53394987363636,59.53394987363636,1.0
MMDpt_dinov2_vitb14_l5_g1.00e-03,dinov2_vitb14,blocks.4,1.00e-03,180,59.61907620909091,59.61907620909091,59.61907620909091,1.0
MMDpt_dinov2_vitb14_l5_g1.00e-03,dinov2_vitb14,blocks.4,1.00e-03,181,59.64024705,59.64024705,59.64024705,1.0
MMDpt_dinov2_vitb14_l5_g1.00e-03,dinov2_vitb14,blocks.4,1.00e-03,182,59.81487126545455,59.81487126545455,59.81487126545455,1.0
MMDpt_dinov2_vitb14_l5_g1.00e-03,dinov2_vitb14,blocks.4,1.00e-03,183,59.821444613636366,59.821444613636366,59.821444613636366,1.0
MMDpt_dinov2_vitb14_l5_g1.00e-03,dinov2_vitb14,blocks.4,1.00e-03,184,59.82249576181818,59.82249576181818,59.82249576181818,1.0
MMDpt_dinov2_vitb14_l5_g1.00e-03,dinov2_vitb14,blocks.4,1.00e-03,185,60.13491826227273,60.13491826227273,60.13491826227273,1.0
MMDpt_dinov2_vitb14_l5_g1.00e-03,dinov2_vitb14,blocks.4,1.00e-03,186,60.66603184545455,60.66603184545455,60.66603184545455,1.0
MMDpt_dinov2_vitb14_l5_g1.00e-03,dinov2_vitb14,blocks.4,1.00e-03,187,60.91525143409091,60.91525143409091,60.91525143409091,1.0
MMDpt_dinov2_vitb14_l5_g1.00e-03,dinov2_vitb14,blocks.4,1.00e-03,188,60.98922430909091,60.98922430909091,60.98922430909091,1.0
MMDpt_dinov2_vitb14_l5_g1.00e-03,dinov2_vitb14,blocks.4,1.00e-03,189,61.15445065909091,61.15445065909091,61.15445065909091,1.0
MMDpt_dinov2_vitb14_l5_g1.00e-03,dinov2_vitb14,blocks.4,1.00e-03,190,61.257236485,61.257236485,61.257236485,1.0
MMDpt_dinov2_vitb14_l5_g1.00e-03,dinov2_vitb14,blocks.4,1.00e-03,191,61.38288141818182,61.38288141818182,61.38288141818182,1.0
MMDpt_dinov2_vitb14_l5_g1.00e-03,dinov2_vitb14,blocks.4,1.00e-03,192,61.41676890772727,61.41676890772727,61.41676890772727,1.0
MMDpt_dinov2_vitb14_l5_g1.00e-03,dinov2_vitb14,blocks.4,1.00e-03,193,61.450913154545454,61.450913154545454,61.450913154545454,1.0
MMDpt_dinov2_vitb14_l5_g1.00e-03,dinov2_vitb14,blocks.4,1.00e-03,194,61.557454278181815,61.557454278181815,61.557454278181815,1.0
MMDpt_dinov2_vitb14_l5_g1.00e-03,dinov2_vitb14,blocks.4,1.00e-03,195,61.612018317727276,61.612018317727276,61.612018317727276,1.0
MMDpt_dinov2_vitb14_l5_g1.00e-03,dinov2_vitb14,blocks.4,1.00e-03,196,61.66026577136363,61.66026577136363,61.66026577136363,1.0
MMDpt_dinov2_vitb14_l5_g1.00e-03,dinov2_vitb14,blocks.4,1.00e-03,197,61.784896459090916,61.784896459090916,61.784896459090916,1.0
MMDpt_dinov2_vitb14_l5_g1.00e-03,dinov2_vitb14,blocks.4,1.00e-03,198,61.80260090454545,61.80260090454545,61.80260090454545,1.0
MMDpt_dinov2_vitb14_l5_g1.00e-03,dinov2_vitb14,blocks.4,1.00e-03,199,62.04634134636364,62.04634134636364,62.04634134636364,1.0
MMDpt_dinov2_vitb14_l5_g1.00e-03,dinov2_vitb14,blocks.4,1.00e-03,200,62.140166177272725,62.140166177272725,62.140166177272725,1.0
MMDpt_dinov2_vitb14_l5_g1.00e-03,dinov2_vitb14,blocks.4,1.00e-03,201,62.30800517363637,62.30800517363637,62.30800517363637,1.0
MMDpt_dinov2_vitb14_l5_g1.00e-03,dinov2_vitb14,blocks.4,1.00e-03,202,62.48285368636363,62.48285368636363,62.48285368636363,1.0
MMDpt_dinov2_vitb14_l5_g1.00e-03,dinov2_vitb14,blocks.4,1.00e-03,203,62.50087945,62.50087945,62.50087945,1.0
MMDpt_dinov2_vitb14_l5_g1.00e-03,dinov2_vitb14,blocks.4,1.00e-03,204,62.515273900000004,62.515273900000004,62.515273900000004,1.0
MMDpt_dinov2_vitb14_l5_g1.00e-03,dinov2_vitb14,blocks.4,1.00e-03,205,62.56153540454545,62.56153540454545,62.56153540454545,1.0
MMDpt_dinov2_vitb14_l5_g1.00e-03,dinov2_vitb14,blocks.4,1.00e-03,206,62.62842450590909,62.62842450590909,62.62842450590909,1.0
MMDpt_dinov2_vitb14_l5_g1.00e-03,dinov2_vitb14,blocks.4,1.00e-03,207,62.64787497272727,62.64787497272727,62.64787497272727,1.0
MMDpt_dinov2_vitb14_l5_g1.00e-03,dinov2_vitb14,blocks.4,1.00e-03,208,62.80573838590909,62.80573838590909,62.80573838590909,1.0
MMDpt_dinov2_vitb14_l5_g1.00e-03,dinov2_vitb14,blocks.4,1.00e-03,209,62.831736559090906,62.831736559090906,62.831736559090906,1.0
MMDpt_dinov2_vitb14_l5_g1.00e-03,dinov2_vitb14,blocks.4,1.00e-03,210,63.033077886363635,63.033077886363635,63.033077886363635,1.0
MMDpt_dinov2_vitb14_l5_g1.00e-03,dinov2_vitb14,blocks.4,1.00e-03,211,63.2958711590909,63.2958711590909,63.2958711590909,1.0
MMDpt_dinov2_vitb14_l5_g1.00e-03,dinov2_vitb14,blocks.4,1.00e-03,212,63.30556153181818,63.30556153181818,63.30556153181818,1.0
MMDpt_dinov2_vitb14_l5_g1.00e-03,dinov2_vitb14,blocks.4,1.00e-03,213,63.451246159090914,63.451246159090914,63.451246159090914,1.0
MMDpt_dinov2_vitb14_l5_g1.00e-03,dinov2_vitb14,blocks.4,1.00e-03,214,63.51674641363636,63.51674641363636,63.51674641363636,1.0
MMDpt_dinov2_vitb14_l5_g1.00e-03,dinov2_vitb14,blocks.4,1.00e-03,215,63.52993807136364,63.52993807136364,63.52993807136364,1.0
MMDpt_dinov2_vitb14_l5_g1.00e-03,dinov2_vitb14,blocks.4,1.00e-03,216,63.601648069090906,63.601648069090906,63.601648069090906,1.0
MMDpt_dinov2_vitb14_l5_g1.00e-03,dinov2_vitb14,blocks.4,1.00e-03,217,63.632569839545454,63.632569839545454,63.632569839545454,1.0
MMDpt_dinov2_vitb14_l5_g1.00e-03,dinov2_vitb14,blocks.4,1.00e-03,218,63.65115097727273,63.65115097727273,63.65115097727273,1.0
MMDpt_dinov2_vitb14_l5_g1.00e-03,dinov2_vitb14,blocks.4,1.00e-03,219,63.71100458181818,63.71100458181818,63.71100458181818,1.0
MMDpt_dinov2_vitb14_l5_g1.00e-03,dinov2_vitb14,blocks.4,1.00e-03,220,63.89873966363636,63.89873966363636,63.89873966363636,1.0
MMDpt_dinov2_vitb14_l5_g1.00e-03,dinov2_vitb14,blocks.4,1.00e-03,221,63.92419218818182,63.92419218818182,63.92419218818182,1.0
MMDpt_dinov2_vitb14_l5_g1.00e-03,dinov2_vitb14,blocks.4,1.00e-03,222,63.96103896818182,63.96103896818182,63.96103896818182,1.0
MMDpt_dinov2_vitb14_l5_g1.00e-03,dinov2_vitb14,blocks.4,1.00e-03,223,63.99746849090909,63.99746849090909,63.99746849090909,1.0
MMDpt_dinov2_vitb14_l5_g1.00e-03,dinov2_vitb14,blocks.4,1.00e-03,224,64.02118780454545,64.02118780454545,64.02118780454545,1.0
MMDpt_dinov2_vitb14_l5_g1.00e-03,dinov2_vitb14,blocks.4,1.00e-03,225,64.02835174090909,64.02835174090909,64.02835174090909,1.0
MMDpt_dinov2_vitb14_l5_g1.00e-03,dinov2_vitb14,blocks.4,1.00e-03,226,64.1043883409091,64.1043883409091,64.1043883409091,1.0
MMDpt_dinov2_vitb14_l5_g1.00e-03,dinov2_vitb14,blocks.4,1.00e-03,227,64.15682117727273,64.15682117727273,64.15682117727273,1.0
MMDpt_dinov2_vitb14_l5_g1.00e-03,dinov2_vitb14,blocks.4,1.00e-03,228,64.23845857272727,64.23845857272727,64.23845857272727,1.0
MMDpt_dinov2_vitb14_l5_g1.00e-03,dinov2_vitb14,blocks.4,1.00e-03,229,64.25370258636363,64.25370258636363,64.25370258636363,1.0
MMDpt_dinov2_vitb14_l5_g1.00e-03,dinov2_vitb14,blocks.4,1.00e-03,230,64.32671434181817,64.32671434181817,64.32671434181817,1.0
MMDpt_dinov2_vitb14_l5_g1.00e-03,dinov2_vitb14,blocks.4,1.00e-03,231,64.40631527727272,64.40631527727272,64.40631527727272,1.0
MMDpt_dinov2_vitb14_l5_g1.00e-03,dinov2_vitb14,blocks.4,1.00e-03,232,64.56676404090909,64.56676404090909,64.56676404090909,1.0
MMDpt_dinov2_vitb14_l5_g1.00e-03,dinov2_vitb14,blocks.4,1.00e-03,233,64.70266141363636,64.70266141363636,64.70266141363636,1.0
MMDpt_dinov2_vitb14_l5_g1.00e-03,dinov2_vitb14,blocks.4,1.00e-03,234,64.83579067045456,64.83579067045456,64.83579067045456,1.0
MMDpt_dinov2_vitb14_l5_g1.00e-03,dinov2_vitb14,blocks.4,1.00e-03,235,64.88276691590909,64.88276691590909,64.88276691590909,1.0
MMDpt_dinov2_vitb14_l5_g1.00e-03,dinov2_vitb14,blocks.4,1.00e-03,236,64.91428311818181,64.91428311818181,64.91428311818181,1.0
MMDpt_dinov2_vitb14_l5_g1.00e-03,dinov2_vitb14,blocks.4,1.00e-03,237,64.99876317727272,64.99876317727272,64.99876317727272,1.0
MMDpt_dinov2_vitb14_l5_g1.00e-03,dinov2_vitb14,blocks.4,1.00e-03,238,65.11283459954545,65.11283459954545,65.11283459954545,1.0
MMDpt_dinov2_vitb14_l5_g1.00e-03,dinov2_vitb14,blocks.4,1.00e-03,239,65.12859398045454,65.12859398045454,65.12859398045454,1.0
MMDpt_dinov2_vitb14_l5_g1.00e-03,dinov2_vitb14,blocks.4,1.00e-03,240,65.15700578272727,65.15700578272727,65.15700578272727,1.0
MMDpt_dinov2_vitb14_l5_g1.00e-03,dinov2_vitb14,blocks.4,1.00e-03,241,65.26560826818182,65.26560826818182,65.26560826818182,1.0
MMDpt_dinov2_vitb14_l5_g1.00e-03,dinov2_vitb14,blocks.4,1.00e-03,242,65.49862164545455,65.49862164545455,65.49862164545455,1.0
MMDpt_dinov2_vitb14_l5_g1.00e-03,dinov2_vitb14,blocks.4,1.00e-03,243,65.58085287863636,65.58085287863636,65.58085287863636,1.0
MMDpt_dinov2_vitb14_l5_g1.00e-03,dinov2_vitb14,blocks.4,1.00e-03,244,65.74797291818182,65.74797291818182,65.74797291818182,1.0
MMDpt_dinov2_vitb14_l5_g1.00e-03,dinov2_vitb14,blocks.4,1.00e-03,245,65.77319434545456,65.77319434545456,65.77319434545456,1.0
MMDpt_dinov2_vitb14_l5_g1.00e-03,dinov2_vitb14,blocks.4,1.00e-03,246,65.79643795909091,65.79643795909091,65.79643795909091,1.0
MMDpt_dinov2_vitb14_l5_g1.00e-03,dinov2_vitb14,blocks.4,1.00e-03,247,65.90152255454545,65.90152255454545,65.90152255454545,1.0
MMDpt_dinov2_vitb14_l5_g1.00e-03,dinov2_vitb14,blocks.4,1.00e-03,248,66.06104215454546,66.06104215454546,66.06104215454546,1.0
MMDpt_dinov2_vitb14_l5_g1.00e-03,dinov2_vitb14,blocks.4,1.00e-03,249,66.34667021363636,66.34667021363636,66.34667021363636,1.0
MMDpt_dinov2_vitb14_l5_g1.00e-03,dinov2_vitb14,blocks.4,1.00e-03,250,66.41367993636364,66.41367993636364,66.41367993636364,1.0
MMDpt_dinov2_vitb14_l5_g1.00e-03,dinov2_vitb14,blocks.4,1.00e-03,251,66.49486482500001,66.49486482500001,66.49486482500001,1.0
MMDpt_dinov2_vitb14_l5_g1.00e-03,dinov2_vitb14,blocks.4,1.00e-03,252,66.57540134545455,66.57540134545455,66.57540134545455,1.0
MMDpt_dinov2_vitb14_l5_g1.00e-03,dinov2_vitb14,blocks.4,1.00e-03,253,66.64770191772728,66.64770191772728,66.64770191772728,1.0
MMDpt_dinov2_vitb14_l5_g1.00e-03,dinov2_vitb14,blocks.4,1.00e-03,254,66.69631712272727,66.69631712272727,66.69631712272727,1.0
MMDpt_dinov2_vitb14_l5_g1.00e-03,dinov2_vitb14,blocks.4,1.00e-03,255,66.69915260454546,66.69915260454546,66.69915260454546,1.0
MMDpt_dinov2_vitb14_l5_g1.00e-03,dinov2_vitb14,blocks.4,1.00e-03,256,66.84640655909091,66.84640655909091,66.84640655909091,1.0
MMDpt_dinov2_vitb14_l5_g1.00e-03,dinov2_vitb14,blocks.4,1.00e-03,257,66.92138232272727,66.92138232272727,66.92138232272727,1.0
MMDpt_dinov2_vitb14_l5_g1.00e-03,dinov2_vitb14,blocks.4,1.00e-03,258,67.1600262,67.1600262,67.1600262,1.0
MMDpt_dinov2_vitb14_l5_g1.00e-03,dinov2_vitb14,blocks.4,1.00e-03,259,67.24224864545455,67.24224864545455,67.24224864545455,1.0
MMDpt_dinov2_vitb14_l5_g1.00e-03,dinov2_vitb14,blocks.4,1.00e-03,260,67.33497136227273,67.33497136227273,67.33497136227273,1.0
MMDpt_dinov2_vitb14_l5_g1.00e-03,dinov2_vitb14,blocks.4,1.00e-03,261,67.50431248636363,67.50431248636363,67.50431248636363,1.0
MMDpt_dinov2_vitb14_l5_g1.00e-03,dinov2_vitb14,blocks.4,1.00e-03,262,67.65232870272727,67.65232870272727,67.65232870272727,1.0
MMDpt_dinov2_vitb14_l5_g1.00e-03,dinov2_vitb14,blocks.4,1.00e-03,263,67.78208407272727,67.78208407272727,67.78208407272727,1.0
MMDpt_dinov2_vitb14_l5_g1.00e-03,dinov2_vitb14,blocks.4,1.00e-03,264,67.84529925,67.84529925,67.84529925,1.0
MMDpt_dinov2_vitb14_l5_g1.00e-03,dinov2_vitb14,blocks.4,1.00e-03,265,67.89158320909091,67.89158320909091,67.89158320909091,1.0
MMDpt_dinov2_vitb14_l5_g1.00e-03,dinov2_vitb14,blocks.4,1.00e-03,266,67.98637594090908,67.98637594090908,67.98637594090908,1.0
MMDpt_dinov2_vitb14_l5_g1.00e-03,dinov2_vitb14,blocks.4,1.00e-03,267,68.0851692090909,68.0851692090909,68.0851692090909,1.0
MMDpt_dinov2_vitb14_l5_g1.00e-03,dinov2_vitb14,blocks.4,1.00e-03,268,68.12695885,68.12695885,68.12695885,1.0
MMDpt_dinov2_vitb14_l5_g1.00e-03,dinov2_vitb14,blocks.4,1.00e-03,269,68.2302839,68.2302839,68.2302839,1.0
MMDpt_dinov2_vitb14_l5_g1.00e-03,dinov2_vitb14,blocks.4,1.00e-03,270,68.23565684545454,68.23565684545454,68.23565684545454,1.0
MMDpt_dinov2_vitb14_l5_g1.00e-03,dinov2_vitb14,blocks.4,1.00e-03,271,68.26595938409092,68.26595938409092,68.26595938409092,1.0
MMDpt_dinov2_vitb14_l5_g1.00e-03,dinov2_vitb14,blocks.4,1.00e-03,272,68.27114585318182,68.27114585318182,68.27114585318182,1.0
MMDpt_dinov2_vitb14_l5_g1.00e-03,dinov2_vitb14,blocks.4,1.00e-03,273,68.32032611363637,68.32032611363637,68.32032611363637,1.0
MMDpt_dinov2_vitb14_l5_g1.00e-03,dinov2_vitb14,blocks.4,1.00e-03,274,68.38830778636363,68.38830778636363,68.38830778636363,1.0
MMDpt_dinov2_vitb14_l5_g1.00e-03,dinov2_vitb14,blocks.4,1.00e-03,275,68.41746199090909,68.41746199090909,68.41746199090909,1.0
MMDpt_dinov2_vitb14_l5_g1.00e-03,dinov2_vitb14,blocks.4,1.00e-03,276,68.46063733181818,68.46063733181818,68.46063733181818,1.0
MMDpt_dinov2_vitb14_l5_g1.00e-03,dinov2_vitb14,blocks.4,1.00e-03,277,68.46664887727273,68.46664887727273,68.46664887727273,1.0
MMDpt_dinov2_vitb14_l5_g1.00e-03,dinov2_vitb14,blocks.4,1.00e-03,278,68.47213741363636,68.47213741363636,68.47213741363636,1.0
MMDpt_dinov2_vitb14_l5_g1.00e-03,dinov2_vitb14,blocks.4,1.00e-03,279,68.93374281227273,68.93374281227273,68.93374281227273,1.0
MMDpt_dinov2_vitb14_l5_g1.00e-03,dinov2_vitb14,blocks.4,1.00e-03,280,69.04567613727274,69.04567613727274,69.04567613727274,1.0
MMDpt_dinov2_vitb14_l5_g1.00e-03,dinov2_vitb14,blocks.4,1.00e-03,281,69.05974111818182,69.05974111818182,69.05974111818182,1.0
MMDpt_dinov2_vitb14_l5_g1.00e-03,dinov2_vitb14,blocks.4,1.00e-03,282,69.09219679545454,69.09219679545454,69.09219679545454,1.0
MMDpt_dinov2_vitb14_l5_g1.00e-03,dinov2_vitb14,blocks.4,1.00e-03,283,69.09712682727273,69.09712682727273,69.09712682727273,1.0
MMDpt_dinov2_vitb14_l5_g1.00e-03,dinov2_vitb14,blocks.4,1.00e-03,284,69.10091421363637,69.10091421363637,69.10091421363637,1.0
MMDpt_dinov2_vitb14_l5_g1.00e-03,dinov2_vitb14,blocks.4,1.00e-03,285,69.10780212727273,69.10780212727273,69.10780212727273,1.0
MMDpt_dinov2_vitb14_l5_g1.00e-03,dinov2_vitb14,blocks.4,1.00e-03,286,69.12065298636364,69.12065298636364,69.12065298636364,1.0
MMDpt_dinov2_vitb14_l5_g1.00e-03,dinov2_vitb14,blocks.4,1.00e-03,287,69.18059698636364,69.18059698636364,69.18059698636364,1.0
MMDpt_dinov2_vitb14_l5_g1.00e-03,dinov2_vitb14,blocks.4,1.00e-03,288,69.23367816363636,69.23367816363636,69.23367816363636,1.0
MMDpt_dinov2_vitb14_l5_g1.00e-03,dinov2_vitb14,blocks.4,1.00e-03,289,69.2644266,69.2644266,69.2644266,1.0
MMDpt_dinov2_vitb14_l5_g1.00e-03,dinov2_vitb14,blocks.4,1.00e-03,290,69.35791935818182,69.35791935818182,69.35791935818182,1.0
MMDpt_dinov2_vitb14_l5_g1.00e-03,dinov2_vitb14,blocks.4,1.00e-03,291,69.61843814545455,69.61843814545455,69.61843814545455,1.0
MMDpt_dinov2_vitb14_l5_g1.00e-03,dinov2_vitb14,blocks.4,1.00e-03,292,69.80519480454545,69.80519480454545,69.80519480454545,1.0
MMDpt_dinov2_vitb14_l5_g1.00e-03,dinov2_vitb14,blocks.4,1.00e-03,293,69.8553488,69.8553488,69.8553488,1.0
MMDpt_dinov2_vitb14_l5_g1.00e-03,dinov2_vitb14,blocks.4,1.00e-03,294,69.88728480909091,69.88728480909091,69.88728480909091,1.0
MMDpt_dinov2_vitb14_l5_g1.00e-03,dinov2_vitb14,blocks.4,1.00e-03,295,69.97248817863637,69.97248817863637,69.97248817863637,1.0
MMDpt_dinov2_vitb14_l5_g1.00e-03,dinov2_vitb14,blocks.4,1.00e-03,296,70.05721009181819,70.05721009181819,70.05721009181819,1.0
MMDpt_dinov2_vitb14_l5_g1.00e-03,dinov2_vitb14,blocks.4,1.00e-03,297,70.14929492727272,70.14929492727272,70.14929492727272,1.0
MMDpt_dinov2_vitb14_l5_g1.00e-03,dinov2_vitb14,blocks.4,1.00e-03,298,70.15787111818182,70.15787111818182,70.15787111818182,1.0
MMDpt_dinov2_vitb14_l5_g1.00e-03,dinov2_vitb14,blocks.4,1.00e-03,299,70.16147875909091,70.16147875909091,70.16147875909091,1.0
MMDpt_dinov2_vitb14_l5_g1.00e-03,dinov2_vitb14,blocks.4,1.00e-03,300,70.20511073181818,70.20511073181818,70.20511073181818,1.0
MMDpt_dinov2_vitb14_l5_g1.00e-03,dinov2_vitb14,blocks.4,1.00e-03,301,70.32331571818182,70.32331571818182,70.32331571818182,1.0
MMDpt_dinov2_vitb14_l5_g1.00e-03,dinov2_vitb14,blocks.4,1.00e-03,302,70.37705808636363,70.37705808636363,70.37705808636363,1.0
MMDpt_dinov2_vitb14_l5_g1.00e-03,dinov2_vitb14,blocks.4,1.00e-03,303,70.399005675,70.399005675,70.399005675,1.0
MMDpt_dinov2_vitb14_l5_g1.00e-03,dinov2_vitb14,blocks.4,1.00e-03,304,70.50181075318181,70.50181075318181,70.50181075318181,1.0
MMDpt_dinov2_vitb14_l5_g1.00e-03,dinov2_vitb14,blocks.4,1.00e-03,305,70.6102672090909,70.6102672090909,70.6102672090909,1.0
MMDpt_dinov2_vitb14_l5_g1.00e-03,dinov2_vitb14,blocks.4,1.00e-03,306,70.7436578590909,70.7436578590909,70.7436578590909,1.0
MMDpt_dinov2_vitb14_l5_g1.00e-03,dinov2_vitb14,blocks.4,1.00e-03,307,70.83137117272727,70.83137117272727,70.83137117272727,1.0
MMDpt_dinov2_vitb14_l5_g1.00e-03,dinov2_vitb14,blocks.4,1.00e-03,308,70.8352099,70.8352099,70.8352099,1.0
MMDpt_dinov2_vitb14_l5_g1.00e-03,dinov2_vitb14,blocks.4,1.00e-03,309,70.84563281363636,70.84563281363636,70.84563281363636,1.0
MMDpt_dinov2_vitb14_l5_g1.00e-03,dinov2_vitb14,blocks.4,1.00e-03,310,70.86294127272727,70.86294127272727,70.86294127272727,1.0
MMDpt_dinov2_vitb14_l5_g1.00e-03,dinov2_vitb14,blocks.4,1.00e-03,311,70.88488886772727,70.88488886772727,70.88488886772727,1.0
MMDpt_dinov2_vitb14_l5_g1.00e-03,dinov2_vitb14,blocks.4,1.00e-03,312,70.94146290454545,70.94146290454545,70.94146290454545,1.0
MMDpt_dinov2_vitb14_l5_g1.00e-03,dinov2_vitb14,blocks.4,1.00e-03,313,71.03486937272727,71.03486937272727,71.03486937272727,1.0
MMDpt_dinov2_vitb14_l5_g1.00e-03,dinov2_vitb14,blocks.4,1.00e-03,314,71.06114357272727,71.06114357272727,71.06114357272727,1.0
MMDpt_dinov2_vitb14_l5_g1.00e-03,dinov2_vitb14,blocks.4,1.00e-03,315,71.16676672727273,71.16676672727273,71.16676672727273,1.0
MMDpt_dinov2_vitb14_l5_g1.00e-03,dinov2_vitb14,blocks.4,1.00e-03,316,71.17873871818182,71.17873871818182,71.17873871818182,1.0
MMDpt_dinov2_vitb14_l5_g1.00e-03,dinov2_vitb14,blocks.4,1.00e-03,317,71.2066498259091,71.2066498259091,71.2066498259091,1.0
MMDpt_dinov2_vitb14_l5_g1.00e-03,dinov2_vitb14,blocks.4,1.00e-03,318,71.25545576818182,71.25545576818182,71.25545576818182,1.0
MMDpt_dinov2_vitb14_l5_g1.00e-03,dinov2_vitb14,blocks.4,1.00e-03,319,71.3174982909091,71.3174982909091,71.3174982909091,1.0
MMDpt_dinov2_vitb14_l5_g1.00e-03,dinov2_vitb14,blocks.4,1.00e-03,320,71.36296618181818,71.36296618181818,71.36296618181818,1.0
MMDpt_dinov2_vitb14_l5_g1.00e-03,dinov2_vitb14,blocks.4,1.00e-03,321,71.46931471818182,71.46931471818182,71.46931471818182,1.0
MMDpt_dinov2_vitb14_l5_g1.00e-03,dinov2_vitb14,blocks.4,1.00e-03,322,71.72297334090909,71.72297334090909,71.72297334090909,1.0
MMDpt_dinov2_vitb14_l5_g1.00e-03,dinov2_vitb14,blocks.4,1.00e-03,323,71.90808025909091,71.90808025909091,71.90808025909091,1.0
MMDpt_dinov2_vitb14_l5_g1.00e-03,dinov2_vitb14,blocks.4,1.00e-03,324,71.99829709090909,71.99829709090909,71.99829709090909,1.0
MMDpt_dinov2_vitb14_l5_g1.00e-03,dinov2_vitb14,blocks.4,1.00e-03,325,72.09644175681818,72.09644175681818,72.09644175681818,1.0
MMDpt_dinov2_vitb14_l5_g1.00e-03,dinov2_vitb14,blocks.4,1.00e-03,326,72.15469048045455,72.15469048045455,72.15469048045455,1.0
MMDpt_dinov2_vitb14_l5_g1.00e-03,dinov2_vitb14,blocks.4,1.00e-03,327,72.16259906363636,72.16259906363636,72.16259906363636,1.0
MMDpt_dinov2_vitb14_l5_g1.00e-03,dinov2_vitb14,blocks.4,1.00e-03,328,72.25012620454545,72.25012620454545,72.25012620454545,1.0
MMDpt_dinov2_vitb14_l5_g1.00e-03,dinov2_vitb14,blocks.4,1.00e-03,329,72.32991709090909,72.32991709090909,72.32991709090909,1.0
MMDpt_dinov2_vitb14_l5_g1.00e-03,dinov2_vitb14,blocks.4,1.00e-03,330,72.3529890590909,72.3529890590909,72.3529890590909,1.0
MMDpt_dinov2_vitb14_l5_g1.00e-03,dinov2_vitb14,blocks.4,1.00e-03,331,72.35690482818183,72.35690482818183,72.35690482818183,1.0
MMDpt_dinov2_vitb14_l5_g1.00e-03,dinov2_vitb14,blocks.4,1.00e-03,332,72.45495321363636,72.45495321363636,72.45495321363636,1.0
MMDpt_dinov2_vitb14_l5_g1.00e-03,dinov2_vitb14,blocks.4,1.00e-03,333,72.62635492727273,72.62635492727273,72.62635492727273,1.0
MMDpt_dinov2_vitb14_l5_g1.00e-03,dinov2_vitb14,blocks.4,1.00e-03,334,72.63195748181819,72.63195748181819,72.63195748181819,1.0
MMDpt_dinov2_vitb14_l5_g1.00e-03,dinov2_vitb14,blocks.4,1.00e-03,335,72.83995069636363,72.83995069636363,72.83995069636363,1.0
MMDpt_dinov2_vitb14_l5_g1.00e-03,dinov2_vitb14,blocks.4,1.00e-03,336,72.89617321363636,72.89617321363636,72.89617321363636,1.0
MMDpt_dinov2_vitb14_l5_g1.00e-03,dinov2_vitb14,blocks.4,1.00e-03,337,73.03390340545455,73.03390340545455,73.03390340545455,1.0
MMDpt_dinov2_vitb14_l5_g1.00e-03,dinov2_vitb14,blocks.4,1.00e-03,338,73.11911989545455,73.11911989545455,73.11911989545455,1.0
MMDpt_dinov2_vitb14_l5_g1.00e-03,dinov2_vitb14,blocks.4,1.00e-03,339,73.13833258181818,73.13833258181818,73.13833258181818,1.0
MMDpt_dinov2_vitb14_l5_g1.00e-03,dinov2_vitb14,blocks.4,1.00e-03,340,73.33471177272727,73.33471177272727,73.33471177272727,1.0
MMDpt_dinov2_vitb14_l5_g1.00e-03,dinov2_vitb14,blocks.4,1.00e-03,341,73.33981687045456,73.33981687045456,73.33981687045456,1.0
MMDpt_dinov2_vitb14_l5_g1.00e-03,dinov2_vitb14,blocks.4,1.00e-03,342,73.39854528636364,73.39854528636364,73.39854528636364,1.0
MMDpt_dinov2_vitb14_l5_g1.00e-03,dinov2_vitb14,blocks.4,1.00e-03,343,73.41015931818183,73.41015931818183,73.41015931818183,1.0
MMDpt_dinov2_vitb14_l5_g1.00e-03,dinov2_vitb14,blocks.4,1.00e-03,344,73.44266513181819,73.44266513181819,73.44266513181819,1.0
MMDpt_dinov2_vitb14_l5_g1.00e-03,dinov2_vitb14,blocks.4,1.00e-03,345,73.44619574090909,73.44619574090909,73.44619574090909,1.0
MMDpt_dinov2_vitb14_l5_g1.00e-03,dinov2_vitb14,blocks.4,1.00e-03,346,73.46868897499999,73.46868897499999,73.46868897499999,1.0
MMDpt_dinov2_vitb14_l5_g1.00e-03,dinov2_vitb14,blocks.4,1.00e-03,347,73.50964273636363,73.50964273636363,73.50964273636363,1.0
MMDpt_dinov2_vitb14_l5_g1.00e-03,dinov2_vitb14,blocks.4,1.00e-03,348,73.53120189545454,73.53120189545454,73.53120189545454,1.0
MMDpt_dinov2_vitb14_l5_g1.00e-03,dinov2_vitb14,blocks.4,1.00e-03,349,73.63946159545455,73.63946159545455,73.63946159545455,1.0
MMDpt_dinov2_vitb14_l5_g1.00e-03,dinov2_vitb14,blocks.4,1.00e-03,350,73.76844457272728,73.76844457272728,73.76844457272728,1.0
MMDpt_dinov2_vitb14_l5_g1.00e-03,dinov2_vitb14,blocks.4,1.00e-03,351,73.80118299272728,73.80118299272728,73.80118299272728,1.0
MMDpt_dinov2_vitb14_l5_g1.00e-03,dinov2_vitb14,blocks.4,1.00e-03,352,73.90576145,73.90576145,73.90576145,1.0
MMDpt_dinov2_vitb14_l5_g1.00e-03,dinov2_vitb14,blocks.4,1.00e-03,353,73.96756481363637,73.96756481363637,73.96756481363637,1.0
MMDpt_dinov2_vitb14_l5_g1.00e-03,dinov2_vitb14,blocks.4,1.00e-03,354,74.00717849454546,74.00717849454546,74.00717849454546,1.0
MMDpt_dinov2_vitb14_l5_g1.00e-03,dinov2_vitb14,blocks.4,1.00e-03,355,74.01135728181818,74.01135728181818,74.01135728181818,1.0
MMDpt_dinov2_vitb14_l5_g1.00e-03,dinov2_vitb14,blocks.4,1.00e-03,356,74.05095793636363,74.05095793636363,74.05095793636363,1.0
MMDpt_dinov2_vitb14_l5_g1.00e-03,dinov2_vitb14,blocks.4,1.00e-03,357,74.05302495909092,74.05302495909092,74.05302495909092,1.0
MMDpt_dinov2_vitb14_l5_g1.00e-03,dinov2_vitb14,blocks.4,1.00e-03,358,74.20412883636364,74.20412883636364,74.20412883636364,1.0
MMDpt_dinov2_vitb14_l5_g1.00e-03,dinov2_vitb14,blocks.4,1.00e-03,359,74.32802774090909,74.32802774090909,74.32802774090909,1.0
MMDpt_dinov2_vitb14_l5_g1.00e-03,dinov2_vitb14,blocks.4,1.00e-03,360,74.38583995454546,74.38583995454546,74.38583995454546,1.0
MMDpt_dinov2_vitb14_l5_g1.00e-03,dinov2_vitb14,blocks.4,1.00e-03,361,74.46433656818182,74.46433656818182,74.46433656818182,1.0
MMDpt_dinov2_vitb14_l5_g1.00e-03,dinov2_vitb14,blocks.4,1.00e-03,362,74.52572066363636,74.52572066363636,74.52572066363636,1.0
MMDpt_dinov2_vitb14_l5_g1.00e-03,dinov2_vitb14,blocks.4,1.00e-03,363,74.86437946363637,74.86437946363637,74.86437946363637,1.0
MMDpt_dinov2_vitb14_l5_g1.00e-03,dinov2_vitb14,blocks.4,1.00e-03,364,74.89747095909091,74.89747095909091,74.89747095909091,1.0
MMDpt_dinov2_vitb14_l5_g1.00e-03,dinov2_vitb14,blocks.4,1.00e-03,365,74.9084351090909,74.9084351090909,74.9084351090909,1.0
MMDpt_dinov2_vitb14_l5_g1.00e-03,dinov2_vitb14,blocks.4,1.00e-03,366,75.02020153181819,75.02020153181819,75.02020153181819,1.0
MMDpt_dinov2_vitb14_l5_g1.00e-03,dinov2_vitb14,blocks.4,1.00e-03,367,75.04613550454546,75.04613550454546,75.04613550454546,1.0
MMDpt_dinov2_vitb14_l5_g1.00e-03,dinov2_vitb14,blocks.4,1.00e-03,368,75.04910765454545,75.04910765454545,75.04910765454545,1.0
MMDpt_dinov2_vitb14_l5_g1.00e-03,dinov2_vitb14,blocks.4,1.00e-03,369,75.04911406363637,75.04911406363637,75.04911406363637,1.0
MMDpt_dinov2_vitb14_l5_g1.00e-03,dinov2_vitb14,blocks.4,1.00e-03,370,75.14242499545455,75.14242499545455,75.14242499545455,1.0
MMDpt_dinov2_vitb14_l5_g1.00e-03,dinov2_vitb14,blocks.4,1.00e-03,371,75.14524949545454,75.14524949545454,75.14524949545454,1.0
MMDpt_dinov2_vitb14_l5_g1.00e-03,dinov2_vitb14,blocks.4,1.00e-03,372,75.21942449545455,75.21942449545455,75.21942449545455,1.0
MMDpt_dinov2_vitb14_l5_g1.00e-03,dinov2_vitb14,blocks.4,1.00e-03,373,75.2494860690909,75.2494860690909,75.2494860690909,1.0
MMDpt_dinov2_vitb14_l5_g1.00e-03,dinov2_vitb14,blocks.4,1.00e-03,374,75.29101026818182,75.29101026818182,75.29101026818182,1.0
MMDpt_dinov2_vitb14_l5_g1.00e-03,dinov2_vitb14,blocks.4,1.00e-03,375,75.30463428181818,75.30463428181818,75.30463428181818,1.0
MMDpt_dinov2_vitb14_l5_g1.00e-03,dinov2_vitb14,blocks.4,1.00e-03,376,75.35053226363635,75.35053226363635,75.35053226363635,1.0
MMDpt_dinov2_vitb14_l5_g1.00e-03,dinov2_vitb14,blocks.4,1.00e-03,377,75.358434425,75.358434425,75.358434425,1.0
MMDpt_dinov2_vitb14_l5_g1.00e-03,dinov2_vitb14,blocks.4,1.00e-03,378,75.4765098,75.4765098,75.4765098,1.0
MMDpt_dinov2_vitb14_l5_g1.00e-03,dinov2_vitb14,blocks.4,1.00e-03,379,75.48288537727272,75.48288537727272,75.48288537727272,1.0
MMDpt_dinov2_vitb14_l5_g1.00e-03,dinov2_vitb14,blocks.4,1.00e-03,380,75.54217925454545,75.54217925454545,75.54217925454545,1.0
MMDpt_dinov2_vitb14_l5_g1.00e-03,dinov2_vitb14,blocks.4,1.00e-03,381,75.65154605454546,75.65154605454546,75.65154605454546,1.0
MMDpt_dinov2_vitb14_l5_g1.00e-03,dinov2_vitb14,blocks.4,1.00e-03,382,75.68111334545455,75.68111334545455,75.68111334545455,1.0
MMDpt_dinov2_vitb14_l5_g1.00e-03,dinov2_vitb14,blocks.4,1.00e-03,383,75.77031593636364,75.77031593636364,75.77031593636364,1.0
MMDpt_dinov2_vitb14_l5_g1.00e-03,dinov2_vitb14,blocks.4,1.00e-03,384,75.78166525454546,75.78166525454546,75.78166525454546,1.0
MMDpt_dinov2_vitb14_l5_g1.00e-03,dinov2_vitb14,blocks.4,1.00e-03,385,75.79512009954546,75.79512009954546,75.79512009954546,1.0
MMDpt_dinov2_vitb14_l5_g1.00e-03,dinov2_vitb14,blocks.4,1.00e-03,386,75.84170493636363,75.84170493636363,75.84170493636363,1.0
MMDpt_dinov2_vitb14_l5_g1.00e-03,dinov2_vitb14,blocks.4,1.00e-03,387,75.84312428636363,75.84312428636363,75.84312428636363,1.0
MMDpt_dinov2_vitb14_l5_g1.00e-03,dinov2_vitb14,blocks.4,1.00e-03,388,76.02107943636364,76.02107943636364,76.02107943636364,1.0
MMDpt_dinov2_vitb14_l5_g1.00e-03,dinov2_vitb14,blocks.4,1.00e-03,389,76.07231828181818,76.07231828181818,76.07231828181818,1.0
MMDpt_dinov2_vitb14_l5_g1.00e-03,dinov2_vitb14,blocks.4,1.00e-03,390,76.16321556363636,76.16321556363636,76.16321556363636,1.0
MMDpt_dinov2_vitb14_l5_g1.00e-03,dinov2_vitb14,blocks.4,1.00e-03,391,76.19598609272727,76.19598609272727,76.19598609272727,1.0
MMDpt_dinov2_vitb14_l5_g1.00e-03,dinov2_vitb14,blocks.4,1.00e-03,392,76.26727722727273,76.26727722727273,76.26727722727273,1.0
MMDpt_dinov2_vitb14_l5_g1.00e-03,dinov2_vitb14,blocks.4,1.00e-03,393,76.28929185454545,76.28929185454545,76.28929185454545,1.0
MMDpt_dinov2_vitb14_l5_g1.00e-03,dinov2_vitb14,blocks.4,1.00e-03,394,76.28997104545455,76.28997104545455,76.28997104545455,1.0
MMDpt_dinov2_vitb14_l5_g1.00e-03,dinov2_vitb14,blocks.4,1.00e-03,395,76.32376224090909,76.32376224090909,76.32376224090909,1.0
MMDpt_dinov2_vitb14_l5_g1.00e-03,dinov2_vitb14,blocks.4,1.00e-03,396,76.35414479090909,76.35414479090909,76.35414479090909,1.0
MMDpt_dinov2_vitb14_l5_g1.00e-03,dinov2_vitb14,blocks.4,1.00e-03,397,76.39021483181818,76.39021483181818,76.39021483181818,1.0
MMDpt_dinov2_vitb14_l5_g1.00e-03,dinov2_vitb14,blocks.4,1.00e-03,398,76.45241142272727,76.45241142272727,76.45241142272727,1.0
MMDpt_dinov2_vitb14_l5_g1.00e-03,dinov2_vitb14,blocks.4,1.00e-03,399,76.51437691681818,76.51437691681818,76.51437691681818,1.0
MMDpt_dinov2_vitb14_l5_g1.00e-03,dinov2_vitb14,blocks.4,1.00e-03,400,76.5471795409091,76.5471795409091,76.5471795409091,1.0
MMDpt_dinov2_vitb14_l5_g1.00e-03,dinov2_vitb14,blocks.4,1.00e-03,401,76.59774437272728,76.59774437272728,76.59774437272728,1.0
MMDpt_dinov2_vitb14_l5_g1.00e-03,dinov2_vitb14,blocks.4,1.00e-03,402,76.63823088636364,76.63823088636364,76.63823088636364,1.0
MMDpt_dinov2_vitb14_l5_g1.00e-03,dinov2_vitb14,blocks.4,1.00e-03,403,76.64452179545455,76.64452179545455,76.64452179545455,1.0
MMDpt_dinov2_vitb14_l5_g1.00e-03,dinov2_vitb14,blocks.4,1.00e-03,404,76.67493643727272,76.67493643727272,76.67493643727272,1.0
MMDpt_dinov2_vitb14_l5_g1.00e-03,dinov2_vitb14,blocks.4,1.00e-03,405,76.67586082272727,76.67586082272727,76.67586082272727,1.0
MMDpt_dinov2_vitb14_l5_g1.00e-03,dinov2_vitb14,blocks.4,1.00e-03,406,76.81212329090908,76.81212329090908,76.81212329090908,1.0
MMDpt_dinov2_vitb14_l5_g1.00e-03,dinov2_vitb14,blocks.4,1.00e-03,407,76.90558185454546,76.90558185454546,76.90558185454546,1.0
MMDpt_dinov2_vitb14_l5_g1.00e-03,dinov2_vitb14,blocks.4,1.00e-03,408,76.91644974545454,76.91644974545454,76.91644974545454,1.0
MMDpt_dinov2_vitb14_l5_g1.00e-03,dinov2_vitb14,blocks.4,1.00e-03,409,76.98329391227273,76.98329391227273,76.98329391227273,1.0
MMDpt_dinov2_vitb14_l5_g1.00e-03,dinov2_vitb14,blocks.4,1.00e-03,410,77.11547369545454,77.11547369545454,77.11547369545454,1.0
MMDpt_dinov2_vitb14_l5_g1.00e-03,dinov2_vitb14,blocks.4,1.00e-03,411,77.14402031818182,77.14402031818182,77.14402031818182,1.0
MMDpt_dinov2_vitb14_l5_g1.00e-03,dinov2_vitb14,blocks.4,1.00e-03,412,77.17084656363636,77.17084656363636,77.17084656363636,1.0
MMDpt_dinov2_vitb14_l5_g1.00e-03,dinov2_vitb14,blocks.4,1.00e-03,413,77.25877326818183,77.25877326818183,77.25877326818183,1.0
MMDpt_dinov2_vitb14_l5_g1.00e-03,dinov2_vitb14,blocks.4,1.00e-03,414,77.34552212272727,77.34552212272727,77.34552212272727,1.0
MMDpt_dinov2_vitb14_l5_g1.00e-03,dinov2_vitb14,blocks.4,1.00e-03,415,77.52582683636363,77.52582683636363,77.52582683636363,1.0
MMDpt_dinov2_vitb14_l5_g1.00e-03,dinov2_vitb14,blocks.4,1.00e-03,416,77.65479755863636,77.65479755863636,77.65479755863636,1.0
MMDpt_dinov2_vitb14_l5_g1.00e-03,dinov2_vitb14,blocks.4,1.00e-03,417,77.69959142727272,77.69959142727272,77.69959142727272,1.0
MMDpt_dinov2_vitb14_l5_g1.00e-03,dinov2_vitb14,blocks.4,1.00e-03,418,77.72501827727272,77.72501827727272,77.72501827727272,1.0
MMDpt_dinov2_vitb14_l5_g1.00e-03,dinov2_vitb14,blocks.4,1.00e-03,419,77.83570625,77.83570625,77.83570625,1.0
MMDpt_dinov2_vitb14_l5_g1.00e-03,dinov2_vitb14,blocks.4,1.00e-03,420,77.9733424409091,77.9733424409091,77.9733424409091,1.0
MMDpt_dinov2_vitb14_l5_g1.00e-03,dinov2_vitb14,blocks.4,1.00e-03,421,78.0566007590909,78.0566007590909,78.0566007590909,1.0
MMDpt_dinov2_vitb14_l5_g1.00e-03,dinov2_vitb14,blocks.4,1.00e-03,422,78.20425748181819,78.20425748181819,78.20425748181819,1.0
MMDpt_dinov2_vitb14_l5_g1.00e-03,dinov2_vitb14,blocks.4,1.00e-03,423,78.23482706363636,78.23482706363636,78.23482706363636,1.0
MMDpt_dinov2_vitb14_l5_g1.00e-03,dinov2_vitb14,blocks.4,1.00e-03,424,78.25971381363637,78.25971381363637,78.25971381363637,1.0
MMDpt_dinov2_vitb14_l5_g1.00e-03,dinov2_vitb14,blocks.4,1.00e-03,425,78.3483194,78.3483194,78.3483194,1.0
MMDpt_dinov2_vitb14_l5_g1.00e-03,dinov2_vitb14,blocks.4,1.00e-03,426,78.4185978909091,78.4185978909091,78.4185978909091,1.0
MMDpt_dinov2_vitb14_l5_g1.00e-03,dinov2_vitb14,blocks.4,1.00e-03,427,78.53980069090909,78.53980069090909,78.53980069090909,1.0
MMDpt_dinov2_vitb14_l5_g1.00e-03,dinov2_vitb14,blocks.4,1.00e-03,428,78.54177141363635,78.54177141363635,78.54177141363635,1.0
MMDpt_dinov2_vitb14_l5_g1.00e-03,dinov2_vitb14,blocks.4,1.00e-03,429,78.57485005,78.57485005,78.57485005,1.0
MMDpt_dinov2_vitb14_l5_g1.00e-03,dinov2_vitb14,blocks.4,1.00e-03,430,78.5853263609091,78.5853263609091,78.5853263609091,1.0
MMDpt_dinov2_vitb14_l5_g1.00e-03,dinov2_vitb14,blocks.4,1.00e-03,431,78.61859467727272,78.61859467727272,78.61859467727272,1.0
MMDpt_dinov2_vitb14_l5_g1.00e-03,dinov2_vitb14,blocks.4,1.00e-03,432,78.63007529545455,78.63007529545455,78.63007529545455,1.0
MMDpt_dinov2_vitb14_l5_g1.00e-03,dinov2_vitb14,blocks.4,1.00e-03,433,78.86957993181818,78.86957993181818,78.86957993181818,1.0
MMDpt_dinov2_vitb14_l5_g1.00e-03,dinov2_vitb14,blocks.4,1.00e-03,434,79.22077921818182,79.22077921818182,79.22077921818182,1.0
MMDpt_dinov2_vitb14_l5_g1.00e-03,dinov2_vitb14,blocks.4,1.00e-03,435,79.25695136818182,79.25695136818182,79.25695136818182,1.0
MMDpt_dinov2_vitb14_l5_g1.00e-03,dinov2_vitb14,blocks.4,1.00e-03,436,79.28284742727273,79.28284742727273,79.28284742727273,1.0
MMDpt_dinov2_vitb14_l5_g1.00e-03,dinov2_vitb14,blocks.4,1.00e-03,437,79.36729972727272,79.36729972727272,79.36729972727272,1.0
MMDpt_dinov2_vitb14_l5_g1.00e-03,dinov2_vitb14,blocks.4,1.00e-03,438,79.46781420454546,79.46781420454546,79.46781420454546,1.0
MMDpt_dinov2_vitb14_l5_g1.00e-03,dinov2_vitb14,blocks.4,1.00e-03,439,79.51125251363636,79.51125251363636,79.51125251363636,1.0
MMDpt_dinov2_vitb14_l5_g1.00e-03,dinov2_vitb14,blocks.4,1.00e-03,440,79.62850745318183,79.62850745318183,79.62850745318183,1.0
MMDpt_dinov2_vitb14_l5_g1.00e-03,dinov2_vitb14,blocks.4,1.00e-03,441,79.6499864090909,79.6499864090909,79.6499864090909,1.0
MMDpt_dinov2_vitb14_l5_g1.00e-03,dinov2_vitb14,blocks.4,1.00e-03,442,79.75645692727272,79.75645692727272,79.75645692727272,1.0
MMDpt_dinov2_vitb14_l5_g1.00e-03,dinov2_vitb14,blocks.4,1.00e-03,443,79.91532173636364,79.91532173636364,79.91532173636364,1.0
MMDpt_dinov2_vitb14_l5_g1.00e-03,dinov2_vitb14,blocks.4,1.00e-03,444,79.94757872272727,79.94757872272727,79.94757872272727,1.0
MMDpt_dinov2_vitb14_l5_g1.00e-03,dinov2_vitb14,blocks.4,1.00e-03,445,80.02392345454545,80.02392345454545,80.02392345454545,1.0
MMDpt_dinov2_vitb14_l5_g1.00e-03,dinov2_vitb14,blocks.4,1.00e-03,446,80.13685939999999,80.13685939999999,80.13685939999999,1.0
MMDpt_dinov2_vitb14_l5_g1.00e-03,dinov2_vitb14,blocks.4,1.00e-03,447,80.28660759545454,80.28660759545454,80.28660759545454,1.0
MMDpt_dinov2_vitb14_l5_g1.00e-03,dinov2_vitb14,blocks.4,1.00e-03,448,80.40461357272727,80.40461357272727,80.40461357272727,1.0
MMDpt_dinov2_vitb14_l5_g1.00e-03,dinov2_vitb14,blocks.4,1.00e-03,449,80.43965011363636,80.43965011363636,80.43965011363636,1.0
MMDpt_dinov2_vitb14_l5_g1.00e-03,dinov2_vitb14,blocks.4,1.00e-03,450,80.56802326363636,80.56802326363636,80.56802326363636,1.0
MMDpt_dinov2_vitb14_l5_g1.00e-03,dinov2_vitb14,blocks.4,1.00e-03,451,80.69563893636364,80.69563893636364,80.69563893636364,1.0
MMDpt_dinov2_vitb14_l5_g1.00e-03,dinov2_vitb14,blocks.4,1.00e-03,452,80.83871870454546,80.83871870454546,80.83871870454546,1.0
MMDpt_dinov2_vitb14_l5_g1.00e-03,dinov2_vitb14,blocks.4,1.00e-03,453,80.88731798181819,80.88731798181819,80.88731798181819,1.0
MMDpt_dinov2_vitb14_l5_g1.00e-03,dinov2_vitb14,blocks.4,1.00e-03,454,80.98601989090909,80.98601989090909,80.98601989090909,1.0
MMDpt_dinov2_vitb14_l5_g1.00e-03,dinov2_vitb14,blocks.4,1.00e-03,455,81.02786977272727,81.02786977272727,81.02786977272727,1.0
MMDpt_dinov2_vitb14_l5_g1.00e-03,dinov2_vitb14,blocks.4,1.00e-03,456,81.46314962272727,81.46314962272727,81.46314962272727,1.0
MMDpt_dinov2_vitb14_l5_g1.00e-03,dinov2_vitb14,blocks.4,1.00e-03,457,81.49191450454545,81.49191450454545,81.49191450454545,1.0
MMDpt_dinov2_vitb14_l5_g1.00e-03,dinov2_vitb14,blocks.4,1.00e-03,458,81.53910919545454,81.53910919545454,81.53910919545454,1.0
MMDpt_dinov2_vitb14_l5_g1.00e-03,dinov2_vitb14,blocks.4,1.00e-03,459,81.65584415909092,81.65584415909092,81.65584415909092,1.0
MMDpt_dinov2_vitb14_l5_g1.00e-03,dinov2_vitb14,blocks.4,1.00e-03,460,81.66778405000001,81.66778405000001,81.66778405000001,1.0
MMDpt_dinov2_vitb14_l5_g1.00e-03,dinov2_vitb14,blocks.4,1.00e-03,461,82.0783984909091,82.0783984909091,82.0783984909091,1.0
MMDpt_dinov2_vitb14_l5_g1.00e-03,dinov2_vitb14,blocks.4,1.00e-03,462,82.11143467727273,82.11143467727273,82.11143467727273,1.0
MMDpt_dinov2_vitb14_l5_g1.00e-03,dinov2_vitb14,blocks.4,1.00e-03,463,82.15394328181819,82.15394328181819,82.15394328181819,1.0
MMDpt_dinov2_vitb14_l5_g1.00e-03,dinov2_vitb14,blocks.4,1.00e-03,464,82.87086985,82.87086985,82.87086985,1.0
MMDpt_dinov2_vitb14_l5_g1.00e-03,dinov2_vitb14,blocks.4,1.00e-03,465,83.04785639090909,83.04785639090909,83.04785639090909,1.0
MMDpt_dinov2_vitb14_l5_g1.00e-03,dinov2_vitb14,blocks.4,1.00e-03,466,83.2706767,83.2706767,83.2706767,1.0
MMDpt_dinov2_vitb14_l5_g1.00e-03,dinov2_vitb14,blocks.4,1.00e-03,467,83.28013232272727,83.28013232272727,83.28013232272727,1.0
MMDpt_dinov2_vitb14_l5_g1.00e-03,dinov2_vitb14,blocks.4,1.00e-03,468,83.32162666818182,83.32162666818182,83.32162666818182,1.0
MMDpt_dinov2_vitb14_l5_g1.00e-03,dinov2_vitb14,blocks.4,1.00e-03,469,83.35334443181819,83.35334443181819,83.35334443181819,1.0
MMDpt_dinov2_vitb14_l5_g1.00e-03,dinov2_vitb14,blocks.4,1.00e-03,470,83.45792123636365,83.45792123636365,83.45792123636365,1.0
MMDpt_dinov2_vitb14_l5_g1.00e-03,dinov2_vitb14,blocks.4,1.00e-03,471,84.18152392727274,84.18152392727274,84.18152392727274,1.0
MMDpt_dinov2_vitb14_l5_g1.00e-03,dinov2_vitb14,blocks.4,1.00e-03,472,84.62887205909091,84.62887205909091,84.62887205909091,1.0
MMDpt_dinov2_vitb14_l5_g1.00e-03,dinov2_vitb14,blocks.4,1.00e-03,473,85.11071750454545,85.11071750454545,85.11071750454545,1.0
MMDpt_dinov2_vitb14_l5_g1.00e-03,dinov2_vitb14,blocks.4,1.00e-03,474,85.12217595454545,85.12217595454545,85.12217595454545,1.0
MMDpt_dinov2_vitb14_l5_g1.00e-03,dinov2_vitb14,blocks.4,1.00e-03,475,85.54109655454546,85.54109655454546,85.54109655454546,1.0
MMDpt_dinov2_vitb14_l5_g1.00e-03,dinov2_vitb14,blocks.4,1.00e-03,476,85.8163718359091,85.8163718359091,85.8163718359091,1.0
MMDpt_dinov2_vitb14_l5_g1.00e-03,dinov2_vitb14,blocks.4,1.00e-03,477,86.0069106,86.0069106,86.0069106,1.0
MMDpt_dinov2_vitb14_l5_g1.00e-03,dinov2_vitb14,blocks.4,1.00e-03,478,86.07828567272726,86.07828567272726,86.07828567272726,1.0
MMDpt_dinov2_vitb14_l5_g1.00e-03,dinov2_vitb14,blocks.4,1.00e-03,479,86.46879091363637,86.46879091363637,86.46879091363637,1.0
MMDpt_dinov2_vitb14_l5_g1.00e-03,dinov2_vitb14,blocks.4,1.00e-03,480,87.81027129545454,87.81027129545454,87.81027129545454,1.0
MMDpt_dinov2_vitb14_l5_gmedian,dinov2_vitb14,blocks.4,median,1,10.383351573636363,10.383351573636363,10.383351573636363,0.4558107852935791
MMDpt_dinov2_vitb14_l5_gmedian,dinov2_vitb14,blocks.4,median,2,11.237612673636363,11.237612673636363,11.237612673636363,0.5382695198059082
MMDpt_dinov2_vitb14_l5_gmedian,dinov2_vitb14,blocks.4,median,3,12.873956289545454,12.873956289545454,12.873956289545454,0.5941014289855957
MMDpt_dinov2_vitb14_l5_gmedian,dinov2_vitb14,blocks.4,median,4,13.852077771363637,13.852077771363637,13.852077771363637,0.38071906566619873
MMDpt_dinov2_vitb14_l5_gmedian,dinov2_vitb14,blocks.4,median,5,14.772021149545454,14.772021149545454,14.772021149545454,0.37037599086761475
MMDpt_dinov2_vitb14_l5_gmedian,dinov2_vitb14,blocks.4,median,6,15.774696462272727,15.774696462272727,15.774696462272727,0.7920818328857422
MMDpt_dinov2_vitb14_l5_gmedian,dinov2_vitb14,blocks.4,median,7,16.11136225,16.11136225,16.11136225,0.615186333656311
MMDpt_dinov2_vitb14_l5_gmedian,dinov2_vitb14,blocks.4,median,8,16.718538883636366,16.718538883636366,16.718538883636366,0.37700915336608887
MMDpt_dinov2_vitb14_l5_gmedian,dinov2_vitb14,blocks.4,median,9,16.83383592,16.83383592,16.83383592,0.3267019987106323
MMDpt_dinov2_vitb14_l5_gmedian,dinov2_vitb14,blocks.4,median,10,16.977602550909094,16.977602550909094,16.977602550909094,0.3385874032974243
MMDpt_dinov2_vitb14_l5_gmedian,dinov2_vitb14,blocks.4,median,11,17.128398308636363,17.128398308636363,17.128398308636363,0.4059915542602539
MMDpt_dinov2_vitb14_l5_gmedian,dinov2_vitb14,blocks.4,median,12,17.49981897681818,17.49981897681818,17.49981897681818,0.39523792266845703
MMDpt_dinov2_vitb14_l5_gmedian,dinov2_vitb14,blocks.4,median,13,18.01987185318182,18.01987185318182,18.01987185318182,0.4022834300994873
MMDpt_dinov2_vitb14_l5_gmedian,dinov2_vitb14,blocks.4,median,14,18.22368484818182,18.22368484818182,18.22368484818182,0.5100219249725342
MMDpt_dinov2_vitb14_l5_gmedian,dinov2_vitb14,blocks.4,median,15,18.40435578590909,18.40435578590909,18.40435578590909,0.41092467308044434
MMDpt_dinov2_vitb14_l5_gmedian,dinov2_vitb14,blocks.4,median,16,18.964998386363636,18.964998386363636,18.964998386363636,0.4215632677078247
MMDpt_dinov2_vitb14_l5_gmedian,dinov2_vitb14,blocks.4,median,17,19.531784013636365,19.531784013636365,19.531784013636365,0.34850144386291504
MMDpt_dinov2_vitb14_l5_gmedian,dinov2_vitb14,blocks.4,median,18,21.457911477272727,21.457911477272727,21.457911477272727,0.4115656614303589
MMDpt_dinov2_vitb14_l5_gmedian,dinov2_vitb14,blocks.4,median,19,22.164942098181818,22.164942098181818,22.164942098181818,0.41151654720306396
MMDpt_dinov2_vitb14_l5_gmedian,dinov2_vitb14,blocks.4,median,20,22.207954510454545,22.207954510454545,22.207954510454545,0.5999126434326172
MMDpt_dinov2_vitb14_l5_gmedian,dinov2_vitb14,blocks.4,median,21,22.336504287727273,22.336504287727273,22.336504287727273,0.33533740043640137
MMDpt_dinov2_vitb14_l5_gmedian,dinov2_vitb14,blocks.4,median,22,22.775860404545455,22.775860404545455,22.775860404545455,0.42426347732543945
MMDpt_dinov2_vitb14_l5_gmedian,dinov2_vitb14,blocks.4,median,23,23.03693973772727,23.03693973772727,23.03693973772727,0.3582582473754883
MMDpt_dinov2_vitb14_l5_gmedian,dinov2_vitb14,blocks.4,median,24,23.073138160909092,23.073138160909092,23.073138160909092,0.39600563049316406
MMDpt_dinov2_vitb14_l5_gmedian,dinov2_vitb14,blocks.4,median,25,23.859046570909094,23.859046570909094,23.859046570909094,0.5505954027175903
MMDpt_dinov2_vitb14_l5_gmedian,dinov2_vitb14,blocks.4,median,26,24.108436355454547,24.108436355454547,24.108436355454547,0.354120135307312
MMDpt_dinov2_vitb14_l5_gmedian,dinov2_vitb14,blocks.4,median,27,24.136628927727273,24.136628927727273,24.136628927727273,0.4312552213668823
MMDpt_dinov2_vitb14_l5_gmedian,dinov2_vitb14,blocks.4,median,28,24.706419758636365,24.706419758636365,24.706419758636365,0.4782717227935791
MMDpt_dinov2_vitb14_l5_gmedian,dinov2_vitb14,blocks.4,median,29,25.160939161363636,25.160939161363636,25.160939161363636,0.4478262662887573
MMDpt_dinov2_vitb14_l5_gmedian,dinov2_vitb14,blocks.4,median,30,25.272293834545454,25.272293834545454,25.272293834545454,0.29793989658355713
MMDpt_dinov2_vitb14_l5_gmedian,dinov2_vitb14,blocks.4,median,31,25.739496508636364,25.739496508636364,25.739496508636364,0.42718803882598877
MMDpt_dinov2_vitb14_l5_gmedian,dinov2_vitb14,blocks.4,median,32,26.08368123090909,26.08368123090909,26.08368123090909,0.4113447666168213
MMDpt_dinov2_vitb14_l5_gmedian,dinov2_vitb14,blocks.4,median,33,26.26193154681818,26.26193154681818,26.26193154681818,0.36918318271636963
MMDpt_dinov2_vitb14_l5_gmedian,dinov2_vitb14,blocks.4,median,34,26.29922768272727,26.29922768272727,26.29922768272727,0.3992741107940674
MMDpt_dinov2_vitb14_l5_gmedian,dinov2_vitb14,blocks.4,median,35,26.647243233181822,26.647243233181822,26.647243233181822,0.6312073469161987
MMDpt_dinov2_vitb14_l5_gmedian,dinov2_vitb14,blocks.4,median,36,26.80277036,26.80277036,26.80277036,0.3345797061920166
MMDpt_dinov2_vitb14_l5_gmedian,dinov2_vitb14,blocks.4,median,37,27.710613355454544,27.710613355454544,27.710613355454544,0.5366193056106567
MMDpt_dinov2_vitb14_l5_gmedian,dinov2_vitb14,blocks.4,median,38,27.723830698181818,27.723830698181818,27.723830698181818,0.3919304609298706
MMDpt_dinov2_vitb14_l5_gmedian,dinov2_vitb14,blocks.4,median,39,27.94224735681818,27.94224735681818,27.94224735681818,0.41117560863494873
MMDpt_dinov2_vitb14_l5_gmedian,dinov2_vitb14,blocks.4,median,40,28.008295531363636,28.008295531363636,28.008295531363636,0.4441392421722412
MMDpt_dinov2_vitb14_l5_gmedian,dinov2_vitb14,blocks.4,median,41,28.427649107272728,28.427649107272728,28.427649107272728,0.4093191623687744
MMDpt_dinov2_vitb14_l5_gmedian,dinov2_vitb14,blocks.4,median,42,28.610673086363636,28.610673086363636,28.610673086363636,0.4771904945373535
MMDpt_dinov2_vitb14_l5_gmedian,dinov2_vitb14,blocks.4,median,43,28.864666542727274,28.864666542727274,28.864666542727274,0.498996376991272
MMDpt_dinov2_vitb14_l5_gmedian,dinov2_vitb14,blocks.4,median,44,28.872480873181818,28.872480873181818,28.872480873181818,0.38589775562286377
MMDpt_dinov2_vitb14_l5_gmedian,dinov2_vitb14,blocks.4,median,45,29.867093540909092,29.867093540909092,29.867093540909092,0.8044808506965637
MMDpt_dinov2_vitb14_l5_gmedian,dinov2_vitb14,blocks.4,median,46,30.946254809545454,30.946254809545454,30.946254809545454,0.4374361038208008
MMDpt_dinov2_vitb14_l5_gmedian,dinov2_vitb14,blocks.4,median,47,31.113843444545456,31.113843444545456,31.113843444545456,0.4117051362991333
MMDpt_dinov2_vitb14_l5_gmedian,dinov2_vitb14,blocks.4,median,48,31.75240744409091,31.75240744409091,31.75240744409091,0.39332830905914307
MMDpt_dinov2_vitb14_l5_gmedian,dinov2_vitb14,blocks.4,median,49,31.962474827272725,31.962474827272725,31.962474827272725,0.31609129905700684
MMDpt_dinov2_vitb14_l5_gmedian,dinov2_vitb14,blocks.4,median,50,32.10326235227273,32.10326235227273,32.10326235227273,0.39626526832580566
MMDpt_dinov2_vitb14_l5_gmedian,dinov2_vitb14,blocks.4,median,51,32.57260997909091,32.57260997909091,32.57260997909091,0.3985198736190796
MMDpt_dinov2_vitb14_l5_gmedian,dinov2_vitb14,blocks.4,median,52,33.29309288772727,33.29309288772727,33.29309288772727,0.30252301692962646
MMDpt_dinov2_vitb14_l5_gmedian,dinov2_vitb14,blocks.4,median,53,33.63066458409091,33.63066458409091,33.63066458409091,0.4509918689727783
MMDpt_dinov2_vitb14_l5_gmedian,dinov2_vitb14,blocks.4,median,54,33.94931614045454,33.94931614045454,33.94931614045454,0.4017065763473511
MMDpt_dinov2_vitb14_l5_gmedian,dinov2_vitb14,blocks.4,median,55,34.254768114545456,34.254768114545456,34.254768114545456,0.42202091217041016
MMDpt_dinov2_vitb14_l5_gmedian,dinov2_vitb14,blocks.4,median,56,35.01583384090909,35.01583384090909,35.01583384090909,0.47225868701934814
MMDpt_dinov2_vitb14_l5_gmedian,dinov2_vitb14,blocks.4,median,57,35.61844186090909,35.61844186090909,35.61844186090909,0.384745717048645
MMDpt_dinov2_vitb14_l5_gmedian,dinov2_vitb14,blocks.4,median,58,36.50372615909091,36.50372615909091,36.50372615909091,0.4802117347717285
MMDpt_dinov2_vitb14_l5_gmedian,dinov2_vitb14,blocks.4,median,59,36.74721518909091,36.74721518909091,36.74721518909091,0.43317461013793945
MMDpt_dinov2_vitb14_l5_gmedian,dinov2_vitb14,blocks.4,median,60,37.183868766818186,37.183868766818186,37.183868766818186,0.4610973596572876
MMDpt_dinov2_vitb14_l5_gmedian,dinov2_vitb14,blocks.4,median,61,37.586910895,37.586910895,37.586910895,0.3682636022567749
MMDpt_dinov2_vitb14_l5_gmedian,dinov2_vitb14,blocks.4,median,62,37.90925234181818,37.90925234181818,37.90925234181818,0.3713245391845703
MMDpt_dinov2_vitb14_l5_gmedian,dinov2_vitb14,blocks.4,median,63,39.159607152727276,39.159607152727276,39.159607152727276,0.44160497188568115
MMDpt_dinov2_vitb14_l5_gmedian,dinov2_vitb14,blocks.4,median,64,39.16116855045455,39.16116855045455,39.16116855045455,0.531201958656311
MMDpt_dinov2_vitb14_l5_gmedian,dinov2_vitb14,blocks.4,median,65,39.50363207727273,39.50363207727273,39.50363207727273,0.42527246475219727
MMDpt_dinov2_vitb14_l5_gmedian,dinov2_vitb14,blocks.4,median,66,39.72578294681818,39.72578294681818,39.72578294681818,0.3488125801086426
MMDpt_dinov2_vitb14_l5_gmedian,dinov2_vitb14,blocks.4,median,67,40.10658689318182,40.10658689318182,40.10658689318182,0.4378852844238281
MMDpt_dinov2_vitb14_l5_gmedian,dinov2_vitb14,blocks.4,median,68,40.511631334545456,40.511631334545456,40.511631334545456,0.39140748977661133
MMDpt_dinov2_vitb14_l5_gmedian,dinov2_vitb14,blocks.4,median,69,41.22542756590909,41.22542756590909,41.22542756590909,0.4542287588119507
MMDpt_dinov2_vitb14_l5_gmedian,dinov2_vitb14,blocks.4,median,70,41.450596035,41.450596035,41.450596035,0.3557159900665283
MMDpt_dinov2_vitb14_l5_gmedian,dinov2_vitb14,blocks.4,median,71,41.606778884545456,41.606778884545456,41.606778884545456,0.3149491548538208
MMDpt_dinov2_vitb14_l5_gmedian,dinov2_vitb14,blocks.4,median,72,41.74143011090909,41.74143011090909,41.74143011090909,0.37987542152404785
MMDpt_dinov2_vitb14_l5_gmedian,dinov2_vitb14,blocks.4,median,73,42.27668356454546,42.27668356454546,42.27668356454546,0.3979231119155884
MMDpt_dinov2_vitb14_l5_gmedian,dinov2_vitb14,blocks.4,median,74,42.349748590454546,42.349748590454546,42.349748590454546,0.4226111173629761
MMDpt_dinov2_vitb14_l5_gmedian,dinov2_vitb14,blocks.4,median,75,42.93479045136364,42.93479045136364,42.93479045136364,0.4965554475784302
MMDpt_dinov2_vitb14_l5_gmedian,dinov2_vitb14,blocks.4,median,76,42.999259720454546,42.999259720454546,42.999259720454546,0.42211759090423584
MMDpt_dinov2_vitb14_l5_gmedian,dinov2_vitb14,blocks.4,median,77,43.14833512181818,43.14833512181818,43.14833512181818,0.4604755640029907
MMDpt_dinov2_vitb14_l5_gmedian,dinov2_vitb14,blocks.4,median,78,43.849900354999995,43.849900354999995,43.849900354999995,0.39471471309661865
MMDpt_dinov2_vitb14_l5_gmedian,dinov2_vitb14,blocks.4,median,79,44.24228326,44.24228326,44.24228326,0.3376047611236572
MMDpt_dinov2_vitb14_l5_gmedian,dinov2_vitb14,blocks.4,median,80,44.68483293727273,44.68483293727273,44.68483293727273,0.43615496158599854
MMDpt_dinov2_vitb14_l5_gmedian,dinov2_vitb14,blocks.4,median,81,45.014271393181815,45.014271393181815,45.014271393181815,0.32435595989227295
MMDpt_dinov2_vitb14_l5_gmedian,dinov2_vitb14,blocks.4,median,82,45.044897863636365,45.044897863636365,45.044897863636365,0.6119254231452942
MMDpt_dinov2_vitb14_l5_gmedian,dinov2_vitb14,blocks.4,median,83,45.242849799999995,45.242849799999995,45.242849799999995,0.36289656162261963
MMDpt_dinov2_vitb14_l5_gmedian,dinov2_vitb14,blocks.4,median,84,45.34376912590909,45.34376912590909,45.34376912590909,0.39399003982543945
MMDpt_dinov2_vitb14_l5_gmedian,dinov2_vitb14,blocks.4,median,85,45.44974382363636,45.44974382363636,45.44974382363636,0.4021860361099243
MMDpt_dinov2_vitb14_l5_gmedian,dinov2_vitb14,blocks.4,median,86,45.87703164136364,45.87703164136364,45.87703164136364,0.35324883460998535
MMDpt_dinov2_vitb14_l5_gmedian,dinov2_vitb14,blocks.4,median,87,46.05975058136364,46.05975058136364,46.05975058136364,0.4442412853240967
MMDpt_dinov2_vitb14_l5_gmedian,dinov2_vitb14,blocks.4,median,88,46.3385215,46.3385215,46.3385215,0.6054725646972656
MMDpt_dinov2_vitb14_l5_gmedian,dinov2_vitb14,blocks.4,median,89,46.461104443636366,46.461104443636366,46.461104443636366,0.3919590711593628
MMDpt_dinov2_vitb14_l5_gmedian,dinov2_vitb14,blocks.4,median,90,46.55172569545454,46.55172569545454,46.55172569545454,0.4333679676055908
MMDpt_dinov2_vitb14_l5_gmedian,dinov2_vitb14,blocks.4,median,91,46.63784059272727,46.63784059272727,46.63784059272727,0.3160994052886963
MMDpt_dinov2_vitb14_l5_gmedian,dinov2_vitb14,blocks.4,median,92,46.92503363227272,46.92503363227272,46.92503363227272,0.409018874168396
MMDpt_dinov2_vitb14_l5_gmedian,dinov2_vitb14,blocks.4,median,93,46.98420985,46.98420985,46.98420985,0.36009645462036133
MMDpt_dinov2_vitb14_l5_gmedian,dinov2_vitb14,blocks.4,median,94,47.05894020545455,47.05894020545455,47.05894020545455,0.3535977602005005
MMDpt_dinov2_vitb14_l5_gmedian,dinov2_vitb14,blocks.4,median,95,47.18393024863636,47.18393024863636,47.18393024863636,0.6061797738075256
MMDpt_dinov2_vitb14_l5_gmedian,dinov2_vitb14,blocks.4,median,96,47.45620903181818,47.45620903181818,47.45620903181818,0.3596682548522949
MMDpt_dinov2_vitb14_l5_gmedian,dinov2_vitb14,blocks.4,median,97,47.57944400681818,47.57944400681818,47.57944400681818,0.39584577083587646
MMDpt_dinov2_vitb14_l5_gmedian,dinov2_vitb14,blocks.4,median,98,47.68605184090909,47.68605184090909,47.68605184090909,0.27391719818115234
MMDpt_dinov2_vitb14_l5_gmedian,dinov2_vitb14,blocks.4,median,99,47.85413733318182,47.85413733318182,47.85413733318182,0.5207158327102661
MMDpt_dinov2_vitb14_l5_gmedian,dinov2_vitb14,blocks.4,median,100,47.997159330454544,47.997159330454544,47.997159330454544,0.3409460783004761
MMDpt_dinov2_vitb14_l5_gmedian,dinov2_vitb14,blocks.4,median,101,48.745656067727275,48.745656067727275,48.745656067727275,0.3818023204803467
MMDpt_dinov2_vitb14_l5_gmedian,dinov2_vitb14,blocks.4,median,102,48.974869975454546,48.974869975454546,48.974869975454546,0.34500443935394287
MMDpt_dinov2_vitb14_l5_gmedian,dinov2_vitb14,blocks.4,median,103,49.269933079999994,49.269933079999994,49.269933079999994,0.4464379549026489
MMDpt_dinov2_vitb14_l5_gmedian,dinov2_vitb14,blocks.4,median,104,49.50143869090909,49.50143869090909,49.50143869090909,0.3485032320022583
MMDpt_dinov2_vitb14_l5_gmedian,dinov2_vitb14,blocks.4,median,105,50.02686477227273,50.02686477227273,50.02686477227273,0.4114614725112915
MMDpt_dinov2_vitb14_l5_gmedian,dinov2_vitb14,blocks.4,median,106,50.24467801363637,50.24467801363637,50.24467801363637,0.41334259510040283
MMDpt_dinov2_vitb14_l5_gmedian,dinov2_vitb14,blocks.4,median,107,50.26601576545454,50.26601576545454,50.26601576545454,0.4252045154571533
MMDpt_dinov2_vitb14_l5_gmedian,dinov2_vitb14,blocks.4,median,108,50.287720933636365,50.287720933636365,50.287720933636365,0.44239652156829834
MMDpt_dinov2_vitb14_l5_gmedian,dinov2_vitb14,blocks.4,median,109,50.397065763181814,50.397065763181814,50.397065763181814,0.5030056238174438
MMDpt_dinov2_vitb14_l5_gmedian,dinov2_vitb14,blocks.4,median,110,50.44004938636363,50.44004938636363,50.44004938636363,0.5807760953903198
MMDpt_dinov2_vitb14_l5_gmedian,dinov2_vitb14,blocks.4,median,111,50.53053583909091,50.53053583909091,50.53053583909091,0.31171250343322754
MMDpt_dinov2_vitb14_l5_gmedian,dinov2_vitb14,blocks.4,median,112,50.744067415454545,50.744067415454545,50.744067415454545,0.32604527473449707
MMDpt_dinov2_vitb14_l5_gmedian,dinov2_vitb14,blocks.4,median,113,50.877768575909094,50.877768575909094,50.877768575909094,0.3534184694290161
MMDpt_dinov2_vitb14_l5_gmedian,dinov2_vitb14,blocks.4,median,114,50.952142585000004,50.952142585000004,50.952142585000004,0.4165576696395874
MMDpt_dinov2_vitb14_l5_gmedian,dinov2_vitb14,blocks.4,median,115,51.255980857727266,51.255980857727266,51.255980857727266,0.46975910663604736
MMDpt_dinov2_vitb14_l5_gmedian,dinov2_vitb14,blocks.4,median,116,51.47010300409091,51.47010300409091,51.47010300409091,0.39971983432769775
MMDpt_dinov2_vitb14_l5_gmedian,dinov2_vitb14,blocks.4,median,117,51.48649149727273,51.48649149727273,51.48649149727273,0.41582322120666504
MMDpt_dinov2_vitb14_l5_gmedian,dinov2_vitb14,blocks.4,median,118,51.49088870772727,51.49088870772727,51.49088870772727,0.3969639539718628
MMDpt_dinov2_vitb14_l5_gmedian,dinov2_vitb14,blocks.4,median,119,51.669473619090915,51.669473619090915,51.669473619090915,0.46634113788604736
MMDpt_dinov2_vitb14_l5_gmedian,dinov2_vitb14,blocks.4,median,120,51.78909724363636,51.78909724363636,51.78909724363636,0.611212968826294
MMDpt_dinov2_vitb14_l5_gmedian,dinov2_vitb14,blocks.4,median,121,51.85205774272727,51.85205774272727,51.85205774272727,0.3291592597961426
MMDpt_dinov2_vitb14_l5_gmedian,dinov2_vitb14,blocks.4,median,122,51.87800455454545,51.87800455454545,51.87800455454545,0.744987964630127
MMDpt_dinov2_vitb14_l5_gmedian,dinov2_vitb14,blocks.4,median,123,51.92553946363636,51.92553946363636,51.92553946363636,0.5179722309112549
MMDpt_dinov2_vitb14_l5_gmedian,dinov2_vitb14,blocks.4,median,124,52.00039339090909,52.00039339090909,52.00039339090909,0.3786427974700928
MMDpt_dinov2_vitb14_l5_gmedian,dinov2_vitb14,blocks.4,median,125,52.126720309090906,52.126720309090906,52.126720309090906,0.36939263343811035
MMDpt_dinov2_vitb14_l5_gmedian,dinov2_vitb14,blocks.4,median,126,52.30133809090909,52.30133809090909,52.30133809090909,0.3625732660293579
MMDpt_dinov2_vitb14_l5_gmedian,dinov2_vitb14,blocks.4,median,127,52.82782977227273,52.82782977227273,52.82782977227273,0.3910086154937744
MMDpt_dinov2_vitb14_l5_gmedian,dinov2_vitb14,blocks.4,median,128,52.94948191,52.94948191,52.94948191,0.3716665506362915
MMDpt_dinov2_vitb14_l5_gmedian,dinov2_vitb14,blocks.4,median,129,52.977303153181815,52.977303153181815,52.977303153181815,0.4705510139465332
MMDpt_dinov2_vitb14_l5_gmedian,dinov2_vitb14,blocks.4,median,130,53.02329102272727,53.02329102272727,53.02329102272727,0.5576658248901367
MMDpt_dinov2_vitb14_l5_gmedian,dinov2_vitb14,blocks.4,median,131,53.11169118954546,53.11169118954546,53.11169118954546,0.3982197046279907
MMDpt_dinov2_vitb14_l5_gmedian,dinov2_vitb14,blocks.4,median,132,53.15595768772727,53.15595768772727,53.15595768772727,0.37023425102233887
MMDpt_dinov2_vitb14_l5_gmedian,dinov2_vitb14,blocks.4,median,133,53.19575964181818,53.19575964181818,53.19575964181818,0.3916219472885132
MMDpt_dinov2_vitb14_l5_gmedian,dinov2_vitb14,blocks.4,median,134,53.738266159999995,53.738266159999995,53.738266159999995,0.49215686321258545
MMDpt_dinov2_vitb14_l5_gmedian,dinov2_vitb14,blocks.4,median,135,54.35688324090909,54.35688324090909,54.35688324090909,0.41978347301483154
MMDpt_dinov2_vitb14_l5_gmedian,dinov2_vitb14,blocks.4,median,136,54.43010616227273,54.43010616227273,54.43010616227273,0.4501451253890991
MMDpt_dinov2_vitb14_l5_gmedian,dinov2_vitb14,blocks.4,median,137,54.51598353272727,54.51598353272727,54.51598353272727,0.48462581634521484
MMDpt_dinov2_vitb14_l5_gmedian,dinov2_vitb14,blocks.4,median,138,54.63723127590909,54.63723127590909,54.63723127590909,0.39498984813690186
MMDpt_dinov2_vitb14_l5_gmedian,dinov2_vitb14,blocks.4,median,139,54.68535675181818,54.68535675181818,54.68535675181818,0.4181389808654785
MMDpt_dinov2_vitb14_l5_gmedian,dinov2_vitb14,blocks.4,median,140,54.72388539863636,54.72388539863636,54.72388539863636,0.43333888053894043
MMDpt_dinov2_vitb14_l5_gmedian,dinov2_vitb14,blocks.4,median,141,55.23867115454546,55.23867115454546,55.23867115454546,0.4162496328353882
MMDpt_dinov2_vitb14_l5_gmedian,dinov2_vitb14,blocks.4,median,142,55.2775563909091,55.2775563909091,55.2775563909091,0.5099368095397949
MMDpt_dinov2_vitb14_l5_gmedian,dinov2_vitb14,blocks.4,median,143,55.699695931818184,55.699695931818184,55.699695931818184,0.4224886894226074
MMDpt_dinov2_vitb14_l5_gmedian,dinov2_vitb14,blocks.4,median,144,55.80372709545455,55.80372709545455,55.80372709545455,0.47816145420074463
MMDpt_dinov2_vitb14_l5_gmedian,dinov2_vitb14,blocks.4,median,145,55.82518654818182,55.82518654818182,55.82518654818182,0.5368037223815918
MMDpt_dinov2_vitb14_l5_gmedian,dinov2_vitb14,blocks.4,median,146,56.236087309090905,56.236087309090905,56.236087309090905,0.4200979471206665
MMDpt_dinov2_vitb14_l5_gmedian,dinov2_vitb14,blocks.4,median,147,56.34353036818182,56.34353036818182,56.34353036818182,0.39478743076324463
MMDpt_dinov2_vitb14_l5_gmedian,dinov2_vitb14,blocks.4,median,148,56.343846956363635,56.343846956363635,56.343846956363635,0.5250711441040039
MMDpt_dinov2_vitb14_l5_gmedian,dinov2_vitb14,blocks.4,median,149,56.418747340909086,56.418747340909086,56.418747340909086,0.3464207649230957
MMDpt_dinov2_vitb14_l5_gmedian,dinov2_vitb14,blocks.4,median,150,56.4284854,56.4284854,56.4284854,0.6353115439414978
MMDpt_dinov2_vitb14_l5_gmedian,dinov2_vitb14,blocks.4,median,151,56.43083487727272,56.43083487727272,56.43083487727272,0.4478503465652466
MMDpt_dinov2_vitb14_l5_gmedian,dinov2_vitb14,blocks.4,median,152,56.73676582727273,56.73676582727273,56.73676582727273,0.6138606071472168
MMDpt_dinov2_vitb14_l5_gmedian,dinov2_vitb14,blocks.4,median,153,56.80215198181818,56.80215198181818,56.80215198181818,0.7801780104637146
MMDpt_dinov2_vitb14_l5_gmedian,dinov2_vitb14,blocks.4,median,154,56.838491672272724,56.838491672272724,56.838491672272724,0.36216306686401367
MMDpt_dinov2_vitb14_l5_gmedian,dinov2_vitb14,blocks.4,median,155,56.87784920000001,56.87784920000001,56.87784920000001,0.47424983978271484
MMDpt_dinov2_vitb14_l5_gmedian,dinov2_vitb14,blocks.4,median,156,56.88495511818182,56.88495511818182,56.88495511818182,0.4451650381088257
MMDpt_dinov2_vitb14_l5_gmedian,dinov2_vitb14,blocks.4,median,157,56.89427865,56.89427865,56.89427865,0.36107420921325684
MMDpt_dinov2_vitb14_l5_gmedian,dinov2_vitb14,blocks.4,median,158,57.014437336363635,57.014437336363635,57.014437336363635,0.43048906326293945
MMDpt_dinov2_vitb14_l5_gmedian,dinov2_vitb14,blocks.4,median,159,57.01605029863636,57.01605029863636,57.01605029863636,0.488913893699646
MMDpt_dinov2_vitb14_l5_gmedian,dinov2_vitb14,blocks.4,median,160,57.06027285454545,57.06027285454545,57.06027285454545,0.3658015727996826
MMDpt_dinov2_vitb14_l5_gmedian,dinov2_vitb14,blocks.4,median,161,57.08577673045454,57.08577673045454,57.08577673045454,0.4935152530670166
MMDpt_dinov2_vitb14_l5_gmedian,dinov2_vitb14,blocks.4,median,162,57.165035822727276,57.165035822727276,57.165035822727276,0.6673632860183716
MMDpt_dinov2_vitb14_l5_gmedian,dinov2_vitb14,blocks.4,median,163,57.30280682363637,57.30280682363637,57.30280682363637,0.41764533519744873
MMDpt_dinov2_vitb14_l5_gmedian,dinov2_vitb14,blocks.4,median,164,57.552973348181816,57.552973348181816,57.552973348181816,0.38275718688964844
MMDpt_dinov2_vitb14_l5_gmedian,dinov2_vitb14,blocks.4,median,165,57.715692645,57.715692645,57.715692645,0.411426305770874
MMDpt_dinov2_vitb14_l5_gmedian,dinov2_vitb14,blocks.4,median,166,57.94736867727273,57.94736867727273,57.94736867727273,0.4213794469833374
MMDpt_dinov2_vitb14_l5_gmedian,dinov2_vitb14,blocks.4,median,167,58.01582408181818,58.01582408181818,58.01582408181818,0.4751396179199219
MMDpt_dinov2_vitb14_l5_gmedian,dinov2_vitb14,blocks.4,median,168,58.14704098045454,58.14704098045454,58.14704098045454,0.4769580364227295
MMDpt_dinov2_vitb14_l5_gmedian,dinov2_vitb14,blocks.4,median,169,58.40466673181818,58.40466673181818,58.40466673181818,0.4903970956802368
MMDpt_dinov2_vitb14_l5_gmedian,dinov2_vitb14,blocks.4,median,170,58.48494007,58.48494007,58.48494007,0.36694884300231934
MMDpt_dinov2_vitb14_l5_gmedian,dinov2_vitb14,blocks.4,median,171,58.90741873181818,58.90741873181818,58.90741873181818,0.3899174928665161
MMDpt_dinov2_vitb14_l5_gmedian,dinov2_vitb14,blocks.4,median,172,58.92814133636364,58.92814133636364,58.92814133636364,0.4268009662628174
MMDpt_dinov2_vitb14_l5_gmedian,dinov2_vitb14,blocks.4,median,173,58.959711454090915,58.959711454090915,58.959711454090915,0.36503124237060547
MMDpt_dinov2_vitb14_l5_gmedian,dinov2_vitb14,blocks.4,median,174,59.080638213636355,59.080638213636355,59.080638213636355,0.4672964811325073
MMDpt_dinov2_vitb14_l5_gmedian,dinov2_vitb14,blocks.4,median,175,59.15176404636364,59.15176404636364,59.15176404636364,0.3698418140411377
MMDpt_dinov2_vitb14_l5_gmedian,dinov2_vitb14,blocks.4,median,176,59.165360129545455,59.165360129545455,59.165360129545455,0.35033750534057617
MMDpt_dinov2_vitb14_l5_gmedian,dinov2_vitb14,blocks.4,median,177,59.343238913181814,59.343238913181814,59.343238913181814,0.34797096252441406
MMDpt_dinov2_vitb14_l5_gmedian,dinov2_vitb14,blocks.4,median,178,59.52943686818182,59.52943686818182,59.52943686818182,0.6048113107681274
MMDpt_dinov2_vitb14_l5_gmedian,dinov2_vitb14,blocks.4,median,179,59.53394987363636,59.53394987363636,59.53394987363636,0.6098889708518982
MMDpt_dinov2_vitb14_l5_gmedian,dinov2_vitb14,blocks.4,median,180,59.61907620909091,59.61907620909091,59.61907620909091,0.4717215299606323
MMDpt_dinov2_vitb14_l5_gmedian,dinov2_vitb14,blocks.4,median,181,59.64024705,59.64024705,59.64024705,0.4897423982620239
MMDpt_dinov2_vitb14_l5_gmedian,dinov2_vitb14,blocks.4,median,182,59.81487126545455,59.81487126545455,59.81487126545455,0.46974682807922363
MMDpt_dinov2_vitb14_l5_gmedian,dinov2_vitb14,blocks.4,median,183,59.821444613636366,59.821444613636366,59.821444613636366,0.4796745777130127
MMDpt_dinov2_vitb14_l5_gmedian,dinov2_vitb14,blocks.4,median,184,59.82249576181818,59.82249576181818,59.82249576181818,0.5104935169219971
MMDpt_dinov2_vitb14_l5_gmedian,dinov2_vitb14,blocks.4,median,185,60.13491826227273,60.13491826227273,60.13491826227273,0.5921952128410339
MMDpt_dinov2_vitb14_l5_gmedian,dinov2_vitb14,blocks.4,median,186,60.66603184545455,60.66603184545455,60.66603184545455,0.413551926612854
MMDpt_dinov2_vitb14_l5_gmedian,dinov2_vitb14,blocks.4,median,187,60.91525143409091,60.91525143409091,60.91525143409091,0.5757514238357544
MMDpt_dinov2_vitb14_l5_gmedian,dinov2_vitb14,blocks.4,median,188,60.98922430909091,60.98922430909091,60.98922430909091,0.40023887157440186
MMDpt_dinov2_vitb14_l5_gmedian,dinov2_vitb14,blocks.4,median,189,61.15445065909091,61.15445065909091,61.15445065909091,0.36889970302581787
MMDpt_dinov2_vitb14_l5_gmedian,dinov2_vitb14,blocks.4,median,190,61.257236485,61.257236485,61.257236485,0.45446956157684326
MMDpt_dinov2_vitb14_l5_gmedian,dinov2_vitb14,blocks.4,median,191,61.38288141818182,61.38288141818182,61.38288141818182,0.4326516389846802
MMDpt_dinov2_vitb14_l5_gmedian,dinov2_vitb14,blocks.4,median,192,61.41676890772727,61.41676890772727,61.41676890772727,0.3391101360321045
MMDpt_dinov2_vitb14_l5_gmedian,dinov2_vitb14,blocks.4,median,193,61.450913154545454,61.450913154545454,61.450913154545454,0.5441588163375854
MMDpt_dinov2_vitb14_l5_gmedian,dinov2_vitb14,blocks.4,median,194,61.557454278181815,61.557454278181815,61.557454278181815,0.4054986238479614
MMDpt_dinov2_vitb14_l5_gmedian,dinov2_vitb14,blocks.4,median,195,61.612018317727276,61.612018317727276,61.612018317727276,0.3737388849258423
MMDpt_dinov2_vitb14_l5_gmedian,dinov2_vitb14,blocks.4,median,196,61.66026577136363,61.66026577136363,61.66026577136363,0.4350396394729614
MMDpt_dinov2_vitb14_l5_gmedian,dinov2_vitb14,blocks.4,median,197,61.784896459090916,61.784896459090916,61.784896459090916,0.5362745523452759
MMDpt_dinov2_vitb14_l5_gmedian,dinov2_vitb14,blocks.4,median,198,61.80260090454545,61.80260090454545,61.80260090454545,0.42160022258758545
MMDpt_dinov2_vitb14_l5_gmedian,dinov2_vitb14,blocks.4,median,199,62.04634134636364,62.04634134636364,62.04634134636364,0.46097302436828613
MMDpt_dinov2_vitb14_l5_gmedian,dinov2_vitb14,blocks.4,median,200,62.140166177272725,62.140166177272725,62.140166177272725,0.46061134338378906
MMDpt_dinov2_vitb14_l5_gmedian,dinov2_vitb14,blocks.4,median,201,62.30800517363637,62.30800517363637,62.30800517363637,0.5839830636978149
MMDpt_dinov2_vitb14_l5_gmedian,dinov2_vitb14,blocks.4,median,202,62.48285368636363,62.48285368636363,62.48285368636363,0.4409949779510498
MMDpt_dinov2_vitb14_l5_gmedian,dinov2_vitb14,blocks.4,median,203,62.50087945,62.50087945,62.50087945,0.4850015640258789
MMDpt_dinov2_vitb14_l5_gmedian,dinov2_vitb14,blocks.4,median,204,62.515273900000004,62.515273900000004,62.515273900000004,0.3384362459182739
MMDpt_dinov2_vitb14_l5_gmedian,dinov2_vitb14,blocks.4,median,205,62.56153540454545,62.56153540454545,62.56153540454545,0.3396373987197876
MMDpt_dinov2_vitb14_l5_gmedian,dinov2_vitb14,blocks.4,median,206,62.62842450590909,62.62842450590909,62.62842450590909,0.5272226333618164
MMDpt_dinov2_vitb14_l5_gmedian,dinov2_vitb14,blocks.4,median,207,62.64787497272727,62.64787497272727,62.64787497272727,0.45282983779907227
MMDpt_dinov2_vitb14_l5_gmedian,dinov2_vitb14,blocks.4,median,208,62.80573838590909,62.80573838590909,62.80573838590909,0.4786280393600464
MMDpt_dinov2_vitb14_l5_gmedian,dinov2_vitb14,blocks.4,median,209,62.831736559090906,62.831736559090906,62.831736559090906,0.3867685794830322
MMDpt_dinov2_vitb14_l5_gmedian,dinov2_vitb14,blocks.4,median,210,63.033077886363635,63.033077886363635,63.033077886363635,0.6974342465400696
MMDpt_dinov2_vitb14_l5_gmedian,dinov2_vitb14,blocks.4,median,211,63.2958711590909,63.2958711590909,63.2958711590909,0.6157857775688171
MMDpt_dinov2_vitb14_l5_gmedian,dinov2_vitb14,blocks.4,median,212,63.30556153181818,63.30556153181818,63.30556153181818,0.6500226259231567
MMDpt_dinov2_vitb14_l5_gmedian,dinov2_vitb14,blocks.4,median,213,63.451246159090914,63.451246159090914,63.451246159090914,0.5232681035995483
MMDpt_dinov2_vitb14_l5_gmedian,dinov2_vitb14,blocks.4,median,214,63.51674641363636,63.51674641363636,63.51674641363636,0.43847715854644775
MMDpt_dinov2_vitb14_l5_gmedian,dinov2_vitb14,blocks.4,median,215,63.52993807136364,63.52993807136364,63.52993807136364,0.40703558921813965
MMDpt_dinov2_vitb14_l5_gmedian,dinov2_vitb14,blocks.4,median,216,63.601648069090906,63.601648069090906,63.601648069090906,0.41418933868408203
MMDpt_dinov2_vitb14_l5_gmedian,dinov2_vitb14,blocks.4,median,217,63.632569839545454,63.632569839545454,63.632569839545454,0.6847867965698242
MMDpt_dinov2_vitb14_l5_gmedian,dinov2_vitb14,blocks.4,median,218,63.65115097727273,63.65115097727273,63.65115097727273,0.5743376016616821
MMDpt_dinov2_vitb14_l5_gmedian,dinov2_vitb14,blocks.4,median,219,63.71100458181818,63.71100458181818,63.71100458181818,0.37255358695983887
MMDpt_dinov2_vitb14_l5_gmedian,dinov2_vitb14,blocks.4,median,220,63.89873966363636,63.89873966363636,63.89873966363636,0.3688926696777344
MMDpt_dinov2_vitb14_l5_gmedian,dinov2_vitb14,blocks.4,median,221,63.92419218818182,63.92419218818182,63.92419218818182,0.282096266746521
MMDpt_dinov2_vitb14_l5_gmedian,dinov2_vitb14,blocks.4,median,222,63.96103896818182,63.96103896818182,63.96103896818182,0.523084282875061
MMDpt_dinov2_vitb14_l5_gmedian,dinov2_vitb14,blocks.4,median,223,63.99746849090909,63.99746849090909,63.99746849090909,0.5388040542602539
MMDpt_dinov2_vitb14_l5_gmedian,dinov2_vitb14,blocks.4,median,224,64.02118780454545,64.02118780454545,64.02118780454545,0.5964718461036682
MMDpt_dinov2_vitb14_l5_gmedian,dinov2_vitb14,blocks.4,median,225,64.02835174090909,64.02835174090909,64.02835174090909,0.3510594367980957
MMDpt_dinov2_vitb14_l5_gmedian,dinov2_vitb14,blocks.4,median,226,64.1043883409091,64.1043883409091,64.1043883409091,0.4932929277420044
MMDpt_dinov2_vitb14_l5_gmedian,dinov2_vitb14,blocks.4,median,227,64.15682117727273,64.15682117727273,64.15682117727273,0.34883928298950195
MMDpt_dinov2_vitb14_l5_gmedian,dinov2_vitb14,blocks.4,median,228,64.23845857272727,64.23845857272727,64.23845857272727,0.4742635488510132
MMDpt_dinov2_vitb14_l5_gmedian,dinov2_vitb14,blocks.4,median,229,64.25370258636363,64.25370258636363,64.25370258636363,0.43006205558776855
MMDpt_dinov2_vitb14_l5_gmedian,dinov2_vitb14,blocks.4,median,230,64.32671434181817,64.32671434181817,64.32671434181817,0.4183332920074463
MMDpt_dinov2_vitb14_l5_gmedian,dinov2_vitb14,blocks.4,median,231,64.40631527727272,64.40631527727272,64.40631527727272,0.4861164093017578
MMDpt_dinov2_vitb14_l5_gmedian,dinov2_vitb14,blocks.4,median,232,64.56676404090909,64.56676404090909,64.56676404090909,0.6809800267219543
MMDpt_dinov2_vitb14_l5_gmedian,dinov2_vitb14,blocks.4,median,233,64.70266141363636,64.70266141363636,64.70266141363636,0.5329629182815552
MMDpt_dinov2_vitb14_l5_gmedian,dinov2_vitb14,blocks.4,median,234,64.83579067045456,64.83579067045456,64.83579067045456,0.43847405910491943
MMDpt_dinov2_vitb14_l5_gmedian,dinov2_vitb14,blocks.4,median,235,64.88276691590909,64.88276691590909,64.88276691590909,0.6494507193565369
MMDpt_dinov2_vitb14_l5_gmedian,dinov2_vitb14,blocks.4,median,236,64.91428311818181,64.91428311818181,64.91428311818181,0.41038334369659424
MMDpt_dinov2_vitb14_l5_gmedian,dinov2_vitb14,blocks.4,median,237,64.99876317727272,64.99876317727272,64.99876317727272,0.5540670156478882
MMDpt_dinov2_vitb14_l5_gmedian,dinov2_vitb14,blocks.4,median,238,65.11283459954545,65.11283459954545,65.11283459954545,0.4747583866119385
MMDpt_dinov2_vitb14_l5_gmedian,dinov2_vitb14,blocks.4,median,239,65.12859398045454,65.12859398045454,65.12859398045454,0.4201185703277588
MMDpt_dinov2_vitb14_l5_gmedian,dinov2_vitb14,blocks.4,median,240,65.15700578272727,65.15700578272727,65.15700578272727,0.5112529993057251
MMDpt_dinov2_vitb14_l5_gmedian,dinov2_vitb14,blocks.4,median,241,65.26560826818182,65.26560826818182,65.26560826818182,0.4934375286102295
MMDpt_dinov2_vitb14_l5_gmedian,dinov2_vitb14,blocks.4,median,242,65.49862164545455,65.49862164545455,65.49862164545455,0.408877968788147
MMDpt_dinov2_vitb14_l5_gmedian,dinov2_vitb14,blocks.4,median,243,65.58085287863636,65.58085287863636,65.58085287863636,0.3620249032974243
MMDpt_dinov2_vitb14_l5_gmedian,dinov2_vitb14,blocks.4,median,244,65.74797291818182,65.74797291818182,65.74797291818182,0.3596053123474121
MMDpt_dinov2_vitb14_l5_gmedian,dinov2_vitb14,blocks.4,median,245,65.77319434545456,65.77319434545456,65.77319434545456,0.5168095827102661
MMDpt_dinov2_vitb14_l5_gmedian,dinov2_vitb14,blocks.4,median,246,65.79643795909091,65.79643795909091,65.79643795909091,0.3686634302139282
MMDpt_dinov2_vitb14_l5_gmedian,dinov2_vitb14,blocks.4,median,247,65.90152255454545,65.90152255454545,65.90152255454545,0.4442133903503418
MMDpt_dinov2_vitb14_l5_gmedian,dinov2_vitb14,blocks.4,median,248,66.06104215454546,66.06104215454546,66.06104215454546,0.3780888319015503
MMDpt_dinov2_vitb14_l5_gmedian,dinov2_vitb14,blocks.4,median,249,66.34667021363636,66.34667021363636,66.34667021363636,0.456229567527771
MMDpt_dinov2_vitb14_l5_gmedian,dinov2_vitb14,blocks.4,median,250,66.41367993636364,66.41367993636364,66.41367993636364,0.5021909475326538
MMDpt_dinov2_vitb14_l5_gmedian,dinov2_vitb14,blocks.4,median,251,66.49486482500001,66.49486482500001,66.49486482500001,0.47968435287475586
MMDpt_dinov2_vitb14_l5_gmedian,dinov2_vitb14,blocks.4,median,252,66.57540134545455,66.57540134545455,66.57540134545455,0.3727036714553833
MMDpt_dinov2_vitb14_l5_gmedian,dinov2_vitb14,blocks.4,median,253,66.64770191772728,66.64770191772728,66.64770191772728,0.6016147136688232
MMDpt_dinov2_vitb14_l5_gmedian,dinov2_vitb14,blocks.4,median,254,66.69631712272727,66.69631712272727,66.69631712272727,0.4615201950073242
MMDpt_dinov2_vitb14_l5_gmedian,dinov2_vitb14,blocks.4,median,255,66.69915260454546,66.69915260454546,66.69915260454546,0.5790364742279053
MMDpt_dinov2_vitb14_l5_gmedian,dinov2_vitb14,blocks.4,median,256,66.84640655909091,66.84640655909091,66.84640655909091,0.5019263029098511
MMDpt_dinov2_vitb14_l5_gmedian,dinov2_vitb14,blocks.4,median,257,66.92138232272727,66.92138232272727,66.92138232272727,0.36889803409576416
MMDpt_dinov2_vitb14_l5_gmedian,dinov2_vitb14,blocks.4,median,258,67.1600262,67.1600262,67.1600262,0.3316991329193115
MMDpt_dinov2_vitb14_l5_gmedian,dinov2_vitb14,blocks.4,median,259,67.24224864545455,67.24224864545455,67.24224864545455,0.51621413230896
MMDpt_dinov2_vitb14_l5_gmedian,dinov2_vitb14,blocks.4,median,260,67.33497136227273,67.33497136227273,67.33497136227273,1.005810260772705
MMDpt_dinov2_vitb14_l5_gmedian,dinov2_vitb14,blocks.4,median,261,67.50431248636363,67.50431248636363,67.50431248636363,0.516487717628479
MMDpt_dinov2_vitb14_l5_gmedian,dinov2_vitb14,blocks.4,median,262,67.65232870272727,67.65232870272727,67.65232870272727,0.5282320976257324
MMDpt_dinov2_vitb14_l5_gmedian,dinov2_vitb14,blocks.4,median,263,67.78208407272727,67.78208407272727,67.78208407272727,0.3663524389266968
MMDpt_dinov2_vitb14_l5_gmedian,dinov2_vitb14,blocks.4,median,264,67.84529925,67.84529925,67.84529925,0.4253828525543213
MMDpt_dinov2_vitb14_l5_gmedian,dinov2_vitb14,blocks.4,median,265,67.89158320909091,67.89158320909091,67.89158320909091,0.49365532398223877
MMDpt_dinov2_vitb14_l5_gmedian,dinov2_vitb14,blocks.4,median,266,67.98637594090908,67.98637594090908,67.98637594090908,0.5369906425476074
MMDpt_dinov2_vitb14_l5_gmedian,dinov2_vitb14,blocks.4,median,267,68.0851692090909,68.0851692090909,68.0851692090909,0.4084426164627075
MMDpt_dinov2_vitb14_l5_gmedian,dinov2_vitb14,blocks.4,median,268,68.12695885,68.12695885,68.12695885,0.42115259170532227
MMDpt_dinov2_vitb14_l5_gmedian,dinov2_vitb14,blocks.4,median,269,68.2302839,68.2302839,68.2302839,0.59513920545578
MMDpt_dinov2_vitb14_l5_gmedian,dinov2_vitb14,blocks.4,median,270,68.23565684545454,68.23565684545454,68.23565684545454,0.45945537090301514
MMDpt_dinov2_vitb14_l5_gmedian,dinov2_vitb14,blocks.4,median,271,68.26595938409092,68.26595938409092,68.26595938409092,0.443121075630188
MMDpt_dinov2_vitb14_l5_gmedian,dinov2_vitb14,blocks.4,median,272,68.27114585318182,68.27114585318182,68.27114585318182,0.46621811389923096
MMDpt_dinov2_vitb14_l5_gmedian,dinov2_vitb14,blocks.4,median,273,68.32032611363637,68.32032611363637,68.32032611363637,0.4088386297225952
MMDpt_dinov2_vitb14_l5_gmedian,dinov2_vitb14,blocks.4,median,274,68.38830778636363,68.38830778636363,68.38830778636363,0.5205041170120239
MMDpt_dinov2_vitb14_l5_gmedian,dinov2_vitb14,blocks.4,median,275,68.41746199090909,68.41746199090909,68.41746199090909,0.3807438611984253
MMDpt_dinov2_vitb14_l5_gmedian,dinov2_vitb14,blocks.4,median,276,68.46063733181818,68.46063733181818,68.46063733181818,0.46369707584381104
MMDpt_dinov2_vitb14_l5_gmedian,dinov2_vitb14,blocks.4,median,277,68.46664887727273,68.46664887727273,68.46664887727273,0.40601933002471924
MMDpt_dinov2_vitb14_l5_gmedian,dinov2_vitb14,blocks.4,median,278,68.47213741363636,68.47213741363636,68.47213741363636,0.6806907057762146
MMDpt_dinov2_vitb14_l5_gmedian,dinov2_vitb14,blocks.4,median,279,68.93374281227273,68.93374281227273,68.93374281227273,0.3618689775466919
MMDpt_dinov2_vitb14_l5_gmedian,dinov2_vitb14,blocks.4,median,280,69.04567613727274,69.04567613727274,69.04567613727274,0.4859354496002197
MMDpt_dinov2_vitb14_l5_gmedian,dinov2_vitb14,blocks.4,median,281,69.05974111818182,69.05974111818182,69.05974111818182,0.4763789176940918
MMDpt_dinov2_vitb14_l5_gmedian,dinov2_vitb14,blocks.4,median,282,69.09219679545454,69.09219679545454,69.09219679545454,0.48705029487609863
MMDpt_dinov2_vitb14_l5_gmedian,dinov2_vitb14,blocks.4,median,283,69.09712682727273,69.09712682727273,69.09712682727273,0.40308547019958496
MMDpt_dinov2_vitb14_l5_gmedian,dinov2_vitb14,blocks.4,median,284,69.10091421363637,69.10091421363637,69.10091421363637,0.34857964515686035
MMDpt_dinov2_vitb14_l5_gmedian,dinov2_vitb14,blocks.4,median,285,69.10780212727273,69.10780212727273,69.10780212727273,0.38819587230682373
MMDpt_dinov2_vitb14_l5_gmedian,dinov2_vitb14,blocks.4,median,286,69.12065298636364,69.12065298636364,69.12065298636364,0.5363428592681885
MMDpt_dinov2_vitb14_l5_gmedian,dinov2_vitb14,blocks.4,median,287,69.18059698636364,69.18059698636364,69.18059698636364,0.43359458446502686
MMDpt_dinov2_vitb14_l5_gmedian,dinov2_vitb14,blocks.4,median,288,69.23367816363636,69.23367816363636,69.23367816363636,0.5714379549026489
MMDpt_dinov2_vitb14_l5_gmedian,dinov2_vitb14,blocks.4,median,289,69.2644266,69.2644266,69.2644266,0.489892840385437
MMDpt_dinov2_vitb14_l5_gmedian,dinov2_vitb14,blocks.4,median,290,69.35791935818182,69.35791935818182,69.35791935818182,0.3944891691207886
MMDpt_dinov2_vitb14_l5_gmedian,dinov2_vitb14,blocks.4,median,291,69.61843814545455,69.61843814545455,69.61843814545455,0.47397828102111816
MMDpt_dinov2_vitb14_l5_gmedian,dinov2_vitb14,blocks.4,median,292,69.80519480454545,69.80519480454545,69.80519480454545,0.5091419219970703
MMDpt_dinov2_vitb14_l5_gmedian,dinov2_vitb14,blocks.4,median,293,69.8553488,69.8553488,69.8553488,0.5937517881393433
MMDpt_dinov2_vitb14_l5_gmedian,dinov2_vitb14,blocks.4,median,294,69.88728480909091,69.88728480909091,69.88728480909091,0.7435944080352783
MMDpt_dinov2_vitb14_l5_gmedian,dinov2_vitb14,blocks.4,median,295,69.97248817863637,69.97248817863637,69.97248817863637,0.5244390964508057
MMDpt_dinov2_vitb14_l5_gmedian,dinov2_vitb14,blocks.4,median,296,70.05721009181819,70.05721009181819,70.05721009181819,0.38859522342681885
MMDpt_dinov2_vitb14_l5_gmedian,dinov2_vitb14,blocks.4,median,297,70.14929492727272,70.14929492727272,70.14929492727272,0.43316614627838135
MMDpt_dinov2_vitb14_l5_gmedian,dinov2_vitb14,blocks.4,median,298,70.15787111818182,70.15787111818182,70.15787111818182,0.45899152755737305
MMDpt_dinov2_vitb14_l5_gmedian,dinov2_vitb14,blocks.4,median,299,70.16147875909091,70.16147875909091,70.16147875909091,0.5137934684753418
MMDpt_dinov2_vitb14_l5_gmedian,dinov2_vitb14,blocks.4,median,300,70.20511073181818,70.20511073181818,70.20511073181818,0.5514707565307617
MMDpt_dinov2_vitb14_l5_gmedian,dinov2_vitb14,blocks.4,median,301,70.32331571818182,70.32331571818182,70.32331571818182,0.3980764150619507
MMDpt_dinov2_vitb14_l5_gmedian,dinov2_vitb14,blocks.4,median,302,70.37705808636363,70.37705808636363,70.37705808636363,0.5407252311706543
MMDpt_dinov2_vitb14_l5_gmedian,dinov2_vitb14,blocks.4,median,303,70.399005675,70.399005675,70.399005675,0.40665316581726074
MMDpt_dinov2_vitb14_l5_gmedian,dinov2_vitb14,blocks.4,median,304,70.50181075318181,70.50181075318181,70.50181075318181,0.45544588565826416
MMDpt_dinov2_vitb14_l5_gmedian,dinov2_vitb14,blocks.4,median,305,70.6102672090909,70.6102672090909,70.6102672090909,0.5132566690444946
MMDpt_dinov2_vitb14_l5_gmedian,dinov2_vitb14,blocks.4,median,306,70.7436578590909,70.7436578590909,70.7436578590909,0.553000807762146
MMDpt_dinov2_vitb14_l5_gmedian,dinov2_vitb14,blocks.4,median,307,70.83137117272727,70.83137117272727,70.83137117272727,0.6138885021209717
MMDpt_dinov2_vitb14_l5_gmedian,dinov2_vitb14,blocks.4,median,308,70.8352099,70.8352099,70.8352099,0.3783285617828369
MMDpt_dinov2_vitb14_l5_gmedian,dinov2_vitb14,blocks.4,median,309,70.84563281363636,70.84563281363636,70.84563281363636,0.43773186206817627
MMDpt_dinov2_vitb14_l5_gmedian,dinov2_vitb14,blocks.4,median,310,70.86294127272727,70.86294127272727,70.86294127272727,0.4072624444961548
MMDpt_dinov2_vitb14_l5_gmedian,dinov2_vitb14,blocks.4,median,311,70.88488886772727,70.88488886772727,70.88488886772727,0.3575620651245117
MMDpt_dinov2_vitb14_l5_gmedian,dinov2_vitb14,blocks.4,median,312,70.94146290454545,70.94146290454545,70.94146290454545,0.3183469772338867
MMDpt_dinov2_vitb14_l5_gmedian,dinov2_vitb14,blocks.4,median,313,71.03486937272727,71.03486937272727,71.03486937272727,0.563879132270813
MMDpt_dinov2_vitb14_l5_gmedian,dinov2_vitb14,blocks.4,median,314,71.06114357272727,71.06114357272727,71.06114357272727,0.4008215665817261
MMDpt_dinov2_vitb14_l5_gmedian,dinov2_vitb14,blocks.4,median,315,71.16676672727273,71.16676672727273,71.16676672727273,0.6132118701934814
MMDpt_dinov2_vitb14_l5_gmedian,dinov2_vitb14,blocks.4,median,316,71.17873871818182,71.17873871818182,71.17873871818182,0.41703128814697266
MMDpt_dinov2_vitb14_l5_gmedian,dinov2_vitb14,blocks.4,median,317,71.2066498259091,71.2066498259091,71.2066498259091,0.3950684070587158
MMDpt_dinov2_vitb14_l5_gmedian,dinov2_vitb14,blocks.4,median,318,71.25545576818182,71.25545576818182,71.25545576818182,0.5456880331039429
MMDpt_dinov2_vitb14_l5_gmedian,dinov2_vitb14,blocks.4,median,319,71.3174982909091,71.3174982909091,71.3174982909091,0.4421532154083252
MMDpt_dinov2_vitb14_l5_gmedian,dinov2_vitb14,blocks.4,median,320,71.36296618181818,71.36296618181818,71.36296618181818,0.4133199453353882
MMDpt_dinov2_vitb14_l5_gmedian,dinov2_vitb14,blocks.4,median,321,71.46931471818182,71.46931471818182,71.46931471818182,0.5523037910461426
MMDpt_dinov2_vitb14_l5_gmedian,dinov2_vitb14,blocks.4,median,322,71.72297334090909,71.72297334090909,71.72297334090909,0.43236243724823
MMDpt_dinov2_vitb14_l5_gmedian,dinov2_vitb14,blocks.4,median,323,71.90808025909091,71.90808025909091,71.90808025909091,0.4272652864456177
MMDpt_dinov2_vitb14_l5_gmedian,dinov2_vitb14,blocks.4,median,324,71.99829709090909,71.99829709090909,71.99829709090909,0.40480828285217285
MMDpt_dinov2_vitb14_l5_gmedian,dinov2_vitb14,blocks.4,median,325,72.09644175681818,72.09644175681818,72.09644175681818,0.44928526878356934
MMDpt_dinov2_vitb14_l5_gmedian,dinov2_vitb14,blocks.4,median,326,72.15469048045455,72.15469048045455,72.15469048045455,0.5209077596664429
MMDpt_dinov2_vitb14_l5_gmedian,dinov2_vitb14,blocks.4,median,327,72.16259906363636,72.16259906363636,72.16259906363636,0.4678664207458496
MMDpt_dinov2_vitb14_l5_gmedian,dinov2_vitb14,blocks.4,median,328,72.25012620454545,72.25012620454545,72.25012620454545,0.40511655807495117
MMDpt_dinov2_vitb14_l5_gmedian,dinov2_vitb14,blocks.4,median,329,72.32991709090909,72.32991709090909,72.32991709090909,0.483600378036499
MMDpt_dinov2_vitb14_l5_gmedian,dinov2_vitb14,blocks.4,median,330,72.3529890590909,72.3529890590909,72.3529890590909,0.39499807357788086
MMDpt_dinov2_vitb14_l5_gmedian,dinov2_vitb14,blocks.4,median,331,72.35690482818183,72.35690482818183,72.35690482818183,0.41798555850982666
MMDpt_dinov2_vitb14_l5_gmedian,dinov2_vitb14,blocks.4,median,332,72.45495321363636,72.45495321363636,72.45495321363636,0.5081033706665039
MMDpt_dinov2_vitb14_l5_gmedian,dinov2_vitb14,blocks.4,median,333,72.62635492727273,72.62635492727273,72.62635492727273,0.40485286712646484
MMDpt_dinov2_vitb14_l5_gmedian,dinov2_vitb14,blocks.4,median,334,72.63195748181819,72.63195748181819,72.63195748181819,0.38734889030456543
MMDpt_dinov2_vitb14_l5_gmedian,dinov2_vitb14,blocks.4,median,335,72.83995069636363,72.83995069636363,72.83995069636363,0.4079256057739258
MMDpt_dinov2_vitb14_l5_gmedian,dinov2_vitb14,blocks.4,median,336,72.89617321363636,72.89617321363636,72.89617321363636,0.39648866653442383
MMDpt_dinov2_vitb14_l5_gmedian,dinov2_vitb14,blocks.4,median,337,73.03390340545455,73.03390340545455,73.03390340545455,0.5425864458084106
MMDpt_dinov2_vitb14_l5_gmedian,dinov2_vitb14,blocks.4,median,338,73.11911989545455,73.11911989545455,73.11911989545455,0.4544363021850586
MMDpt_dinov2_vitb14_l5_gmedian,dinov2_vitb14,blocks.4,median,339,73.13833258181818,73.13833258181818,73.13833258181818,0.35697317123413086
MMDpt_dinov2_vitb14_l5_gmedian,dinov2_vitb14,blocks.4,median,340,73.33471177272727,73.33471177272727,73.33471177272727,0.37863755226135254
MMDpt_dinov2_vitb14_l5_gmedian,dinov2_vitb14,blocks.4,median,341,73.33981687045456,73.33981687045456,73.33981687045456,0.3844653367996216
MMDpt_dinov2_vitb14_l5_gmedian,dinov2_vitb14,blocks.4,median,342,73.39854528636364,73.39854528636364,73.39854528636364,0.42749130725860596
MMDpt_dinov2_vitb14_l5_gmedian,dinov2_vitb14,blocks.4,median,343,73.41015931818183,73.41015931818183,73.41015931818183,0.573228120803833
MMDpt_dinov2_vitb14_l5_gmedian,dinov2_vitb14,blocks.4,median,344,73.44266513181819,73.44266513181819,73.44266513181819,0.500338077545166
MMDpt_dinov2_vitb14_l5_gmedian,dinov2_vitb14,blocks.4,median,345,73.44619574090909,73.44619574090909,73.44619574090909,0.3869231939315796
MMDpt_dinov2_vitb14_l5_gmedian,dinov2_vitb14,blocks.4,median,346,73.46868897499999,73.46868897499999,73.46868897499999,0.4728931188583374
MMDpt_dinov2_vitb14_l5_gmedian,dinov2_vitb14,blocks.4,median,347,73.50964273636363,73.50964273636363,73.50964273636363,0.4527103900909424
MMDpt_dinov2_vitb14_l5_gmedian,dinov2_vitb14,blocks.4,median,348,73.53120189545454,73.53120189545454,73.53120189545454,0.7499788999557495
MMDpt_dinov2_vitb14_l5_gmedian,dinov2_vitb14,blocks.4,median,349,73.63946159545455,73.63946159545455,73.63946159545455,0.6484504342079163
MMDpt_dinov2_vitb14_l5_gmedian,dinov2_vitb14,blocks.4,median,350,73.76844457272728,73.76844457272728,73.76844457272728,0.3876098394393921
MMDpt_dinov2_vitb14_l5_gmedian,dinov2_vitb14,blocks.4,median,351,73.80118299272728,73.80118299272728,73.80118299272728,0.51529860496521
MMDpt_dinov2_vitb14_l5_gmedian,dinov2_vitb14,blocks.4,median,352,73.90576145,73.90576145,73.90576145,0.6997740864753723
MMDpt_dinov2_vitb14_l5_gmedian,dinov2_vitb14,blocks.4,median,353,73.96756481363637,73.96756481363637,73.96756481363637,0.3812769651412964
MMDpt_dinov2_vitb14_l5_gmedian,dinov2_vitb14,blocks.4,median,354,74.00717849454546,74.00717849454546,74.00717849454546,0.4590275287628174
MMDpt_dinov2_vitb14_l5_gmedian,dinov2_vitb14,blocks.4,median,355,74.01135728181818,74.01135728181818,74.01135728181818,0.7007910013198853
MMDpt_dinov2_vitb14_l5_gmedian,dinov2_vitb14,blocks.4,median,356,74.05095793636363,74.05095793636363,74.05095793636363,0.37258946895599365
MMDpt_dinov2_vitb14_l5_gmedian,dinov2_vitb14,blocks.4,median,357,74.05302495909092,74.05302495909092,74.05302495909092,0.3136214017868042
MMDpt_dinov2_vitb14_l5_gmedian,dinov2_vitb14,blocks.4,median,358,74.20412883636364,74.20412883636364,74.20412883636364,0.39856207370758057
MMDpt_dinov2_vitb14_l5_gmedian,dinov2_vitb14,blocks.4,median,359,74.32802774090909,74.32802774090909,74.32802774090909,0.6090444326400757
MMDpt_dinov2_vitb14_l5_gmedian,dinov2_vitb14,blocks.4,median,360,74.38583995454546,74.38583995454546,74.38583995454546,0.4264078140258789
MMDpt_dinov2_vitb14_l5_gmedian,dinov2_vitb14,blocks.4,median,361,74.46433656818182,74.46433656818182,74.46433656818182,0.3754143714904785
MMDpt_dinov2_vitb14_l5_gmedian,dinov2_vitb14,blocks.4,median,362,74.52572066363636,74.52572066363636,74.52572066363636,0.3972046375274658
MMDpt_dinov2_vitb14_l5_gmedian,dinov2_vitb14,blocks.4,median,363,74.86437946363637,74.86437946363637,74.86437946363637,0.6902651786804199
MMDpt_dinov2_vitb14_l5_gmedian,dinov2_vitb14,blocks.4,median,364,74.89747095909091,74.89747095909091,74.89747095909091,0.5629909038543701
MMDpt_dinov2_vitb14_l5_gmedian,dinov2_vitb14,blocks.4,median,365,74.9084351090909,74.9084351090909,74.9084351090909,0.4659935235977173
MMDpt_dinov2_vitb14_l5_gmedian,dinov2_vitb14,blocks.4,median,366,75.02020153181819,75.02020153181819,75.02020153181819,0.40031182765960693
MMDpt_dinov2_vitb14_l5_gmedian,dinov2_vitb14,blocks.4,median,367,75.04613550454546,75.04613550454546,75.04613550454546,0.3965334892272949
MMDpt_dinov2_vitb14_l5_gmedian,dinov2_vitb14,blocks.4,median,368,75.04910765454545,75.04910765454545,75.04910765454545,0.45841455459594727
MMDpt_dinov2_vitb14_l5_gmedian,dinov2_vitb14,blocks.4,median,369,75.04911406363637,75.04911406363637,75.04911406363637,0.44669246673583984
MMDpt_dinov2_vitb14_l5_gmedian,dinov2_vitb14,blocks.4,median,370,75.14242499545455,75.14242499545455,75.14242499545455,0.37930893898010254
MMDpt_dinov2_vitb14_l5_gmedian,dinov2_vitb14,blocks.4,median,371,75.14524949545454,75.14524949545454,75.14524949545454,0.4240328073501587
MMDpt_dinov2_vitb14_l5_gmedian,dinov2_vitb14,blocks.4,median,372,75.21942449545455,75.21942449545455,75.21942449545455,0.4129992723464966
MMDpt_dinov2_vitb14_l5_gmedian,dinov2_vitb14,blocks.4,median,373,75.2494860690909,75.2494860690909,75.2494860690909,0.4045534133911133
MMDpt_dinov2_vitb14_l5_gmedian,dinov2_vitb14,blocks.4,median,374,75.29101026818182,75.29101026818182,75.29101026818182,0.4286770820617676
MMDpt_dinov2_vitb14_l5_gmedian,dinov2_vitb14,blocks.4,median,375,75.30463428181818,75.30463428181818,75.30463428181818,0.3512803316116333
MMDpt_dinov2_vitb14_l5_gmedian,dinov2_vitb14,blocks.4,median,376,75.35053226363635,75.35053226363635,75.35053226363635,0.5178235769271851
MMDpt_dinov2_vitb14_l5_gmedian,dinov2_vitb14,blocks.4,median,377,75.358434425,75.358434425,75.358434425,0.4080246686935425
MMDpt_dinov2_vitb14_l5_gmedian,dinov2_vitb14,blocks.4,median,378,75.4765098,75.4765098,75.4765098,0.44017231464385986
MMDpt_dinov2_vitb14_l5_gmedian,dinov2_vitb14,blocks.4,median,379,75.48288537727272,75.48288537727272,75.48288537727272,0.4820990562438965
MMDpt_dinov2_vitb14_l5_gmedian,dinov2_vitb14,blocks.4,median,380,75.54217925454545,75.54217925454545,75.54217925454545,0.5032364130020142
MMDpt_dinov2_vitb14_l5_gmedian,dinov2_vitb14,blocks.4,median,381,75.65154605454546,75.65154605454546,75.65154605454546,0.4155769348144531
MMDpt_dinov2_vitb14_l5_gmedian,dinov2_vitb14,blocks.4,median,382,75.68111334545455,75.68111334545455,75.68111334545455,0.5864299535751343
MMDpt_dinov2_vitb14_l5_gmedian,dinov2_vitb14,blocks.4,median,383,75.77031593636364,75.77031593636364,75.77031593636364,0.5757023096084595
MMDpt_dinov2_vitb14_l5_gmedian,dinov2_vitb14,blocks.4,median,384,75.78166525454546,75.78166525454546,75.78166525454546,0.4689074754714966
MMDpt_dinov2_vitb14_l5_gmedian,dinov2_vitb14,blocks.4,median,385,75.79512009954546,75.79512009954546,75.79512009954546,0.4699188470840454
MMDpt_dinov2_vitb14_l5_gmedian,dinov2_vitb14,blocks.4,median,386,75.84170493636363,75.84170493636363,75.84170493636363,0.42032015323638916
MMDpt_dinov2_vitb14_l5_gmedian,dinov2_vitb14,blocks.4,median,387,75.84312428636363,75.84312428636363,75.84312428636363,0.354023814201355
MMDpt_dinov2_vitb14_l5_gmedian,dinov2_vitb14,blocks.4,median,388,76.02107943636364,76.02107943636364,76.02107943636364,0.43100297451019287
MMDpt_dinov2_vitb14_l5_gmedian,dinov2_vitb14,blocks.4,median,389,76.07231828181818,76.07231828181818,76.07231828181818,0.43945884704589844
MMDpt_dinov2_vitb14_l5_gmedian,dinov2_vitb14,blocks.4,median,390,76.16321556363636,76.16321556363636,76.16321556363636,0.47504889965057373
MMDpt_dinov2_vitb14_l5_gmedian,dinov2_vitb14,blocks.4,median,391,76.19598609272727,76.19598609272727,76.19598609272727,0.48813486099243164
MMDpt_dinov2_vitb14_l5_gmedian,dinov2_vitb14,blocks.4,median,392,76.26727722727273,76.26727722727273,76.26727722727273,0.3442493677139282
MMDpt_dinov2_vitb14_l5_gmedian,dinov2_vitb14,blocks.4,median,393,76.28929185454545,76.28929185454545,76.28929185454545,0.5528479814529419
MMDpt_dinov2_vitb14_l5_gmedian,dinov2_vitb14,blocks.4,median,394,76.28997104545455,76.28997104545455,76.28997104545455,0.37820684909820557
MMDpt_dinov2_vitb14_l5_gmedian,dinov2_vitb14,blocks.4,median,395,76.32376224090909,76.32376224090909,76.32376224090909,0.4759399890899658
MMDpt_dinov2_vitb14_l5_gmedian,dinov2_vitb14,blocks.4,median,396,76.35414479090909,76.35414479090909,76.35414479090909,0.4161055088043213
MMDpt_dinov2_vitb14_l5_gmedian,dinov2_vitb14,blocks.4,median,397,76.39021483181818,76.39021483181818,76.39021483181818,0.3937422037124634
MMDpt_dinov2_vitb14_l5_gmedian,dinov2_vitb14,blocks.4,median,398,76.45241142272727,76.45241142272727,76.45241142272727,0.405192494392395
MMDpt_dinov2_vitb14_l5_gmedian,dinov2_vitb14,blocks.4,median,399,76.51437691681818,76.51437691681818,76.51437691681818,0.454791784286499
MMDpt_dinov2_vitb14_l5_gmedian,dinov2_vitb14,blocks.4,median,400,76.5471795409091,76.5471795409091,76.5471795409091,0.48536550998687744
MMDpt_dinov2_vitb14_l5_gmedian,dinov2_vitb14,blocks.4,median,401,76.59774437272728,76.59774437272728,76.59774437272728,0.4632989168167114
MMDpt_dinov2_vitb14_l5_gmedian,dinov2_vitb14,blocks.4,median,402,76.63823088636364,76.63823088636364,76.63823088636364,0.35430824756622314
MMDpt_dinov2_vitb14_l5_gmedian,dinov2_vitb14,blocks.4,median,403,76.64452179545455,76.64452179545455,76.64452179545455,0.4878532886505127
MMDpt_dinov2_vitb14_l5_gmedian,dinov2_vitb14,blocks.4,median,404,76.67493643727272,76.67493643727272,76.67493643727272,0.3346061706542969
MMDpt_dinov2_vitb14_l5_gmedian,dinov2_vitb14,blocks.4,median,405,76.67586082272727,76.67586082272727,76.67586082272727,0.43690037727355957
MMDpt_dinov2_vitb14_l5_gmedian,dinov2_vitb14,blocks.4,median,406,76.81212329090908,76.81212329090908,76.81212329090908,0.573849081993103
MMDpt_dinov2_vitb14_l5_gmedian,dinov2_vitb14,blocks.4,median,407,76.90558185454546,76.90558185454546,76.90558185454546,0.6014549136161804
MMDpt_dinov2_vitb14_l5_gmedian,dinov2_vitb14,blocks.4,median,408,76.91644974545454,76.91644974545454,76.91644974545454,0.47716188430786133
MMDpt_dinov2_vitb14_l5_gmedian,dinov2_vitb14,blocks.4,median,409,76.98329391227273,76.98329391227273,76.98329391227273,0.45621204376220703
MMDpt_dinov2_vitb14_l5_gmedian,dinov2_vitb14,blocks.4,median,410,77.11547369545454,77.11547369545454,77.11547369545454,0.44749951362609863
MMDpt_dinov2_vitb14_l5_gmedian,dinov2_vitb14,blocks.4,median,411,77.14402031818182,77.14402031818182,77.14402031818182,0.45500481128692627
MMDpt_dinov2_vitb14_l5_gmedian,dinov2_vitb14,blocks.4,median,412,77.17084656363636,77.17084656363636,77.17084656363636,0.34635889530181885
MMDpt_dinov2_vitb14_l5_gmedian,dinov2_vitb14,blocks.4,median,413,77.25877326818183,77.25877326818183,77.25877326818183,0.6301753520965576
MMDpt_dinov2_vitb14_l5_gmedian,dinov2_vitb14,blocks.4,median,414,77.34552212272727,77.34552212272727,77.34552212272727,0.3510175943374634
MMDpt_dinov2_vitb14_l5_gmedian,dinov2_vitb14,blocks.4,median,415,77.52582683636363,77.52582683636363,77.52582683636363,0.35679566860198975
MMDpt_dinov2_vitb14_l5_gmedian,dinov2_vitb14,blocks.4,median,416,77.65479755863636,77.65479755863636,77.65479755863636,0.7934910655021667
MMDpt_dinov2_vitb14_l5_gmedian,dinov2_vitb14,blocks.4,median,417,77.69959142727272,77.69959142727272,77.69959142727272,0.5350639820098877
MMDpt_dinov2_vitb14_l5_gmedian,dinov2_vitb14,blocks.4,median,418,77.72501827727272,77.72501827727272,77.72501827727272,0.3481334447860718
MMDpt_dinov2_vitb14_l5_gmedian,dinov2_vitb14,blocks.4,median,419,77.83570625,77.83570625,77.83570625,0.5648493766784668
MMDpt_dinov2_vitb14_l5_gmedian,dinov2_vitb14,blocks.4,median,420,77.9733424409091,77.9733424409091,77.9733424409091,0.4435389041900635
MMDpt_dinov2_vitb14_l5_gmedian,dinov2_vitb14,blocks.4,median,421,78.0566007590909,78.0566007590909,78.0566007590909,0.46793806552886963
MMDpt_dinov2_vitb14_l5_gmedian,dinov2_vitb14,blocks.4,median,422,78.20425748181819,78.20425748181819,78.20425748181819,0.461991548538208
MMDpt_dinov2_vitb14_l5_gmedian,dinov2_vitb14,blocks.4,median,423,78.23482706363636,78.23482706363636,78.23482706363636,0.3481106758117676
MMDpt_dinov2_vitb14_l5_gmedian,dinov2_vitb14,blocks.4,median,424,78.25971381363637,78.25971381363637,78.25971381363637,0.43391168117523193
MMDpt_dinov2_vitb14_l5_gmedian,dinov2_vitb14,blocks.4,median,425,78.3483194,78.3483194,78.3483194,0.3045189380645752
MMDpt_dinov2_vitb14_l5_gmedian,dinov2_vitb14,blocks.4,median,426,78.4185978909091,78.4185978909091,78.4185978909091,0.3771791458129883
MMDpt_dinov2_vitb14_l5_gmedian,dinov2_vitb14,blocks.4,median,427,78.53980069090909,78.53980069090909,78.53980069090909,0.46573686599731445
MMDpt_dinov2_vitb14_l5_gmedian,dinov2_vitb14,blocks.4,median,428,78.54177141363635,78.54177141363635,78.54177141363635,0.4926983118057251
MMDpt_dinov2_vitb14_l5_gmedian,dinov2_vitb14,blocks.4,median,429,78.57485005,78.57485005,78.57485005,0.3796330690383911
MMDpt_dinov2_vitb14_l5_gmedian,dinov2_vitb14,blocks.4,median,430,78.5853263609091,78.5853263609091,78.5853263609091,0.35733461380004883
MMDpt_dinov2_vitb14_l5_gmedian,dinov2_vitb14,blocks.4,median,431,78.61859467727272,78.61859467727272,78.61859467727272,0.4836406707763672
MMDpt_dinov2_vitb14_l5_gmedian,dinov2_vitb14,blocks.4,median,432,78.63007529545455,78.63007529545455,78.63007529545455,0.5836870670318604
MMDpt_dinov2_vitb14_l5_gmedian,dinov2_vitb14,blocks.4,median,433,78.86957993181818,78.86957993181818,78.86957993181818,0.43123090267181396
MMDpt_dinov2_vitb14_l5_gmedian,dinov2_vitb14,blocks.4,median,434,79.22077921818182,79.22077921818182,79.22077921818182,0.4336148500442505
MMDpt_dinov2_vitb14_l5_gmedian,dinov2_vitb14,blocks.4,median,435,79.25695136818182,79.25695136818182,79.25695136818182,0.5183957815170288
MMDpt_dinov2_vitb14_l5_gmedian,dinov2_vitb14,blocks.4,median,436,79.28284742727273,79.28284742727273,79.28284742727273,0.453662633895874
MMDpt_dinov2_vitb14_l5_gmedian,dinov2_vitb14,blocks.4,median,437,79.36729972727272,79.36729972727272,79.36729972727272,0.45545876026153564
MMDpt_dinov2_vitb14_l5_gmedian,dinov2_vitb14,blocks.4,median,438,79.46781420454546,79.46781420454546,79.46781420454546,0.589946448802948
MMDpt_dinov2_vitb14_l5_gmedian,dinov2_vitb14,blocks.4,median,439,79.51125251363636,79.51125251363636,79.51125251363636,0.5056631565093994
MMDpt_dinov2_vitb14_l5_gmedian,dinov2_vitb14,blocks.4,median,440,79.62850745318183,79.62850745318183,79.62850745318183,0.4194185733795166
MMDpt_dinov2_vitb14_l5_gmedian,dinov2_vitb14,blocks.4,median,441,79.6499864090909,79.6499864090909,79.6499864090909,0.40967607498168945
MMDpt_dinov2_vitb14_l5_gmedian,dinov2_vitb14,blocks.4,median,442,79.75645692727272,79.75645692727272,79.75645692727272,0.3558955192565918
MMDpt_dinov2_vitb14_l5_gmedian,dinov2_vitb14,blocks.4,median,443,79.91532173636364,79.91532173636364,79.91532173636364,0.4974048137664795
MMDpt_dinov2_vitb14_l5_gmedian,dinov2_vitb14,blocks.4,median,444,79.94757872272727,79.94757872272727,79.94757872272727,0.450175404548645
MMDpt_dinov2_vitb14_l5_gmedian,dinov2_vitb14,blocks.4,median,445,80.02392345454545,80.02392345454545,80.02392345454545,0.4215809106826782
MMDpt_dinov2_vitb14_l5_gmedian,dinov2_vitb14,blocks.4,median,446,80.13685939999999,80.13685939999999,80.13685939999999,0.4996882677078247
MMDpt_dinov2_vitb14_l5_gmedian,dinov2_vitb14,blocks.4,median,447,80.28660759545454,80.28660759545454,80.28660759545454,0.47523486614227295
MMDpt_dinov2_vitb14_l5_gmedian,dinov2_vitb14,blocks.4,median,448,80.40461357272727,80.40461357272727,80.40461357272727,0.46375882625579834
MMDpt_dinov2_vitb14_l5_gmedian,dinov2_vitb14,blocks.4,median,449,80.43965011363636,80.43965011363636,80.43965011363636,0.5509004592895508
MMDpt_dinov2_vitb14_l5_gmedian,dinov2_vitb14,blocks.4,median,450,80.56802326363636,80.56802326363636,80.56802326363636,0.6317057013511658
MMDpt_dinov2_vitb14_l5_gmedian,dinov2_vitb14,blocks.4,median,451,80.69563893636364,80.69563893636364,80.69563893636364,0.354827880859375
MMDpt_dinov2_vitb14_l5_gmedian,dinov2_vitb14,blocks.4,median,452,80.83871870454546,80.83871870454546,80.83871870454546,0.7985296249389648
MMDpt_dinov2_vitb14_l5_gmedian,dinov2_vitb14,blocks.4,median,453,80.88731798181819,80.88731798181819,80.88731798181819,0.4058961868286133
MMDpt_dinov2_vitb14_l5_gmedian,dinov2_vitb14,blocks.4,median,454,80.98601989090909,80.98601989090909,80.98601989090909,0.3812974691390991
MMDpt_dinov2_vitb14_l5_gmedian,dinov2_vitb14,blocks.4,median,455,81.02786977272727,81.02786977272727,81.02786977272727,0.379372239112854
MMDpt_dinov2_vitb14_l5_gmedian,dinov2_vitb14,blocks.4,median,456,81.46314962272727,81.46314962272727,81.46314962272727,0.49271833896636963
MMDpt_dinov2_vitb14_l5_gmedian,dinov2_vitb14,blocks.4,median,457,81.49191450454545,81.49191450454545,81.49191450454545,0.42708301544189453
MMDpt_dinov2_vitb14_l5_gmedian,dinov2_vitb14,blocks.4,median,458,81.53910919545454,81.53910919545454,81.53910919545454,0.33136534690856934
MMDpt_dinov2_vitb14_l5_gmedian,dinov2_vitb14,blocks.4,median,459,81.65584415909092,81.65584415909092,81.65584415909092,0.7224770784378052
MMDpt_dinov2_vitb14_l5_gmedian,dinov2_vitb14,blocks.4,median,460,81.66778405000001,81.66778405000001,81.66778405000001,0.4237966537475586
MMDpt_dinov2_vitb14_l5_gmedian,dinov2_vitb14,blocks.4,median,461,82.0783984909091,82.0783984909091,82.0783984909091,0.6307398676872253
MMDpt_dinov2_vitb14_l5_gmedian,dinov2_vitb14,blocks.4,median,462,82.11143467727273,82.11143467727273,82.11143467727273,0.4205237627029419
MMDpt_dinov2_vitb14_l5_gmedian,dinov2_vitb14,blocks.4,median,463,82.15394328181819,82.15394328181819,82.15394328181819,0.4772547483444214
MMDpt_dinov2_vitb14_l5_gmedian,dinov2_vitb14,blocks.4,median,464,82.87086985,82.87086985,82.87086985,0.3613777160644531
MMDpt_dinov2_vitb14_l5_gmedian,dinov2_vitb14,blocks.4,median,465,83.04785639090909,83.04785639090909,83.04785639090909,0.3975411653518677
MMDpt_dinov2_vitb14_l5_gmedian,dinov2_vitb14,blocks.4,median,466,83.2706767,83.2706767,83.2706767,0.36884820461273193
MMDpt_dinov2_vitb14_l5_gmedian,dinov2_vitb14,blocks.4,median,467,83.28013232272727,83.28013232272727,83.28013232272727,0.4638235569000244
MMDpt_dinov2_vitb14_l5_gmedian,dinov2_vitb14,blocks.4,median,468,83.32162666818182,83.32162666818182,83.32162666818182,0.38382673263549805
MMDpt_dinov2_vitb14_l5_gmedian,dinov2_vitb14,blocks.4,median,469,83.35334443181819,83.35334443181819,83.35334443181819,0.4840911626815796
MMDpt_dinov2_vitb14_l5_gmedian,dinov2_vitb14,blocks.4,median,470,83.45792123636365,83.45792123636365,83.45792123636365,0.4106055498123169
MMDpt_dinov2_vitb14_l5_gmedian,dinov2_vitb14,blocks.4,median,471,84.18152392727274,84.18152392727274,84.18152392727274,0.4052083492279053
MMDpt_dinov2_vitb14_l5_gmedian,dinov2_vitb14,blocks.4,median,472,84.62887205909091,84.62887205909091,84.62887205909091,0.3556138277053833
MMDpt_dinov2_vitb14_l5_gmedian,dinov2_vitb14,blocks.4,median,473,85.11071750454545,85.11071750454545,85.11071750454545,0.3087148666381836
MMDpt_dinov2_vitb14_l5_gmedian,dinov2_vitb14,blocks.4,median,474,85.12217595454545,85.12217595454545,85.12217595454545,0.3556809425354004
MMDpt_dinov2_vitb14_l5_gmedian,dinov2_vitb14,blocks.4,median,475,85.54109655454546,85.54109655454546,85.54109655454546,0.48706281185150146
MMDpt_dinov2_vitb14_l5_gmedian,dinov2_vitb14,blocks.4,median,476,85.8163718359091,85.8163718359091,85.8163718359091,0.789917528629303
MMDpt_dinov2_vitb14_l5_gmedian,dinov2_vitb14,blocks.4,median,477,86.0069106,86.0069106,86.0069106,0.49506282806396484
MMDpt_dinov2_vitb14_l5_gmedian,dinov2_vitb14,blocks.4,median,478,86.07828567272726,86.07828567272726,86.07828567272726,0.5690618753433228
MMDpt_dinov2_vitb14_l5_gmedian,dinov2_vitb14,blocks.4,median,479,86.46879091363637,86.46879091363637,86.46879091363637,0.41175591945648193
MMDpt_dinov2_vitb14_l5_gmedian,dinov2_vitb14,blocks.4,median,480,87.81027129545454,87.81027129545454,87.81027129545454,0.5973449349403381
CMMDpt_CLIP_ViT-L14,CLIP_ViT-L/14,768d,5.00e-03,1,10.383351573636363,10.383351573636363,10.383351573636363,0.9301908612251282
CMMDpt_CLIP_ViT-L14,CLIP_ViT-L/14,768d,5.00e-03,2,11.237612673636363,11.237612673636363,11.237612673636363,0.8752458691596985
CMMDpt_CLIP_ViT-L14,CLIP_ViT-L/14,768d,5.00e-03,3,12.873956289545454,12.873956289545454,12.873956289545454,0.8657747507095337
CMMDpt_CLIP_ViT-L14,CLIP_ViT-L/14,768d,5.00e-03,4,13.852077771363637,13.852077771363637,13.852077771363637,0.9095521569252014
CMMDpt_CLIP_ViT-L14,CLIP_ViT-L/14,768d,5.00e-03,5,14.772021149545454,14.772021149545454,14.772021149545454,0.8183338642120361
CMMDpt_CLIP_ViT-L14,CLIP_ViT-L/14,768d,5.00e-03,6,15.774696462272727,15.774696462272727,15.774696462272727,0.8886772394180298
CMMDpt_CLIP_ViT-L14,CLIP_ViT-L/14,768d,5.00e-03,7,16.11136225,16.11136225,16.11136225,0.8171792030334473
CMMDpt_CLIP_ViT-L14,CLIP_ViT-L/14,768d,5.00e-03,8,16.718538883636366,16.718538883636366,16.718538883636366,0.9034000635147095
CMMDpt_CLIP_ViT-L14,CLIP_ViT-L/14,768d,5.00e-03,9,16.83383592,16.83383592,16.83383592,0.8421931862831116
CMMDpt_CLIP_ViT-L14,CLIP_ViT-L/14,768d,5.00e-03,10,16.977602550909094,16.977602550909094,16.977602550909094,0.8963491916656494
CMMDpt_CLIP_ViT-L14,CLIP_ViT-L/14,768d,5.00e-03,11,17.128398308636363,17.128398308636363,17.128398308636363,0.8844059705734253
CMMDpt_CLIP_ViT-L14,CLIP_ViT-L/14,768d,5.00e-03,12,17.49981897681818,17.49981897681818,17.49981897681818,0.8569678664207458
CMMDpt_CLIP_ViT-L14,CLIP_ViT-L/14,768d,5.00e-03,13,18.01987185318182,18.01987185318182,18.01987185318182,0.89417564868927
CMMDpt_CLIP_ViT-L14,CLIP_ViT-L/14,768d,5.00e-03,14,18.22368484818182,18.22368484818182,18.22368484818182,0.8901463747024536
CMMDpt_CLIP_ViT-L14,CLIP_ViT-L/14,768d,5.00e-03,15,18.40435578590909,18.40435578590909,18.40435578590909,0.8568229079246521
CMMDpt_CLIP_ViT-L14,CLIP_ViT-L/14,768d,5.00e-03,16,18.964998386363636,18.964998386363636,18.964998386363636,0.9231409430503845
CMMDpt_CLIP_ViT-L14,CLIP_ViT-L/14,768d,5.00e-03,17,19.531784013636365,19.531784013636365,19.531784013636365,0.8651823997497559
CMMDpt_CLIP_ViT-L14,CLIP_ViT-L/14,768d,5.00e-03,18,21.457911477272727,21.457911477272727,21.457911477272727,0.9419841766357422
CMMDpt_CLIP_ViT-L14,CLIP_ViT-L/14,768d,5.00e-03,19,22.164942098181818,22.164942098181818,22.164942098181818,0.8254294991493225
CMMDpt_CLIP_ViT-L14,CLIP_ViT-L/14,768d,5.00e-03,20,22.207954510454545,22.207954510454545,22.207954510454545,0.8925452828407288
CMMDpt_CLIP_ViT-L14,CLIP_ViT-L/14,768d,5.00e-03,21,22.336504287727273,22.336504287727273,22.336504287727273,0.8598339557647705
CMMDpt_CLIP_ViT-L14,CLIP_ViT-L/14,768d,5.00e-03,22,22.775860404545455,22.775860404545455,22.775860404545455,0.821277379989624
CMMDpt_CLIP_ViT-L14,CLIP_ViT-L/14,768d,5.00e-03,23,23.03693973772727,23.03693973772727,23.03693973772727,0.8404929637908936
CMMDpt_CLIP_ViT-L14,CLIP_ViT-L/14,768d,5.00e-03,24,23.073138160909092,23.073138160909092,23.073138160909092,0.8337674736976624
CMMDpt_CLIP_ViT-L14,CLIP_ViT-L/14,768d,5.00e-03,25,23.859046570909094,23.859046570909094,23.859046570909094,0.8846024870872498
CMMDpt_CLIP_ViT-L14,CLIP_ViT-L/14,768d,5.00e-03,26,24.108436355454547,24.108436355454547,24.108436355454547,0.8557020425796509
CMMDpt_CLIP_ViT-L14,CLIP_ViT-L/14,768d,5.00e-03,27,24.136628927727273,24.136628927727273,24.136628927727273,0.8076367378234863
CMMDpt_CLIP_ViT-L14,CLIP_ViT-L/14,768d,5.00e-03,28,24.706419758636365,24.706419758636365,24.706419758636365,0.9322484731674194
CMMDpt_CLIP_ViT-L14,CLIP_ViT-L/14,768d,5.00e-03,29,25.160939161363636,25.160939161363636,25.160939161363636,0.8198602199554443
CMMDpt_CLIP_ViT-L14,CLIP_ViT-L/14,768d,5.00e-03,30,25.272293834545454,25.272293834545454,25.272293834545454,0.8621047735214233
CMMDpt_CLIP_ViT-L14,CLIP_ViT-L/14,768d,5.00e-03,31,25.739496508636364,25.739496508636364,25.739496508636364,0.8997358679771423
CMMDpt_CLIP_ViT-L14,CLIP_ViT-L/14,768d,5.00e-03,32,26.08368123090909,26.08368123090909,26.08368123090909,0.9411244988441467
CMMDpt_CLIP_ViT-L14,CLIP_ViT-L/14,768d,5.00e-03,33,26.26193154681818,26.26193154681818,26.26193154681818,0.8933092951774597
CMMDpt_CLIP_ViT-L14,CLIP_ViT-L/14,768d,5.00e-03,34,26.29922768272727,26.29922768272727,26.29922768272727,0.9149234294891357
CMMDpt_CLIP_ViT-L14,CLIP_ViT-L/14,768d,5.00e-03,35,26.647243233181822,26.647243233181822,26.647243233181822,0.8142311573028564
CMMDpt_CLIP_ViT-L14,CLIP_ViT-L/14,768d,5.00e-03,36,26.80277036,26.80277036,26.80277036,0.8401898741722107
CMMDpt_CLIP_ViT-L14,CLIP_ViT-L/14,768d,5.00e-03,37,27.710613355454544,27.710613355454544,27.710613355454544,0.8942714333534241
CMMDpt_CLIP_ViT-L14,CLIP_ViT-L/14,768d,5.00e-03,38,27.723830698181818,27.723830698181818,27.723830698181818,0.9154297113418579
CMMDpt_CLIP_ViT-L14,CLIP_ViT-L/14,768d,5.00e-03,39,27.94224735681818,27.94224735681818,27.94224735681818,0.8540704250335693
CMMDpt_CLIP_ViT-L14,CLIP_ViT-L/14,768d,5.00e-03,40,28.008295531363636,28.008295531363636,28.008295531363636,0.8608781099319458
CMMDpt_CLIP_ViT-L14,CLIP_ViT-L/14,768d,5.00e-03,41,28.427649107272728,28.427649107272728,28.427649107272728,0.9367049932479858
CMMDpt_CLIP_ViT-L14,CLIP_ViT-L/14,768d,5.00e-03,42,28.610673086363636,28.610673086363636,28.610673086363636,0.909654974937439
CMMDpt_CLIP_ViT-L14,CLIP_ViT-L/14,768d,5.00e-03,43,28.864666542727274,28.864666542727274,28.864666542727274,0.9003677368164062
CMMDpt_CLIP_ViT-L14,CLIP_ViT-L/14,768d,5.00e-03,44,28.872480873181818,28.872480873181818,28.872480873181818,0.8380403518676758
CMMDpt_CLIP_ViT-L14,CLIP_ViT-L/14,768d,5.00e-03,45,29.867093540909092,29.867093540909092,29.867093540909092,0.9167963266372681
CMMDpt_CLIP_ViT-L14,CLIP_ViT-L/14,768d,5.00e-03,46,30.946254809545454,30.946254809545454,30.946254809545454,0.9339800477027893
CMMDpt_CLIP_ViT-L14,CLIP_ViT-L/14,768d,5.00e-03,47,31.113843444545456,31.113843444545456,31.113843444545456,0.9263225793838501
CMMDpt_CLIP_ViT-L14,CLIP_ViT-L/14,768d,5.00e-03,48,31.75240744409091,31.75240744409091,31.75240744409091,0.8561525344848633
CMMDpt_CLIP_ViT-L14,CLIP_ViT-L/14,768d,5.00e-03,49,31.962474827272725,31.962474827272725,31.962474827272725,0.8898248672485352
CMMDpt_CLIP_ViT-L14,CLIP_ViT-L/14,768d,5.00e-03,50,32.10326235227273,32.10326235227273,32.10326235227273,0.9218372106552124
CMMDpt_CLIP_ViT-L14,CLIP_ViT-L/14,768d,5.00e-03,51,32.57260997909091,32.57260997909091,32.57260997909091,0.830369234085083
CMMDpt_CLIP_ViT-L14,CLIP_ViT-L/14,768d,5.00e-03,52,33.29309288772727,33.29309288772727,33.29309288772727,0.8499237298965454
CMMDpt_CLIP_ViT-L14,CLIP_ViT-L/14,768d,5.00e-03,53,33.63066458409091,33.63066458409091,33.63066458409091,0.8662813901901245
CMMDpt_CLIP_ViT-L14,CLIP_ViT-L/14,768d,5.00e-03,54,33.94931614045454,33.94931614045454,33.94931614045454,0.8765228986740112
CMMDpt_CLIP_ViT-L14,CLIP_ViT-L/14,768d,5.00e-03,55,34.254768114545456,34.254768114545456,34.254768114545456,0.9027068614959717
CMMDpt_CLIP_ViT-L14,CLIP_ViT-L/14,768d,5.00e-03,56,35.01583384090909,35.01583384090909,35.01583384090909,0.8375412225723267
CMMDpt_CLIP_ViT-L14,CLIP_ViT-L/14,768d,5.00e-03,57,35.61844186090909,35.61844186090909,35.61844186090909,0.8664193153381348
CMMDpt_CLIP_ViT-L14,CLIP_ViT-L/14,768d,5.00e-03,58,36.50372615909091,36.50372615909091,36.50372615909091,0.9582811594009399
CMMDpt_CLIP_ViT-L14,CLIP_ViT-L/14,768d,5.00e-03,59,36.74721518909091,36.74721518909091,36.74721518909091,0.8426831960678101
CMMDpt_CLIP_ViT-L14,CLIP_ViT-L/14,768d,5.00e-03,60,37.183868766818186,37.183868766818186,37.183868766818186,0.8604326844215393
CMMDpt_CLIP_ViT-L14,CLIP_ViT-L/14,768d,5.00e-03,61,37.586910895,37.586910895,37.586910895,0.8608351349830627
CMMDpt_CLIP_ViT-L14,CLIP_ViT-L/14,768d,5.00e-03,62,37.90925234181818,37.90925234181818,37.90925234181818,0.9308419823646545
CMMDpt_CLIP_ViT-L14,CLIP_ViT-L/14,768d,5.00e-03,63,39.159607152727276,39.159607152727276,39.159607152727276,0.863753080368042
CMMDpt_CLIP_ViT-L14,CLIP_ViT-L/14,768d,5.00e-03,64,39.16116855045455,39.16116855045455,39.16116855045455,0.8859498500823975
CMMDpt_CLIP_ViT-L14,CLIP_ViT-L/14,768d,5.00e-03,65,39.50363207727273,39.50363207727273,39.50363207727273,0.8255288004875183
CMMDpt_CLIP_ViT-L14,CLIP_ViT-L/14,768d,5.00e-03,66,39.72578294681818,39.72578294681818,39.72578294681818,0.9055538773536682
CMMDpt_CLIP_ViT-L14,CLIP_ViT-L/14,768d,5.00e-03,67,40.10658689318182,40.10658689318182,40.10658689318182,0.853946328163147
CMMDpt_CLIP_ViT-L14,CLIP_ViT-L/14,768d,5.00e-03,68,40.511631334545456,40.511631334545456,40.511631334545456,0.8380938768386841
CMMDpt_CLIP_ViT-L14,CLIP_ViT-L/14,768d,5.00e-03,69,41.22542756590909,41.22542756590909,41.22542756590909,0.8573106527328491
CMMDpt_CLIP_ViT-L14,CLIP_ViT-L/14,768d,5.00e-03,70,41.450596035,41.450596035,41.450596035,0.8168197870254517
CMMDpt_CLIP_ViT-L14,CLIP_ViT-L/14,768d,5.00e-03,71,41.606778884545456,41.606778884545456,41.606778884545456,0.7968360185623169
CMMDpt_CLIP_ViT-L14,CLIP_ViT-L/14,768d,5.00e-03,72,41.74143011090909,41.74143011090909,41.74143011090909,0.8834331035614014
CMMDpt_CLIP_ViT-L14,CLIP_ViT-L/14,768d,5.00e-03,73,42.27668356454546,42.27668356454546,42.27668356454546,0.8285694122314453
CMMDpt_CLIP_ViT-L14,CLIP_ViT-L/14,768d,5.00e-03,74,42.349748590454546,42.349748590454546,42.349748590454546,0.879256010055542
CMMDpt_CLIP_ViT-L14,CLIP_ViT-L/14,768d,5.00e-03,75,42.93479045136364,42.93479045136364,42.93479045136364,0.9220626950263977
CMMDpt_CLIP_ViT-L14,CLIP_ViT-L/14,768d,5.00e-03,76,42.999259720454546,42.999259720454546,42.999259720454546,0.8228810429573059
CMMDpt_CLIP_ViT-L14,CLIP_ViT-L/14,768d,5.00e-03,77,43.14833512181818,43.14833512181818,43.14833512181818,0.8994269371032715
CMMDpt_CLIP_ViT-L14,CLIP_ViT-L/14,768d,5.00e-03,78,43.849900354999995,43.849900354999995,43.849900354999995,0.8391343951225281
CMMDpt_CLIP_ViT-L14,CLIP_ViT-L/14,768d,5.00e-03,79,44.24228326,44.24228326,44.24228326,0.8476485013961792
CMMDpt_CLIP_ViT-L14,CLIP_ViT-L/14,768d,5.00e-03,80,44.68483293727273,44.68483293727273,44.68483293727273,0.8582682013511658
CMMDpt_CLIP_ViT-L14,CLIP_ViT-L/14,768d,5.00e-03,81,45.014271393181815,45.014271393181815,45.014271393181815,0.8435216546058655
CMMDpt_CLIP_ViT-L14,CLIP_ViT-L/14,768d,5.00e-03,82,45.044897863636365,45.044897863636365,45.044897863636365,0.9381537437438965
CMMDpt_CLIP_ViT-L14,CLIP_ViT-L/14,768d,5.00e-03,83,45.242849799999995,45.242849799999995,45.242849799999995,0.8107773065567017
CMMDpt_CLIP_ViT-L14,CLIP_ViT-L/14,768d,5.00e-03,84,45.34376912590909,45.34376912590909,45.34376912590909,0.854992151260376
CMMDpt_CLIP_ViT-L14,CLIP_ViT-L/14,768d,5.00e-03,85,45.44974382363636,45.44974382363636,45.44974382363636,0.8670284748077393
CMMDpt_CLIP_ViT-L14,CLIP_ViT-L/14,768d,5.00e-03,86,45.87703164136364,45.87703164136364,45.87703164136364,0.8276631832122803
CMMDpt_CLIP_ViT-L14,CLIP_ViT-L/14,768d,5.00e-03,87,46.05975058136364,46.05975058136364,46.05975058136364,0.8475813865661621
CMMDpt_CLIP_ViT-L14,CLIP_ViT-L/14,768d,5.00e-03,88,46.3385215,46.3385215,46.3385215,0.8337982892990112
CMMDpt_CLIP_ViT-L14,CLIP_ViT-L/14,768d,5.00e-03,89,46.461104443636366,46.461104443636366,46.461104443636366,0.8439803123474121
CMMDpt_CLIP_ViT-L14,CLIP_ViT-L/14,768d,5.00e-03,90,46.55172569545454,46.55172569545454,46.55172569545454,0.8441115021705627
CMMDpt_CLIP_ViT-L14,CLIP_ViT-L/14,768d,5.00e-03,91,46.63784059272727,46.63784059272727,46.63784059272727,0.8417091965675354
CMMDpt_CLIP_ViT-L14,CLIP_ViT-L/14,768d,5.00e-03,92,46.92503363227272,46.92503363227272,46.92503363227272,0.853770911693573
CMMDpt_CLIP_ViT-L14,CLIP_ViT-L/14,768d,5.00e-03,93,46.98420985,46.98420985,46.98420985,0.879906177520752
CMMDpt_CLIP_ViT-L14,CLIP_ViT-L/14,768d,5.00e-03,94,47.05894020545455,47.05894020545455,47.05894020545455,0.8531058430671692
CMMDpt_CLIP_ViT-L14,CLIP_ViT-L/14,768d,5.00e-03,95,47.18393024863636,47.18393024863636,47.18393024863636,0.8260504007339478
CMMDpt_CLIP_ViT-L14,CLIP_ViT-L/14,768d,5.00e-03,96,47.45620903181818,47.45620903181818,47.45620903181818,0.8807491064071655
CMMDpt_CLIP_ViT-L14,CLIP_ViT-L/14,768d,5.00e-03,97,47.57944400681818,47.57944400681818,47.57944400681818,0.9058321714401245
CMMDpt_CLIP_ViT-L14,CLIP_ViT-L/14,768d,5.00e-03,98,47.68605184090909,47.68605184090909,47.68605184090909,0.8878390789031982
CMMDpt_CLIP_ViT-L14,CLIP_ViT-L/14,768d,5.00e-03,99,47.85413733318182,47.85413733318182,47.85413733318182,0.9084866046905518
CMMDpt_CLIP_ViT-L14,CLIP_ViT-L/14,768d,5.00e-03,100,47.997159330454544,47.997159330454544,47.997159330454544,0.9207730293273926
CMMDpt_CLIP_ViT-L14,CLIP_ViT-L/14,768d,5.00e-03,101,48.745656067727275,48.745656067727275,48.745656067727275,0.8868427276611328
CMMDpt_CLIP_ViT-L14,CLIP_ViT-L/14,768d,5.00e-03,102,48.974869975454546,48.974869975454546,48.974869975454546,0.8594920039176941
CMMDpt_CLIP_ViT-L14,CLIP_ViT-L/14,768d,5.00e-03,103,49.269933079999994,49.269933079999994,49.269933079999994,0.8897019624710083
CMMDpt_CLIP_ViT-L14,CLIP_ViT-L/14,768d,5.00e-03,104,49.50143869090909,49.50143869090909,49.50143869090909,0.8113862872123718
CMMDpt_CLIP_ViT-L14,CLIP_ViT-L/14,768d,5.00e-03,105,50.02686477227273,50.02686477227273,50.02686477227273,0.810828447341919
CMMDpt_CLIP_ViT-L14,CLIP_ViT-L/14,768d,5.00e-03,106,50.24467801363637,50.24467801363637,50.24467801363637,0.8728607892990112
CMMDpt_CLIP_ViT-L14,CLIP_ViT-L/14,768d,5.00e-03,107,50.26601576545454,50.26601576545454,50.26601576545454,0.8575884103775024
CMMDpt_CLIP_ViT-L14,CLIP_ViT-L/14,768d,5.00e-03,108,50.287720933636365,50.287720933636365,50.287720933636365,0.943880558013916
CMMDpt_CLIP_ViT-L14,CLIP_ViT-L/14,768d,5.00e-03,109,50.397065763181814,50.397065763181814,50.397065763181814,0.8725948333740234
CMMDpt_CLIP_ViT-L14,CLIP_ViT-L/14,768d,5.00e-03,110,50.44004938636363,50.44004938636363,50.44004938636363,0.8533509969711304
CMMDpt_CLIP_ViT-L14,CLIP_ViT-L/14,768d,5.00e-03,111,50.53053583909091,50.53053583909091,50.53053583909091,0.9040113687515259
CMMDpt_CLIP_ViT-L14,CLIP_ViT-L/14,768d,5.00e-03,112,50.744067415454545,50.744067415454545,50.744067415454545,0.8593007326126099
CMMDpt_CLIP_ViT-L14,CLIP_ViT-L/14,768d,5.00e-03,113,50.877768575909094,50.877768575909094,50.877768575909094,0.9353690147399902
CMMDpt_CLIP_ViT-L14,CLIP_ViT-L/14,768d,5.00e-03,114,50.952142585000004,50.952142585000004,50.952142585000004,0.808426022529602
CMMDpt_CLIP_ViT-L14,CLIP_ViT-L/14,768d,5.00e-03,115,51.255980857727266,51.255980857727266,51.255980857727266,0.8420708179473877
CMMDpt_CLIP_ViT-L14,CLIP_ViT-L/14,768d,5.00e-03,116,51.47010300409091,51.47010300409091,51.47010300409091,0.9390583038330078
CMMDpt_CLIP_ViT-L14,CLIP_ViT-L/14,768d,5.00e-03,117,51.48649149727273,51.48649149727273,51.48649149727273,0.8445023894309998
CMMDpt_CLIP_ViT-L14,CLIP_ViT-L/14,768d,5.00e-03,118,51.49088870772727,51.49088870772727,51.49088870772727,0.892339289188385
CMMDpt_CLIP_ViT-L14,CLIP_ViT-L/14,768d,5.00e-03,119,51.669473619090915,51.669473619090915,51.669473619090915,0.8543539047241211
CMMDpt_CLIP_ViT-L14,CLIP_ViT-L/14,768d,5.00e-03,120,51.78909724363636,51.78909724363636,51.78909724363636,0.8623785376548767
CMMDpt_CLIP_ViT-L14,CLIP_ViT-L/14,768d,5.00e-03,121,51.85205774272727,51.85205774272727,51.85205774272727,0.8682569265365601
CMMDpt_CLIP_ViT-L14,CLIP_ViT-L/14,768d,5.00e-03,122,51.87800455454545,51.87800455454545,51.87800455454545,0.9126863479614258
CMMDpt_CLIP_ViT-L14,CLIP_ViT-L/14,768d,5.00e-03,123,51.92553946363636,51.92553946363636,51.92553946363636,0.8215664625167847
CMMDpt_CLIP_ViT-L14,CLIP_ViT-L/14,768d,5.00e-03,124,52.00039339090909,52.00039339090909,52.00039339090909,0.9179964065551758
CMMDpt_CLIP_ViT-L14,CLIP_ViT-L/14,768d,5.00e-03,125,52.126720309090906,52.126720309090906,52.126720309090906,0.9009701013565063
CMMDpt_CLIP_ViT-L14,CLIP_ViT-L/14,768d,5.00e-03,126,52.30133809090909,52.30133809090909,52.30133809090909,0.8834699392318726
CMMDpt_CLIP_ViT-L14,CLIP_ViT-L/14,768d,5.00e-03,127,52.82782977227273,52.82782977227273,52.82782977227273,0.8106536865234375
CMMDpt_CLIP_ViT-L14,CLIP_ViT-L/14,768d,5.00e-03,128,52.94948191,52.94948191,52.94948191,0.8065810203552246
CMMDpt_CLIP_ViT-L14,CLIP_ViT-L/14,768d,5.00e-03,129,52.977303153181815,52.977303153181815,52.977303153181815,0.8595505952835083
CMMDpt_CLIP_ViT-L14,CLIP_ViT-L/14,768d,5.00e-03,130,53.02329102272727,53.02329102272727,53.02329102272727,0.9143176674842834
CMMDpt_CLIP_ViT-L14,CLIP_ViT-L/14,768d,5.00e-03,131,53.11169118954546,53.11169118954546,53.11169118954546,0.8365745544433594
CMMDpt_CLIP_ViT-L14,CLIP_ViT-L/14,768d,5.00e-03,132,53.15595768772727,53.15595768772727,53.15595768772727,0.8441685438156128
CMMDpt_CLIP_ViT-L14,CLIP_ViT-L/14,768d,5.00e-03,133,53.19575964181818,53.19575964181818,53.19575964181818,0.8616214394569397
CMMDpt_CLIP_ViT-L14,CLIP_ViT-L/14,768d,5.00e-03,134,53.738266159999995,53.738266159999995,53.738266159999995,0.8537246584892273
CMMDpt_CLIP_ViT-L14,CLIP_ViT-L/14,768d,5.00e-03,135,54.35688324090909,54.35688324090909,54.35688324090909,0.9306595921516418
CMMDpt_CLIP_ViT-L14,CLIP_ViT-L/14,768d,5.00e-03,136,54.43010616227273,54.43010616227273,54.43010616227273,0.8527579307556152
CMMDpt_CLIP_ViT-L14,CLIP_ViT-L/14,768d,5.00e-03,137,54.51598353272727,54.51598353272727,54.51598353272727,0.8379363417625427
CMMDpt_CLIP_ViT-L14,CLIP_ViT-L/14,768d,5.00e-03,138,54.63723127590909,54.63723127590909,54.63723127590909,0.8808488845825195
CMMDpt_CLIP_ViT-L14,CLIP_ViT-L/14,768d,5.00e-03,139,54.68535675181818,54.68535675181818,54.68535675181818,0.8518089056015015
CMMDpt_CLIP_ViT-L14,CLIP_ViT-L/14,768d,5.00e-03,140,54.72388539863636,54.72388539863636,54.72388539863636,0.8624484539031982
CMMDpt_CLIP_ViT-L14,CLIP_ViT-L/14,768d,5.00e-03,141,55.23867115454546,55.23867115454546,55.23867115454546,0.9344168901443481
CMMDpt_CLIP_ViT-L14,CLIP_ViT-L/14,768d,5.00e-03,142,55.2775563909091,55.2775563909091,55.2775563909091,0.8160553574562073
CMMDpt_CLIP_ViT-L14,CLIP_ViT-L/14,768d,5.00e-03,143,55.699695931818184,55.699695931818184,55.699695931818184,0.8462048768997192
CMMDpt_CLIP_ViT-L14,CLIP_ViT-L/14,768d,5.00e-03,144,55.80372709545455,55.80372709545455,55.80372709545455,0.8330988883972168
CMMDpt_CLIP_ViT-L14,CLIP_ViT-L/14,768d,5.00e-03,145,55.82518654818182,55.82518654818182,55.82518654818182,0.8411465883255005
CMMDpt_CLIP_ViT-L14,CLIP_ViT-L/14,768d,5.00e-03,146,56.236087309090905,56.236087309090905,56.236087309090905,0.8158440589904785
CMMDpt_CLIP_ViT-L14,CLIP_ViT-L/14,768d,5.00e-03,147,56.34353036818182,56.34353036818182,56.34353036818182,0.8480556607246399
CMMDpt_CLIP_ViT-L14,CLIP_ViT-L/14,768d,5.00e-03,148,56.343846956363635,56.343846956363635,56.343846956363635,0.9225520491600037
CMMDpt_CLIP_ViT-L14,CLIP_ViT-L/14,768d,5.00e-03,149,56.418747340909086,56.418747340909086,56.418747340909086,0.8642441034317017
CMMDpt_CLIP_ViT-L14,CLIP_ViT-L/14,768d,5.00e-03,150,56.4284854,56.4284854,56.4284854,0.8185162544250488
CMMDpt_CLIP_ViT-L14,CLIP_ViT-L/14,768d,5.00e-03,151,56.43083487727272,56.43083487727272,56.43083487727272,0.9245762825012207
CMMDpt_CLIP_ViT-L14,CLIP_ViT-L/14,768d,5.00e-03,152,56.73676582727273,56.73676582727273,56.73676582727273,0.8497694134712219
CMMDpt_CLIP_ViT-L14,CLIP_ViT-L/14,768d,5.00e-03,153,56.80215198181818,56.80215198181818,56.80215198181818,0.8246468901634216
CMMDpt_CLIP_ViT-L14,CLIP_ViT-L/14,768d,5.00e-03,154,56.838491672272724,56.838491672272724,56.838491672272724,0.887519121170044
CMMDpt_CLIP_ViT-L14,CLIP_ViT-L/14,768d,5.00e-03,155,56.87784920000001,56.87784920000001,56.87784920000001,0.8475497961044312
CMMDpt_CLIP_ViT-L14,CLIP_ViT-L/14,768d,5.00e-03,156,56.88495511818182,56.88495511818182,56.88495511818182,0.8545926809310913
CMMDpt_CLIP_ViT-L14,CLIP_ViT-L/14,768d,5.00e-03,157,56.89427865,56.89427865,56.89427865,0.8633638620376587
CMMDpt_CLIP_ViT-L14,CLIP_ViT-L/14,768d,5.00e-03,158,57.014437336363635,57.014437336363635,57.014437336363635,0.9078015089035034
CMMDpt_CLIP_ViT-L14,CLIP_ViT-L/14,768d,5.00e-03,159,57.01605029863636,57.01605029863636,57.01605029863636,0.9208570718765259
CMMDpt_CLIP_ViT-L14,CLIP_ViT-L/14,768d,5.00e-03,160,57.06027285454545,57.06027285454545,57.06027285454545,0.8093845248222351
CMMDpt_CLIP_ViT-L14,CLIP_ViT-L/14,768d,5.00e-03,161,57.08577673045454,57.08577673045454,57.08577673045454,0.9626336097717285
CMMDpt_CLIP_ViT-L14,CLIP_ViT-L/14,768d,5.00e-03,162,57.165035822727276,57.165035822727276,57.165035822727276,0.8463575839996338
CMMDpt_CLIP_ViT-L14,CLIP_ViT-L/14,768d,5.00e-03,163,57.30280682363637,57.30280682363637,57.30280682363637,0.820692777633667
CMMDpt_CLIP_ViT-L14,CLIP_ViT-L/14,768d,5.00e-03,164,57.552973348181816,57.552973348181816,57.552973348181816,0.8704419732093811
CMMDpt_CLIP_ViT-L14,CLIP_ViT-L/14,768d,5.00e-03,165,57.715692645,57.715692645,57.715692645,0.8419429659843445
CMMDpt_CLIP_ViT-L14,CLIP_ViT-L/14,768d,5.00e-03,166,57.94736867727273,57.94736867727273,57.94736867727273,0.8778539299964905
CMMDpt_CLIP_ViT-L14,CLIP_ViT-L/14,768d,5.00e-03,167,58.01582408181818,58.01582408181818,58.01582408181818,0.8568664789199829
CMMDpt_CLIP_ViT-L14,CLIP_ViT-L/14,768d,5.00e-03,168,58.14704098045454,58.14704098045454,58.14704098045454,0.8496949672698975
CMMDpt_CLIP_ViT-L14,CLIP_ViT-L/14,768d,5.00e-03,169,58.40466673181818,58.40466673181818,58.40466673181818,0.8085600137710571
CMMDpt_CLIP_ViT-L14,CLIP_ViT-L/14,768d,5.00e-03,170,58.48494007,58.48494007,58.48494007,0.8161157369613647
CMMDpt_CLIP_ViT-L14,CLIP_ViT-L/14,768d,5.00e-03,171,58.90741873181818,58.90741873181818,58.90741873181818,0.8998632431030273
CMMDpt_CLIP_ViT-L14,CLIP_ViT-L/14,768d,5.00e-03,172,58.92814133636364,58.92814133636364,58.92814133636364,0.8183077573776245
CMMDpt_CLIP_ViT-L14,CLIP_ViT-L/14,768d,5.00e-03,173,58.959711454090915,58.959711454090915,58.959711454090915,0.8578625917434692
CMMDpt_CLIP_ViT-L14,CLIP_ViT-L/14,768d,5.00e-03,174,59.080638213636355,59.080638213636355,59.080638213636355,0.9086997509002686
CMMDpt_CLIP_ViT-L14,CLIP_ViT-L/14,768d,5.00e-03,175,59.15176404636364,59.15176404636364,59.15176404636364,0.9857522249221802
CMMDpt_CLIP_ViT-L14,CLIP_ViT-L/14,768d,5.00e-03,176,59.165360129545455,59.165360129545455,59.165360129545455,0.872348427772522
CMMDpt_CLIP_ViT-L14,CLIP_ViT-L/14,768d,5.00e-03,177,59.343238913181814,59.343238913181814,59.343238913181814,0.8640124797821045
CMMDpt_CLIP_ViT-L14,CLIP_ViT-L/14,768d,5.00e-03,178,59.52943686818182,59.52943686818182,59.52943686818182,0.837888240814209
CMMDpt_CLIP_ViT-L14,CLIP_ViT-L/14,768d,5.00e-03,179,59.53394987363636,59.53394987363636,59.53394987363636,0.8619158267974854
CMMDpt_CLIP_ViT-L14,CLIP_ViT-L/14,768d,5.00e-03,180,59.61907620909091,59.61907620909091,59.61907620909091,0.8259163498878479
CMMDpt_CLIP_ViT-L14,CLIP_ViT-L/14,768d,5.00e-03,181,59.64024705,59.64024705,59.64024705,0.8524233102798462
CMMDpt_CLIP_ViT-L14,CLIP_ViT-L/14,768d,5.00e-03,182,59.81487126545455,59.81487126545455,59.81487126545455,0.8512368202209473
CMMDpt_CLIP_ViT-L14,CLIP_ViT-L/14,768d,5.00e-03,183,59.821444613636366,59.821444613636366,59.821444613636366,0.8490045070648193
CMMDpt_CLIP_ViT-L14,CLIP_ViT-L/14,768d,5.00e-03,184,59.82249576181818,59.82249576181818,59.82249576181818,0.8344951272010803
CMMDpt_CLIP_ViT-L14,CLIP_ViT-L/14,768d,5.00e-03,185,60.13491826227273,60.13491826227273,60.13491826227273,0.8469992876052856
CMMDpt_CLIP_ViT-L14,CLIP_ViT-L/14,768d,5.00e-03,186,60.66603184545455,60.66603184545455,60.66603184545455,0.8704473972320557
CMMDpt_CLIP_ViT-L14,CLIP_ViT-L/14,768d,5.00e-03,187,60.91525143409091,60.91525143409091,60.91525143409091,0.8348375558853149
CMMDpt_CLIP_ViT-L14,CLIP_ViT-L/14,768d,5.00e-03,188,60.98922430909091,60.98922430909091,60.98922430909091,0.8388124704360962
CMMDpt_CLIP_ViT-L14,CLIP_ViT-L/14,768d,5.00e-03,189,61.15445065909091,61.15445065909091,61.15445065909091,0.8498927354812622
CMMDpt_CLIP_ViT-L14,CLIP_ViT-L/14,768d,5.00e-03,190,61.257236485,61.257236485,61.257236485,0.8733755946159363
CMMDpt_CLIP_ViT-L14,CLIP_ViT-L/14,768d,5.00e-03,191,61.38288141818182,61.38288141818182,61.38288141818182,0.8998978137969971
CMMDpt_CLIP_ViT-L14,CLIP_ViT-L/14,768d,5.00e-03,192,61.41676890772727,61.41676890772727,61.41676890772727,0.8216688632965088
CMMDpt_CLIP_ViT-L14,CLIP_ViT-L/14,768d,5.00e-03,193,61.450913154545454,61.450913154545454,61.450913154545454,0.8565035462379456
CMMDpt_CLIP_ViT-L14,CLIP_ViT-L/14,768d,5.00e-03,194,61.557454278181815,61.557454278181815,61.557454278181815,0.8709417581558228
CMMDpt_CLIP_ViT-L14,CLIP_ViT-L/14,768d,5.00e-03,195,61.612018317727276,61.612018317727276,61.612018317727276,0.838913083076477
CMMDpt_CLIP_ViT-L14,CLIP_ViT-L/14,768d,5.00e-03,196,61.66026577136363,61.66026577136363,61.66026577136363,0.8490251302719116
CMMDpt_CLIP_ViT-L14,CLIP_ViT-L/14,768d,5.00e-03,197,61.784896459090916,61.784896459090916,61.784896459090916,0.8539903163909912
CMMDpt_CLIP_ViT-L14,CLIP_ViT-L/14,768d,5.00e-03,198,61.80260090454545,61.80260090454545,61.80260090454545,0.847399115562439
CMMDpt_CLIP_ViT-L14,CLIP_ViT-L/14,768d,5.00e-03,199,62.04634134636364,62.04634134636364,62.04634134636364,0.8046915531158447
CMMDpt_CLIP_ViT-L14,CLIP_ViT-L/14,768d,5.00e-03,200,62.140166177272725,62.140166177272725,62.140166177272725,0.8867173194885254
CMMDpt_CLIP_ViT-L14,CLIP_ViT-L/14,768d,5.00e-03,201,62.30800517363637,62.30800517363637,62.30800517363637,0.8467183709144592
CMMDpt_CLIP_ViT-L14,CLIP_ViT-L/14,768d,5.00e-03,202,62.48285368636363,62.48285368636363,62.48285368636363,0.9100944995880127
CMMDpt_CLIP_ViT-L14,CLIP_ViT-L/14,768d,5.00e-03,203,62.50087945,62.50087945,62.50087945,0.895077109336853
CMMDpt_CLIP_ViT-L14,CLIP_ViT-L/14,768d,5.00e-03,204,62.515273900000004,62.515273900000004,62.515273900000004,0.822370707988739
CMMDpt_CLIP_ViT-L14,CLIP_ViT-L/14,768d,5.00e-03,205,62.56153540454545,62.56153540454545,62.56153540454545,0.8227036595344543
CMMDpt_CLIP_ViT-L14,CLIP_ViT-L/14,768d,5.00e-03,206,62.62842450590909,62.62842450590909,62.62842450590909,0.8571170568466187
CMMDpt_CLIP_ViT-L14,CLIP_ViT-L/14,768d,5.00e-03,207,62.64787497272727,62.64787497272727,62.64787497272727,0.850176215171814
CMMDpt_CLIP_ViT-L14,CLIP_ViT-L/14,768d,5.00e-03,208,62.80573838590909,62.80573838590909,62.80573838590909,0.8429509997367859
CMMDpt_CLIP_ViT-L14,CLIP_ViT-L/14,768d,5.00e-03,209,62.831736559090906,62.831736559090906,62.831736559090906,0.934980034828186
CMMDpt_CLIP_ViT-L14,CLIP_ViT-L/14,768d,5.00e-03,210,63.033077886363635,63.033077886363635,63.033077886363635,0.8527531623840332
CMMDpt_CLIP_ViT-L14,CLIP_ViT-L/14,768d,5.00e-03,211,63.2958711590909,63.2958711590909,63.2958711590909,0.8320567607879639
CMMDpt_CLIP_ViT-L14,CLIP_ViT-L/14,768d,5.00e-03,212,63.30556153181818,63.30556153181818,63.30556153181818,0.8623214960098267
CMMDpt_CLIP_ViT-L14,CLIP_ViT-L/14,768d,5.00e-03,213,63.451246159090914,63.451246159090914,63.451246159090914,0.9287312626838684
CMMDpt_CLIP_ViT-L14,CLIP_ViT-L/14,768d,5.00e-03,214,63.51674641363636,63.51674641363636,63.51674641363636,0.9266597628593445
CMMDpt_CLIP_ViT-L14,CLIP_ViT-L/14,768d,5.00e-03,215,63.52993807136364,63.52993807136364,63.52993807136364,0.8143824934959412
CMMDpt_CLIP_ViT-L14,CLIP_ViT-L/14,768d,5.00e-03,216,63.601648069090906,63.601648069090906,63.601648069090906,0.9411207437515259
CMMDpt_CLIP_ViT-L14,CLIP_ViT-L/14,768d,5.00e-03,217,63.632569839545454,63.632569839545454,63.632569839545454,0.8499770164489746
CMMDpt_CLIP_ViT-L14,CLIP_ViT-L/14,768d,5.00e-03,218,63.65115097727273,63.65115097727273,63.65115097727273,0.8391076326370239
CMMDpt_CLIP_ViT-L14,CLIP_ViT-L/14,768d,5.00e-03,219,63.71100458181818,63.71100458181818,63.71100458181818,0.8624197244644165
CMMDpt_CLIP_ViT-L14,CLIP_ViT-L/14,768d,5.00e-03,220,63.89873966363636,63.89873966363636,63.89873966363636,0.8484076261520386
CMMDpt_CLIP_ViT-L14,CLIP_ViT-L/14,768d,5.00e-03,221,63.92419218818182,63.92419218818182,63.92419218818182,0.8490339517593384
CMMDpt_CLIP_ViT-L14,CLIP_ViT-L/14,768d,5.00e-03,222,63.96103896818182,63.96103896818182,63.96103896818182,0.8637564182281494
CMMDpt_CLIP_ViT-L14,CLIP_ViT-L/14,768d,5.00e-03,223,63.99746849090909,63.99746849090909,63.99746849090909,0.8793967962265015
CMMDpt_CLIP_ViT-L14,CLIP_ViT-L/14,768d,5.00e-03,224,64.02118780454545,64.02118780454545,64.02118780454545,0.966243326663971
CMMDpt_CLIP_ViT-L14,CLIP_ViT-L/14,768d,5.00e-03,225,64.02835174090909,64.02835174090909,64.02835174090909,0.8359872102737427
CMMDpt_CLIP_ViT-L14,CLIP_ViT-L/14,768d,5.00e-03,226,64.1043883409091,64.1043883409091,64.1043883409091,0.8463687896728516
CMMDpt_CLIP_ViT-L14,CLIP_ViT-L/14,768d,5.00e-03,227,64.15682117727273,64.15682117727273,64.15682117727273,0.8428443670272827
CMMDpt_CLIP_ViT-L14,CLIP_ViT-L/14,768d,5.00e-03,228,64.23845857272727,64.23845857272727,64.23845857272727,0.8502870798110962
CMMDpt_CLIP_ViT-L14,CLIP_ViT-L/14,768d,5.00e-03,229,64.25370258636363,64.25370258636363,64.25370258636363,0.8712499141693115
CMMDpt_CLIP_ViT-L14,CLIP_ViT-L/14,768d,5.00e-03,230,64.32671434181817,64.32671434181817,64.32671434181817,0.892212986946106
CMMDpt_CLIP_ViT-L14,CLIP_ViT-L/14,768d,5.00e-03,231,64.40631527727272,64.40631527727272,64.40631527727272,0.8375587463378906
CMMDpt_CLIP_ViT-L14,CLIP_ViT-L/14,768d,5.00e-03,232,64.56676404090909,64.56676404090909,64.56676404090909,0.8343114852905273
CMMDpt_CLIP_ViT-L14,CLIP_ViT-L/14,768d,5.00e-03,233,64.70266141363636,64.70266141363636,64.70266141363636,0.8449838161468506
CMMDpt_CLIP_ViT-L14,CLIP_ViT-L/14,768d,5.00e-03,234,64.83579067045456,64.83579067045456,64.83579067045456,0.8502835631370544
CMMDpt_CLIP_ViT-L14,CLIP_ViT-L/14,768d,5.00e-03,235,64.88276691590909,64.88276691590909,64.88276691590909,0.8367681503295898
CMMDpt_CLIP_ViT-L14,CLIP_ViT-L/14,768d,5.00e-03,236,64.91428311818181,64.91428311818181,64.91428311818181,0.9383324384689331
CMMDpt_CLIP_ViT-L14,CLIP_ViT-L/14,768d,5.00e-03,237,64.99876317727272,64.99876317727272,64.99876317727272,0.8328778147697449
CMMDpt_CLIP_ViT-L14,CLIP_ViT-L/14,768d,5.00e-03,238,65.11283459954545,65.11283459954545,65.11283459954545,0.8304204344749451
CMMDpt_CLIP_ViT-L14,CLIP_ViT-L/14,768d,5.00e-03,239,65.12859398045454,65.12859398045454,65.12859398045454,0.826932430267334
CMMDpt_CLIP_ViT-L14,CLIP_ViT-L/14,768d,5.00e-03,240,65.15700578272727,65.15700578272727,65.15700578272727,0.8455371856689453
CMMDpt_CLIP_ViT-L14,CLIP_ViT-L/14,768d,5.00e-03,241,65.26560826818182,65.26560826818182,65.26560826818182,0.8097662329673767
CMMDpt_CLIP_ViT-L14,CLIP_ViT-L/14,768d,5.00e-03,242,65.49862164545455,65.49862164545455,65.49862164545455,0.8933078646659851
CMMDpt_CLIP_ViT-L14,CLIP_ViT-L/14,768d,5.00e-03,243,65.58085287863636,65.58085287863636,65.58085287863636,0.9273709058761597
CMMDpt_CLIP_ViT-L14,CLIP_ViT-L/14,768d,5.00e-03,244,65.74797291818182,65.74797291818182,65.74797291818182,0.8075592517852783
CMMDpt_CLIP_ViT-L14,CLIP_ViT-L/14,768d,5.00e-03,245,65.77319434545456,65.77319434545456,65.77319434545456,0.8498688340187073
CMMDpt_CLIP_ViT-L14,CLIP_ViT-L/14,768d,5.00e-03,246,65.79643795909091,65.79643795909091,65.79643795909091,0.8162387609481812
CMMDpt_CLIP_ViT-L14,CLIP_ViT-L/14,768d,5.00e-03,247,65.90152255454545,65.90152255454545,65.90152255454545,0.8363238573074341
CMMDpt_CLIP_ViT-L14,CLIP_ViT-L/14,768d,5.00e-03,248,66.06104215454546,66.06104215454546,66.06104215454546,0.8182247877120972
CMMDpt_CLIP_ViT-L14,CLIP_ViT-L/14,768d,5.00e-03,249,66.34667021363636,66.34667021363636,66.34667021363636,0.8562756776809692
CMMDpt_CLIP_ViT-L14,CLIP_ViT-L/14,768d,5.00e-03,250,66.41367993636364,66.41367993636364,66.41367993636364,0.9547538757324219
CMMDpt_CLIP_ViT-L14,CLIP_ViT-L/14,768d,5.00e-03,251,66.49486482500001,66.49486482500001,66.49486482500001,0.8226746320724487
CMMDpt_CLIP_ViT-L14,CLIP_ViT-L/14,768d,5.00e-03,252,66.57540134545455,66.57540134545455,66.57540134545455,0.8335709571838379
CMMDpt_CLIP_ViT-L14,CLIP_ViT-L/14,768d,5.00e-03,253,66.64770191772728,66.64770191772728,66.64770191772728,0.8485568761825562
CMMDpt_CLIP_ViT-L14,CLIP_ViT-L/14,768d,5.00e-03,254,66.69631712272727,66.69631712272727,66.69631712272727,0.8450190424919128
CMMDpt_CLIP_ViT-L14,CLIP_ViT-L/14,768d,5.00e-03,255,66.69915260454546,66.69915260454546,66.69915260454546,0.8319625854492188
CMMDpt_CLIP_ViT-L14,CLIP_ViT-L/14,768d,5.00e-03,256,66.84640655909091,66.84640655909091,66.84640655909091,0.9313821196556091
CMMDpt_CLIP_ViT-L14,CLIP_ViT-L/14,768d,5.00e-03,257,66.92138232272727,66.92138232272727,66.92138232272727,0.8942421078681946
CMMDpt_CLIP_ViT-L14,CLIP_ViT-L/14,768d,5.00e-03,258,67.1600262,67.1600262,67.1600262,0.8370264172554016
CMMDpt_CLIP_ViT-L14,CLIP_ViT-L/14,768d,5.00e-03,259,67.24224864545455,67.24224864545455,67.24224864545455,0.8287054896354675
CMMDpt_CLIP_ViT-L14,CLIP_ViT-L/14,768d,5.00e-03,260,67.33497136227273,67.33497136227273,67.33497136227273,0.8368360996246338
CMMDpt_CLIP_ViT-L14,CLIP_ViT-L/14,768d,5.00e-03,261,67.50431248636363,67.50431248636363,67.50431248636363,0.8330284357070923
CMMDpt_CLIP_ViT-L14,CLIP_ViT-L/14,768d,5.00e-03,262,67.65232870272727,67.65232870272727,67.65232870272727,0.8744483590126038
CMMDpt_CLIP_ViT-L14,CLIP_ViT-L/14,768d,5.00e-03,263,67.78208407272727,67.78208407272727,67.78208407272727,0.9480157494544983
CMMDpt_CLIP_ViT-L14,CLIP_ViT-L/14,768d,5.00e-03,264,67.84529925,67.84529925,67.84529925,0.8731323480606079
CMMDpt_CLIP_ViT-L14,CLIP_ViT-L/14,768d,5.00e-03,265,67.89158320909091,67.89158320909091,67.89158320909091,0.847319483757019
CMMDpt_CLIP_ViT-L14,CLIP_ViT-L/14,768d,5.00e-03,266,67.98637594090908,67.98637594090908,67.98637594090908,0.84253990650177
CMMDpt_CLIP_ViT-L14,CLIP_ViT-L/14,768d,5.00e-03,267,68.0851692090909,68.0851692090909,68.0851692090909,0.8407363891601562
CMMDpt_CLIP_ViT-L14,CLIP_ViT-L/14,768d,5.00e-03,268,68.12695885,68.12695885,68.12695885,0.8312171101570129
CMMDpt_CLIP_ViT-L14,CLIP_ViT-L/14,768d,5.00e-03,269,68.2302839,68.2302839,68.2302839,0.8552132844924927
CMMDpt_CLIP_ViT-L14,CLIP_ViT-L/14,768d,5.00e-03,270,68.23565684545454,68.23565684545454,68.23565684545454,0.8642436265945435
CMMDpt_CLIP_ViT-L14,CLIP_ViT-L/14,768d,5.00e-03,271,68.26595938409092,68.26595938409092,68.26595938409092,0.8542536497116089
CMMDpt_CLIP_ViT-L14,CLIP_ViT-L/14,768d,5.00e-03,272,68.27114585318182,68.27114585318182,68.27114585318182,0.847392201423645
CMMDpt_CLIP_ViT-L14,CLIP_ViT-L/14,768d,5.00e-03,273,68.32032611363637,68.32032611363637,68.32032611363637,0.8525794744491577
CMMDpt_CLIP_ViT-L14,CLIP_ViT-L/14,768d,5.00e-03,274,68.38830778636363,68.38830778636363,68.38830778636363,0.8329242467880249
CMMDpt_CLIP_ViT-L14,CLIP_ViT-L/14,768d,5.00e-03,275,68.41746199090909,68.41746199090909,68.41746199090909,0.9606884717941284
CMMDpt_CLIP_ViT-L14,CLIP_ViT-L/14,768d,5.00e-03,276,68.46063733181818,68.46063733181818,68.46063733181818,0.8457272052764893
CMMDpt_CLIP_ViT-L14,CLIP_ViT-L/14,768d,5.00e-03,277,68.46664887727273,68.46664887727273,68.46664887727273,0.8320904970169067
CMMDpt_CLIP_ViT-L14,CLIP_ViT-L/14,768d,5.00e-03,278,68.47213741363636,68.47213741363636,68.47213741363636,0.814028263092041
CMMDpt_CLIP_ViT-L14,CLIP_ViT-L/14,768d,5.00e-03,279,68.93374281227273,68.93374281227273,68.93374281227273,0.8642458915710449
CMMDpt_CLIP_ViT-L14,CLIP_ViT-L/14,768d,5.00e-03,280,69.04567613727274,69.04567613727274,69.04567613727274,0.9566212892532349
CMMDpt_CLIP_ViT-L14,CLIP_ViT-L/14,768d,5.00e-03,281,69.05974111818182,69.05974111818182,69.05974111818182,0.8165704011917114
CMMDpt_CLIP_ViT-L14,CLIP_ViT-L/14,768d,5.00e-03,282,69.09219679545454,69.09219679545454,69.09219679545454,0.843100905418396
CMMDpt_CLIP_ViT-L14,CLIP_ViT-L/14,768d,5.00e-03,283,69.09712682727273,69.09712682727273,69.09712682727273,0.8248245716094971
CMMDpt_CLIP_ViT-L14,CLIP_ViT-L/14,768d,5.00e-03,284,69.10091421363637,69.10091421363637,69.10091421363637,0.8605942726135254
CMMDpt_CLIP_ViT-L14,CLIP_ViT-L/14,768d,5.00e-03,285,69.10780212727273,69.10780212727273,69.10780212727273,0.8453287482261658
CMMDpt_CLIP_ViT-L14,CLIP_ViT-L/14,768d,5.00e-03,286,69.12065298636364,69.12065298636364,69.12065298636364,0.9111158847808838
CMMDpt_CLIP_ViT-L14,CLIP_ViT-L/14,768d,5.00e-03,287,69.18059698636364,69.18059698636364,69.18059698636364,0.9053552746772766
CMMDpt_CLIP_ViT-L14,CLIP_ViT-L/14,768d,5.00e-03,288,69.23367816363636,69.23367816363636,69.23367816363636,0.8579205274581909
CMMDpt_CLIP_ViT-L14,CLIP_ViT-L/14,768d,5.00e-03,289,69.2644266,69.2644266,69.2644266,0.8659104704856873
CMMDpt_CLIP_ViT-L14,CLIP_ViT-L/14,768d,5.00e-03,290,69.35791935818182,69.35791935818182,69.35791935818182,0.8367177248001099
CMMDpt_CLIP_ViT-L14,CLIP_ViT-L/14,768d,5.00e-03,291,69.61843814545455,69.61843814545455,69.61843814545455,0.8348839282989502
CMMDpt_CLIP_ViT-L14,CLIP_ViT-L/14,768d,5.00e-03,292,69.80519480454545,69.80519480454545,69.80519480454545,0.8222442865371704
CMMDpt_CLIP_ViT-L14,CLIP_ViT-L/14,768d,5.00e-03,293,69.8553488,69.8553488,69.8553488,0.8253847360610962
CMMDpt_CLIP_ViT-L14,CLIP_ViT-L/14,768d,5.00e-03,294,69.88728480909091,69.88728480909091,69.88728480909091,0.8481967449188232
CMMDpt_CLIP_ViT-L14,CLIP_ViT-L/14,768d,5.00e-03,295,69.97248817863637,69.97248817863637,69.97248817863637,0.8436238765716553
CMMDpt_CLIP_ViT-L14,CLIP_ViT-L/14,768d,5.00e-03,296,70.05721009181819,70.05721009181819,70.05721009181819,0.8865014314651489
CMMDpt_CLIP_ViT-L14,CLIP_ViT-L/14,768d,5.00e-03,297,70.14929492727272,70.14929492727272,70.14929492727272,0.8950155973434448
CMMDpt_CLIP_ViT-L14,CLIP_ViT-L/14,768d,5.00e-03,298,70.15787111818182,70.15787111818182,70.15787111818182,0.8597829341888428
CMMDpt_CLIP_ViT-L14,CLIP_ViT-L/14,768d,5.00e-03,299,70.16147875909091,70.16147875909091,70.16147875909091,0.8325661420822144
CMMDpt_CLIP_ViT-L14,CLIP_ViT-L/14,768d,5.00e-03,300,70.20511073181818,70.20511073181818,70.20511073181818,0.8625490069389343
CMMDpt_CLIP_ViT-L14,CLIP_ViT-L/14,768d,5.00e-03,301,70.32331571818182,70.32331571818182,70.32331571818182,0.8248888254165649
CMMDpt_CLIP_ViT-L14,CLIP_ViT-L/14,768d,5.00e-03,302,70.37705808636363,70.37705808636363,70.37705808636363,0.8497531414031982
CMMDpt_CLIP_ViT-L14,CLIP_ViT-L/14,768d,5.00e-03,303,70.399005675,70.399005675,70.399005675,0.8476435542106628
CMMDpt_CLIP_ViT-L14,CLIP_ViT-L/14,768d,5.00e-03,304,70.50181075318181,70.50181075318181,70.50181075318181,0.82160484790802
CMMDpt_CLIP_ViT-L14,CLIP_ViT-L/14,768d,5.00e-03,305,70.6102672090909,70.6102672090909,70.6102672090909,0.8332151174545288
CMMDpt_CLIP_ViT-L14,CLIP_ViT-L/14,768d,5.00e-03,306,70.7436578590909,70.7436578590909,70.7436578590909,0.8424502611160278
CMMDpt_CLIP_ViT-L14,CLIP_ViT-L/14,768d,5.00e-03,307,70.83137117272727,70.83137117272727,70.83137117272727,0.8252040147781372
CMMDpt_CLIP_ViT-L14,CLIP_ViT-L/14,768d,5.00e-03,308,70.8352099,70.8352099,70.8352099,0.8367757797241211
CMMDpt_CLIP_ViT-L14,CLIP_ViT-L/14,768d,5.00e-03,309,70.84563281363636,70.84563281363636,70.84563281363636,0.860241174697876
CMMDpt_CLIP_ViT-L14,CLIP_ViT-L/14,768d,5.00e-03,310,70.86294127272727,70.86294127272727,70.86294127272727,0.8513410091400146
CMMDpt_CLIP_ViT-L14,CLIP_ViT-L/14,768d,5.00e-03,311,70.88488886772727,70.88488886772727,70.88488886772727,0.8298729658126831
CMMDpt_CLIP_ViT-L14,CLIP_ViT-L/14,768d,5.00e-03,312,70.94146290454545,70.94146290454545,70.94146290454545,0.8314562439918518
CMMDpt_CLIP_ViT-L14,CLIP_ViT-L/14,768d,5.00e-03,313,71.03486937272727,71.03486937272727,71.03486937272727,0.8568124771118164
CMMDpt_CLIP_ViT-L14,CLIP_ViT-L/14,768d,5.00e-03,314,71.06114357272727,71.06114357272727,71.06114357272727,0.8635631799697876
CMMDpt_CLIP_ViT-L14,CLIP_ViT-L/14,768d,5.00e-03,315,71.16676672727273,71.16676672727273,71.16676672727273,0.8249757289886475
CMMDpt_CLIP_ViT-L14,CLIP_ViT-L/14,768d,5.00e-03,316,71.17873871818182,71.17873871818182,71.17873871818182,0.8293972611427307
CMMDpt_CLIP_ViT-L14,CLIP_ViT-L/14,768d,5.00e-03,317,71.2066498259091,71.2066498259091,71.2066498259091,0.8591345548629761
CMMDpt_CLIP_ViT-L14,CLIP_ViT-L/14,768d,5.00e-03,318,71.25545576818182,71.25545576818182,71.25545576818182,0.8510574102401733
CMMDpt_CLIP_ViT-L14,CLIP_ViT-L/14,768d,5.00e-03,319,71.3174982909091,71.3174982909091,71.3174982909091,0.8585533499717712
CMMDpt_CLIP_ViT-L14,CLIP_ViT-L/14,768d,5.00e-03,320,71.36296618181818,71.36296618181818,71.36296618181818,0.9015954732894897
CMMDpt_CLIP_ViT-L14,CLIP_ViT-L/14,768d,5.00e-03,321,71.46931471818182,71.46931471818182,71.46931471818182,0.8341034054756165
CMMDpt_CLIP_ViT-L14,CLIP_ViT-L/14,768d,5.00e-03,322,71.72297334090909,71.72297334090909,71.72297334090909,0.9057623744010925
CMMDpt_CLIP_ViT-L14,CLIP_ViT-L/14,768d,5.00e-03,323,71.90808025909091,71.90808025909091,71.90808025909091,0.8652024865150452
CMMDpt_CLIP_ViT-L14,CLIP_ViT-L/14,768d,5.00e-03,324,71.99829709090909,71.99829709090909,71.99829709090909,0.8249301910400391
CMMDpt_CLIP_ViT-L14,CLIP_ViT-L/14,768d,5.00e-03,325,72.09644175681818,72.09644175681818,72.09644175681818,0.9531610608100891
CMMDpt_CLIP_ViT-L14,CLIP_ViT-L/14,768d,5.00e-03,326,72.15469048045455,72.15469048045455,72.15469048045455,0.8311117887496948
CMMDpt_CLIP_ViT-L14,CLIP_ViT-L/14,768d,5.00e-03,327,72.16259906363636,72.16259906363636,72.16259906363636,0.8639253377914429
CMMDpt_CLIP_ViT-L14,CLIP_ViT-L/14,768d,5.00e-03,328,72.25012620454545,72.25012620454545,72.25012620454545,0.8311486840248108
CMMDpt_CLIP_ViT-L14,CLIP_ViT-L/14,768d,5.00e-03,329,72.32991709090909,72.32991709090909,72.32991709090909,0.8548829555511475
CMMDpt_CLIP_ViT-L14,CLIP_ViT-L/14,768d,5.00e-03,330,72.3529890590909,72.3529890590909,72.3529890590909,0.8299534916877747
CMMDpt_CLIP_ViT-L14,CLIP_ViT-L/14,768d,5.00e-03,331,72.35690482818183,72.35690482818183,72.35690482818183,0.9330704808235168
CMMDpt_CLIP_ViT-L14,CLIP_ViT-L/14,768d,5.00e-03,332,72.45495321363636,72.45495321363636,72.45495321363636,0.8654335737228394
CMMDpt_CLIP_ViT-L14,CLIP_ViT-L/14,768d,5.00e-03,333,72.62635492727273,72.62635492727273,72.62635492727273,0.9043155908584595
CMMDpt_CLIP_ViT-L14,CLIP_ViT-L/14,768d,5.00e-03,334,72.63195748181819,72.63195748181819,72.63195748181819,0.9387143850326538
CMMDpt_CLIP_ViT-L14,CLIP_ViT-L/14,768d,5.00e-03,335,72.83995069636363,72.83995069636363,72.83995069636363,0.8001323342323303
CMMDpt_CLIP_ViT-L14,CLIP_ViT-L/14,768d,5.00e-03,336,72.89617321363636,72.89617321363636,72.89617321363636,0.8519240021705627
CMMDpt_CLIP_ViT-L14,CLIP_ViT-L/14,768d,5.00e-03,337,73.03390340545455,73.03390340545455,73.03390340545455,0.8741569519042969
CMMDpt_CLIP_ViT-L14,CLIP_ViT-L/14,768d,5.00e-03,338,73.11911989545455,73.11911989545455,73.11911989545455,0.8671785593032837
CMMDpt_CLIP_ViT-L14,CLIP_ViT-L/14,768d,5.00e-03,339,73.13833258181818,73.13833258181818,73.13833258181818,0.8439552783966064
CMMDpt_CLIP_ViT-L14,CLIP_ViT-L/14,768d,5.00e-03,340,73.33471177272727,73.33471177272727,73.33471177272727,0.8144580125808716
CMMDpt_CLIP_ViT-L14,CLIP_ViT-L/14,768d,5.00e-03,341,73.33981687045456,73.33981687045456,73.33981687045456,0.8130543828010559
CMMDpt_CLIP_ViT-L14,CLIP_ViT-L/14,768d,5.00e-03,342,73.39854528636364,73.39854528636364,73.39854528636364,0.8492172360420227
CMMDpt_CLIP_ViT-L14,CLIP_ViT-L/14,768d,5.00e-03,343,73.41015931818183,73.41015931818183,73.41015931818183,0.8055511713027954
CMMDpt_CLIP_ViT-L14,CLIP_ViT-L/14,768d,5.00e-03,344,73.44266513181819,73.44266513181819,73.44266513181819,0.9564769268035889
CMMDpt_CLIP_ViT-L14,CLIP_ViT-L/14,768d,5.00e-03,345,73.44619574090909,73.44619574090909,73.44619574090909,0.8349450826644897
CMMDpt_CLIP_ViT-L14,CLIP_ViT-L/14,768d,5.00e-03,346,73.46868897499999,73.46868897499999,73.46868897499999,0.9366169571876526
CMMDpt_CLIP_ViT-L14,CLIP_ViT-L/14,768d,5.00e-03,347,73.50964273636363,73.50964273636363,73.50964273636363,0.8308849334716797
CMMDpt_CLIP_ViT-L14,CLIP_ViT-L/14,768d,5.00e-03,348,73.53120189545454,73.53120189545454,73.53120189545454,0.84898841381073
CMMDpt_CLIP_ViT-L14,CLIP_ViT-L/14,768d,5.00e-03,349,73.63946159545455,73.63946159545455,73.63946159545455,0.8407723903656006
CMMDpt_CLIP_ViT-L14,CLIP_ViT-L/14,768d,5.00e-03,350,73.76844457272728,73.76844457272728,73.76844457272728,0.8215858340263367
CMMDpt_CLIP_ViT-L14,CLIP_ViT-L/14,768d,5.00e-03,351,73.80118299272728,73.80118299272728,73.80118299272728,0.8386112451553345
CMMDpt_CLIP_ViT-L14,CLIP_ViT-L/14,768d,5.00e-03,352,73.90576145,73.90576145,73.90576145,0.866974413394928
CMMDpt_CLIP_ViT-L14,CLIP_ViT-L/14,768d,5.00e-03,353,73.96756481363637,73.96756481363637,73.96756481363637,0.7860347032546997
CMMDpt_CLIP_ViT-L14,CLIP_ViT-L/14,768d,5.00e-03,354,74.00717849454546,74.00717849454546,74.00717849454546,0.8349494934082031
CMMDpt_CLIP_ViT-L14,CLIP_ViT-L/14,768d,5.00e-03,355,74.01135728181818,74.01135728181818,74.01135728181818,0.8449338674545288
CMMDpt_CLIP_ViT-L14,CLIP_ViT-L/14,768d,5.00e-03,356,74.05095793636363,74.05095793636363,74.05095793636363,0.8289809823036194
CMMDpt_CLIP_ViT-L14,CLIP_ViT-L/14,768d,5.00e-03,357,74.05302495909092,74.05302495909092,74.05302495909092,0.8448790311813354
CMMDpt_CLIP_ViT-L14,CLIP_ViT-L/14,768d,5.00e-03,358,74.20412883636364,74.20412883636364,74.20412883636364,0.8464211225509644
CMMDpt_CLIP_ViT-L14,CLIP_ViT-L/14,768d,5.00e-03,359,74.32802774090909,74.32802774090909,74.32802774090909,0.8422442078590393
CMMDpt_CLIP_ViT-L14,CLIP_ViT-L/14,768d,5.00e-03,360,74.38583995454546,74.38583995454546,74.38583995454546,0.8504422903060913
CMMDpt_CLIP_ViT-L14,CLIP_ViT-L/14,768d,5.00e-03,361,74.46433656818182,74.46433656818182,74.46433656818182,0.8258035182952881
CMMDpt_CLIP_ViT-L14,CLIP_ViT-L/14,768d,5.00e-03,362,74.52572066363636,74.52572066363636,74.52572066363636,0.8013713955879211
CMMDpt_CLIP_ViT-L14,CLIP_ViT-L/14,768d,5.00e-03,363,74.86437946363637,74.86437946363637,74.86437946363637,0.8460322022438049
CMMDpt_CLIP_ViT-L14,CLIP_ViT-L/14,768d,5.00e-03,364,74.89747095909091,74.89747095909091,74.89747095909091,0.8888417482376099
CMMDpt_CLIP_ViT-L14,CLIP_ViT-L/14,768d,5.00e-03,365,74.9084351090909,74.9084351090909,74.9084351090909,0.8037858009338379
CMMDpt_CLIP_ViT-L14,CLIP_ViT-L/14,768d,5.00e-03,366,75.02020153181819,75.02020153181819,75.02020153181819,0.8452574014663696
CMMDpt_CLIP_ViT-L14,CLIP_ViT-L/14,768d,5.00e-03,367,75.04613550454546,75.04613550454546,75.04613550454546,0.8475149869918823
CMMDpt_CLIP_ViT-L14,CLIP_ViT-L/14,768d,5.00e-03,368,75.04910765454545,75.04910765454545,75.04910765454545,0.8204081058502197
CMMDpt_CLIP_ViT-L14,CLIP_ViT-L/14,768d,5.00e-03,369,75.04911406363637,75.04911406363637,75.04911406363637,0.8572384119033813
CMMDpt_CLIP_ViT-L14,CLIP_ViT-L/14,768d,5.00e-03,370,75.14242499545455,75.14242499545455,75.14242499545455,0.8791230320930481
CMMDpt_CLIP_ViT-L14,CLIP_ViT-L/14,768d,5.00e-03,371,75.14524949545454,75.14524949545454,75.14524949545454,0.8296584486961365
CMMDpt_CLIP_ViT-L14,CLIP_ViT-L/14,768d,5.00e-03,372,75.21942449545455,75.21942449545455,75.21942449545455,0.8339313268661499
CMMDpt_CLIP_ViT-L14,CLIP_ViT-L/14,768d,5.00e-03,373,75.2494860690909,75.2494860690909,75.2494860690909,0.8380123376846313
CMMDpt_CLIP_ViT-L14,CLIP_ViT-L/14,768d,5.00e-03,374,75.29101026818182,75.29101026818182,75.29101026818182,0.8385273218154907
CMMDpt_CLIP_ViT-L14,CLIP_ViT-L/14,768d,5.00e-03,375,75.30463428181818,75.30463428181818,75.30463428181818,0.8128061294555664
CMMDpt_CLIP_ViT-L14,CLIP_ViT-L/14,768d,5.00e-03,376,75.35053226363635,75.35053226363635,75.35053226363635,0.9501900672912598
CMMDpt_CLIP_ViT-L14,CLIP_ViT-L/14,768d,5.00e-03,377,75.358434425,75.358434425,75.358434425,0.9508634209632874
CMMDpt_CLIP_ViT-L14,CLIP_ViT-L/14,768d,5.00e-03,378,75.4765098,75.4765098,75.4765098,0.879787802696228
CMMDpt_CLIP_ViT-L14,CLIP_ViT-L/14,768d,5.00e-03,379,75.48288537727272,75.48288537727272,75.48288537727272,0.8472129106521606
CMMDpt_CLIP_ViT-L14,CLIP_ViT-L/14,768d,5.00e-03,380,75.54217925454545,75.54217925454545,75.54217925454545,0.8723384141921997
CMMDpt_CLIP_ViT-L14,CLIP_ViT-L/14,768d,5.00e-03,381,75.65154605454546,75.65154605454546,75.65154605454546,0.8401643633842468
CMMDpt_CLIP_ViT-L14,CLIP_ViT-L/14,768d,5.00e-03,382,75.68111334545455,75.68111334545455,75.68111334545455,0.839978814125061
CMMDpt_CLIP_ViT-L14,CLIP_ViT-L/14,768d,5.00e-03,383,75.77031593636364,75.77031593636364,75.77031593636364,0.858831524848938
CMMDpt_CLIP_ViT-L14,CLIP_ViT-L/14,768d,5.00e-03,384,75.78166525454546,75.78166525454546,75.78166525454546,0.8582210540771484
CMMDpt_CLIP_ViT-L14,CLIP_ViT-L/14,768d,5.00e-03,385,75.79512009954546,75.79512009954546,75.79512009954546,0.7993354201316833
CMMDpt_CLIP_ViT-L14,CLIP_ViT-L/14,768d,5.00e-03,386,75.84170493636363,75.84170493636363,75.84170493636363,0.8767377138137817
CMMDpt_CLIP_ViT-L14,CLIP_ViT-L/14,768d,5.00e-03,387,75.84312428636363,75.84312428636363,75.84312428636363,0.8933013677597046
CMMDpt_CLIP_ViT-L14,CLIP_ViT-L/14,768d,5.00e-03,388,76.02107943636364,76.02107943636364,76.02107943636364,0.8627411127090454
CMMDpt_CLIP_ViT-L14,CLIP_ViT-L/14,768d,5.00e-03,389,76.07231828181818,76.07231828181818,76.07231828181818,0.8433049321174622
CMMDpt_CLIP_ViT-L14,CLIP_ViT-L/14,768d,5.00e-03,390,76.16321556363636,76.16321556363636,76.16321556363636,0.8264520168304443
CMMDpt_CLIP_ViT-L14,CLIP_ViT-L/14,768d,5.00e-03,391,76.19598609272727,76.19598609272727,76.19598609272727,0.8332377672195435
CMMDpt_CLIP_ViT-L14,CLIP_ViT-L/14,768d,5.00e-03,392,76.26727722727273,76.26727722727273,76.26727722727273,0.8532794117927551
CMMDpt_CLIP_ViT-L14,CLIP_ViT-L/14,768d,5.00e-03,393,76.28929185454545,76.28929185454545,76.28929185454545,0.8369330167770386
CMMDpt_CLIP_ViT-L14,CLIP_ViT-L/14,768d,5.00e-03,394,76.28997104545455,76.28997104545455,76.28997104545455,0.8327503204345703
CMMDpt_CLIP_ViT-L14,CLIP_ViT-L/14,768d,5.00e-03,395,76.32376224090909,76.32376224090909,76.32376224090909,0.8112602233886719
CMMDpt_CLIP_ViT-L14,CLIP_ViT-L/14,768d,5.00e-03,396,76.35414479090909,76.35414479090909,76.35414479090909,0.8433828353881836
CMMDpt_CLIP_ViT-L14,CLIP_ViT-L/14,768d,5.00e-03,397,76.39021483181818,76.39021483181818,76.39021483181818,0.8609291315078735
CMMDpt_CLIP_ViT-L14,CLIP_ViT-L/14,768d,5.00e-03,398,76.45241142272727,76.45241142272727,76.45241142272727,0.8661656379699707
CMMDpt_CLIP_ViT-L14,CLIP_ViT-L/14,768d,5.00e-03,399,76.51437691681818,76.51437691681818,76.51437691681818,0.8424819111824036
CMMDpt_CLIP_ViT-L14,CLIP_ViT-L/14,768d,5.00e-03,400,76.5471795409091,76.5471795409091,76.5471795409091,0.8587949275970459
CMMDpt_CLIP_ViT-L14,CLIP_ViT-L/14,768d,5.00e-03,401,76.59774437272728,76.59774437272728,76.59774437272728,0.8536109924316406
CMMDpt_CLIP_ViT-L14,CLIP_ViT-L/14,768d,5.00e-03,402,76.63823088636364,76.63823088636364,76.63823088636364,0.8788038492202759
CMMDpt_CLIP_ViT-L14,CLIP_ViT-L/14,768d,5.00e-03,403,76.64452179545455,76.64452179545455,76.64452179545455,0.8332836627960205
CMMDpt_CLIP_ViT-L14,CLIP_ViT-L/14,768d,5.00e-03,404,76.67493643727272,76.67493643727272,76.67493643727272,0.8759686350822449
CMMDpt_CLIP_ViT-L14,CLIP_ViT-L/14,768d,5.00e-03,405,76.67586082272727,76.67586082272727,76.67586082272727,0.8418951034545898
CMMDpt_CLIP_ViT-L14,CLIP_ViT-L/14,768d,5.00e-03,406,76.81212329090908,76.81212329090908,76.81212329090908,0.8273082971572876
CMMDpt_CLIP_ViT-L14,CLIP_ViT-L/14,768d,5.00e-03,407,76.90558185454546,76.90558185454546,76.90558185454546,0.8256532549858093
CMMDpt_CLIP_ViT-L14,CLIP_ViT-L/14,768d,5.00e-03,408,76.91644974545454,76.91644974545454,76.91644974545454,0.8554688692092896
CMMDpt_CLIP_ViT-L14,CLIP_ViT-L/14,768d,5.00e-03,409,76.98329391227273,76.98329391227273,76.98329391227273,0.8730223774909973
CMMDpt_CLIP_ViT-L14,CLIP_ViT-L/14,768d,5.00e-03,410,77.11547369545454,77.11547369545454,77.11547369545454,0.8349551558494568
CMMDpt_CLIP_ViT-L14,CLIP_ViT-L/14,768d,5.00e-03,411,77.14402031818182,77.14402031818182,77.14402031818182,0.8606172800064087
CMMDpt_CLIP_ViT-L14,CLIP_ViT-L/14,768d,5.00e-03,412,77.17084656363636,77.17084656363636,77.17084656363636,0.8260650038719177
CMMDpt_CLIP_ViT-L14,CLIP_ViT-L/14,768d,5.00e-03,413,77.25877326818183,77.25877326818183,77.25877326818183,0.8586885333061218
CMMDpt_CLIP_ViT-L14,CLIP_ViT-L/14,768d,5.00e-03,414,77.34552212272727,77.34552212272727,77.34552212272727,0.8269801735877991
CMMDpt_CLIP_ViT-L14,CLIP_ViT-L/14,768d,5.00e-03,415,77.52582683636363,77.52582683636363,77.52582683636363,0.9006327986717224
CMMDpt_CLIP_ViT-L14,CLIP_ViT-L/14,768d,5.00e-03,416,77.65479755863636,77.65479755863636,77.65479755863636,0.850088357925415
CMMDpt_CLIP_ViT-L14,CLIP_ViT-L/14,768d,5.00e-03,417,77.69959142727272,77.69959142727272,77.69959142727272,0.8533312082290649
CMMDpt_CLIP_ViT-L14,CLIP_ViT-L/14,768d,5.00e-03,418,77.72501827727272,77.72501827727272,77.72501827727272,0.8547810316085815
CMMDpt_CLIP_ViT-L14,CLIP_ViT-L/14,768d,5.00e-03,419,77.83570625,77.83570625,77.83570625,0.838541567325592
CMMDpt_CLIP_ViT-L14,CLIP_ViT-L/14,768d,5.00e-03,420,77.9733424409091,77.9733424409091,77.9733424409091,0.803187370300293
CMMDpt_CLIP_ViT-L14,CLIP_ViT-L/14,768d,5.00e-03,421,78.0566007590909,78.0566007590909,78.0566007590909,0.8356595039367676
CMMDpt_CLIP_ViT-L14,CLIP_ViT-L/14,768d,5.00e-03,422,78.20425748181819,78.20425748181819,78.20425748181819,0.8327673673629761
CMMDpt_CLIP_ViT-L14,CLIP_ViT-L/14,768d,5.00e-03,423,78.23482706363636,78.23482706363636,78.23482706363636,0.9552142024040222
CMMDpt_CLIP_ViT-L14,CLIP_ViT-L/14,768d,5.00e-03,424,78.25971381363637,78.25971381363637,78.25971381363637,0.8137896060943604
CMMDpt_CLIP_ViT-L14,CLIP_ViT-L/14,768d,5.00e-03,425,78.3483194,78.3483194,78.3483194,0.8485574722290039
CMMDpt_CLIP_ViT-L14,CLIP_ViT-L/14,768d,5.00e-03,426,78.4185978909091,78.4185978909091,78.4185978909091,0.9673645496368408
CMMDpt_CLIP_ViT-L14,CLIP_ViT-L/14,768d,5.00e-03,427,78.53980069090909,78.53980069090909,78.53980069090909,0.8535410761833191
CMMDpt_CLIP_ViT-L14,CLIP_ViT-L/14,768d,5.00e-03,428,78.54177141363635,78.54177141363635,78.54177141363635,0.8159037232398987
CMMDpt_CLIP_ViT-L14,CLIP_ViT-L/14,768d,5.00e-03,429,78.57485005,78.57485005,78.57485005,0.8194842338562012
CMMDpt_CLIP_ViT-L14,CLIP_ViT-L/14,768d,5.00e-03,430,78.5853263609091,78.5853263609091,78.5853263609091,0.859093189239502
CMMDpt_CLIP_ViT-L14,CLIP_ViT-L/14,768d,5.00e-03,431,78.61859467727272,78.61859467727272,78.61859467727272,0.87211012840271
CMMDpt_CLIP_ViT-L14,CLIP_ViT-L/14,768d,5.00e-03,432,78.63007529545455,78.63007529545455,78.63007529545455,0.8317326307296753
CMMDpt_CLIP_ViT-L14,CLIP_ViT-L/14,768d,5.00e-03,433,78.86957993181818,78.86957993181818,78.86957993181818,0.8426731824874878
CMMDpt_CLIP_ViT-L14,CLIP_ViT-L/14,768d,5.00e-03,434,79.22077921818182,79.22077921818182,79.22077921818182,0.8186533451080322
CMMDpt_CLIP_ViT-L14,CLIP_ViT-L/14,768d,5.00e-03,435,79.25695136818182,79.25695136818182,79.25695136818182,0.8705199956893921
CMMDpt_CLIP_ViT-L14,CLIP_ViT-L/14,768d,5.00e-03,436,79.28284742727273,79.28284742727273,79.28284742727273,0.8543235063552856
CMMDpt_CLIP_ViT-L14,CLIP_ViT-L/14,768d,5.00e-03,437,79.36729972727272,79.36729972727272,79.36729972727272,0.8572092056274414
CMMDpt_CLIP_ViT-L14,CLIP_ViT-L/14,768d,5.00e-03,438,79.46781420454546,79.46781420454546,79.46781420454546,0.8336010575294495
CMMDpt_CLIP_ViT-L14,CLIP_ViT-L/14,768d,5.00e-03,439,79.51125251363636,79.51125251363636,79.51125251363636,0.8745527863502502
CMMDpt_CLIP_ViT-L14,CLIP_ViT-L/14,768d,5.00e-03,440,79.62850745318183,79.62850745318183,79.62850745318183,0.8771824836730957
CMMDpt_CLIP_ViT-L14,CLIP_ViT-L/14,768d,5.00e-03,441,79.6499864090909,79.6499864090909,79.6499864090909,0.8445384502410889
CMMDpt_CLIP_ViT-L14,CLIP_ViT-L/14,768d,5.00e-03,442,79.75645692727272,79.75645692727272,79.75645692727272,0.8375856280326843
CMMDpt_CLIP_ViT-L14,CLIP_ViT-L/14,768d,5.00e-03,443,79.91532173636364,79.91532173636364,79.91532173636364,0.8097617030143738
CMMDpt_CLIP_ViT-L14,CLIP_ViT-L/14,768d,5.00e-03,444,79.94757872272727,79.94757872272727,79.94757872272727,0.8417779207229614
CMMDpt_CLIP_ViT-L14,CLIP_ViT-L/14,768d,5.00e-03,445,80.02392345454545,80.02392345454545,80.02392345454545,0.8377418518066406
CMMDpt_CLIP_ViT-L14,CLIP_ViT-L/14,768d,5.00e-03,446,80.13685939999999,80.13685939999999,80.13685939999999,0.8851038217544556
CMMDpt_CLIP_ViT-L14,CLIP_ViT-L/14,768d,5.00e-03,447,80.28660759545454,80.28660759545454,80.28660759545454,0.8511770963668823
CMMDpt_CLIP_ViT-L14,CLIP_ViT-L/14,768d,5.00e-03,448,80.40461357272727,80.40461357272727,80.40461357272727,0.844939112663269
CMMDpt_CLIP_ViT-L14,CLIP_ViT-L/14,768d,5.00e-03,449,80.43965011363636,80.43965011363636,80.43965011363636,0.8372623920440674
CMMDpt_CLIP_ViT-L14,CLIP_ViT-L/14,768d,5.00e-03,450,80.56802326363636,80.56802326363636,80.56802326363636,0.8202128410339355
CMMDpt_CLIP_ViT-L14,CLIP_ViT-L/14,768d,5.00e-03,451,80.69563893636364,80.69563893636364,80.69563893636364,0.8119231462478638
CMMDpt_CLIP_ViT-L14,CLIP_ViT-L/14,768d,5.00e-03,452,80.83871870454546,80.83871870454546,80.83871870454546,0.8589695692062378
CMMDpt_CLIP_ViT-L14,CLIP_ViT-L/14,768d,5.00e-03,453,80.88731798181819,80.88731798181819,80.88731798181819,0.8496913909912109
CMMDpt_CLIP_ViT-L14,CLIP_ViT-L/14,768d,5.00e-03,454,80.98601989090909,80.98601989090909,80.98601989090909,0.8254926204681396
CMMDpt_CLIP_ViT-L14,CLIP_ViT-L/14,768d,5.00e-03,455,81.02786977272727,81.02786977272727,81.02786977272727,0.8104050755500793
CMMDpt_CLIP_ViT-L14,CLIP_ViT-L/14,768d,5.00e-03,456,81.46314962272727,81.46314962272727,81.46314962272727,0.8476569056510925
CMMDpt_CLIP_ViT-L14,CLIP_ViT-L/14,768d,5.00e-03,457,81.49191450454545,81.49191450454545,81.49191450454545,0.8577024340629578
CMMDpt_CLIP_ViT-L14,CLIP_ViT-L/14,768d,5.00e-03,458,81.53910919545454,81.53910919545454,81.53910919545454,0.8607317209243774
CMMDpt_CLIP_ViT-L14,CLIP_ViT-L/14,768d,5.00e-03,459,81.65584415909092,81.65584415909092,81.65584415909092,0.8137670159339905
CMMDpt_CLIP_ViT-L14,CLIP_ViT-L/14,768d,5.00e-03,460,81.66778405000001,81.66778405000001,81.66778405000001,0.8850103616714478
CMMDpt_CLIP_ViT-L14,CLIP_ViT-L/14,768d,5.00e-03,461,82.0783984909091,82.0783984909091,82.0783984909091,0.8494011759757996
CMMDpt_CLIP_ViT-L14,CLIP_ViT-L/14,768d,5.00e-03,462,82.11143467727273,82.11143467727273,82.11143467727273,0.8816568851470947
CMMDpt_CLIP_ViT-L14,CLIP_ViT-L/14,768d,5.00e-03,463,82.15394328181819,82.15394328181819,82.15394328181819,0.8452145457267761
CMMDpt_CLIP_ViT-L14,CLIP_ViT-L/14,768d,5.00e-03,464,82.87086985,82.87086985,82.87086985,0.815627932548523
CMMDpt_CLIP_ViT-L14,CLIP_ViT-L/14,768d,5.00e-03,465,83.04785639090909,83.04785639090909,83.04785639090909,0.8227221965789795
CMMDpt_CLIP_ViT-L14,CLIP_ViT-L/14,768d,5.00e-03,466,83.2706767,83.2706767,83.2706767,0.8353398442268372
CMMDpt_CLIP_ViT-L14,CLIP_ViT-L/14,768d,5.00e-03,467,83.28013232272727,83.28013232272727,83.28013232272727,0.8457368612289429
CMMDpt_CLIP_ViT-L14,CLIP_ViT-L/14,768d,5.00e-03,468,83.32162666818182,83.32162666818182,83.32162666818182,0.9056016206741333
CMMDpt_CLIP_ViT-L14,CLIP_ViT-L/14,768d,5.00e-03,469,83.35334443181819,83.35334443181819,83.35334443181819,0.8724893927574158
CMMDpt_CLIP_ViT-L14,CLIP_ViT-L/14,768d,5.00e-03,470,83.45792123636365,83.45792123636365,83.45792123636365,0.8093066215515137
CMMDpt_CLIP_ViT-L14,CLIP_ViT-L/14,768d,5.00e-03,471,84.18152392727274,84.18152392727274,84.18152392727274,0.8309341669082642
CMMDpt_CLIP_ViT-L14,CLIP_ViT-L/14,768d,5.00e-03,472,84.62887205909091,84.62887205909091,84.62887205909091,0.8338804841041565
CMMDpt_CLIP_ViT-L14,CLIP_ViT-L/14,768d,5.00e-03,473,85.11071750454545,85.11071750454545,85.11071750454545,0.8216785192489624
CMMDpt_CLIP_ViT-L14,CLIP_ViT-L/14,768d,5.00e-03,474,85.12217595454545,85.12217595454545,85.12217595454545,0.8068059682846069
CMMDpt_CLIP_ViT-L14,CLIP_ViT-L/14,768d,5.00e-03,475,85.54109655454546,85.54109655454546,85.54109655454546,0.9620664715766907
CMMDpt_CLIP_ViT-L14,CLIP_ViT-L/14,768d,5.00e-03,476,85.8163718359091,85.8163718359091,85.8163718359091,0.8507376909255981
CMMDpt_CLIP_ViT-L14,CLIP_ViT-L/14,768d,5.00e-03,477,86.0069106,86.0069106,86.0069106,0.816189706325531
CMMDpt_CLIP_ViT-L14,CLIP_ViT-L/14,768d,5.00e-03,478,86.07828567272726,86.07828567272726,86.07828567272726,0.8105692267417908
CMMDpt_CLIP_ViT-L14,CLIP_ViT-L/14,768d,5.00e-03,479,86.46879091363637,86.46879091363637,86.46879091363637,0.8285738229751587
CMMDpt_CLIP_ViT-L14,CLIP_ViT-L/14,768d,5.00e-03,480,87.81027129545454,87.81027129545454,87.81027129545454,0.9339176416397095
