metric_label,backbone,layer_name,gamma_str,group_idx,mos_r_mean,mos_r_min,mos_r_max,mmd_score
MMD_dc_ae_l10_g1.00e-06,dc_ae,down_blocks.3.0,1.00e-06,1,12.623803891545453,10.383351573636363,14.772021149545454,0.07760465145111084
MMD_dc_ae_l10_g1.00e-06,dc_ae,down_blocks.3.0,1.00e-06,2,16.483207213363638,15.774696462272727,16.977602550909094,0.04026460647583008
MMD_dc_ae_l10_g1.00e-06,dc_ae,down_blocks.3.0,1.00e-06,3,17.855225954545453,17.128398308636363,18.40435578590909,0.07437479496002197
MMD_dc_ae_l10_g1.00e-06,dc_ae,down_blocks.3.0,1.00e-06,4,20.865518097181816,18.964998386363636,22.207954510454545,0.05698096752166748
MMD_dc_ae_l10_g1.00e-06,dc_ae,down_blocks.3.0,1.00e-06,5,23.016297832363637,22.336504287727273,23.859046570909094,0.03599262237548828
MMD_dc_ae_l10_g1.00e-06,dc_ae,down_blocks.3.0,1.00e-06,6,24.676943607545457,24.108436355454547,25.272293834545454,0.05903613567352295
MMD_dc_ae_l10_g1.00e-06,dc_ae,down_blocks.3.0,1.00e-06,7,26.206316040454546,25.739496508636364,26.647243233181822,0.060335397720336914
MMD_dc_ae_l10_g1.00e-06,dc_ae,down_blocks.3.0,1.00e-06,8,27.637551460363635,26.80277036,28.008295531363636,0.038080811500549316
MMD_dc_ae_l10_g1.00e-06,dc_ae,down_blocks.3.0,1.00e-06,9,28.92851263009091,28.427649107272728,29.867093540909092,0.08313858509063721
MMD_dc_ae_l10_g1.00e-06,dc_ae,down_blocks.3.0,1.00e-06,10,31.575648575545454,30.946254809545454,32.10326235227273,0.06740748882293701
MMD_dc_ae_l10_g1.00e-06,dc_ae,down_blocks.3.0,1.00e-06,11,33.540090341181816,32.57260997909091,34.254768114545456,0.04564404487609863
MMD_dc_ae_l10_g1.00e-06,dc_ae,down_blocks.3.0,1.00e-06,12,36.213817163363636,35.01583384090909,37.183868766818186,0.07094895839691162
MMD_dc_ae_l10_g1.00e-06,dc_ae,down_blocks.3.0,1.00e-06,13,38.664114203454545,37.586910895,39.50363207727273,0.05441868305206299
MMD_dc_ae_l10_g1.00e-06,dc_ae,down_blocks.3.0,1.00e-06,14,40.60400495509091,39.72578294681818,41.450596035,0.06868267059326172
MMD_dc_ae_l10_g1.00e-06,dc_ae,down_blocks.3.0,1.00e-06,15,42.18188632036364,41.606778884545456,42.93479045136364,0.04738259315490723
MMD_dc_ae_l10_g1.00e-06,dc_ae,down_blocks.3.0,1.00e-06,16,43.784922278909086,42.999259720454546,44.68483293727273,0.04750227928161621
MMD_dc_ae_l10_g1.00e-06,dc_ae,down_blocks.3.0,1.00e-06,17,45.219106401272725,45.014271393181815,45.44974382363636,0.029610157012939453
MMD_dc_ae_l10_g1.00e-06,dc_ae,down_blocks.3.0,1.00e-06,18,46.257626772363636,45.87703164136364,46.55172569545454,0.028907060623168945
MMD_dc_ae_l10_g1.00e-06,dc_ae,down_blocks.3.0,1.00e-06,19,46.95799090581818,46.63784059272727,47.18393024863636,0.058609604835510254
MMD_dc_ae_l10_g1.00e-06,dc_ae,down_blocks.3.0,1.00e-06,20,47.714600308636356,47.45620903181818,47.997159330454544,0.04893672466278076
MMD_dc_ae_l10_g1.00e-06,dc_ae,down_blocks.3.0,1.00e-06,21,49.30375251727272,48.745656067727275,50.02686477227273,0.04242992401123047
MMD_dc_ae_l10_g1.00e-06,dc_ae,down_blocks.3.0,1.00e-06,22,50.32710597245454,50.24467801363637,50.44004938636363,0.04537677764892578
MMD_dc_ae_l10_g1.00e-06,dc_ae,down_blocks.3.0,1.00e-06,23,50.872099054636365,50.53053583909091,51.255980857727266,0.054931640625
MMD_dc_ae_l10_g1.00e-06,dc_ae,down_blocks.3.0,1.00e-06,24,51.58121081436364,51.47010300409091,51.78909724363636,0.0344393253326416
MMD_dc_ae_l10_g1.00e-06,dc_ae,down_blocks.3.0,1.00e-06,25,51.956543092181825,51.85205774272727,52.126720309090906,0.05353713035583496
MMD_dc_ae_l10_g1.00e-06,dc_ae,down_blocks.3.0,1.00e-06,26,52.81584878981819,52.30133809090909,53.02329102272727,0.040132761001586914
MMD_dc_ae_l10_g1.00e-06,dc_ae,down_blocks.3.0,1.00e-06,27,53.511711584,53.11169118954546,54.35688324090909,0.039562225341796875
MMD_dc_ae_l10_g1.00e-06,dc_ae,down_blocks.3.0,1.00e-06,28,54.59851262427272,54.43010616227273,54.72388539863636,0.047032833099365234
MMD_dc_ae_l10_g1.00e-06,dc_ae,down_blocks.3.0,1.00e-06,29,55.56896742418182,55.23867115454546,55.82518654818182,0.03111255168914795
MMD_dc_ae_l10_g1.00e-06,dc_ae,down_blocks.3.0,1.00e-06,30,56.35413947490908,56.236087309090905,56.4284854,0.04956412315368652
MMD_dc_ae_l10_g1.00e-06,dc_ae,down_blocks.3.0,1.00e-06,31,56.737218711727266,56.43083487727272,56.87784920000001,0.05938100814819336
MMD_dc_ae_l10_g1.00e-06,dc_ae,down_blocks.3.0,1.00e-06,32,56.97399885154546,56.88495511818182,57.06027285454545,0.05778825283050537
MMD_dc_ae_l10_g1.00e-06,dc_ae,down_blocks.3.0,1.00e-06,33,57.36445707399999,57.08577673045454,57.715692645,0.058501601219177246
MMD_dc_ae_l10_g1.00e-06,dc_ae,down_blocks.3.0,1.00e-06,34,58.19996810827272,57.94736867727273,58.48494007,0.035401225090026855
MMD_dc_ae_l10_g1.00e-06,dc_ae,down_blocks.3.0,1.00e-06,35,59.00553475645454,58.90741873181818,59.15176404636364,0.05576646327972412
MMD_dc_ae_l10_g1.00e-06,dc_ae,down_blocks.3.0,1.00e-06,36,59.43821239872727,59.165360129545455,59.61907620909091,0.03643608093261719
MMD_dc_ae_l10_g1.00e-06,dc_ae,down_blocks.3.0,1.00e-06,37,59.84679539063636,59.64024705,60.13491826227273,0.05116450786590576
MMD_dc_ae_l10_g1.00e-06,dc_ae,down_blocks.3.0,1.00e-06,38,60.99643894654546,60.66603184545455,61.257236485,0.042774081230163574
MMD_dc_ae_l10_g1.00e-06,dc_ae,down_blocks.3.0,1.00e-06,39,61.48400721527272,61.38288141818182,61.612018317727276,0.028376221656799316
MMD_dc_ae_l10_g1.00e-06,dc_ae,down_blocks.3.0,1.00e-06,40,61.886854131727276,61.66026577136363,62.140166177272725,0.04312610626220703
MMD_dc_ae_l10_g1.00e-06,dc_ae,down_blocks.3.0,1.00e-06,41,62.4737095229091,62.30800517363637,62.56153540454545,0.041556358337402344
MMD_dc_ae_l10_g1.00e-06,dc_ae,down_blocks.3.0,1.00e-06,42,62.789370462,62.62842450590909,63.033077886363635,0.04952657222747803
MMD_dc_ae_l10_g1.00e-06,dc_ae,down_blocks.3.0,1.00e-06,43,63.41987266700001,63.2958711590909,63.52993807136364,0.04020428657531738
MMD_dc_ae_l10_g1.00e-06,dc_ae,down_blocks.3.0,1.00e-06,44,63.69902262627272,63.601648069090906,63.89873966363636,0.060344696044921875
MMD_dc_ae_l10_g1.00e-06,dc_ae,down_blocks.3.0,1.00e-06,45,63.98644783854545,63.92419218818182,64.02835174090909,0.06312060356140137
MMD_dc_ae_l10_g1.00e-06,dc_ae,down_blocks.3.0,1.00e-06,46,64.21601700381818,64.1043883409091,64.32671434181817,0.03740882873535156
MMD_dc_ae_l10_g1.00e-06,dc_ae,down_blocks.3.0,1.00e-06,47,64.67885966363636,64.40631527727272,64.88276691590909,0.06670379638671875
MMD_dc_ae_l10_g1.00e-06,dc_ae,down_blocks.3.0,1.00e-06,48,65.06229613163636,64.91428311818181,65.15700578272727,0.07266831398010254
MMD_dc_ae_l10_g1.00e-06,dc_ae,down_blocks.3.0,1.00e-06,49,65.57325001118183,65.26560826818182,65.77319434545456,0.04806983470916748
MMD_dc_ae_l10_g1.00e-06,dc_ae,down_blocks.3.0,1.00e-06,50,66.10387056363636,65.79643795909091,66.41367993636364,0.03484511375427246
MMD_dc_ae_l10_g1.00e-06,dc_ae,down_blocks.3.0,1.00e-06,51,66.6226875630909,66.49486482500001,66.69915260454546,0.04592883586883545
MMD_dc_ae_l10_g1.00e-06,dc_ae,down_blocks.3.0,1.00e-06,52,67.1010070179091,66.84640655909091,67.33497136227273,0.03796207904815674
MMD_dc_ae_l10_g1.00e-06,dc_ae,down_blocks.3.0,1.00e-06,53,67.73512154418182,67.50431248636363,67.89158320909091,0.043683528900146484
MMD_dc_ae_l10_g1.00e-06,dc_ae,down_blocks.3.0,1.00e-06,54,68.1328889490909,67.98637594090908,68.23565684545454,0.044669151306152344
MMD_dc_ae_l10_g1.00e-06,dc_ae,down_blocks.3.0,1.00e-06,55,68.33264022563637,68.26595938409092,68.41746199090909,0.047510743141174316
MMD_dc_ae_l10_g1.00e-06,dc_ae,down_blocks.3.0,1.00e-06,56,68.67576851445455,68.46063733181818,69.04567613727274,0.03405284881591797
MMD_dc_ae_l10_g1.00e-06,dc_ae,down_blocks.3.0,1.00e-06,57,69.09155621636364,69.05974111818182,69.10780212727273,0.03964734077453613
MMD_dc_ae_l10_g1.00e-06,dc_ae,down_blocks.3.0,1.00e-06,58,69.23145481890909,69.12065298636364,69.35791935818182,0.08997344970703125
MMD_dc_ae_l10_g1.00e-06,dc_ae,down_blocks.3.0,1.00e-06,59,69.82775094754545,69.61843814545455,69.97248817863637,0.04632580280303955
MMD_dc_ae_l10_g1.00e-06,dc_ae,down_blocks.3.0,1.00e-06,60,70.14619312563636,70.05721009181819,70.20511073181818,0.04029572010040283
MMD_dc_ae_l10_g1.00e-06,dc_ae,down_blocks.3.0,1.00e-06,61,70.44229148836364,70.32331571818182,70.6102672090909,0.049374938011169434
MMD_dc_ae_l10_g1.00e-06,dc_ae,down_blocks.3.0,1.00e-06,62,70.82376260363637,70.7436578590909,70.86294127272727,0.048475027084350586
MMD_dc_ae_l10_g1.00e-06,dc_ae,down_blocks.3.0,1.00e-06,63,71.017826289,70.88488886772727,71.16676672727273,0.04615128040313721
MMD_dc_ae_l10_g1.00e-06,dc_ae,down_blocks.3.0,1.00e-06,64,71.26426175700001,71.17873871818182,71.36296618181818,0.03989386558532715
MMD_dc_ae_l10_g1.00e-06,dc_ae,down_blocks.3.0,1.00e-06,65,71.83902143318183,71.46931471818182,72.09644175681818,0.04715144634246826
MMD_dc_ae_l10_g1.00e-06,dc_ae,down_blocks.3.0,1.00e-06,66,72.25006437972726,72.15469048045455,72.3529890590909,0.034735918045043945
MMD_dc_ae_l10_g1.00e-06,dc_ae,down_blocks.3.0,1.00e-06,67,72.58202422945456,72.35690482818183,72.83995069636363,0.04667544364929199
MMD_dc_ae_l10_g1.00e-06,dc_ae,down_blocks.3.0,1.00e-06,68,73.1044481738182,72.89617321363636,73.33471177272727,0.025983333587646484
MMD_dc_ae_l10_g1.00e-06,dc_ae,down_blocks.3.0,1.00e-06,69,73.40747646954546,73.33981687045456,73.44619574090909,0.03420114517211914
MMD_dc_ae_l10_g1.00e-06,dc_ae,down_blocks.3.0,1.00e-06,70,73.58348795500001,73.46868897499999,73.76844457272728,0.042800307273864746
MMD_dc_ae_l10_g1.00e-06,dc_ae,down_blocks.3.0,1.00e-06,71,73.93860900654545,73.80118299272728,74.01135728181818,0.04871976375579834
MMD_dc_ae_l10_g1.00e-06,dc_ae,down_blocks.3.0,1.00e-06,72,74.20439588545455,74.05095793636363,74.38583995454546,0.07408344745635986
MMD_dc_ae_l10_g1.00e-06,dc_ae,down_blocks.3.0,1.00e-06,73,74.73206855272727,74.46433656818182,74.9084351090909,0.04911696910858154
MMD_dc_ae_l10_g1.00e-06,dc_ae,down_blocks.3.0,1.00e-06,74,75.06139675,75.02020153181819,75.14242499545455,0.024905681610107422
MMD_dc_ae_l10_g1.00e-06,dc_ae,down_blocks.3.0,1.00e-06,75,75.241960922,75.14524949545454,75.30463428181818,0.05274057388305664
MMD_dc_ae_l10_g1.00e-06,dc_ae,down_blocks.3.0,1.00e-06,76,75.4421082240909,75.35053226363635,75.54217925454545,0.05044960975646973
MMD_dc_ae_l10_g1.00e-06,dc_ae,down_blocks.3.0,1.00e-06,77,75.73595213809092,75.65154605454546,75.79512009954546,0.039841413497924805
MMD_dc_ae_l10_g1.00e-06,dc_ae,down_blocks.3.0,1.00e-06,78,75.98828850090909,75.84170493636363,76.16321556363636,0.037041544914245605
MMD_dc_ae_l10_g1.00e-06,dc_ae,down_blocks.3.0,1.00e-06,79,76.27325769218183,76.19598609272727,76.32376224090909,0.04622459411621094
MMD_dc_ae_l10_g1.00e-06,dc_ae,down_blocks.3.0,1.00e-06,80,76.45166550063637,76.35414479090909,76.5471795409091,0.0220414400100708
MMD_dc_ae_l10_g1.00e-06,dc_ae,down_blocks.3.0,1.00e-06,81,76.6462588629091,76.59774437272728,76.67586082272727,0.047490835189819336
MMD_dc_ae_l10_g1.00e-06,dc_ae,down_blocks.3.0,1.00e-06,82,76.94658449972727,76.81212329090908,77.11547369545454,0.04320657253265381
MMD_dc_ae_l10_g1.00e-06,dc_ae,down_blocks.3.0,1.00e-06,83,77.28899782181819,77.14402031818182,77.52582683636363,0.031062960624694824
MMD_dc_ae_l10_g1.00e-06,dc_ae,down_blocks.3.0,1.00e-06,84,77.77769119081817,77.65479755863636,77.9733424409091,0.0690392255783081
MMD_dc_ae_l10_g1.00e-06,dc_ae,down_blocks.3.0,1.00e-06,85,78.22074370363637,78.0566007590909,78.3483194,0.033060550689697266
MMD_dc_ae_l10_g1.00e-06,dc_ae,down_blocks.3.0,1.00e-06,86,78.53206928127273,78.4185978909091,78.5853263609091,0.021121859550476074
MMD_dc_ae_l10_g1.00e-06,dc_ae,down_blocks.3.0,1.00e-06,87,78.91919609818181,78.61859467727272,79.25695136818182,0.025877833366394043
MMD_dc_ae_l10_g1.00e-06,dc_ae,down_blocks.3.0,1.00e-06,88,79.45154426518181,79.28284742727273,79.62850745318183,0.05376303195953369
MMD_dc_ae_l10_g1.00e-06,dc_ae,down_blocks.3.0,1.00e-06,89,79.85865344999999,79.6499864090909,80.02392345454545,0.03519022464752197
MMD_dc_ae_l10_g1.00e-06,dc_ae,down_blocks.3.0,1.00e-06,90,80.36715078909091,80.13685939999999,80.56802326363636,0.0646982192993164
MMD_dc_ae_l10_g1.00e-06,dc_ae,down_blocks.3.0,1.00e-06,91,80.88711305727273,80.69563893636364,81.02786977272727,0.05151724815368652
MMD_dc_ae_l10_g1.00e-06,dc_ae,down_blocks.3.0,1.00e-06,92,81.56356030636364,81.46314962272727,81.66778405000001,0.04602062702178955
MMD_dc_ae_l10_g1.00e-06,dc_ae,down_blocks.3.0,1.00e-06,93,82.45250053818182,82.0783984909091,83.04785639090909,0.044202208518981934
MMD_dc_ae_l10_g1.00e-06,dc_ae,down_blocks.3.0,1.00e-06,94,83.33674027181817,83.2706767,83.45792123636365,0.03464376926422119
MMD_dc_ae_l10_g1.00e-06,dc_ae,down_blocks.3.0,1.00e-06,95,84.9168772,84.18152392727274,85.54109655454546,0.03196096420288086
MMD_dc_ae_l10_g1.00e-06,dc_ae,down_blocks.3.0,1.00e-06,96,86.43612606354546,85.8163718359091,87.81027129545454,0.05668997764587402
MMD_dc_ae_l10_g1.00e-05,dc_ae,down_blocks.3.0,1.00e-05,1,12.623803891545453,10.383351573636363,14.772021149545454,0.06542561948299408
MMD_dc_ae_l10_g1.00e-05,dc_ae,down_blocks.3.0,1.00e-05,2,16.483207213363638,15.774696462272727,16.977602550909094,0.04781222343444824
MMD_dc_ae_l10_g1.00e-05,dc_ae,down_blocks.3.0,1.00e-05,3,17.855225954545453,17.128398308636363,18.40435578590909,0.08913689851760864
MMD_dc_ae_l10_g1.00e-05,dc_ae,down_blocks.3.0,1.00e-05,4,20.865518097181816,18.964998386363636,22.207954510454545,0.07245795428752899
MMD_dc_ae_l10_g1.00e-05,dc_ae,down_blocks.3.0,1.00e-05,5,23.016297832363637,22.336504287727273,23.859046570909094,0.04298950731754303
MMD_dc_ae_l10_g1.00e-05,dc_ae,down_blocks.3.0,1.00e-05,6,24.676943607545457,24.108436355454547,25.272293834545454,0.07384543120861053
MMD_dc_ae_l10_g1.00e-05,dc_ae,down_blocks.3.0,1.00e-05,7,26.206316040454546,25.739496508636364,26.647243233181822,0.07104213535785675
MMD_dc_ae_l10_g1.00e-05,dc_ae,down_blocks.3.0,1.00e-05,8,27.637551460363635,26.80277036,28.008295531363636,0.04766485095024109
MMD_dc_ae_l10_g1.00e-05,dc_ae,down_blocks.3.0,1.00e-05,9,28.92851263009091,28.427649107272728,29.867093540909092,0.09468134492635727
MMD_dc_ae_l10_g1.00e-05,dc_ae,down_blocks.3.0,1.00e-05,10,31.575648575545454,30.946254809545454,32.10326235227273,0.10094860196113586
MMD_dc_ae_l10_g1.00e-05,dc_ae,down_blocks.3.0,1.00e-05,11,33.540090341181816,32.57260997909091,34.254768114545456,0.05972190201282501
MMD_dc_ae_l10_g1.00e-05,dc_ae,down_blocks.3.0,1.00e-05,12,36.213817163363636,35.01583384090909,37.183868766818186,0.08525285124778748
MMD_dc_ae_l10_g1.00e-05,dc_ae,down_blocks.3.0,1.00e-05,13,38.664114203454545,37.586910895,39.50363207727273,0.07152393460273743
MMD_dc_ae_l10_g1.00e-05,dc_ae,down_blocks.3.0,1.00e-05,14,40.60400495509091,39.72578294681818,41.450596035,0.08924233913421631
MMD_dc_ae_l10_g1.00e-05,dc_ae,down_blocks.3.0,1.00e-05,15,42.18188632036364,41.606778884545456,42.93479045136364,0.053733810782432556
MMD_dc_ae_l10_g1.00e-05,dc_ae,down_blocks.3.0,1.00e-05,16,43.784922278909086,42.999259720454546,44.68483293727273,0.054494813084602356
MMD_dc_ae_l10_g1.00e-05,dc_ae,down_blocks.3.0,1.00e-05,17,45.219106401272725,45.014271393181815,45.44974382363636,0.036762893199920654
MMD_dc_ae_l10_g1.00e-05,dc_ae,down_blocks.3.0,1.00e-05,18,46.257626772363636,45.87703164136364,46.55172569545454,0.03543625771999359
MMD_dc_ae_l10_g1.00e-05,dc_ae,down_blocks.3.0,1.00e-05,19,46.95799090581818,46.63784059272727,47.18393024863636,0.07374909520149231
MMD_dc_ae_l10_g1.00e-05,dc_ae,down_blocks.3.0,1.00e-05,20,47.714600308636356,47.45620903181818,47.997159330454544,0.06438498198986053
MMD_dc_ae_l10_g1.00e-05,dc_ae,down_blocks.3.0,1.00e-05,21,49.30375251727272,48.745656067727275,50.02686477227273,0.053504303097724915
MMD_dc_ae_l10_g1.00e-05,dc_ae,down_blocks.3.0,1.00e-05,22,50.32710597245454,50.24467801363637,50.44004938636363,0.058084845542907715
MMD_dc_ae_l10_g1.00e-05,dc_ae,down_blocks.3.0,1.00e-05,23,50.872099054636365,50.53053583909091,51.255980857727266,0.06896510720252991
MMD_dc_ae_l10_g1.00e-05,dc_ae,down_blocks.3.0,1.00e-05,24,51.58121081436364,51.47010300409091,51.78909724363636,0.04602450132369995
MMD_dc_ae_l10_g1.00e-05,dc_ae,down_blocks.3.0,1.00e-05,25,51.956543092181825,51.85205774272727,52.126720309090906,0.06118379533290863
MMD_dc_ae_l10_g1.00e-05,dc_ae,down_blocks.3.0,1.00e-05,26,52.81584878981819,52.30133809090909,53.02329102272727,0.05643840134143829
MMD_dc_ae_l10_g1.00e-05,dc_ae,down_blocks.3.0,1.00e-05,27,53.511711584,53.11169118954546,54.35688324090909,0.05854898691177368
MMD_dc_ae_l10_g1.00e-05,dc_ae,down_blocks.3.0,1.00e-05,28,54.59851262427272,54.43010616227273,54.72388539863636,0.06159277260303497
MMD_dc_ae_l10_g1.00e-05,dc_ae,down_blocks.3.0,1.00e-05,29,55.56896742418182,55.23867115454546,55.82518654818182,0.047253385186195374
MMD_dc_ae_l10_g1.00e-05,dc_ae,down_blocks.3.0,1.00e-05,30,56.35413947490908,56.236087309090905,56.4284854,0.05583710968494415
MMD_dc_ae_l10_g1.00e-05,dc_ae,down_blocks.3.0,1.00e-05,31,56.737218711727266,56.43083487727272,56.87784920000001,0.0655786469578743
MMD_dc_ae_l10_g1.00e-05,dc_ae,down_blocks.3.0,1.00e-05,32,56.97399885154546,56.88495511818182,57.06027285454545,0.07424034178256989
MMD_dc_ae_l10_g1.00e-05,dc_ae,down_blocks.3.0,1.00e-05,33,57.36445707399999,57.08577673045454,57.715692645,0.07176721096038818
MMD_dc_ae_l10_g1.00e-05,dc_ae,down_blocks.3.0,1.00e-05,34,58.19996810827272,57.94736867727273,58.48494007,0.04310695827007294
MMD_dc_ae_l10_g1.00e-05,dc_ae,down_blocks.3.0,1.00e-05,35,59.00553475645454,58.90741873181818,59.15176404636364,0.06181226670742035
MMD_dc_ae_l10_g1.00e-05,dc_ae,down_blocks.3.0,1.00e-05,36,59.43821239872727,59.165360129545455,59.61907620909091,0.037018612027168274
MMD_dc_ae_l10_g1.00e-05,dc_ae,down_blocks.3.0,1.00e-05,37,59.84679539063636,59.64024705,60.13491826227273,0.0593746155500412
MMD_dc_ae_l10_g1.00e-05,dc_ae,down_blocks.3.0,1.00e-05,38,60.99643894654546,60.66603184545455,61.257236485,0.052776262164115906
MMD_dc_ae_l10_g1.00e-05,dc_ae,down_blocks.3.0,1.00e-05,39,61.48400721527272,61.38288141818182,61.612018317727276,0.04275029897689819
MMD_dc_ae_l10_g1.00e-05,dc_ae,down_blocks.3.0,1.00e-05,40,61.886854131727276,61.66026577136363,62.140166177272725,0.06158975511789322
MMD_dc_ae_l10_g1.00e-05,dc_ae,down_blocks.3.0,1.00e-05,41,62.4737095229091,62.30800517363637,62.56153540454545,0.04429382085800171
MMD_dc_ae_l10_g1.00e-05,dc_ae,down_blocks.3.0,1.00e-05,42,62.789370462,62.62842450590909,63.033077886363635,0.05798402428627014
MMD_dc_ae_l10_g1.00e-05,dc_ae,down_blocks.3.0,1.00e-05,43,63.41987266700001,63.2958711590909,63.52993807136364,0.047177329659461975
MMD_dc_ae_l10_g1.00e-05,dc_ae,down_blocks.3.0,1.00e-05,44,63.69902262627272,63.601648069090906,63.89873966363636,0.07767495512962341
MMD_dc_ae_l10_g1.00e-05,dc_ae,down_blocks.3.0,1.00e-05,45,63.98644783854545,63.92419218818182,64.02835174090909,0.05951830744743347
MMD_dc_ae_l10_g1.00e-05,dc_ae,down_blocks.3.0,1.00e-05,46,64.21601700381818,64.1043883409091,64.32671434181817,0.05772493779659271
MMD_dc_ae_l10_g1.00e-05,dc_ae,down_blocks.3.0,1.00e-05,47,64.67885966363636,64.40631527727272,64.88276691590909,0.07242678850889206
MMD_dc_ae_l10_g1.00e-05,dc_ae,down_blocks.3.0,1.00e-05,48,65.06229613163636,64.91428311818181,65.15700578272727,0.07590485364198685
MMD_dc_ae_l10_g1.00e-05,dc_ae,down_blocks.3.0,1.00e-05,49,65.57325001118183,65.26560826818182,65.77319434545456,0.058911681175231934
MMD_dc_ae_l10_g1.00e-05,dc_ae,down_blocks.3.0,1.00e-05,50,66.10387056363636,65.79643795909091,66.41367993636364,0.04673874378204346
MMD_dc_ae_l10_g1.00e-05,dc_ae,down_blocks.3.0,1.00e-05,51,66.6226875630909,66.49486482500001,66.69915260454546,0.058561913669109344
MMD_dc_ae_l10_g1.00e-05,dc_ae,down_blocks.3.0,1.00e-05,52,67.1010070179091,66.84640655909091,67.33497136227273,0.03524671494960785
MMD_dc_ae_l10_g1.00e-05,dc_ae,down_blocks.3.0,1.00e-05,53,67.73512154418182,67.50431248636363,67.89158320909091,0.056427523493766785
MMD_dc_ae_l10_g1.00e-05,dc_ae,down_blocks.3.0,1.00e-05,54,68.1328889490909,67.98637594090908,68.23565684545454,0.05682362616062164
MMD_dc_ae_l10_g1.00e-05,dc_ae,down_blocks.3.0,1.00e-05,55,68.33264022563637,68.26595938409092,68.41746199090909,0.05691555142402649
MMD_dc_ae_l10_g1.00e-05,dc_ae,down_blocks.3.0,1.00e-05,56,68.67576851445455,68.46063733181818,69.04567613727274,0.046247199177742004
MMD_dc_ae_l10_g1.00e-05,dc_ae,down_blocks.3.0,1.00e-05,57,69.09155621636364,69.05974111818182,69.10780212727273,0.048223674297332764
MMD_dc_ae_l10_g1.00e-05,dc_ae,down_blocks.3.0,1.00e-05,58,69.23145481890909,69.12065298636364,69.35791935818182,0.09373271465301514
MMD_dc_ae_l10_g1.00e-05,dc_ae,down_blocks.3.0,1.00e-05,59,69.82775094754545,69.61843814545455,69.97248817863637,0.07412612438201904
MMD_dc_ae_l10_g1.00e-05,dc_ae,down_blocks.3.0,1.00e-05,60,70.14619312563636,70.05721009181819,70.20511073181818,0.06135152280330658
MMD_dc_ae_l10_g1.00e-05,dc_ae,down_blocks.3.0,1.00e-05,61,70.44229148836364,70.32331571818182,70.6102672090909,0.06591425836086273
MMD_dc_ae_l10_g1.00e-05,dc_ae,down_blocks.3.0,1.00e-05,62,70.82376260363637,70.7436578590909,70.86294127272727,0.056555092334747314
MMD_dc_ae_l10_g1.00e-05,dc_ae,down_blocks.3.0,1.00e-05,63,71.017826289,70.88488886772727,71.16676672727273,0.056683629751205444
MMD_dc_ae_l10_g1.00e-05,dc_ae,down_blocks.3.0,1.00e-05,64,71.26426175700001,71.17873871818182,71.36296618181818,0.04434145241975784
MMD_dc_ae_l10_g1.00e-05,dc_ae,down_blocks.3.0,1.00e-05,65,71.83902143318183,71.46931471818182,72.09644175681818,0.05104672163724899
MMD_dc_ae_l10_g1.00e-05,dc_ae,down_blocks.3.0,1.00e-05,66,72.25006437972726,72.15469048045455,72.3529890590909,0.06550993025302887
MMD_dc_ae_l10_g1.00e-05,dc_ae,down_blocks.3.0,1.00e-05,67,72.58202422945456,72.35690482818183,72.83995069636363,0.06308141350746155
MMD_dc_ae_l10_g1.00e-05,dc_ae,down_blocks.3.0,1.00e-05,68,73.1044481738182,72.89617321363636,73.33471177272727,0.03669294714927673
MMD_dc_ae_l10_g1.00e-05,dc_ae,down_blocks.3.0,1.00e-05,69,73.40747646954546,73.33981687045456,73.44619574090909,0.052519530057907104
MMD_dc_ae_l10_g1.00e-05,dc_ae,down_blocks.3.0,1.00e-05,70,73.58348795500001,73.46868897499999,73.76844457272728,0.05450156331062317
MMD_dc_ae_l10_g1.00e-05,dc_ae,down_blocks.3.0,1.00e-05,71,73.93860900654545,73.80118299272728,74.01135728181818,0.05673675239086151
MMD_dc_ae_l10_g1.00e-05,dc_ae,down_blocks.3.0,1.00e-05,72,74.20439588545455,74.05095793636363,74.38583995454546,0.07865694165229797
MMD_dc_ae_l10_g1.00e-05,dc_ae,down_blocks.3.0,1.00e-05,73,74.73206855272727,74.46433656818182,74.9084351090909,0.051475249230861664
MMD_dc_ae_l10_g1.00e-05,dc_ae,down_blocks.3.0,1.00e-05,74,75.06139675,75.02020153181819,75.14242499545455,0.03870801627635956
MMD_dc_ae_l10_g1.00e-05,dc_ae,down_blocks.3.0,1.00e-05,75,75.241960922,75.14524949545454,75.30463428181818,0.06405733525753021
MMD_dc_ae_l10_g1.00e-05,dc_ae,down_blocks.3.0,1.00e-05,76,75.4421082240909,75.35053226363635,75.54217925454545,0.05105319619178772
MMD_dc_ae_l10_g1.00e-05,dc_ae,down_blocks.3.0,1.00e-05,77,75.73595213809092,75.65154605454546,75.79512009954546,0.052649736404418945
MMD_dc_ae_l10_g1.00e-05,dc_ae,down_blocks.3.0,1.00e-05,78,75.98828850090909,75.84170493636363,76.16321556363636,0.04878963530063629
MMD_dc_ae_l10_g1.00e-05,dc_ae,down_blocks.3.0,1.00e-05,79,76.27325769218183,76.19598609272727,76.32376224090909,0.05044014751911163
MMD_dc_ae_l10_g1.00e-05,dc_ae,down_blocks.3.0,1.00e-05,80,76.45166550063637,76.35414479090909,76.5471795409091,0.038999080657958984
MMD_dc_ae_l10_g1.00e-05,dc_ae,down_blocks.3.0,1.00e-05,81,76.6462588629091,76.59774437272728,76.67586082272727,0.06063297390937805
MMD_dc_ae_l10_g1.00e-05,dc_ae,down_blocks.3.0,1.00e-05,82,76.94658449972727,76.81212329090908,77.11547369545454,0.055588655173778534
MMD_dc_ae_l10_g1.00e-05,dc_ae,down_blocks.3.0,1.00e-05,83,77.28899782181819,77.14402031818182,77.52582683636363,0.04317951202392578
MMD_dc_ae_l10_g1.00e-05,dc_ae,down_blocks.3.0,1.00e-05,84,77.77769119081817,77.65479755863636,77.9733424409091,0.048165857791900635
MMD_dc_ae_l10_g1.00e-05,dc_ae,down_blocks.3.0,1.00e-05,85,78.22074370363637,78.0566007590909,78.3483194,0.04701933264732361
MMD_dc_ae_l10_g1.00e-05,dc_ae,down_blocks.3.0,1.00e-05,86,78.53206928127273,78.4185978909091,78.5853263609091,0.02707834541797638
MMD_dc_ae_l10_g1.00e-05,dc_ae,down_blocks.3.0,1.00e-05,87,78.91919609818181,78.61859467727272,79.25695136818182,0.05841577798128128
MMD_dc_ae_l10_g1.00e-05,dc_ae,down_blocks.3.0,1.00e-05,88,79.45154426518181,79.28284742727273,79.62850745318183,0.07277455925941467
MMD_dc_ae_l10_g1.00e-05,dc_ae,down_blocks.3.0,1.00e-05,89,79.85865344999999,79.6499864090909,80.02392345454545,0.04587267339229584
MMD_dc_ae_l10_g1.00e-05,dc_ae,down_blocks.3.0,1.00e-05,90,80.36715078909091,80.13685939999999,80.56802326363636,0.08572627604007721
MMD_dc_ae_l10_g1.00e-05,dc_ae,down_blocks.3.0,1.00e-05,91,80.88711305727273,80.69563893636364,81.02786977272727,0.06360737979412079
MMD_dc_ae_l10_g1.00e-05,dc_ae,down_blocks.3.0,1.00e-05,92,81.56356030636364,81.46314962272727,81.66778405000001,0.05243391543626785
MMD_dc_ae_l10_g1.00e-05,dc_ae,down_blocks.3.0,1.00e-05,93,82.45250053818182,82.0783984909091,83.04785639090909,0.05160721391439438
MMD_dc_ae_l10_g1.00e-05,dc_ae,down_blocks.3.0,1.00e-05,94,83.33674027181817,83.2706767,83.45792123636365,0.043001726269721985
MMD_dc_ae_l10_g1.00e-05,dc_ae,down_blocks.3.0,1.00e-05,95,84.9168772,84.18152392727274,85.54109655454546,0.058066681027412415
MMD_dc_ae_l10_g1.00e-05,dc_ae,down_blocks.3.0,1.00e-05,96,86.43612606354546,85.8163718359091,87.81027129545454,0.061992138624191284
MMD_dc_ae_l10_g2.80e-05,dc_ae,down_blocks.3.0,2.80e-05,1,12.623803891545453,10.383351573636363,14.772021149545454,0.006074855104088783
MMD_dc_ae_l10_g2.80e-05,dc_ae,down_blocks.3.0,2.80e-05,2,16.483207213363638,15.774696462272727,16.977602550909094,0.00559797789901495
MMD_dc_ae_l10_g2.80e-05,dc_ae,down_blocks.3.0,2.80e-05,3,17.855225954545453,17.128398308636363,18.40435578590909,0.007316608913242817
MMD_dc_ae_l10_g2.80e-05,dc_ae,down_blocks.3.0,2.80e-05,4,20.865518097181816,18.964998386363636,22.207954510454545,0.007362049538642168
MMD_dc_ae_l10_g2.80e-05,dc_ae,down_blocks.3.0,2.80e-05,5,23.016297832363637,22.336504287727273,23.859046570909094,0.004964785650372505
MMD_dc_ae_l10_g2.80e-05,dc_ae,down_blocks.3.0,2.80e-05,6,24.676943607545457,24.108436355454547,25.272293834545454,0.006679462268948555
MMD_dc_ae_l10_g2.80e-05,dc_ae,down_blocks.3.0,2.80e-05,7,26.206316040454546,25.739496508636364,26.647243233181822,0.006734373047947884
MMD_dc_ae_l10_g2.80e-05,dc_ae,down_blocks.3.0,2.80e-05,8,27.637551460363635,26.80277036,28.008295531363636,0.0055082812905311584
MMD_dc_ae_l10_g2.80e-05,dc_ae,down_blocks.3.0,2.80e-05,9,28.92851263009091,28.427649107272728,29.867093540909092,0.008240588009357452
MMD_dc_ae_l10_g2.80e-05,dc_ae,down_blocks.3.0,2.80e-05,10,31.575648575545454,30.946254809545454,32.10326235227273,0.011109591461718082
MMD_dc_ae_l10_g2.80e-05,dc_ae,down_blocks.3.0,2.80e-05,11,33.540090341181816,32.57260997909091,34.254768114545456,0.006044830195605755
MMD_dc_ae_l10_g2.80e-05,dc_ae,down_blocks.3.0,2.80e-05,12,36.213817163363636,35.01583384090909,37.183868766818186,0.008572766557335854
MMD_dc_ae_l10_g2.80e-05,dc_ae,down_blocks.3.0,2.80e-05,13,38.664114203454545,37.586910895,39.50363207727273,0.007410422433167696
MMD_dc_ae_l10_g2.80e-05,dc_ae,down_blocks.3.0,2.80e-05,14,40.60400495509091,39.72578294681818,41.450596035,0.007809743285179138
MMD_dc_ae_l10_g2.80e-05,dc_ae,down_blocks.3.0,2.80e-05,15,42.18188632036364,41.606778884545456,42.93479045136364,0.005199923180043697
MMD_dc_ae_l10_g2.80e-05,dc_ae,down_blocks.3.0,2.80e-05,16,43.784922278909086,42.999259720454546,44.68483293727273,0.0052979448810219765
MMD_dc_ae_l10_g2.80e-05,dc_ae,down_blocks.3.0,2.80e-05,17,45.219106401272725,45.014271393181815,45.44974382363636,0.005027991719543934
MMD_dc_ae_l10_g2.80e-05,dc_ae,down_blocks.3.0,2.80e-05,18,46.257626772363636,45.87703164136364,46.55172569545454,0.0041170548647642136
MMD_dc_ae_l10_g2.80e-05,dc_ae,down_blocks.3.0,2.80e-05,19,46.95799090581818,46.63784059272727,47.18393024863636,0.007181760389357805
MMD_dc_ae_l10_g2.80e-05,dc_ae,down_blocks.3.0,2.80e-05,20,47.714600308636356,47.45620903181818,47.997159330454544,0.00672569777816534
MMD_dc_ae_l10_g2.80e-05,dc_ae,down_blocks.3.0,2.80e-05,21,49.30375251727272,48.745656067727275,50.02686477227273,0.005411442834883928
MMD_dc_ae_l10_g2.80e-05,dc_ae,down_blocks.3.0,2.80e-05,22,50.32710597245454,50.24467801363637,50.44004938636363,0.0061671193689107895
MMD_dc_ae_l10_g2.80e-05,dc_ae,down_blocks.3.0,2.80e-05,23,50.872099054636365,50.53053583909091,51.255980857727266,0.006700978148728609
MMD_dc_ae_l10_g2.80e-05,dc_ae,down_blocks.3.0,2.80e-05,24,51.58121081436364,51.47010300409091,51.78909724363636,0.00578781682997942
MMD_dc_ae_l10_g2.80e-05,dc_ae,down_blocks.3.0,2.80e-05,25,51.956543092181825,51.85205774272727,52.126720309090906,0.005767077207565308
MMD_dc_ae_l10_g2.80e-05,dc_ae,down_blocks.3.0,2.80e-05,26,52.81584878981819,52.30133809090909,53.02329102272727,0.006275380961596966
MMD_dc_ae_l10_g2.80e-05,dc_ae,down_blocks.3.0,2.80e-05,27,53.511711584,53.11169118954546,54.35688324090909,0.0064909690991044044
MMD_dc_ae_l10_g2.80e-05,dc_ae,down_blocks.3.0,2.80e-05,28,54.59851262427272,54.43010616227273,54.72388539863636,0.006309347692877054
MMD_dc_ae_l10_g2.80e-05,dc_ae,down_blocks.3.0,2.80e-05,29,55.56896742418182,55.23867115454546,55.82518654818182,0.005770827643573284
MMD_dc_ae_l10_g2.80e-05,dc_ae,down_blocks.3.0,2.80e-05,30,56.35413947490908,56.236087309090905,56.4284854,0.005317027680575848
MMD_dc_ae_l10_g2.80e-05,dc_ae,down_blocks.3.0,2.80e-05,31,56.737218711727266,56.43083487727272,56.87784920000001,0.005822695326060057
MMD_dc_ae_l10_g2.80e-05,dc_ae,down_blocks.3.0,2.80e-05,32,56.97399885154546,56.88495511818182,57.06027285454545,0.00672877486795187
MMD_dc_ae_l10_g2.80e-05,dc_ae,down_blocks.3.0,2.80e-05,33,57.36445707399999,57.08577673045454,57.715692645,0.006558552850037813
MMD_dc_ae_l10_g2.80e-05,dc_ae,down_blocks.3.0,2.80e-05,34,58.19996810827272,57.94736867727273,58.48494007,0.004831554833799601
MMD_dc_ae_l10_g2.80e-05,dc_ae,down_blocks.3.0,2.80e-05,35,59.00553475645454,58.90741873181818,59.15176404636364,0.005816497839987278
MMD_dc_ae_l10_g2.80e-05,dc_ae,down_blocks.3.0,2.80e-05,36,59.43821239872727,59.165360129545455,59.61907620909091,0.0036093504168093204
MMD_dc_ae_l10_g2.80e-05,dc_ae,down_blocks.3.0,2.80e-05,37,59.84679539063636,59.64024705,60.13491826227273,0.005848926957696676
MMD_dc_ae_l10_g2.80e-05,dc_ae,down_blocks.3.0,2.80e-05,38,60.99643894654546,60.66603184545455,61.257236485,0.0056037092581391335
MMD_dc_ae_l10_g2.80e-05,dc_ae,down_blocks.3.0,2.80e-05,39,61.48400721527272,61.38288141818182,61.612018317727276,0.005595661234110594
MMD_dc_ae_l10_g2.80e-05,dc_ae,down_blocks.3.0,2.80e-05,40,61.886854131727276,61.66026577136363,62.140166177272725,0.0063638836145401
MMD_dc_ae_l10_g2.80e-05,dc_ae,down_blocks.3.0,2.80e-05,41,62.4737095229091,62.30800517363637,62.56153540454545,0.005198575556278229
MMD_dc_ae_l10_g2.80e-05,dc_ae,down_blocks.3.0,2.80e-05,42,62.789370462,62.62842450590909,63.033077886363635,0.005864099599421024
MMD_dc_ae_l10_g2.80e-05,dc_ae,down_blocks.3.0,2.80e-05,43,63.41987266700001,63.2958711590909,63.52993807136364,0.005253075622022152
MMD_dc_ae_l10_g2.80e-05,dc_ae,down_blocks.3.0,2.80e-05,44,63.69902262627272,63.601648069090906,63.89873966363636,0.0075385794043540955
MMD_dc_ae_l10_g2.80e-05,dc_ae,down_blocks.3.0,2.80e-05,45,63.98644783854545,63.92419218818182,64.02835174090909,0.005609596613794565
MMD_dc_ae_l10_g2.80e-05,dc_ae,down_blocks.3.0,2.80e-05,46,64.21601700381818,64.1043883409091,64.32671434181817,0.00620378227904439
MMD_dc_ae_l10_g2.80e-05,dc_ae,down_blocks.3.0,2.80e-05,47,64.67885966363636,64.40631527727272,64.88276691590909,0.006383427418768406
MMD_dc_ae_l10_g2.80e-05,dc_ae,down_blocks.3.0,2.80e-05,48,65.06229613163636,64.91428311818181,65.15700578272727,0.007491657510399818
MMD_dc_ae_l10_g2.80e-05,dc_ae,down_blocks.3.0,2.80e-05,49,65.57325001118183,65.26560826818182,65.77319434545456,0.005901423282921314
MMD_dc_ae_l10_g2.80e-05,dc_ae,down_blocks.3.0,2.80e-05,50,66.10387056363636,65.79643795909091,66.41367993636364,0.005495991557836533
MMD_dc_ae_l10_g2.80e-05,dc_ae,down_blocks.3.0,2.80e-05,51,66.6226875630909,66.49486482500001,66.69915260454546,0.005936348345130682
MMD_dc_ae_l10_g2.80e-05,dc_ae,down_blocks.3.0,2.80e-05,52,67.1010070179091,66.84640655909091,67.33497136227273,0.003926579840481281
MMD_dc_ae_l10_g2.80e-05,dc_ae,down_blocks.3.0,2.80e-05,53,67.73512154418182,67.50431248636363,67.89158320909091,0.0060073332861065865
MMD_dc_ae_l10_g2.80e-05,dc_ae,down_blocks.3.0,2.80e-05,54,68.1328889490909,67.98637594090908,68.23565684545454,0.005783661734312773
MMD_dc_ae_l10_g2.80e-05,dc_ae,down_blocks.3.0,2.80e-05,55,68.33264022563637,68.26595938409092,68.41746199090909,0.00548386387526989
MMD_dc_ae_l10_g2.80e-05,dc_ae,down_blocks.3.0,2.80e-05,56,68.67576851445455,68.46063733181818,69.04567613727274,0.005323030520230532
MMD_dc_ae_l10_g2.80e-05,dc_ae,down_blocks.3.0,2.80e-05,57,69.09155621636364,69.05974111818182,69.10780212727273,0.005068131722509861
MMD_dc_ae_l10_g2.80e-05,dc_ae,down_blocks.3.0,2.80e-05,58,69.23145481890909,69.12065298636364,69.35791935818182,0.0076375557109713554
MMD_dc_ae_l10_g2.80e-05,dc_ae,down_blocks.3.0,2.80e-05,59,69.82775094754545,69.61843814545455,69.97248817863637,0.006932614836841822
MMD_dc_ae_l10_g2.80e-05,dc_ae,down_blocks.3.0,2.80e-05,60,70.14619312563636,70.05721009181819,70.20511073181818,0.006345689762383699
MMD_dc_ae_l10_g2.80e-05,dc_ae,down_blocks.3.0,2.80e-05,61,70.44229148836364,70.32331571818182,70.6102672090909,0.00634362455457449
MMD_dc_ae_l10_g2.80e-05,dc_ae,down_blocks.3.0,2.80e-05,62,70.82376260363637,70.7436578590909,70.86294127272727,0.005732729099690914
MMD_dc_ae_l10_g2.80e-05,dc_ae,down_blocks.3.0,2.80e-05,63,71.017826289,70.88488886772727,71.16676672727273,0.005776083562523127
MMD_dc_ae_l10_g2.80e-05,dc_ae,down_blocks.3.0,2.80e-05,64,71.26426175700001,71.17873871818182,71.36296618181818,0.00456908717751503
MMD_dc_ae_l10_g2.80e-05,dc_ae,down_blocks.3.0,2.80e-05,65,71.83902143318183,71.46931471818182,72.09644175681818,0.005430788733065128
MMD_dc_ae_l10_g2.80e-05,dc_ae,down_blocks.3.0,2.80e-05,66,72.25006437972726,72.15469048045455,72.3529890590909,0.011210214346647263
MMD_dc_ae_l10_g2.80e-05,dc_ae,down_blocks.3.0,2.80e-05,67,72.58202422945456,72.35690482818183,72.83995069636363,0.006143661681562662
MMD_dc_ae_l10_g2.80e-05,dc_ae,down_blocks.3.0,2.80e-05,68,73.1044481738182,72.89617321363636,73.33471177272727,0.0047031668946146965
MMD_dc_ae_l10_g2.80e-05,dc_ae,down_blocks.3.0,2.80e-05,69,73.40747646954546,73.33981687045456,73.44619574090909,0.005859925411641598
MMD_dc_ae_l10_g2.80e-05,dc_ae,down_blocks.3.0,2.80e-05,70,73.58348795500001,73.46868897499999,73.76844457272728,0.0058388798497617245
MMD_dc_ae_l10_g2.80e-05,dc_ae,down_blocks.3.0,2.80e-05,71,73.93860900654545,73.80118299272728,74.01135728181818,0.005811601877212524
MMD_dc_ae_l10_g2.80e-05,dc_ae,down_blocks.3.0,2.80e-05,72,74.20439588545455,74.05095793636363,74.38583995454546,0.007333499379456043
MMD_dc_ae_l10_g2.80e-05,dc_ae,down_blocks.3.0,2.80e-05,73,74.73206855272727,74.46433656818182,74.9084351090909,0.0056589581072330475
MMD_dc_ae_l10_g2.80e-05,dc_ae,down_blocks.3.0,2.80e-05,74,75.06139675,75.02020153181819,75.14242499545455,0.004878825508058071
MMD_dc_ae_l10_g2.80e-05,dc_ae,down_blocks.3.0,2.80e-05,75,75.241960922,75.14524949545454,75.30463428181818,0.006154966540634632
MMD_dc_ae_l10_g2.80e-05,dc_ae,down_blocks.3.0,2.80e-05,76,75.4421082240909,75.35053226363635,75.54217925454545,0.005083617754280567
MMD_dc_ae_l10_g2.80e-05,dc_ae,down_blocks.3.0,2.80e-05,77,75.73595213809092,75.65154605454546,75.79512009954546,0.00593961589038372
MMD_dc_ae_l10_g2.80e-05,dc_ae,down_blocks.3.0,2.80e-05,78,75.98828850090909,75.84170493636363,76.16321556363636,0.00553680257871747
MMD_dc_ae_l10_g2.80e-05,dc_ae,down_blocks.3.0,2.80e-05,79,76.27325769218183,76.19598609272727,76.32376224090909,0.005269245244562626
MMD_dc_ae_l10_g2.80e-05,dc_ae,down_blocks.3.0,2.80e-05,80,76.45166550063637,76.35414479090909,76.5471795409091,0.005550909787416458
MMD_dc_ae_l10_g2.80e-05,dc_ae,down_blocks.3.0,2.80e-05,81,76.6462588629091,76.59774437272728,76.67586082272727,0.006061627995222807
MMD_dc_ae_l10_g2.80e-05,dc_ae,down_blocks.3.0,2.80e-05,82,76.94658449972727,76.81212329090908,77.11547369545454,0.005886663217097521
MMD_dc_ae_l10_g2.80e-05,dc_ae,down_blocks.3.0,2.80e-05,83,77.28899782181819,77.14402031818182,77.52582683636363,0.005255201831459999
MMD_dc_ae_l10_g2.80e-05,dc_ae,down_blocks.3.0,2.80e-05,84,77.77769119081817,77.65479755863636,77.9733424409091,0.004015304613858461
MMD_dc_ae_l10_g2.80e-05,dc_ae,down_blocks.3.0,2.80e-05,85,78.22074370363637,78.0566007590909,78.3483194,0.005198216065764427
MMD_dc_ae_l10_g2.80e-05,dc_ae,down_blocks.3.0,2.80e-05,86,78.53206928127273,78.4185978909091,78.5853263609091,0.0036151017993688583
MMD_dc_ae_l10_g2.80e-05,dc_ae,down_blocks.3.0,2.80e-05,87,78.91919609818181,78.61859467727272,79.25695136818182,0.006154178641736507
MMD_dc_ae_l10_g2.80e-05,dc_ae,down_blocks.3.0,2.80e-05,88,79.45154426518181,79.28284742727273,79.62850745318183,0.007056456059217453
MMD_dc_ae_l10_g2.80e-05,dc_ae,down_blocks.3.0,2.80e-05,89,79.85865344999999,79.6499864090909,80.02392345454545,0.005197875201702118
MMD_dc_ae_l10_g2.80e-05,dc_ae,down_blocks.3.0,2.80e-05,90,80.36715078909091,80.13685939999999,80.56802326363636,0.006970597896724939
MMD_dc_ae_l10_g2.80e-05,dc_ae,down_blocks.3.0,2.80e-05,91,80.88711305727273,80.69563893636364,81.02786977272727,0.006092899478971958
MMD_dc_ae_l10_g2.80e-05,dc_ae,down_blocks.3.0,2.80e-05,92,81.56356030636364,81.46314962272727,81.66778405000001,0.0055981953628361225
MMD_dc_ae_l10_g2.80e-05,dc_ae,down_blocks.3.0,2.80e-05,93,82.45250053818182,82.0783984909091,83.04785639090909,0.005306383594870567
MMD_dc_ae_l10_g2.80e-05,dc_ae,down_blocks.3.0,2.80e-05,94,83.33674027181817,83.2706767,83.45792123636365,0.004522756207734346
MMD_dc_ae_l10_g2.80e-05,dc_ae,down_blocks.3.0,2.80e-05,95,84.9168772,84.18152392727274,85.54109655454546,0.008723508566617966
MMD_dc_ae_l10_g2.80e-05,dc_ae,down_blocks.3.0,2.80e-05,96,86.43612606354546,85.8163718359091,87.81027129545454,0.005633998196572065
MMD_dc_ae_l10_g1.00e-04,dc_ae,down_blocks.3.0,1.00e-04,1,12.623803891545453,10.383351573636363,14.772021149545454,1.8161424577556318e-06
MMD_dc_ae_l10_g1.00e-04,dc_ae,down_blocks.3.0,1.00e-04,2,16.483207213363638,15.774696462272727,16.977602550909094,1.811820425245969e-06
MMD_dc_ae_l10_g1.00e-04,dc_ae,down_blocks.3.0,1.00e-04,3,17.855225954545453,17.128398308636363,18.40435578590909,1.8187305386163644e-06
MMD_dc_ae_l10_g1.00e-04,dc_ae,down_blocks.3.0,1.00e-04,4,20.865518097181816,18.964998386363636,22.207954510454545,1.901250243463437e-06
MMD_dc_ae_l10_g1.00e-04,dc_ae,down_blocks.3.0,1.00e-04,5,23.016297832363637,22.336504287727273,23.859046570909094,1.807008061405213e-06
MMD_dc_ae_l10_g1.00e-04,dc_ae,down_blocks.3.0,1.00e-04,6,24.676943607545457,24.108436355454547,25.272293834545454,1.7659893956079031e-06
MMD_dc_ae_l10_g1.00e-04,dc_ae,down_blocks.3.0,1.00e-04,7,26.206316040454546,25.739496508636364,26.647243233181822,1.8168377664551372e-06
MMD_dc_ae_l10_g1.00e-04,dc_ae,down_blocks.3.0,1.00e-04,8,27.637551460363635,26.80277036,28.008295531363636,1.823482989493641e-06
MMD_dc_ae_l10_g1.00e-04,dc_ae,down_blocks.3.0,1.00e-04,9,28.92851263009091,28.427649107272728,29.867093540909092,1.817937231862743e-06
MMD_dc_ae_l10_g1.00e-04,dc_ae,down_blocks.3.0,1.00e-04,10,31.575648575545454,30.946254809545454,32.10326235227273,2.531924337745295e-06
MMD_dc_ae_l10_g1.00e-04,dc_ae,down_blocks.3.0,1.00e-04,11,33.540090341181816,32.57260997909091,34.254768114545456,1.825270942390489e-06
MMD_dc_ae_l10_g1.00e-04,dc_ae,down_blocks.3.0,1.00e-04,12,36.213817163363636,35.01583384090909,37.183868766818186,2.007915782087366e-06
MMD_dc_ae_l10_g1.00e-04,dc_ae,down_blocks.3.0,1.00e-04,13,38.664114203454545,37.586910895,39.50363207727273,1.9273463749414077e-06
MMD_dc_ae_l10_g1.00e-04,dc_ae,down_blocks.3.0,1.00e-04,14,40.60400495509091,39.72578294681818,41.450596035,1.8326802546653198e-06
MMD_dc_ae_l10_g1.00e-04,dc_ae,down_blocks.3.0,1.00e-04,15,42.18188632036364,41.606778884545456,42.93479045136364,1.7895172277349047e-06
MMD_dc_ae_l10_g1.00e-04,dc_ae,down_blocks.3.0,1.00e-04,16,43.784922278909086,42.999259720454546,44.68483293727273,1.7878802509585512e-06
MMD_dc_ae_l10_g1.00e-04,dc_ae,down_blocks.3.0,1.00e-04,17,45.219106401272725,45.014271393181815,45.44974382363636,1.8077095091939555e-06
MMD_dc_ae_l10_g1.00e-04,dc_ae,down_blocks.3.0,1.00e-04,18,46.257626772363636,45.87703164136364,46.55172569545454,1.7876386664283928e-06
MMD_dc_ae_l10_g1.00e-04,dc_ae,down_blocks.3.0,1.00e-04,19,46.95799090581818,46.63784059272727,47.18393024863636,1.870551386673469e-06
MMD_dc_ae_l10_g1.00e-04,dc_ae,down_blocks.3.0,1.00e-04,20,47.714600308636356,47.45620903181818,47.997159330454544,1.8125333554053213e-06
MMD_dc_ae_l10_g1.00e-04,dc_ae,down_blocks.3.0,1.00e-04,21,49.30375251727272,48.745656067727275,50.02686477227273,1.7630164848014829e-06
MMD_dc_ae_l10_g1.00e-04,dc_ae,down_blocks.3.0,1.00e-04,22,50.32710597245454,50.24467801363637,50.44004938636363,1.8186630086347577e-06
MMD_dc_ae_l10_g1.00e-04,dc_ae,down_blocks.3.0,1.00e-04,23,50.872099054636365,50.53053583909091,51.255980857727266,1.825910430852673e-06
MMD_dc_ae_l10_g1.00e-04,dc_ae,down_blocks.3.0,1.00e-04,24,51.58121081436364,51.47010300409091,51.78909724363636,1.818428927435889e-06
MMD_dc_ae_l10_g1.00e-04,dc_ae,down_blocks.3.0,1.00e-04,25,51.956543092181825,51.85205774272727,52.126720309090906,1.8134563788407831e-06
MMD_dc_ae_l10_g1.00e-04,dc_ae,down_blocks.3.0,1.00e-04,26,52.81584878981819,52.30133809090909,53.02329102272727,1.819190515561786e-06
MMD_dc_ae_l10_g1.00e-04,dc_ae,down_blocks.3.0,1.00e-04,27,53.511711584,53.11169118954546,54.35688324090909,1.823814613999275e-06
MMD_dc_ae_l10_g1.00e-04,dc_ae,down_blocks.3.0,1.00e-04,28,54.59851262427272,54.43010616227273,54.72388539863636,1.8185512544732774e-06
MMD_dc_ae_l10_g1.00e-04,dc_ae,down_blocks.3.0,1.00e-04,29,55.56896742418182,55.23867115454546,55.82518654818182,1.8159100818593288e-06
MMD_dc_ae_l10_g1.00e-04,dc_ae,down_blocks.3.0,1.00e-04,30,56.35413947490908,56.236087309090905,56.4284854,1.7681762756183161e-06
MMD_dc_ae_l10_g1.00e-04,dc_ae,down_blocks.3.0,1.00e-04,31,56.737218711727266,56.43083487727272,56.87784920000001,1.8124020471077529e-06
MMD_dc_ae_l10_g1.00e-04,dc_ae,down_blocks.3.0,1.00e-04,32,56.97399885154546,56.88495511818182,57.06027285454545,1.6874500943231396e-06
MMD_dc_ae_l10_g1.00e-04,dc_ae,down_blocks.3.0,1.00e-04,33,57.36445707399999,57.08577673045454,57.715692645,1.818847863432893e-06
MMD_dc_ae_l10_g1.00e-04,dc_ae,down_blocks.3.0,1.00e-04,34,58.19996810827272,57.94736867727273,58.48494007,1.8018431546806823e-06
MMD_dc_ae_l10_g1.00e-04,dc_ae,down_blocks.3.0,1.00e-04,35,59.00553475645454,58.90741873181818,59.15176404636364,1.814569714042591e-06
MMD_dc_ae_l10_g1.00e-04,dc_ae,down_blocks.3.0,1.00e-04,36,59.43821239872727,59.165360129545455,59.61907620909091,1.7123737734436872e-06
MMD_dc_ae_l10_g1.00e-04,dc_ae,down_blocks.3.0,1.00e-04,37,59.84679539063636,59.64024705,60.13491826227273,1.8169714621762978e-06
MMD_dc_ae_l10_g1.00e-04,dc_ae,down_blocks.3.0,1.00e-04,38,60.99643894654546,60.66603184545455,61.257236485,1.8386647298029857e-06
MMD_dc_ae_l10_g1.00e-04,dc_ae,down_blocks.3.0,1.00e-04,39,61.48400721527272,61.38288141818182,61.612018317727276,1.8171820101997582e-06
MMD_dc_ae_l10_g1.00e-04,dc_ae,down_blocks.3.0,1.00e-04,40,61.886854131727276,61.66026577136363,62.140166177272725,1.8190436321674497e-06
MMD_dc_ae_l10_g1.00e-04,dc_ae,down_blocks.3.0,1.00e-04,41,62.4737095229091,62.30800517363637,62.56153540454545,1.813627591218392e-06
MMD_dc_ae_l10_g1.00e-04,dc_ae,down_blocks.3.0,1.00e-04,42,62.789370462,62.62842450590909,63.033077886363635,1.814260940591339e-06
MMD_dc_ae_l10_g1.00e-04,dc_ae,down_blocks.3.0,1.00e-04,43,63.41987266700001,63.2958711590909,63.52993807136364,1.810136723179312e-06
MMD_dc_ae_l10_g1.00e-04,dc_ae,down_blocks.3.0,1.00e-04,44,63.69902262627272,63.601648069090906,63.89873966363636,1.8384153008810245e-06
MMD_dc_ae_l10_g1.00e-04,dc_ae,down_blocks.3.0,1.00e-04,45,63.98644783854545,63.92419218818182,64.02835174090909,1.8260016076965258e-06
MMD_dc_ae_l10_g1.00e-04,dc_ae,down_blocks.3.0,1.00e-04,46,64.21601700381818,64.1043883409091,64.32671434181817,1.8169698705605697e-06
MMD_dc_ae_l10_g1.00e-04,dc_ae,down_blocks.3.0,1.00e-04,47,64.67885966363636,64.40631527727272,64.88276691590909,1.818821715460217e-06
MMD_dc_ae_l10_g1.00e-04,dc_ae,down_blocks.3.0,1.00e-04,48,65.06229613163636,64.91428311818181,65.15700578272727,1.930367034219671e-06
MMD_dc_ae_l10_g1.00e-04,dc_ae,down_blocks.3.0,1.00e-04,49,65.57325001118183,65.26560826818182,65.77319434545456,1.8171317606174853e-06
MMD_dc_ae_l10_g1.00e-04,dc_ae,down_blocks.3.0,1.00e-04,50,66.10387056363636,65.79643795909091,66.41367993636364,1.8158252714783885e-06
MMD_dc_ae_l10_g1.00e-04,dc_ae,down_blocks.3.0,1.00e-04,51,66.6226875630909,66.49486482500001,66.69915260454546,1.81711754976277e-06
MMD_dc_ae_l10_g1.00e-04,dc_ae,down_blocks.3.0,1.00e-04,52,67.1010070179091,66.84640655909091,67.33497136227273,1.764959506544983e-06
MMD_dc_ae_l10_g1.00e-04,dc_ae,down_blocks.3.0,1.00e-04,53,67.73512154418182,67.50431248636363,67.89158320909091,1.8170291014030227e-06
MMD_dc_ae_l10_g1.00e-04,dc_ae,down_blocks.3.0,1.00e-04,54,68.1328889490909,67.98637594090908,68.23565684545454,1.8103962702298304e-06
MMD_dc_ae_l10_g1.00e-04,dc_ae,down_blocks.3.0,1.00e-04,55,68.33264022563637,68.26595938409092,68.41746199090909,1.8057177157970727e-06
MMD_dc_ae_l10_g1.00e-04,dc_ae,down_blocks.3.0,1.00e-04,56,68.67576851445455,68.46063733181818,69.04567613727274,1.8130066337107564e-06
MMD_dc_ae_l10_g1.00e-04,dc_ae,down_blocks.3.0,1.00e-04,57,69.09155621636364,69.05974111818182,69.10780212727273,1.8071841623168439e-06
MMD_dc_ae_l10_g1.00e-04,dc_ae,down_blocks.3.0,1.00e-04,58,69.23145481890909,69.12065298636364,69.35791935818182,1.8193164805779816e-06
MMD_dc_ae_l10_g1.00e-04,dc_ae,down_blocks.3.0,1.00e-04,59,69.82775094754545,69.61843814545455,69.97248817863637,1.8192258721683174e-06
MMD_dc_ae_l10_g1.00e-04,dc_ae,down_blocks.3.0,1.00e-04,60,70.14619312563636,70.05721009181819,70.20511073181818,1.795043317542877e-06
MMD_dc_ae_l10_g1.00e-04,dc_ae,down_blocks.3.0,1.00e-04,61,70.44229148836364,70.32331571818182,70.6102672090909,1.8187195109931054e-06
MMD_dc_ae_l10_g1.00e-04,dc_ae,down_blocks.3.0,1.00e-04,62,70.82376260363637,70.7436578590909,70.86294127272727,1.8144762634619838e-06
MMD_dc_ae_l10_g1.00e-04,dc_ae,down_blocks.3.0,1.00e-04,63,71.017826289,70.88488886772727,71.16676672727273,1.8266059669258539e-06
MMD_dc_ae_l10_g1.00e-04,dc_ae,down_blocks.3.0,1.00e-04,64,71.26426175700001,71.17873871818182,71.36296618181818,1.7503599565316108e-06
MMD_dc_ae_l10_g1.00e-04,dc_ae,down_blocks.3.0,1.00e-04,65,71.83902143318183,71.46931471818182,72.09644175681818,1.8149404468204011e-06
MMD_dc_ae_l10_g1.00e-04,dc_ae,down_blocks.3.0,1.00e-04,66,72.25006437972726,72.15469048045455,72.3529890590909,6.7260893956699874e-06
MMD_dc_ae_l10_g1.00e-04,dc_ae,down_blocks.3.0,1.00e-04,67,72.58202422945456,72.35690482818183,72.83995069636363,1.793672026906279e-06
MMD_dc_ae_l10_g1.00e-04,dc_ae,down_blocks.3.0,1.00e-04,68,73.1044481738182,72.89617321363636,73.33471177272727,1.806765112633002e-06
MMD_dc_ae_l10_g1.00e-04,dc_ae,down_blocks.3.0,1.00e-04,69,73.40747646954546,73.33981687045456,73.44619574090909,1.8117987110599643e-06
MMD_dc_ae_l10_g1.00e-04,dc_ae,down_blocks.3.0,1.00e-04,70,73.58348795500001,73.46868897499999,73.76844457272728,1.817604356801894e-06
MMD_dc_ae_l10_g1.00e-04,dc_ae,down_blocks.3.0,1.00e-04,71,73.93860900654545,73.80118299272728,74.01135728181818,1.8176388039137237e-06
MMD_dc_ae_l10_g1.00e-04,dc_ae,down_blocks.3.0,1.00e-04,72,74.20439588545455,74.05095793636363,74.38583995454546,1.926360482684686e-06
MMD_dc_ae_l10_g1.00e-04,dc_ae,down_blocks.3.0,1.00e-04,73,74.73206855272727,74.46433656818182,74.9084351090909,1.8171642750530737e-06
MMD_dc_ae_l10_g1.00e-04,dc_ae,down_blocks.3.0,1.00e-04,74,75.06139675,75.02020153181819,75.14242499545455,1.8093586504619452e-06
MMD_dc_ae_l10_g1.00e-04,dc_ae,down_blocks.3.0,1.00e-04,75,75.241960922,75.14524949545454,75.30463428181818,1.8181764289693092e-06
MMD_dc_ae_l10_g1.00e-04,dc_ae,down_blocks.3.0,1.00e-04,76,75.4421082240909,75.35053226363635,75.54217925454545,1.8004583353103953e-06
MMD_dc_ae_l10_g1.00e-04,dc_ae,down_blocks.3.0,1.00e-04,77,75.73595213809092,75.65154605454546,75.79512009954546,1.818643681872345e-06
MMD_dc_ae_l10_g1.00e-04,dc_ae,down_blocks.3.0,1.00e-04,78,75.98828850090909,75.84170493636363,76.16321556363636,1.816719418457069e-06
MMD_dc_ae_l10_g1.00e-04,dc_ae,down_blocks.3.0,1.00e-04,79,76.27325769218183,76.19598609272727,76.32376224090909,1.8112297084371676e-06
MMD_dc_ae_l10_g1.00e-04,dc_ae,down_blocks.3.0,1.00e-04,80,76.45166550063637,76.35414479090909,76.5471795409091,1.8174948763771681e-06
MMD_dc_ae_l10_g1.00e-04,dc_ae,down_blocks.3.0,1.00e-04,81,76.6462588629091,76.59774437272728,76.67586082272727,1.82318365204992e-06
MMD_dc_ae_l10_g1.00e-04,dc_ae,down_blocks.3.0,1.00e-04,82,76.94658449972727,76.81212329090908,77.11547369545454,1.8176046978624072e-06
MMD_dc_ae_l10_g1.00e-04,dc_ae,down_blocks.3.0,1.00e-04,83,77.28899782181819,77.14402031818182,77.52582683636363,1.7651896087045316e-06
MMD_dc_ae_l10_g1.00e-04,dc_ae,down_blocks.3.0,1.00e-04,84,77.77769119081817,77.65479755863636,77.9733424409091,1.7269705949729541e-06
MMD_dc_ae_l10_g1.00e-04,dc_ae,down_blocks.3.0,1.00e-04,85,78.22074370363637,78.0566007590909,78.3483194,1.7910697351908311e-06
MMD_dc_ae_l10_g1.00e-04,dc_ae,down_blocks.3.0,1.00e-04,86,78.53206928127273,78.4185978909091,78.5853263609091,1.7735335404722719e-06
MMD_dc_ae_l10_g1.00e-04,dc_ae,down_blocks.3.0,1.00e-04,87,78.91919609818181,78.61859467727272,79.25695136818182,1.8176715457229875e-06
MMD_dc_ae_l10_g1.00e-04,dc_ae,down_blocks.3.0,1.00e-04,88,79.45154426518181,79.28284742727273,79.62850745318183,1.8416329794490593e-06
MMD_dc_ae_l10_g1.00e-04,dc_ae,down_blocks.3.0,1.00e-04,89,79.85865344999999,79.6499864090909,80.02392345454545,1.8146143929698155e-06
MMD_dc_ae_l10_g1.00e-04,dc_ae,down_blocks.3.0,1.00e-04,90,80.36715078909091,80.13685939999999,80.56802326363636,1.8193812820754829e-06
MMD_dc_ae_l10_g1.00e-04,dc_ae,down_blocks.3.0,1.00e-04,91,80.88711305727273,80.69563893636364,81.02786977272727,1.8166094832849922e-06
MMD_dc_ae_l10_g1.00e-04,dc_ae,down_blocks.3.0,1.00e-04,92,81.56356030636364,81.46314962272727,81.66778405000001,1.814138045119762e-06
MMD_dc_ae_l10_g1.00e-04,dc_ae,down_blocks.3.0,1.00e-04,93,82.45250053818182,82.0783984909091,83.04785639090909,1.8037958398053888e-06
MMD_dc_ae_l10_g1.00e-04,dc_ae,down_blocks.3.0,1.00e-04,94,83.33674027181817,83.2706767,83.45792123636365,1.7776918639356154e-06
MMD_dc_ae_l10_g1.00e-04,dc_ae,down_blocks.3.0,1.00e-04,95,84.9168772,84.18152392727274,85.54109655454546,3.073543894061004e-06
MMD_dc_ae_l10_g1.00e-04,dc_ae,down_blocks.3.0,1.00e-04,96,86.43612606354546,85.8163718359091,87.81027129545454,1.8118338402928202e-06
MMD_dc_ae_l10_g1.00e-03,dc_ae,down_blocks.3.0,1.00e-03,1,12.623803891545453,10.383351573636363,14.772021149545454,-6.109625305672495e-11
MMD_dc_ae_l10_g1.00e-03,dc_ae,down_blocks.3.0,1.00e-03,2,16.483207213363638,15.774696462272727,16.977602550909094,-6.109625305672495e-11
MMD_dc_ae_l10_g1.00e-03,dc_ae,down_blocks.3.0,1.00e-03,3,17.855225954545453,17.128398308636363,18.40435578590909,-6.109625305672495e-11
MMD_dc_ae_l10_g1.00e-03,dc_ae,down_blocks.3.0,1.00e-03,4,20.865518097181816,18.964998386363636,22.207954510454545,-6.109625305672495e-11
MMD_dc_ae_l10_g1.00e-03,dc_ae,down_blocks.3.0,1.00e-03,5,23.016297832363637,22.336504287727273,23.859046570909094,-6.109625305672495e-11
MMD_dc_ae_l10_g1.00e-03,dc_ae,down_blocks.3.0,1.00e-03,6,24.676943607545457,24.108436355454547,25.272293834545454,-6.109625305672495e-11
MMD_dc_ae_l10_g1.00e-03,dc_ae,down_blocks.3.0,1.00e-03,7,26.206316040454546,25.739496508636364,26.647243233181822,-2.390295428256195e-08
MMD_dc_ae_l10_g1.00e-03,dc_ae,down_blocks.3.0,1.00e-03,8,27.637551460363635,26.80277036,28.008295531363636,-6.109625305672495e-11
MMD_dc_ae_l10_g1.00e-03,dc_ae,down_blocks.3.0,1.00e-03,9,28.92851263009091,28.427649107272728,29.867093540909092,-6.109625305672495e-11
MMD_dc_ae_l10_g1.00e-03,dc_ae,down_blocks.3.0,1.00e-03,10,31.575648575545454,30.946254809545454,32.10326235227273,-6.109625305672495e-11
MMD_dc_ae_l10_g1.00e-03,dc_ae,down_blocks.3.0,1.00e-03,11,33.540090341181816,32.57260997909091,34.254768114545456,-6.109625305672495e-11
MMD_dc_ae_l10_g1.00e-03,dc_ae,down_blocks.3.0,1.00e-03,12,36.213817163363636,35.01583384090909,37.183868766818186,-6.109625305672495e-11
MMD_dc_ae_l10_g1.00e-03,dc_ae,down_blocks.3.0,1.00e-03,13,38.664114203454545,37.586910895,39.50363207727273,-6.109625305672495e-11
MMD_dc_ae_l10_g1.00e-03,dc_ae,down_blocks.3.0,1.00e-03,14,40.60400495509091,39.72578294681818,41.450596035,-6.109625305672495e-11
MMD_dc_ae_l10_g1.00e-03,dc_ae,down_blocks.3.0,1.00e-03,15,42.18188632036364,41.606778884545456,42.93479045136364,-6.109625305672495e-11
MMD_dc_ae_l10_g1.00e-03,dc_ae,down_blocks.3.0,1.00e-03,16,43.784922278909086,42.999259720454546,44.68483293727273,-6.109625305672495e-11
MMD_dc_ae_l10_g1.00e-03,dc_ae,down_blocks.3.0,1.00e-03,17,45.219106401272725,45.014271393181815,45.44974382363636,-6.109625305672495e-11
MMD_dc_ae_l10_g1.00e-03,dc_ae,down_blocks.3.0,1.00e-03,18,46.257626772363636,45.87703164136364,46.55172569545454,-6.109625305672495e-11
MMD_dc_ae_l10_g1.00e-03,dc_ae,down_blocks.3.0,1.00e-03,19,46.95799090581818,46.63784059272727,47.18393024863636,-6.109625305672495e-11
MMD_dc_ae_l10_g1.00e-03,dc_ae,down_blocks.3.0,1.00e-03,20,47.714600308636356,47.45620903181818,47.997159330454544,-6.109625305672495e-11
MMD_dc_ae_l10_g1.00e-03,dc_ae,down_blocks.3.0,1.00e-03,21,49.30375251727272,48.745656067727275,50.02686477227273,-6.109625305672495e-11
MMD_dc_ae_l10_g1.00e-03,dc_ae,down_blocks.3.0,1.00e-03,22,50.32710597245454,50.24467801363637,50.44004938636363,-6.109625305672495e-11
MMD_dc_ae_l10_g1.00e-03,dc_ae,down_blocks.3.0,1.00e-03,23,50.872099054636365,50.53053583909091,51.255980857727266,-6.109625305672495e-11
MMD_dc_ae_l10_g1.00e-03,dc_ae,down_blocks.3.0,1.00e-03,24,51.58121081436364,51.47010300409091,51.78909724363636,-6.109625305672495e-11
MMD_dc_ae_l10_g1.00e-03,dc_ae,down_blocks.3.0,1.00e-03,25,51.956543092181825,51.85205774272727,52.126720309090906,-2.390295428256195e-08
MMD_dc_ae_l10_g1.00e-03,dc_ae,down_blocks.3.0,1.00e-03,26,52.81584878981819,52.30133809090909,53.02329102272727,-6.109625305672495e-11
MMD_dc_ae_l10_g1.00e-03,dc_ae,down_blocks.3.0,1.00e-03,27,53.511711584,53.11169118954546,54.35688324090909,-6.109625305672495e-11
MMD_dc_ae_l10_g1.00e-03,dc_ae,down_blocks.3.0,1.00e-03,28,54.59851262427272,54.43010616227273,54.72388539863636,-6.109625305672495e-11
MMD_dc_ae_l10_g1.00e-03,dc_ae,down_blocks.3.0,1.00e-03,29,55.56896742418182,55.23867115454546,55.82518654818182,-6.109625305672495e-11
MMD_dc_ae_l10_g1.00e-03,dc_ae,down_blocks.3.0,1.00e-03,30,56.35413947490908,56.236087309090905,56.4284854,-6.109625305672495e-11
MMD_dc_ae_l10_g1.00e-03,dc_ae,down_blocks.3.0,1.00e-03,31,56.737218711727266,56.43083487727272,56.87784920000001,-6.109625305672495e-11
MMD_dc_ae_l10_g1.00e-03,dc_ae,down_blocks.3.0,1.00e-03,32,56.97399885154546,56.88495511818182,57.06027285454545,-6.109625305672495e-11
MMD_dc_ae_l10_g1.00e-03,dc_ae,down_blocks.3.0,1.00e-03,33,57.36445707399999,57.08577673045454,57.715692645,-6.109625305672495e-11
MMD_dc_ae_l10_g1.00e-03,dc_ae,down_blocks.3.0,1.00e-03,34,58.19996810827272,57.94736867727273,58.48494007,-6.109625305672495e-11
MMD_dc_ae_l10_g1.00e-03,dc_ae,down_blocks.3.0,1.00e-03,35,59.00553475645454,58.90741873181818,59.15176404636364,-2.390295428256195e-08
MMD_dc_ae_l10_g1.00e-03,dc_ae,down_blocks.3.0,1.00e-03,36,59.43821239872727,59.165360129545455,59.61907620909091,-6.109625305672495e-11
MMD_dc_ae_l10_g1.00e-03,dc_ae,down_blocks.3.0,1.00e-03,37,59.84679539063636,59.64024705,60.13491826227273,-6.109625305672495e-11
MMD_dc_ae_l10_g1.00e-03,dc_ae,down_blocks.3.0,1.00e-03,38,60.99643894654546,60.66603184545455,61.257236485,-6.109625305672495e-11
MMD_dc_ae_l10_g1.00e-03,dc_ae,down_blocks.3.0,1.00e-03,39,61.48400721527272,61.38288141818182,61.612018317727276,-6.109625305672495e-11
MMD_dc_ae_l10_g1.00e-03,dc_ae,down_blocks.3.0,1.00e-03,40,61.886854131727276,61.66026577136363,62.140166177272725,-6.109625305672495e-11
MMD_dc_ae_l10_g1.00e-03,dc_ae,down_blocks.3.0,1.00e-03,41,62.4737095229091,62.30800517363637,62.56153540454545,-6.109625305672495e-11
MMD_dc_ae_l10_g1.00e-03,dc_ae,down_blocks.3.0,1.00e-03,42,62.789370462,62.62842450590909,63.033077886363635,-6.109625305672495e-11
MMD_dc_ae_l10_g1.00e-03,dc_ae,down_blocks.3.0,1.00e-03,43,63.41987266700001,63.2958711590909,63.52993807136364,-6.109625305672495e-11
MMD_dc_ae_l10_g1.00e-03,dc_ae,down_blocks.3.0,1.00e-03,44,63.69902262627272,63.601648069090906,63.89873966363636,-6.109625305672495e-11
MMD_dc_ae_l10_g1.00e-03,dc_ae,down_blocks.3.0,1.00e-03,45,63.98644783854545,63.92419218818182,64.02835174090909,-6.109625305672495e-11
MMD_dc_ae_l10_g1.00e-03,dc_ae,down_blocks.3.0,1.00e-03,46,64.21601700381818,64.1043883409091,64.32671434181817,-6.109625305672495e-11
MMD_dc_ae_l10_g1.00e-03,dc_ae,down_blocks.3.0,1.00e-03,47,64.67885966363636,64.40631527727272,64.88276691590909,-6.109625305672495e-11
MMD_dc_ae_l10_g1.00e-03,dc_ae,down_blocks.3.0,1.00e-03,48,65.06229613163636,64.91428311818181,65.15700578272727,-2.390295428256195e-08
MMD_dc_ae_l10_g1.00e-03,dc_ae,down_blocks.3.0,1.00e-03,49,65.57325001118183,65.26560826818182,65.77319434545456,-6.109625305672495e-11
MMD_dc_ae_l10_g1.00e-03,dc_ae,down_blocks.3.0,1.00e-03,50,66.10387056363636,65.79643795909091,66.41367993636364,-6.109625305672495e-11
MMD_dc_ae_l10_g1.00e-03,dc_ae,down_blocks.3.0,1.00e-03,51,66.6226875630909,66.49486482500001,66.69915260454546,-6.109625305672495e-11
MMD_dc_ae_l10_g1.00e-03,dc_ae,down_blocks.3.0,1.00e-03,52,67.1010070179091,66.84640655909091,67.33497136227273,-6.109625305672495e-11
MMD_dc_ae_l10_g1.00e-03,dc_ae,down_blocks.3.0,1.00e-03,53,67.73512154418182,67.50431248636363,67.89158320909091,-6.109625305672495e-11
MMD_dc_ae_l10_g1.00e-03,dc_ae,down_blocks.3.0,1.00e-03,54,68.1328889490909,67.98637594090908,68.23565684545454,-2.390295428256195e-08
MMD_dc_ae_l10_g1.00e-03,dc_ae,down_blocks.3.0,1.00e-03,55,68.33264022563637,68.26595938409092,68.41746199090909,-2.390295428256195e-08
MMD_dc_ae_l10_g1.00e-03,dc_ae,down_blocks.3.0,1.00e-03,56,68.67576851445455,68.46063733181818,69.04567613727274,-6.109625305672495e-11
MMD_dc_ae_l10_g1.00e-03,dc_ae,down_blocks.3.0,1.00e-03,57,69.09155621636364,69.05974111818182,69.10780212727273,-6.109625305672495e-11
MMD_dc_ae_l10_g1.00e-03,dc_ae,down_blocks.3.0,1.00e-03,58,69.23145481890909,69.12065298636364,69.35791935818182,-6.109625305672495e-11
MMD_dc_ae_l10_g1.00e-03,dc_ae,down_blocks.3.0,1.00e-03,59,69.82775094754545,69.61843814545455,69.97248817863637,-6.109625305672495e-11
MMD_dc_ae_l10_g1.00e-03,dc_ae,down_blocks.3.0,1.00e-03,60,70.14619312563636,70.05721009181819,70.20511073181818,-6.109625305672495e-11
MMD_dc_ae_l10_g1.00e-03,dc_ae,down_blocks.3.0,1.00e-03,61,70.44229148836364,70.32331571818182,70.6102672090909,-6.109625305672495e-11
MMD_dc_ae_l10_g1.00e-03,dc_ae,down_blocks.3.0,1.00e-03,62,70.82376260363637,70.7436578590909,70.86294127272727,-6.109625305672495e-11
MMD_dc_ae_l10_g1.00e-03,dc_ae,down_blocks.3.0,1.00e-03,63,71.017826289,70.88488886772727,71.16676672727273,-6.109625305672495e-11
MMD_dc_ae_l10_g1.00e-03,dc_ae,down_blocks.3.0,1.00e-03,64,71.26426175700001,71.17873871818182,71.36296618181818,-6.109625305672495e-11
MMD_dc_ae_l10_g1.00e-03,dc_ae,down_blocks.3.0,1.00e-03,65,71.83902143318183,71.46931471818182,72.09644175681818,-6.109625305672495e-11
MMD_dc_ae_l10_g1.00e-03,dc_ae,down_blocks.3.0,1.00e-03,66,72.25006437972726,72.15469048045455,72.3529890590909,-6.109625305672495e-11
MMD_dc_ae_l10_g1.00e-03,dc_ae,down_blocks.3.0,1.00e-03,67,72.58202422945456,72.35690482818183,72.83995069636363,-6.109625305672495e-11
MMD_dc_ae_l10_g1.00e-03,dc_ae,down_blocks.3.0,1.00e-03,68,73.1044481738182,72.89617321363636,73.33471177272727,-6.109625305672495e-11
MMD_dc_ae_l10_g1.00e-03,dc_ae,down_blocks.3.0,1.00e-03,69,73.40747646954546,73.33981687045456,73.44619574090909,-6.109625305672495e-11
MMD_dc_ae_l10_g1.00e-03,dc_ae,down_blocks.3.0,1.00e-03,70,73.58348795500001,73.46868897499999,73.76844457272728,-6.109625305672495e-11
MMD_dc_ae_l10_g1.00e-03,dc_ae,down_blocks.3.0,1.00e-03,71,73.93860900654545,73.80118299272728,74.01135728181818,-6.109625305672495e-11
MMD_dc_ae_l10_g1.00e-03,dc_ae,down_blocks.3.0,1.00e-03,72,74.20439588545455,74.05095793636363,74.38583995454546,-6.109625305672495e-11
MMD_dc_ae_l10_g1.00e-03,dc_ae,down_blocks.3.0,1.00e-03,73,74.73206855272727,74.46433656818182,74.9084351090909,-6.109625305672495e-11
MMD_dc_ae_l10_g1.00e-03,dc_ae,down_blocks.3.0,1.00e-03,74,75.06139675,75.02020153181819,75.14242499545455,-6.109625305672495e-11
MMD_dc_ae_l10_g1.00e-03,dc_ae,down_blocks.3.0,1.00e-03,75,75.241960922,75.14524949545454,75.30463428181818,-6.109625305672495e-11
MMD_dc_ae_l10_g1.00e-03,dc_ae,down_blocks.3.0,1.00e-03,76,75.4421082240909,75.35053226363635,75.54217925454545,-6.109625305672495e-11
MMD_dc_ae_l10_g1.00e-03,dc_ae,down_blocks.3.0,1.00e-03,77,75.73595213809092,75.65154605454546,75.79512009954546,-2.390295428256195e-08
MMD_dc_ae_l10_g1.00e-03,dc_ae,down_blocks.3.0,1.00e-03,78,75.98828850090909,75.84170493636363,76.16321556363636,-6.109625305672495e-11
MMD_dc_ae_l10_g1.00e-03,dc_ae,down_blocks.3.0,1.00e-03,79,76.27325769218183,76.19598609272727,76.32376224090909,-6.109625305672495e-11
MMD_dc_ae_l10_g1.00e-03,dc_ae,down_blocks.3.0,1.00e-03,80,76.45166550063637,76.35414479090909,76.5471795409091,-6.109625305672495e-11
MMD_dc_ae_l10_g1.00e-03,dc_ae,down_blocks.3.0,1.00e-03,81,76.6462588629091,76.59774437272728,76.67586082272727,-6.109625305672495e-11
MMD_dc_ae_l10_g1.00e-03,dc_ae,down_blocks.3.0,1.00e-03,82,76.94658449972727,76.81212329090908,77.11547369545454,-6.109625305672495e-11
MMD_dc_ae_l10_g1.00e-03,dc_ae,down_blocks.3.0,1.00e-03,83,77.28899782181819,77.14402031818182,77.52582683636363,-6.109625305672495e-11
MMD_dc_ae_l10_g1.00e-03,dc_ae,down_blocks.3.0,1.00e-03,84,77.77769119081817,77.65479755863636,77.9733424409091,-6.109625305672495e-11
MMD_dc_ae_l10_g1.00e-03,dc_ae,down_blocks.3.0,1.00e-03,85,78.22074370363637,78.0566007590909,78.3483194,-6.109625305672495e-11
MMD_dc_ae_l10_g1.00e-03,dc_ae,down_blocks.3.0,1.00e-03,86,78.53206928127273,78.4185978909091,78.5853263609091,-6.109625305672495e-11
MMD_dc_ae_l10_g1.00e-03,dc_ae,down_blocks.3.0,1.00e-03,87,78.91919609818181,78.61859467727272,79.25695136818182,-6.109625305672495e-11
MMD_dc_ae_l10_g1.00e-03,dc_ae,down_blocks.3.0,1.00e-03,88,79.45154426518181,79.28284742727273,79.62850745318183,-6.109625305672495e-11
MMD_dc_ae_l10_g1.00e-03,dc_ae,down_blocks.3.0,1.00e-03,89,79.85865344999999,79.6499864090909,80.02392345454545,-6.109625305672495e-11
MMD_dc_ae_l10_g1.00e-03,dc_ae,down_blocks.3.0,1.00e-03,90,80.36715078909091,80.13685939999999,80.56802326363636,-6.109625305672495e-11
MMD_dc_ae_l10_g1.00e-03,dc_ae,down_blocks.3.0,1.00e-03,91,80.88711305727273,80.69563893636364,81.02786977272727,-6.109625305672495e-11
MMD_dc_ae_l10_g1.00e-03,dc_ae,down_blocks.3.0,1.00e-03,92,81.56356030636364,81.46314962272727,81.66778405000001,-6.109625305672495e-11
MMD_dc_ae_l10_g1.00e-03,dc_ae,down_blocks.3.0,1.00e-03,93,82.45250053818182,82.0783984909091,83.04785639090909,-6.109625305672495e-11
MMD_dc_ae_l10_g1.00e-03,dc_ae,down_blocks.3.0,1.00e-03,94,83.33674027181817,83.2706767,83.45792123636365,-6.109625305672495e-11
MMD_dc_ae_l10_g1.00e-03,dc_ae,down_blocks.3.0,1.00e-03,95,84.9168772,84.18152392727274,85.54109655454546,-6.109625305672495e-11
MMD_dc_ae_l10_g1.00e-03,dc_ae,down_blocks.3.0,1.00e-03,96,86.43612606354546,85.8163718359091,87.81027129545454,-6.109625305672495e-11
MMD_dc_ae_l10_gmedian,dc_ae,down_blocks.3.0,median,1,12.623803891545453,10.383351573636363,14.772021149545454,0.11185866594314575
MMD_dc_ae_l10_gmedian,dc_ae,down_blocks.3.0,median,2,16.483207213363638,15.774696462272727,16.977602550909094,0.06185096502304077
MMD_dc_ae_l10_gmedian,dc_ae,down_blocks.3.0,median,3,17.855225954545453,17.128398308636363,18.40435578590909,0.12268918752670288
MMD_dc_ae_l10_gmedian,dc_ae,down_blocks.3.0,median,4,20.865518097181816,18.964998386363636,22.207954510454545,0.0935133695602417
MMD_dc_ae_l10_gmedian,dc_ae,down_blocks.3.0,median,5,23.016297832363637,22.336504287727273,23.859046570909094,0.05699872970581055
MMD_dc_ae_l10_gmedian,dc_ae,down_blocks.3.0,median,6,24.676943607545457,24.108436355454547,25.272293834545454,0.0980299711227417
MMD_dc_ae_l10_gmedian,dc_ae,down_blocks.3.0,median,7,26.206316040454546,25.739496508636364,26.647243233181822,0.09593284130096436
MMD_dc_ae_l10_gmedian,dc_ae,down_blocks.3.0,median,8,27.637551460363635,26.80277036,28.008295531363636,0.061994075775146484
MMD_dc_ae_l10_gmedian,dc_ae,down_blocks.3.0,median,9,28.92851263009091,28.427649107272728,29.867093540909092,0.12907898426055908
MMD_dc_ae_l10_gmedian,dc_ae,down_blocks.3.0,median,10,31.575648575545454,30.946254809545454,32.10326235227273,0.11561918258666992
MMD_dc_ae_l10_gmedian,dc_ae,down_blocks.3.0,median,11,33.540090341181816,32.57260997909091,34.254768114545456,0.07624101638793945
MMD_dc_ae_l10_gmedian,dc_ae,down_blocks.3.0,median,12,36.213817163363636,35.01583384090909,37.183868766818186,0.11540228128433228
MMD_dc_ae_l10_gmedian,dc_ae,down_blocks.3.0,median,13,38.664114203454545,37.586910895,39.50363207727273,0.09043443202972412
MMD_dc_ae_l10_gmedian,dc_ae,down_blocks.3.0,median,14,40.60400495509091,39.72578294681818,41.450596035,0.11496210098266602
MMD_dc_ae_l10_gmedian,dc_ae,down_blocks.3.0,median,15,42.18188632036364,41.606778884545456,42.93479045136364,0.07640635967254639
MMD_dc_ae_l10_gmedian,dc_ae,down_blocks.3.0,median,16,43.784922278909086,42.999259720454546,44.68483293727273,0.07646381855010986
MMD_dc_ae_l10_gmedian,dc_ae,down_blocks.3.0,median,17,45.219106401272725,45.014271393181815,45.44974382363636,0.04601931571960449
MMD_dc_ae_l10_gmedian,dc_ae,down_blocks.3.0,median,18,46.257626772363636,45.87703164136364,46.55172569545454,0.04725968837738037
MMD_dc_ae_l10_gmedian,dc_ae,down_blocks.3.0,median,19,46.95799090581818,46.63784059272727,47.18393024863636,0.09709250926971436
MMD_dc_ae_l10_gmedian,dc_ae,down_blocks.3.0,median,20,47.714600308636356,47.45620903181818,47.997159330454544,0.08096766471862793
MMD_dc_ae_l10_gmedian,dc_ae,down_blocks.3.0,median,21,49.30375251727272,48.745656067727275,50.02686477227273,0.07019996643066406
MMD_dc_ae_l10_gmedian,dc_ae,down_blocks.3.0,median,22,50.32710597245454,50.24467801363637,50.44004938636363,0.07426315546035767
MMD_dc_ae_l10_gmedian,dc_ae,down_blocks.3.0,median,23,50.872099054636365,50.53053583909091,51.255980857727266,0.09079134464263916
MMD_dc_ae_l10_gmedian,dc_ae,down_blocks.3.0,median,24,51.58121081436364,51.47010300409091,51.78909724363636,0.055251896381378174
MMD_dc_ae_l10_gmedian,dc_ae,down_blocks.3.0,median,25,51.956543092181825,51.85205774272727,52.126720309090906,0.08669960498809814
MMD_dc_ae_l10_gmedian,dc_ae,down_blocks.3.0,median,26,52.81584878981819,52.30133809090909,53.02329102272727,0.06624418497085571
MMD_dc_ae_l10_gmedian,dc_ae,down_blocks.3.0,median,27,53.511711584,53.11169118954546,54.35688324090909,0.0667722225189209
MMD_dc_ae_l10_gmedian,dc_ae,down_blocks.3.0,median,28,54.59851262427272,54.43010616227273,54.72388539863636,0.07738405466079712
MMD_dc_ae_l10_gmedian,dc_ae,down_blocks.3.0,median,29,55.56896742418182,55.23867115454546,55.82518654818182,0.05224263668060303
MMD_dc_ae_l10_gmedian,dc_ae,down_blocks.3.0,median,30,56.35413947490908,56.236087309090905,56.4284854,0.07996582984924316
MMD_dc_ae_l10_gmedian,dc_ae,down_blocks.3.0,median,31,56.737218711727266,56.43083487727272,56.87784920000001,0.09664267301559448
MMD_dc_ae_l10_gmedian,dc_ae,down_blocks.3.0,median,32,56.97399885154546,56.88495511818182,57.06027285454545,0.09646224975585938
MMD_dc_ae_l10_gmedian,dc_ae,down_blocks.3.0,median,33,57.36445707399999,57.08577673045454,57.715692645,0.09656095504760742
MMD_dc_ae_l10_gmedian,dc_ae,down_blocks.3.0,median,34,58.19996810827272,57.94736867727273,58.48494007,0.0573575496673584
MMD_dc_ae_l10_gmedian,dc_ae,down_blocks.3.0,median,35,59.00553475645454,58.90741873181818,59.15176404636364,0.09009718894958496
MMD_dc_ae_l10_gmedian,dc_ae,down_blocks.3.0,median,36,59.43821239872727,59.165360129545455,59.61907620909091,0.05715930461883545
MMD_dc_ae_l10_gmedian,dc_ae,down_blocks.3.0,median,37,59.84679539063636,59.64024705,60.13491826227273,0.08393478393554688
MMD_dc_ae_l10_gmedian,dc_ae,down_blocks.3.0,median,38,60.99643894654546,60.66603184545455,61.257236485,0.06940007209777832
MMD_dc_ae_l10_gmedian,dc_ae,down_blocks.3.0,median,39,61.48400721527272,61.38288141818182,61.612018317727276,0.04730796813964844
MMD_dc_ae_l10_gmedian,dc_ae,down_blocks.3.0,median,40,61.886854131727276,61.66026577136363,62.140166177272725,0.0724835991859436
MMD_dc_ae_l10_gmedian,dc_ae,down_blocks.3.0,median,41,62.4737095229091,62.30800517363637,62.56153540454545,0.06101548671722412
MMD_dc_ae_l10_gmedian,dc_ae,down_blocks.3.0,median,42,62.789370462,62.62842450590909,63.033077886363635,0.07818013429641724
MMD_dc_ae_l10_gmedian,dc_ae,down_blocks.3.0,median,43,63.41987266700001,63.2958711590909,63.52993807136364,0.06476056575775146
MMD_dc_ae_l10_gmedian,dc_ae,down_blocks.3.0,median,44,63.69902262627272,63.601648069090906,63.89873966363636,0.10045731067657471
MMD_dc_ae_l10_gmedian,dc_ae,down_blocks.3.0,median,45,63.98644783854545,63.92419218818182,64.02835174090909,0.09725075960159302
MMD_dc_ae_l10_gmedian,dc_ae,down_blocks.3.0,median,46,64.21601700381818,64.1043883409091,64.32671434181817,0.063712477684021
MMD_dc_ae_l10_gmedian,dc_ae,down_blocks.3.0,median,47,64.67885966363636,64.40631527727272,64.88276691590909,0.10685074329376221
MMD_dc_ae_l10_gmedian,dc_ae,down_blocks.3.0,median,48,65.06229613163636,64.91428311818181,65.15700578272727,0.11509346961975098
MMD_dc_ae_l10_gmedian,dc_ae,down_blocks.3.0,median,49,65.57325001118183,65.26560826818182,65.77319434545456,0.07895350456237793
MMD_dc_ae_l10_gmedian,dc_ae,down_blocks.3.0,median,50,66.10387056363636,65.79643795909091,66.41367993636364,0.057421088218688965
MMD_dc_ae_l10_gmedian,dc_ae,down_blocks.3.0,median,51,66.6226875630909,66.49486482500001,66.69915260454546,0.07511097192764282
MMD_dc_ae_l10_gmedian,dc_ae,down_blocks.3.0,median,52,67.1010070179091,66.84640655909091,67.33497136227273,0.056332945823669434
MMD_dc_ae_l10_gmedian,dc_ae,down_blocks.3.0,median,53,67.73512154418182,67.50431248636363,67.89158320909091,0.07235872745513916
MMD_dc_ae_l10_gmedian,dc_ae,down_blocks.3.0,median,54,68.1328889490909,67.98637594090908,68.23565684545454,0.07350921630859375
MMD_dc_ae_l10_gmedian,dc_ae,down_blocks.3.0,median,55,68.33264022563637,68.26595938409092,68.41746199090909,0.07735252380371094
MMD_dc_ae_l10_gmedian,dc_ae,down_blocks.3.0,median,56,68.67576851445455,68.46063733181818,69.04567613727274,0.056133270263671875
MMD_dc_ae_l10_gmedian,dc_ae,down_blocks.3.0,median,57,69.09155621636364,69.05974111818182,69.10780212727273,0.06485044956207275
MMD_dc_ae_l10_gmedian,dc_ae,down_blocks.3.0,median,58,69.23145481890909,69.12065298636364,69.35791935818182,0.14343249797821045
MMD_dc_ae_l10_gmedian,dc_ae,down_blocks.3.0,median,59,69.82775094754545,69.61843814545455,69.97248817863637,0.08162528276443481
MMD_dc_ae_l10_gmedian,dc_ae,down_blocks.3.0,median,60,70.14619312563636,70.05721009181819,70.20511073181818,0.0689128041267395
MMD_dc_ae_l10_gmedian,dc_ae,down_blocks.3.0,median,61,70.44229148836364,70.32331571818182,70.6102672090909,0.08257603645324707
MMD_dc_ae_l10_gmedian,dc_ae,down_blocks.3.0,median,62,70.82376260363637,70.7436578590909,70.86294127272727,0.07845211029052734
MMD_dc_ae_l10_gmedian,dc_ae,down_blocks.3.0,median,63,71.017826289,70.88488886772727,71.16676672727273,0.07589292526245117
MMD_dc_ae_l10_gmedian,dc_ae,down_blocks.3.0,median,64,71.26426175700001,71.17873871818182,71.36296618181818,0.0632328987121582
MMD_dc_ae_l10_gmedian,dc_ae,down_blocks.3.0,median,65,71.83902143318183,71.46931471818182,72.09644175681818,0.07460445165634155
MMD_dc_ae_l10_gmedian,dc_ae,down_blocks.3.0,median,66,72.25006437972726,72.15469048045455,72.3529890590909,0.06056249141693115
MMD_dc_ae_l10_gmedian,dc_ae,down_blocks.3.0,median,67,72.58202422945456,72.35690482818183,72.83995069636363,0.07874035835266113
MMD_dc_ae_l10_gmedian,dc_ae,down_blocks.3.0,median,68,73.1044481738182,72.89617321363636,73.33471177272727,0.04311931133270264
MMD_dc_ae_l10_gmedian,dc_ae,down_blocks.3.0,median,69,73.40747646954546,73.33981687045456,73.44619574090909,0.05787324905395508
MMD_dc_ae_l10_gmedian,dc_ae,down_blocks.3.0,median,70,73.58348795500001,73.46868897499999,73.76844457272728,0.07010841369628906
MMD_dc_ae_l10_gmedian,dc_ae,down_blocks.3.0,median,71,73.93860900654545,73.80118299272728,74.01135728181818,0.0784294605255127
MMD_dc_ae_l10_gmedian,dc_ae,down_blocks.3.0,median,72,74.20439588545455,74.05095793636363,74.38583995454546,0.11943060159683228
MMD_dc_ae_l10_gmedian,dc_ae,down_blocks.3.0,median,73,74.73206855272727,74.46433656818182,74.9084351090909,0.07577115297317505
MMD_dc_ae_l10_gmedian,dc_ae,down_blocks.3.0,median,74,75.06139675,75.02020153181819,75.14242499545455,0.04264742136001587
MMD_dc_ae_l10_gmedian,dc_ae,down_blocks.3.0,median,75,75.241960922,75.14524949545454,75.30463428181818,0.08661675453186035
MMD_dc_ae_l10_gmedian,dc_ae,down_blocks.3.0,median,76,75.4421082240909,75.35053226363635,75.54217925454545,0.07945287227630615
MMD_dc_ae_l10_gmedian,dc_ae,down_blocks.3.0,median,77,75.73595213809092,75.65154605454546,75.79512009954546,0.06519085168838501
MMD_dc_ae_l10_gmedian,dc_ae,down_blocks.3.0,median,78,75.98828850090909,75.84170493636363,76.16321556363636,0.0612640380859375
MMD_dc_ae_l10_gmedian,dc_ae,down_blocks.3.0,median,79,76.27325769218183,76.19598609272727,76.32376224090909,0.07373058795928955
MMD_dc_ae_l10_gmedian,dc_ae,down_blocks.3.0,median,80,76.45166550063637,76.35414479090909,76.5471795409091,0.03776979446411133
MMD_dc_ae_l10_gmedian,dc_ae,down_blocks.3.0,median,81,76.6462588629091,76.59774437272728,76.67586082272727,0.07856667041778564
MMD_dc_ae_l10_gmedian,dc_ae,down_blocks.3.0,median,82,76.94658449972727,76.81212329090908,77.11547369545454,0.07046341896057129
MMD_dc_ae_l10_gmedian,dc_ae,down_blocks.3.0,median,83,77.28899782181819,77.14402031818182,77.52582683636363,0.05143392086029053
MMD_dc_ae_l10_gmedian,dc_ae,down_blocks.3.0,median,84,77.77769119081817,77.65479755863636,77.9733424409091,0.1008676290512085
MMD_dc_ae_l10_gmedian,dc_ae,down_blocks.3.0,median,85,78.22074370363637,78.0566007590909,78.3483194,0.05600905418395996
MMD_dc_ae_l10_gmedian,dc_ae,down_blocks.3.0,median,86,78.53206928127273,78.4185978909091,78.5853263609091,0.034761905670166016
MMD_dc_ae_l10_gmedian,dc_ae,down_blocks.3.0,median,87,78.91919609818181,78.61859467727272,79.25695136818182,0.051646530628204346
MMD_dc_ae_l10_gmedian,dc_ae,down_blocks.3.0,median,88,79.45154426518181,79.28284742727273,79.62850745318183,0.08957451581954956
MMD_dc_ae_l10_gmedian,dc_ae,down_blocks.3.0,median,89,79.85865344999999,79.6499864090909,80.02392345454545,0.058333516120910645
MMD_dc_ae_l10_gmedian,dc_ae,down_blocks.3.0,median,90,80.36715078909091,80.13685939999999,80.56802326363636,0.11007583141326904
MMD_dc_ae_l10_gmedian,dc_ae,down_blocks.3.0,median,91,80.88711305727273,80.69563893636364,81.02786977272727,0.08455216884613037
MMD_dc_ae_l10_gmedian,dc_ae,down_blocks.3.0,median,92,81.56356030636364,81.46314962272727,81.66778405000001,0.07263690233230591
MMD_dc_ae_l10_gmedian,dc_ae,down_blocks.3.0,median,93,82.45250053818182,82.0783984909091,83.04785639090909,0.07120847702026367
MMD_dc_ae_l10_gmedian,dc_ae,down_blocks.3.0,median,94,83.33674027181817,83.2706767,83.45792123636365,0.056970953941345215
MMD_dc_ae_l10_gmedian,dc_ae,down_blocks.3.0,median,95,84.9168772,84.18152392727274,85.54109655454546,0.05666089057922363
MMD_dc_ae_l10_gmedian,dc_ae,down_blocks.3.0,median,96,86.43612606354546,85.8163718359091,87.81027129545454,0.09124040603637695
MMD_dinov2_vitb14_l5_g1.00e-06,dinov2_vitb14,blocks.4,1.00e-06,1,12.623803891545453,10.383351573636363,14.772021149545454,0.06185436248779297
MMD_dinov2_vitb14_l5_g1.00e-06,dinov2_vitb14,blocks.4,1.00e-06,2,16.483207213363638,15.774696462272727,16.977602550909094,0.0208970308303833
MMD_dinov2_vitb14_l5_g1.00e-06,dinov2_vitb14,blocks.4,1.00e-06,3,17.855225954545453,17.128398308636363,18.40435578590909,0.0559232234954834
MMD_dinov2_vitb14_l5_g1.00e-06,dinov2_vitb14,blocks.4,1.00e-06,4,20.865518097181816,18.964998386363636,22.207954510454545,0.04867255687713623
MMD_dinov2_vitb14_l5_g1.00e-06,dinov2_vitb14,blocks.4,1.00e-06,5,23.016297832363637,22.336504287727273,23.859046570909094,0.023854494094848633
MMD_dinov2_vitb14_l5_g1.00e-06,dinov2_vitb14,blocks.4,1.00e-06,6,24.676943607545457,24.108436355454547,25.272293834545454,0.05450165271759033
MMD_dinov2_vitb14_l5_g1.00e-06,dinov2_vitb14,blocks.4,1.00e-06,7,26.206316040454546,25.739496508636364,26.647243233181822,0.045938730239868164
MMD_dinov2_vitb14_l5_g1.00e-06,dinov2_vitb14,blocks.4,1.00e-06,8,27.637551460363635,26.80277036,28.008295531363636,0.0349959135055542
MMD_dinov2_vitb14_l5_g1.00e-06,dinov2_vitb14,blocks.4,1.00e-06,9,28.92851263009091,28.427649107272728,29.867093540909092,0.09684383869171143
MMD_dinov2_vitb14_l5_g1.00e-06,dinov2_vitb14,blocks.4,1.00e-06,10,31.575648575545454,30.946254809545454,32.10326235227273,0.07788193225860596
MMD_dinov2_vitb14_l5_g1.00e-06,dinov2_vitb14,blocks.4,1.00e-06,11,33.540090341181816,32.57260997909091,34.254768114545456,0.05032789707183838
MMD_dinov2_vitb14_l5_g1.00e-06,dinov2_vitb14,blocks.4,1.00e-06,12,36.213817163363636,35.01583384090909,37.183868766818186,0.07530844211578369
MMD_dinov2_vitb14_l5_g1.00e-06,dinov2_vitb14,blocks.4,1.00e-06,13,38.664114203454545,37.586910895,39.50363207727273,0.059523820877075195
MMD_dinov2_vitb14_l5_g1.00e-06,dinov2_vitb14,blocks.4,1.00e-06,14,40.60400495509091,39.72578294681818,41.450596035,0.07369279861450195
MMD_dinov2_vitb14_l5_g1.00e-06,dinov2_vitb14,blocks.4,1.00e-06,15,42.18188632036364,41.606778884545456,42.93479045136364,0.0478290319442749
MMD_dinov2_vitb14_l5_g1.00e-06,dinov2_vitb14,blocks.4,1.00e-06,16,43.784922278909086,42.999259720454546,44.68483293727273,0.030575156211853027
MMD_dinov2_vitb14_l5_g1.00e-06,dinov2_vitb14,blocks.4,1.00e-06,17,45.219106401272725,45.014271393181815,45.44974382363636,0.023227691650390625
MMD_dinov2_vitb14_l5_g1.00e-06,dinov2_vitb14,blocks.4,1.00e-06,18,46.257626772363636,45.87703164136364,46.55172569545454,0.0328822135925293
MMD_dinov2_vitb14_l5_g1.00e-06,dinov2_vitb14,blocks.4,1.00e-06,19,46.95799090581818,46.63784059272727,47.18393024863636,0.045300841331481934
MMD_dinov2_vitb14_l5_g1.00e-06,dinov2_vitb14,blocks.4,1.00e-06,20,47.714600308636356,47.45620903181818,47.997159330454544,0.041586875915527344
MMD_dinov2_vitb14_l5_g1.00e-06,dinov2_vitb14,blocks.4,1.00e-06,21,49.30375251727272,48.745656067727275,50.02686477227273,0.04088187217712402
MMD_dinov2_vitb14_l5_g1.00e-06,dinov2_vitb14,blocks.4,1.00e-06,22,50.32710597245454,50.24467801363637,50.44004938636363,0.030956387519836426
MMD_dinov2_vitb14_l5_g1.00e-06,dinov2_vitb14,blocks.4,1.00e-06,23,50.872099054636365,50.53053583909091,51.255980857727266,0.04316854476928711
MMD_dinov2_vitb14_l5_g1.00e-06,dinov2_vitb14,blocks.4,1.00e-06,24,51.58121081436364,51.47010300409091,51.78909724363636,0.026062846183776855
MMD_dinov2_vitb14_l5_g1.00e-06,dinov2_vitb14,blocks.4,1.00e-06,25,51.956543092181825,51.85205774272727,52.126720309090906,0.056629300117492676
MMD_dinov2_vitb14_l5_g1.00e-06,dinov2_vitb14,blocks.4,1.00e-06,26,52.81584878981819,52.30133809090909,53.02329102272727,0.020159602165222168
MMD_dinov2_vitb14_l5_g1.00e-06,dinov2_vitb14,blocks.4,1.00e-06,27,53.511711584,53.11169118954546,54.35688324090909,0.03508126735687256
MMD_dinov2_vitb14_l5_g1.00e-06,dinov2_vitb14,blocks.4,1.00e-06,28,54.59851262427272,54.43010616227273,54.72388539863636,0.034412384033203125
MMD_dinov2_vitb14_l5_g1.00e-06,dinov2_vitb14,blocks.4,1.00e-06,29,55.56896742418182,55.23867115454546,55.82518654818182,0.03042292594909668
MMD_dinov2_vitb14_l5_g1.00e-06,dinov2_vitb14,blocks.4,1.00e-06,30,56.35413947490908,56.236087309090905,56.4284854,0.03570115566253662
MMD_dinov2_vitb14_l5_g1.00e-06,dinov2_vitb14,blocks.4,1.00e-06,31,56.737218711727266,56.43083487727272,56.87784920000001,0.053261756896972656
MMD_dinov2_vitb14_l5_g1.00e-06,dinov2_vitb14,blocks.4,1.00e-06,32,56.97399885154546,56.88495511818182,57.06027285454545,0.0751943588256836
MMD_dinov2_vitb14_l5_g1.00e-06,dinov2_vitb14,blocks.4,1.00e-06,33,57.36445707399999,57.08577673045454,57.715692645,0.06123661994934082
MMD_dinov2_vitb14_l5_g1.00e-06,dinov2_vitb14,blocks.4,1.00e-06,34,58.19996810827272,57.94736867727273,58.48494007,0.03384268283843994
MMD_dinov2_vitb14_l5_g1.00e-06,dinov2_vitb14,blocks.4,1.00e-06,35,59.00553475645454,58.90741873181818,59.15176404636364,0.050432682037353516
MMD_dinov2_vitb14_l5_g1.00e-06,dinov2_vitb14,blocks.4,1.00e-06,36,59.43821239872727,59.165360129545455,59.61907620909091,0.027495741844177246
MMD_dinov2_vitb14_l5_g1.00e-06,dinov2_vitb14,blocks.4,1.00e-06,37,59.84679539063636,59.64024705,60.13491826227273,0.04702889919281006
MMD_dinov2_vitb14_l5_g1.00e-06,dinov2_vitb14,blocks.4,1.00e-06,38,60.99643894654546,60.66603184545455,61.257236485,0.03549087047576904
MMD_dinov2_vitb14_l5_g1.00e-06,dinov2_vitb14,blocks.4,1.00e-06,39,61.48400721527272,61.38288141818182,61.612018317727276,0.01547551155090332
MMD_dinov2_vitb14_l5_g1.00e-06,dinov2_vitb14,blocks.4,1.00e-06,40,61.886854131727276,61.66026577136363,62.140166177272725,0.03592884540557861
MMD_dinov2_vitb14_l5_g1.00e-06,dinov2_vitb14,blocks.4,1.00e-06,41,62.4737095229091,62.30800517363637,62.56153540454545,0.04005587100982666
MMD_dinov2_vitb14_l5_g1.00e-06,dinov2_vitb14,blocks.4,1.00e-06,42,62.789370462,62.62842450590909,63.033077886363635,0.04658007621765137
MMD_dinov2_vitb14_l5_g1.00e-06,dinov2_vitb14,blocks.4,1.00e-06,43,63.41987266700001,63.2958711590909,63.52993807136364,0.049738407135009766
MMD_dinov2_vitb14_l5_g1.00e-06,dinov2_vitb14,blocks.4,1.00e-06,44,63.69902262627272,63.601648069090906,63.89873966363636,0.07893812656402588
MMD_dinov2_vitb14_l5_g1.00e-06,dinov2_vitb14,blocks.4,1.00e-06,45,63.98644783854545,63.92419218818182,64.02835174090909,0.05420565605163574
MMD_dinov2_vitb14_l5_g1.00e-06,dinov2_vitb14,blocks.4,1.00e-06,46,64.21601700381818,64.1043883409091,64.32671434181817,0.02846837043762207
MMD_dinov2_vitb14_l5_g1.00e-06,dinov2_vitb14,blocks.4,1.00e-06,47,64.67885966363636,64.40631527727272,64.88276691590909,0.08411163091659546
MMD_dinov2_vitb14_l5_g1.00e-06,dinov2_vitb14,blocks.4,1.00e-06,48,65.06229613163636,64.91428311818181,65.15700578272727,0.07681071758270264
MMD_dinov2_vitb14_l5_g1.00e-06,dinov2_vitb14,blocks.4,1.00e-06,49,65.57325001118183,65.26560826818182,65.77319434545456,0.03525650501251221
MMD_dinov2_vitb14_l5_g1.00e-06,dinov2_vitb14,blocks.4,1.00e-06,50,66.10387056363636,65.79643795909091,66.41367993636364,0.03171122074127197
MMD_dinov2_vitb14_l5_g1.00e-06,dinov2_vitb14,blocks.4,1.00e-06,51,66.6226875630909,66.49486482500001,66.69915260454546,0.020973920822143555
MMD_dinov2_vitb14_l5_g1.00e-06,dinov2_vitb14,blocks.4,1.00e-06,52,67.1010070179091,66.84640655909091,67.33497136227273,0.023442745208740234
MMD_dinov2_vitb14_l5_g1.00e-06,dinov2_vitb14,blocks.4,1.00e-06,53,67.73512154418182,67.50431248636363,67.89158320909091,0.05265164375305176
MMD_dinov2_vitb14_l5_g1.00e-06,dinov2_vitb14,blocks.4,1.00e-06,54,68.1328889490909,67.98637594090908,68.23565684545454,0.04863941669464111
MMD_dinov2_vitb14_l5_g1.00e-06,dinov2_vitb14,blocks.4,1.00e-06,55,68.33264022563637,68.26595938409092,68.41746199090909,0.04112684726715088
MMD_dinov2_vitb14_l5_g1.00e-06,dinov2_vitb14,blocks.4,1.00e-06,56,68.67576851445455,68.46063733181818,69.04567613727274,0.02298915386199951
MMD_dinov2_vitb14_l5_g1.00e-06,dinov2_vitb14,blocks.4,1.00e-06,57,69.09155621636364,69.05974111818182,69.10780212727273,0.032878756523132324
MMD_dinov2_vitb14_l5_g1.00e-06,dinov2_vitb14,blocks.4,1.00e-06,58,69.23145481890909,69.12065298636364,69.35791935818182,0.06540584564208984
MMD_dinov2_vitb14_l5_g1.00e-06,dinov2_vitb14,blocks.4,1.00e-06,59,69.82775094754545,69.61843814545455,69.97248817863637,0.06777900457382202
MMD_dinov2_vitb14_l5_g1.00e-06,dinov2_vitb14,blocks.4,1.00e-06,60,70.14619312563636,70.05721009181819,70.20511073181818,0.025333046913146973
MMD_dinov2_vitb14_l5_g1.00e-06,dinov2_vitb14,blocks.4,1.00e-06,61,70.44229148836364,70.32331571818182,70.6102672090909,0.027547478675842285
MMD_dinov2_vitb14_l5_g1.00e-06,dinov2_vitb14,blocks.4,1.00e-06,62,70.82376260363637,70.7436578590909,70.86294127272727,0.03829967975616455
MMD_dinov2_vitb14_l5_g1.00e-06,dinov2_vitb14,blocks.4,1.00e-06,63,71.017826289,70.88488886772727,71.16676672727273,0.030880451202392578
MMD_dinov2_vitb14_l5_g1.00e-06,dinov2_vitb14,blocks.4,1.00e-06,64,71.26426175700001,71.17873871818182,71.36296618181818,0.020604610443115234
MMD_dinov2_vitb14_l5_g1.00e-06,dinov2_vitb14,blocks.4,1.00e-06,65,71.83902143318183,71.46931471818182,72.09644175681818,0.028037428855895996
MMD_dinov2_vitb14_l5_g1.00e-06,dinov2_vitb14,blocks.4,1.00e-06,66,72.25006437972726,72.15469048045455,72.3529890590909,0.040973782539367676
MMD_dinov2_vitb14_l5_g1.00e-06,dinov2_vitb14,blocks.4,1.00e-06,67,72.58202422945456,72.35690482818183,72.83995069636363,0.04149794578552246
MMD_dinov2_vitb14_l5_g1.00e-06,dinov2_vitb14,blocks.4,1.00e-06,68,73.1044481738182,72.89617321363636,73.33471177272727,0.018162012100219727
MMD_dinov2_vitb14_l5_g1.00e-06,dinov2_vitb14,blocks.4,1.00e-06,69,73.40747646954546,73.33981687045456,73.44619574090909,0.023423075675964355
MMD_dinov2_vitb14_l5_g1.00e-06,dinov2_vitb14,blocks.4,1.00e-06,70,73.58348795500001,73.46868897499999,73.76844457272728,0.033878445625305176
MMD_dinov2_vitb14_l5_g1.00e-06,dinov2_vitb14,blocks.4,1.00e-06,71,73.93860900654545,73.80118299272728,74.01135728181818,0.052615225315093994
MMD_dinov2_vitb14_l5_g1.00e-06,dinov2_vitb14,blocks.4,1.00e-06,72,74.20439588545455,74.05095793636363,74.38583995454546,0.036575913429260254
MMD_dinov2_vitb14_l5_g1.00e-06,dinov2_vitb14,blocks.4,1.00e-06,73,74.73206855272727,74.46433656818182,74.9084351090909,0.03446531295776367
MMD_dinov2_vitb14_l5_g1.00e-06,dinov2_vitb14,blocks.4,1.00e-06,74,75.06139675,75.02020153181819,75.14242499545455,0.018573284149169922
MMD_dinov2_vitb14_l5_g1.00e-06,dinov2_vitb14,blocks.4,1.00e-06,75,75.241960922,75.14524949545454,75.30463428181818,0.0469890832901001
MMD_dinov2_vitb14_l5_g1.00e-06,dinov2_vitb14,blocks.4,1.00e-06,76,75.4421082240909,75.35053226363635,75.54217925454545,0.04588139057159424
MMD_dinov2_vitb14_l5_g1.00e-06,dinov2_vitb14,blocks.4,1.00e-06,77,75.73595213809092,75.65154605454546,75.79512009954546,0.03621792793273926
MMD_dinov2_vitb14_l5_g1.00e-06,dinov2_vitb14,blocks.4,1.00e-06,78,75.98828850090909,75.84170493636363,76.16321556363636,0.026557326316833496
MMD_dinov2_vitb14_l5_g1.00e-06,dinov2_vitb14,blocks.4,1.00e-06,79,76.27325769218183,76.19598609272727,76.32376224090909,0.05005991458892822
MMD_dinov2_vitb14_l5_g1.00e-06,dinov2_vitb14,blocks.4,1.00e-06,80,76.45166550063637,76.35414479090909,76.5471795409091,0.020962834358215332
MMD_dinov2_vitb14_l5_g1.00e-06,dinov2_vitb14,blocks.4,1.00e-06,81,76.6462588629091,76.59774437272728,76.67586082272727,0.0407177209854126
MMD_dinov2_vitb14_l5_g1.00e-06,dinov2_vitb14,blocks.4,1.00e-06,82,76.94658449972727,76.81212329090908,77.11547369545454,0.03265714645385742
MMD_dinov2_vitb14_l5_g1.00e-06,dinov2_vitb14,blocks.4,1.00e-06,83,77.28899782181819,77.14402031818182,77.52582683636363,0.024993538856506348
MMD_dinov2_vitb14_l5_g1.00e-06,dinov2_vitb14,blocks.4,1.00e-06,84,77.77769119081817,77.65479755863636,77.9733424409091,0.07741045951843262
MMD_dinov2_vitb14_l5_g1.00e-06,dinov2_vitb14,blocks.4,1.00e-06,85,78.22074370363637,78.0566007590909,78.3483194,0.026134252548217773
MMD_dinov2_vitb14_l5_g1.00e-06,dinov2_vitb14,blocks.4,1.00e-06,86,78.53206928127273,78.4185978909091,78.5853263609091,0.013675808906555176
MMD_dinov2_vitb14_l5_g1.00e-06,dinov2_vitb14,blocks.4,1.00e-06,87,78.91919609818181,78.61859467727272,79.25695136818182,0.017559051513671875
MMD_dinov2_vitb14_l5_g1.00e-06,dinov2_vitb14,blocks.4,1.00e-06,88,79.45154426518181,79.28284742727273,79.62850745318183,0.04514753818511963
MMD_dinov2_vitb14_l5_g1.00e-06,dinov2_vitb14,blocks.4,1.00e-06,89,79.85865344999999,79.6499864090909,80.02392345454545,0.029170870780944824
MMD_dinov2_vitb14_l5_g1.00e-06,dinov2_vitb14,blocks.4,1.00e-06,90,80.36715078909091,80.13685939999999,80.56802326363636,0.04709792137145996
MMD_dinov2_vitb14_l5_g1.00e-06,dinov2_vitb14,blocks.4,1.00e-06,91,80.88711305727273,80.69563893636364,81.02786977272727,0.03806746006011963
MMD_dinov2_vitb14_l5_g1.00e-06,dinov2_vitb14,blocks.4,1.00e-06,92,81.56356030636364,81.46314962272727,81.66778405000001,0.023297905921936035
MMD_dinov2_vitb14_l5_g1.00e-06,dinov2_vitb14,blocks.4,1.00e-06,93,82.45250053818182,82.0783984909091,83.04785639090909,0.022866487503051758
MMD_dinov2_vitb14_l5_g1.00e-06,dinov2_vitb14,blocks.4,1.00e-06,94,83.33674027181817,83.2706767,83.45792123636365,0.025145530700683594
MMD_dinov2_vitb14_l5_g1.00e-06,dinov2_vitb14,blocks.4,1.00e-06,95,84.9168772,84.18152392727274,85.54109655454546,0.033890366554260254
MMD_dinov2_vitb14_l5_g1.00e-06,dinov2_vitb14,blocks.4,1.00e-06,96,86.43612606354546,85.8163718359091,87.81027129545454,0.05821269750595093
MMD_dinov2_vitb14_l5_g1.00e-05,dinov2_vitb14,blocks.4,1.00e-05,1,12.623803891545453,10.383351573636363,14.772021149545454,0.004441533237695694
MMD_dinov2_vitb14_l5_g1.00e-05,dinov2_vitb14,blocks.4,1.00e-05,2,16.483207213363638,15.774696462272727,16.977602550909094,0.0026003187522292137
MMD_dinov2_vitb14_l5_g1.00e-05,dinov2_vitb14,blocks.4,1.00e-05,3,17.855225954545453,17.128398308636363,18.40435578590909,0.008944024331867695
MMD_dinov2_vitb14_l5_g1.00e-05,dinov2_vitb14,blocks.4,1.00e-05,4,20.865518097181816,18.964998386363636,22.207954510454545,0.005495822988450527
MMD_dinov2_vitb14_l5_g1.00e-05,dinov2_vitb14,blocks.4,1.00e-05,5,23.016297832363637,22.336504287727273,23.859046570909094,0.0017919372767210007
MMD_dinov2_vitb14_l5_g1.00e-05,dinov2_vitb14,blocks.4,1.00e-05,6,24.676943607545457,24.108436355454547,25.272293834545454,0.007169133983552456
MMD_dinov2_vitb14_l5_g1.00e-05,dinov2_vitb14,blocks.4,1.00e-05,7,26.206316040454546,25.739496508636364,26.647243233181822,0.00863137561827898
MMD_dinov2_vitb14_l5_g1.00e-05,dinov2_vitb14,blocks.4,1.00e-05,8,27.637551460363635,26.80277036,28.008295531363636,0.003728087991476059
MMD_dinov2_vitb14_l5_g1.00e-05,dinov2_vitb14,blocks.4,1.00e-05,9,28.92851263009091,28.427649107272728,29.867093540909092,0.010757701471447945
MMD_dinov2_vitb14_l5_g1.00e-05,dinov2_vitb14,blocks.4,1.00e-05,10,31.575648575545454,30.946254809545454,32.10326235227273,0.013170228339731693
MMD_dinov2_vitb14_l5_g1.00e-05,dinov2_vitb14,blocks.4,1.00e-05,11,33.540090341181816,32.57260997909091,34.254768114545456,0.006559194065630436
MMD_dinov2_vitb14_l5_g1.00e-05,dinov2_vitb14,blocks.4,1.00e-05,12,36.213817163363636,35.01583384090909,37.183868766818186,0.011265851557254791
MMD_dinov2_vitb14_l5_g1.00e-05,dinov2_vitb14,blocks.4,1.00e-05,13,38.664114203454545,37.586910895,39.50363207727273,0.008485455065965652
MMD_dinov2_vitb14_l5_g1.00e-05,dinov2_vitb14,blocks.4,1.00e-05,14,40.60400495509091,39.72578294681818,41.450596035,0.010092525742948055
MMD_dinov2_vitb14_l5_g1.00e-05,dinov2_vitb14,blocks.4,1.00e-05,15,42.18188632036364,41.606778884545456,42.93479045136364,0.006463493220508099
MMD_dinov2_vitb14_l5_g1.00e-05,dinov2_vitb14,blocks.4,1.00e-05,16,43.784922278909086,42.999259720454546,44.68483293727273,0.004291083663702011
MMD_dinov2_vitb14_l5_g1.00e-05,dinov2_vitb14,blocks.4,1.00e-05,17,45.219106401272725,45.014271393181815,45.44974382363636,0.0025835512205958366
MMD_dinov2_vitb14_l5_g1.00e-05,dinov2_vitb14,blocks.4,1.00e-05,18,46.257626772363636,45.87703164136364,46.55172569545454,0.0029325708746910095
MMD_dinov2_vitb14_l5_g1.00e-05,dinov2_vitb14,blocks.4,1.00e-05,19,46.95799090581818,46.63784059272727,47.18393024863636,0.006134006194770336
MMD_dinov2_vitb14_l5_g1.00e-05,dinov2_vitb14,blocks.4,1.00e-05,20,47.714600308636356,47.45620903181818,47.997159330454544,0.009881716221570969
MMD_dinov2_vitb14_l5_g1.00e-05,dinov2_vitb14,blocks.4,1.00e-05,21,49.30375251727272,48.745656067727275,50.02686477227273,0.005379115231335163
MMD_dinov2_vitb14_l5_g1.00e-05,dinov2_vitb14,blocks.4,1.00e-05,22,50.32710597245454,50.24467801363637,50.44004938636363,0.0039098975248634815
MMD_dinov2_vitb14_l5_g1.00e-05,dinov2_vitb14,blocks.4,1.00e-05,23,50.872099054636365,50.53053583909091,51.255980857727266,0.007655242457985878
MMD_dinov2_vitb14_l5_g1.00e-05,dinov2_vitb14,blocks.4,1.00e-05,24,51.58121081436364,51.47010300409091,51.78909724363636,0.003264530561864376
MMD_dinov2_vitb14_l5_g1.00e-05,dinov2_vitb14,blocks.4,1.00e-05,25,51.956543092181825,51.85205774272727,52.126720309090906,0.005477819591760635
MMD_dinov2_vitb14_l5_g1.00e-05,dinov2_vitb14,blocks.4,1.00e-05,26,52.81584878981819,52.30133809090909,53.02329102272727,0.0024219416081905365
MMD_dinov2_vitb14_l5_g1.00e-05,dinov2_vitb14,blocks.4,1.00e-05,27,53.511711584,53.11169118954546,54.35688324090909,0.004490298219025135
MMD_dinov2_vitb14_l5_g1.00e-05,dinov2_vitb14,blocks.4,1.00e-05,28,54.59851262427272,54.43010616227273,54.72388539863636,0.003942261449992657
MMD_dinov2_vitb14_l5_g1.00e-05,dinov2_vitb14,blocks.4,1.00e-05,29,55.56896742418182,55.23867115454546,55.82518654818182,0.003796536009758711
MMD_dinov2_vitb14_l5_g1.00e-05,dinov2_vitb14,blocks.4,1.00e-05,30,56.35413947490908,56.236087309090905,56.4284854,0.0029543936252593994
MMD_dinov2_vitb14_l5_g1.00e-05,dinov2_vitb14,blocks.4,1.00e-05,31,56.737218711727266,56.43083487727272,56.87784920000001,0.004436881747096777
MMD_dinov2_vitb14_l5_g1.00e-05,dinov2_vitb14,blocks.4,1.00e-05,32,56.97399885154546,56.88495511818182,57.06027285454545,0.008563622832298279
MMD_dinov2_vitb14_l5_g1.00e-05,dinov2_vitb14,blocks.4,1.00e-05,33,57.36445707399999,57.08577673045454,57.715692645,0.00452096201479435
MMD_dinov2_vitb14_l5_g1.00e-05,dinov2_vitb14,blocks.4,1.00e-05,34,58.19996810827272,57.94736867727273,58.48494007,0.0036744046956300735
MMD_dinov2_vitb14_l5_g1.00e-05,dinov2_vitb14,blocks.4,1.00e-05,35,59.00553475645454,58.90741873181818,59.15176404636364,0.005956800654530525
MMD_dinov2_vitb14_l5_g1.00e-05,dinov2_vitb14,blocks.4,1.00e-05,36,59.43821239872727,59.165360129545455,59.61907620909091,0.0017668521031737328
MMD_dinov2_vitb14_l5_g1.00e-05,dinov2_vitb14,blocks.4,1.00e-05,37,59.84679539063636,59.64024705,60.13491826227273,0.004682010971009731
MMD_dinov2_vitb14_l5_g1.00e-05,dinov2_vitb14,blocks.4,1.00e-05,38,60.99643894654546,60.66603184545455,61.257236485,0.003583497367799282
MMD_dinov2_vitb14_l5_g1.00e-05,dinov2_vitb14,blocks.4,1.00e-05,39,61.48400721527272,61.38288141818182,61.612018317727276,0.0024495208635926247
MMD_dinov2_vitb14_l5_g1.00e-05,dinov2_vitb14,blocks.4,1.00e-05,40,61.886854131727276,61.66026577136363,62.140166177272725,0.003798652905970812
MMD_dinov2_vitb14_l5_g1.00e-05,dinov2_vitb14,blocks.4,1.00e-05,41,62.4737095229091,62.30800517363637,62.56153540454545,0.0026411497965455055
MMD_dinov2_vitb14_l5_g1.00e-05,dinov2_vitb14,blocks.4,1.00e-05,42,62.789370462,62.62842450590909,63.033077886363635,0.003946848213672638
MMD_dinov2_vitb14_l5_g1.00e-05,dinov2_vitb14,blocks.4,1.00e-05,43,63.41987266700001,63.2958711590909,63.52993807136364,0.005423014052212238
MMD_dinov2_vitb14_l5_g1.00e-05,dinov2_vitb14,blocks.4,1.00e-05,44,63.69902262627272,63.601648069090906,63.89873966363636,0.005856095813214779
MMD_dinov2_vitb14_l5_g1.00e-05,dinov2_vitb14,blocks.4,1.00e-05,45,63.98644783854545,63.92419218818182,64.02835174090909,0.0022403253242373466
MMD_dinov2_vitb14_l5_g1.00e-05,dinov2_vitb14,blocks.4,1.00e-05,46,64.21601700381818,64.1043883409091,64.32671434181817,0.003325778990983963
MMD_dinov2_vitb14_l5_g1.00e-05,dinov2_vitb14,blocks.4,1.00e-05,47,64.67885966363636,64.40631527727272,64.88276691590909,0.0061365459114313126
MMD_dinov2_vitb14_l5_g1.00e-05,dinov2_vitb14,blocks.4,1.00e-05,48,65.06229613163636,64.91428311818181,65.15700578272727,0.0067245992831885815
MMD_dinov2_vitb14_l5_g1.00e-05,dinov2_vitb14,blocks.4,1.00e-05,49,65.57325001118183,65.26560826818182,65.77319434545456,0.003432903438806534
MMD_dinov2_vitb14_l5_g1.00e-05,dinov2_vitb14,blocks.4,1.00e-05,50,66.10387056363636,65.79643795909091,66.41367993636364,0.0034256093204021454
MMD_dinov2_vitb14_l5_g1.00e-05,dinov2_vitb14,blocks.4,1.00e-05,51,66.6226875630909,66.49486482500001,66.69915260454546,0.0032390616834163666
MMD_dinov2_vitb14_l5_g1.00e-05,dinov2_vitb14,blocks.4,1.00e-05,52,67.1010070179091,66.84640655909091,67.33497136227273,0.0030405865982174873
MMD_dinov2_vitb14_l5_g1.00e-05,dinov2_vitb14,blocks.4,1.00e-05,53,67.73512154418182,67.50431248636363,67.89158320909091,0.00588737428188324
MMD_dinov2_vitb14_l5_g1.00e-05,dinov2_vitb14,blocks.4,1.00e-05,54,68.1328889490909,67.98637594090908,68.23565684545454,0.004744983743876219
MMD_dinov2_vitb14_l5_g1.00e-05,dinov2_vitb14,blocks.4,1.00e-05,55,68.33264022563637,68.26595938409092,68.41746199090909,0.004707898013293743
MMD_dinov2_vitb14_l5_g1.00e-05,dinov2_vitb14,blocks.4,1.00e-05,56,68.67576851445455,68.46063733181818,69.04567613727274,0.003673328086733818
MMD_dinov2_vitb14_l5_g1.00e-05,dinov2_vitb14,blocks.4,1.00e-05,57,69.09155621636364,69.05974111818182,69.10780212727273,0.0030006859451532364
MMD_dinov2_vitb14_l5_g1.00e-05,dinov2_vitb14,blocks.4,1.00e-05,58,69.23145481890909,69.12065298636364,69.35791935818182,0.005884409416466951
MMD_dinov2_vitb14_l5_g1.00e-05,dinov2_vitb14,blocks.4,1.00e-05,59,69.82775094754545,69.61843814545455,69.97248817863637,0.00724677462130785
MMD_dinov2_vitb14_l5_g1.00e-05,dinov2_vitb14,blocks.4,1.00e-05,60,70.14619312563636,70.05721009181819,70.20511073181818,0.003641947638243437
MMD_dinov2_vitb14_l5_g1.00e-05,dinov2_vitb14,blocks.4,1.00e-05,61,70.44229148836364,70.32331571818182,70.6102672090909,0.0035219090059399605
MMD_dinov2_vitb14_l5_g1.00e-05,dinov2_vitb14,blocks.4,1.00e-05,62,70.82376260363637,70.7436578590909,70.86294127272727,0.0032151881605386734
MMD_dinov2_vitb14_l5_g1.00e-05,dinov2_vitb14,blocks.4,1.00e-05,63,71.017826289,70.88488886772727,71.16676672727273,0.0034832116216421127
MMD_dinov2_vitb14_l5_g1.00e-05,dinov2_vitb14,blocks.4,1.00e-05,64,71.26426175700001,71.17873871818182,71.36296618181818,0.003014707937836647
MMD_dinov2_vitb14_l5_g1.00e-05,dinov2_vitb14,blocks.4,1.00e-05,65,71.83902143318183,71.46931471818182,72.09644175681818,0.0032925596460700035
MMD_dinov2_vitb14_l5_g1.00e-05,dinov2_vitb14,blocks.4,1.00e-05,66,72.25006437972726,72.15469048045455,72.3529890590909,0.01133900135755539
MMD_dinov2_vitb14_l5_g1.00e-05,dinov2_vitb14,blocks.4,1.00e-05,67,72.58202422945456,72.35690482818183,72.83995069636363,0.005000544711947441
MMD_dinov2_vitb14_l5_g1.00e-05,dinov2_vitb14,blocks.4,1.00e-05,68,73.1044481738182,72.89617321363636,73.33471177272727,0.0018633482977747917
MMD_dinov2_vitb14_l5_g1.00e-05,dinov2_vitb14,blocks.4,1.00e-05,69,73.40747646954546,73.33981687045456,73.44619574090909,0.004340158775448799
MMD_dinov2_vitb14_l5_g1.00e-05,dinov2_vitb14,blocks.4,1.00e-05,70,73.58348795500001,73.46868897499999,73.76844457272728,0.004768970422446728
MMD_dinov2_vitb14_l5_g1.00e-05,dinov2_vitb14,blocks.4,1.00e-05,71,73.93860900654545,73.80118299272728,74.01135728181818,0.003908415790647268
MMD_dinov2_vitb14_l5_g1.00e-05,dinov2_vitb14,blocks.4,1.00e-05,72,74.20439588545455,74.05095793636363,74.38583995454546,0.004368666559457779
MMD_dinov2_vitb14_l5_g1.00e-05,dinov2_vitb14,blocks.4,1.00e-05,73,74.73206855272727,74.46433656818182,74.9084351090909,0.0029280702583491802
MMD_dinov2_vitb14_l5_g1.00e-05,dinov2_vitb14,blocks.4,1.00e-05,74,75.06139675,75.02020153181819,75.14242499545455,0.002439497970044613
MMD_dinov2_vitb14_l5_g1.00e-05,dinov2_vitb14,blocks.4,1.00e-05,75,75.241960922,75.14524949545454,75.30463428181818,0.005825469270348549
MMD_dinov2_vitb14_l5_g1.00e-05,dinov2_vitb14,blocks.4,1.00e-05,76,75.4421082240909,75.35053226363635,75.54217925454545,0.004548972938209772
MMD_dinov2_vitb14_l5_g1.00e-05,dinov2_vitb14,blocks.4,1.00e-05,77,75.73595213809092,75.65154605454546,75.79512009954546,0.004547008313238621
MMD_dinov2_vitb14_l5_g1.00e-05,dinov2_vitb14,blocks.4,1.00e-05,78,75.98828850090909,75.84170493636363,76.16321556363636,0.003277805633842945
MMD_dinov2_vitb14_l5_g1.00e-05,dinov2_vitb14,blocks.4,1.00e-05,79,76.27325769218183,76.19598609272727,76.32376224090909,0.004124756902456284
MMD_dinov2_vitb14_l5_g1.00e-05,dinov2_vitb14,blocks.4,1.00e-05,80,76.45166550063637,76.35414479090909,76.5471795409091,0.002267181873321533
MMD_dinov2_vitb14_l5_g1.00e-05,dinov2_vitb14,blocks.4,1.00e-05,81,76.6462588629091,76.59774437272728,76.67586082272727,0.004486006684601307
MMD_dinov2_vitb14_l5_g1.00e-05,dinov2_vitb14,blocks.4,1.00e-05,82,76.94658449972727,76.81212329090908,77.11547369545454,0.004533014260232449
MMD_dinov2_vitb14_l5_g1.00e-05,dinov2_vitb14,blocks.4,1.00e-05,83,77.28899782181819,77.14402031818182,77.52582683636363,0.0021114321425557137
MMD_dinov2_vitb14_l5_g1.00e-05,dinov2_vitb14,blocks.4,1.00e-05,84,77.77769119081817,77.65479755863636,77.9733424409091,0.003629263024777174
MMD_dinov2_vitb14_l5_g1.00e-05,dinov2_vitb14,blocks.4,1.00e-05,85,78.22074370363637,78.0566007590909,78.3483194,0.0021593431010842323
MMD_dinov2_vitb14_l5_g1.00e-05,dinov2_vitb14,blocks.4,1.00e-05,86,78.53206928127273,78.4185978909091,78.5853263609091,0.001570146530866623
MMD_dinov2_vitb14_l5_g1.00e-05,dinov2_vitb14,blocks.4,1.00e-05,87,78.91919609818181,78.61859467727272,79.25695136818182,0.003928705584257841
MMD_dinov2_vitb14_l5_g1.00e-05,dinov2_vitb14,blocks.4,1.00e-05,88,79.45154426518181,79.28284742727273,79.62850745318183,0.005747846327722073
MMD_dinov2_vitb14_l5_g1.00e-05,dinov2_vitb14,blocks.4,1.00e-05,89,79.85865344999999,79.6499864090909,80.02392345454545,0.0032202033326029778
MMD_dinov2_vitb14_l5_g1.00e-05,dinov2_vitb14,blocks.4,1.00e-05,90,80.36715078909091,80.13685939999999,80.56802326363636,0.005031744949519634
MMD_dinov2_vitb14_l5_g1.00e-05,dinov2_vitb14,blocks.4,1.00e-05,91,80.88711305727273,80.69563893636364,81.02786977272727,0.005804499611258507
MMD_dinov2_vitb14_l5_g1.00e-05,dinov2_vitb14,blocks.4,1.00e-05,92,81.56356030636364,81.46314962272727,81.66778405000001,0.0019517932087182999
MMD_dinov2_vitb14_l5_g1.00e-05,dinov2_vitb14,blocks.4,1.00e-05,93,82.45250053818182,82.0783984909091,83.04785639090909,0.0018383245915174484
MMD_dinov2_vitb14_l5_g1.00e-05,dinov2_vitb14,blocks.4,1.00e-05,94,83.33674027181817,83.2706767,83.45792123636365,0.002973903901875019
MMD_dinov2_vitb14_l5_g1.00e-05,dinov2_vitb14,blocks.4,1.00e-05,95,84.9168772,84.18152392727274,85.54109655454546,0.008693097159266472
MMD_dinov2_vitb14_l5_g1.00e-05,dinov2_vitb14,blocks.4,1.00e-05,96,86.43612606354546,85.8163718359091,87.81027129545454,0.0051832133904099464
MMD_dinov2_vitb14_l5_g2.80e-05,dinov2_vitb14,blocks.4,2.80e-05,1,12.623803891545453,10.383351573636363,14.772021149545454,7.399228707072325e-06
MMD_dinov2_vitb14_l5_g2.80e-05,dinov2_vitb14,blocks.4,2.80e-05,2,16.483207213363638,15.774696462272727,16.977602550909094,9.618192052585073e-06
MMD_dinov2_vitb14_l5_g2.80e-05,dinov2_vitb14,blocks.4,2.80e-05,3,17.855225954545453,17.128398308636363,18.40435578590909,1.879033152363263e-05
MMD_dinov2_vitb14_l5_g2.80e-05,dinov2_vitb14,blocks.4,2.80e-05,4,20.865518097181816,18.964998386363636,22.207954510454545,9.27082419366343e-06
MMD_dinov2_vitb14_l5_g2.80e-05,dinov2_vitb14,blocks.4,2.80e-05,5,23.016297832363637,22.336504287727273,23.859046570909094,3.923116310033947e-06
MMD_dinov2_vitb14_l5_g2.80e-05,dinov2_vitb14,blocks.4,2.80e-05,6,24.676943607545457,24.108436355454547,25.272293834545454,1.5786172298248857e-05
MMD_dinov2_vitb14_l5_g2.80e-05,dinov2_vitb14,blocks.4,2.80e-05,7,26.206316040454546,25.739496508636364,26.647243233181822,2.5443092454224825e-05
MMD_dinov2_vitb14_l5_g2.80e-05,dinov2_vitb14,blocks.4,2.80e-05,8,27.637551460363635,26.80277036,28.008295531363636,6.520999249914894e-06
MMD_dinov2_vitb14_l5_g2.80e-05,dinov2_vitb14,blocks.4,2.80e-05,9,28.92851263009091,28.427649107272728,29.867093540909092,1.7797814507503062e-05
MMD_dinov2_vitb14_l5_g2.80e-05,dinov2_vitb14,blocks.4,2.80e-05,10,31.575648575545454,30.946254809545454,32.10326235227273,3.222400846425444e-05
MMD_dinov2_vitb14_l5_g2.80e-05,dinov2_vitb14,blocks.4,2.80e-05,11,33.540090341181816,32.57260997909091,34.254768114545456,1.0109258255397435e-05
MMD_dinov2_vitb14_l5_g2.80e-05,dinov2_vitb14,blocks.4,2.80e-05,12,36.213817163363636,35.01583384090909,37.183868766818186,4.954953692504205e-05
MMD_dinov2_vitb14_l5_g2.80e-05,dinov2_vitb14,blocks.4,2.80e-05,13,38.664114203454545,37.586910895,39.50363207727273,1.6893254723981954e-05
MMD_dinov2_vitb14_l5_g2.80e-05,dinov2_vitb14,blocks.4,2.80e-05,14,40.60400495509091,39.72578294681818,41.450596035,1.3769051292911172e-05
MMD_dinov2_vitb14_l5_g2.80e-05,dinov2_vitb14,blocks.4,2.80e-05,15,42.18188632036364,41.606778884545456,42.93479045136364,1.2119434359192383e-05
MMD_dinov2_vitb14_l5_g2.80e-05,dinov2_vitb14,blocks.4,2.80e-05,16,43.784922278909086,42.999259720454546,44.68483293727273,8.452905603917316e-06
MMD_dinov2_vitb14_l5_g2.80e-05,dinov2_vitb14,blocks.4,2.80e-05,17,45.219106401272725,45.014271393181815,45.44974382363636,7.106651082722237e-06
MMD_dinov2_vitb14_l5_g2.80e-05,dinov2_vitb14,blocks.4,2.80e-05,18,46.257626772363636,45.87703164136364,46.55172569545454,6.7702876549446955e-06
MMD_dinov2_vitb14_l5_g2.80e-05,dinov2_vitb14,blocks.4,2.80e-05,19,46.95799090581818,46.63784059272727,47.18393024863636,1.3952296285424381e-05
MMD_dinov2_vitb14_l5_g2.80e-05,dinov2_vitb14,blocks.4,2.80e-05,20,47.714600308636356,47.45620903181818,47.997159330454544,4.581849498208612e-05
MMD_dinov2_vitb14_l5_g2.80e-05,dinov2_vitb14,blocks.4,2.80e-05,21,49.30375251727272,48.745656067727275,50.02686477227273,8.926764166972134e-06
MMD_dinov2_vitb14_l5_g2.80e-05,dinov2_vitb14,blocks.4,2.80e-05,22,50.32710597245454,50.24467801363637,50.44004938636363,8.571263606427237e-06
MMD_dinov2_vitb14_l5_g2.80e-05,dinov2_vitb14,blocks.4,2.80e-05,23,50.872099054636365,50.53053583909091,51.255980857727266,1.9721006538020447e-05
MMD_dinov2_vitb14_l5_g2.80e-05,dinov2_vitb14,blocks.4,2.80e-05,24,51.58121081436364,51.47010300409091,51.78909724363636,8.120615348161664e-06
MMD_dinov2_vitb14_l5_g2.80e-05,dinov2_vitb14,blocks.4,2.80e-05,25,51.956543092181825,51.85205774272727,52.126720309090906,1.629125290492084e-05
MMD_dinov2_vitb14_l5_g2.80e-05,dinov2_vitb14,blocks.4,2.80e-05,26,52.81584878981819,52.30133809090909,53.02329102272727,8.020550012588501e-06
MMD_dinov2_vitb14_l5_g2.80e-05,dinov2_vitb14,blocks.4,2.80e-05,27,53.511711584,53.11169118954546,54.35688324090909,7.914648449514061e-06
MMD_dinov2_vitb14_l5_g2.80e-05,dinov2_vitb14,blocks.4,2.80e-05,28,54.59851262427272,54.43010616227273,54.72388539863636,8.244971468229778e-06
MMD_dinov2_vitb14_l5_g2.80e-05,dinov2_vitb14,blocks.4,2.80e-05,29,55.56896742418182,55.23867115454546,55.82518654818182,8.389278264075983e-06
MMD_dinov2_vitb14_l5_g2.80e-05,dinov2_vitb14,blocks.4,2.80e-05,30,56.35413947490908,56.236087309090905,56.4284854,6.788517111999681e-06
MMD_dinov2_vitb14_l5_g2.80e-05,dinov2_vitb14,blocks.4,2.80e-05,31,56.737218711727266,56.43083487727272,56.87784920000001,7.894999725976959e-06
MMD_dinov2_vitb14_l5_g2.80e-05,dinov2_vitb14,blocks.4,2.80e-05,32,56.97399885154546,56.88495511818182,57.06027285454545,1.2982826774532441e-05
MMD_dinov2_vitb14_l5_g2.80e-05,dinov2_vitb14,blocks.4,2.80e-05,33,57.36445707399999,57.08577673045454,57.715692645,7.82704410084989e-06
MMD_dinov2_vitb14_l5_g2.80e-05,dinov2_vitb14,blocks.4,2.80e-05,34,58.19996810827272,57.94736867727273,58.48494007,7.977347195264883e-06
MMD_dinov2_vitb14_l5_g2.80e-05,dinov2_vitb14,blocks.4,2.80e-05,35,59.00553475645454,58.90741873181818,59.15176404636364,9.548843081574887e-06
MMD_dinov2_vitb14_l5_g2.80e-05,dinov2_vitb14,blocks.4,2.80e-05,36,59.43821239872727,59.165360129545455,59.61907620909091,5.18759225087706e-06
MMD_dinov2_vitb14_l5_g2.80e-05,dinov2_vitb14,blocks.4,2.80e-05,37,59.84679539063636,59.64024705,60.13491826227273,8.87120040715672e-06
MMD_dinov2_vitb14_l5_g2.80e-05,dinov2_vitb14,blocks.4,2.80e-05,38,60.99643894654546,60.66603184545455,61.257236485,7.191743861767463e-06
MMD_dinov2_vitb14_l5_g2.80e-05,dinov2_vitb14,blocks.4,2.80e-05,39,61.48400721527272,61.38288141818182,61.612018317727276,7.522244231950026e-06
MMD_dinov2_vitb14_l5_g2.80e-05,dinov2_vitb14,blocks.4,2.80e-05,40,61.886854131727276,61.66026577136363,62.140166177272725,8.528300895704888e-06
MMD_dinov2_vitb14_l5_g2.80e-05,dinov2_vitb14,blocks.4,2.80e-05,41,62.4737095229091,62.30800517363637,62.56153540454545,6.445153303502593e-06
MMD_dinov2_vitb14_l5_g2.80e-05,dinov2_vitb14,blocks.4,2.80e-05,42,62.789370462,62.62842450590909,63.033077886363635,7.661489689780865e-06
MMD_dinov2_vitb14_l5_g2.80e-05,dinov2_vitb14,blocks.4,2.80e-05,43,63.41987266700001,63.2958711590909,63.52993807136364,9.222725566360168e-06
MMD_dinov2_vitb14_l5_g2.80e-05,dinov2_vitb14,blocks.4,2.80e-05,44,63.69902262627272,63.601648069090906,63.89873966363636,9.107174264499918e-06
MMD_dinov2_vitb14_l5_g2.80e-05,dinov2_vitb14,blocks.4,2.80e-05,45,63.98644783854545,63.92419218818182,64.02835174090909,1.8036034816759638e-06
MMD_dinov2_vitb14_l5_g2.80e-05,dinov2_vitb14,blocks.4,2.80e-05,46,64.21601700381818,64.1043883409091,64.32671434181817,7.599652235512622e-06
MMD_dinov2_vitb14_l5_g2.80e-05,dinov2_vitb14,blocks.4,2.80e-05,47,64.67885966363636,64.40631527727272,64.88276691590909,9.108664016821422e-06
MMD_dinov2_vitb14_l5_g2.80e-05,dinov2_vitb14,blocks.4,2.80e-05,48,65.06229613163636,64.91428311818181,65.15700578272727,1.0484161066415254e-05
MMD_dinov2_vitb14_l5_g2.80e-05,dinov2_vitb14,blocks.4,2.80e-05,49,65.57325001118183,65.26560826818182,65.77319434545456,8.245411663665436e-06
MMD_dinov2_vitb14_l5_g2.80e-05,dinov2_vitb14,blocks.4,2.80e-05,50,66.10387056363636,65.79643795909091,66.41367993636364,7.791084499331191e-06
MMD_dinov2_vitb14_l5_g2.80e-05,dinov2_vitb14,blocks.4,2.80e-05,51,66.6226875630909,66.49486482500001,66.69915260454546,7.445787559845485e-06
MMD_dinov2_vitb14_l5_g2.80e-05,dinov2_vitb14,blocks.4,2.80e-05,52,67.1010070179091,66.84640655909091,67.33497136227273,9.153963219432626e-06
MMD_dinov2_vitb14_l5_g2.80e-05,dinov2_vitb14,blocks.4,2.80e-05,53,67.73512154418182,67.50431248636363,67.89158320909091,1.1018431905540638e-05
MMD_dinov2_vitb14_l5_g2.80e-05,dinov2_vitb14,blocks.4,2.80e-05,54,68.1328889490909,67.98637594090908,68.23565684545454,8.560446985939052e-06
MMD_dinov2_vitb14_l5_g2.80e-05,dinov2_vitb14,blocks.4,2.80e-05,55,68.33264022563637,68.26595938409092,68.41746199090909,8.368468115804717e-06
MMD_dinov2_vitb14_l5_g2.80e-05,dinov2_vitb14,blocks.4,2.80e-05,56,68.67576851445455,68.46063733181818,69.04567613727274,8.851672646414954e-06
MMD_dinov2_vitb14_l5_g2.80e-05,dinov2_vitb14,blocks.4,2.80e-05,57,69.09155621636364,69.05974111818182,69.10780212727273,6.6348920881864615e-06
MMD_dinov2_vitb14_l5_g2.80e-05,dinov2_vitb14,blocks.4,2.80e-05,58,69.23145481890909,69.12065298636364,69.35791935818182,9.822107131185476e-06
MMD_dinov2_vitb14_l5_g2.80e-05,dinov2_vitb14,blocks.4,2.80e-05,59,69.82775094754545,69.61843814545455,69.97248817863637,9.637615221436135e-06
MMD_dinov2_vitb14_l5_g2.80e-05,dinov2_vitb14,blocks.4,2.80e-05,60,70.14619312563636,70.05721009181819,70.20511073181818,8.511202395311557e-06
MMD_dinov2_vitb14_l5_g2.80e-05,dinov2_vitb14,blocks.4,2.80e-05,61,70.44229148836364,70.32331571818182,70.6102672090909,8.355822501471266e-06
MMD_dinov2_vitb14_l5_g2.80e-05,dinov2_vitb14,blocks.4,2.80e-05,62,70.82376260363637,70.7436578590909,70.86294127272727,7.198234015959315e-06
MMD_dinov2_vitb14_l5_g2.80e-05,dinov2_vitb14,blocks.4,2.80e-05,63,71.017826289,70.88488886772727,71.16676672727273,1.6382029571104795e-05
MMD_dinov2_vitb14_l5_g2.80e-05,dinov2_vitb14,blocks.4,2.80e-05,64,71.26426175700001,71.17873871818182,71.36296618181818,7.783166438457556e-06
MMD_dinov2_vitb14_l5_g2.80e-05,dinov2_vitb14,blocks.4,2.80e-05,65,71.83902143318183,71.46931471818182,72.09644175681818,8.083323336904868e-06
MMD_dinov2_vitb14_l5_g2.80e-05,dinov2_vitb14,blocks.4,2.80e-05,66,72.25006437972726,72.15469048045455,72.3529890590909,0.0001339445443591103
MMD_dinov2_vitb14_l5_g2.80e-05,dinov2_vitb14,blocks.4,2.80e-05,67,72.58202422945456,72.35690482818183,72.83995069636363,9.980626600736286e-06
MMD_dinov2_vitb14_l5_g2.80e-05,dinov2_vitb14,blocks.4,2.80e-05,68,73.1044481738182,72.89617321363636,73.33471177272727,6.085116638132604e-06
MMD_dinov2_vitb14_l5_g2.80e-05,dinov2_vitb14,blocks.4,2.80e-05,69,73.40747646954546,73.33981687045456,73.44619574090909,1.0375801139161922e-05
MMD_dinov2_vitb14_l5_g2.80e-05,dinov2_vitb14,blocks.4,2.80e-05,70,73.58348795500001,73.46868897499999,73.76844457272728,9.01043586054584e-06
MMD_dinov2_vitb14_l5_g2.80e-05,dinov2_vitb14,blocks.4,2.80e-05,71,73.93860900654545,73.80118299272728,74.01135728181818,8.367031114175916e-06
MMD_dinov2_vitb14_l5_g2.80e-05,dinov2_vitb14,blocks.4,2.80e-05,72,74.20439588545455,74.05095793636363,74.38583995454546,9.618656804377679e-06
MMD_dinov2_vitb14_l5_g2.80e-05,dinov2_vitb14,blocks.4,2.80e-05,73,74.73206855272727,74.46433656818182,74.9084351090909,7.612297395098722e-06
MMD_dinov2_vitb14_l5_g2.80e-05,dinov2_vitb14,blocks.4,2.80e-05,74,75.06139675,75.02020153181819,75.14242499545455,7.0806681833346374e-06
MMD_dinov2_vitb14_l5_g2.80e-05,dinov2_vitb14,blocks.4,2.80e-05,75,75.241960922,75.14524949545454,75.30463428181818,9.228250746673439e-06
MMD_dinov2_vitb14_l5_g2.80e-05,dinov2_vitb14,blocks.4,2.80e-05,76,75.4421082240909,75.35053226363635,75.54217925454545,8.084882210823707e-06
MMD_dinov2_vitb14_l5_g2.80e-05,dinov2_vitb14,blocks.4,2.80e-05,77,75.73595213809092,75.65154605454546,75.79512009954546,8.889187483873684e-06
MMD_dinov2_vitb14_l5_g2.80e-05,dinov2_vitb14,blocks.4,2.80e-05,78,75.98828850090909,75.84170493636363,76.16321556363636,7.84466556069674e-06
MMD_dinov2_vitb14_l5_g2.80e-05,dinov2_vitb14,blocks.4,2.80e-05,79,76.27325769218183,76.19598609272727,76.32376224090909,7.364990779024083e-06
MMD_dinov2_vitb14_l5_g2.80e-05,dinov2_vitb14,blocks.4,2.80e-05,80,76.45166550063637,76.35414479090909,76.5471795409091,7.35226694814628e-06
MMD_dinov2_vitb14_l5_g2.80e-05,dinov2_vitb14,blocks.4,2.80e-05,81,76.6462588629091,76.59774437272728,76.67586082272727,7.1418289735447615e-06
MMD_dinov2_vitb14_l5_g2.80e-05,dinov2_vitb14,blocks.4,2.80e-05,82,76.94658449972727,76.81212329090908,77.11547369545454,8.847988283378072e-06
MMD_dinov2_vitb14_l5_g2.80e-05,dinov2_vitb14,blocks.4,2.80e-05,83,77.28899782181819,77.14402031818182,77.52582683636363,4.761937816510908e-06
MMD_dinov2_vitb14_l5_g2.80e-05,dinov2_vitb14,blocks.4,2.80e-05,84,77.77769119081817,77.65479755863636,77.9733424409091,7.2108409767679404e-06
MMD_dinov2_vitb14_l5_g2.80e-05,dinov2_vitb14,blocks.4,2.80e-05,85,78.22074370363637,78.0566007590909,78.3483194,3.4504264476709068e-06
MMD_dinov2_vitb14_l5_g2.80e-05,dinov2_vitb14,blocks.4,2.80e-05,86,78.53206928127273,78.4185978909091,78.5853263609091,5.9200747273280285e-06
MMD_dinov2_vitb14_l5_g2.80e-05,dinov2_vitb14,blocks.4,2.80e-05,87,78.91919609818181,78.61859467727272,79.25695136818182,8.566893484385218e-06
MMD_dinov2_vitb14_l5_g2.80e-05,dinov2_vitb14,blocks.4,2.80e-05,88,79.45154426518181,79.28284742727273,79.62850745318183,9.806388334254734e-06
MMD_dinov2_vitb14_l5_g2.80e-05,dinov2_vitb14,blocks.4,2.80e-05,89,79.85865344999999,79.6499864090909,80.02392345454545,7.773007382638752e-06
MMD_dinov2_vitb14_l5_g2.80e-05,dinov2_vitb14,blocks.4,2.80e-05,90,80.36715078909091,80.13685939999999,80.56802326363636,8.979029189504217e-06
MMD_dinov2_vitb14_l5_g2.80e-05,dinov2_vitb14,blocks.4,2.80e-05,91,80.88711305727273,80.69563893636364,81.02786977272727,1.9990444343420677e-05
MMD_dinov2_vitb14_l5_g2.80e-05,dinov2_vitb14,blocks.4,2.80e-05,92,81.56356030636364,81.46314962272727,81.66778405000001,5.7482025113131385e-06
MMD_dinov2_vitb14_l5_g2.80e-05,dinov2_vitb14,blocks.4,2.80e-05,93,82.45250053818182,82.0783984909091,83.04785639090909,5.085805696580792e-06
MMD_dinov2_vitb14_l5_g2.80e-05,dinov2_vitb14,blocks.4,2.80e-05,94,83.33674027181817,83.2706767,83.45792123636365,7.53148015064653e-06
MMD_dinov2_vitb14_l5_g2.80e-05,dinov2_vitb14,blocks.4,2.80e-05,95,84.9168772,84.18152392727274,85.54109655454546,5.0116184866055846e-05
MMD_dinov2_vitb14_l5_g2.80e-05,dinov2_vitb14,blocks.4,2.80e-05,96,86.43612606354546,85.8163718359091,87.81027129545454,8.907168194127735e-06
MMD_dinov2_vitb14_l5_g1.00e-04,dinov2_vitb14,blocks.4,1.00e-04,1,12.623803891545453,10.383351573636363,14.772021149545454,-6.109628775119447e-11
MMD_dinov2_vitb14_l5_g1.00e-04,dinov2_vitb14,blocks.4,1.00e-04,2,16.483207213363638,15.774696462272727,16.977602550909094,-6.109693306832753e-11
MMD_dinov2_vitb14_l5_g1.00e-04,dinov2_vitb14,blocks.4,1.00e-04,3,17.855225954545453,17.128398308636363,18.40435578590909,-6.109626693451276e-11
MMD_dinov2_vitb14_l5_g1.00e-04,dinov2_vitb14,blocks.4,1.00e-04,4,20.865518097181816,18.964998386363636,22.207954510454545,-6.109647510132987e-11
MMD_dinov2_vitb14_l5_g1.00e-04,dinov2_vitb14,blocks.4,1.00e-04,5,23.016297832363637,22.336504287727273,23.859046570909094,-6.109679429044945e-11
MMD_dinov2_vitb14_l5_g1.00e-04,dinov2_vitb14,blocks.4,1.00e-04,6,24.676943607545457,24.108436355454547,25.272293834545454,-6.109683592381288e-11
MMD_dinov2_vitb14_l5_g1.00e-04,dinov2_vitb14,blocks.4,1.00e-04,7,26.206316040454546,25.739496508636364,26.647243233181822,-6.109625999561885e-11
MMD_dinov2_vitb14_l5_g1.00e-04,dinov2_vitb14,blocks.4,1.00e-04,8,27.637551460363635,26.80277036,28.008295531363636,-6.109631550677008e-11
MMD_dinov2_vitb14_l5_g1.00e-04,dinov2_vitb14,blocks.4,1.00e-04,9,28.92851263009091,28.427649107272728,29.867093540909092,-6.109625999561885e-11
MMD_dinov2_vitb14_l5_g1.00e-04,dinov2_vitb14,blocks.4,1.00e-04,10,31.575648575545454,30.946254809545454,32.10326235227273,-6.109806410803387e-11
MMD_dinov2_vitb14_l5_g1.00e-04,dinov2_vitb14,blocks.4,1.00e-04,11,33.540090341181816,32.57260997909091,34.254768114545456,-6.109797390241312e-11
MMD_dinov2_vitb14_l5_g1.00e-04,dinov2_vitb14,blocks.4,1.00e-04,12,36.213817163363636,35.01583384090909,37.183868766818186,-6.109625305672495e-11
MMD_dinov2_vitb14_l5_g1.00e-04,dinov2_vitb14,blocks.4,1.00e-04,13,38.664114203454545,37.586910895,39.50363207727273,-6.109671796261651e-11
MMD_dinov2_vitb14_l5_g1.00e-04,dinov2_vitb14,blocks.4,1.00e-04,14,40.60400495509091,39.72578294681818,41.450596035,-6.109631550677008e-11
MMD_dinov2_vitb14_l5_g1.00e-04,dinov2_vitb14,blocks.4,1.00e-04,15,42.18188632036364,41.606778884545456,42.93479045136364,-6.109726613523492e-11
MMD_dinov2_vitb14_l5_g1.00e-04,dinov2_vitb14,blocks.4,1.00e-04,16,43.784922278909086,42.999259720454546,44.68483293727273,-6.109630162898227e-11
MMD_dinov2_vitb14_l5_g1.00e-04,dinov2_vitb14,blocks.4,1.00e-04,17,45.219106401272725,45.014271393181815,45.44974382363636,-6.109632244566399e-11
MMD_dinov2_vitb14_l5_g1.00e-04,dinov2_vitb14,blocks.4,1.00e-04,18,46.257626772363636,45.87703164136364,46.55172569545454,-6.109626693451276e-11
MMD_dinov2_vitb14_l5_g1.00e-04,dinov2_vitb14,blocks.4,1.00e-04,19,46.95799090581818,46.63784059272727,47.18393024863636,-6.109628081230056e-11
MMD_dinov2_vitb14_l5_g1.00e-04,dinov2_vitb14,blocks.4,1.00e-04,20,47.714600308636356,47.45620903181818,47.997159330454544,-6.110171396622732e-11
MMD_dinov2_vitb14_l5_g1.00e-04,dinov2_vitb14,blocks.4,1.00e-04,21,49.30375251727272,48.745656067727275,50.02686477227273,-6.10963432623457e-11
MMD_dinov2_vitb14_l5_g1.00e-04,dinov2_vitb14,blocks.4,1.00e-04,22,50.32710597245454,50.24467801363637,50.44004938636363,-6.109625999561885e-11
MMD_dinov2_vitb14_l5_g1.00e-04,dinov2_vitb14,blocks.4,1.00e-04,23,50.872099054636365,50.53053583909091,51.255980857727266,-6.109909800322555e-11
MMD_dinov2_vitb14_l5_g1.00e-04,dinov2_vitb14,blocks.4,1.00e-04,24,51.58121081436364,51.47010300409091,51.78909724363636,-6.109625305672495e-11
MMD_dinov2_vitb14_l5_g1.00e-04,dinov2_vitb14,blocks.4,1.00e-04,25,51.956543092181825,51.85205774272727,52.126720309090906,-6.109628081230056e-11
MMD_dinov2_vitb14_l5_g1.00e-04,dinov2_vitb14,blocks.4,1.00e-04,26,52.81584878981819,52.30133809090909,53.02329102272727,-6.109625305672495e-11
MMD_dinov2_vitb14_l5_g1.00e-04,dinov2_vitb14,blocks.4,1.00e-04,27,53.511711584,53.11169118954546,54.35688324090909,-6.10963432623457e-11
MMD_dinov2_vitb14_l5_g1.00e-04,dinov2_vitb14,blocks.4,1.00e-04,28,54.59851262427272,54.43010616227273,54.72388539863636,-6.109625305672495e-11
MMD_dinov2_vitb14_l5_g1.00e-04,dinov2_vitb14,blocks.4,1.00e-04,29,55.56896742418182,55.23867115454546,55.82518654818182,-6.109625305672495e-11
MMD_dinov2_vitb14_l5_g1.00e-04,dinov2_vitb14,blocks.4,1.00e-04,30,56.35413947490908,56.236087309090905,56.4284854,-6.109626693451276e-11
MMD_dinov2_vitb14_l5_g1.00e-04,dinov2_vitb14,blocks.4,1.00e-04,31,56.737218711727266,56.43083487727272,56.87784920000001,2.3780762248293286e-08
MMD_dinov2_vitb14_l5_g1.00e-04,dinov2_vitb14,blocks.4,1.00e-04,32,56.97399885154546,56.88495511818182,57.06027285454545,-6.109630162898227e-11
MMD_dinov2_vitb14_l5_g1.00e-04,dinov2_vitb14,blocks.4,1.00e-04,33,57.36445707399999,57.08577673045454,57.715692645,-6.109629469008837e-11
MMD_dinov2_vitb14_l5_g1.00e-04,dinov2_vitb14,blocks.4,1.00e-04,34,58.19996810827272,57.94736867727273,58.48494007,-6.109625305672495e-11
MMD_dinov2_vitb14_l5_g1.00e-04,dinov2_vitb14,blocks.4,1.00e-04,35,59.00553475645454,58.90741873181818,59.15176404636364,-6.10963571401335e-11
MMD_dinov2_vitb14_l5_g1.00e-04,dinov2_vitb14,blocks.4,1.00e-04,36,59.43821239872727,59.165360129545455,59.61907620909091,-6.109655142916282e-11
MMD_dinov2_vitb14_l5_g1.00e-04,dinov2_vitb14,blocks.4,1.00e-04,37,59.84679539063636,59.64024705,60.13491826227273,-6.109625305672495e-11
MMD_dinov2_vitb14_l5_g1.00e-04,dinov2_vitb14,blocks.4,1.00e-04,38,60.99643894654546,60.66603184545455,61.257236485,-6.109628775119447e-11
MMD_dinov2_vitb14_l5_g1.00e-04,dinov2_vitb14,blocks.4,1.00e-04,39,61.48400721527272,61.38288141818182,61.612018317727276,-6.109628081230056e-11
MMD_dinov2_vitb14_l5_g1.00e-04,dinov2_vitb14,blocks.4,1.00e-04,40,61.886854131727276,61.66026577136363,62.140166177272725,-6.109625305672495e-11
MMD_dinov2_vitb14_l5_g1.00e-04,dinov2_vitb14,blocks.4,1.00e-04,41,62.4737095229091,62.30800517363637,62.56153540454545,-6.109628081230056e-11
MMD_dinov2_vitb14_l5_g1.00e-04,dinov2_vitb14,blocks.4,1.00e-04,42,62.789370462,62.62842450590909,63.033077886363635,-6.109636407902741e-11
MMD_dinov2_vitb14_l5_g1.00e-04,dinov2_vitb14,blocks.4,1.00e-04,43,63.41987266700001,63.2958711590909,63.52993807136364,-6.109625305672495e-11
MMD_dinov2_vitb14_l5_g1.00e-04,dinov2_vitb14,blocks.4,1.00e-04,44,63.69902262627272,63.601648069090906,63.89873966363636,-6.109632244566399e-11
MMD_dinov2_vitb14_l5_g1.00e-04,dinov2_vitb14,blocks.4,1.00e-04,45,63.98644783854545,63.92419218818182,64.02835174090909,-6.109764777439963e-11
MMD_dinov2_vitb14_l5_g1.00e-04,dinov2_vitb14,blocks.4,1.00e-04,46,64.21601700381818,64.1043883409091,64.32671434181817,-6.109626693451276e-11
MMD_dinov2_vitb14_l5_g1.00e-04,dinov2_vitb14,blocks.4,1.00e-04,47,64.67885966363636,64.40631527727272,64.88276691590909,-6.109625305672495e-11
MMD_dinov2_vitb14_l5_g1.00e-04,dinov2_vitb14,blocks.4,1.00e-04,48,65.06229613163636,64.91428311818181,65.15700578272727,-6.109625305672495e-11
MMD_dinov2_vitb14_l5_g1.00e-04,dinov2_vitb14,blocks.4,1.00e-04,49,65.57325001118183,65.26560826818182,65.77319434545456,-6.109625305672495e-11
MMD_dinov2_vitb14_l5_g1.00e-04,dinov2_vitb14,blocks.4,1.00e-04,50,66.10387056363636,65.79643795909091,66.41367993636364,-6.109625305672495e-11
MMD_dinov2_vitb14_l5_g1.00e-04,dinov2_vitb14,blocks.4,1.00e-04,51,66.6226875630909,66.49486482500001,66.69915260454546,-6.109625999561885e-11
MMD_dinov2_vitb14_l5_g1.00e-04,dinov2_vitb14,blocks.4,1.00e-04,52,67.1010070179091,66.84640655909091,67.33497136227273,-6.109629469008837e-11
MMD_dinov2_vitb14_l5_g1.00e-04,dinov2_vitb14,blocks.4,1.00e-04,53,67.73512154418182,67.50431248636363,67.89158320909091,-6.109625305672495e-11
MMD_dinov2_vitb14_l5_g1.00e-04,dinov2_vitb14,blocks.4,1.00e-04,54,68.1328889490909,67.98637594090908,68.23565684545454,-6.109625999561885e-11
MMD_dinov2_vitb14_l5_g1.00e-04,dinov2_vitb14,blocks.4,1.00e-04,55,68.33264022563637,68.26595938409092,68.41746199090909,-6.109626693451276e-11
MMD_dinov2_vitb14_l5_g1.00e-04,dinov2_vitb14,blocks.4,1.00e-04,56,68.67576851445455,68.46063733181818,69.04567613727274,-6.109625305672495e-11
MMD_dinov2_vitb14_l5_g1.00e-04,dinov2_vitb14,blocks.4,1.00e-04,57,69.09155621636364,69.05974111818182,69.10780212727273,-6.109630856787618e-11
MMD_dinov2_vitb14_l5_g1.00e-04,dinov2_vitb14,blocks.4,1.00e-04,58,69.23145481890909,69.12065298636364,69.35791935818182,-6.109625305672495e-11
MMD_dinov2_vitb14_l5_g1.00e-04,dinov2_vitb14,blocks.4,1.00e-04,59,69.82775094754545,69.61843814545455,69.97248817863637,-6.109625305672495e-11
MMD_dinov2_vitb14_l5_g1.00e-04,dinov2_vitb14,blocks.4,1.00e-04,60,70.14619312563636,70.05721009181819,70.20511073181818,2.3780762248293286e-08
MMD_dinov2_vitb14_l5_g1.00e-04,dinov2_vitb14,blocks.4,1.00e-04,61,70.44229148836364,70.32331571818182,70.6102672090909,-6.109625305672495e-11
MMD_dinov2_vitb14_l5_g1.00e-04,dinov2_vitb14,blocks.4,1.00e-04,62,70.82376260363637,70.7436578590909,70.86294127272727,-6.109661387920795e-11
MMD_dinov2_vitb14_l5_g1.00e-04,dinov2_vitb14,blocks.4,1.00e-04,63,71.017826289,70.88488886772727,71.16676672727273,-6.109629469008837e-11
MMD_dinov2_vitb14_l5_g1.00e-04,dinov2_vitb14,blocks.4,1.00e-04,64,71.26426175700001,71.17873871818182,71.36296618181818,-6.109626693451276e-11
MMD_dinov2_vitb14_l5_g1.00e-04,dinov2_vitb14,blocks.4,1.00e-04,65,71.83902143318183,71.46931471818182,72.09644175681818,-6.109625305672495e-11
MMD_dinov2_vitb14_l5_g1.00e-04,dinov2_vitb14,blocks.4,1.00e-04,66,72.25006437972726,72.15469048045455,72.3529890590909,-6.109625305672495e-11
MMD_dinov2_vitb14_l5_g1.00e-04,dinov2_vitb14,blocks.4,1.00e-04,67,72.58202422945456,72.35690482818183,72.83995069636363,-6.109625999561885e-11
MMD_dinov2_vitb14_l5_g1.00e-04,dinov2_vitb14,blocks.4,1.00e-04,68,73.1044481738182,72.89617321363636,73.33471177272727,-6.109627387340666e-11
MMD_dinov2_vitb14_l5_g1.00e-04,dinov2_vitb14,blocks.4,1.00e-04,69,73.40747646954546,73.33981687045456,73.44619574090909,-6.109625305672495e-11
MMD_dinov2_vitb14_l5_g1.00e-04,dinov2_vitb14,blocks.4,1.00e-04,70,73.58348795500001,73.46868897499999,73.76844457272728,-6.109625305672495e-11
MMD_dinov2_vitb14_l5_g1.00e-04,dinov2_vitb14,blocks.4,1.00e-04,71,73.93860900654545,73.80118299272728,74.01135728181818,-6.109625305672495e-11
MMD_dinov2_vitb14_l5_g1.00e-04,dinov2_vitb14,blocks.4,1.00e-04,72,74.20439588545455,74.05095793636363,74.38583995454546,-6.109640571239083e-11
MMD_dinov2_vitb14_l5_g1.00e-04,dinov2_vitb14,blocks.4,1.00e-04,73,74.73206855272727,74.46433656818182,74.9084351090909,2.3780762248293286e-08
MMD_dinov2_vitb14_l5_g1.00e-04,dinov2_vitb14,blocks.4,1.00e-04,74,75.06139675,75.02020153181819,75.14242499545455,2.3780762248293286e-08
MMD_dinov2_vitb14_l5_g1.00e-04,dinov2_vitb14,blocks.4,1.00e-04,75,75.241960922,75.14524949545454,75.30463428181818,-6.109625305672495e-11
MMD_dinov2_vitb14_l5_g1.00e-04,dinov2_vitb14,blocks.4,1.00e-04,76,75.4421082240909,75.35053226363635,75.54217925454545,-6.109630856787618e-11
MMD_dinov2_vitb14_l5_g1.00e-04,dinov2_vitb14,blocks.4,1.00e-04,77,75.73595213809092,75.65154605454546,75.79512009954546,-6.109625305672495e-11
MMD_dinov2_vitb14_l5_g1.00e-04,dinov2_vitb14,blocks.4,1.00e-04,78,75.98828850090909,75.84170493636363,76.16321556363636,-6.109625999561885e-11
MMD_dinov2_vitb14_l5_g1.00e-04,dinov2_vitb14,blocks.4,1.00e-04,79,76.27325769218183,76.19598609272727,76.32376224090909,-6.109630856787618e-11
MMD_dinov2_vitb14_l5_g1.00e-04,dinov2_vitb14,blocks.4,1.00e-04,80,76.45166550063637,76.35414479090909,76.5471795409091,-6.109625999561885e-11
MMD_dinov2_vitb14_l5_g1.00e-04,dinov2_vitb14,blocks.4,1.00e-04,81,76.6462588629091,76.59774437272728,76.67586082272727,-6.109703715173609e-11
MMD_dinov2_vitb14_l5_g1.00e-04,dinov2_vitb14,blocks.4,1.00e-04,82,76.94658449972727,76.81212329090908,77.11547369545454,-6.109625305672495e-11
MMD_dinov2_vitb14_l5_g1.00e-04,dinov2_vitb14,blocks.4,1.00e-04,83,77.28899782181819,77.14402031818182,77.52582683636363,-6.110093681011008e-11
MMD_dinov2_vitb14_l5_g1.00e-04,dinov2_vitb14,blocks.4,1.00e-04,84,77.77769119081817,77.65479755863636,77.9733424409091,-6.109637795681522e-11
MMD_dinov2_vitb14_l5_g1.00e-04,dinov2_vitb14,blocks.4,1.00e-04,85,78.22074370363637,78.0566007590909,78.3483194,-6.109660694031405e-11
MMD_dinov2_vitb14_l5_g1.00e-04,dinov2_vitb14,blocks.4,1.00e-04,86,78.53206928127273,78.4185978909091,78.5853263609091,-6.109625999561885e-11
MMD_dinov2_vitb14_l5_g1.00e-04,dinov2_vitb14,blocks.4,1.00e-04,87,78.91919609818181,78.61859467727272,79.25695136818182,-6.109625305672495e-11
MMD_dinov2_vitb14_l5_g1.00e-04,dinov2_vitb14,blocks.4,1.00e-04,88,79.45154426518181,79.28284742727273,79.62850745318183,-6.109625305672495e-11
MMD_dinov2_vitb14_l5_g1.00e-04,dinov2_vitb14,blocks.4,1.00e-04,89,79.85865344999999,79.6499864090909,80.02392345454545,-6.109625305672495e-11
MMD_dinov2_vitb14_l5_g1.00e-04,dinov2_vitb14,blocks.4,1.00e-04,90,80.36715078909091,80.13685939999999,80.56802326363636,-6.109625305672495e-11
MMD_dinov2_vitb14_l5_g1.00e-04,dinov2_vitb14,blocks.4,1.00e-04,91,80.88711305727273,80.69563893636364,81.02786977272727,-6.10968844960702e-11
MMD_dinov2_vitb14_l5_g1.00e-04,dinov2_vitb14,blocks.4,1.00e-04,92,81.56356030636364,81.46314962272727,81.66778405000001,-6.109628081230056e-11
MMD_dinov2_vitb14_l5_g1.00e-04,dinov2_vitb14,blocks.4,1.00e-04,93,82.45250053818182,82.0783984909091,83.04785639090909,2.3780762248293286e-08
MMD_dinov2_vitb14_l5_g1.00e-04,dinov2_vitb14,blocks.4,1.00e-04,94,83.33674027181817,83.2706767,83.45792123636365,-6.109625305672495e-11
MMD_dinov2_vitb14_l5_g1.00e-04,dinov2_vitb14,blocks.4,1.00e-04,95,84.9168772,84.18152392727274,85.54109655454546,-6.1113579474803e-11
MMD_dinov2_vitb14_l5_g1.00e-04,dinov2_vitb14,blocks.4,1.00e-04,96,86.43612606354546,85.8163718359091,87.81027129545454,-6.109625305672495e-11
MMD_dinov2_vitb14_l5_g1.00e-03,dinov2_vitb14,blocks.4,1.00e-03,1,12.623803891545453,10.383351573636363,14.772021149545454,6.109625305672495e-11
MMD_dinov2_vitb14_l5_g1.00e-03,dinov2_vitb14,blocks.4,1.00e-03,2,16.483207213363638,15.774696462272727,16.977602550909094,6.109625305672495e-11
MMD_dinov2_vitb14_l5_g1.00e-03,dinov2_vitb14,blocks.4,1.00e-03,3,17.855225954545453,17.128398308636363,18.40435578590909,6.109625305672495e-11
MMD_dinov2_vitb14_l5_g1.00e-03,dinov2_vitb14,blocks.4,1.00e-03,4,20.865518097181816,18.964998386363636,22.207954510454545,6.109625305672495e-11
MMD_dinov2_vitb14_l5_g1.00e-03,dinov2_vitb14,blocks.4,1.00e-03,5,23.016297832363637,22.336504287727273,23.859046570909094,6.109625305672495e-11
MMD_dinov2_vitb14_l5_g1.00e-03,dinov2_vitb14,blocks.4,1.00e-03,6,24.676943607545457,24.108436355454547,25.272293834545454,6.109625305672495e-11
MMD_dinov2_vitb14_l5_g1.00e-03,dinov2_vitb14,blocks.4,1.00e-03,7,26.206316040454546,25.739496508636364,26.647243233181822,6.109625305672495e-11
MMD_dinov2_vitb14_l5_g1.00e-03,dinov2_vitb14,blocks.4,1.00e-03,8,27.637551460363635,26.80277036,28.008295531363636,6.109625305672495e-11
MMD_dinov2_vitb14_l5_g1.00e-03,dinov2_vitb14,blocks.4,1.00e-03,9,28.92851263009091,28.427649107272728,29.867093540909092,6.109625305672495e-11
MMD_dinov2_vitb14_l5_g1.00e-03,dinov2_vitb14,blocks.4,1.00e-03,10,31.575648575545454,30.946254809545454,32.10326235227273,6.109625305672495e-11
MMD_dinov2_vitb14_l5_g1.00e-03,dinov2_vitb14,blocks.4,1.00e-03,11,33.540090341181816,32.57260997909091,34.254768114545456,6.109625305672495e-11
MMD_dinov2_vitb14_l5_g1.00e-03,dinov2_vitb14,blocks.4,1.00e-03,12,36.213817163363636,35.01583384090909,37.183868766818186,6.109625305672495e-11
MMD_dinov2_vitb14_l5_g1.00e-03,dinov2_vitb14,blocks.4,1.00e-03,13,38.664114203454545,37.586910895,39.50363207727273,6.109625305672495e-11
MMD_dinov2_vitb14_l5_g1.00e-03,dinov2_vitb14,blocks.4,1.00e-03,14,40.60400495509091,39.72578294681818,41.450596035,6.109625305672495e-11
MMD_dinov2_vitb14_l5_g1.00e-03,dinov2_vitb14,blocks.4,1.00e-03,15,42.18188632036364,41.606778884545456,42.93479045136364,6.109625305672495e-11
MMD_dinov2_vitb14_l5_g1.00e-03,dinov2_vitb14,blocks.4,1.00e-03,16,43.784922278909086,42.999259720454546,44.68483293727273,6.109625305672495e-11
MMD_dinov2_vitb14_l5_g1.00e-03,dinov2_vitb14,blocks.4,1.00e-03,17,45.219106401272725,45.014271393181815,45.44974382363636,6.109625305672495e-11
MMD_dinov2_vitb14_l5_g1.00e-03,dinov2_vitb14,blocks.4,1.00e-03,18,46.257626772363636,45.87703164136364,46.55172569545454,6.109625305672495e-11
MMD_dinov2_vitb14_l5_g1.00e-03,dinov2_vitb14,blocks.4,1.00e-03,19,46.95799090581818,46.63784059272727,47.18393024863636,6.109625305672495e-11
MMD_dinov2_vitb14_l5_g1.00e-03,dinov2_vitb14,blocks.4,1.00e-03,20,47.714600308636356,47.45620903181818,47.997159330454544,6.109625305672495e-11
MMD_dinov2_vitb14_l5_g1.00e-03,dinov2_vitb14,blocks.4,1.00e-03,21,49.30375251727272,48.745656067727275,50.02686477227273,6.109625305672495e-11
MMD_dinov2_vitb14_l5_g1.00e-03,dinov2_vitb14,blocks.4,1.00e-03,22,50.32710597245454,50.24467801363637,50.44004938636363,6.109625305672495e-11
MMD_dinov2_vitb14_l5_g1.00e-03,dinov2_vitb14,blocks.4,1.00e-03,23,50.872099054636365,50.53053583909091,51.255980857727266,6.109625305672495e-11
MMD_dinov2_vitb14_l5_g1.00e-03,dinov2_vitb14,blocks.4,1.00e-03,24,51.58121081436364,51.47010300409091,51.78909724363636,6.109625305672495e-11
MMD_dinov2_vitb14_l5_g1.00e-03,dinov2_vitb14,blocks.4,1.00e-03,25,51.956543092181825,51.85205774272727,52.126720309090906,2.390295428256195e-08
MMD_dinov2_vitb14_l5_g1.00e-03,dinov2_vitb14,blocks.4,1.00e-03,26,52.81584878981819,52.30133809090909,53.02329102272727,6.109625305672495e-11
MMD_dinov2_vitb14_l5_g1.00e-03,dinov2_vitb14,blocks.4,1.00e-03,27,53.511711584,53.11169118954546,54.35688324090909,6.109625305672495e-11
MMD_dinov2_vitb14_l5_g1.00e-03,dinov2_vitb14,blocks.4,1.00e-03,28,54.59851262427272,54.43010616227273,54.72388539863636,6.109625305672495e-11
MMD_dinov2_vitb14_l5_g1.00e-03,dinov2_vitb14,blocks.4,1.00e-03,29,55.56896742418182,55.23867115454546,55.82518654818182,6.109625305672495e-11
MMD_dinov2_vitb14_l5_g1.00e-03,dinov2_vitb14,blocks.4,1.00e-03,30,56.35413947490908,56.236087309090905,56.4284854,6.109625305672495e-11
MMD_dinov2_vitb14_l5_g1.00e-03,dinov2_vitb14,blocks.4,1.00e-03,31,56.737218711727266,56.43083487727272,56.87784920000001,6.109625305672495e-11
MMD_dinov2_vitb14_l5_g1.00e-03,dinov2_vitb14,blocks.4,1.00e-03,32,56.97399885154546,56.88495511818182,57.06027285454545,6.109625305672495e-11
MMD_dinov2_vitb14_l5_g1.00e-03,dinov2_vitb14,blocks.4,1.00e-03,33,57.36445707399999,57.08577673045454,57.715692645,6.109625305672495e-11
MMD_dinov2_vitb14_l5_g1.00e-03,dinov2_vitb14,blocks.4,1.00e-03,34,58.19996810827272,57.94736867727273,58.48494007,6.109625305672495e-11
MMD_dinov2_vitb14_l5_g1.00e-03,dinov2_vitb14,blocks.4,1.00e-03,35,59.00553475645454,58.90741873181818,59.15176404636364,6.109625305672495e-11
MMD_dinov2_vitb14_l5_g1.00e-03,dinov2_vitb14,blocks.4,1.00e-03,36,59.43821239872727,59.165360129545455,59.61907620909091,6.109625305672495e-11
MMD_dinov2_vitb14_l5_g1.00e-03,dinov2_vitb14,blocks.4,1.00e-03,37,59.84679539063636,59.64024705,60.13491826227273,6.109625305672495e-11
MMD_dinov2_vitb14_l5_g1.00e-03,dinov2_vitb14,blocks.4,1.00e-03,38,60.99643894654546,60.66603184545455,61.257236485,6.109625305672495e-11
MMD_dinov2_vitb14_l5_g1.00e-03,dinov2_vitb14,blocks.4,1.00e-03,39,61.48400721527272,61.38288141818182,61.612018317727276,6.109625305672495e-11
MMD_dinov2_vitb14_l5_g1.00e-03,dinov2_vitb14,blocks.4,1.00e-03,40,61.886854131727276,61.66026577136363,62.140166177272725,6.109625305672495e-11
MMD_dinov2_vitb14_l5_g1.00e-03,dinov2_vitb14,blocks.4,1.00e-03,41,62.4737095229091,62.30800517363637,62.56153540454545,6.109625305672495e-11
MMD_dinov2_vitb14_l5_g1.00e-03,dinov2_vitb14,blocks.4,1.00e-03,42,62.789370462,62.62842450590909,63.033077886363635,6.109625305672495e-11
MMD_dinov2_vitb14_l5_g1.00e-03,dinov2_vitb14,blocks.4,1.00e-03,43,63.41987266700001,63.2958711590909,63.52993807136364,6.109625305672495e-11
MMD_dinov2_vitb14_l5_g1.00e-03,dinov2_vitb14,blocks.4,1.00e-03,44,63.69902262627272,63.601648069090906,63.89873966363636,6.109625305672495e-11
MMD_dinov2_vitb14_l5_g1.00e-03,dinov2_vitb14,blocks.4,1.00e-03,45,63.98644783854545,63.92419218818182,64.02835174090909,6.109625305672495e-11
MMD_dinov2_vitb14_l5_g1.00e-03,dinov2_vitb14,blocks.4,1.00e-03,46,64.21601700381818,64.1043883409091,64.32671434181817,6.109625305672495e-11
MMD_dinov2_vitb14_l5_g1.00e-03,dinov2_vitb14,blocks.4,1.00e-03,47,64.67885966363636,64.40631527727272,64.88276691590909,6.109625305672495e-11
MMD_dinov2_vitb14_l5_g1.00e-03,dinov2_vitb14,blocks.4,1.00e-03,48,65.06229613163636,64.91428311818181,65.15700578272727,2.390295428256195e-08
MMD_dinov2_vitb14_l5_g1.00e-03,dinov2_vitb14,blocks.4,1.00e-03,49,65.57325001118183,65.26560826818182,65.77319434545456,6.109625305672495e-11
MMD_dinov2_vitb14_l5_g1.00e-03,dinov2_vitb14,blocks.4,1.00e-03,50,66.10387056363636,65.79643795909091,66.41367993636364,6.109625305672495e-11
MMD_dinov2_vitb14_l5_g1.00e-03,dinov2_vitb14,blocks.4,1.00e-03,51,66.6226875630909,66.49486482500001,66.69915260454546,6.109625305672495e-11
MMD_dinov2_vitb14_l5_g1.00e-03,dinov2_vitb14,blocks.4,1.00e-03,52,67.1010070179091,66.84640655909091,67.33497136227273,6.109625305672495e-11
MMD_dinov2_vitb14_l5_g1.00e-03,dinov2_vitb14,blocks.4,1.00e-03,53,67.73512154418182,67.50431248636363,67.89158320909091,6.109625305672495e-11
MMD_dinov2_vitb14_l5_g1.00e-03,dinov2_vitb14,blocks.4,1.00e-03,54,68.1328889490909,67.98637594090908,68.23565684545454,6.109625305672495e-11
MMD_dinov2_vitb14_l5_g1.00e-03,dinov2_vitb14,blocks.4,1.00e-03,55,68.33264022563637,68.26595938409092,68.41746199090909,6.109625305672495e-11
MMD_dinov2_vitb14_l5_g1.00e-03,dinov2_vitb14,blocks.4,1.00e-03,56,68.67576851445455,68.46063733181818,69.04567613727274,6.109625305672495e-11
MMD_dinov2_vitb14_l5_g1.00e-03,dinov2_vitb14,blocks.4,1.00e-03,57,69.09155621636364,69.05974111818182,69.10780212727273,6.109625305672495e-11
MMD_dinov2_vitb14_l5_g1.00e-03,dinov2_vitb14,blocks.4,1.00e-03,58,69.23145481890909,69.12065298636364,69.35791935818182,2.390295428256195e-08
MMD_dinov2_vitb14_l5_g1.00e-03,dinov2_vitb14,blocks.4,1.00e-03,59,69.82775094754545,69.61843814545455,69.97248817863637,6.109625305672495e-11
MMD_dinov2_vitb14_l5_g1.00e-03,dinov2_vitb14,blocks.4,1.00e-03,60,70.14619312563636,70.05721009181819,70.20511073181818,6.109625305672495e-11
MMD_dinov2_vitb14_l5_g1.00e-03,dinov2_vitb14,blocks.4,1.00e-03,61,70.44229148836364,70.32331571818182,70.6102672090909,6.109625305672495e-11
MMD_dinov2_vitb14_l5_g1.00e-03,dinov2_vitb14,blocks.4,1.00e-03,62,70.82376260363637,70.7436578590909,70.86294127272727,6.109625305672495e-11
MMD_dinov2_vitb14_l5_g1.00e-03,dinov2_vitb14,blocks.4,1.00e-03,63,71.017826289,70.88488886772727,71.16676672727273,6.109625305672495e-11
MMD_dinov2_vitb14_l5_g1.00e-03,dinov2_vitb14,blocks.4,1.00e-03,64,71.26426175700001,71.17873871818182,71.36296618181818,6.109625305672495e-11
MMD_dinov2_vitb14_l5_g1.00e-03,dinov2_vitb14,blocks.4,1.00e-03,65,71.83902143318183,71.46931471818182,72.09644175681818,-2.3780762248293286e-08
MMD_dinov2_vitb14_l5_g1.00e-03,dinov2_vitb14,blocks.4,1.00e-03,66,72.25006437972726,72.15469048045455,72.3529890590909,6.109625305672495e-11
MMD_dinov2_vitb14_l5_g1.00e-03,dinov2_vitb14,blocks.4,1.00e-03,67,72.58202422945456,72.35690482818183,72.83995069636363,6.109625305672495e-11
MMD_dinov2_vitb14_l5_g1.00e-03,dinov2_vitb14,blocks.4,1.00e-03,68,73.1044481738182,72.89617321363636,73.33471177272727,-2.3780762248293286e-08
MMD_dinov2_vitb14_l5_g1.00e-03,dinov2_vitb14,blocks.4,1.00e-03,69,73.40747646954546,73.33981687045456,73.44619574090909,2.390295428256195e-08
MMD_dinov2_vitb14_l5_g1.00e-03,dinov2_vitb14,blocks.4,1.00e-03,70,73.58348795500001,73.46868897499999,73.76844457272728,6.109625305672495e-11
MMD_dinov2_vitb14_l5_g1.00e-03,dinov2_vitb14,blocks.4,1.00e-03,71,73.93860900654545,73.80118299272728,74.01135728181818,6.109625305672495e-11
MMD_dinov2_vitb14_l5_g1.00e-03,dinov2_vitb14,blocks.4,1.00e-03,72,74.20439588545455,74.05095793636363,74.38583995454546,2.390295428256195e-08
MMD_dinov2_vitb14_l5_g1.00e-03,dinov2_vitb14,blocks.4,1.00e-03,73,74.73206855272727,74.46433656818182,74.9084351090909,6.109625305672495e-11
MMD_dinov2_vitb14_l5_g1.00e-03,dinov2_vitb14,blocks.4,1.00e-03,74,75.06139675,75.02020153181819,75.14242499545455,-2.3780762248293286e-08
MMD_dinov2_vitb14_l5_g1.00e-03,dinov2_vitb14,blocks.4,1.00e-03,75,75.241960922,75.14524949545454,75.30463428181818,6.109625305672495e-11
MMD_dinov2_vitb14_l5_g1.00e-03,dinov2_vitb14,blocks.4,1.00e-03,76,75.4421082240909,75.35053226363635,75.54217925454545,6.109625305672495e-11
MMD_dinov2_vitb14_l5_g1.00e-03,dinov2_vitb14,blocks.4,1.00e-03,77,75.73595213809092,75.65154605454546,75.79512009954546,6.109625305672495e-11
MMD_dinov2_vitb14_l5_g1.00e-03,dinov2_vitb14,blocks.4,1.00e-03,78,75.98828850090909,75.84170493636363,76.16321556363636,6.109625305672495e-11
MMD_dinov2_vitb14_l5_g1.00e-03,dinov2_vitb14,blocks.4,1.00e-03,79,76.27325769218183,76.19598609272727,76.32376224090909,-2.3780762248293286e-08
MMD_dinov2_vitb14_l5_g1.00e-03,dinov2_vitb14,blocks.4,1.00e-03,80,76.45166550063637,76.35414479090909,76.5471795409091,6.109625305672495e-11
MMD_dinov2_vitb14_l5_g1.00e-03,dinov2_vitb14,blocks.4,1.00e-03,81,76.6462588629091,76.59774437272728,76.67586082272727,6.109625305672495e-11
MMD_dinov2_vitb14_l5_g1.00e-03,dinov2_vitb14,blocks.4,1.00e-03,82,76.94658449972727,76.81212329090908,77.11547369545454,6.109625305672495e-11
MMD_dinov2_vitb14_l5_g1.00e-03,dinov2_vitb14,blocks.4,1.00e-03,83,77.28899782181819,77.14402031818182,77.52582683636363,6.109625305672495e-11
MMD_dinov2_vitb14_l5_g1.00e-03,dinov2_vitb14,blocks.4,1.00e-03,84,77.77769119081817,77.65479755863636,77.9733424409091,6.109625305672495e-11
MMD_dinov2_vitb14_l5_g1.00e-03,dinov2_vitb14,blocks.4,1.00e-03,85,78.22074370363637,78.0566007590909,78.3483194,-2.3780762248293286e-08
MMD_dinov2_vitb14_l5_g1.00e-03,dinov2_vitb14,blocks.4,1.00e-03,86,78.53206928127273,78.4185978909091,78.5853263609091,6.109625305672495e-11
MMD_dinov2_vitb14_l5_g1.00e-03,dinov2_vitb14,blocks.4,1.00e-03,87,78.91919609818181,78.61859467727272,79.25695136818182,6.109625305672495e-11
MMD_dinov2_vitb14_l5_g1.00e-03,dinov2_vitb14,blocks.4,1.00e-03,88,79.45154426518181,79.28284742727273,79.62850745318183,6.109625305672495e-11
MMD_dinov2_vitb14_l5_g1.00e-03,dinov2_vitb14,blocks.4,1.00e-03,89,79.85865344999999,79.6499864090909,80.02392345454545,-2.3780762248293286e-08
MMD_dinov2_vitb14_l5_g1.00e-03,dinov2_vitb14,blocks.4,1.00e-03,90,80.36715078909091,80.13685939999999,80.56802326363636,6.109625305672495e-11
MMD_dinov2_vitb14_l5_g1.00e-03,dinov2_vitb14,blocks.4,1.00e-03,91,80.88711305727273,80.69563893636364,81.02786977272727,6.109625305672495e-11
MMD_dinov2_vitb14_l5_g1.00e-03,dinov2_vitb14,blocks.4,1.00e-03,92,81.56356030636364,81.46314962272727,81.66778405000001,-2.3780762248293286e-08
MMD_dinov2_vitb14_l5_g1.00e-03,dinov2_vitb14,blocks.4,1.00e-03,93,82.45250053818182,82.0783984909091,83.04785639090909,6.109625305672495e-11
MMD_dinov2_vitb14_l5_g1.00e-03,dinov2_vitb14,blocks.4,1.00e-03,94,83.33674027181817,83.2706767,83.45792123636365,6.109625305672495e-11
MMD_dinov2_vitb14_l5_g1.00e-03,dinov2_vitb14,blocks.4,1.00e-03,95,84.9168772,84.18152392727274,85.54109655454546,2.390295428256195e-08
MMD_dinov2_vitb14_l5_g1.00e-03,dinov2_vitb14,blocks.4,1.00e-03,96,86.43612606354546,85.8163718359091,87.81027129545454,6.109625305672495e-11
MMD_dinov2_vitb14_l5_gmedian,dinov2_vitb14,blocks.4,median,1,12.623803891545453,10.383351573636363,14.772021149545454,0.06005990505218506
MMD_dinov2_vitb14_l5_gmedian,dinov2_vitb14,blocks.4,median,2,16.483207213363638,15.774696462272727,16.977602550909094,0.02037632465362549
MMD_dinov2_vitb14_l5_gmedian,dinov2_vitb14,blocks.4,median,3,17.855225954545453,17.128398308636363,18.40435578590909,0.05377006530761719
MMD_dinov2_vitb14_l5_gmedian,dinov2_vitb14,blocks.4,median,4,20.865518097181816,18.964998386363636,22.207954510454545,0.04700446128845215
MMD_dinov2_vitb14_l5_gmedian,dinov2_vitb14,blocks.4,median,5,23.016297832363637,22.336504287727273,23.859046570909094,0.023126602172851562
MMD_dinov2_vitb14_l5_gmedian,dinov2_vitb14,blocks.4,median,6,24.676943607545457,24.108436355454547,25.272293834545454,0.05249941349029541
MMD_dinov2_vitb14_l5_gmedian,dinov2_vitb14,blocks.4,median,7,26.206316040454546,25.739496508636364,26.647243233181822,0.04416942596435547
MMD_dinov2_vitb14_l5_gmedian,dinov2_vitb14,blocks.4,median,8,27.637551460363635,26.80277036,28.008295531363636,0.033791303634643555
MMD_dinov2_vitb14_l5_gmedian,dinov2_vitb14,blocks.4,median,9,28.92851263009091,28.427649107272728,29.867093540909092,0.0937650203704834
MMD_dinov2_vitb14_l5_gmedian,dinov2_vitb14,blocks.4,median,10,31.575648575545454,30.946254809545454,32.10326235227273,0.07481765747070312
MMD_dinov2_vitb14_l5_gmedian,dinov2_vitb14,blocks.4,median,11,33.540090341181816,32.57260997909091,34.254768114545456,0.04846203327178955
MMD_dinov2_vitb14_l5_gmedian,dinov2_vitb14,blocks.4,median,12,36.213817163363636,35.01583384090909,37.183868766818186,0.07261979579925537
MMD_dinov2_vitb14_l5_gmedian,dinov2_vitb14,blocks.4,median,13,38.664114203454545,37.586910895,39.50363207727273,0.05734992027282715
MMD_dinov2_vitb14_l5_gmedian,dinov2_vitb14,blocks.4,median,14,40.60400495509091,39.72578294681818,41.450596035,0.07086300849914551
MMD_dinov2_vitb14_l5_gmedian,dinov2_vitb14,blocks.4,median,15,42.18188632036364,41.606778884545456,42.93479045136364,0.046059370040893555
MMD_dinov2_vitb14_l5_gmedian,dinov2_vitb14,blocks.4,median,16,43.784922278909086,42.999259720454546,44.68483293727273,0.029439449310302734
MMD_dinov2_vitb14_l5_gmedian,dinov2_vitb14,blocks.4,median,17,45.219106401272725,45.014271393181815,45.44974382363636,0.02251577377319336
MMD_dinov2_vitb14_l5_gmedian,dinov2_vitb14,blocks.4,median,18,46.257626772363636,45.87703164136364,46.55172569545454,0.03187108039855957
MMD_dinov2_vitb14_l5_gmedian,dinov2_vitb14,blocks.4,median,19,46.95799090581818,46.63784059272727,47.18393024863636,0.04375457763671875
MMD_dinov2_vitb14_l5_gmedian,dinov2_vitb14,blocks.4,median,20,47.714600308636356,47.45620903181818,47.997159330454544,0.03987622261047363
MMD_dinov2_vitb14_l5_gmedian,dinov2_vitb14,blocks.4,median,21,49.30375251727272,48.745656067727275,50.02686477227273,0.03935396671295166
MMD_dinov2_vitb14_l5_gmedian,dinov2_vitb14,blocks.4,median,22,50.32710597245454,50.24467801363637,50.44004938636363,0.02991950511932373
MMD_dinov2_vitb14_l5_gmedian,dinov2_vitb14,blocks.4,median,23,50.872099054636365,50.53053583909091,51.255980857727266,0.04145026206970215
MMD_dinov2_vitb14_l5_gmedian,dinov2_vitb14,blocks.4,median,24,51.58121081436364,51.47010300409091,51.78909724363636,0.02520895004272461
MMD_dinov2_vitb14_l5_gmedian,dinov2_vitb14,blocks.4,median,25,51.956543092181825,51.85205774272727,52.126720309090906,0.05507254600524902
MMD_dinov2_vitb14_l5_gmedian,dinov2_vitb14,blocks.4,median,26,52.81584878981819,52.30133809090909,53.02329102272727,0.019565105438232422
MMD_dinov2_vitb14_l5_gmedian,dinov2_vitb14,blocks.4,median,27,53.511711584,53.11169118954546,54.35688324090909,0.03378605842590332
MMD_dinov2_vitb14_l5_gmedian,dinov2_vitb14,blocks.4,median,28,54.59851262427272,54.43010616227273,54.72388539863636,0.03324258327484131
MMD_dinov2_vitb14_l5_gmedian,dinov2_vitb14,blocks.4,median,29,55.56896742418182,55.23867115454546,55.82518654818182,0.02939629554748535
MMD_dinov2_vitb14_l5_gmedian,dinov2_vitb14,blocks.4,median,30,56.35413947490908,56.236087309090905,56.4284854,0.03464674949645996
MMD_dinov2_vitb14_l5_gmedian,dinov2_vitb14,blocks.4,median,31,56.737218711727266,56.43083487727272,56.87784920000001,0.051584720611572266
MMD_dinov2_vitb14_l5_gmedian,dinov2_vitb14,blocks.4,median,32,56.97399885154546,56.88495511818182,57.06027285454545,0.07249104976654053
MMD_dinov2_vitb14_l5_gmedian,dinov2_vitb14,blocks.4,median,33,57.36445707399999,57.08577673045454,57.715692645,0.059456706047058105
MMD_dinov2_vitb14_l5_gmedian,dinov2_vitb14,blocks.4,median,34,58.19996810827272,57.94736867727273,58.48494007,0.0326995849609375
MMD_dinov2_vitb14_l5_gmedian,dinov2_vitb14,blocks.4,median,35,59.00553475645454,58.90741873181818,59.15176404636364,0.04857766628265381
MMD_dinov2_vitb14_l5_gmedian,dinov2_vitb14,blocks.4,median,36,59.43821239872727,59.165360129545455,59.61907620909091,0.026806235313415527
MMD_dinov2_vitb14_l5_gmedian,dinov2_vitb14,blocks.4,median,37,59.84679539063636,59.64024705,60.13491826227273,0.04557323455810547
MMD_dinov2_vitb14_l5_gmedian,dinov2_vitb14,blocks.4,median,38,60.99643894654546,60.66603184545455,61.257236485,0.03436601161956787
MMD_dinov2_vitb14_l5_gmedian,dinov2_vitb14,blocks.4,median,39,61.48400721527272,61.38288141818182,61.612018317727276,0.014948010444641113
MMD_dinov2_vitb14_l5_gmedian,dinov2_vitb14,blocks.4,median,40,61.886854131727276,61.66026577136363,62.140166177272725,0.0347827672958374
MMD_dinov2_vitb14_l5_gmedian,dinov2_vitb14,blocks.4,median,41,62.4737095229091,62.30800517363637,62.56153540454545,0.03891575336456299
MMD_dinov2_vitb14_l5_gmedian,dinov2_vitb14,blocks.4,median,42,62.789370462,62.62842450590909,63.033077886363635,0.0452425479888916
MMD_dinov2_vitb14_l5_gmedian,dinov2_vitb14,blocks.4,median,43,63.41987266700001,63.2958711590909,63.52993807136364,0.048055171966552734
MMD_dinov2_vitb14_l5_gmedian,dinov2_vitb14,blocks.4,median,44,63.69902262627272,63.601648069090906,63.89873966363636,0.07671284675598145
MMD_dinov2_vitb14_l5_gmedian,dinov2_vitb14,blocks.4,median,45,63.98644783854545,63.92419218818182,64.02835174090909,0.052763938903808594
MMD_dinov2_vitb14_l5_gmedian,dinov2_vitb14,blocks.4,median,46,64.21601700381818,64.1043883409091,64.32671434181817,0.027491092681884766
MMD_dinov2_vitb14_l5_gmedian,dinov2_vitb14,blocks.4,median,47,64.67885966363636,64.40631527727272,64.88276691590909,0.0816725492477417
MMD_dinov2_vitb14_l5_gmedian,dinov2_vitb14,blocks.4,median,48,65.06229613163636,64.91428311818181,65.15700578272727,0.07436800003051758
MMD_dinov2_vitb14_l5_gmedian,dinov2_vitb14,blocks.4,median,49,65.57325001118183,65.26560826818182,65.77319434545456,0.03413057327270508
MMD_dinov2_vitb14_l5_gmedian,dinov2_vitb14,blocks.4,median,50,66.10387056363636,65.79643795909091,66.41367993636364,0.030652403831481934
MMD_dinov2_vitb14_l5_gmedian,dinov2_vitb14,blocks.4,median,51,66.6226875630909,66.49486482500001,66.69915260454546,0.020167946815490723
MMD_dinov2_vitb14_l5_gmedian,dinov2_vitb14,blocks.4,median,52,67.1010070179091,66.84640655909091,67.33497136227273,0.022710442543029785
MMD_dinov2_vitb14_l5_gmedian,dinov2_vitb14,blocks.4,median,53,67.73512154418182,67.50431248636363,67.89158320909091,0.050861477851867676
MMD_dinov2_vitb14_l5_gmedian,dinov2_vitb14,blocks.4,median,54,68.1328889490909,67.98637594090908,68.23565684545454,0.04706156253814697
MMD_dinov2_vitb14_l5_gmedian,dinov2_vitb14,blocks.4,median,55,68.33264022563637,68.26595938409092,68.41746199090909,0.03968167304992676
MMD_dinov2_vitb14_l5_gmedian,dinov2_vitb14,blocks.4,median,56,68.67576851445455,68.46063733181818,69.04567613727274,0.022204279899597168
MMD_dinov2_vitb14_l5_gmedian,dinov2_vitb14,blocks.4,median,57,69.09155621636364,69.05974111818182,69.10780212727273,0.03177475929260254
MMD_dinov2_vitb14_l5_gmedian,dinov2_vitb14,blocks.4,median,58,69.23145481890909,69.12065298636364,69.35791935818182,0.06335246562957764
MMD_dinov2_vitb14_l5_gmedian,dinov2_vitb14,blocks.4,median,59,69.82775094754545,69.61843814545455,69.97248817863637,0.06526720523834229
MMD_dinov2_vitb14_l5_gmedian,dinov2_vitb14,blocks.4,median,60,70.14619312563636,70.05721009181819,70.20511073181818,0.02444291114807129
MMD_dinov2_vitb14_l5_gmedian,dinov2_vitb14,blocks.4,median,61,70.44229148836364,70.32331571818182,70.6102672090909,0.026636242866516113
MMD_dinov2_vitb14_l5_gmedian,dinov2_vitb14,blocks.4,median,62,70.82376260363637,70.7436578590909,70.86294127272727,0.03720426559448242
MMD_dinov2_vitb14_l5_gmedian,dinov2_vitb14,blocks.4,median,63,71.017826289,70.88488886772727,71.16676672727273,0.03005528450012207
MMD_dinov2_vitb14_l5_gmedian,dinov2_vitb14,blocks.4,median,64,71.26426175700001,71.17873871818182,71.36296618181818,0.019870400428771973
MMD_dinov2_vitb14_l5_gmedian,dinov2_vitb14,blocks.4,median,65,71.83902143318183,71.46931471818182,72.09644175681818,0.027102112770080566
MMD_dinov2_vitb14_l5_gmedian,dinov2_vitb14,blocks.4,median,66,72.25006437972726,72.15469048045455,72.3529890590909,0.03940725326538086
MMD_dinov2_vitb14_l5_gmedian,dinov2_vitb14,blocks.4,median,67,72.58202422945456,72.35690482818183,72.83995069636363,0.040061354637145996
MMD_dinov2_vitb14_l5_gmedian,dinov2_vitb14,blocks.4,median,68,73.1044481738182,72.89617321363636,73.33471177272727,0.017595410346984863
MMD_dinov2_vitb14_l5_gmedian,dinov2_vitb14,blocks.4,median,69,73.40747646954546,73.33981687045456,73.44619574090909,0.022565484046936035
MMD_dinov2_vitb14_l5_gmedian,dinov2_vitb14,blocks.4,median,70,73.58348795500001,73.46868897499999,73.76844457272728,0.03266918659210205
MMD_dinov2_vitb14_l5_gmedian,dinov2_vitb14,blocks.4,median,71,73.93860900654545,73.80118299272728,74.01135728181818,0.051336050033569336
MMD_dinov2_vitb14_l5_gmedian,dinov2_vitb14,blocks.4,median,72,74.20439588545455,74.05095793636363,74.38583995454546,0.03532540798187256
MMD_dinov2_vitb14_l5_gmedian,dinov2_vitb14,blocks.4,median,73,74.73206855272727,74.46433656818182,74.9084351090909,0.03350961208343506
MMD_dinov2_vitb14_l5_gmedian,dinov2_vitb14,blocks.4,median,74,75.06139675,75.02020153181819,75.14242499545455,0.017932653427124023
MMD_dinov2_vitb14_l5_gmedian,dinov2_vitb14,blocks.4,median,75,75.241960922,75.14524949545454,75.30463428181818,0.04522275924682617
MMD_dinov2_vitb14_l5_gmedian,dinov2_vitb14,blocks.4,median,76,75.4421082240909,75.35053226363635,75.54217925454545,0.04439258575439453
MMD_dinov2_vitb14_l5_gmedian,dinov2_vitb14,blocks.4,median,77,75.73595213809092,75.65154605454546,75.79512009954546,0.03498518466949463
MMD_dinov2_vitb14_l5_gmedian,dinov2_vitb14,blocks.4,median,78,75.98828850090909,75.84170493636363,76.16321556363636,0.025651097297668457
MMD_dinov2_vitb14_l5_gmedian,dinov2_vitb14,blocks.4,median,79,76.27325769218183,76.19598609272727,76.32376224090909,0.04851663112640381
MMD_dinov2_vitb14_l5_gmedian,dinov2_vitb14,blocks.4,median,80,76.45166550063637,76.35414479090909,76.5471795409091,0.020313024520874023
MMD_dinov2_vitb14_l5_gmedian,dinov2_vitb14,blocks.4,median,81,76.6462588629091,76.59774437272728,76.67586082272727,0.03928351402282715
MMD_dinov2_vitb14_l5_gmedian,dinov2_vitb14,blocks.4,median,82,76.94658449972727,76.81212329090908,77.11547369545454,0.031527042388916016
MMD_dinov2_vitb14_l5_gmedian,dinov2_vitb14,blocks.4,median,83,77.28899782181819,77.14402031818182,77.52582683636363,0.02429330348968506
MMD_dinov2_vitb14_l5_gmedian,dinov2_vitb14,blocks.4,median,84,77.77769119081817,77.65479755863636,77.9733424409091,0.07564890384674072
MMD_dinov2_vitb14_l5_gmedian,dinov2_vitb14,blocks.4,median,85,78.22074370363637,78.0566007590909,78.3483194,0.025257349014282227
MMD_dinov2_vitb14_l5_gmedian,dinov2_vitb14,blocks.4,median,86,78.53206928127273,78.4185978909091,78.5853263609091,0.013237237930297852
MMD_dinov2_vitb14_l5_gmedian,dinov2_vitb14,blocks.4,median,87,78.91919609818181,78.61859467727272,79.25695136818182,0.016739368438720703
MMD_dinov2_vitb14_l5_gmedian,dinov2_vitb14,blocks.4,median,88,79.45154426518181,79.28284742727273,79.62850745318183,0.04353594779968262
MMD_dinov2_vitb14_l5_gmedian,dinov2_vitb14,blocks.4,median,89,79.85865344999999,79.6499864090909,80.02392345454545,0.028182625770568848
MMD_dinov2_vitb14_l5_gmedian,dinov2_vitb14,blocks.4,median,90,80.36715078909091,80.13685939999999,80.56802326363636,0.04560136795043945
MMD_dinov2_vitb14_l5_gmedian,dinov2_vitb14,blocks.4,median,91,80.88711305727273,80.69563893636364,81.02786977272727,0.03693795204162598
MMD_dinov2_vitb14_l5_gmedian,dinov2_vitb14,blocks.4,median,92,81.56356030636364,81.46314962272727,81.66778405000001,0.02270686626434326
MMD_dinov2_vitb14_l5_gmedian,dinov2_vitb14,blocks.4,median,93,82.45250053818182,82.0783984909091,83.04785639090909,0.022281646728515625
MMD_dinov2_vitb14_l5_gmedian,dinov2_vitb14,blocks.4,median,94,83.33674027181817,83.2706767,83.45792123636365,0.024285435676574707
MMD_dinov2_vitb14_l5_gmedian,dinov2_vitb14,blocks.4,median,95,84.9168772,84.18152392727274,85.54109655454546,0.032485365867614746
MMD_dinov2_vitb14_l5_gmedian,dinov2_vitb14,blocks.4,median,96,86.43612606354546,85.8163718359091,87.81027129545454,0.05649971961975098
CMMD_CLIP_ViT-L14,CLIP_ViT-L/14,768d,5.00e-03,1,12.623803891545453,10.383351573636363,14.772021149545454,0.08280101418495178
CMMD_CLIP_ViT-L14,CLIP_ViT-L/14,768d,5.00e-03,2,16.483207213363638,15.774696462272727,16.977602550909094,0.03537288308143616
CMMD_CLIP_ViT-L14,CLIP_ViT-L/14,768d,5.00e-03,3,17.855225954545453,17.128398308636363,18.40435578590909,0.13672688603401184
CMMD_CLIP_ViT-L14,CLIP_ViT-L/14,768d,5.00e-03,4,20.865518097181816,18.964998386363636,22.207954510454545,0.06572416424751282
CMMD_CLIP_ViT-L14,CLIP_ViT-L/14,768d,5.00e-03,5,23.016297832363637,22.336504287727273,23.859046570909094,0.03205108642578125
CMMD_CLIP_ViT-L14,CLIP_ViT-L/14,768d,5.00e-03,6,24.676943607545457,24.108436355454547,25.272293834545454,0.08795365691184998
CMMD_CLIP_ViT-L14,CLIP_ViT-L/14,768d,5.00e-03,7,26.206316040454546,25.739496508636364,26.647243233181822,0.06802976131439209
CMMD_CLIP_ViT-L14,CLIP_ViT-L/14,768d,5.00e-03,8,27.637551460363635,26.80277036,28.008295531363636,0.055452704429626465
CMMD_CLIP_ViT-L14,CLIP_ViT-L/14,768d,5.00e-03,9,28.92851263009091,28.427649107272728,29.867093540909092,0.07480290532112122
CMMD_CLIP_ViT-L14,CLIP_ViT-L/14,768d,5.00e-03,10,31.575648575545454,30.946254809545454,32.10326235227273,0.08557340502738953
CMMD_CLIP_ViT-L14,CLIP_ViT-L/14,768d,5.00e-03,11,33.540090341181816,32.57260997909091,34.254768114545456,0.047503918409347534
CMMD_CLIP_ViT-L14,CLIP_ViT-L/14,768d,5.00e-03,12,36.213817163363636,35.01583384090909,37.183868766818186,0.06184518337249756
CMMD_CLIP_ViT-L14,CLIP_ViT-L/14,768d,5.00e-03,13,38.664114203454545,37.586910895,39.50363207727273,0.04518529772758484
CMMD_CLIP_ViT-L14,CLIP_ViT-L/14,768d,5.00e-03,14,40.60400495509091,39.72578294681818,41.450596035,0.0797303318977356
CMMD_CLIP_ViT-L14,CLIP_ViT-L/14,768d,5.00e-03,15,42.18188632036364,41.606778884545456,42.93479045136364,0.047762930393218994
CMMD_CLIP_ViT-L14,CLIP_ViT-L/14,768d,5.00e-03,16,43.784922278909086,42.999259720454546,44.68483293727273,0.05020195245742798
CMMD_CLIP_ViT-L14,CLIP_ViT-L/14,768d,5.00e-03,17,45.219106401272725,45.014271393181815,45.44974382363636,0.04155746102333069
CMMD_CLIP_ViT-L14,CLIP_ViT-L/14,768d,5.00e-03,18,46.257626772363636,45.87703164136364,46.55172569545454,0.039414405822753906
CMMD_CLIP_ViT-L14,CLIP_ViT-L/14,768d,5.00e-03,19,46.95799090581818,46.63784059272727,47.18393024863636,0.06308063864707947
CMMD_CLIP_ViT-L14,CLIP_ViT-L/14,768d,5.00e-03,20,47.714600308636356,47.45620903181818,47.997159330454544,0.0789879560470581
CMMD_CLIP_ViT-L14,CLIP_ViT-L/14,768d,5.00e-03,21,49.30375251727272,48.745656067727275,50.02686477227273,0.04253256320953369
CMMD_CLIP_ViT-L14,CLIP_ViT-L/14,768d,5.00e-03,22,50.32710597245454,50.24467801363637,50.44004938636363,0.028382599353790283
CMMD_CLIP_ViT-L14,CLIP_ViT-L/14,768d,5.00e-03,23,50.872099054636365,50.53053583909091,51.255980857727266,0.05585122108459473
CMMD_CLIP_ViT-L14,CLIP_ViT-L/14,768d,5.00e-03,24,51.58121081436364,51.47010300409091,51.78909724363636,0.019598037004470825
CMMD_CLIP_ViT-L14,CLIP_ViT-L/14,768d,5.00e-03,25,51.956543092181825,51.85205774272727,52.126720309090906,0.05242258310317993
CMMD_CLIP_ViT-L14,CLIP_ViT-L/14,768d,5.00e-03,26,52.81584878981819,52.30133809090909,53.02329102272727,0.031982362270355225
CMMD_CLIP_ViT-L14,CLIP_ViT-L/14,768d,5.00e-03,27,53.511711584,53.11169118954546,54.35688324090909,0.026366204023361206
CMMD_CLIP_ViT-L14,CLIP_ViT-L/14,768d,5.00e-03,28,54.59851262427272,54.43010616227273,54.72388539863636,0.06277132034301758
CMMD_CLIP_ViT-L14,CLIP_ViT-L/14,768d,5.00e-03,29,55.56896742418182,55.23867115454546,55.82518654818182,0.06401312351226807
CMMD_CLIP_ViT-L14,CLIP_ViT-L/14,768d,5.00e-03,30,56.35413947490908,56.236087309090905,56.4284854,0.08201137185096741
CMMD_CLIP_ViT-L14,CLIP_ViT-L/14,768d,5.00e-03,31,56.737218711727266,56.43083487727272,56.87784920000001,0.049943119287490845
CMMD_CLIP_ViT-L14,CLIP_ViT-L/14,768d,5.00e-03,32,56.97399885154546,56.88495511818182,57.06027285454545,0.031178772449493408
CMMD_CLIP_ViT-L14,CLIP_ViT-L/14,768d,5.00e-03,33,57.36445707399999,57.08577673045454,57.715692645,0.042964160442352295
CMMD_CLIP_ViT-L14,CLIP_ViT-L/14,768d,5.00e-03,34,58.19996810827272,57.94736867727273,58.48494007,0.04240107536315918
CMMD_CLIP_ViT-L14,CLIP_ViT-L/14,768d,5.00e-03,35,59.00553475645454,58.90741873181818,59.15176404636364,0.03308969736099243
CMMD_CLIP_ViT-L14,CLIP_ViT-L/14,768d,5.00e-03,36,59.43821239872727,59.165360129545455,59.61907620909091,0.03458866477012634
CMMD_CLIP_ViT-L14,CLIP_ViT-L/14,768d,5.00e-03,37,59.84679539063636,59.64024705,60.13491826227273,0.04723963141441345
CMMD_CLIP_ViT-L14,CLIP_ViT-L/14,768d,5.00e-03,38,60.99643894654546,60.66603184545455,61.257236485,0.06642729043960571
CMMD_CLIP_ViT-L14,CLIP_ViT-L/14,768d,5.00e-03,39,61.48400721527272,61.38288141818182,61.612018317727276,0.039165198802948
CMMD_CLIP_ViT-L14,CLIP_ViT-L/14,768d,5.00e-03,40,61.886854131727276,61.66026577136363,62.140166177272725,0.08679777383804321
CMMD_CLIP_ViT-L14,CLIP_ViT-L/14,768d,5.00e-03,41,62.4737095229091,62.30800517363637,62.56153540454545,0.03923606872558594
CMMD_CLIP_ViT-L14,CLIP_ViT-L/14,768d,5.00e-03,42,62.789370462,62.62842450590909,63.033077886363635,0.06715530157089233
CMMD_CLIP_ViT-L14,CLIP_ViT-L/14,768d,5.00e-03,43,63.41987266700001,63.2958711590909,63.52993807136364,0.044802963733673096
CMMD_CLIP_ViT-L14,CLIP_ViT-L/14,768d,5.00e-03,44,63.69902262627272,63.601648069090906,63.89873966363636,0.07600793242454529
CMMD_CLIP_ViT-L14,CLIP_ViT-L/14,768d,5.00e-03,45,63.98644783854545,63.92419218818182,64.02835174090909,0.03787785768508911
CMMD_CLIP_ViT-L14,CLIP_ViT-L/14,768d,5.00e-03,46,64.21601700381818,64.1043883409091,64.32671434181817,0.03889024257659912
CMMD_CLIP_ViT-L14,CLIP_ViT-L/14,768d,5.00e-03,47,64.67885966363636,64.40631527727272,64.88276691590909,0.12988632917404175
CMMD_CLIP_ViT-L14,CLIP_ViT-L/14,768d,5.00e-03,48,65.06229613163636,64.91428311818181,65.15700578272727,0.07219401001930237
CMMD_CLIP_ViT-L14,CLIP_ViT-L/14,768d,5.00e-03,49,65.57325001118183,65.26560826818182,65.77319434545456,0.040089935064315796
CMMD_CLIP_ViT-L14,CLIP_ViT-L/14,768d,5.00e-03,50,66.10387056363636,65.79643795909091,66.41367993636364,0.07783254981040955
CMMD_CLIP_ViT-L14,CLIP_ViT-L/14,768d,5.00e-03,51,66.6226875630909,66.49486482500001,66.69915260454546,0.04338899254798889
CMMD_CLIP_ViT-L14,CLIP_ViT-L/14,768d,5.00e-03,52,67.1010070179091,66.84640655909091,67.33497136227273,0.03358140587806702
CMMD_CLIP_ViT-L14,CLIP_ViT-L/14,768d,5.00e-03,53,67.73512154418182,67.50431248636363,67.89158320909091,0.04046708345413208
CMMD_CLIP_ViT-L14,CLIP_ViT-L/14,768d,5.00e-03,54,68.1328889490909,67.98637594090908,68.23565684545454,0.08322086930274963
CMMD_CLIP_ViT-L14,CLIP_ViT-L/14,768d,5.00e-03,55,68.33264022563637,68.26595938409092,68.41746199090909,0.05135706067085266
CMMD_CLIP_ViT-L14,CLIP_ViT-L/14,768d,5.00e-03,56,68.67576851445455,68.46063733181818,69.04567613727274,0.05292603373527527
CMMD_CLIP_ViT-L14,CLIP_ViT-L/14,768d,5.00e-03,57,69.09155621636364,69.05974111818182,69.10780212727273,0.06094112992286682
CMMD_CLIP_ViT-L14,CLIP_ViT-L/14,768d,5.00e-03,58,69.23145481890909,69.12065298636364,69.35791935818182,0.039664506912231445
CMMD_CLIP_ViT-L14,CLIP_ViT-L/14,768d,5.00e-03,59,69.82775094754545,69.61843814545455,69.97248817863637,0.09836852550506592
CMMD_CLIP_ViT-L14,CLIP_ViT-L/14,768d,5.00e-03,60,70.14619312563636,70.05721009181819,70.20511073181818,0.04367399215698242
CMMD_CLIP_ViT-L14,CLIP_ViT-L/14,768d,5.00e-03,61,70.44229148836364,70.32331571818182,70.6102672090909,0.08862081170082092
CMMD_CLIP_ViT-L14,CLIP_ViT-L/14,768d,5.00e-03,62,70.82376260363637,70.7436578590909,70.86294127272727,0.06841987371444702
CMMD_CLIP_ViT-L14,CLIP_ViT-L/14,768d,5.00e-03,63,71.017826289,70.88488886772727,71.16676672727273,0.06434234976768494
CMMD_CLIP_ViT-L14,CLIP_ViT-L/14,768d,5.00e-03,64,71.26426175700001,71.17873871818182,71.36296618181818,0.030809015035629272
CMMD_CLIP_ViT-L14,CLIP_ViT-L/14,768d,5.00e-03,65,71.83902143318183,71.46931471818182,72.09644175681818,0.04596033692359924
CMMD_CLIP_ViT-L14,CLIP_ViT-L/14,768d,5.00e-03,66,72.25006437972726,72.15469048045455,72.3529890590909,0.14041021466255188
CMMD_CLIP_ViT-L14,CLIP_ViT-L/14,768d,5.00e-03,67,72.58202422945456,72.35690482818183,72.83995069636363,0.03776898980140686
CMMD_CLIP_ViT-L14,CLIP_ViT-L/14,768d,5.00e-03,68,73.1044481738182,72.89617321363636,73.33471177272727,0.0675630271434784
CMMD_CLIP_ViT-L14,CLIP_ViT-L/14,768d,5.00e-03,69,73.40747646954546,73.33981687045456,73.44619574090909,0.04685816168785095
CMMD_CLIP_ViT-L14,CLIP_ViT-L/14,768d,5.00e-03,70,73.58348795500001,73.46868897499999,73.76844457272728,0.04162958264350891
CMMD_CLIP_ViT-L14,CLIP_ViT-L/14,768d,5.00e-03,71,73.93860900654545,73.80118299272728,74.01135728181818,0.06838655471801758
CMMD_CLIP_ViT-L14,CLIP_ViT-L/14,768d,5.00e-03,72,74.20439588545455,74.05095793636363,74.38583995454546,0.07377004623413086
CMMD_CLIP_ViT-L14,CLIP_ViT-L/14,768d,5.00e-03,73,74.73206855272727,74.46433656818182,74.9084351090909,0.10025963187217712
CMMD_CLIP_ViT-L14,CLIP_ViT-L/14,768d,5.00e-03,74,75.06139675,75.02020153181819,75.14242499545455,0.07106775045394897
CMMD_CLIP_ViT-L14,CLIP_ViT-L/14,768d,5.00e-03,75,75.241960922,75.14524949545454,75.30463428181818,0.07661515474319458
CMMD_CLIP_ViT-L14,CLIP_ViT-L/14,768d,5.00e-03,76,75.4421082240909,75.35053226363635,75.54217925454545,0.051454633474349976
CMMD_CLIP_ViT-L14,CLIP_ViT-L/14,768d,5.00e-03,77,75.73595213809092,75.65154605454546,75.79512009954546,0.07470393180847168
CMMD_CLIP_ViT-L14,CLIP_ViT-L/14,768d,5.00e-03,78,75.98828850090909,75.84170493636363,76.16321556363636,0.0604398250579834
CMMD_CLIP_ViT-L14,CLIP_ViT-L/14,768d,5.00e-03,79,76.27325769218183,76.19598609272727,76.32376224090909,0.08382114768028259
CMMD_CLIP_ViT-L14,CLIP_ViT-L/14,768d,5.00e-03,80,76.45166550063637,76.35414479090909,76.5471795409091,0.06091874837875366
CMMD_CLIP_ViT-L14,CLIP_ViT-L/14,768d,5.00e-03,81,76.6462588629091,76.59774437272728,76.67586082272727,0.04472571611404419
CMMD_CLIP_ViT-L14,CLIP_ViT-L/14,768d,5.00e-03,82,76.94658449972727,76.81212329090908,77.11547369545454,0.05828961730003357
CMMD_CLIP_ViT-L14,CLIP_ViT-L/14,768d,5.00e-03,83,77.28899782181819,77.14402031818182,77.52582683636363,0.03768610954284668
CMMD_CLIP_ViT-L14,CLIP_ViT-L/14,768d,5.00e-03,84,77.77769119081817,77.65479755863636,77.9733424409091,0.08119714260101318
CMMD_CLIP_ViT-L14,CLIP_ViT-L/14,768d,5.00e-03,85,78.22074370363637,78.0566007590909,78.3483194,0.056031227111816406
CMMD_CLIP_ViT-L14,CLIP_ViT-L/14,768d,5.00e-03,86,78.53206928127273,78.4185978909091,78.5853263609091,0.02911078929901123
CMMD_CLIP_ViT-L14,CLIP_ViT-L/14,768d,5.00e-03,87,78.91919609818181,78.61859467727272,79.25695136818182,0.07857787609100342
CMMD_CLIP_ViT-L14,CLIP_ViT-L/14,768d,5.00e-03,88,79.45154426518181,79.28284742727273,79.62850745318183,0.09604981541633606
CMMD_CLIP_ViT-L14,CLIP_ViT-L/14,768d,5.00e-03,89,79.85865344999999,79.6499864090909,80.02392345454545,0.06378665566444397
CMMD_CLIP_ViT-L14,CLIP_ViT-L/14,768d,5.00e-03,90,80.36715078909091,80.13685939999999,80.56802326363636,0.10919189453125
CMMD_CLIP_ViT-L14,CLIP_ViT-L/14,768d,5.00e-03,91,80.88711305727273,80.69563893636364,81.02786977272727,0.11739084124565125
CMMD_CLIP_ViT-L14,CLIP_ViT-L/14,768d,5.00e-03,92,81.56356030636364,81.46314962272727,81.66778405000001,0.09193733334541321
CMMD_CLIP_ViT-L14,CLIP_ViT-L/14,768d,5.00e-03,93,82.45250053818182,82.0783984909091,83.04785639090909,0.08714061975479126
CMMD_CLIP_ViT-L14,CLIP_ViT-L/14,768d,5.00e-03,94,83.33674027181817,83.2706767,83.45792123636365,0.07493963837623596
CMMD_CLIP_ViT-L14,CLIP_ViT-L/14,768d,5.00e-03,95,84.9168772,84.18152392727274,85.54109655454546,0.0695512592792511
CMMD_CLIP_ViT-L14,CLIP_ViT-L/14,768d,5.00e-03,96,86.43612606354546,85.8163718359091,87.81027129545454,0.1085767149925232
