metric_label,backbone,layer_name,gamma_str,group_idx,mos_r_mean,mos_r_min,mos_r_max,mmd_score
MMD_dc_ae_l10_g1.00e-06,dc_ae,down_blocks.3.0,1.00e-06,1,10.810482123636362,10.383351573636363,11.237612673636363,0.07107770442962646
MMD_dc_ae_l10_g1.00e-06,dc_ae,down_blocks.3.0,1.00e-06,2,13.363017030454547,12.873956289545454,13.852077771363637,0.09706676006317139
MMD_dc_ae_l10_g1.00e-06,dc_ae,down_blocks.3.0,1.00e-06,3,15.27335880590909,14.772021149545454,15.774696462272727,0.09766280651092529
MMD_dc_ae_l10_g1.00e-06,dc_ae,down_blocks.3.0,1.00e-06,4,16.414950566818185,16.11136225,16.718538883636366,0.015961050987243652
MMD_dc_ae_l10_g1.00e-06,dc_ae,down_blocks.3.0,1.00e-06,5,16.905719235454548,16.83383592,16.977602550909094,0.06488800048828125
MMD_dc_ae_l10_g1.00e-06,dc_ae,down_blocks.3.0,1.00e-06,6,17.31410864272727,17.128398308636363,17.49981897681818,0.10442495346069336
MMD_dc_ae_l10_g1.00e-06,dc_ae,down_blocks.3.0,1.00e-06,7,18.12177835068182,18.01987185318182,18.22368484818182,0.03992903232574463
MMD_dc_ae_l10_g1.00e-06,dc_ae,down_blocks.3.0,1.00e-06,8,18.68467708613636,18.40435578590909,18.964998386363636,0.06342184543609619
MMD_dc_ae_l10_g1.00e-06,dc_ae,down_blocks.3.0,1.00e-06,9,20.494847745454546,19.531784013636365,21.457911477272727,0.04433917999267578
MMD_dc_ae_l10_g1.00e-06,dc_ae,down_blocks.3.0,1.00e-06,10,22.186448304318183,22.164942098181818,22.207954510454545,0.01198875904083252
MMD_dc_ae_l10_g1.00e-06,dc_ae,down_blocks.3.0,1.00e-06,11,22.556182346136364,22.336504287727273,22.775860404545455,0.040209054946899414
MMD_dc_ae_l10_g1.00e-06,dc_ae,down_blocks.3.0,1.00e-06,12,23.05503894931818,23.03693973772727,23.073138160909092,0.03875088691711426
MMD_dc_ae_l10_g1.00e-06,dc_ae,down_blocks.3.0,1.00e-06,13,23.983741463181822,23.859046570909094,24.108436355454547,0.056427836418151855
MMD_dc_ae_l10_g1.00e-06,dc_ae,down_blocks.3.0,1.00e-06,14,24.42152434318182,24.136628927727273,24.706419758636365,0.034990549087524414
MMD_dc_ae_l10_g1.00e-06,dc_ae,down_blocks.3.0,1.00e-06,15,25.216616497954547,25.160939161363636,25.272293834545454,0.045908212661743164
MMD_dc_ae_l10_g1.00e-06,dc_ae,down_blocks.3.0,1.00e-06,16,25.91158886977273,25.739496508636364,26.08368123090909,0.10493934154510498
MMD_dc_ae_l10_g1.00e-06,dc_ae,down_blocks.3.0,1.00e-06,17,26.280579614772726,26.26193154681818,26.29922768272727,0.03590714931488037
MMD_dc_ae_l10_g1.00e-06,dc_ae,down_blocks.3.0,1.00e-06,18,26.72500679659091,26.647243233181822,26.80277036,0.02108454704284668
MMD_dc_ae_l10_g1.00e-06,dc_ae,down_blocks.3.0,1.00e-06,19,27.71722202681818,27.710613355454544,27.723830698181818,0.13235092163085938
MMD_dc_ae_l10_g1.00e-06,dc_ae,down_blocks.3.0,1.00e-06,20,27.975271444090907,27.94224735681818,28.008295531363636,0.010518789291381836
MMD_dc_ae_l10_g1.00e-06,dc_ae,down_blocks.3.0,1.00e-06,21,28.51916109681818,28.427649107272728,28.610673086363636,0.11268281936645508
MMD_dc_ae_l10_g1.00e-06,dc_ae,down_blocks.3.0,1.00e-06,22,28.868573707954546,28.864666542727274,28.872480873181818,0.05992746353149414
MMD_dc_ae_l10_g1.00e-06,dc_ae,down_blocks.3.0,1.00e-06,23,30.406674175227273,29.867093540909092,30.946254809545454,0.019686341285705566
MMD_dc_ae_l10_g1.00e-06,dc_ae,down_blocks.3.0,1.00e-06,24,31.433125444318183,31.113843444545456,31.75240744409091,0.08149027824401855
MMD_dc_ae_l10_g1.00e-06,dc_ae,down_blocks.3.0,1.00e-06,25,32.032868589772725,31.962474827272725,32.10326235227273,0.06440067291259766
MMD_dc_ae_l10_g1.00e-06,dc_ae,down_blocks.3.0,1.00e-06,26,32.93285143340909,32.57260997909091,33.29309288772727,0.05479240417480469
MMD_dc_ae_l10_g1.00e-06,dc_ae,down_blocks.3.0,1.00e-06,27,33.789990362272725,33.63066458409091,33.94931614045454,0.04813265800476074
MMD_dc_ae_l10_g1.00e-06,dc_ae,down_blocks.3.0,1.00e-06,28,34.63530097772727,34.254768114545456,35.01583384090909,0.018235206604003906
MMD_dc_ae_l10_g1.00e-06,dc_ae,down_blocks.3.0,1.00e-06,29,36.06108401,35.61844186090909,36.50372615909091,0.06704318523406982
MMD_dc_ae_l10_g1.00e-06,dc_ae,down_blocks.3.0,1.00e-06,30,36.965541977954544,36.74721518909091,37.183868766818186,0.05174422264099121
MMD_dc_ae_l10_g1.00e-06,dc_ae,down_blocks.3.0,1.00e-06,31,37.74808161840909,37.586910895,37.90925234181818,0.08477115631103516
MMD_dc_ae_l10_g1.00e-06,dc_ae,down_blocks.3.0,1.00e-06,32,39.16038785159091,39.159607152727276,39.16116855045455,0.02335679531097412
MMD_dc_ae_l10_g1.00e-06,dc_ae,down_blocks.3.0,1.00e-06,33,39.614707512045456,39.50363207727273,39.72578294681818,0.06013524532318115
MMD_dc_ae_l10_g1.00e-06,dc_ae,down_blocks.3.0,1.00e-06,34,40.30910911386364,40.10658689318182,40.511631334545456,0.08217442035675049
MMD_dc_ae_l10_g1.00e-06,dc_ae,down_blocks.3.0,1.00e-06,35,41.33801180045454,41.22542756590909,41.450596035,0.07784855365753174
MMD_dc_ae_l10_g1.00e-06,dc_ae,down_blocks.3.0,1.00e-06,36,41.67410449772727,41.606778884545456,41.74143011090909,0.040506839752197266
MMD_dc_ae_l10_g1.00e-06,dc_ae,down_blocks.3.0,1.00e-06,37,42.3132160775,42.27668356454546,42.349748590454546,0.0346299409866333
MMD_dc_ae_l10_g1.00e-06,dc_ae,down_blocks.3.0,1.00e-06,38,42.96702508590909,42.93479045136364,42.999259720454546,0.012731313705444336
MMD_dc_ae_l10_g1.00e-06,dc_ae,down_blocks.3.0,1.00e-06,39,43.49911773840908,43.14833512181818,43.849900354999995,0.04435145854949951
MMD_dc_ae_l10_g1.00e-06,dc_ae,down_blocks.3.0,1.00e-06,40,44.46355809863637,44.24228326,44.68483293727273,0.045448899269104004
MMD_dc_ae_l10_g1.00e-06,dc_ae,down_blocks.3.0,1.00e-06,41,45.02958462840909,45.014271393181815,45.044897863636365,0.0054454803466796875
MMD_dc_ae_l10_g1.00e-06,dc_ae,down_blocks.3.0,1.00e-06,42,45.29330946295454,45.242849799999995,45.34376912590909,0.0055005550384521484
MMD_dc_ae_l10_g1.00e-06,dc_ae,down_blocks.3.0,1.00e-06,43,45.6633877325,45.44974382363636,45.87703164136364,0.003253936767578125
MMD_dc_ae_l10_g1.00e-06,dc_ae,down_blocks.3.0,1.00e-06,44,46.19913604068182,46.05975058136364,46.3385215,0.09732377529144287
MMD_dc_ae_l10_g1.00e-06,dc_ae,down_blocks.3.0,1.00e-06,45,46.506415069545454,46.461104443636366,46.55172569545454,0.023562312126159668
MMD_dc_ae_l10_g1.00e-06,dc_ae,down_blocks.3.0,1.00e-06,46,46.7814371125,46.63784059272727,46.92503363227272,0.06096827983856201
MMD_dc_ae_l10_g1.00e-06,dc_ae,down_blocks.3.0,1.00e-06,47,47.02157502772727,46.98420985,47.05894020545455,0.02773571014404297
MMD_dc_ae_l10_g1.00e-06,dc_ae,down_blocks.3.0,1.00e-06,48,47.320069640227274,47.18393024863636,47.45620903181818,0.03356051445007324
MMD_dc_ae_l10_g1.00e-06,dc_ae,down_blocks.3.0,1.00e-06,49,47.63274792386363,47.57944400681818,47.68605184090909,0.06751668453216553
MMD_dc_ae_l10_g1.00e-06,dc_ae,down_blocks.3.0,1.00e-06,50,47.92564833181818,47.85413733318182,47.997159330454544,0.01191854476928711
MMD_dc_ae_l10_g1.00e-06,dc_ae,down_blocks.3.0,1.00e-06,51,48.86026302159091,48.745656067727275,48.974869975454546,0.022345304489135742
MMD_dc_ae_l10_g1.00e-06,dc_ae,down_blocks.3.0,1.00e-06,52,49.38568588545454,49.269933079999994,49.50143869090909,0.052544474601745605
MMD_dc_ae_l10_g1.00e-06,dc_ae,down_blocks.3.0,1.00e-06,53,50.13577139295455,50.02686477227273,50.24467801363637,0.09992599487304688
MMD_dc_ae_l10_g1.00e-06,dc_ae,down_blocks.3.0,1.00e-06,54,50.27686834954545,50.26601576545454,50.287720933636365,0.034209251403808594
MMD_dc_ae_l10_g1.00e-06,dc_ae,down_blocks.3.0,1.00e-06,55,50.41855757477272,50.397065763181814,50.44004938636363,0.0749354362487793
MMD_dc_ae_l10_g1.00e-06,dc_ae,down_blocks.3.0,1.00e-06,56,50.63730162727273,50.53053583909091,50.744067415454545,0.03405869007110596
MMD_dc_ae_l10_g1.00e-06,dc_ae,down_blocks.3.0,1.00e-06,57,50.914955580454546,50.877768575909094,50.952142585000004,0.05559957027435303
MMD_dc_ae_l10_g1.00e-06,dc_ae,down_blocks.3.0,1.00e-06,58,51.36304193090909,51.255980857727266,51.47010300409091,0.06751537322998047
MMD_dc_ae_l10_g1.00e-06,dc_ae,down_blocks.3.0,1.00e-06,59,51.4886901025,51.48649149727273,51.49088870772727,0.026924848556518555
MMD_dc_ae_l10_g1.00e-06,dc_ae,down_blocks.3.0,1.00e-06,60,51.729285431363635,51.669473619090915,51.78909724363636,0.011832952499389648
MMD_dc_ae_l10_g1.00e-06,dc_ae,down_blocks.3.0,1.00e-06,61,51.86503114863636,51.85205774272727,51.87800455454545,0.021369338035583496
MMD_dc_ae_l10_g1.00e-06,dc_ae,down_blocks.3.0,1.00e-06,62,51.962966427272725,51.92553946363636,52.00039339090909,0.05353498458862305
MMD_dc_ae_l10_g1.00e-06,dc_ae,down_blocks.3.0,1.00e-06,63,52.2140292,52.126720309090906,52.30133809090909,0.057935237884521484
MMD_dc_ae_l10_g1.00e-06,dc_ae,down_blocks.3.0,1.00e-06,64,52.88865584113637,52.82782977227273,52.94948191,0.012166142463684082
MMD_dc_ae_l10_g1.00e-06,dc_ae,down_blocks.3.0,1.00e-06,65,53.00029708795454,52.977303153181815,53.02329102272727,0.078818678855896
MMD_dc_ae_l10_g1.00e-06,dc_ae,down_blocks.3.0,1.00e-06,66,53.13382443863637,53.11169118954546,53.15595768772727,0.049996137619018555
MMD_dc_ae_l10_g1.00e-06,dc_ae,down_blocks.3.0,1.00e-06,67,53.46701290090908,53.19575964181818,53.738266159999995,-0.004814743995666504
MMD_dc_ae_l10_g1.00e-06,dc_ae,down_blocks.3.0,1.00e-06,68,54.39349470159091,54.35688324090909,54.43010616227273,0.07107579708099365
MMD_dc_ae_l10_g1.00e-06,dc_ae,down_blocks.3.0,1.00e-06,69,54.57660740431818,54.51598353272727,54.63723127590909,0.06012701988220215
MMD_dc_ae_l10_g1.00e-06,dc_ae,down_blocks.3.0,1.00e-06,70,54.70462107522727,54.68535675181818,54.72388539863636,0.020534038543701172
MMD_dc_ae_l10_g1.00e-06,dc_ae,down_blocks.3.0,1.00e-06,71,55.25811377272728,55.23867115454546,55.2775563909091,0.004865527153015137
MMD_dc_ae_l10_g1.00e-06,dc_ae,down_blocks.3.0,1.00e-06,72,55.751711513636366,55.699695931818184,55.80372709545455,0.03457999229431152
MMD_dc_ae_l10_g1.00e-06,dc_ae,down_blocks.3.0,1.00e-06,73,56.03063692863636,55.82518654818182,56.236087309090905,0.062444448471069336
MMD_dc_ae_l10_g1.00e-06,dc_ae,down_blocks.3.0,1.00e-06,74,56.343688662272726,56.34353036818182,56.343846956363635,0.06115269660949707
MMD_dc_ae_l10_g1.00e-06,dc_ae,down_blocks.3.0,1.00e-06,75,56.42361637045454,56.418747340909086,56.4284854,0.023647189140319824
MMD_dc_ae_l10_g1.00e-06,dc_ae,down_blocks.3.0,1.00e-06,76,56.583800352272725,56.43083487727272,56.73676582727273,0.05085432529449463
MMD_dc_ae_l10_g1.00e-06,dc_ae,down_blocks.3.0,1.00e-06,77,56.82032182704545,56.80215198181818,56.838491672272724,-0.0050449371337890625
MMD_dc_ae_l10_g1.00e-06,dc_ae,down_blocks.3.0,1.00e-06,78,56.88140215909091,56.87784920000001,56.88495511818182,0.04530990123748779
MMD_dc_ae_l10_g1.00e-06,dc_ae,down_blocks.3.0,1.00e-06,79,56.954357993181816,56.89427865,57.014437336363635,0.07994675636291504
MMD_dc_ae_l10_g1.00e-06,dc_ae,down_blocks.3.0,1.00e-06,80,57.03816157659091,57.01605029863636,57.06027285454545,0.024273037910461426
MMD_dc_ae_l10_g1.00e-06,dc_ae,down_blocks.3.0,1.00e-06,81,57.12540627659091,57.08577673045454,57.165035822727276,0.0543212890625
MMD_dc_ae_l10_g1.00e-06,dc_ae,down_blocks.3.0,1.00e-06,82,57.42789008590909,57.30280682363637,57.552973348181816,0.06111347675323486
MMD_dc_ae_l10_g1.00e-06,dc_ae,down_blocks.3.0,1.00e-06,83,57.83153066113636,57.715692645,57.94736867727273,-0.007441163063049316
MMD_dc_ae_l10_g1.00e-06,dc_ae,down_blocks.3.0,1.00e-06,84,58.08143253113636,58.01582408181818,58.14704098045454,0.025822877883911133
MMD_dc_ae_l10_g1.00e-06,dc_ae,down_blocks.3.0,1.00e-06,85,58.444803400909095,58.40466673181818,58.48494007,0.0364537239074707
MMD_dc_ae_l10_g1.00e-06,dc_ae,down_blocks.3.0,1.00e-06,86,58.91778003409091,58.90741873181818,58.92814133636364,0.09343552589416504
MMD_dc_ae_l10_g1.00e-06,dc_ae,down_blocks.3.0,1.00e-06,87,59.020174833863635,58.959711454090915,59.080638213636355,0.033324360847473145
MMD_dc_ae_l10_g1.00e-06,dc_ae,down_blocks.3.0,1.00e-06,88,59.15856208795455,59.15176404636364,59.165360129545455,0.09638690948486328
MMD_dc_ae_l10_g1.00e-06,dc_ae,down_blocks.3.0,1.00e-06,89,59.43633789068181,59.343238913181814,59.52943686818182,0.03653895854949951
MMD_dc_ae_l10_g1.00e-06,dc_ae,down_blocks.3.0,1.00e-06,90,59.57651304136364,59.53394987363636,59.61907620909091,0.00780940055847168
MMD_dc_ae_l10_g1.00e-06,dc_ae,down_blocks.3.0,1.00e-06,91,59.72755915772727,59.64024705,59.81487126545455,0.031038284301757812
MMD_dc_ae_l10_g1.00e-06,dc_ae,down_blocks.3.0,1.00e-06,92,59.821970187727274,59.821444613636366,59.82249576181818,0.03941786289215088
MMD_dc_ae_l10_g1.00e-06,dc_ae,down_blocks.3.0,1.00e-06,93,60.40047505386364,60.13491826227273,60.66603184545455,0.11895453929901123
MMD_dc_ae_l10_g1.00e-06,dc_ae,down_blocks.3.0,1.00e-06,94,60.95223787159091,60.91525143409091,60.98922430909091,0.04407382011413574
MMD_dc_ae_l10_g1.00e-06,dc_ae,down_blocks.3.0,1.00e-06,95,61.20584357204545,61.15445065909091,61.257236485,0.09660911560058594
MMD_dc_ae_l10_g1.00e-06,dc_ae,down_blocks.3.0,1.00e-06,96,61.39982516295454,61.38288141818182,61.41676890772727,0.031079530715942383
MMD_dc_ae_l10_g1.00e-06,dc_ae,down_blocks.3.0,1.00e-06,97,61.504183716363634,61.450913154545454,61.557454278181815,0.015935897827148438
MMD_dc_ae_l10_g1.00e-06,dc_ae,down_blocks.3.0,1.00e-06,98,61.63614204454545,61.612018317727276,61.66026577136363,0.020433902740478516
MMD_dc_ae_l10_g1.00e-06,dc_ae,down_blocks.3.0,1.00e-06,99,61.79374868181819,61.784896459090916,61.80260090454545,0.03388690948486328
MMD_dc_ae_l10_g1.00e-06,dc_ae,down_blocks.3.0,1.00e-06,100,62.09325376181818,62.04634134636364,62.140166177272725,0.03943073749542236
MMD_dc_ae_l10_g1.00e-06,dc_ae,down_blocks.3.0,1.00e-06,101,62.39542943,62.30800517363637,62.48285368636363,0.12929844856262207
MMD_dc_ae_l10_g1.00e-06,dc_ae,down_blocks.3.0,1.00e-06,102,62.508076675,62.50087945,62.515273900000004,0.034873366355895996
MMD_dc_ae_l10_g1.00e-06,dc_ae,down_blocks.3.0,1.00e-06,103,62.594979955227274,62.56153540454545,62.62842450590909,0.01381540298461914
MMD_dc_ae_l10_g1.00e-06,dc_ae,down_blocks.3.0,1.00e-06,104,62.72680667931818,62.64787497272727,62.80573838590909,0.037714362144470215
MMD_dc_ae_l10_g1.00e-06,dc_ae,down_blocks.3.0,1.00e-06,105,62.93240722272727,62.831736559090906,63.033077886363635,0.055383920669555664
MMD_dc_ae_l10_g1.00e-06,dc_ae,down_blocks.3.0,1.00e-06,106,63.30071634545454,63.2958711590909,63.30556153181818,0.03749644756317139
MMD_dc_ae_l10_g1.00e-06,dc_ae,down_blocks.3.0,1.00e-06,107,63.483996286363634,63.451246159090914,63.51674641363636,0.09787106513977051
MMD_dc_ae_l10_g1.00e-06,dc_ae,down_blocks.3.0,1.00e-06,108,63.56579307022727,63.52993807136364,63.601648069090906,0.03333723545074463
MMD_dc_ae_l10_g1.00e-06,dc_ae,down_blocks.3.0,1.00e-06,109,63.64186040840909,63.632569839545454,63.65115097727273,0.18632173538208008
MMD_dc_ae_l10_g1.00e-06,dc_ae,down_blocks.3.0,1.00e-06,110,63.804872122727275,63.71100458181818,63.89873966363636,0.05559849739074707
MMD_dc_ae_l10_g1.00e-06,dc_ae,down_blocks.3.0,1.00e-06,111,63.942615578181815,63.92419218818182,63.96103896818182,0.03644418716430664
MMD_dc_ae_l10_g1.00e-06,dc_ae,down_blocks.3.0,1.00e-06,112,64.00932814772727,63.99746849090909,64.02118780454545,0.11105978488922119
MMD_dc_ae_l10_g1.00e-06,dc_ae,down_blocks.3.0,1.00e-06,113,64.06637004090909,64.02835174090909,64.1043883409091,0.019567489624023438
MMD_dc_ae_l10_g1.00e-06,dc_ae,down_blocks.3.0,1.00e-06,114,64.197639875,64.15682117727273,64.23845857272727,0.009651541709899902
MMD_dc_ae_l10_g1.00e-06,dc_ae,down_blocks.3.0,1.00e-06,115,64.29020846409091,64.25370258636363,64.32671434181817,0.0272902250289917
MMD_dc_ae_l10_g1.00e-06,dc_ae,down_blocks.3.0,1.00e-06,116,64.48653965909091,64.40631527727272,64.56676404090909,0.0430448055267334
MMD_dc_ae_l10_g1.00e-06,dc_ae,down_blocks.3.0,1.00e-06,117,64.76922604204546,64.70266141363636,64.83579067045456,0.029576420783996582
MMD_dc_ae_l10_g1.00e-06,dc_ae,down_blocks.3.0,1.00e-06,118,64.89852501704544,64.88276691590909,64.91428311818181,0.06836378574371338
MMD_dc_ae_l10_g1.00e-06,dc_ae,down_blocks.3.0,1.00e-06,119,65.05579888840909,64.99876317727272,65.11283459954545,0.05931735038757324
MMD_dc_ae_l10_g1.00e-06,dc_ae,down_blocks.3.0,1.00e-06,120,65.1427998815909,65.12859398045454,65.15700578272727,0.03479611873626709
MMD_dc_ae_l10_g1.00e-06,dc_ae,down_blocks.3.0,1.00e-06,121,65.38211495681819,65.26560826818182,65.49862164545455,0.04204535484313965
MMD_dc_ae_l10_g1.00e-06,dc_ae,down_blocks.3.0,1.00e-06,122,65.6644128984091,65.58085287863636,65.74797291818182,0.017339587211608887
MMD_dc_ae_l10_g1.00e-06,dc_ae,down_blocks.3.0,1.00e-06,123,65.78481615227273,65.77319434545456,65.79643795909091,0.04413306713104248
MMD_dc_ae_l10_g1.00e-06,dc_ae,down_blocks.3.0,1.00e-06,124,65.98128235454546,65.90152255454545,66.06104215454546,0.02567744255065918
MMD_dc_ae_l10_g1.00e-06,dc_ae,down_blocks.3.0,1.00e-06,125,66.380175075,66.34667021363636,66.41367993636364,0.07215452194213867
MMD_dc_ae_l10_g1.00e-06,dc_ae,down_blocks.3.0,1.00e-06,126,66.53513308522727,66.49486482500001,66.57540134545455,0.06876564025878906
MMD_dc_ae_l10_g1.00e-06,dc_ae,down_blocks.3.0,1.00e-06,127,66.67200952022728,66.64770191772728,66.69631712272727,0.022274374961853027
MMD_dc_ae_l10_g1.00e-06,dc_ae,down_blocks.3.0,1.00e-06,128,66.77277958181818,66.69915260454546,66.84640655909091,0.023368358612060547
MMD_dc_ae_l10_g1.00e-06,dc_ae,down_blocks.3.0,1.00e-06,129,67.04070426136363,66.92138232272727,67.1600262,0.02864551544189453
MMD_dc_ae_l10_g1.00e-06,dc_ae,down_blocks.3.0,1.00e-06,130,67.28861000386364,67.24224864545455,67.33497136227273,0.12597018480300903
MMD_dc_ae_l10_g1.00e-06,dc_ae,down_blocks.3.0,1.00e-06,131,67.57832059454546,67.50431248636363,67.65232870272727,0.059650301933288574
MMD_dc_ae_l10_g1.00e-06,dc_ae,down_blocks.3.0,1.00e-06,132,67.81369166136363,67.78208407272727,67.84529925,0.05774855613708496
MMD_dc_ae_l10_g1.00e-06,dc_ae,down_blocks.3.0,1.00e-06,133,67.93897957499999,67.89158320909091,67.98637594090908,0.012524127960205078
MMD_dc_ae_l10_g1.00e-06,dc_ae,down_blocks.3.0,1.00e-06,134,68.10606402954545,68.0851692090909,68.12695885,0.01952517032623291
MMD_dc_ae_l10_g1.00e-06,dc_ae,down_blocks.3.0,1.00e-06,135,68.23297037272727,68.2302839,68.23565684545454,0.011070728302001953
MMD_dc_ae_l10_g1.00e-06,dc_ae,down_blocks.3.0,1.00e-06,136,68.26855261863636,68.26595938409092,68.27114585318182,0.06514120101928711
MMD_dc_ae_l10_g1.00e-06,dc_ae,down_blocks.3.0,1.00e-06,137,68.35431695,68.32032611363637,68.38830778636363,0.03651142120361328
MMD_dc_ae_l10_g1.00e-06,dc_ae,down_blocks.3.0,1.00e-06,138,68.43904966136364,68.41746199090909,68.46063733181818,0.013190150260925293
MMD_dc_ae_l10_g1.00e-06,dc_ae,down_blocks.3.0,1.00e-06,139,68.46939314545455,68.46664887727273,68.47213741363636,0.017905473709106445
MMD_dc_ae_l10_g1.00e-06,dc_ae,down_blocks.3.0,1.00e-06,140,68.98970947477272,68.93374281227273,69.04567613727274,0.037742018699645996
MMD_dc_ae_l10_g1.00e-06,dc_ae,down_blocks.3.0,1.00e-06,141,69.07596895681817,69.05974111818182,69.09219679545454,0.05351293087005615
MMD_dc_ae_l10_g1.00e-06,dc_ae,down_blocks.3.0,1.00e-06,142,69.09902052045456,69.09712682727273,69.10091421363637,0.03011035919189453
MMD_dc_ae_l10_g1.00e-06,dc_ae,down_blocks.3.0,1.00e-06,143,69.11422755681818,69.10780212727273,69.12065298636364,0.09701120853424072
MMD_dc_ae_l10_g1.00e-06,dc_ae,down_blocks.3.0,1.00e-06,144,69.20713757499999,69.18059698636364,69.23367816363636,0.11909520626068115
MMD_dc_ae_l10_g1.00e-06,dc_ae,down_blocks.3.0,1.00e-06,145,69.31117297909091,69.2644266,69.35791935818182,0.026981115341186523
MMD_dc_ae_l10_g1.00e-06,dc_ae,down_blocks.3.0,1.00e-06,146,69.711816475,69.61843814545455,69.80519480454545,0.006350278854370117
MMD_dc_ae_l10_g1.00e-06,dc_ae,down_blocks.3.0,1.00e-06,147,69.87131680454546,69.8553488,69.88728480909091,0.0007679462432861328
MMD_dc_ae_l10_g1.00e-06,dc_ae,down_blocks.3.0,1.00e-06,148,70.01484913522728,69.97248817863637,70.05721009181819,0.0401841402053833
MMD_dc_ae_l10_g1.00e-06,dc_ae,down_blocks.3.0,1.00e-06,149,70.15358302272728,70.14929492727272,70.15787111818182,0.095223069190979
MMD_dc_ae_l10_g1.00e-06,dc_ae,down_blocks.3.0,1.00e-06,150,70.18329474545455,70.16147875909091,70.20511073181818,0.04409003257751465
MMD_dc_ae_l10_g1.00e-06,dc_ae,down_blocks.3.0,1.00e-06,151,70.35018690227272,70.32331571818182,70.37705808636363,0.047298550605773926
MMD_dc_ae_l10_g1.00e-06,dc_ae,down_blocks.3.0,1.00e-06,152,70.45040821409091,70.399005675,70.50181075318181,0.0226900577545166
MMD_dc_ae_l10_g1.00e-06,dc_ae,down_blocks.3.0,1.00e-06,153,70.6769625340909,70.6102672090909,70.7436578590909,0.08813273906707764
MMD_dc_ae_l10_g1.00e-06,dc_ae,down_blocks.3.0,1.00e-06,154,70.83329053636363,70.83137117272727,70.8352099,0.03231537342071533
MMD_dc_ae_l10_g1.00e-06,dc_ae,down_blocks.3.0,1.00e-06,155,70.85428704318181,70.84563281363636,70.86294127272727,0.05864298343658447
MMD_dc_ae_l10_g1.00e-06,dc_ae,down_blocks.3.0,1.00e-06,156,70.91317588613636,70.88488886772727,70.94146290454545,0.06665301322937012
MMD_dc_ae_l10_g1.00e-06,dc_ae,down_blocks.3.0,1.00e-06,157,71.04800647272728,71.03486937272727,71.06114357272727,0.04887545108795166
MMD_dc_ae_l10_g1.00e-06,dc_ae,down_blocks.3.0,1.00e-06,158,71.17275272272727,71.16676672727273,71.17873871818182,0.0696190595626831
MMD_dc_ae_l10_g1.00e-06,dc_ae,down_blocks.3.0,1.00e-06,159,71.23105279704546,71.2066498259091,71.25545576818182,0.025038599967956543
MMD_dc_ae_l10_g1.00e-06,dc_ae,down_blocks.3.0,1.00e-06,160,71.34023223636365,71.3174982909091,71.36296618181818,0.026471495628356934
MMD_dc_ae_l10_g1.00e-06,dc_ae,down_blocks.3.0,1.00e-06,161,71.59614402954546,71.46931471818182,71.72297334090909,0.0698162317276001
MMD_dc_ae_l10_g1.00e-06,dc_ae,down_blocks.3.0,1.00e-06,162,71.953188675,71.90808025909091,71.99829709090909,0.010802745819091797
MMD_dc_ae_l10_g1.00e-06,dc_ae,down_blocks.3.0,1.00e-06,163,72.12556611863636,72.09644175681818,72.15469048045455,0.11474406719207764
MMD_dc_ae_l10_g1.00e-06,dc_ae,down_blocks.3.0,1.00e-06,164,72.20636263409091,72.16259906363636,72.25012620454545,0.024904608726501465
MMD_dc_ae_l10_g1.00e-06,dc_ae,down_blocks.3.0,1.00e-06,165,72.341453075,72.32991709090909,72.3529890590909,0.03889322280883789
MMD_dc_ae_l10_g1.00e-06,dc_ae,down_blocks.3.0,1.00e-06,166,72.4059290209091,72.35690482818183,72.45495321363636,0.04875016212463379
MMD_dc_ae_l10_g1.00e-06,dc_ae,down_blocks.3.0,1.00e-06,167,72.62915620454547,72.62635492727273,72.63195748181819,0.07399940490722656
MMD_dc_ae_l10_g1.00e-06,dc_ae,down_blocks.3.0,1.00e-06,168,72.868061955,72.83995069636363,72.89617321363636,0.047368645668029785
MMD_dc_ae_l10_g1.00e-06,dc_ae,down_blocks.3.0,1.00e-06,169,73.07651165045455,73.03390340545455,73.11911989545455,0.04841017723083496
MMD_dc_ae_l10_g1.00e-06,dc_ae,down_blocks.3.0,1.00e-06,170,73.23652217727272,73.13833258181818,73.33471177272727,0.015177607536315918
MMD_dc_ae_l10_g1.00e-06,dc_ae,down_blocks.3.0,1.00e-06,171,73.3691810784091,73.33981687045456,73.39854528636364,0.02176487445831299
MMD_dc_ae_l10_g1.00e-06,dc_ae,down_blocks.3.0,1.00e-06,172,73.426412225,73.41015931818183,73.44266513181819,0.018879055976867676
MMD_dc_ae_l10_g1.00e-06,dc_ae,down_blocks.3.0,1.00e-06,173,73.45744235795453,73.44619574090909,73.46868897499999,0.05259096622467041
MMD_dc_ae_l10_g1.00e-06,dc_ae,down_blocks.3.0,1.00e-06,174,73.52042231590909,73.50964273636363,73.53120189545454,0.04253220558166504
MMD_dc_ae_l10_g1.00e-06,dc_ae,down_blocks.3.0,1.00e-06,175,73.70395308409091,73.63946159545455,73.76844457272728,0.02806675434112549
MMD_dc_ae_l10_g1.00e-06,dc_ae,down_blocks.3.0,1.00e-06,176,73.85347222136363,73.80118299272728,73.90576145,0.08392274379730225
MMD_dc_ae_l10_g1.00e-06,dc_ae,down_blocks.3.0,1.00e-06,177,73.98737165409091,73.96756481363637,74.00717849454546,0.03225064277648926
MMD_dc_ae_l10_g1.00e-06,dc_ae,down_blocks.3.0,1.00e-06,178,74.03115760909091,74.01135728181818,74.05095793636363,0.10689365863800049
MMD_dc_ae_l10_g1.00e-06,dc_ae,down_blocks.3.0,1.00e-06,179,74.12857689772727,74.05302495909092,74.20412883636364,0.05384635925292969
MMD_dc_ae_l10_g1.00e-06,dc_ae,down_blocks.3.0,1.00e-06,180,74.35693384772728,74.32802774090909,74.38583995454546,0.04999995231628418
MMD_dc_ae_l10_g1.00e-06,dc_ae,down_blocks.3.0,1.00e-06,181,74.49502861590909,74.46433656818182,74.52572066363636,0.056049227714538574
MMD_dc_ae_l10_g1.00e-06,dc_ae,down_blocks.3.0,1.00e-06,182,74.88092521136363,74.86437946363637,74.89747095909091,0.08786547183990479
MMD_dc_ae_l10_g1.00e-06,dc_ae,down_blocks.3.0,1.00e-06,183,74.96431832045454,74.9084351090909,75.02020153181819,0.0029691457748413086
MMD_dc_ae_l10_g1.00e-06,dc_ae,down_blocks.3.0,1.00e-06,184,75.04762157954545,75.04613550454546,75.04910765454545,0.024985074996948242
MMD_dc_ae_l10_g1.00e-06,dc_ae,down_blocks.3.0,1.00e-06,185,75.09576952954546,75.04911406363637,75.14242499545455,0.010507702827453613
MMD_dc_ae_l10_g1.00e-06,dc_ae,down_blocks.3.0,1.00e-06,186,75.18233699545453,75.14524949545454,75.21942449545455,0.047110795974731445
MMD_dc_ae_l10_g1.00e-06,dc_ae,down_blocks.3.0,1.00e-06,187,75.27024816863636,75.2494860690909,75.29101026818182,0.06922948360443115
MMD_dc_ae_l10_g1.00e-06,dc_ae,down_blocks.3.0,1.00e-06,188,75.32758327272727,75.30463428181818,75.35053226363635,0.06365752220153809
MMD_dc_ae_l10_g1.00e-06,dc_ae,down_blocks.3.0,1.00e-06,189,75.41747211250001,75.358434425,75.4765098,0.0650179386138916
MMD_dc_ae_l10_g1.00e-06,dc_ae,down_blocks.3.0,1.00e-06,190,75.51253231590908,75.48288537727272,75.54217925454545,0.03184866905212402
MMD_dc_ae_l10_g1.00e-06,dc_ae,down_blocks.3.0,1.00e-06,191,75.6663297,75.65154605454546,75.68111334545455,0.14232230186462402
MMD_dc_ae_l10_g1.00e-06,dc_ae,down_blocks.3.0,1.00e-06,192,75.77599059545454,75.77031593636364,75.78166525454546,0.016385436058044434
MMD_dc_ae_l10_g1.00e-06,dc_ae,down_blocks.3.0,1.00e-06,193,75.81841251795454,75.79512009954546,75.84170493636363,0.03412282466888428
MMD_dc_ae_l10_g1.00e-06,dc_ae,down_blocks.3.0,1.00e-06,194,75.93210186136363,75.84312428636363,76.02107943636364,0.05845832824707031
MMD_dc_ae_l10_g1.00e-06,dc_ae,down_blocks.3.0,1.00e-06,195,76.11776692272727,76.07231828181818,76.16321556363636,0.03525841236114502
MMD_dc_ae_l10_g1.00e-06,dc_ae,down_blocks.3.0,1.00e-06,196,76.23163166,76.19598609272727,76.26727722727273,0.03925979137420654
MMD_dc_ae_l10_g1.00e-06,dc_ae,down_blocks.3.0,1.00e-06,197,76.28963145,76.28929185454545,76.28997104545455,0.02633190155029297
MMD_dc_ae_l10_g1.00e-06,dc_ae,down_blocks.3.0,1.00e-06,198,76.33895351590908,76.32376224090909,76.35414479090909,0.017856478691101074
MMD_dc_ae_l10_g1.00e-06,dc_ae,down_blocks.3.0,1.00e-06,199,76.42131312727273,76.39021483181818,76.45241142272727,-0.0054852962493896484
MMD_dc_ae_l10_g1.00e-06,dc_ae,down_blocks.3.0,1.00e-06,200,76.53077822886364,76.51437691681818,76.5471795409091,0.021148681640625
MMD_dc_ae_l10_g1.00e-06,dc_ae,down_blocks.3.0,1.00e-06,201,76.61798762954547,76.59774437272728,76.63823088636364,0.07650470733642578
MMD_dc_ae_l10_g1.00e-06,dc_ae,down_blocks.3.0,1.00e-06,202,76.65972911636364,76.64452179545455,76.67493643727272,0.01587522029876709
MMD_dc_ae_l10_g1.00e-06,dc_ae,down_blocks.3.0,1.00e-06,203,76.74399205681817,76.67586082272727,76.81212329090908,0.05574655532836914
MMD_dc_ae_l10_g1.00e-06,dc_ae,down_blocks.3.0,1.00e-06,204,76.9110158,76.90558185454546,76.91644974545454,0.04284846782684326
MMD_dc_ae_l10_g1.00e-06,dc_ae,down_blocks.3.0,1.00e-06,205,77.04938380386363,76.98329391227273,77.11547369545454,0.03999340534210205
MMD_dc_ae_l10_g1.00e-06,dc_ae,down_blocks.3.0,1.00e-06,206,77.15743344090909,77.14402031818182,77.17084656363636,0.045531392097473145
MMD_dc_ae_l10_g1.00e-06,dc_ae,down_blocks.3.0,1.00e-06,207,77.30214769545455,77.25877326818183,77.34552212272727,0.021046996116638184
MMD_dc_ae_l10_g1.00e-06,dc_ae,down_blocks.3.0,1.00e-06,208,77.5903121975,77.52582683636363,77.65479755863636,0.0036346912384033203
MMD_dc_ae_l10_g1.00e-06,dc_ae,down_blocks.3.0,1.00e-06,209,77.71230485227272,77.69959142727272,77.72501827727272,0.04578351974487305
MMD_dc_ae_l10_g1.00e-06,dc_ae,down_blocks.3.0,1.00e-06,210,77.90452434545455,77.83570625,77.9733424409091,0.0823211669921875
MMD_dc_ae_l10_g1.00e-06,dc_ae,down_blocks.3.0,1.00e-06,211,78.13042912045455,78.0566007590909,78.20425748181819,0.039284706115722656
MMD_dc_ae_l10_g1.00e-06,dc_ae,down_blocks.3.0,1.00e-06,212,78.24727043863636,78.23482706363636,78.25971381363637,-0.0048950910568237305
MMD_dc_ae_l10_g1.00e-06,dc_ae,down_blocks.3.0,1.00e-06,213,78.38345864545454,78.3483194,78.4185978909091,0.010905623435974121
MMD_dc_ae_l10_g1.00e-06,dc_ae,down_blocks.3.0,1.00e-06,214,78.54078605227272,78.53980069090909,78.54177141363635,0.03045499324798584
MMD_dc_ae_l10_g1.00e-06,dc_ae,down_blocks.3.0,1.00e-06,215,78.58008820545454,78.57485005,78.5853263609091,0.015262007713317871
MMD_dc_ae_l10_g1.00e-06,dc_ae,down_blocks.3.0,1.00e-06,216,78.62433498636364,78.61859467727272,78.63007529545455,-0.005669713020324707
MMD_dc_ae_l10_g1.00e-06,dc_ae,down_blocks.3.0,1.00e-06,217,79.04517957499999,78.86957993181818,79.22077921818182,0.0428156852722168
MMD_dc_ae_l10_g1.00e-06,dc_ae,down_blocks.3.0,1.00e-06,218,79.26989939772727,79.25695136818182,79.28284742727273,0.06315314769744873
MMD_dc_ae_l10_g1.00e-06,dc_ae,down_blocks.3.0,1.00e-06,219,79.41755696590909,79.36729972727272,79.46781420454546,0.04917585849761963
MMD_dc_ae_l10_g1.00e-06,dc_ae,down_blocks.3.0,1.00e-06,220,79.5698799834091,79.51125251363636,79.62850745318183,0.06530821323394775
MMD_dc_ae_l10_g1.00e-06,dc_ae,down_blocks.3.0,1.00e-06,221,79.70322166818181,79.6499864090909,79.75645692727272,0.011287569999694824
MMD_dc_ae_l10_g1.00e-06,dc_ae,down_blocks.3.0,1.00e-06,222,79.93145022954545,79.91532173636364,79.94757872272727,0.06308519840240479
MMD_dc_ae_l10_g1.00e-06,dc_ae,down_blocks.3.0,1.00e-06,223,80.08039142727273,80.02392345454545,80.13685939999999,-0.0018093585968017578
MMD_dc_ae_l10_g1.00e-06,dc_ae,down_blocks.3.0,1.00e-06,224,80.3456105840909,80.28660759545454,80.40461357272727,0.08694493770599365
MMD_dc_ae_l10_g1.00e-06,dc_ae,down_blocks.3.0,1.00e-06,225,80.50383668863637,80.43965011363636,80.56802326363636,0.061576008796691895
MMD_dc_ae_l10_g1.00e-06,dc_ae,down_blocks.3.0,1.00e-06,226,80.76717882045455,80.69563893636364,80.83871870454546,0.06191277503967285
MMD_dc_ae_l10_g1.00e-06,dc_ae,down_blocks.3.0,1.00e-06,227,80.93666893636365,80.88731798181819,80.98601989090909,0.024233698844909668
MMD_dc_ae_l10_g1.00e-06,dc_ae,down_blocks.3.0,1.00e-06,228,81.24550969772727,81.02786977272727,81.46314962272727,0.016937732696533203
MMD_dc_ae_l10_g1.00e-06,dc_ae,down_blocks.3.0,1.00e-06,229,81.51551185,81.49191450454545,81.53910919545454,0.05128777027130127
MMD_dc_ae_l10_g1.00e-06,dc_ae,down_blocks.3.0,1.00e-06,230,81.66181410454547,81.65584415909092,81.66778405000001,0.03524458408355713
MMD_dc_ae_l10_g1.00e-06,dc_ae,down_blocks.3.0,1.00e-06,231,82.09491658409091,82.0783984909091,82.11143467727273,0.07800555229187012
MMD_dc_ae_l10_g1.00e-06,dc_ae,down_blocks.3.0,1.00e-06,232,82.51240656590909,82.15394328181819,82.87086985,0.0207061767578125
MMD_dc_ae_l10_g1.00e-06,dc_ae,down_blocks.3.0,1.00e-06,233,83.15926654545454,83.04785639090909,83.2706767,0.07515335083007812
MMD_dc_ae_l10_g1.00e-06,dc_ae,down_blocks.3.0,1.00e-06,234,83.30087949545455,83.28013232272727,83.32162666818182,0.025124192237854004
MMD_dc_ae_l10_g1.00e-06,dc_ae,down_blocks.3.0,1.00e-06,235,83.40563283409091,83.35334443181819,83.45792123636365,0.016469717025756836
MMD_dc_ae_l10_g1.00e-06,dc_ae,down_blocks.3.0,1.00e-06,236,84.40519799318182,84.18152392727274,84.62887205909091,0.005729317665100098
MMD_dc_ae_l10_g1.00e-06,dc_ae,down_blocks.3.0,1.00e-06,237,85.11644672954546,85.11071750454545,85.12217595454545,0.015819668769836426
MMD_dc_ae_l10_g1.00e-06,dc_ae,down_blocks.3.0,1.00e-06,238,85.67873419522728,85.54109655454546,85.8163718359091,0.07554686069488525
MMD_dc_ae_l10_g1.00e-06,dc_ae,down_blocks.3.0,1.00e-06,239,86.04259813636364,86.0069106,86.07828567272726,0.052811503410339355
MMD_dc_ae_l10_g1.00e-06,dc_ae,down_blocks.3.0,1.00e-06,240,87.13953110454545,86.46879091363637,87.81027129545454,0.018725156784057617
MMD_dc_ae_l10_g1.00e-05,dc_ae,down_blocks.3.0,1.00e-05,1,10.810482123636362,10.383351573636363,11.237612673636363,0.06572508066892624
MMD_dc_ae_l10_g1.00e-05,dc_ae,down_blocks.3.0,1.00e-05,2,13.363017030454547,12.873956289545454,13.852077771363637,0.038761138916015625
MMD_dc_ae_l10_g1.00e-05,dc_ae,down_blocks.3.0,1.00e-05,3,15.27335880590909,14.772021149545454,15.774696462272727,0.047454528510570526
MMD_dc_ae_l10_g1.00e-05,dc_ae,down_blocks.3.0,1.00e-05,4,16.414950566818185,16.11136225,16.718538883636366,0.038098327815532684
MMD_dc_ae_l10_g1.00e-05,dc_ae,down_blocks.3.0,1.00e-05,5,16.905719235454548,16.83383592,16.977602550909094,0.11221475899219513
MMD_dc_ae_l10_g1.00e-05,dc_ae,down_blocks.3.0,1.00e-05,6,17.31410864272727,17.128398308636363,17.49981897681818,0.09906005859375
MMD_dc_ae_l10_g1.00e-05,dc_ae,down_blocks.3.0,1.00e-05,7,18.12177835068182,18.01987185318182,18.22368484818182,0.05231373757123947
MMD_dc_ae_l10_g1.00e-05,dc_ae,down_blocks.3.0,1.00e-05,8,18.68467708613636,18.40435578590909,18.964998386363636,0.07450148463249207
MMD_dc_ae_l10_g1.00e-05,dc_ae,down_blocks.3.0,1.00e-05,9,20.494847745454546,19.531784013636365,21.457911477272727,0.03331784904003143
MMD_dc_ae_l10_g1.00e-05,dc_ae,down_blocks.3.0,1.00e-05,10,22.186448304318183,22.164942098181818,22.207954510454545,0.024317249655723572
MMD_dc_ae_l10_g1.00e-05,dc_ae,down_blocks.3.0,1.00e-05,11,22.556182346136364,22.336504287727273,22.775860404545455,0.04964089393615723
MMD_dc_ae_l10_g1.00e-05,dc_ae,down_blocks.3.0,1.00e-05,12,23.05503894931818,23.03693973772727,23.073138160909092,0.049749672412872314
MMD_dc_ae_l10_g1.00e-05,dc_ae,down_blocks.3.0,1.00e-05,13,23.983741463181822,23.859046570909094,24.108436355454547,0.033101342618465424
MMD_dc_ae_l10_g1.00e-05,dc_ae,down_blocks.3.0,1.00e-05,14,24.42152434318182,24.136628927727273,24.706419758636365,0.0377044677734375
MMD_dc_ae_l10_g1.00e-05,dc_ae,down_blocks.3.0,1.00e-05,15,25.216616497954547,25.160939161363636,25.272293834545454,0.04910421371459961
MMD_dc_ae_l10_g1.00e-05,dc_ae,down_blocks.3.0,1.00e-05,16,25.91158886977273,25.739496508636364,26.08368123090909,0.10997670143842697
MMD_dc_ae_l10_g1.00e-05,dc_ae,down_blocks.3.0,1.00e-05,17,26.280579614772726,26.26193154681818,26.29922768272727,0.04618069529533386
MMD_dc_ae_l10_g1.00e-05,dc_ae,down_blocks.3.0,1.00e-05,18,26.72500679659091,26.647243233181822,26.80277036,0.024035051465034485
MMD_dc_ae_l10_g1.00e-05,dc_ae,down_blocks.3.0,1.00e-05,19,27.71722202681818,27.710613355454544,27.723830698181818,0.10523878037929535
MMD_dc_ae_l10_g1.00e-05,dc_ae,down_blocks.3.0,1.00e-05,20,27.975271444090907,27.94224735681818,28.008295531363636,0.013918370008468628
MMD_dc_ae_l10_g1.00e-05,dc_ae,down_blocks.3.0,1.00e-05,21,28.51916109681818,28.427649107272728,28.610673086363636,0.1408894658088684
MMD_dc_ae_l10_g1.00e-05,dc_ae,down_blocks.3.0,1.00e-05,22,28.868573707954546,28.864666542727274,28.872480873181818,0.07055974006652832
MMD_dc_ae_l10_g1.00e-05,dc_ae,down_blocks.3.0,1.00e-05,23,30.406674175227273,29.867093540909092,30.946254809545454,0.022024109959602356
MMD_dc_ae_l10_g1.00e-05,dc_ae,down_blocks.3.0,1.00e-05,24,31.433125444318183,31.113843444545456,31.75240744409091,0.09604085981845856
MMD_dc_ae_l10_g1.00e-05,dc_ae,down_blocks.3.0,1.00e-05,25,32.032868589772725,31.962474827272725,32.10326235227273,0.10739146173000336
MMD_dc_ae_l10_g1.00e-05,dc_ae,down_blocks.3.0,1.00e-05,26,32.93285143340909,32.57260997909091,33.29309288772727,0.08703751862049103
MMD_dc_ae_l10_g1.00e-05,dc_ae,down_blocks.3.0,1.00e-05,27,33.789990362272725,33.63066458409091,33.94931614045454,0.06084702908992767
MMD_dc_ae_l10_g1.00e-05,dc_ae,down_blocks.3.0,1.00e-05,28,34.63530097772727,34.254768114545456,35.01583384090909,0.029871046543121338
MMD_dc_ae_l10_g1.00e-05,dc_ae,down_blocks.3.0,1.00e-05,29,36.06108401,35.61844186090909,36.50372615909091,0.07172371447086334
MMD_dc_ae_l10_g1.00e-05,dc_ae,down_blocks.3.0,1.00e-05,30,36.965541977954544,36.74721518909091,37.183868766818186,0.06310981512069702
MMD_dc_ae_l10_g1.00e-05,dc_ae,down_blocks.3.0,1.00e-05,31,37.74808161840909,37.586910895,37.90925234181818,0.16533860564231873
MMD_dc_ae_l10_g1.00e-05,dc_ae,down_blocks.3.0,1.00e-05,32,39.16038785159091,39.159607152727276,39.16116855045455,0.06622505933046341
MMD_dc_ae_l10_g1.00e-05,dc_ae,down_blocks.3.0,1.00e-05,33,39.614707512045456,39.50363207727273,39.72578294681818,0.06830404698848724
MMD_dc_ae_l10_g1.00e-05,dc_ae,down_blocks.3.0,1.00e-05,34,40.30910911386364,40.10658689318182,40.511631334545456,0.10019424557685852
MMD_dc_ae_l10_g1.00e-05,dc_ae,down_blocks.3.0,1.00e-05,35,41.33801180045454,41.22542756590909,41.450596035,0.1023155003786087
MMD_dc_ae_l10_g1.00e-05,dc_ae,down_blocks.3.0,1.00e-05,36,41.67410449772727,41.606778884545456,41.74143011090909,0.04397955536842346
MMD_dc_ae_l10_g1.00e-05,dc_ae,down_blocks.3.0,1.00e-05,37,42.3132160775,42.27668356454546,42.349748590454546,0.04366292059421539
MMD_dc_ae_l10_g1.00e-05,dc_ae,down_blocks.3.0,1.00e-05,38,42.96702508590909,42.93479045136364,42.999259720454546,0.04694336652755737
MMD_dc_ae_l10_g1.00e-05,dc_ae,down_blocks.3.0,1.00e-05,39,43.49911773840908,43.14833512181818,43.849900354999995,0.051957979798316956
MMD_dc_ae_l10_g1.00e-05,dc_ae,down_blocks.3.0,1.00e-05,40,44.46355809863637,44.24228326,44.68483293727273,0.018949195742607117
MMD_dc_ae_l10_g1.00e-05,dc_ae,down_blocks.3.0,1.00e-05,41,45.02958462840909,45.014271393181815,45.044897863636365,0.03604508191347122
MMD_dc_ae_l10_g1.00e-05,dc_ae,down_blocks.3.0,1.00e-05,42,45.29330946295454,45.242849799999995,45.34376912590909,0.00847432017326355
MMD_dc_ae_l10_g1.00e-05,dc_ae,down_blocks.3.0,1.00e-05,43,45.6633877325,45.44974382363636,45.87703164136364,0.007733076810836792
MMD_dc_ae_l10_g1.00e-05,dc_ae,down_blocks.3.0,1.00e-05,44,46.19913604068182,46.05975058136364,46.3385215,0.1088852509856224
MMD_dc_ae_l10_g1.00e-05,dc_ae,down_blocks.3.0,1.00e-05,45,46.506415069545454,46.461104443636366,46.55172569545454,0.03083348274230957
MMD_dc_ae_l10_g1.00e-05,dc_ae,down_blocks.3.0,1.00e-05,46,46.7814371125,46.63784059272727,46.92503363227272,0.092495858669281
MMD_dc_ae_l10_g1.00e-05,dc_ae,down_blocks.3.0,1.00e-05,47,47.02157502772727,46.98420985,47.05894020545455,0.03483495116233826
MMD_dc_ae_l10_g1.00e-05,dc_ae,down_blocks.3.0,1.00e-05,48,47.320069640227274,47.18393024863636,47.45620903181818,0.03005683422088623
MMD_dc_ae_l10_g1.00e-05,dc_ae,down_blocks.3.0,1.00e-05,49,47.63274792386363,47.57944400681818,47.68605184090909,0.11567394435405731
MMD_dc_ae_l10_g1.00e-05,dc_ae,down_blocks.3.0,1.00e-05,50,47.92564833181818,47.85413733318182,47.997159330454544,0.060210928320884705
MMD_dc_ae_l10_g1.00e-05,dc_ae,down_blocks.3.0,1.00e-05,51,48.86026302159091,48.745656067727275,48.974869975454546,0.024404063820838928
MMD_dc_ae_l10_g1.00e-05,dc_ae,down_blocks.3.0,1.00e-05,52,49.38568588545454,49.269933079999994,49.50143869090909,0.06056293845176697
MMD_dc_ae_l10_g1.00e-05,dc_ae,down_blocks.3.0,1.00e-05,53,50.13577139295455,50.02686477227273,50.24467801363637,0.13812687993049622
MMD_dc_ae_l10_g1.00e-05,dc_ae,down_blocks.3.0,1.00e-05,54,50.27686834954545,50.26601576545454,50.287720933636365,0.043789342045784
MMD_dc_ae_l10_g1.00e-05,dc_ae,down_blocks.3.0,1.00e-05,55,50.41855757477272,50.397065763181814,50.44004938636363,0.07711079716682434
MMD_dc_ae_l10_g1.00e-05,dc_ae,down_blocks.3.0,1.00e-05,56,50.63730162727273,50.53053583909091,50.744067415454545,0.039055243134498596
MMD_dc_ae_l10_g1.00e-05,dc_ae,down_blocks.3.0,1.00e-05,57,50.914955580454546,50.877768575909094,50.952142585000004,0.05269792675971985
MMD_dc_ae_l10_g1.00e-05,dc_ae,down_blocks.3.0,1.00e-05,58,51.36304193090909,51.255980857727266,51.47010300409091,0.07539878785610199
MMD_dc_ae_l10_g1.00e-05,dc_ae,down_blocks.3.0,1.00e-05,59,51.4886901025,51.48649149727273,51.49088870772727,0.0419597327709198
MMD_dc_ae_l10_g1.00e-05,dc_ae,down_blocks.3.0,1.00e-05,60,51.729285431363635,51.669473619090915,51.78909724363636,0.04023323208093643
MMD_dc_ae_l10_g1.00e-05,dc_ae,down_blocks.3.0,1.00e-05,61,51.86503114863636,51.85205774272727,51.87800455454545,0.022369936108589172
MMD_dc_ae_l10_g1.00e-05,dc_ae,down_blocks.3.0,1.00e-05,62,51.962966427272725,51.92553946363636,52.00039339090909,0.06638315320014954
MMD_dc_ae_l10_g1.00e-05,dc_ae,down_blocks.3.0,1.00e-05,63,52.2140292,52.126720309090906,52.30133809090909,0.06626676023006439
MMD_dc_ae_l10_g1.00e-05,dc_ae,down_blocks.3.0,1.00e-05,64,52.88865584113637,52.82782977227273,52.94948191,0.031931281089782715
MMD_dc_ae_l10_g1.00e-05,dc_ae,down_blocks.3.0,1.00e-05,65,53.00029708795454,52.977303153181815,53.02329102272727,0.07733955979347229
MMD_dc_ae_l10_g1.00e-05,dc_ae,down_blocks.3.0,1.00e-05,66,53.13382443863637,53.11169118954546,53.15595768772727,0.05974845588207245
MMD_dc_ae_l10_g1.00e-05,dc_ae,down_blocks.3.0,1.00e-05,67,53.46701290090908,53.19575964181818,53.738266159999995,0.021591104567050934
MMD_dc_ae_l10_g1.00e-05,dc_ae,down_blocks.3.0,1.00e-05,68,54.39349470159091,54.35688324090909,54.43010616227273,0.08996568620204926
MMD_dc_ae_l10_g1.00e-05,dc_ae,down_blocks.3.0,1.00e-05,69,54.57660740431818,54.51598353272727,54.63723127590909,0.0731993019580841
MMD_dc_ae_l10_g1.00e-05,dc_ae,down_blocks.3.0,1.00e-05,70,54.70462107522727,54.68535675181818,54.72388539863636,0.042885005474090576
MMD_dc_ae_l10_g1.00e-05,dc_ae,down_blocks.3.0,1.00e-05,71,55.25811377272728,55.23867115454546,55.2775563909091,0.023659855127334595
MMD_dc_ae_l10_g1.00e-05,dc_ae,down_blocks.3.0,1.00e-05,72,55.751711513636366,55.699695931818184,55.80372709545455,0.048467546701431274
MMD_dc_ae_l10_g1.00e-05,dc_ae,down_blocks.3.0,1.00e-05,73,56.03063692863636,55.82518654818182,56.236087309090905,0.0725780576467514
MMD_dc_ae_l10_g1.00e-05,dc_ae,down_blocks.3.0,1.00e-05,74,56.343688662272726,56.34353036818182,56.343846956363635,0.08430413901805878
MMD_dc_ae_l10_g1.00e-05,dc_ae,down_blocks.3.0,1.00e-05,75,56.42361637045454,56.418747340909086,56.4284854,0.010507434606552124
MMD_dc_ae_l10_g1.00e-05,dc_ae,down_blocks.3.0,1.00e-05,76,56.583800352272725,56.43083487727272,56.73676582727273,0.0681249126791954
MMD_dc_ae_l10_g1.00e-05,dc_ae,down_blocks.3.0,1.00e-05,77,56.82032182704545,56.80215198181818,56.838491672272724,0.014396734535694122
MMD_dc_ae_l10_g1.00e-05,dc_ae,down_blocks.3.0,1.00e-05,78,56.88140215909091,56.87784920000001,56.88495511818182,0.04404459893703461
MMD_dc_ae_l10_g1.00e-05,dc_ae,down_blocks.3.0,1.00e-05,79,56.954357993181816,56.89427865,57.014437336363635,0.10096533596515656
MMD_dc_ae_l10_g1.00e-05,dc_ae,down_blocks.3.0,1.00e-05,80,57.03816157659091,57.01605029863636,57.06027285454545,0.04313027113676071
MMD_dc_ae_l10_g1.00e-05,dc_ae,down_blocks.3.0,1.00e-05,81,57.12540627659091,57.08577673045454,57.165035822727276,0.0674310028553009
MMD_dc_ae_l10_g1.00e-05,dc_ae,down_blocks.3.0,1.00e-05,82,57.42789008590909,57.30280682363637,57.552973348181816,0.08038775622844696
MMD_dc_ae_l10_g1.00e-05,dc_ae,down_blocks.3.0,1.00e-05,83,57.83153066113636,57.715692645,57.94736867727273,0.00807066261768341
MMD_dc_ae_l10_g1.00e-05,dc_ae,down_blocks.3.0,1.00e-05,84,58.08143253113636,58.01582408181818,58.14704098045454,0.015790104866027832
MMD_dc_ae_l10_g1.00e-05,dc_ae,down_blocks.3.0,1.00e-05,85,58.444803400909095,58.40466673181818,58.48494007,0.042452454566955566
MMD_dc_ae_l10_g1.00e-05,dc_ae,down_blocks.3.0,1.00e-05,86,58.91778003409091,58.90741873181818,58.92814133636364,0.1220613420009613
MMD_dc_ae_l10_g1.00e-05,dc_ae,down_blocks.3.0,1.00e-05,87,59.020174833863635,58.959711454090915,59.080638213636355,0.029588699340820312
MMD_dc_ae_l10_g1.00e-05,dc_ae,down_blocks.3.0,1.00e-05,88,59.15856208795455,59.15176404636364,59.165360129545455,0.14491182565689087
MMD_dc_ae_l10_g1.00e-05,dc_ae,down_blocks.3.0,1.00e-05,89,59.43633789068181,59.343238913181814,59.52943686818182,0.023172527551651
MMD_dc_ae_l10_g1.00e-05,dc_ae,down_blocks.3.0,1.00e-05,90,59.57651304136364,59.53394987363636,59.61907620909091,0.06089005619287491
MMD_dc_ae_l10_g1.00e-05,dc_ae,down_blocks.3.0,1.00e-05,91,59.72755915772727,59.64024705,59.81487126545455,0.06178852170705795
MMD_dc_ae_l10_g1.00e-05,dc_ae,down_blocks.3.0,1.00e-05,92,59.821970187727274,59.821444613636366,59.82249576181818,0.04352898895740509
MMD_dc_ae_l10_g1.00e-05,dc_ae,down_blocks.3.0,1.00e-05,93,60.40047505386364,60.13491826227273,60.66603184545455,0.0555112361907959
MMD_dc_ae_l10_g1.00e-05,dc_ae,down_blocks.3.0,1.00e-05,94,60.95223787159091,60.91525143409091,60.98922430909091,0.04841578006744385
MMD_dc_ae_l10_g1.00e-05,dc_ae,down_blocks.3.0,1.00e-05,95,61.20584357204545,61.15445065909091,61.257236485,0.08567267656326294
MMD_dc_ae_l10_g1.00e-05,dc_ae,down_blocks.3.0,1.00e-05,96,61.39982516295454,61.38288141818182,61.41676890772727,0.03947852551937103
MMD_dc_ae_l10_g1.00e-05,dc_ae,down_blocks.3.0,1.00e-05,97,61.504183716363634,61.450913154545454,61.557454278181815,0.05072984844446182
MMD_dc_ae_l10_g1.00e-05,dc_ae,down_blocks.3.0,1.00e-05,98,61.63614204454545,61.612018317727276,61.66026577136363,0.04559183120727539
MMD_dc_ae_l10_g1.00e-05,dc_ae,down_blocks.3.0,1.00e-05,99,61.79374868181819,61.784896459090916,61.80260090454545,0.053950026631355286
MMD_dc_ae_l10_g1.00e-05,dc_ae,down_blocks.3.0,1.00e-05,100,62.09325376181818,62.04634134636364,62.140166177272725,0.05170402675867081
MMD_dc_ae_l10_g1.00e-05,dc_ae,down_blocks.3.0,1.00e-05,101,62.39542943,62.30800517363637,62.48285368636363,0.06987850368022919
MMD_dc_ae_l10_g1.00e-05,dc_ae,down_blocks.3.0,1.00e-05,102,62.508076675,62.50087945,62.515273900000004,0.041582152247428894
MMD_dc_ae_l10_g1.00e-05,dc_ae,down_blocks.3.0,1.00e-05,103,62.594979955227274,62.56153540454545,62.62842450590909,0.018681779503822327
MMD_dc_ae_l10_g1.00e-05,dc_ae,down_blocks.3.0,1.00e-05,104,62.72680667931818,62.64787497272727,62.80573838590909,0.04162058234214783
MMD_dc_ae_l10_g1.00e-05,dc_ae,down_blocks.3.0,1.00e-05,105,62.93240722272727,62.831736559090906,63.033077886363635,0.05204640328884125
MMD_dc_ae_l10_g1.00e-05,dc_ae,down_blocks.3.0,1.00e-05,106,63.30071634545454,63.2958711590909,63.30556153181818,0.046418800950050354
MMD_dc_ae_l10_g1.00e-05,dc_ae,down_blocks.3.0,1.00e-05,107,63.483996286363634,63.451246159090914,63.51674641363636,0.09165825694799423
MMD_dc_ae_l10_g1.00e-05,dc_ae,down_blocks.3.0,1.00e-05,108,63.56579307022727,63.52993807136364,63.601648069090906,0.044592857360839844
MMD_dc_ae_l10_g1.00e-05,dc_ae,down_blocks.3.0,1.00e-05,109,63.64186040840909,63.632569839545454,63.65115097727273,0.24821488559246063
MMD_dc_ae_l10_g1.00e-05,dc_ae,down_blocks.3.0,1.00e-05,110,63.804872122727275,63.71100458181818,63.89873966363636,0.07993468642234802
MMD_dc_ae_l10_g1.00e-05,dc_ae,down_blocks.3.0,1.00e-05,111,63.942615578181815,63.92419218818182,63.96103896818182,0.03016960620880127
MMD_dc_ae_l10_g1.00e-05,dc_ae,down_blocks.3.0,1.00e-05,112,64.00932814772727,63.99746849090909,64.02118780454545,0.08684319257736206
MMD_dc_ae_l10_g1.00e-05,dc_ae,down_blocks.3.0,1.00e-05,113,64.06637004090909,64.02835174090909,64.1043883409091,0.014849677681922913
MMD_dc_ae_l10_g1.00e-05,dc_ae,down_blocks.3.0,1.00e-05,114,64.197639875,64.15682117727273,64.23845857272727,0.024872973561286926
MMD_dc_ae_l10_g1.00e-05,dc_ae,down_blocks.3.0,1.00e-05,115,64.29020846409091,64.25370258636363,64.32671434181817,0.04702199250459671
MMD_dc_ae_l10_g1.00e-05,dc_ae,down_blocks.3.0,1.00e-05,116,64.48653965909091,64.40631527727272,64.56676404090909,0.041429564356803894
MMD_dc_ae_l10_g1.00e-05,dc_ae,down_blocks.3.0,1.00e-05,117,64.76922604204546,64.70266141363636,64.83579067045456,0.051302194595336914
MMD_dc_ae_l10_g1.00e-05,dc_ae,down_blocks.3.0,1.00e-05,118,64.89852501704544,64.88276691590909,64.91428311818181,0.06235577166080475
MMD_dc_ae_l10_g1.00e-05,dc_ae,down_blocks.3.0,1.00e-05,119,65.05579888840909,64.99876317727272,65.11283459954545,0.0877566784620285
MMD_dc_ae_l10_g1.00e-05,dc_ae,down_blocks.3.0,1.00e-05,120,65.1427998815909,65.12859398045454,65.15700578272727,0.04513701796531677
MMD_dc_ae_l10_g1.00e-05,dc_ae,down_blocks.3.0,1.00e-05,121,65.38211495681819,65.26560826818182,65.49862164545455,0.05375956743955612
MMD_dc_ae_l10_g1.00e-05,dc_ae,down_blocks.3.0,1.00e-05,122,65.6644128984091,65.58085287863636,65.74797291818182,0.02665524184703827
MMD_dc_ae_l10_g1.00e-05,dc_ae,down_blocks.3.0,1.00e-05,123,65.78481615227273,65.77319434545456,65.79643795909091,0.05315113067626953
MMD_dc_ae_l10_g1.00e-05,dc_ae,down_blocks.3.0,1.00e-05,124,65.98128235454546,65.90152255454545,66.06104215454546,0.04812438040971756
MMD_dc_ae_l10_g1.00e-05,dc_ae,down_blocks.3.0,1.00e-05,125,66.380175075,66.34667021363636,66.41367993636364,0.07749868929386139
MMD_dc_ae_l10_g1.00e-05,dc_ae,down_blocks.3.0,1.00e-05,126,66.53513308522727,66.49486482500001,66.57540134545455,0.07808288931846619
MMD_dc_ae_l10_g1.00e-05,dc_ae,down_blocks.3.0,1.00e-05,127,66.67200952022728,66.64770191772728,66.69631712272727,0.028414294123649597
MMD_dc_ae_l10_g1.00e-05,dc_ae,down_blocks.3.0,1.00e-05,128,66.77277958181818,66.69915260454546,66.84640655909091,0.0353812649846077
MMD_dc_ae_l10_g1.00e-05,dc_ae,down_blocks.3.0,1.00e-05,129,67.04070426136363,66.92138232272727,67.1600262,0.047663986682891846
MMD_dc_ae_l10_g1.00e-05,dc_ae,down_blocks.3.0,1.00e-05,130,67.28861000386364,67.24224864545455,67.33497136227273,0.10637592524290085
MMD_dc_ae_l10_g1.00e-05,dc_ae,down_blocks.3.0,1.00e-05,131,67.57832059454546,67.50431248636363,67.65232870272727,0.06656160205602646
MMD_dc_ae_l10_g1.00e-05,dc_ae,down_blocks.3.0,1.00e-05,132,67.81369166136363,67.78208407272727,67.84529925,0.0855802595615387
MMD_dc_ae_l10_g1.00e-05,dc_ae,down_blocks.3.0,1.00e-05,133,67.93897957499999,67.89158320909091,67.98637594090908,0.029812350869178772
MMD_dc_ae_l10_g1.00e-05,dc_ae,down_blocks.3.0,1.00e-05,134,68.10606402954545,68.0851692090909,68.12695885,0.02461552619934082
MMD_dc_ae_l10_g1.00e-05,dc_ae,down_blocks.3.0,1.00e-05,135,68.23297037272727,68.2302839,68.23565684545454,0.041334450244903564
MMD_dc_ae_l10_g1.00e-05,dc_ae,down_blocks.3.0,1.00e-05,136,68.26855261863636,68.26595938409092,68.27114585318182,0.05468352138996124
MMD_dc_ae_l10_g1.00e-05,dc_ae,down_blocks.3.0,1.00e-05,137,68.35431695,68.32032611363637,68.38830778636363,0.05660782754421234
MMD_dc_ae_l10_g1.00e-05,dc_ae,down_blocks.3.0,1.00e-05,138,68.43904966136364,68.41746199090909,68.46063733181818,0.031056195497512817
MMD_dc_ae_l10_g1.00e-05,dc_ae,down_blocks.3.0,1.00e-05,139,68.46939314545455,68.46664887727273,68.47213741363636,0.015683233737945557
MMD_dc_ae_l10_g1.00e-05,dc_ae,down_blocks.3.0,1.00e-05,140,68.98970947477272,68.93374281227273,69.04567613727274,0.04821743071079254
MMD_dc_ae_l10_g1.00e-05,dc_ae,down_blocks.3.0,1.00e-05,141,69.07596895681817,69.05974111818182,69.09219679545454,0.06723976135253906
MMD_dc_ae_l10_g1.00e-05,dc_ae,down_blocks.3.0,1.00e-05,142,69.09902052045456,69.09712682727273,69.10091421363637,0.04271256923675537
MMD_dc_ae_l10_g1.00e-05,dc_ae,down_blocks.3.0,1.00e-05,143,69.11422755681818,69.10780212727273,69.12065298636364,0.12205520272254944
MMD_dc_ae_l10_g1.00e-05,dc_ae,down_blocks.3.0,1.00e-05,144,69.20713757499999,69.18059698636364,69.23367816363636,0.10429449379444122
MMD_dc_ae_l10_g1.00e-05,dc_ae,down_blocks.3.0,1.00e-05,145,69.31117297909091,69.2644266,69.35791935818182,0.05455897003412247
MMD_dc_ae_l10_g1.00e-05,dc_ae,down_blocks.3.0,1.00e-05,146,69.711816475,69.61843814545455,69.80519480454545,0.03542742878198624
MMD_dc_ae_l10_g1.00e-05,dc_ae,down_blocks.3.0,1.00e-05,147,69.87131680454546,69.8553488,69.88728480909091,0.07248574495315552
MMD_dc_ae_l10_g1.00e-05,dc_ae,down_blocks.3.0,1.00e-05,148,70.01484913522728,69.97248817863637,70.05721009181819,0.05373211205005646
MMD_dc_ae_l10_g1.00e-05,dc_ae,down_blocks.3.0,1.00e-05,149,70.15358302272728,70.14929492727272,70.15787111818182,0.10251148045063019
MMD_dc_ae_l10_g1.00e-05,dc_ae,down_blocks.3.0,1.00e-05,150,70.18329474545455,70.16147875909091,70.20511073181818,0.08661729842424393
MMD_dc_ae_l10_g1.00e-05,dc_ae,down_blocks.3.0,1.00e-05,151,70.35018690227272,70.32331571818182,70.37705808636363,0.0894513949751854
MMD_dc_ae_l10_g1.00e-05,dc_ae,down_blocks.3.0,1.00e-05,152,70.45040821409091,70.399005675,70.50181075318181,0.03593704104423523
MMD_dc_ae_l10_g1.00e-05,dc_ae,down_blocks.3.0,1.00e-05,153,70.6769625340909,70.6102672090909,70.7436578590909,0.06704860180616379
MMD_dc_ae_l10_g1.00e-05,dc_ae,down_blocks.3.0,1.00e-05,154,70.83329053636363,70.83137117272727,70.8352099,0.040125638246536255
MMD_dc_ae_l10_g1.00e-05,dc_ae,down_blocks.3.0,1.00e-05,155,70.85428704318181,70.84563281363636,70.86294127272727,0.05495364964008331
MMD_dc_ae_l10_g1.00e-05,dc_ae,down_blocks.3.0,1.00e-05,156,70.91317588613636,70.88488886772727,70.94146290454545,0.11435899138450623
MMD_dc_ae_l10_g1.00e-05,dc_ae,down_blocks.3.0,1.00e-05,157,71.04800647272728,71.03486937272727,71.06114357272727,0.04772202670574188
MMD_dc_ae_l10_g1.00e-05,dc_ae,down_blocks.3.0,1.00e-05,158,71.17275272272727,71.16676672727273,71.17873871818182,0.05760686844587326
MMD_dc_ae_l10_g1.00e-05,dc_ae,down_blocks.3.0,1.00e-05,159,71.23105279704546,71.2066498259091,71.25545576818182,0.039789728820323944
MMD_dc_ae_l10_g1.00e-05,dc_ae,down_blocks.3.0,1.00e-05,160,71.34023223636365,71.3174982909091,71.36296618181818,0.01688016951084137
MMD_dc_ae_l10_g1.00e-05,dc_ae,down_blocks.3.0,1.00e-05,161,71.59614402954546,71.46931471818182,71.72297334090909,0.0763532742857933
MMD_dc_ae_l10_g1.00e-05,dc_ae,down_blocks.3.0,1.00e-05,162,71.953188675,71.90808025909091,71.99829709090909,0.018033519387245178
MMD_dc_ae_l10_g1.00e-05,dc_ae,down_blocks.3.0,1.00e-05,163,72.12556611863636,72.09644175681818,72.15469048045455,0.09719304740428925
MMD_dc_ae_l10_g1.00e-05,dc_ae,down_blocks.3.0,1.00e-05,164,72.20636263409091,72.16259906363636,72.25012620454545,0.03335486352443695
MMD_dc_ae_l10_g1.00e-05,dc_ae,down_blocks.3.0,1.00e-05,165,72.341453075,72.32991709090909,72.3529890590909,0.045937567949295044
MMD_dc_ae_l10_g1.00e-05,dc_ae,down_blocks.3.0,1.00e-05,166,72.4059290209091,72.35690482818183,72.45495321363636,0.05830702185630798
MMD_dc_ae_l10_g1.00e-05,dc_ae,down_blocks.3.0,1.00e-05,167,72.62915620454547,72.62635492727273,72.63195748181819,0.11718638241291046
MMD_dc_ae_l10_g1.00e-05,dc_ae,down_blocks.3.0,1.00e-05,168,72.868061955,72.83995069636363,72.89617321363636,0.058019980788230896
MMD_dc_ae_l10_g1.00e-05,dc_ae,down_blocks.3.0,1.00e-05,169,73.07651165045455,73.03390340545455,73.11911989545455,0.03906926512718201
MMD_dc_ae_l10_g1.00e-05,dc_ae,down_blocks.3.0,1.00e-05,170,73.23652217727272,73.13833258181818,73.33471177272727,0.020380213856697083
MMD_dc_ae_l10_g1.00e-05,dc_ae,down_blocks.3.0,1.00e-05,171,73.3691810784091,73.33981687045456,73.39854528636364,0.02608582377433777
MMD_dc_ae_l10_g1.00e-05,dc_ae,down_blocks.3.0,1.00e-05,172,73.426412225,73.41015931818183,73.44266513181819,0.08290902525186539
MMD_dc_ae_l10_g1.00e-05,dc_ae,down_blocks.3.0,1.00e-05,173,73.45744235795453,73.44619574090909,73.46868897499999,0.0661165863275528
MMD_dc_ae_l10_g1.00e-05,dc_ae,down_blocks.3.0,1.00e-05,174,73.52042231590909,73.50964273636363,73.53120189545454,0.06375106424093246
MMD_dc_ae_l10_g1.00e-05,dc_ae,down_blocks.3.0,1.00e-05,175,73.70395308409091,73.63946159545455,73.76844457272728,0.043641820549964905
MMD_dc_ae_l10_g1.00e-05,dc_ae,down_blocks.3.0,1.00e-05,176,73.85347222136363,73.80118299272728,73.90576145,0.06742261350154877
MMD_dc_ae_l10_g1.00e-05,dc_ae,down_blocks.3.0,1.00e-05,177,73.98737165409091,73.96756481363637,74.00717849454546,0.033271536231040955
MMD_dc_ae_l10_g1.00e-05,dc_ae,down_blocks.3.0,1.00e-05,178,74.03115760909091,74.01135728181818,74.05095793636363,0.085834801197052
MMD_dc_ae_l10_g1.00e-05,dc_ae,down_blocks.3.0,1.00e-05,179,74.12857689772727,74.05302495909092,74.20412883636364,0.031382933259010315
MMD_dc_ae_l10_g1.00e-05,dc_ae,down_blocks.3.0,1.00e-05,180,74.35693384772728,74.32802774090909,74.38583995454546,0.09208744764328003
MMD_dc_ae_l10_g1.00e-05,dc_ae,down_blocks.3.0,1.00e-05,181,74.49502861590909,74.46433656818182,74.52572066363636,0.06595408916473389
MMD_dc_ae_l10_g1.00e-05,dc_ae,down_blocks.3.0,1.00e-05,182,74.88092521136363,74.86437946363637,74.89747095909091,0.058523185551166534
MMD_dc_ae_l10_g1.00e-05,dc_ae,down_blocks.3.0,1.00e-05,183,74.96431832045454,74.9084351090909,75.02020153181819,0.029318474233150482
MMD_dc_ae_l10_g1.00e-05,dc_ae,down_blocks.3.0,1.00e-05,184,75.04762157954545,75.04613550454546,75.04910765454545,0.025743871927261353
MMD_dc_ae_l10_g1.00e-05,dc_ae,down_blocks.3.0,1.00e-05,185,75.09576952954546,75.04911406363637,75.14242499545455,0.013097450137138367
MMD_dc_ae_l10_g1.00e-05,dc_ae,down_blocks.3.0,1.00e-05,186,75.18233699545453,75.14524949545454,75.21942449545455,0.05868759751319885
MMD_dc_ae_l10_g1.00e-05,dc_ae,down_blocks.3.0,1.00e-05,187,75.27024816863636,75.2494860690909,75.29101026818182,0.07376646250486374
MMD_dc_ae_l10_g1.00e-05,dc_ae,down_blocks.3.0,1.00e-05,188,75.32758327272727,75.30463428181818,75.35053226363635,0.04927031695842743
MMD_dc_ae_l10_g1.00e-05,dc_ae,down_blocks.3.0,1.00e-05,189,75.41747211250001,75.358434425,75.4765098,0.09550125896930695
MMD_dc_ae_l10_g1.00e-05,dc_ae,down_blocks.3.0,1.00e-05,190,75.51253231590908,75.48288537727272,75.54217925454545,0.03309829533100128
MMD_dc_ae_l10_g1.00e-05,dc_ae,down_blocks.3.0,1.00e-05,191,75.6663297,75.65154605454546,75.68111334545455,0.12211084365844727
MMD_dc_ae_l10_g1.00e-05,dc_ae,down_blocks.3.0,1.00e-05,192,75.77599059545454,75.77031593636364,75.78166525454546,0.031237244606018066
MMD_dc_ae_l10_g1.00e-05,dc_ae,down_blocks.3.0,1.00e-05,193,75.81841251795454,75.79512009954546,75.84170493636363,0.04464635252952576
MMD_dc_ae_l10_g1.00e-05,dc_ae,down_blocks.3.0,1.00e-05,194,75.93210186136363,75.84312428636363,76.02107943636364,0.0727657675743103
MMD_dc_ae_l10_g1.00e-05,dc_ae,down_blocks.3.0,1.00e-05,195,76.11776692272727,76.07231828181818,76.16321556363636,0.046959906816482544
MMD_dc_ae_l10_g1.00e-05,dc_ae,down_blocks.3.0,1.00e-05,196,76.23163166,76.19598609272727,76.26727722727273,0.034752681851387024
MMD_dc_ae_l10_g1.00e-05,dc_ae,down_blocks.3.0,1.00e-05,197,76.28963145,76.28929185454545,76.28997104545455,0.03323376178741455
MMD_dc_ae_l10_g1.00e-05,dc_ae,down_blocks.3.0,1.00e-05,198,76.33895351590908,76.32376224090909,76.35414479090909,0.03212796151638031
MMD_dc_ae_l10_g1.00e-05,dc_ae,down_blocks.3.0,1.00e-05,199,76.42131312727273,76.39021483181818,76.45241142272727,0.030657827854156494
MMD_dc_ae_l10_g1.00e-05,dc_ae,down_blocks.3.0,1.00e-05,200,76.53077822886364,76.51437691681818,76.5471795409091,0.03268307447433472
MMD_dc_ae_l10_g1.00e-05,dc_ae,down_blocks.3.0,1.00e-05,201,76.61798762954547,76.59774437272728,76.63823088636364,0.1041048914194107
MMD_dc_ae_l10_g1.00e-05,dc_ae,down_blocks.3.0,1.00e-05,202,76.65972911636364,76.64452179545455,76.67493643727272,0.010595858097076416
MMD_dc_ae_l10_g1.00e-05,dc_ae,down_blocks.3.0,1.00e-05,203,76.74399205681817,76.67586082272727,76.81212329090908,0.08719320595264435
MMD_dc_ae_l10_g1.00e-05,dc_ae,down_blocks.3.0,1.00e-05,204,76.9110158,76.90558185454546,76.91644974545454,0.0684620589017868
MMD_dc_ae_l10_g1.00e-05,dc_ae,down_blocks.3.0,1.00e-05,205,77.04938380386363,76.98329391227273,77.11547369545454,0.04927043616771698
MMD_dc_ae_l10_g1.00e-05,dc_ae,down_blocks.3.0,1.00e-05,206,77.15743344090909,77.14402031818182,77.17084656363636,0.06309875845909119
MMD_dc_ae_l10_g1.00e-05,dc_ae,down_blocks.3.0,1.00e-05,207,77.30214769545455,77.25877326818183,77.34552212272727,0.008774831891059875
MMD_dc_ae_l10_g1.00e-05,dc_ae,down_blocks.3.0,1.00e-05,208,77.5903121975,77.52582683636363,77.65479755863636,0.025131016969680786
MMD_dc_ae_l10_g1.00e-05,dc_ae,down_blocks.3.0,1.00e-05,209,77.71230485227272,77.69959142727272,77.72501827727272,0.04127688705921173
MMD_dc_ae_l10_g1.00e-05,dc_ae,down_blocks.3.0,1.00e-05,210,77.90452434545455,77.83570625,77.9733424409091,0.07102002203464508
MMD_dc_ae_l10_g1.00e-05,dc_ae,down_blocks.3.0,1.00e-05,211,78.13042912045455,78.0566007590909,78.20425748181819,0.05005967617034912
MMD_dc_ae_l10_g1.00e-05,dc_ae,down_blocks.3.0,1.00e-05,212,78.24727043863636,78.23482706363636,78.25971381363637,0.007675766944885254
MMD_dc_ae_l10_g1.00e-05,dc_ae,down_blocks.3.0,1.00e-05,213,78.38345864545454,78.3483194,78.4185978909091,0.016053900122642517
MMD_dc_ae_l10_g1.00e-05,dc_ae,down_blocks.3.0,1.00e-05,214,78.54078605227272,78.53980069090909,78.54177141363635,0.04172162711620331
MMD_dc_ae_l10_g1.00e-05,dc_ae,down_blocks.3.0,1.00e-05,215,78.58008820545454,78.57485005,78.5853263609091,0.018067672848701477
MMD_dc_ae_l10_g1.00e-05,dc_ae,down_blocks.3.0,1.00e-05,216,78.62433498636364,78.61859467727272,78.63007529545455,0.07095786929130554
MMD_dc_ae_l10_g1.00e-05,dc_ae,down_blocks.3.0,1.00e-05,217,79.04517957499999,78.86957993181818,79.22077921818182,0.04283192753791809
MMD_dc_ae_l10_g1.00e-05,dc_ae,down_blocks.3.0,1.00e-05,218,79.26989939772727,79.25695136818182,79.28284742727273,0.0720096156001091
MMD_dc_ae_l10_g1.00e-05,dc_ae,down_blocks.3.0,1.00e-05,219,79.41755696590909,79.36729972727272,79.46781420454546,0.062550388276577
MMD_dc_ae_l10_g1.00e-05,dc_ae,down_blocks.3.0,1.00e-05,220,79.5698799834091,79.51125251363636,79.62850745318183,0.0782911628484726
MMD_dc_ae_l10_g1.00e-05,dc_ae,down_blocks.3.0,1.00e-05,221,79.70322166818181,79.6499864090909,79.75645692727272,0.018173739314079285
MMD_dc_ae_l10_g1.00e-05,dc_ae,down_blocks.3.0,1.00e-05,222,79.93145022954545,79.91532173636364,79.94757872272727,0.07489064335823059
MMD_dc_ae_l10_g1.00e-05,dc_ae,down_blocks.3.0,1.00e-05,223,80.08039142727273,80.02392345454545,80.13685939999999,0.04129046946763992
MMD_dc_ae_l10_g1.00e-05,dc_ae,down_blocks.3.0,1.00e-05,224,80.3456105840909,80.28660759545454,80.40461357272727,0.08933085948228836
MMD_dc_ae_l10_g1.00e-05,dc_ae,down_blocks.3.0,1.00e-05,225,80.50383668863637,80.43965011363636,80.56802326363636,0.09008923918008804
MMD_dc_ae_l10_g1.00e-05,dc_ae,down_blocks.3.0,1.00e-05,226,80.76717882045455,80.69563893636364,80.83871870454546,0.04928068816661835
MMD_dc_ae_l10_g1.00e-05,dc_ae,down_blocks.3.0,1.00e-05,227,80.93666893636365,80.88731798181819,80.98601989090909,0.045650966465473175
MMD_dc_ae_l10_g1.00e-05,dc_ae,down_blocks.3.0,1.00e-05,228,81.24550969772727,81.02786977272727,81.46314962272727,0.044189177453517914
MMD_dc_ae_l10_g1.00e-05,dc_ae,down_blocks.3.0,1.00e-05,229,81.51551185,81.49191450454545,81.53910919545454,0.058171242475509644
MMD_dc_ae_l10_g1.00e-05,dc_ae,down_blocks.3.0,1.00e-05,230,81.66181410454547,81.65584415909092,81.66778405000001,0.06240461766719818
MMD_dc_ae_l10_g1.00e-05,dc_ae,down_blocks.3.0,1.00e-05,231,82.09491658409091,82.0783984909091,82.11143467727273,0.053517431020736694
MMD_dc_ae_l10_g1.00e-05,dc_ae,down_blocks.3.0,1.00e-05,232,82.51240656590909,82.15394328181819,82.87086985,0.051724597811698914
MMD_dc_ae_l10_g1.00e-05,dc_ae,down_blocks.3.0,1.00e-05,233,83.15926654545454,83.04785639090909,83.2706767,0.09983724355697632
MMD_dc_ae_l10_g1.00e-05,dc_ae,down_blocks.3.0,1.00e-05,234,83.30087949545455,83.28013232272727,83.32162666818182,0.014703765511512756
MMD_dc_ae_l10_g1.00e-05,dc_ae,down_blocks.3.0,1.00e-05,235,83.40563283409091,83.35334443181819,83.45792123636365,0.02857743203639984
MMD_dc_ae_l10_g1.00e-05,dc_ae,down_blocks.3.0,1.00e-05,236,84.40519799318182,84.18152392727274,84.62887205909091,0.007521674036979675
MMD_dc_ae_l10_g1.00e-05,dc_ae,down_blocks.3.0,1.00e-05,237,85.11644672954546,85.11071750454545,85.12217595454545,0.02195557951927185
MMD_dc_ae_l10_g1.00e-05,dc_ae,down_blocks.3.0,1.00e-05,238,85.67873419522728,85.54109655454546,85.8163718359091,0.031706713140010834
MMD_dc_ae_l10_g1.00e-05,dc_ae,down_blocks.3.0,1.00e-05,239,86.04259813636364,86.0069106,86.07828567272726,0.07019919902086258
MMD_dc_ae_l10_g1.00e-05,dc_ae,down_blocks.3.0,1.00e-05,240,87.13953110454545,86.46879091363637,87.81027129545454,0.011704504489898682
MMD_dc_ae_l10_g2.80e-05,dc_ae,down_blocks.3.0,2.80e-05,1,10.810482123636362,10.383351573636363,11.237612673636363,0.006055464968085289
MMD_dc_ae_l10_g2.80e-05,dc_ae,down_blocks.3.0,2.80e-05,2,13.363017030454547,12.873956289545454,13.852077771363637,0.005199149716645479
MMD_dc_ae_l10_g2.80e-05,dc_ae,down_blocks.3.0,2.80e-05,3,15.27335880590909,14.772021149545454,15.774696462272727,0.0055753933265805244
MMD_dc_ae_l10_g2.80e-05,dc_ae,down_blocks.3.0,2.80e-05,4,16.414950566818185,16.11136225,16.718538883636366,0.005716101732105017
MMD_dc_ae_l10_g2.80e-05,dc_ae,down_blocks.3.0,2.80e-05,5,16.905719235454548,16.83383592,16.977602550909094,0.012683936394751072
MMD_dc_ae_l10_g2.80e-05,dc_ae,down_blocks.3.0,2.80e-05,6,17.31410864272727,17.128398308636363,17.49981897681818,0.007019912824034691
MMD_dc_ae_l10_g2.80e-05,dc_ae,down_blocks.3.0,2.80e-05,7,18.12177835068182,18.01987185318182,18.22368484818182,0.005971082486212254
MMD_dc_ae_l10_g2.80e-05,dc_ae,down_blocks.3.0,2.80e-05,8,18.68467708613636,18.40435578590909,18.964998386363636,0.00636029988527298
MMD_dc_ae_l10_g2.80e-05,dc_ae,down_blocks.3.0,2.80e-05,9,20.494847745454546,19.531784013636365,21.457911477272727,0.0020447014831006527
MMD_dc_ae_l10_g2.80e-05,dc_ae,down_blocks.3.0,2.80e-05,10,22.186448304318183,22.164942098181818,22.207954510454545,0.004578429274260998
MMD_dc_ae_l10_g2.80e-05,dc_ae,down_blocks.3.0,2.80e-05,11,22.556182346136364,22.336504287727273,22.775860404545455,0.004730799701064825
MMD_dc_ae_l10_g2.80e-05,dc_ae,down_blocks.3.0,2.80e-05,12,23.05503894931818,23.03693973772727,23.073138160909092,0.005182911641895771
MMD_dc_ae_l10_g2.80e-05,dc_ae,down_blocks.3.0,2.80e-05,13,23.983741463181822,23.859046570909094,24.108436355454547,0.004635938443243504
MMD_dc_ae_l10_g2.80e-05,dc_ae,down_blocks.3.0,2.80e-05,14,24.42152434318182,24.136628927727273,24.706419758636365,0.00465818028897047
MMD_dc_ae_l10_g2.80e-05,dc_ae,down_blocks.3.0,2.80e-05,15,25.216616497954547,25.160939161363636,25.272293834545454,0.0024414239451289177
MMD_dc_ae_l10_g2.80e-05,dc_ae,down_blocks.3.0,2.80e-05,16,25.91158886977273,25.739496508636364,26.08368123090909,0.00751414755359292
MMD_dc_ae_l10_g2.80e-05,dc_ae,down_blocks.3.0,2.80e-05,17,26.280579614772726,26.26193154681818,26.29922768272727,0.0049380948767066
MMD_dc_ae_l10_g2.80e-05,dc_ae,down_blocks.3.0,2.80e-05,18,26.72500679659091,26.647243233181822,26.80277036,0.00441502733156085
MMD_dc_ae_l10_g2.80e-05,dc_ae,down_blocks.3.0,2.80e-05,19,27.71722202681818,27.710613355454544,27.723830698181818,0.006893961224704981
MMD_dc_ae_l10_g2.80e-05,dc_ae,down_blocks.3.0,2.80e-05,20,27.975271444090907,27.94224735681818,28.008295531363636,0.0029637711122632027
MMD_dc_ae_l10_g2.80e-05,dc_ae,down_blocks.3.0,2.80e-05,21,28.51916109681818,28.427649107272728,28.610673086363636,0.010286683216691017
MMD_dc_ae_l10_g2.80e-05,dc_ae,down_blocks.3.0,2.80e-05,22,28.868573707954546,28.864666542727274,28.872480873181818,0.006195559166371822
MMD_dc_ae_l10_g2.80e-05,dc_ae,down_blocks.3.0,2.80e-05,23,30.406674175227273,29.867093540909092,30.946254809545454,0.004035888239741325
MMD_dc_ae_l10_g2.80e-05,dc_ae,down_blocks.3.0,2.80e-05,24,31.433125444318183,31.113843444545456,31.75240744409091,0.006710411049425602
MMD_dc_ae_l10_g2.80e-05,dc_ae,down_blocks.3.0,2.80e-05,25,32.032868589772725,31.962474827272725,32.10326235227273,0.011370375752449036
MMD_dc_ae_l10_g2.80e-05,dc_ae,down_blocks.3.0,2.80e-05,26,32.93285143340909,32.57260997909091,33.29309288772727,0.008597953245043755
MMD_dc_ae_l10_g2.80e-05,dc_ae,down_blocks.3.0,2.80e-05,27,33.789990362272725,33.63066458409091,33.94931614045454,0.005110501777380705
MMD_dc_ae_l10_g2.80e-05,dc_ae,down_blocks.3.0,2.80e-05,28,34.63530097772727,34.254768114545456,35.01583384090909,0.00496266782283783
MMD_dc_ae_l10_g2.80e-05,dc_ae,down_blocks.3.0,2.80e-05,29,36.06108401,35.61844186090909,36.50372615909091,0.006497873459011316
MMD_dc_ae_l10_g2.80e-05,dc_ae,down_blocks.3.0,2.80e-05,30,36.965541977954544,36.74721518909091,37.183868766818186,0.006479370873421431
MMD_dc_ae_l10_g2.80e-05,dc_ae,down_blocks.3.0,2.80e-05,31,37.74808161840909,37.586910895,37.90925234181818,0.023813985288143158
MMD_dc_ae_l10_g2.80e-05,dc_ae,down_blocks.3.0,2.80e-05,32,39.16038785159091,39.159607152727276,39.16116855045455,0.006845933850854635
MMD_dc_ae_l10_g2.80e-05,dc_ae,down_blocks.3.0,2.80e-05,33,39.614707512045456,39.50363207727273,39.72578294681818,0.006071092095226049
MMD_dc_ae_l10_g2.80e-05,dc_ae,down_blocks.3.0,2.80e-05,34,40.30910911386364,40.10658689318182,40.511631334545456,0.007728861644864082
MMD_dc_ae_l10_g2.80e-05,dc_ae,down_blocks.3.0,2.80e-05,35,41.33801180045454,41.22542756590909,41.450596035,0.008240170776844025
MMD_dc_ae_l10_g2.80e-05,dc_ae,down_blocks.3.0,2.80e-05,36,41.67410449772727,41.606778884545456,41.74143011090909,0.004244938958436251
MMD_dc_ae_l10_g2.80e-05,dc_ae,down_blocks.3.0,2.80e-05,37,42.3132160775,42.27668356454546,42.349748590454546,0.004332324489951134
MMD_dc_ae_l10_g2.80e-05,dc_ae,down_blocks.3.0,2.80e-05,38,42.96702508590909,42.93479045136364,42.999259720454546,0.006244605872780085
MMD_dc_ae_l10_g2.80e-05,dc_ae,down_blocks.3.0,2.80e-05,39,43.49911773840908,43.14833512181818,43.849900354999995,0.005542505066841841
MMD_dc_ae_l10_g2.80e-05,dc_ae,down_blocks.3.0,2.80e-05,40,44.46355809863637,44.24228326,44.68483293727273,0.0022763614542782307
MMD_dc_ae_l10_g2.80e-05,dc_ae,down_blocks.3.0,2.80e-05,41,45.02958462840909,45.014271393181815,45.044897863636365,0.005434615071862936
MMD_dc_ae_l10_g2.80e-05,dc_ae,down_blocks.3.0,2.80e-05,42,45.29330946295454,45.242849799999995,45.34376912590909,0.0028129401616752148
MMD_dc_ae_l10_g2.80e-05,dc_ae,down_blocks.3.0,2.80e-05,43,45.6633877325,45.44974382363636,45.87703164136364,0.0030953665263950825
MMD_dc_ae_l10_g2.80e-05,dc_ae,down_blocks.3.0,2.80e-05,44,46.19913604068182,46.05975058136364,46.3385215,0.007727997377514839
MMD_dc_ae_l10_g2.80e-05,dc_ae,down_blocks.3.0,2.80e-05,45,46.506415069545454,46.461104443636366,46.55172569545454,0.0032687876373529434
MMD_dc_ae_l10_g2.80e-05,dc_ae,down_blocks.3.0,2.80e-05,46,46.7814371125,46.63784059272727,46.92503363227272,0.00880256574600935
MMD_dc_ae_l10_g2.80e-05,dc_ae,down_blocks.3.0,2.80e-05,47,47.02157502772727,46.98420985,47.05894020545455,0.004210783168673515
MMD_dc_ae_l10_g2.80e-05,dc_ae,down_blocks.3.0,2.80e-05,48,47.320069640227274,47.18393024863636,47.45620903181818,0.00392539706081152
MMD_dc_ae_l10_g2.80e-05,dc_ae,down_blocks.3.0,2.80e-05,49,47.63274792386363,47.57944400681818,47.68605184090909,0.012799834832549095
MMD_dc_ae_l10_g2.80e-05,dc_ae,down_blocks.3.0,2.80e-05,50,47.92564833181818,47.85413733318182,47.997159330454544,0.006575256586074829
MMD_dc_ae_l10_g2.80e-05,dc_ae,down_blocks.3.0,2.80e-05,51,48.86026302159091,48.745656067727275,48.974869975454546,0.00401386059820652
MMD_dc_ae_l10_g2.80e-05,dc_ae,down_blocks.3.0,2.80e-05,52,49.38568588545454,49.269933079999994,49.50143869090909,0.004330815281718969
MMD_dc_ae_l10_g2.80e-05,dc_ae,down_blocks.3.0,2.80e-05,53,50.13577139295455,50.02686477227273,50.24467801363637,0.011615803465247154
MMD_dc_ae_l10_g2.80e-05,dc_ae,down_blocks.3.0,2.80e-05,54,50.27686834954545,50.26601576545454,50.287720933636365,0.005461934953927994
MMD_dc_ae_l10_g2.80e-05,dc_ae,down_blocks.3.0,2.80e-05,55,50.41855757477272,50.397065763181814,50.44004938636363,0.006668195594102144
MMD_dc_ae_l10_g2.80e-05,dc_ae,down_blocks.3.0,2.80e-05,56,50.63730162727273,50.53053583909091,50.744067415454545,0.004335237666964531
MMD_dc_ae_l10_g2.80e-05,dc_ae,down_blocks.3.0,2.80e-05,57,50.914955580454546,50.877768575909094,50.952142585000004,0.00487898476421833
MMD_dc_ae_l10_g2.80e-05,dc_ae,down_blocks.3.0,2.80e-05,58,51.36304193090909,51.255980857727266,51.47010300409091,0.006051037460565567
MMD_dc_ae_l10_g2.80e-05,dc_ae,down_blocks.3.0,2.80e-05,59,51.4886901025,51.48649149727273,51.49088870772727,0.00570379663258791
MMD_dc_ae_l10_g2.80e-05,dc_ae,down_blocks.3.0,2.80e-05,60,51.729285431363635,51.669473619090915,51.78909724363636,0.005677619017660618
MMD_dc_ae_l10_g2.80e-05,dc_ae,down_blocks.3.0,2.80e-05,61,51.86503114863636,51.85205774272727,51.87800455454545,0.0038055318873375654
MMD_dc_ae_l10_g2.80e-05,dc_ae,down_blocks.3.0,2.80e-05,62,51.962966427272725,51.92553946363636,52.00039339090909,0.00656357454136014
MMD_dc_ae_l10_g2.80e-05,dc_ae,down_blocks.3.0,2.80e-05,63,52.2140292,52.126720309090906,52.30133809090909,0.006213592365384102
MMD_dc_ae_l10_g2.80e-05,dc_ae,down_blocks.3.0,2.80e-05,64,52.88865584113637,52.82782977227273,52.94948191,0.005559378303587437
MMD_dc_ae_l10_g2.80e-05,dc_ae,down_blocks.3.0,2.80e-05,65,53.00029708795454,52.977303153181815,53.02329102272727,0.006736987270414829
MMD_dc_ae_l10_g2.80e-05,dc_ae,down_blocks.3.0,2.80e-05,66,53.13382443863637,53.11169118954546,53.15595768772727,0.005160088185220957
MMD_dc_ae_l10_g2.80e-05,dc_ae,down_blocks.3.0,2.80e-05,67,53.46701290090908,53.19575964181818,53.738266159999995,0.004558947868645191
MMD_dc_ae_l10_g2.80e-05,dc_ae,down_blocks.3.0,2.80e-05,68,54.39349470159091,54.35688324090909,54.43010616227273,0.007309287786483765
MMD_dc_ae_l10_g2.80e-05,dc_ae,down_blocks.3.0,2.80e-05,69,54.57660740431818,54.51598353272727,54.63723127590909,0.006781413685530424
MMD_dc_ae_l10_g2.80e-05,dc_ae,down_blocks.3.0,2.80e-05,70,54.70462107522727,54.68535675181818,54.72388539863636,0.005985683761537075
MMD_dc_ae_l10_g2.80e-05,dc_ae,down_blocks.3.0,2.80e-05,71,55.25811377272728,55.23867115454546,55.2775563909091,0.0048727719113230705
MMD_dc_ae_l10_g2.80e-05,dc_ae,down_blocks.3.0,2.80e-05,72,55.751711513636366,55.699695931818184,55.80372709545455,0.005936240777373314
MMD_dc_ae_l10_g2.80e-05,dc_ae,down_blocks.3.0,2.80e-05,73,56.03063692863636,55.82518654818182,56.236087309090905,0.006387418136000633
MMD_dc_ae_l10_g2.80e-05,dc_ae,down_blocks.3.0,2.80e-05,74,56.343688662272726,56.34353036818182,56.343846956363635,0.007217089179903269
MMD_dc_ae_l10_g2.80e-05,dc_ae,down_blocks.3.0,2.80e-05,75,56.42361637045454,56.418747340909086,56.4284854,0.0024569923989474773
MMD_dc_ae_l10_g2.80e-05,dc_ae,down_blocks.3.0,2.80e-05,76,56.583800352272725,56.43083487727272,56.73676582727273,0.006693299859762192
MMD_dc_ae_l10_g2.80e-05,dc_ae,down_blocks.3.0,2.80e-05,77,56.82032182704545,56.80215198181818,56.838491672272724,0.003798899007961154
MMD_dc_ae_l10_g2.80e-05,dc_ae,down_blocks.3.0,2.80e-05,78,56.88140215909091,56.87784920000001,56.88495511818182,0.005068909842520952
MMD_dc_ae_l10_g2.80e-05,dc_ae,down_blocks.3.0,2.80e-05,79,56.954357993181816,56.89427865,57.014437336363635,0.007143168710172176
MMD_dc_ae_l10_g2.80e-05,dc_ae,down_blocks.3.0,2.80e-05,80,57.03816157659091,57.01605029863636,57.06027285454545,0.00591911468654871
MMD_dc_ae_l10_g2.80e-05,dc_ae,down_blocks.3.0,2.80e-05,81,57.12540627659091,57.08577673045454,57.165035822727276,0.006613451987504959
MMD_dc_ae_l10_g2.80e-05,dc_ae,down_blocks.3.0,2.80e-05,82,57.42789008590909,57.30280682363637,57.552973348181816,0.006511454936116934
MMD_dc_ae_l10_g2.80e-05,dc_ae,down_blocks.3.0,2.80e-05,83,57.83153066113636,57.715692645,57.94736867727273,0.003985842689871788
MMD_dc_ae_l10_g2.80e-05,dc_ae,down_blocks.3.0,2.80e-05,84,58.08143253113636,58.01582408181818,58.14704098045454,0.0028292741626501083
MMD_dc_ae_l10_g2.80e-05,dc_ae,down_blocks.3.0,2.80e-05,85,58.444803400909095,58.40466673181818,58.48494007,0.005254665389657021
MMD_dc_ae_l10_g2.80e-05,dc_ae,down_blocks.3.0,2.80e-05,86,58.91778003409091,58.90741873181818,58.92814133636364,0.009610522538423538
MMD_dc_ae_l10_g2.80e-05,dc_ae,down_blocks.3.0,2.80e-05,87,59.020174833863635,58.959711454090915,59.080638213636355,0.0042686620727181435
MMD_dc_ae_l10_g2.80e-05,dc_ae,down_blocks.3.0,2.80e-05,88,59.15856208795455,59.15176404636364,59.165360129545455,0.01384017989039421
MMD_dc_ae_l10_g2.80e-05,dc_ae,down_blocks.3.0,2.80e-05,89,59.43633789068181,59.343238913181814,59.52943686818182,0.00053353700786829
MMD_dc_ae_l10_g2.80e-05,dc_ae,down_blocks.3.0,2.80e-05,90,59.57651304136364,59.53394987363636,59.61907620909091,0.0065685356967151165
MMD_dc_ae_l10_g2.80e-05,dc_ae,down_blocks.3.0,2.80e-05,91,59.72755915772727,59.64024705,59.81487126545455,0.006475936155766249
MMD_dc_ae_l10_g2.80e-05,dc_ae,down_blocks.3.0,2.80e-05,92,59.821970187727274,59.821444613636366,59.82249576181818,0.00479908287525177
MMD_dc_ae_l10_g2.80e-05,dc_ae,down_blocks.3.0,2.80e-05,93,60.40047505386364,60.13491826227273,60.66603184545455,0.005426001735031605
MMD_dc_ae_l10_g2.80e-05,dc_ae,down_blocks.3.0,2.80e-05,94,60.95223787159091,60.91525143409091,60.98922430909091,0.005853369832038879
MMD_dc_ae_l10_g2.80e-05,dc_ae,down_blocks.3.0,2.80e-05,95,61.20584357204545,61.15445065909091,61.257236485,0.005911202635616064
MMD_dc_ae_l10_g2.80e-05,dc_ae,down_blocks.3.0,2.80e-05,96,61.39982516295454,61.38288141818182,61.41676890772727,0.005058365873992443
MMD_dc_ae_l10_g2.80e-05,dc_ae,down_blocks.3.0,2.80e-05,97,61.504183716363634,61.450913154545454,61.557454278181815,0.006436281371861696
MMD_dc_ae_l10_g2.80e-05,dc_ae,down_blocks.3.0,2.80e-05,98,61.63614204454545,61.612018317727276,61.66026577136363,0.0060120695270597935
MMD_dc_ae_l10_g2.80e-05,dc_ae,down_blocks.3.0,2.80e-05,99,61.79374868181819,61.784896459090916,61.80260090454545,0.006351799704134464
MMD_dc_ae_l10_g2.80e-05,dc_ae,down_blocks.3.0,2.80e-05,100,62.09325376181818,62.04634134636364,62.140166177272725,0.005964946001768112
MMD_dc_ae_l10_g2.80e-05,dc_ae,down_blocks.3.0,2.80e-05,101,62.39542943,62.30800517363637,62.48285368636363,0.006542511750012636
MMD_dc_ae_l10_g2.80e-05,dc_ae,down_blocks.3.0,2.80e-05,102,62.508076675,62.50087945,62.515273900000004,0.004898392595350742
MMD_dc_ae_l10_g2.80e-05,dc_ae,down_blocks.3.0,2.80e-05,103,62.594979955227274,62.56153540454545,62.62842450590909,0.00397986127063632
MMD_dc_ae_l10_g2.80e-05,dc_ae,down_blocks.3.0,2.80e-05,104,62.72680667931818,62.64787497272727,62.80573838590909,0.004760648123919964
MMD_dc_ae_l10_g2.80e-05,dc_ae,down_blocks.3.0,2.80e-05,105,62.93240722272727,62.831736559090906,63.033077886363635,0.005937235429883003
MMD_dc_ae_l10_g2.80e-05,dc_ae,down_blocks.3.0,2.80e-05,106,63.30071634545454,63.2958711590909,63.30556153181818,0.005266270600259304
MMD_dc_ae_l10_g2.80e-05,dc_ae,down_blocks.3.0,2.80e-05,107,63.483996286363634,63.451246159090914,63.51674641363636,0.006768769584596157
MMD_dc_ae_l10_g2.80e-05,dc_ae,down_blocks.3.0,2.80e-05,108,63.56579307022727,63.52993807136364,63.601648069090906,0.004270259290933609
MMD_dc_ae_l10_g2.80e-05,dc_ae,down_blocks.3.0,2.80e-05,109,63.64186040840909,63.632569839545454,63.65115097727273,0.021737581118941307
MMD_dc_ae_l10_g2.80e-05,dc_ae,down_blocks.3.0,2.80e-05,110,63.804872122727275,63.71100458181818,63.89873966363636,0.007185418624430895
MMD_dc_ae_l10_g2.80e-05,dc_ae,down_blocks.3.0,2.80e-05,111,63.942615578181815,63.92419218818182,63.96103896818182,0.0028800005093216896
MMD_dc_ae_l10_g2.80e-05,dc_ae,down_blocks.3.0,2.80e-05,112,64.00932814772727,63.99746849090909,64.02118780454545,0.0068205175921320915
MMD_dc_ae_l10_g2.80e-05,dc_ae,down_blocks.3.0,2.80e-05,113,64.06637004090909,64.02835174090909,64.1043883409091,0.003169980365782976
MMD_dc_ae_l10_g2.80e-05,dc_ae,down_blocks.3.0,2.80e-05,114,64.197639875,64.15682117727273,64.23845857272727,0.0047747902572155
MMD_dc_ae_l10_g2.80e-05,dc_ae,down_blocks.3.0,2.80e-05,115,64.29020846409091,64.25370258636363,64.32671434181817,0.006049824878573418
MMD_dc_ae_l10_g2.80e-05,dc_ae,down_blocks.3.0,2.80e-05,116,64.48653965909091,64.40631527727272,64.56676404090909,0.0054881335236132145
MMD_dc_ae_l10_g2.80e-05,dc_ae,down_blocks.3.0,2.80e-05,117,64.76922604204546,64.70266141363636,64.83579067045456,0.006218411028385162
MMD_dc_ae_l10_g2.80e-05,dc_ae,down_blocks.3.0,2.80e-05,118,64.89852501704544,64.88276691590909,64.91428311818181,0.006025472190231085
MMD_dc_ae_l10_g2.80e-05,dc_ae,down_blocks.3.0,2.80e-05,119,65.05579888840909,64.99876317727272,65.11283459954545,0.007047273684293032
MMD_dc_ae_l10_g2.80e-05,dc_ae,down_blocks.3.0,2.80e-05,120,65.1427998815909,65.12859398045454,65.15700578272727,0.0046885451301932335
MMD_dc_ae_l10_g2.80e-05,dc_ae,down_blocks.3.0,2.80e-05,121,65.38211495681819,65.26560826818182,65.49862164545455,0.0060923439450562
MMD_dc_ae_l10_g2.80e-05,dc_ae,down_blocks.3.0,2.80e-05,122,65.6644128984091,65.58085287863636,65.74797291818182,0.004455381538718939
MMD_dc_ae_l10_g2.80e-05,dc_ae,down_blocks.3.0,2.80e-05,123,65.78481615227273,65.77319434545456,65.79643795909091,0.00531157199293375
MMD_dc_ae_l10_g2.80e-05,dc_ae,down_blocks.3.0,2.80e-05,124,65.98128235454546,65.90152255454545,66.06104215454546,0.006253217812627554
MMD_dc_ae_l10_g2.80e-05,dc_ae,down_blocks.3.0,2.80e-05,125,66.380175075,66.34667021363636,66.41367993636364,0.006074178032577038
MMD_dc_ae_l10_g2.80e-05,dc_ae,down_blocks.3.0,2.80e-05,126,66.53513308522727,66.49486482500001,66.57540134545455,0.006826136261224747
MMD_dc_ae_l10_g2.80e-05,dc_ae,down_blocks.3.0,2.80e-05,127,66.67200952022728,66.64770191772728,66.69631712272727,0.0045206923969089985
MMD_dc_ae_l10_g2.80e-05,dc_ae,down_blocks.3.0,2.80e-05,128,66.77277958181818,66.69915260454546,66.84640655909091,0.005162330344319344
MMD_dc_ae_l10_g2.80e-05,dc_ae,down_blocks.3.0,2.80e-05,129,67.04070426136363,66.92138232272727,67.1600262,0.004937523044645786
MMD_dc_ae_l10_g2.80e-05,dc_ae,down_blocks.3.0,2.80e-05,130,67.28861000386364,67.24224864545455,67.33497136227273,0.007120523601770401
MMD_dc_ae_l10_g2.80e-05,dc_ae,down_blocks.3.0,2.80e-05,131,67.57832059454546,67.50431248636363,67.65232870272727,0.006238446570932865
MMD_dc_ae_l10_g2.80e-05,dc_ae,down_blocks.3.0,2.80e-05,132,67.81369166136363,67.78208407272727,67.84529925,0.007937896065413952
MMD_dc_ae_l10_g2.80e-05,dc_ae,down_blocks.3.0,2.80e-05,133,67.93897957499999,67.89158320909091,67.98637594090908,0.005360355135053396
MMD_dc_ae_l10_g2.80e-05,dc_ae,down_blocks.3.0,2.80e-05,134,68.10606402954545,68.0851692090909,68.12695885,0.004039357416331768
MMD_dc_ae_l10_g2.80e-05,dc_ae,down_blocks.3.0,2.80e-05,135,68.23297037272727,68.2302839,68.23565684545454,0.005972245242446661
MMD_dc_ae_l10_g2.80e-05,dc_ae,down_blocks.3.0,2.80e-05,136,68.26855261863636,68.26595938409092,68.27114585318182,0.003892321139574051
MMD_dc_ae_l10_g2.80e-05,dc_ae,down_blocks.3.0,2.80e-05,137,68.35431695,68.32032611363637,68.38830778636363,0.006333054509013891
MMD_dc_ae_l10_g2.80e-05,dc_ae,down_blocks.3.0,2.80e-05,138,68.43904966136364,68.41746199090909,68.46063733181818,0.005362499039620161
MMD_dc_ae_l10_g2.80e-05,dc_ae,down_blocks.3.0,2.80e-05,139,68.46939314545455,68.46664887727273,68.47213741363636,0.0038072403986006975
MMD_dc_ae_l10_g2.80e-05,dc_ae,down_blocks.3.0,2.80e-05,140,68.98970947477272,68.93374281227273,69.04567613727274,0.005316792521625757
MMD_dc_ae_l10_g2.80e-05,dc_ae,down_blocks.3.0,2.80e-05,141,69.07596895681817,69.05974111818182,69.09219679545454,0.0066358838230371475
MMD_dc_ae_l10_g2.80e-05,dc_ae,down_blocks.3.0,2.80e-05,142,69.09902052045456,69.09712682727273,69.10091421363637,0.00462636211887002
MMD_dc_ae_l10_g2.80e-05,dc_ae,down_blocks.3.0,2.80e-05,143,69.11422755681818,69.10780212727273,69.12065298636364,0.00916081853210926
MMD_dc_ae_l10_g2.80e-05,dc_ae,down_blocks.3.0,2.80e-05,144,69.20713757499999,69.18059698636364,69.23367816363636,0.006981707643717527
MMD_dc_ae_l10_g2.80e-05,dc_ae,down_blocks.3.0,2.80e-05,145,69.31117297909091,69.2644266,69.35791935818182,0.006381652317941189
MMD_dc_ae_l10_g2.80e-05,dc_ae,down_blocks.3.0,2.80e-05,146,69.711816475,69.61843814545455,69.80519480454545,0.005905626341700554
MMD_dc_ae_l10_g2.80e-05,dc_ae,down_blocks.3.0,2.80e-05,147,69.87131680454546,69.8553488,69.88728480909091,0.006841116584837437
MMD_dc_ae_l10_g2.80e-05,dc_ae,down_blocks.3.0,2.80e-05,148,70.01484913522728,69.97248817863637,70.05721009181819,0.006179364863783121
MMD_dc_ae_l10_g2.80e-05,dc_ae,down_blocks.3.0,2.80e-05,149,70.15358302272728,70.14929492727272,70.15787111818182,0.007237842306494713
MMD_dc_ae_l10_g2.80e-05,dc_ae,down_blocks.3.0,2.80e-05,150,70.18329474545455,70.16147875909091,70.20511073181818,0.007066443096846342
MMD_dc_ae_l10_g2.80e-05,dc_ae,down_blocks.3.0,2.80e-05,151,70.35018690227272,70.32331571818182,70.37705808636363,0.007053531240671873
MMD_dc_ae_l10_g2.80e-05,dc_ae,down_blocks.3.0,2.80e-05,152,70.45040821409091,70.399005675,70.50181075318181,0.0053746080957353115
MMD_dc_ae_l10_g2.80e-05,dc_ae,down_blocks.3.0,2.80e-05,153,70.6769625340909,70.6102672090909,70.7436578590909,0.006183661054819822
MMD_dc_ae_l10_g2.80e-05,dc_ae,down_blocks.3.0,2.80e-05,154,70.83329053636363,70.83137117272727,70.8352099,0.005269389599561691
MMD_dc_ae_l10_g2.80e-05,dc_ae,down_blocks.3.0,2.80e-05,155,70.85428704318181,70.84563281363636,70.86294127272727,0.005212849006056786
MMD_dc_ae_l10_g2.80e-05,dc_ae,down_blocks.3.0,2.80e-05,156,70.91317588613636,70.88488886772727,70.94146290454545,0.012499473989009857
MMD_dc_ae_l10_g2.80e-05,dc_ae,down_blocks.3.0,2.80e-05,157,71.04800647272728,71.03486937272727,71.06114357272727,0.0050029270350933075
MMD_dc_ae_l10_g2.80e-05,dc_ae,down_blocks.3.0,2.80e-05,158,71.17275272272727,71.16676672727273,71.17873871818182,0.006064724177122116
MMD_dc_ae_l10_g2.80e-05,dc_ae,down_blocks.3.0,2.80e-05,159,71.23105279704546,71.2066498259091,71.25545576818182,0.0055877817794680595
MMD_dc_ae_l10_g2.80e-05,dc_ae,down_blocks.3.0,2.80e-05,160,71.34023223636365,71.3174982909091,71.36296618181818,0.0015899380668997765
MMD_dc_ae_l10_g2.80e-05,dc_ae,down_blocks.3.0,2.80e-05,161,71.59614402954546,71.46931471818182,71.72297334090909,0.006773949600756168
MMD_dc_ae_l10_g2.80e-05,dc_ae,down_blocks.3.0,2.80e-05,162,71.953188675,71.90808025909091,71.99829709090909,0.0038082441315054893
MMD_dc_ae_l10_g2.80e-05,dc_ae,down_blocks.3.0,2.80e-05,163,72.12556611863636,72.09644175681818,72.15469048045455,0.006782268639653921
MMD_dc_ae_l10_g2.80e-05,dc_ae,down_blocks.3.0,2.80e-05,164,72.20636263409091,72.16259906363636,72.25012620454545,0.004288896918296814
MMD_dc_ae_l10_g2.80e-05,dc_ae,down_blocks.3.0,2.80e-05,165,72.341453075,72.32991709090909,72.3529890590909,0.005640876479446888
MMD_dc_ae_l10_g2.80e-05,dc_ae,down_blocks.3.0,2.80e-05,166,72.4059290209091,72.35690482818183,72.45495321363636,0.005495799705386162
MMD_dc_ae_l10_g2.80e-05,dc_ae,down_blocks.3.0,2.80e-05,167,72.62915620454547,72.62635492727273,72.63195748181819,0.011495504528284073
MMD_dc_ae_l10_g2.80e-05,dc_ae,down_blocks.3.0,2.80e-05,168,72.868061955,72.83995069636363,72.89617321363636,0.005575723014771938
MMD_dc_ae_l10_g2.80e-05,dc_ae,down_blocks.3.0,2.80e-05,169,73.07651165045455,73.03390340545455,73.11911989545455,0.004275177605450153
MMD_dc_ae_l10_g2.80e-05,dc_ae,down_blocks.3.0,2.80e-05,170,73.23652217727272,73.13833258181818,73.33471177272727,0.0037497603334486485
MMD_dc_ae_l10_g2.80e-05,dc_ae,down_blocks.3.0,2.80e-05,171,73.3691810784091,73.33981687045456,73.39854528636364,0.0036572078242897987
MMD_dc_ae_l10_g2.80e-05,dc_ae,down_blocks.3.0,2.80e-05,172,73.426412225,73.41015931818183,73.44266513181819,0.006907778792083263
MMD_dc_ae_l10_g2.80e-05,dc_ae,down_blocks.3.0,2.80e-05,173,73.45744235795453,73.44619574090909,73.46868897499999,0.005952296778559685
MMD_dc_ae_l10_g2.80e-05,dc_ae,down_blocks.3.0,2.80e-05,174,73.52042231590909,73.50964273636363,73.53120189545454,0.006667179521173239
MMD_dc_ae_l10_g2.80e-05,dc_ae,down_blocks.3.0,2.80e-05,175,73.70395308409091,73.63946159545455,73.76844457272728,0.0058297934010624886
MMD_dc_ae_l10_g2.80e-05,dc_ae,down_blocks.3.0,2.80e-05,176,73.85347222136363,73.80118299272728,73.90576145,0.006062867119908333
MMD_dc_ae_l10_g2.80e-05,dc_ae,down_blocks.3.0,2.80e-05,177,73.98737165409091,73.96756481363637,74.00717849454546,0.004833712708204985
MMD_dc_ae_l10_g2.80e-05,dc_ae,down_blocks.3.0,2.80e-05,178,74.03115760909091,74.01135728181818,74.05095793636363,0.006289259530603886
MMD_dc_ae_l10_g2.80e-05,dc_ae,down_blocks.3.0,2.80e-05,179,74.12857689772727,74.05302495909092,74.20412883636364,0.003269051667302847
MMD_dc_ae_l10_g2.80e-05,dc_ae,down_blocks.3.0,2.80e-05,180,74.35693384772728,74.32802774090909,74.38583995454546,0.007007979787886143
MMD_dc_ae_l10_g2.80e-05,dc_ae,down_blocks.3.0,2.80e-05,181,74.49502861590909,74.46433656818182,74.52572066363636,0.005792745389044285
MMD_dc_ae_l10_g2.80e-05,dc_ae,down_blocks.3.0,2.80e-05,182,74.88092521136363,74.86437946363637,74.89747095909091,0.00602549035102129
MMD_dc_ae_l10_g2.80e-05,dc_ae,down_blocks.3.0,2.80e-05,183,74.96431832045454,74.9084351090909,75.02020153181819,0.005490381270647049
MMD_dc_ae_l10_g2.80e-05,dc_ae,down_blocks.3.0,2.80e-05,184,75.04762157954545,75.04613550454546,75.04910765454545,0.004632322117686272
MMD_dc_ae_l10_g2.80e-05,dc_ae,down_blocks.3.0,2.80e-05,185,75.09576952954546,75.04911406363637,75.14242499545455,0.00349782919511199
MMD_dc_ae_l10_g2.80e-05,dc_ae,down_blocks.3.0,2.80e-05,186,75.18233699545453,75.14524949545454,75.21942449545455,0.006064332090318203
MMD_dc_ae_l10_g2.80e-05,dc_ae,down_blocks.3.0,2.80e-05,187,75.27024816863636,75.2494860690909,75.29101026818182,0.006494740955531597
MMD_dc_ae_l10_g2.80e-05,dc_ae,down_blocks.3.0,2.80e-05,188,75.32758327272727,75.30463428181818,75.35053226363635,0.005128535442054272
MMD_dc_ae_l10_g2.80e-05,dc_ae,down_blocks.3.0,2.80e-05,189,75.41747211250001,75.358434425,75.4765098,0.008681077510118484
MMD_dc_ae_l10_g2.80e-05,dc_ae,down_blocks.3.0,2.80e-05,190,75.51253231590908,75.48288537727272,75.54217925454545,0.0043246932327747345
MMD_dc_ae_l10_g2.80e-05,dc_ae,down_blocks.3.0,2.80e-05,191,75.6663297,75.65154605454546,75.68111334545455,0.007385783828794956
MMD_dc_ae_l10_g2.80e-05,dc_ae,down_blocks.3.0,2.80e-05,192,75.77599059545454,75.77031593636364,75.78166525454546,0.005252704955637455
MMD_dc_ae_l10_g2.80e-05,dc_ae,down_blocks.3.0,2.80e-05,193,75.81841251795454,75.79512009954546,75.84170493636363,0.0050768679939210415
MMD_dc_ae_l10_g2.80e-05,dc_ae,down_blocks.3.0,2.80e-05,194,75.93210186136363,75.84312428636363,76.02107943636364,0.006331861950457096
MMD_dc_ae_l10_g2.80e-05,dc_ae,down_blocks.3.0,2.80e-05,195,76.11776692272727,76.07231828181818,76.16321556363636,0.005778821185231209
MMD_dc_ae_l10_g2.80e-05,dc_ae,down_blocks.3.0,2.80e-05,196,76.23163166,76.19598609272727,76.26727722727273,0.004258228465914726
MMD_dc_ae_l10_g2.80e-05,dc_ae,down_blocks.3.0,2.80e-05,197,76.28963145,76.28929185454545,76.28997104545455,0.004911582916975021
MMD_dc_ae_l10_g2.80e-05,dc_ae,down_blocks.3.0,2.80e-05,198,76.33895351590908,76.32376224090909,76.35414479090909,0.005299563519656658
MMD_dc_ae_l10_g2.80e-05,dc_ae,down_blocks.3.0,2.80e-05,199,76.42131312727273,76.39021483181818,76.45241142272727,0.005919403862208128
MMD_dc_ae_l10_g2.80e-05,dc_ae,down_blocks.3.0,2.80e-05,200,76.53077822886364,76.51437691681818,76.5471795409091,0.005012767389416695
MMD_dc_ae_l10_g2.80e-05,dc_ae,down_blocks.3.0,2.80e-05,201,76.61798762954547,76.59774437272728,76.63823088636364,0.008670506998896599
MMD_dc_ae_l10_g2.80e-05,dc_ae,down_blocks.3.0,2.80e-05,202,76.65972911636364,76.64452179545455,76.67493643727272,0.0021178540773689747
MMD_dc_ae_l10_g2.80e-05,dc_ae,down_blocks.3.0,2.80e-05,203,76.74399205681817,76.67586082272727,76.81212329090908,0.00703243725001812
MMD_dc_ae_l10_g2.80e-05,dc_ae,down_blocks.3.0,2.80e-05,204,76.9110158,76.90558185454546,76.91644974545454,0.006801816634833813
MMD_dc_ae_l10_g2.80e-05,dc_ae,down_blocks.3.0,2.80e-05,205,77.04938380386363,76.98329391227273,77.11547369545454,0.005170806311070919
MMD_dc_ae_l10_g2.80e-05,dc_ae,down_blocks.3.0,2.80e-05,206,77.15743344090909,77.14402031818182,77.17084656363636,0.0058181812055408955
MMD_dc_ae_l10_g2.80e-05,dc_ae,down_blocks.3.0,2.80e-05,207,77.30214769545455,77.25877326818183,77.34552212272727,0.001961855683475733
MMD_dc_ae_l10_g2.80e-05,dc_ae,down_blocks.3.0,2.80e-05,208,77.5903121975,77.52582683636363,77.65479755863636,0.004743887111544609
MMD_dc_ae_l10_g2.80e-05,dc_ae,down_blocks.3.0,2.80e-05,209,77.71230485227272,77.69959142727272,77.72501827727272,0.0018740594387054443
MMD_dc_ae_l10_g2.80e-05,dc_ae,down_blocks.3.0,2.80e-05,210,77.90452434545455,77.83570625,77.9733424409091,0.006047018803656101
MMD_dc_ae_l10_g2.80e-05,dc_ae,down_blocks.3.0,2.80e-05,211,78.13042912045455,78.0566007590909,78.20425748181819,0.0052206069231033325
MMD_dc_ae_l10_g2.80e-05,dc_ae,down_blocks.3.0,2.80e-05,212,78.24727043863636,78.23482706363636,78.25971381363637,0.003911727108061314
MMD_dc_ae_l10_g2.80e-05,dc_ae,down_blocks.3.0,2.80e-05,213,78.38345864545454,78.3483194,78.4185978909091,0.0021000755950808525
MMD_dc_ae_l10_g2.80e-05,dc_ae,down_blocks.3.0,2.80e-05,214,78.54078605227272,78.53980069090909,78.54177141363635,0.00546687375754118
MMD_dc_ae_l10_g2.80e-05,dc_ae,down_blocks.3.0,2.80e-05,215,78.58008820545454,78.57485005,78.5853263609091,0.002628559712320566
MMD_dc_ae_l10_g2.80e-05,dc_ae,down_blocks.3.0,2.80e-05,216,78.62433498636364,78.61859467727272,78.63007529545455,0.0068194870837032795
MMD_dc_ae_l10_g2.80e-05,dc_ae,down_blocks.3.0,2.80e-05,217,79.04517957499999,78.86957993181818,79.22077921818182,0.005123468115925789
MMD_dc_ae_l10_g2.80e-05,dc_ae,down_blocks.3.0,2.80e-05,218,79.26989939772727,79.25695136818182,79.28284742727273,0.0065455310977995396
MMD_dc_ae_l10_g2.80e-05,dc_ae,down_blocks.3.0,2.80e-05,219,79.41755696590909,79.36729972727272,79.46781420454546,0.006414743140339851
MMD_dc_ae_l10_g2.80e-05,dc_ae,down_blocks.3.0,2.80e-05,220,79.5698799834091,79.51125251363636,79.62850745318183,0.006376523524522781
MMD_dc_ae_l10_g2.80e-05,dc_ae,down_blocks.3.0,2.80e-05,221,79.70322166818181,79.6499864090909,79.75645692727272,0.0037023471668362617
MMD_dc_ae_l10_g2.80e-05,dc_ae,down_blocks.3.0,2.80e-05,222,79.93145022954545,79.91532173636364,79.94757872272727,0.006308737210929394
MMD_dc_ae_l10_g2.80e-05,dc_ae,down_blocks.3.0,2.80e-05,223,80.08039142727273,80.02392345454545,80.13685939999999,0.006344606168568134
MMD_dc_ae_l10_g2.80e-05,dc_ae,down_blocks.3.0,2.80e-05,224,80.3456105840909,80.28660759545454,80.40461357272727,0.007011793553829193
MMD_dc_ae_l10_g2.80e-05,dc_ae,down_blocks.3.0,2.80e-05,225,80.50383668863637,80.43965011363636,80.56802326363636,0.007072413805872202
MMD_dc_ae_l10_g2.80e-05,dc_ae,down_blocks.3.0,2.80e-05,226,80.76717882045455,80.69563893636364,80.83871870454546,0.005280428100377321
MMD_dc_ae_l10_g2.80e-05,dc_ae,down_blocks.3.0,2.80e-05,227,80.93666893636365,80.88731798181819,80.98601989090909,0.006018446758389473
MMD_dc_ae_l10_g2.80e-05,dc_ae,down_blocks.3.0,2.80e-05,228,81.24550969772727,81.02786977272727,81.46314962272727,0.006180682685226202
MMD_dc_ae_l10_g2.80e-05,dc_ae,down_blocks.3.0,2.80e-05,229,81.51551185,81.49191450454545,81.53910919545454,0.0051187011413276196
MMD_dc_ae_l10_g2.80e-05,dc_ae,down_blocks.3.0,2.80e-05,230,81.66181410454547,81.65584415909092,81.66778405000001,0.006530773360282183
MMD_dc_ae_l10_g2.80e-05,dc_ae,down_blocks.3.0,2.80e-05,231,82.09491658409091,82.0783984909091,82.11143467727273,0.00401388481259346
MMD_dc_ae_l10_g2.80e-05,dc_ae,down_blocks.3.0,2.80e-05,232,82.51240656590909,82.15394328181819,82.87086985,0.006277421955019236
MMD_dc_ae_l10_g2.80e-05,dc_ae,down_blocks.3.0,2.80e-05,233,83.15926654545454,83.04785639090909,83.2706767,0.008215565234422684
MMD_dc_ae_l10_g2.80e-05,dc_ae,down_blocks.3.0,2.80e-05,234,83.30087949545455,83.28013232272727,83.32162666818182,0.0015931944362819195
MMD_dc_ae_l10_g2.80e-05,dc_ae,down_blocks.3.0,2.80e-05,235,83.40563283409091,83.35334443181819,83.45792123636365,0.004958740435540676
MMD_dc_ae_l10_g2.80e-05,dc_ae,down_blocks.3.0,2.80e-05,236,84.40519799318182,84.18152392727274,84.62887205909091,0.0023637176491320133
MMD_dc_ae_l10_g2.80e-05,dc_ae,down_blocks.3.0,2.80e-05,237,85.11644672954546,85.11071750454545,85.12217595454545,0.00169427040964365
MMD_dc_ae_l10_g2.80e-05,dc_ae,down_blocks.3.0,2.80e-05,238,85.67873419522728,85.54109655454546,85.8163718359091,0.00486194621771574
MMD_dc_ae_l10_g2.80e-05,dc_ae,down_blocks.3.0,2.80e-05,239,86.04259813636364,86.0069106,86.07828567272726,0.006686561740934849
MMD_dc_ae_l10_g2.80e-05,dc_ae,down_blocks.3.0,2.80e-05,240,87.13953110454545,86.46879091363637,87.81027129545454,0.0032925582490861416
MMD_dc_ae_l10_g1.00e-04,dc_ae,down_blocks.3.0,1.00e-04,1,10.810482123636362,10.383351573636363,11.237612673636363,1.8181506220571464e-06
MMD_dc_ae_l10_g1.00e-04,dc_ae,down_blocks.3.0,1.00e-04,2,13.363017030454547,12.873956289545454,13.852077771363637,1.815958171391685e-06
MMD_dc_ae_l10_g1.00e-04,dc_ae,down_blocks.3.0,1.00e-04,3,15.27335880590909,14.772021149545454,15.774696462272727,1.8159400951844873e-06
MMD_dc_ae_l10_g1.00e-04,dc_ae,down_blocks.3.0,1.00e-04,4,16.414950566818185,16.11136225,16.718538883636366,1.8187276964454213e-06
MMD_dc_ae_l10_g1.00e-04,dc_ae,down_blocks.3.0,1.00e-04,5,16.905719235454548,16.83383592,16.977602550909094,1.9799447272816906e-06
MMD_dc_ae_l10_g1.00e-04,dc_ae,down_blocks.3.0,1.00e-04,6,17.31410864272727,17.128398308636363,17.49981897681818,1.819369799704873e-06
MMD_dc_ae_l10_g1.00e-04,dc_ae,down_blocks.3.0,1.00e-04,7,18.12177835068182,18.01987185318182,18.22368484818182,1.817991119423823e-06
MMD_dc_ae_l10_g1.00e-04,dc_ae,down_blocks.3.0,1.00e-04,8,18.68467708613636,18.40435578590909,18.964998386363636,1.8179861172029632e-06
MMD_dc_ae_l10_g1.00e-04,dc_ae,down_blocks.3.0,1.00e-04,9,20.494847745454546,19.531784013636365,21.457911477272727,1.6761415508881328e-06
MMD_dc_ae_l10_g1.00e-04,dc_ae,down_blocks.3.0,1.00e-04,10,22.186448304318183,22.164942098181818,22.207954510454545,1.8108352151102736e-06
MMD_dc_ae_l10_g1.00e-04,dc_ae,down_blocks.3.0,1.00e-04,11,22.556182346136364,22.336504287727273,22.775860404545455,1.7949107586900936e-06
MMD_dc_ae_l10_g1.00e-04,dc_ae,down_blocks.3.0,1.00e-04,12,23.05503894931818,23.03693973772727,23.073138160909092,1.8129168211089564e-06
MMD_dc_ae_l10_g1.00e-04,dc_ae,down_blocks.3.0,1.00e-04,13,23.983741463181822,23.859046570909094,24.108436355454547,1.8088504702973296e-06
MMD_dc_ae_l10_g1.00e-04,dc_ae,down_blocks.3.0,1.00e-04,14,24.42152434318182,24.136628927727273,24.706419758636365,1.808159709071333e-06
MMD_dc_ae_l10_g1.00e-04,dc_ae,down_blocks.3.0,1.00e-04,15,25.216616497954547,25.160939161363636,25.272293834545454,1.4692377590108663e-06
MMD_dc_ae_l10_g1.00e-04,dc_ae,down_blocks.3.0,1.00e-04,16,25.91158886977273,25.739496508636364,26.08368123090909,1.8186450461143977e-06
MMD_dc_ae_l10_g1.00e-04,dc_ae,down_blocks.3.0,1.00e-04,17,26.280579614772726,26.26193154681818,26.29922768272727,1.8137567394660437e-06
MMD_dc_ae_l10_g1.00e-04,dc_ae,down_blocks.3.0,1.00e-04,18,26.72500679659091,26.647243233181822,26.80277036,1.8074364334097481e-06
MMD_dc_ae_l10_g1.00e-04,dc_ae,down_blocks.3.0,1.00e-04,19,27.71722202681818,27.710613355454544,27.723830698181818,1.8193479718320305e-06
MMD_dc_ae_l10_g1.00e-04,dc_ae,down_blocks.3.0,1.00e-04,20,27.975271444090907,27.94224735681818,28.008295531363636,1.7820111679611728e-06
MMD_dc_ae_l10_g1.00e-04,dc_ae,down_blocks.3.0,1.00e-04,21,28.51916109681818,28.427649107272728,28.610673086363636,1.8190191894973395e-06
MMD_dc_ae_l10_g1.00e-04,dc_ae,down_blocks.3.0,1.00e-04,22,28.868573707954546,28.864666542727274,28.872480873181818,1.8161312027586973e-06
MMD_dc_ae_l10_g1.00e-04,dc_ae,down_blocks.3.0,1.00e-04,23,30.406674175227273,29.867093540909092,30.946254809545454,1.7624278143557603e-06
MMD_dc_ae_l10_g1.00e-04,dc_ae,down_blocks.3.0,1.00e-04,24,31.433125444318183,31.113843444545456,31.75240744409091,1.699173367342155e-06
MMD_dc_ae_l10_g1.00e-04,dc_ae,down_blocks.3.0,1.00e-04,25,32.032868589772725,31.962474827272725,32.10326235227273,1.870553433036548e-06
MMD_dc_ae_l10_g1.00e-04,dc_ae,down_blocks.3.0,1.00e-04,26,32.93285143340909,32.57260997909091,33.29309288772727,1.768369088495092e-06
MMD_dc_ae_l10_g1.00e-04,dc_ae,down_blocks.3.0,1.00e-04,27,33.789990362272725,33.63066458409091,33.94931614045454,1.7659633613220649e-06
MMD_dc_ae_l10_g1.00e-04,dc_ae,down_blocks.3.0,1.00e-04,28,34.63530097772727,34.254768114545456,35.01583384090909,1.8140133306587813e-06
MMD_dc_ae_l10_g1.00e-04,dc_ae,down_blocks.3.0,1.00e-04,29,36.06108401,35.61844186090909,36.50372615909091,1.8192506558989407e-06
MMD_dc_ae_l10_g1.00e-04,dc_ae,down_blocks.3.0,1.00e-04,30,36.965541977954544,36.74721518909091,37.183868766818186,1.8193243249697844e-06
MMD_dc_ae_l10_g1.00e-04,dc_ae,down_blocks.3.0,1.00e-04,31,37.74808161840909,37.586910895,37.90925234181818,3.401141611902858e-06
MMD_dc_ae_l10_g1.00e-04,dc_ae,down_blocks.3.0,1.00e-04,32,39.16038785159091,39.159607152727276,39.16116855045455,1.819383669499075e-06
MMD_dc_ae_l10_g1.00e-04,dc_ae,down_blocks.3.0,1.00e-04,33,39.614707512045456,39.50363207727273,39.72578294681818,1.8181342511525145e-06
MMD_dc_ae_l10_g1.00e-04,dc_ae,down_blocks.3.0,1.00e-04,34,40.30910911386364,40.10658689318182,40.511631334545456,1.8184769032814074e-06
MMD_dc_ae_l10_g1.00e-04,dc_ae,down_blocks.3.0,1.00e-04,35,41.33801180045454,41.22542756590909,41.450596035,1.7946277921510045e-06
MMD_dc_ae_l10_g1.00e-04,dc_ae,down_blocks.3.0,1.00e-04,36,41.67410449772727,41.606778884545456,41.74143011090909,1.7798786302591907e-06
MMD_dc_ae_l10_g1.00e-04,dc_ae,down_blocks.3.0,1.00e-04,37,42.3132160775,42.27668356454546,42.349748590454546,1.7842223769548582e-06
MMD_dc_ae_l10_g1.00e-04,dc_ae,down_blocks.3.0,1.00e-04,38,42.96702508590909,42.93479045136364,42.999259720454546,1.8190886521551874e-06
MMD_dc_ae_l10_g1.00e-04,dc_ae,down_blocks.3.0,1.00e-04,39,43.49911773840908,43.14833512181818,43.849900354999995,1.8176014009441133e-06
MMD_dc_ae_l10_g1.00e-04,dc_ae,down_blocks.3.0,1.00e-04,40,44.46355809863637,44.24228326,44.68483293727273,1.742702693263709e-06
MMD_dc_ae_l10_g1.00e-04,dc_ae,down_blocks.3.0,1.00e-04,41,45.02958462840909,45.014271393181815,45.044897863636365,1.817349129851209e-06
MMD_dc_ae_l10_g1.00e-04,dc_ae,down_blocks.3.0,1.00e-04,42,45.29330946295454,45.242849799999995,45.34376912590909,1.7942264776138472e-06
MMD_dc_ae_l10_g1.00e-04,dc_ae,down_blocks.3.0,1.00e-04,43,45.6633877325,45.44974382363636,45.87703164136364,1.7969487089430913e-06
MMD_dc_ae_l10_g1.00e-04,dc_ae,down_blocks.3.0,1.00e-04,44,46.19913604068182,46.05975058136364,46.3385215,1.8192081370216329e-06
MMD_dc_ae_l10_g1.00e-04,dc_ae,down_blocks.3.0,1.00e-04,45,46.506415069545454,46.461104443636366,46.55172569545454,1.7606379287826712e-06
MMD_dc_ae_l10_g1.00e-04,dc_ae,down_blocks.3.0,1.00e-04,46,46.7814371125,46.63784059272727,46.92503363227272,1.8986573877555202e-06
MMD_dc_ae_l10_g1.00e-04,dc_ae,down_blocks.3.0,1.00e-04,47,47.02157502772727,46.98420985,47.05894020545455,1.8084265320794657e-06
MMD_dc_ae_l10_g1.00e-04,dc_ae,down_blocks.3.0,1.00e-04,48,47.320069640227274,47.18393024863636,47.45620903181818,1.7920541495186626e-06
MMD_dc_ae_l10_g1.00e-04,dc_ae,down_blocks.3.0,1.00e-04,49,47.63274792386363,47.57944400681818,47.68605184090909,1.9488743419060484e-06
MMD_dc_ae_l10_g1.00e-04,dc_ae,down_blocks.3.0,1.00e-04,50,47.92564833181818,47.85413733318182,47.997159330454544,1.8193042023995076e-06
MMD_dc_ae_l10_g1.00e-04,dc_ae,down_blocks.3.0,1.00e-04,51,48.86026302159091,48.745656067727275,48.974869975454546,1.8055541204375913e-06
MMD_dc_ae_l10_g1.00e-04,dc_ae,down_blocks.3.0,1.00e-04,52,49.38568588545454,49.269933079999994,49.50143869090909,1.695229229881079e-06
MMD_dc_ae_l10_g1.00e-04,dc_ae,down_blocks.3.0,1.00e-04,53,50.13577139295455,50.02686477227273,50.24467801363637,1.8161604202759918e-06
MMD_dc_ae_l10_g1.00e-04,dc_ae,down_blocks.3.0,1.00e-04,54,50.27686834954545,50.26601576545454,50.287720933636365,1.8180114693677751e-06
MMD_dc_ae_l10_g1.00e-04,dc_ae,down_blocks.3.0,1.00e-04,55,50.41855757477272,50.397065763181814,50.44004938636363,1.8192433799413266e-06
MMD_dc_ae_l10_g1.00e-04,dc_ae,down_blocks.3.0,1.00e-04,56,50.63730162727273,50.53053583909091,50.744067415454545,1.7927842463905108e-06
MMD_dc_ae_l10_g1.00e-04,dc_ae,down_blocks.3.0,1.00e-04,57,50.914955580454546,50.877768575909094,50.952142585000004,1.8094691540682106e-06
MMD_dc_ae_l10_g1.00e-04,dc_ae,down_blocks.3.0,1.00e-04,58,51.36304193090909,51.255980857727266,51.47010300409091,1.812435471038043e-06
MMD_dc_ae_l10_g1.00e-04,dc_ae,down_blocks.3.0,1.00e-04,59,51.4886901025,51.48649149727273,51.49088870772727,1.8188635522164986e-06
MMD_dc_ae_l10_g1.00e-04,dc_ae,down_blocks.3.0,1.00e-04,60,51.729285431363635,51.669473619090915,51.78909724363636,1.8176914409195888e-06
MMD_dc_ae_l10_g1.00e-04,dc_ae,down_blocks.3.0,1.00e-04,61,51.86503114863636,51.85205774272727,51.87800455454545,1.8052027144221938e-06
MMD_dc_ae_l10_g1.00e-04,dc_ae,down_blocks.3.0,1.00e-04,62,51.962966427272725,51.92553946363636,52.00039339090909,1.8192796460425598e-06
MMD_dc_ae_l10_g1.00e-04,dc_ae,down_blocks.3.0,1.00e-04,63,52.2140292,52.126720309090906,52.30133809090909,1.8188114836448221e-06
MMD_dc_ae_l10_g1.00e-04,dc_ae,down_blocks.3.0,1.00e-04,64,52.88865584113637,52.82782977227273,52.94948191,1.818957343857619e-06
MMD_dc_ae_l10_g1.00e-04,dc_ae,down_blocks.3.0,1.00e-04,65,53.00029708795454,52.977303153181815,53.02329102272727,1.8193660480392282e-06
MMD_dc_ae_l10_g1.00e-04,dc_ae,down_blocks.3.0,1.00e-04,66,53.13382443863637,53.11169118954546,53.15595768772727,1.7998484054260189e-06
MMD_dc_ae_l10_g1.00e-04,dc_ae,down_blocks.3.0,1.00e-04,67,53.46701290090908,53.19575964181818,53.738266159999995,1.7939862573257415e-06
MMD_dc_ae_l10_g1.00e-04,dc_ae,down_blocks.3.0,1.00e-04,68,54.39349470159091,54.35688324090909,54.43010616227273,1.8146017737308284e-06
MMD_dc_ae_l10_g1.00e-04,dc_ae,down_blocks.3.0,1.00e-04,69,54.57660740431818,54.51598353272727,54.63723127590909,1.8193794630860793e-06
MMD_dc_ae_l10_g1.00e-04,dc_ae,down_blocks.3.0,1.00e-04,70,54.70462107522727,54.68535675181818,54.72388539863636,1.8184940699939034e-06
MMD_dc_ae_l10_g1.00e-04,dc_ae,down_blocks.3.0,1.00e-04,71,55.25811377272728,55.23867115454546,55.2775563909091,1.8108933090843493e-06
MMD_dc_ae_l10_g1.00e-04,dc_ae,down_blocks.3.0,1.00e-04,72,55.751711513636366,55.699695931818184,55.80372709545455,1.8192208699474577e-06
MMD_dc_ae_l10_g1.00e-04,dc_ae,down_blocks.3.0,1.00e-04,73,56.03063692863636,55.82518654818182,56.236087309090905,1.8190534092354937e-06
MMD_dc_ae_l10_g1.00e-04,dc_ae,down_blocks.3.0,1.00e-04,74,56.343688662272726,56.34353036818182,56.343846956363635,1.7566050019013346e-06
MMD_dc_ae_l10_g1.00e-04,dc_ae,down_blocks.3.0,1.00e-04,75,56.42361637045454,56.418747340909086,56.4284854,1.7544434740557335e-06
MMD_dc_ae_l10_g1.00e-04,dc_ae,down_blocks.3.0,1.00e-04,76,56.583800352272725,56.43083487727272,56.73676582727273,1.8193617279393948e-06
MMD_dc_ae_l10_g1.00e-04,dc_ae,down_blocks.3.0,1.00e-04,77,56.82032182704545,56.80215198181818,56.838491672272724,1.8019510434896802e-06
MMD_dc_ae_l10_g1.00e-04,dc_ae,down_blocks.3.0,1.00e-04,78,56.88140215909091,56.87784920000001,56.88495511818182,1.8131665910914307e-06
MMD_dc_ae_l10_g1.00e-04,dc_ae,down_blocks.3.0,1.00e-04,79,56.954357993181816,56.89427865,57.014437336363635,1.3768484450338292e-06
MMD_dc_ae_l10_g1.00e-04,dc_ae,down_blocks.3.0,1.00e-04,80,57.03816157659091,57.01605029863636,57.06027285454545,1.8190930859418586e-06
MMD_dc_ae_l10_g1.00e-04,dc_ae,down_blocks.3.0,1.00e-04,81,57.12540627659091,57.08577673045454,57.165035822727276,1.8193617279393948e-06
MMD_dc_ae_l10_g1.00e-04,dc_ae,down_blocks.3.0,1.00e-04,82,57.42789008590909,57.30280682363637,57.552973348181816,1.7744991964718793e-06
MMD_dc_ae_l10_g1.00e-04,dc_ae,down_blocks.3.0,1.00e-04,83,57.83153066113636,57.715692645,57.94736867727273,1.803333475436375e-06
MMD_dc_ae_l10_g1.00e-04,dc_ae,down_blocks.3.0,1.00e-04,84,58.08143253113636,58.01582408181818,58.14704098045454,1.7787017441150965e-06
MMD_dc_ae_l10_g1.00e-04,dc_ae,down_blocks.3.0,1.00e-04,85,58.444803400909095,58.40466673181818,58.48494007,1.8162268133892212e-06
MMD_dc_ae_l10_g1.00e-04,dc_ae,down_blocks.3.0,1.00e-04,86,58.91778003409091,58.90741873181818,58.92814133636364,1.815904283830605e-06
MMD_dc_ae_l10_g1.00e-04,dc_ae,down_blocks.3.0,1.00e-04,87,59.020174833863635,58.959711454090915,59.080638213636355,1.8114095610144432e-06
MMD_dc_ae_l10_g1.00e-04,dc_ae,down_blocks.3.0,1.00e-04,88,59.15856208795455,59.15176404636364,59.165360129545455,1.8475466276868246e-06
MMD_dc_ae_l10_g1.00e-04,dc_ae,down_blocks.3.0,1.00e-04,89,59.43633789068181,59.343238913181814,59.52943686818182,1.5827685047042905e-06
MMD_dc_ae_l10_g1.00e-04,dc_ae,down_blocks.3.0,1.00e-04,90,59.57651304136364,59.53394987363636,59.61907620909091,1.8193345567851793e-06
MMD_dc_ae_l10_g1.00e-04,dc_ae,down_blocks.3.0,1.00e-04,91,59.72755915772727,59.64024705,59.81487126545455,1.8193214827988413e-06
MMD_dc_ae_l10_g1.00e-04,dc_ae,down_blocks.3.0,1.00e-04,92,59.821970187727274,59.821444613636366,59.82249576181818,1.8134145420845016e-06
MMD_dc_ae_l10_g1.00e-04,dc_ae,down_blocks.3.0,1.00e-04,93,60.40047505386364,60.13491826227273,60.66603184545455,1.815789119063993e-06
MMD_dc_ae_l10_g1.00e-04,dc_ae,down_blocks.3.0,1.00e-04,94,60.95223787159091,60.91525143409091,60.98922430909091,1.8187150772064342e-06
MMD_dc_ae_l10_g1.00e-04,dc_ae,down_blocks.3.0,1.00e-04,95,61.20584357204545,61.15445065909091,61.257236485,1.812245614019048e-06
MMD_dc_ae_l10_g1.00e-04,dc_ae,down_blocks.3.0,1.00e-04,96,61.39982516295454,61.38288141818182,61.41676890772727,1.814212737372145e-06
MMD_dc_ae_l10_g1.00e-04,dc_ae,down_blocks.3.0,1.00e-04,97,61.504183716363634,61.450913154545454,61.557454278181815,1.8193328514826135e-06
MMD_dc_ae_l10_g1.00e-04,dc_ae,down_blocks.3.0,1.00e-04,98,61.63614204454545,61.612018317727276,61.66026577136363,1.819102294575714e-06
MMD_dc_ae_l10_g1.00e-04,dc_ae,down_blocks.3.0,1.00e-04,99,61.79374868181819,61.784896459090916,61.80260090454545,1.8193212554251659e-06
MMD_dc_ae_l10_g1.00e-04,dc_ae,down_blocks.3.0,1.00e-04,100,62.09325376181818,62.04634134636364,62.140166177272725,1.8185952512794756e-06
MMD_dc_ae_l10_g1.00e-04,dc_ae,down_blocks.3.0,1.00e-04,101,62.39542943,62.30800517363637,62.48285368636363,1.8192120023741154e-06
MMD_dc_ae_l10_g1.00e-04,dc_ae,down_blocks.3.0,1.00e-04,102,62.508076675,62.50087945,62.515273900000004,1.8156378018829855e-06
MMD_dc_ae_l10_g1.00e-04,dc_ae,down_blocks.3.0,1.00e-04,103,62.594979955227274,62.56153540454545,62.62842450590909,1.8088213664668729e-06
MMD_dc_ae_l10_g1.00e-04,dc_ae,down_blocks.3.0,1.00e-04,104,62.72680667931818,62.64787497272727,62.80573838590909,1.808088654797757e-06
MMD_dc_ae_l10_g1.00e-04,dc_ae,down_blocks.3.0,1.00e-04,105,62.93240722272727,62.831736559090906,63.033077886363635,1.817961674532853e-06
MMD_dc_ae_l10_g1.00e-04,dc_ae,down_blocks.3.0,1.00e-04,106,63.30071634545454,63.2958711590909,63.30556153181818,1.8164516859542346e-06
MMD_dc_ae_l10_g1.00e-04,dc_ae,down_blocks.3.0,1.00e-04,107,63.483996286363634,63.451246159090914,63.51674641363636,1.819293402149924e-06
MMD_dc_ae_l10_g1.00e-04,dc_ae,down_blocks.3.0,1.00e-04,108,63.56579307022727,63.52993807136364,63.601648069090906,1.7581691054147086e-06
MMD_dc_ae_l10_g1.00e-04,dc_ae,down_blocks.3.0,1.00e-04,109,63.64186040840909,63.632569839545454,63.65115097727273,2.176958787458716e-06
MMD_dc_ae_l10_g1.00e-04,dc_ae,down_blocks.3.0,1.00e-04,110,63.804872122727275,63.71100458181818,63.89873966363636,1.7889258288050769e-06
MMD_dc_ae_l10_g1.00e-04,dc_ae,down_blocks.3.0,1.00e-04,111,63.942615578181815,63.92419218818182,63.96103896818182,1.7672452941042138e-06
MMD_dc_ae_l10_g1.00e-04,dc_ae,down_blocks.3.0,1.00e-04,112,64.00932814772727,63.99746849090909,64.02118780454545,1.8193588857684517e-06
MMD_dc_ae_l10_g1.00e-04,dc_ae,down_blocks.3.0,1.00e-04,113,64.06637004090909,64.02835174090909,64.1043883409091,1.7688834077489446e-06
MMD_dc_ae_l10_g1.00e-04,dc_ae,down_blocks.3.0,1.00e-04,114,64.197639875,64.15682117727273,64.23845857272727,1.8136444168703747e-06
MMD_dc_ae_l10_g1.00e-04,dc_ae,down_blocks.3.0,1.00e-04,115,64.29020846409091,64.25370258636363,64.32671434181817,1.819087628973648e-06
MMD_dc_ae_l10_g1.00e-04,dc_ae,down_blocks.3.0,1.00e-04,116,64.48653965909091,64.40631527727272,64.56676404090909,1.8184238115281914e-06
MMD_dc_ae_l10_g1.00e-04,dc_ae,down_blocks.3.0,1.00e-04,117,64.76922604204546,64.70266141363636,64.83579067045456,1.8189380170952063e-06
MMD_dc_ae_l10_g1.00e-04,dc_ae,down_blocks.3.0,1.00e-04,118,64.89852501704544,64.88276691590909,64.91428311818181,1.8174243905377807e-06
MMD_dc_ae_l10_g1.00e-04,dc_ae,down_blocks.3.0,1.00e-04,119,65.05579888840909,64.99876317727272,65.11283459954545,1.81938492005429e-06
MMD_dc_ae_l10_g1.00e-04,dc_ae,down_blocks.3.0,1.00e-04,120,65.1427998815909,65.12859398045454,65.15700578272727,1.8007779090112308e-06
MMD_dc_ae_l10_g1.00e-04,dc_ae,down_blocks.3.0,1.00e-04,121,65.38211495681819,65.26560826818182,65.49862164545455,1.8188912918049027e-06
MMD_dc_ae_l10_g1.00e-04,dc_ae,down_blocks.3.0,1.00e-04,122,65.6644128984091,65.58085287863636,65.74797291818182,1.8146952243114356e-06
MMD_dc_ae_l10_g1.00e-04,dc_ae,down_blocks.3.0,1.00e-04,123,65.78481615227273,65.77319434545456,65.79643795909091,1.815304813135299e-06
MMD_dc_ae_l10_g1.00e-04,dc_ae,down_blocks.3.0,1.00e-04,124,65.98128235454546,65.90152255454545,66.06104215454546,1.8192647530668182e-06
MMD_dc_ae_l10_g1.00e-04,dc_ae,down_blocks.3.0,1.00e-04,125,66.380175075,66.34667021363636,66.41367993636364,1.8142362705475534e-06
MMD_dc_ae_l10_g1.00e-04,dc_ae,down_blocks.3.0,1.00e-04,126,66.53513308522727,66.49486482500001,66.57540134545455,1.8193696860180353e-06
MMD_dc_ae_l10_g1.00e-04,dc_ae,down_blocks.3.0,1.00e-04,127,66.67200952022728,66.64770191772728,66.69631712272727,1.8137313873012317e-06
MMD_dc_ae_l10_g1.00e-04,dc_ae,down_blocks.3.0,1.00e-04,128,66.77277958181818,66.69915260454546,66.84640655909091,1.8140535757993348e-06
MMD_dc_ae_l10_g1.00e-04,dc_ae,down_blocks.3.0,1.00e-04,129,67.04070426136363,66.92138232272727,67.1600262,1.6886526736925589e-06
MMD_dc_ae_l10_g1.00e-04,dc_ae,down_blocks.3.0,1.00e-04,130,67.28861000386364,67.24224864545455,67.33497136227273,1.8193852611148031e-06
MMD_dc_ae_l10_g1.00e-04,dc_ae,down_blocks.3.0,1.00e-04,131,67.57832059454546,67.50431248636363,67.65232870272727,1.8190114587923745e-06
MMD_dc_ae_l10_g1.00e-04,dc_ae,down_blocks.3.0,1.00e-04,132,67.81369166136363,67.78208407272727,67.84529925,1.8141785176339909e-06
MMD_dc_ae_l10_g1.00e-04,dc_ae,down_blocks.3.0,1.00e-04,133,67.93897957499999,67.89158320909091,67.98637594090908,1.8186723309554509e-06
MMD_dc_ae_l10_g1.00e-04,dc_ae,down_blocks.3.0,1.00e-04,134,68.10606402954545,68.0851692090909,68.12695885,1.797630034161557e-06
MMD_dc_ae_l10_g1.00e-04,dc_ae,down_blocks.3.0,1.00e-04,135,68.23297037272727,68.2302839,68.23565684545454,1.8190710306953406e-06
MMD_dc_ae_l10_g1.00e-04,dc_ae,down_blocks.3.0,1.00e-04,136,68.26855261863636,68.26595938409092,68.27114585318182,1.7871919908429845e-06
MMD_dc_ae_l10_g1.00e-04,dc_ae,down_blocks.3.0,1.00e-04,137,68.35431695,68.32032611363637,68.38830778636363,1.8191852859672508e-06
MMD_dc_ae_l10_g1.00e-04,dc_ae,down_blocks.3.0,1.00e-04,138,68.43904966136364,68.41746199090909,68.46063733181818,1.8175795730712707e-06
MMD_dc_ae_l10_g1.00e-04,dc_ae,down_blocks.3.0,1.00e-04,139,68.46939314545455,68.46664887727273,68.47213741363636,1.8070886653731577e-06
MMD_dc_ae_l10_g1.00e-04,dc_ae,down_blocks.3.0,1.00e-04,140,68.98970947477272,68.93374281227273,69.04567613727274,1.8157654722017469e-06
MMD_dc_ae_l10_g1.00e-04,dc_ae,down_blocks.3.0,1.00e-04,141,69.07596895681817,69.05974111818182,69.09219679545454,1.8193742334915441e-06
MMD_dc_ae_l10_g1.00e-04,dc_ae,down_blocks.3.0,1.00e-04,142,69.09902052045456,69.09712682727273,69.10091421363637,1.8040732356894296e-06
MMD_dc_ae_l10_g1.00e-04,dc_ae,down_blocks.3.0,1.00e-04,143,69.11422755681818,69.10780212727273,69.12065298636364,1.8041903331322828e-06
MMD_dc_ae_l10_g1.00e-04,dc_ae,down_blocks.3.0,1.00e-04,144,69.20713757499999,69.18059698636364,69.23367816363636,1.8192940842709504e-06
MMD_dc_ae_l10_g1.00e-04,dc_ae,down_blocks.3.0,1.00e-04,145,69.31117297909091,69.2644266,69.35791935818182,1.8193198911831132e-06
MMD_dc_ae_l10_g1.00e-04,dc_ae,down_blocks.3.0,1.00e-04,146,69.711816475,69.61843814545455,69.80519480454545,1.8190459059042041e-06
MMD_dc_ae_l10_g1.00e-04,dc_ae,down_blocks.3.0,1.00e-04,147,69.87131680454546,69.8553488,69.88728480909091,1.819355134102807e-06
MMD_dc_ae_l10_g1.00e-04,dc_ae,down_blocks.3.0,1.00e-04,148,70.01484913522728,69.97248817863637,70.05721009181819,1.8192907873526565e-06
MMD_dc_ae_l10_g1.00e-04,dc_ae,down_blocks.3.0,1.00e-04,149,70.15358302272728,70.14929492727272,70.15787111818182,1.818200644265744e-06
MMD_dc_ae_l10_g1.00e-04,dc_ae,down_blocks.3.0,1.00e-04,150,70.18329474545455,70.16147875909091,70.20511073181818,1.8193852611148031e-06
MMD_dc_ae_l10_g1.00e-04,dc_ae,down_blocks.3.0,1.00e-04,151,70.35018690227272,70.32331571818182,70.37705808636363,1.8193848063674523e-06
MMD_dc_ae_l10_g1.00e-04,dc_ae,down_blocks.3.0,1.00e-04,152,70.45040821409091,70.399005675,70.50181075318181,1.8177212268710718e-06
MMD_dc_ae_l10_g1.00e-04,dc_ae,down_blocks.3.0,1.00e-04,153,70.6769625340909,70.6102672090909,70.7436578590909,1.8189404045187985e-06
MMD_dc_ae_l10_g1.00e-04,dc_ae,down_blocks.3.0,1.00e-04,154,70.83329053636363,70.83137117272727,70.8352099,1.8179074459112599e-06
MMD_dc_ae_l10_g1.00e-04,dc_ae,down_blocks.3.0,1.00e-04,155,70.85428704318181,70.84563281363636,70.86294127272727,1.8090355524691404e-06
MMD_dc_ae_l10_g1.00e-04,dc_ae,down_blocks.3.0,1.00e-04,156,70.91317588613636,70.88488886772727,70.94146290454545,1.9031422198168002e-06
MMD_dc_ae_l10_g1.00e-04,dc_ae,down_blocks.3.0,1.00e-04,157,71.04800647272728,71.03486937272727,71.06114357272727,1.813793801375141e-06
MMD_dc_ae_l10_g1.00e-04,dc_ae,down_blocks.3.0,1.00e-04,158,71.17275272272727,71.16676672727273,71.17873871818182,1.8188762851423235e-06
MMD_dc_ae_l10_g1.00e-04,dc_ae,down_blocks.3.0,1.00e-04,159,71.23105279704546,71.2066498259091,71.25545576818182,1.818509304030158e-06
MMD_dc_ae_l10_g1.00e-04,dc_ae,down_blocks.3.0,1.00e-04,160,71.34023223636365,71.3174982909091,71.36296618181818,1.6476978998980485e-06
MMD_dc_ae_l10_g1.00e-04,dc_ae,down_blocks.3.0,1.00e-04,161,71.59614402954546,71.46931471818182,71.72297334090909,1.8193733239968424e-06
MMD_dc_ae_l10_g1.00e-04,dc_ae,down_blocks.3.0,1.00e-04,162,71.953188675,71.90808025909091,71.99829709090909,1.8085175952364807e-06
MMD_dc_ae_l10_g1.00e-04,dc_ae,down_blocks.3.0,1.00e-04,163,72.12556611863636,72.09644175681818,72.15469048045455,1.8191528852185002e-06
MMD_dc_ae_l10_g1.00e-04,dc_ae,down_blocks.3.0,1.00e-04,164,72.20636263409091,72.16259906363636,72.25012620454545,1.8089872355631087e-06
MMD_dc_ae_l10_g1.00e-04,dc_ae,down_blocks.3.0,1.00e-04,165,72.341453075,72.32991709090909,72.3529890590909,1.817986571950314e-06
MMD_dc_ae_l10_g1.00e-04,dc_ae,down_blocks.3.0,1.00e-04,166,72.4059290209091,72.35690482818183,72.45495321363636,1.8142246744901058e-06
MMD_dc_ae_l10_g1.00e-04,dc_ae,down_blocks.3.0,1.00e-04,167,72.62915620454547,72.62635492727273,72.63195748181819,1.8822436231857864e-06
MMD_dc_ae_l10_g1.00e-04,dc_ae,down_blocks.3.0,1.00e-04,168,72.868061955,72.83995069636363,72.89617321363636,1.8158606280849199e-06
MMD_dc_ae_l10_g1.00e-04,dc_ae,down_blocks.3.0,1.00e-04,169,73.07651165045455,73.03390340545455,73.11911989545455,1.8089359627992962e-06
MMD_dc_ae_l10_g1.00e-04,dc_ae,down_blocks.3.0,1.00e-04,170,73.23652217727272,73.13833258181818,73.33471177272727,1.7990371361520374e-06
MMD_dc_ae_l10_g1.00e-04,dc_ae,down_blocks.3.0,1.00e-04,171,73.3691810784091,73.33981687045456,73.39854528636364,1.8006338677878375e-06
MMD_dc_ae_l10_g1.00e-04,dc_ae,down_blocks.3.0,1.00e-04,172,73.426412225,73.41015931818183,73.44266513181819,1.8193735513705178e-06
MMD_dc_ae_l10_g1.00e-04,dc_ae,down_blocks.3.0,1.00e-04,173,73.45744235795453,73.44619574090909,73.46868897499999,1.8149795550925774e-06
MMD_dc_ae_l10_g1.00e-04,dc_ae,down_blocks.3.0,1.00e-04,174,73.52042231590909,73.50964273636363,73.53120189545454,1.819377985157189e-06
MMD_dc_ae_l10_g1.00e-04,dc_ae,down_blocks.3.0,1.00e-04,175,73.70395308409091,73.63946159545455,73.76844457272728,1.8191428807767807e-06
MMD_dc_ae_l10_g1.00e-04,dc_ae,down_blocks.3.0,1.00e-04,176,73.85347222136363,73.80118299272728,73.90576145,1.8188627564086346e-06
MMD_dc_ae_l10_g1.00e-04,dc_ae,down_blocks.3.0,1.00e-04,177,73.98737165409091,73.96756481363637,74.00717849454546,1.815541622818273e-06
MMD_dc_ae_l10_g1.00e-04,dc_ae,down_blocks.3.0,1.00e-04,178,74.03115760909091,74.01135728181818,74.05095793636363,1.8187224668508861e-06
MMD_dc_ae_l10_g1.00e-04,dc_ae,down_blocks.3.0,1.00e-04,179,74.12857689772727,74.05302495909092,74.20412883636364,1.7894641359816887e-06
MMD_dc_ae_l10_g1.00e-04,dc_ae,down_blocks.3.0,1.00e-04,180,74.35693384772728,74.32802774090909,74.38583995454546,1.8193838968727505e-06
MMD_dc_ae_l10_g1.00e-04,dc_ae,down_blocks.3.0,1.00e-04,181,74.49502861590909,74.46433656818182,74.52572066363636,1.8144013438359252e-06
MMD_dc_ae_l10_g1.00e-04,dc_ae,down_blocks.3.0,1.00e-04,182,74.88092521136363,74.86437946363637,74.89747095909091,1.8188179637945723e-06
MMD_dc_ae_l10_g1.00e-04,dc_ae,down_blocks.3.0,1.00e-04,183,74.96431832045454,74.9084351090909,75.02020153181819,1.8178884602093603e-06
MMD_dc_ae_l10_g1.00e-04,dc_ae,down_blocks.3.0,1.00e-04,184,75.04762157954545,75.04613550454546,75.04910765454545,1.8148426761399605e-06
MMD_dc_ae_l10_g1.00e-04,dc_ae,down_blocks.3.0,1.00e-04,185,75.09576952954546,75.04911406363637,75.14242499545455,1.8003569266511477e-06
MMD_dc_ae_l10_g1.00e-04,dc_ae,down_blocks.3.0,1.00e-04,186,75.18233699545453,75.14524949545454,75.21942449545455,1.8190587525168667e-06
MMD_dc_ae_l10_g1.00e-04,dc_ae,down_blocks.3.0,1.00e-04,187,75.27024816863636,75.2494860690909,75.29101026818182,1.8192854440712836e-06
MMD_dc_ae_l10_g1.00e-04,dc_ae,down_blocks.3.0,1.00e-04,188,75.32758327272727,75.30463428181818,75.35053226363635,1.8167893358622678e-06
MMD_dc_ae_l10_g1.00e-04,dc_ae,down_blocks.3.0,1.00e-04,189,75.41747211250001,75.358434425,75.4765098,1.780218667590816e-06
MMD_dc_ae_l10_g1.00e-04,dc_ae,down_blocks.3.0,1.00e-04,190,75.51253231590908,75.48288537727272,75.54217925454545,1.8112347106580273e-06
MMD_dc_ae_l10_g1.00e-04,dc_ae,down_blocks.3.0,1.00e-04,191,75.6663297,75.65154605454546,75.68111334545455,1.8193842379332636e-06
MMD_dc_ae_l10_g1.00e-04,dc_ae,down_blocks.3.0,1.00e-04,192,75.77599059545454,75.77031593636364,75.78166525454546,1.8178593563789036e-06
MMD_dc_ae_l10_g1.00e-04,dc_ae,down_blocks.3.0,1.00e-04,193,75.81841251795454,75.79512009954546,75.84170493636363,1.8157985550715239e-06
MMD_dc_ae_l10_g1.00e-04,dc_ae,down_blocks.3.0,1.00e-04,194,75.93210186136363,75.84312428636363,76.02107943636364,1.8165169421990868e-06
MMD_dc_ae_l10_g1.00e-04,dc_ae,down_blocks.3.0,1.00e-04,195,76.11776692272727,76.07231828181818,76.16321556363636,1.8188486592407571e-06
MMD_dc_ae_l10_g1.00e-04,dc_ae,down_blocks.3.0,1.00e-04,196,76.23163166,76.19598609272727,76.26727722727273,1.8041516796074575e-06
MMD_dc_ae_l10_g1.00e-04,dc_ae,down_blocks.3.0,1.00e-04,197,76.28963145,76.28929185454545,76.28997104545455,1.8158917782784556e-06
MMD_dc_ae_l10_g1.00e-04,dc_ae,down_blocks.3.0,1.00e-04,198,76.33895351590908,76.32376224090909,76.35414479090909,1.817503516576835e-06
MMD_dc_ae_l10_g1.00e-04,dc_ae,down_blocks.3.0,1.00e-04,199,76.42131312727273,76.39021483181818,76.45241142272727,1.8191547042079037e-06
MMD_dc_ae_l10_g1.00e-04,dc_ae,down_blocks.3.0,1.00e-04,200,76.53077822886364,76.51437691681818,76.5471795409091,1.815109953895444e-06
MMD_dc_ae_l10_g1.00e-04,dc_ae,down_blocks.3.0,1.00e-04,201,76.61798762954547,76.59774437272728,76.63823088636364,1.7714587556838524e-06
MMD_dc_ae_l10_g1.00e-04,dc_ae,down_blocks.3.0,1.00e-04,202,76.65972911636364,76.64452179545455,76.67493643727272,1.7575987385498593e-06
MMD_dc_ae_l10_g1.00e-04,dc_ae,down_blocks.3.0,1.00e-04,203,76.74399205681817,76.67586082272727,76.81212329090908,1.8193851474279654e-06
MMD_dc_ae_l10_g1.00e-04,dc_ae,down_blocks.3.0,1.00e-04,204,76.9110158,76.90558185454546,76.91644974545454,1.8193788946518907e-06
MMD_dc_ae_l10_g1.00e-04,dc_ae,down_blocks.3.0,1.00e-04,205,77.04938380386363,76.98329391227273,77.11547369545454,1.8149402194467257e-06
MMD_dc_ae_l10_g1.00e-04,dc_ae,down_blocks.3.0,1.00e-04,206,77.15743344090909,77.14402031818182,77.17084656363636,1.793632804947265e-06
MMD_dc_ae_l10_g1.00e-04,dc_ae,down_blocks.3.0,1.00e-04,207,77.30214769545455,77.25877326818183,77.34552212272727,1.6550185364394565e-06
MMD_dc_ae_l10_g1.00e-04,dc_ae,down_blocks.3.0,1.00e-04,208,77.5903121975,77.52582683636363,77.65479755863636,1.8144106661566184e-06
MMD_dc_ae_l10_g1.00e-04,dc_ae,down_blocks.3.0,1.00e-04,209,77.71230485227272,77.69959142727272,77.72501827727272,1.5889565929683158e-06
MMD_dc_ae_l10_g1.00e-04,dc_ae,down_blocks.3.0,1.00e-04,210,77.90452434545455,77.83570625,77.9733424409091,1.8187774912803434e-06
MMD_dc_ae_l10_g1.00e-04,dc_ae,down_blocks.3.0,1.00e-04,211,78.13042912045455,78.0566007590909,78.20425748181819,1.8149967218050733e-06
MMD_dc_ae_l10_g1.00e-04,dc_ae,down_blocks.3.0,1.00e-04,212,78.24727043863636,78.23482706363636,78.25971381363637,1.805798433451855e-06
MMD_dc_ae_l10_g1.00e-04,dc_ae,down_blocks.3.0,1.00e-04,213,78.38345864545454,78.3483194,78.4185978909091,1.7172297930301283e-06
MMD_dc_ae_l10_g1.00e-04,dc_ae,down_blocks.3.0,1.00e-04,214,78.54078605227272,78.53980069090909,78.54177141363635,1.8186102579420549e-06
MMD_dc_ae_l10_g1.00e-04,dc_ae,down_blocks.3.0,1.00e-04,215,78.58008820545454,78.57485005,78.5853263609091,1.7548732103023212e-06
MMD_dc_ae_l10_g1.00e-04,dc_ae,down_blocks.3.0,1.00e-04,216,78.62433498636364,78.61859467727272,78.63007529545455,1.8193810547018074e-06
MMD_dc_ae_l10_g1.00e-04,dc_ae,down_blocks.3.0,1.00e-04,217,79.04517957499999,78.86957993181818,79.22077921818182,1.815110749703308e-06
MMD_dc_ae_l10_g1.00e-04,dc_ae,down_blocks.3.0,1.00e-04,218,79.26989939772727,79.25695136818182,79.28284742727273,1.8193555888501578e-06
MMD_dc_ae_l10_g1.00e-04,dc_ae,down_blocks.3.0,1.00e-04,219,79.41755696590909,79.36729972727272,79.46781420454546,1.8191240087617189e-06
MMD_dc_ae_l10_g1.00e-04,dc_ae,down_blocks.3.0,1.00e-04,220,79.5698799834091,79.51125251363636,79.62850745318183,1.8156850956074777e-06
MMD_dc_ae_l10_g1.00e-04,dc_ae,down_blocks.3.0,1.00e-04,221,79.70322166818181,79.6499864090909,79.75645692727272,1.8102332433045376e-06
MMD_dc_ae_l10_g1.00e-04,dc_ae,down_blocks.3.0,1.00e-04,222,79.93145022954545,79.91532173636364,79.94757872272727,1.8166431345889578e-06
MMD_dc_ae_l10_g1.00e-04,dc_ae,down_blocks.3.0,1.00e-04,223,80.08039142727273,80.02392345454545,80.13685939999999,1.8193427422374953e-06
MMD_dc_ae_l10_g1.00e-04,dc_ae,down_blocks.3.0,1.00e-04,224,80.3456105840909,80.28660759545454,80.40461357272727,1.81938492005429e-06
MMD_dc_ae_l10_g1.00e-04,dc_ae,down_blocks.3.0,1.00e-04,225,80.50383668863637,80.43965011363636,80.56802326363636,1.8193852611148031e-06
MMD_dc_ae_l10_g1.00e-04,dc_ae,down_blocks.3.0,1.00e-04,226,80.76717882045455,80.69563893636364,80.83871870454546,1.8130718899556086e-06
MMD_dc_ae_l10_g1.00e-04,dc_ae,down_blocks.3.0,1.00e-04,227,80.93666893636365,80.88731798181819,80.98601989090909,1.8188885633207974e-06
MMD_dc_ae_l10_g1.00e-04,dc_ae,down_blocks.3.0,1.00e-04,228,81.24550969772727,81.02786977272727,81.46314962272727,1.8192514517068048e-06
MMD_dc_ae_l10_g1.00e-04,dc_ae,down_blocks.3.0,1.00e-04,229,81.51551185,81.49191450454545,81.53910919545454,1.8063112747768173e-06
MMD_dc_ae_l10_g1.00e-04,dc_ae,down_blocks.3.0,1.00e-04,230,81.66181410454547,81.65584415909092,81.66778405000001,1.8193455844084383e-06
MMD_dc_ae_l10_g1.00e-04,dc_ae,down_blocks.3.0,1.00e-04,231,82.09491658409091,82.0783984909091,82.11143467727273,1.7819776303440449e-06
MMD_dc_ae_l10_g1.00e-04,dc_ae,down_blocks.3.0,1.00e-04,232,82.51240656590909,82.15394328181819,82.87086985,1.81799475740263e-06
MMD_dc_ae_l10_g1.00e-04,dc_ae,down_blocks.3.0,1.00e-04,233,83.15926654545454,83.04785639090909,83.2706767,1.8176767753175227e-06
MMD_dc_ae_l10_g1.00e-04,dc_ae,down_blocks.3.0,1.00e-04,234,83.30087949545455,83.28013232272727,83.32162666818182,1.718376665849064e-06
MMD_dc_ae_l10_g1.00e-04,dc_ae,down_blocks.3.0,1.00e-04,235,83.40563283409091,83.35334443181819,83.45792123636365,1.8176934872826678e-06
MMD_dc_ae_l10_g1.00e-04,dc_ae,down_blocks.3.0,1.00e-04,236,84.40519799318182,84.18152392727274,84.62887205909091,1.7802374259190401e-06
MMD_dc_ae_l10_g1.00e-04,dc_ae,down_blocks.3.0,1.00e-04,237,85.11644672954546,85.11071750454545,85.12217595454545,1.543398752801295e-06
MMD_dc_ae_l10_g1.00e-04,dc_ae,down_blocks.3.0,1.00e-04,238,85.67873419522728,85.54109655454546,85.8163718359091,1.8128467900169198e-06
MMD_dc_ae_l10_g1.00e-04,dc_ae,down_blocks.3.0,1.00e-04,239,86.04259813636364,86.0069106,86.07828567272726,1.8193667301602545e-06
MMD_dc_ae_l10_g1.00e-04,dc_ae,down_blocks.3.0,1.00e-04,240,87.13953110454545,86.46879091363637,87.81027129545454,1.8005252968578134e-06
MMD_dc_ae_l10_g1.00e-03,dc_ae,down_blocks.3.0,1.00e-03,1,10.810482123636362,10.383351573636363,11.237612673636363,-6.109625305672495e-11
MMD_dc_ae_l10_g1.00e-03,dc_ae,down_blocks.3.0,1.00e-03,2,13.363017030454547,12.873956289545454,13.852077771363637,-6.109625305672495e-11
MMD_dc_ae_l10_g1.00e-03,dc_ae,down_blocks.3.0,1.00e-03,3,15.27335880590909,14.772021149545454,15.774696462272727,-6.109625305672495e-11
MMD_dc_ae_l10_g1.00e-03,dc_ae,down_blocks.3.0,1.00e-03,4,16.414950566818185,16.11136225,16.718538883636366,-6.109625305672495e-11
MMD_dc_ae_l10_g1.00e-03,dc_ae,down_blocks.3.0,1.00e-03,5,16.905719235454548,16.83383592,16.977602550909094,-6.109625305672495e-11
MMD_dc_ae_l10_g1.00e-03,dc_ae,down_blocks.3.0,1.00e-03,6,17.31410864272727,17.128398308636363,17.49981897681818,-6.109625305672495e-11
MMD_dc_ae_l10_g1.00e-03,dc_ae,down_blocks.3.0,1.00e-03,7,18.12177835068182,18.01987185318182,18.22368484818182,-6.109625305672495e-11
MMD_dc_ae_l10_g1.00e-03,dc_ae,down_blocks.3.0,1.00e-03,8,18.68467708613636,18.40435578590909,18.964998386363636,-6.109625305672495e-11
MMD_dc_ae_l10_g1.00e-03,dc_ae,down_blocks.3.0,1.00e-03,9,20.494847745454546,19.531784013636365,21.457911477272727,-6.109625305672495e-11
MMD_dc_ae_l10_g1.00e-03,dc_ae,down_blocks.3.0,1.00e-03,10,22.186448304318183,22.164942098181818,22.207954510454545,-6.109625305672495e-11
MMD_dc_ae_l10_g1.00e-03,dc_ae,down_blocks.3.0,1.00e-03,11,22.556182346136364,22.336504287727273,22.775860404545455,-6.109625305672495e-11
MMD_dc_ae_l10_g1.00e-03,dc_ae,down_blocks.3.0,1.00e-03,12,23.05503894931818,23.03693973772727,23.073138160909092,-6.109625305672495e-11
MMD_dc_ae_l10_g1.00e-03,dc_ae,down_blocks.3.0,1.00e-03,13,23.983741463181822,23.859046570909094,24.108436355454547,-6.109625305672495e-11
MMD_dc_ae_l10_g1.00e-03,dc_ae,down_blocks.3.0,1.00e-03,14,24.42152434318182,24.136628927727273,24.706419758636365,-6.109625305672495e-11
MMD_dc_ae_l10_g1.00e-03,dc_ae,down_blocks.3.0,1.00e-03,15,25.216616497954547,25.160939161363636,25.272293834545454,-6.109625305672495e-11
MMD_dc_ae_l10_g1.00e-03,dc_ae,down_blocks.3.0,1.00e-03,16,25.91158886977273,25.739496508636364,26.08368123090909,-6.109625305672495e-11
MMD_dc_ae_l10_g1.00e-03,dc_ae,down_blocks.3.0,1.00e-03,17,26.280579614772726,26.26193154681818,26.29922768272727,-6.109625305672495e-11
MMD_dc_ae_l10_g1.00e-03,dc_ae,down_blocks.3.0,1.00e-03,18,26.72500679659091,26.647243233181822,26.80277036,-6.109625305672495e-11
MMD_dc_ae_l10_g1.00e-03,dc_ae,down_blocks.3.0,1.00e-03,19,27.71722202681818,27.710613355454544,27.723830698181818,-6.109625305672495e-11
MMD_dc_ae_l10_g1.00e-03,dc_ae,down_blocks.3.0,1.00e-03,20,27.975271444090907,27.94224735681818,28.008295531363636,-6.109625305672495e-11
MMD_dc_ae_l10_g1.00e-03,dc_ae,down_blocks.3.0,1.00e-03,21,28.51916109681818,28.427649107272728,28.610673086363636,-6.109625305672495e-11
MMD_dc_ae_l10_g1.00e-03,dc_ae,down_blocks.3.0,1.00e-03,22,28.868573707954546,28.864666542727274,28.872480873181818,-6.109625305672495e-11
MMD_dc_ae_l10_g1.00e-03,dc_ae,down_blocks.3.0,1.00e-03,23,30.406674175227273,29.867093540909092,30.946254809545454,-6.109625305672495e-11
MMD_dc_ae_l10_g1.00e-03,dc_ae,down_blocks.3.0,1.00e-03,24,31.433125444318183,31.113843444545456,31.75240744409091,-6.109625305672495e-11
MMD_dc_ae_l10_g1.00e-03,dc_ae,down_blocks.3.0,1.00e-03,25,32.032868589772725,31.962474827272725,32.10326235227273,-6.109625305672495e-11
MMD_dc_ae_l10_g1.00e-03,dc_ae,down_blocks.3.0,1.00e-03,26,32.93285143340909,32.57260997909091,33.29309288772727,-6.109625305672495e-11
MMD_dc_ae_l10_g1.00e-03,dc_ae,down_blocks.3.0,1.00e-03,27,33.789990362272725,33.63066458409091,33.94931614045454,-6.109625305672495e-11
MMD_dc_ae_l10_g1.00e-03,dc_ae,down_blocks.3.0,1.00e-03,28,34.63530097772727,34.254768114545456,35.01583384090909,-6.109625305672495e-11
MMD_dc_ae_l10_g1.00e-03,dc_ae,down_blocks.3.0,1.00e-03,29,36.06108401,35.61844186090909,36.50372615909091,-6.109625305672495e-11
MMD_dc_ae_l10_g1.00e-03,dc_ae,down_blocks.3.0,1.00e-03,30,36.965541977954544,36.74721518909091,37.183868766818186,-6.109625305672495e-11
MMD_dc_ae_l10_g1.00e-03,dc_ae,down_blocks.3.0,1.00e-03,31,37.74808161840909,37.586910895,37.90925234181818,-6.109625305672495e-11
MMD_dc_ae_l10_g1.00e-03,dc_ae,down_blocks.3.0,1.00e-03,32,39.16038785159091,39.159607152727276,39.16116855045455,-6.109625305672495e-11
MMD_dc_ae_l10_g1.00e-03,dc_ae,down_blocks.3.0,1.00e-03,33,39.614707512045456,39.50363207727273,39.72578294681818,-6.109625305672495e-11
MMD_dc_ae_l10_g1.00e-03,dc_ae,down_blocks.3.0,1.00e-03,34,40.30910911386364,40.10658689318182,40.511631334545456,-6.109625305672495e-11
MMD_dc_ae_l10_g1.00e-03,dc_ae,down_blocks.3.0,1.00e-03,35,41.33801180045454,41.22542756590909,41.450596035,-6.109625305672495e-11
MMD_dc_ae_l10_g1.00e-03,dc_ae,down_blocks.3.0,1.00e-03,36,41.67410449772727,41.606778884545456,41.74143011090909,-6.109625305672495e-11
MMD_dc_ae_l10_g1.00e-03,dc_ae,down_blocks.3.0,1.00e-03,37,42.3132160775,42.27668356454546,42.349748590454546,-6.109625305672495e-11
MMD_dc_ae_l10_g1.00e-03,dc_ae,down_blocks.3.0,1.00e-03,38,42.96702508590909,42.93479045136364,42.999259720454546,-6.109625305672495e-11
MMD_dc_ae_l10_g1.00e-03,dc_ae,down_blocks.3.0,1.00e-03,39,43.49911773840908,43.14833512181818,43.849900354999995,-6.109625305672495e-11
MMD_dc_ae_l10_g1.00e-03,dc_ae,down_blocks.3.0,1.00e-03,40,44.46355809863637,44.24228326,44.68483293727273,-6.109625305672495e-11
MMD_dc_ae_l10_g1.00e-03,dc_ae,down_blocks.3.0,1.00e-03,41,45.02958462840909,45.014271393181815,45.044897863636365,-6.109625305672495e-11
MMD_dc_ae_l10_g1.00e-03,dc_ae,down_blocks.3.0,1.00e-03,42,45.29330946295454,45.242849799999995,45.34376912590909,-6.109625305672495e-11
MMD_dc_ae_l10_g1.00e-03,dc_ae,down_blocks.3.0,1.00e-03,43,45.6633877325,45.44974382363636,45.87703164136364,-6.109625305672495e-11
MMD_dc_ae_l10_g1.00e-03,dc_ae,down_blocks.3.0,1.00e-03,44,46.19913604068182,46.05975058136364,46.3385215,-6.109625305672495e-11
MMD_dc_ae_l10_g1.00e-03,dc_ae,down_blocks.3.0,1.00e-03,45,46.506415069545454,46.461104443636366,46.55172569545454,-6.109625305672495e-11
MMD_dc_ae_l10_g1.00e-03,dc_ae,down_blocks.3.0,1.00e-03,46,46.7814371125,46.63784059272727,46.92503363227272,-6.109625305672495e-11
MMD_dc_ae_l10_g1.00e-03,dc_ae,down_blocks.3.0,1.00e-03,47,47.02157502772727,46.98420985,47.05894020545455,-6.109625305672495e-11
MMD_dc_ae_l10_g1.00e-03,dc_ae,down_blocks.3.0,1.00e-03,48,47.320069640227274,47.18393024863636,47.45620903181818,-6.109625305672495e-11
MMD_dc_ae_l10_g1.00e-03,dc_ae,down_blocks.3.0,1.00e-03,49,47.63274792386363,47.57944400681818,47.68605184090909,-6.109625305672495e-11
MMD_dc_ae_l10_g1.00e-03,dc_ae,down_blocks.3.0,1.00e-03,50,47.92564833181818,47.85413733318182,47.997159330454544,-6.109625305672495e-11
MMD_dc_ae_l10_g1.00e-03,dc_ae,down_blocks.3.0,1.00e-03,51,48.86026302159091,48.745656067727275,48.974869975454546,-6.109625305672495e-11
MMD_dc_ae_l10_g1.00e-03,dc_ae,down_blocks.3.0,1.00e-03,52,49.38568588545454,49.269933079999994,49.50143869090909,-6.109625305672495e-11
MMD_dc_ae_l10_g1.00e-03,dc_ae,down_blocks.3.0,1.00e-03,53,50.13577139295455,50.02686477227273,50.24467801363637,-6.109625305672495e-11
MMD_dc_ae_l10_g1.00e-03,dc_ae,down_blocks.3.0,1.00e-03,54,50.27686834954545,50.26601576545454,50.287720933636365,-6.109625305672495e-11
MMD_dc_ae_l10_g1.00e-03,dc_ae,down_blocks.3.0,1.00e-03,55,50.41855757477272,50.397065763181814,50.44004938636363,-6.109625305672495e-11
MMD_dc_ae_l10_g1.00e-03,dc_ae,down_blocks.3.0,1.00e-03,56,50.63730162727273,50.53053583909091,50.744067415454545,-6.109625305672495e-11
MMD_dc_ae_l10_g1.00e-03,dc_ae,down_blocks.3.0,1.00e-03,57,50.914955580454546,50.877768575909094,50.952142585000004,-6.109625305672495e-11
MMD_dc_ae_l10_g1.00e-03,dc_ae,down_blocks.3.0,1.00e-03,58,51.36304193090909,51.255980857727266,51.47010300409091,-6.109625305672495e-11
MMD_dc_ae_l10_g1.00e-03,dc_ae,down_blocks.3.0,1.00e-03,59,51.4886901025,51.48649149727273,51.49088870772727,-6.109625305672495e-11
MMD_dc_ae_l10_g1.00e-03,dc_ae,down_blocks.3.0,1.00e-03,60,51.729285431363635,51.669473619090915,51.78909724363636,-6.109625305672495e-11
MMD_dc_ae_l10_g1.00e-03,dc_ae,down_blocks.3.0,1.00e-03,61,51.86503114863636,51.85205774272727,51.87800455454545,-6.109625305672495e-11
MMD_dc_ae_l10_g1.00e-03,dc_ae,down_blocks.3.0,1.00e-03,62,51.962966427272725,51.92553946363636,52.00039339090909,-6.109625305672495e-11
MMD_dc_ae_l10_g1.00e-03,dc_ae,down_blocks.3.0,1.00e-03,63,52.2140292,52.126720309090906,52.30133809090909,-6.109625305672495e-11
MMD_dc_ae_l10_g1.00e-03,dc_ae,down_blocks.3.0,1.00e-03,64,52.88865584113637,52.82782977227273,52.94948191,-6.109625305672495e-11
MMD_dc_ae_l10_g1.00e-03,dc_ae,down_blocks.3.0,1.00e-03,65,53.00029708795454,52.977303153181815,53.02329102272727,-6.109625305672495e-11
MMD_dc_ae_l10_g1.00e-03,dc_ae,down_blocks.3.0,1.00e-03,66,53.13382443863637,53.11169118954546,53.15595768772727,-6.109625305672495e-11
MMD_dc_ae_l10_g1.00e-03,dc_ae,down_blocks.3.0,1.00e-03,67,53.46701290090908,53.19575964181818,53.738266159999995,-6.109625305672495e-11
MMD_dc_ae_l10_g1.00e-03,dc_ae,down_blocks.3.0,1.00e-03,68,54.39349470159091,54.35688324090909,54.43010616227273,-6.109625305672495e-11
MMD_dc_ae_l10_g1.00e-03,dc_ae,down_blocks.3.0,1.00e-03,69,54.57660740431818,54.51598353272727,54.63723127590909,-6.109625305672495e-11
MMD_dc_ae_l10_g1.00e-03,dc_ae,down_blocks.3.0,1.00e-03,70,54.70462107522727,54.68535675181818,54.72388539863636,-6.109625305672495e-11
MMD_dc_ae_l10_g1.00e-03,dc_ae,down_blocks.3.0,1.00e-03,71,55.25811377272728,55.23867115454546,55.2775563909091,-6.109625305672495e-11
MMD_dc_ae_l10_g1.00e-03,dc_ae,down_blocks.3.0,1.00e-03,72,55.751711513636366,55.699695931818184,55.80372709545455,-6.109625305672495e-11
MMD_dc_ae_l10_g1.00e-03,dc_ae,down_blocks.3.0,1.00e-03,73,56.03063692863636,55.82518654818182,56.236087309090905,-6.109625305672495e-11
MMD_dc_ae_l10_g1.00e-03,dc_ae,down_blocks.3.0,1.00e-03,74,56.343688662272726,56.34353036818182,56.343846956363635,-6.109625305672495e-11
MMD_dc_ae_l10_g1.00e-03,dc_ae,down_blocks.3.0,1.00e-03,75,56.42361637045454,56.418747340909086,56.4284854,-6.109625305672495e-11
MMD_dc_ae_l10_g1.00e-03,dc_ae,down_blocks.3.0,1.00e-03,76,56.583800352272725,56.43083487727272,56.73676582727273,-6.109625305672495e-11
MMD_dc_ae_l10_g1.00e-03,dc_ae,down_blocks.3.0,1.00e-03,77,56.82032182704545,56.80215198181818,56.838491672272724,-6.109625305672495e-11
MMD_dc_ae_l10_g1.00e-03,dc_ae,down_blocks.3.0,1.00e-03,78,56.88140215909091,56.87784920000001,56.88495511818182,-6.109625305672495e-11
MMD_dc_ae_l10_g1.00e-03,dc_ae,down_blocks.3.0,1.00e-03,79,56.954357993181816,56.89427865,57.014437336363635,-6.109625305672495e-11
MMD_dc_ae_l10_g1.00e-03,dc_ae,down_blocks.3.0,1.00e-03,80,57.03816157659091,57.01605029863636,57.06027285454545,-6.109625305672495e-11
MMD_dc_ae_l10_g1.00e-03,dc_ae,down_blocks.3.0,1.00e-03,81,57.12540627659091,57.08577673045454,57.165035822727276,-6.109625305672495e-11
MMD_dc_ae_l10_g1.00e-03,dc_ae,down_blocks.3.0,1.00e-03,82,57.42789008590909,57.30280682363637,57.552973348181816,-6.109625305672495e-11
MMD_dc_ae_l10_g1.00e-03,dc_ae,down_blocks.3.0,1.00e-03,83,57.83153066113636,57.715692645,57.94736867727273,-6.109625305672495e-11
MMD_dc_ae_l10_g1.00e-03,dc_ae,down_blocks.3.0,1.00e-03,84,58.08143253113636,58.01582408181818,58.14704098045454,-6.109625305672495e-11
MMD_dc_ae_l10_g1.00e-03,dc_ae,down_blocks.3.0,1.00e-03,85,58.444803400909095,58.40466673181818,58.48494007,-6.109625305672495e-11
MMD_dc_ae_l10_g1.00e-03,dc_ae,down_blocks.3.0,1.00e-03,86,58.91778003409091,58.90741873181818,58.92814133636364,-6.109625305672495e-11
MMD_dc_ae_l10_g1.00e-03,dc_ae,down_blocks.3.0,1.00e-03,87,59.020174833863635,58.959711454090915,59.080638213636355,-6.109625305672495e-11
MMD_dc_ae_l10_g1.00e-03,dc_ae,down_blocks.3.0,1.00e-03,88,59.15856208795455,59.15176404636364,59.165360129545455,-6.109625305672495e-11
MMD_dc_ae_l10_g1.00e-03,dc_ae,down_blocks.3.0,1.00e-03,89,59.43633789068181,59.343238913181814,59.52943686818182,-6.109625305672495e-11
MMD_dc_ae_l10_g1.00e-03,dc_ae,down_blocks.3.0,1.00e-03,90,59.57651304136364,59.53394987363636,59.61907620909091,-6.109625305672495e-11
MMD_dc_ae_l10_g1.00e-03,dc_ae,down_blocks.3.0,1.00e-03,91,59.72755915772727,59.64024705,59.81487126545455,-6.109625305672495e-11
MMD_dc_ae_l10_g1.00e-03,dc_ae,down_blocks.3.0,1.00e-03,92,59.821970187727274,59.821444613636366,59.82249576181818,-6.109625305672495e-11
MMD_dc_ae_l10_g1.00e-03,dc_ae,down_blocks.3.0,1.00e-03,93,60.40047505386364,60.13491826227273,60.66603184545455,-6.109625305672495e-11
MMD_dc_ae_l10_g1.00e-03,dc_ae,down_blocks.3.0,1.00e-03,94,60.95223787159091,60.91525143409091,60.98922430909091,-6.109625305672495e-11
MMD_dc_ae_l10_g1.00e-03,dc_ae,down_blocks.3.0,1.00e-03,95,61.20584357204545,61.15445065909091,61.257236485,-6.109625305672495e-11
MMD_dc_ae_l10_g1.00e-03,dc_ae,down_blocks.3.0,1.00e-03,96,61.39982516295454,61.38288141818182,61.41676890772727,-6.109625305672495e-11
MMD_dc_ae_l10_g1.00e-03,dc_ae,down_blocks.3.0,1.00e-03,97,61.504183716363634,61.450913154545454,61.557454278181815,-6.109625305672495e-11
MMD_dc_ae_l10_g1.00e-03,dc_ae,down_blocks.3.0,1.00e-03,98,61.63614204454545,61.612018317727276,61.66026577136363,-6.109625305672495e-11
MMD_dc_ae_l10_g1.00e-03,dc_ae,down_blocks.3.0,1.00e-03,99,61.79374868181819,61.784896459090916,61.80260090454545,-6.109625305672495e-11
MMD_dc_ae_l10_g1.00e-03,dc_ae,down_blocks.3.0,1.00e-03,100,62.09325376181818,62.04634134636364,62.140166177272725,-6.109625305672495e-11
MMD_dc_ae_l10_g1.00e-03,dc_ae,down_blocks.3.0,1.00e-03,101,62.39542943,62.30800517363637,62.48285368636363,-6.109625305672495e-11
MMD_dc_ae_l10_g1.00e-03,dc_ae,down_blocks.3.0,1.00e-03,102,62.508076675,62.50087945,62.515273900000004,-6.109625305672495e-11
MMD_dc_ae_l10_g1.00e-03,dc_ae,down_blocks.3.0,1.00e-03,103,62.594979955227274,62.56153540454545,62.62842450590909,-6.109625305672495e-11
MMD_dc_ae_l10_g1.00e-03,dc_ae,down_blocks.3.0,1.00e-03,104,62.72680667931818,62.64787497272727,62.80573838590909,-6.109625305672495e-11
MMD_dc_ae_l10_g1.00e-03,dc_ae,down_blocks.3.0,1.00e-03,105,62.93240722272727,62.831736559090906,63.033077886363635,-6.109625305672495e-11
MMD_dc_ae_l10_g1.00e-03,dc_ae,down_blocks.3.0,1.00e-03,106,63.30071634545454,63.2958711590909,63.30556153181818,-6.109625305672495e-11
MMD_dc_ae_l10_g1.00e-03,dc_ae,down_blocks.3.0,1.00e-03,107,63.483996286363634,63.451246159090914,63.51674641363636,-6.109625305672495e-11
MMD_dc_ae_l10_g1.00e-03,dc_ae,down_blocks.3.0,1.00e-03,108,63.56579307022727,63.52993807136364,63.601648069090906,-6.109625305672495e-11
MMD_dc_ae_l10_g1.00e-03,dc_ae,down_blocks.3.0,1.00e-03,109,63.64186040840909,63.632569839545454,63.65115097727273,-6.109625305672495e-11
MMD_dc_ae_l10_g1.00e-03,dc_ae,down_blocks.3.0,1.00e-03,110,63.804872122727275,63.71100458181818,63.89873966363636,-6.109625305672495e-11
MMD_dc_ae_l10_g1.00e-03,dc_ae,down_blocks.3.0,1.00e-03,111,63.942615578181815,63.92419218818182,63.96103896818182,-6.109625305672495e-11
MMD_dc_ae_l10_g1.00e-03,dc_ae,down_blocks.3.0,1.00e-03,112,64.00932814772727,63.99746849090909,64.02118780454545,-6.109625305672495e-11
MMD_dc_ae_l10_g1.00e-03,dc_ae,down_blocks.3.0,1.00e-03,113,64.06637004090909,64.02835174090909,64.1043883409091,-6.109625305672495e-11
MMD_dc_ae_l10_g1.00e-03,dc_ae,down_blocks.3.0,1.00e-03,114,64.197639875,64.15682117727273,64.23845857272727,-6.109625305672495e-11
MMD_dc_ae_l10_g1.00e-03,dc_ae,down_blocks.3.0,1.00e-03,115,64.29020846409091,64.25370258636363,64.32671434181817,-6.109625305672495e-11
MMD_dc_ae_l10_g1.00e-03,dc_ae,down_blocks.3.0,1.00e-03,116,64.48653965909091,64.40631527727272,64.56676404090909,-6.109625305672495e-11
MMD_dc_ae_l10_g1.00e-03,dc_ae,down_blocks.3.0,1.00e-03,117,64.76922604204546,64.70266141363636,64.83579067045456,-6.109625305672495e-11
MMD_dc_ae_l10_g1.00e-03,dc_ae,down_blocks.3.0,1.00e-03,118,64.89852501704544,64.88276691590909,64.91428311818181,-6.109625305672495e-11
MMD_dc_ae_l10_g1.00e-03,dc_ae,down_blocks.3.0,1.00e-03,119,65.05579888840909,64.99876317727272,65.11283459954545,-6.109625305672495e-11
MMD_dc_ae_l10_g1.00e-03,dc_ae,down_blocks.3.0,1.00e-03,120,65.1427998815909,65.12859398045454,65.15700578272727,-6.109625305672495e-11
MMD_dc_ae_l10_g1.00e-03,dc_ae,down_blocks.3.0,1.00e-03,121,65.38211495681819,65.26560826818182,65.49862164545455,-6.109625305672495e-11
MMD_dc_ae_l10_g1.00e-03,dc_ae,down_blocks.3.0,1.00e-03,122,65.6644128984091,65.58085287863636,65.74797291818182,-6.109625305672495e-11
MMD_dc_ae_l10_g1.00e-03,dc_ae,down_blocks.3.0,1.00e-03,123,65.78481615227273,65.77319434545456,65.79643795909091,-6.109625305672495e-11
MMD_dc_ae_l10_g1.00e-03,dc_ae,down_blocks.3.0,1.00e-03,124,65.98128235454546,65.90152255454545,66.06104215454546,-6.109625305672495e-11
MMD_dc_ae_l10_g1.00e-03,dc_ae,down_blocks.3.0,1.00e-03,125,66.380175075,66.34667021363636,66.41367993636364,-6.109625305672495e-11
MMD_dc_ae_l10_g1.00e-03,dc_ae,down_blocks.3.0,1.00e-03,126,66.53513308522727,66.49486482500001,66.57540134545455,-6.109625305672495e-11
MMD_dc_ae_l10_g1.00e-03,dc_ae,down_blocks.3.0,1.00e-03,127,66.67200952022728,66.64770191772728,66.69631712272727,-6.109625305672495e-11
MMD_dc_ae_l10_g1.00e-03,dc_ae,down_blocks.3.0,1.00e-03,128,66.77277958181818,66.69915260454546,66.84640655909091,-6.109625305672495e-11
MMD_dc_ae_l10_g1.00e-03,dc_ae,down_blocks.3.0,1.00e-03,129,67.04070426136363,66.92138232272727,67.1600262,-6.109625305672495e-11
MMD_dc_ae_l10_g1.00e-03,dc_ae,down_blocks.3.0,1.00e-03,130,67.28861000386364,67.24224864545455,67.33497136227273,-6.109625305672495e-11
MMD_dc_ae_l10_g1.00e-03,dc_ae,down_blocks.3.0,1.00e-03,131,67.57832059454546,67.50431248636363,67.65232870272727,-6.109625305672495e-11
MMD_dc_ae_l10_g1.00e-03,dc_ae,down_blocks.3.0,1.00e-03,132,67.81369166136363,67.78208407272727,67.84529925,-6.109625305672495e-11
MMD_dc_ae_l10_g1.00e-03,dc_ae,down_blocks.3.0,1.00e-03,133,67.93897957499999,67.89158320909091,67.98637594090908,-6.109625305672495e-11
MMD_dc_ae_l10_g1.00e-03,dc_ae,down_blocks.3.0,1.00e-03,134,68.10606402954545,68.0851692090909,68.12695885,-6.109625305672495e-11
MMD_dc_ae_l10_g1.00e-03,dc_ae,down_blocks.3.0,1.00e-03,135,68.23297037272727,68.2302839,68.23565684545454,-6.109625305672495e-11
MMD_dc_ae_l10_g1.00e-03,dc_ae,down_blocks.3.0,1.00e-03,136,68.26855261863636,68.26595938409092,68.27114585318182,-6.109625305672495e-11
MMD_dc_ae_l10_g1.00e-03,dc_ae,down_blocks.3.0,1.00e-03,137,68.35431695,68.32032611363637,68.38830778636363,-6.109625305672495e-11
MMD_dc_ae_l10_g1.00e-03,dc_ae,down_blocks.3.0,1.00e-03,138,68.43904966136364,68.41746199090909,68.46063733181818,-6.109625305672495e-11
MMD_dc_ae_l10_g1.00e-03,dc_ae,down_blocks.3.0,1.00e-03,139,68.46939314545455,68.46664887727273,68.47213741363636,-6.109625305672495e-11
MMD_dc_ae_l10_g1.00e-03,dc_ae,down_blocks.3.0,1.00e-03,140,68.98970947477272,68.93374281227273,69.04567613727274,-6.109625305672495e-11
MMD_dc_ae_l10_g1.00e-03,dc_ae,down_blocks.3.0,1.00e-03,141,69.07596895681817,69.05974111818182,69.09219679545454,-6.109625305672495e-11
MMD_dc_ae_l10_g1.00e-03,dc_ae,down_blocks.3.0,1.00e-03,142,69.09902052045456,69.09712682727273,69.10091421363637,-6.109625305672495e-11
MMD_dc_ae_l10_g1.00e-03,dc_ae,down_blocks.3.0,1.00e-03,143,69.11422755681818,69.10780212727273,69.12065298636364,-6.109625305672495e-11
MMD_dc_ae_l10_g1.00e-03,dc_ae,down_blocks.3.0,1.00e-03,144,69.20713757499999,69.18059698636364,69.23367816363636,-6.109625305672495e-11
MMD_dc_ae_l10_g1.00e-03,dc_ae,down_blocks.3.0,1.00e-03,145,69.31117297909091,69.2644266,69.35791935818182,-6.109625305672495e-11
MMD_dc_ae_l10_g1.00e-03,dc_ae,down_blocks.3.0,1.00e-03,146,69.711816475,69.61843814545455,69.80519480454545,-6.109625305672495e-11
MMD_dc_ae_l10_g1.00e-03,dc_ae,down_blocks.3.0,1.00e-03,147,69.87131680454546,69.8553488,69.88728480909091,-6.109625305672495e-11
MMD_dc_ae_l10_g1.00e-03,dc_ae,down_blocks.3.0,1.00e-03,148,70.01484913522728,69.97248817863637,70.05721009181819,-6.109625305672495e-11
MMD_dc_ae_l10_g1.00e-03,dc_ae,down_blocks.3.0,1.00e-03,149,70.15358302272728,70.14929492727272,70.15787111818182,-6.109625305672495e-11
MMD_dc_ae_l10_g1.00e-03,dc_ae,down_blocks.3.0,1.00e-03,150,70.18329474545455,70.16147875909091,70.20511073181818,-6.109625305672495e-11
MMD_dc_ae_l10_g1.00e-03,dc_ae,down_blocks.3.0,1.00e-03,151,70.35018690227272,70.32331571818182,70.37705808636363,-6.109625305672495e-11
MMD_dc_ae_l10_g1.00e-03,dc_ae,down_blocks.3.0,1.00e-03,152,70.45040821409091,70.399005675,70.50181075318181,-6.109625305672495e-11
MMD_dc_ae_l10_g1.00e-03,dc_ae,down_blocks.3.0,1.00e-03,153,70.6769625340909,70.6102672090909,70.7436578590909,-6.109625305672495e-11
MMD_dc_ae_l10_g1.00e-03,dc_ae,down_blocks.3.0,1.00e-03,154,70.83329053636363,70.83137117272727,70.8352099,-6.109625305672495e-11
MMD_dc_ae_l10_g1.00e-03,dc_ae,down_blocks.3.0,1.00e-03,155,70.85428704318181,70.84563281363636,70.86294127272727,-6.109625305672495e-11
MMD_dc_ae_l10_g1.00e-03,dc_ae,down_blocks.3.0,1.00e-03,156,70.91317588613636,70.88488886772727,70.94146290454545,-6.109625305672495e-11
MMD_dc_ae_l10_g1.00e-03,dc_ae,down_blocks.3.0,1.00e-03,157,71.04800647272728,71.03486937272727,71.06114357272727,-6.109625305672495e-11
MMD_dc_ae_l10_g1.00e-03,dc_ae,down_blocks.3.0,1.00e-03,158,71.17275272272727,71.16676672727273,71.17873871818182,-6.109625305672495e-11
MMD_dc_ae_l10_g1.00e-03,dc_ae,down_blocks.3.0,1.00e-03,159,71.23105279704546,71.2066498259091,71.25545576818182,-6.109625305672495e-11
MMD_dc_ae_l10_g1.00e-03,dc_ae,down_blocks.3.0,1.00e-03,160,71.34023223636365,71.3174982909091,71.36296618181818,-6.109625305672495e-11
MMD_dc_ae_l10_g1.00e-03,dc_ae,down_blocks.3.0,1.00e-03,161,71.59614402954546,71.46931471818182,71.72297334090909,-6.109625305672495e-11
MMD_dc_ae_l10_g1.00e-03,dc_ae,down_blocks.3.0,1.00e-03,162,71.953188675,71.90808025909091,71.99829709090909,-6.109625305672495e-11
MMD_dc_ae_l10_g1.00e-03,dc_ae,down_blocks.3.0,1.00e-03,163,72.12556611863636,72.09644175681818,72.15469048045455,-6.109625305672495e-11
MMD_dc_ae_l10_g1.00e-03,dc_ae,down_blocks.3.0,1.00e-03,164,72.20636263409091,72.16259906363636,72.25012620454545,-6.109625305672495e-11
MMD_dc_ae_l10_g1.00e-03,dc_ae,down_blocks.3.0,1.00e-03,165,72.341453075,72.32991709090909,72.3529890590909,-6.109625305672495e-11
MMD_dc_ae_l10_g1.00e-03,dc_ae,down_blocks.3.0,1.00e-03,166,72.4059290209091,72.35690482818183,72.45495321363636,-6.109625305672495e-11
MMD_dc_ae_l10_g1.00e-03,dc_ae,down_blocks.3.0,1.00e-03,167,72.62915620454547,72.62635492727273,72.63195748181819,-6.109625305672495e-11
MMD_dc_ae_l10_g1.00e-03,dc_ae,down_blocks.3.0,1.00e-03,168,72.868061955,72.83995069636363,72.89617321363636,-6.109625305672495e-11
MMD_dc_ae_l10_g1.00e-03,dc_ae,down_blocks.3.0,1.00e-03,169,73.07651165045455,73.03390340545455,73.11911989545455,-6.109625305672495e-11
MMD_dc_ae_l10_g1.00e-03,dc_ae,down_blocks.3.0,1.00e-03,170,73.23652217727272,73.13833258181818,73.33471177272727,-6.109625305672495e-11
MMD_dc_ae_l10_g1.00e-03,dc_ae,down_blocks.3.0,1.00e-03,171,73.3691810784091,73.33981687045456,73.39854528636364,-6.109625305672495e-11
MMD_dc_ae_l10_g1.00e-03,dc_ae,down_blocks.3.0,1.00e-03,172,73.426412225,73.41015931818183,73.44266513181819,-6.109625305672495e-11
MMD_dc_ae_l10_g1.00e-03,dc_ae,down_blocks.3.0,1.00e-03,173,73.45744235795453,73.44619574090909,73.46868897499999,-6.109625305672495e-11
MMD_dc_ae_l10_g1.00e-03,dc_ae,down_blocks.3.0,1.00e-03,174,73.52042231590909,73.50964273636363,73.53120189545454,-6.109625305672495e-11
MMD_dc_ae_l10_g1.00e-03,dc_ae,down_blocks.3.0,1.00e-03,175,73.70395308409091,73.63946159545455,73.76844457272728,-6.109625305672495e-11
MMD_dc_ae_l10_g1.00e-03,dc_ae,down_blocks.3.0,1.00e-03,176,73.85347222136363,73.80118299272728,73.90576145,-6.109625305672495e-11
MMD_dc_ae_l10_g1.00e-03,dc_ae,down_blocks.3.0,1.00e-03,177,73.98737165409091,73.96756481363637,74.00717849454546,-6.109625305672495e-11
MMD_dc_ae_l10_g1.00e-03,dc_ae,down_blocks.3.0,1.00e-03,178,74.03115760909091,74.01135728181818,74.05095793636363,-6.109625305672495e-11
MMD_dc_ae_l10_g1.00e-03,dc_ae,down_blocks.3.0,1.00e-03,179,74.12857689772727,74.05302495909092,74.20412883636364,-6.109625305672495e-11
MMD_dc_ae_l10_g1.00e-03,dc_ae,down_blocks.3.0,1.00e-03,180,74.35693384772728,74.32802774090909,74.38583995454546,-6.109625305672495e-11
MMD_dc_ae_l10_g1.00e-03,dc_ae,down_blocks.3.0,1.00e-03,181,74.49502861590909,74.46433656818182,74.52572066363636,-6.109625305672495e-11
MMD_dc_ae_l10_g1.00e-03,dc_ae,down_blocks.3.0,1.00e-03,182,74.88092521136363,74.86437946363637,74.89747095909091,-6.109625305672495e-11
MMD_dc_ae_l10_g1.00e-03,dc_ae,down_blocks.3.0,1.00e-03,183,74.96431832045454,74.9084351090909,75.02020153181819,-6.109625305672495e-11
MMD_dc_ae_l10_g1.00e-03,dc_ae,down_blocks.3.0,1.00e-03,184,75.04762157954545,75.04613550454546,75.04910765454545,-6.109625305672495e-11
MMD_dc_ae_l10_g1.00e-03,dc_ae,down_blocks.3.0,1.00e-03,185,75.09576952954546,75.04911406363637,75.14242499545455,-6.109625305672495e-11
MMD_dc_ae_l10_g1.00e-03,dc_ae,down_blocks.3.0,1.00e-03,186,75.18233699545453,75.14524949545454,75.21942449545455,-6.109625305672495e-11
MMD_dc_ae_l10_g1.00e-03,dc_ae,down_blocks.3.0,1.00e-03,187,75.27024816863636,75.2494860690909,75.29101026818182,-6.109625305672495e-11
MMD_dc_ae_l10_g1.00e-03,dc_ae,down_blocks.3.0,1.00e-03,188,75.32758327272727,75.30463428181818,75.35053226363635,-6.109625305672495e-11
MMD_dc_ae_l10_g1.00e-03,dc_ae,down_blocks.3.0,1.00e-03,189,75.41747211250001,75.358434425,75.4765098,-6.109625305672495e-11
MMD_dc_ae_l10_g1.00e-03,dc_ae,down_blocks.3.0,1.00e-03,190,75.51253231590908,75.48288537727272,75.54217925454545,-6.109625305672495e-11
MMD_dc_ae_l10_g1.00e-03,dc_ae,down_blocks.3.0,1.00e-03,191,75.6663297,75.65154605454546,75.68111334545455,-6.109625305672495e-11
MMD_dc_ae_l10_g1.00e-03,dc_ae,down_blocks.3.0,1.00e-03,192,75.77599059545454,75.77031593636364,75.78166525454546,-6.109625305672495e-11
MMD_dc_ae_l10_g1.00e-03,dc_ae,down_blocks.3.0,1.00e-03,193,75.81841251795454,75.79512009954546,75.84170493636363,-6.109625305672495e-11
MMD_dc_ae_l10_g1.00e-03,dc_ae,down_blocks.3.0,1.00e-03,194,75.93210186136363,75.84312428636363,76.02107943636364,-6.109625305672495e-11
MMD_dc_ae_l10_g1.00e-03,dc_ae,down_blocks.3.0,1.00e-03,195,76.11776692272727,76.07231828181818,76.16321556363636,-6.109625305672495e-11
MMD_dc_ae_l10_g1.00e-03,dc_ae,down_blocks.3.0,1.00e-03,196,76.23163166,76.19598609272727,76.26727722727273,-6.109625305672495e-11
MMD_dc_ae_l10_g1.00e-03,dc_ae,down_blocks.3.0,1.00e-03,197,76.28963145,76.28929185454545,76.28997104545455,-6.109625305672495e-11
MMD_dc_ae_l10_g1.00e-03,dc_ae,down_blocks.3.0,1.00e-03,198,76.33895351590908,76.32376224090909,76.35414479090909,-6.109625305672495e-11
MMD_dc_ae_l10_g1.00e-03,dc_ae,down_blocks.3.0,1.00e-03,199,76.42131312727273,76.39021483181818,76.45241142272727,-6.109625305672495e-11
MMD_dc_ae_l10_g1.00e-03,dc_ae,down_blocks.3.0,1.00e-03,200,76.53077822886364,76.51437691681818,76.5471795409091,-6.109625305672495e-11
MMD_dc_ae_l10_g1.00e-03,dc_ae,down_blocks.3.0,1.00e-03,201,76.61798762954547,76.59774437272728,76.63823088636364,-6.109625305672495e-11
MMD_dc_ae_l10_g1.00e-03,dc_ae,down_blocks.3.0,1.00e-03,202,76.65972911636364,76.64452179545455,76.67493643727272,-6.109625305672495e-11
MMD_dc_ae_l10_g1.00e-03,dc_ae,down_blocks.3.0,1.00e-03,203,76.74399205681817,76.67586082272727,76.81212329090908,-6.109625305672495e-11
MMD_dc_ae_l10_g1.00e-03,dc_ae,down_blocks.3.0,1.00e-03,204,76.9110158,76.90558185454546,76.91644974545454,-6.109625305672495e-11
MMD_dc_ae_l10_g1.00e-03,dc_ae,down_blocks.3.0,1.00e-03,205,77.04938380386363,76.98329391227273,77.11547369545454,-6.109625305672495e-11
MMD_dc_ae_l10_g1.00e-03,dc_ae,down_blocks.3.0,1.00e-03,206,77.15743344090909,77.14402031818182,77.17084656363636,-6.109625305672495e-11
MMD_dc_ae_l10_g1.00e-03,dc_ae,down_blocks.3.0,1.00e-03,207,77.30214769545455,77.25877326818183,77.34552212272727,-6.109625305672495e-11
MMD_dc_ae_l10_g1.00e-03,dc_ae,down_blocks.3.0,1.00e-03,208,77.5903121975,77.52582683636363,77.65479755863636,-6.109625305672495e-11
MMD_dc_ae_l10_g1.00e-03,dc_ae,down_blocks.3.0,1.00e-03,209,77.71230485227272,77.69959142727272,77.72501827727272,-6.109625305672495e-11
MMD_dc_ae_l10_g1.00e-03,dc_ae,down_blocks.3.0,1.00e-03,210,77.90452434545455,77.83570625,77.9733424409091,-6.109625305672495e-11
MMD_dc_ae_l10_g1.00e-03,dc_ae,down_blocks.3.0,1.00e-03,211,78.13042912045455,78.0566007590909,78.20425748181819,-6.109625305672495e-11
MMD_dc_ae_l10_g1.00e-03,dc_ae,down_blocks.3.0,1.00e-03,212,78.24727043863636,78.23482706363636,78.25971381363637,-6.109625305672495e-11
MMD_dc_ae_l10_g1.00e-03,dc_ae,down_blocks.3.0,1.00e-03,213,78.38345864545454,78.3483194,78.4185978909091,-6.109625305672495e-11
MMD_dc_ae_l10_g1.00e-03,dc_ae,down_blocks.3.0,1.00e-03,214,78.54078605227272,78.53980069090909,78.54177141363635,-6.109625305672495e-11
MMD_dc_ae_l10_g1.00e-03,dc_ae,down_blocks.3.0,1.00e-03,215,78.58008820545454,78.57485005,78.5853263609091,-6.109625305672495e-11
MMD_dc_ae_l10_g1.00e-03,dc_ae,down_blocks.3.0,1.00e-03,216,78.62433498636364,78.61859467727272,78.63007529545455,-6.109625305672495e-11
MMD_dc_ae_l10_g1.00e-03,dc_ae,down_blocks.3.0,1.00e-03,217,79.04517957499999,78.86957993181818,79.22077921818182,-6.109625305672495e-11
MMD_dc_ae_l10_g1.00e-03,dc_ae,down_blocks.3.0,1.00e-03,218,79.26989939772727,79.25695136818182,79.28284742727273,-6.109625305672495e-11
MMD_dc_ae_l10_g1.00e-03,dc_ae,down_blocks.3.0,1.00e-03,219,79.41755696590909,79.36729972727272,79.46781420454546,-6.109625305672495e-11
MMD_dc_ae_l10_g1.00e-03,dc_ae,down_blocks.3.0,1.00e-03,220,79.5698799834091,79.51125251363636,79.62850745318183,-6.109625305672495e-11
MMD_dc_ae_l10_g1.00e-03,dc_ae,down_blocks.3.0,1.00e-03,221,79.70322166818181,79.6499864090909,79.75645692727272,-6.109625305672495e-11
MMD_dc_ae_l10_g1.00e-03,dc_ae,down_blocks.3.0,1.00e-03,222,79.93145022954545,79.91532173636364,79.94757872272727,-6.109625305672495e-11
MMD_dc_ae_l10_g1.00e-03,dc_ae,down_blocks.3.0,1.00e-03,223,80.08039142727273,80.02392345454545,80.13685939999999,-6.109625305672495e-11
MMD_dc_ae_l10_g1.00e-03,dc_ae,down_blocks.3.0,1.00e-03,224,80.3456105840909,80.28660759545454,80.40461357272727,-6.109625305672495e-11
MMD_dc_ae_l10_g1.00e-03,dc_ae,down_blocks.3.0,1.00e-03,225,80.50383668863637,80.43965011363636,80.56802326363636,-6.109625305672495e-11
MMD_dc_ae_l10_g1.00e-03,dc_ae,down_blocks.3.0,1.00e-03,226,80.76717882045455,80.69563893636364,80.83871870454546,-6.109625305672495e-11
MMD_dc_ae_l10_g1.00e-03,dc_ae,down_blocks.3.0,1.00e-03,227,80.93666893636365,80.88731798181819,80.98601989090909,-6.109625305672495e-11
MMD_dc_ae_l10_g1.00e-03,dc_ae,down_blocks.3.0,1.00e-03,228,81.24550969772727,81.02786977272727,81.46314962272727,-6.109625305672495e-11
MMD_dc_ae_l10_g1.00e-03,dc_ae,down_blocks.3.0,1.00e-03,229,81.51551185,81.49191450454545,81.53910919545454,-6.109625305672495e-11
MMD_dc_ae_l10_g1.00e-03,dc_ae,down_blocks.3.0,1.00e-03,230,81.66181410454547,81.65584415909092,81.66778405000001,-6.109625305672495e-11
MMD_dc_ae_l10_g1.00e-03,dc_ae,down_blocks.3.0,1.00e-03,231,82.09491658409091,82.0783984909091,82.11143467727273,-6.109625305672495e-11
MMD_dc_ae_l10_g1.00e-03,dc_ae,down_blocks.3.0,1.00e-03,232,82.51240656590909,82.15394328181819,82.87086985,-6.109625305672495e-11
MMD_dc_ae_l10_g1.00e-03,dc_ae,down_blocks.3.0,1.00e-03,233,83.15926654545454,83.04785639090909,83.2706767,-6.109625305672495e-11
MMD_dc_ae_l10_g1.00e-03,dc_ae,down_blocks.3.0,1.00e-03,234,83.30087949545455,83.28013232272727,83.32162666818182,-6.109625305672495e-11
MMD_dc_ae_l10_g1.00e-03,dc_ae,down_blocks.3.0,1.00e-03,235,83.40563283409091,83.35334443181819,83.45792123636365,-6.109625305672495e-11
MMD_dc_ae_l10_g1.00e-03,dc_ae,down_blocks.3.0,1.00e-03,236,84.40519799318182,84.18152392727274,84.62887205909091,-6.109625305672495e-11
MMD_dc_ae_l10_g1.00e-03,dc_ae,down_blocks.3.0,1.00e-03,237,85.11644672954546,85.11071750454545,85.12217595454545,-6.109625305672495e-11
MMD_dc_ae_l10_g1.00e-03,dc_ae,down_blocks.3.0,1.00e-03,238,85.67873419522728,85.54109655454546,85.8163718359091,-6.109625305672495e-11
MMD_dc_ae_l10_g1.00e-03,dc_ae,down_blocks.3.0,1.00e-03,239,86.04259813636364,86.0069106,86.07828567272726,-6.109625305672495e-11
MMD_dc_ae_l10_g1.00e-03,dc_ae,down_blocks.3.0,1.00e-03,240,87.13953110454545,86.46879091363637,87.81027129545454,-6.109625305672495e-11
MMD_dc_ae_l10_gmedian,dc_ae,down_blocks.3.0,median,1,10.810482123636362,10.383351573636363,11.237612673636363,0.10984820127487183
MMD_dc_ae_l10_gmedian,dc_ae,down_blocks.3.0,median,2,13.363017030454547,12.873956289545454,13.852077771363637,0.11020970344543457
MMD_dc_ae_l10_gmedian,dc_ae,down_blocks.3.0,median,3,15.27335880590909,14.772021149545454,15.774696462272727,0.11852657794952393
MMD_dc_ae_l10_gmedian,dc_ae,down_blocks.3.0,median,4,16.414950566818185,16.11136225,16.718538883636366,0.028624653816223145
MMD_dc_ae_l10_gmedian,dc_ae,down_blocks.3.0,median,5,16.905719235454548,16.83383592,16.977602550909094,0.11459755897521973
MMD_dc_ae_l10_gmedian,dc_ae,down_blocks.3.0,median,6,17.31410864272727,17.128398308636363,17.49981897681818,0.16521507501602173
MMD_dc_ae_l10_gmedian,dc_ae,down_blocks.3.0,median,7,18.12177835068182,18.01987185318182,18.22368484818182,0.06382542848587036
MMD_dc_ae_l10_gmedian,dc_ae,down_blocks.3.0,median,8,18.68467708613636,18.40435578590909,18.964998386363636,0.10432624816894531
MMD_dc_ae_l10_gmedian,dc_ae,down_blocks.3.0,median,9,20.494847745454546,19.531784013636365,21.457911477272727,0.06853818893432617
MMD_dc_ae_l10_gmedian,dc_ae,down_blocks.3.0,median,10,22.186448304318183,22.164942098181818,22.207954510454545,0.018666505813598633
MMD_dc_ae_l10_gmedian,dc_ae,down_blocks.3.0,median,11,22.556182346136364,22.336504287727273,22.775860404545455,0.06674587726593018
MMD_dc_ae_l10_gmedian,dc_ae,down_blocks.3.0,median,12,23.05503894931818,23.03693973772727,23.073138160909092,0.06457912921905518
MMD_dc_ae_l10_gmedian,dc_ae,down_blocks.3.0,median,13,23.983741463181822,23.859046570909094,24.108436355454547,0.07489889860153198
MMD_dc_ae_l10_gmedian,dc_ae,down_blocks.3.0,median,14,24.42152434318182,24.136628927727273,24.706419758636365,0.05524265766143799
MMD_dc_ae_l10_gmedian,dc_ae,down_blocks.3.0,median,15,25.216616497954547,25.160939161363636,25.272293834545454,0.0754157304763794
MMD_dc_ae_l10_gmedian,dc_ae,down_blocks.3.0,median,16,25.91158886977273,25.739496508636364,26.08368123090909,0.1699281930923462
MMD_dc_ae_l10_gmedian,dc_ae,down_blocks.3.0,median,17,26.280579614772726,26.26193154681818,26.29922768272727,0.05985879898071289
MMD_dc_ae_l10_gmedian,dc_ae,down_blocks.3.0,median,18,26.72500679659091,26.647243233181822,26.80277036,0.024106323719024658
MMD_dc_ae_l10_gmedian,dc_ae,down_blocks.3.0,median,19,27.71722202681818,27.710613355454544,27.723830698181818,0.20312881469726562
MMD_dc_ae_l10_gmedian,dc_ae,down_blocks.3.0,median,20,27.975271444090907,27.94224735681818,28.008295531363636,0.017043471336364746
MMD_dc_ae_l10_gmedian,dc_ae,down_blocks.3.0,median,21,28.51916109681818,28.427649107272728,28.610673086363636,0.18853414058685303
MMD_dc_ae_l10_gmedian,dc_ae,down_blocks.3.0,median,22,28.868573707954546,28.864666542727274,28.872480873181818,0.0985555648803711
MMD_dc_ae_l10_gmedian,dc_ae,down_blocks.3.0,median,23,30.406674175227273,29.867093540909092,30.946254809545454,0.021780431270599365
MMD_dc_ae_l10_gmedian,dc_ae,down_blocks.3.0,median,24,31.433125444318183,31.113843444545456,31.75240744409091,0.13504314422607422
MMD_dc_ae_l10_gmedian,dc_ae,down_blocks.3.0,median,25,32.032868589772725,31.962474827272725,32.10326235227273,0.11324930191040039
MMD_dc_ae_l10_gmedian,dc_ae,down_blocks.3.0,median,26,32.93285143340909,32.57260997909091,33.29309288772727,0.09558677673339844
MMD_dc_ae_l10_gmedian,dc_ae,down_blocks.3.0,median,27,33.789990362272725,33.63066458409091,33.94931614045454,0.08048975467681885
MMD_dc_ae_l10_gmedian,dc_ae,down_blocks.3.0,median,28,34.63530097772727,34.254768114545456,35.01583384090909,0.030044913291931152
MMD_dc_ae_l10_gmedian,dc_ae,down_blocks.3.0,median,29,36.06108401,35.61844186090909,36.50372615909091,0.10699868202209473
MMD_dc_ae_l10_gmedian,dc_ae,down_blocks.3.0,median,30,36.965541977954544,36.74721518909091,37.183868766818186,0.08329695463180542
MMD_dc_ae_l10_gmedian,dc_ae,down_blocks.3.0,median,31,37.74808161840909,37.586910895,37.90925234181818,0.15216660499572754
MMD_dc_ae_l10_gmedian,dc_ae,down_blocks.3.0,median,32,39.16038785159091,39.159607152727276,39.16116855045455,0.04871755838394165
MMD_dc_ae_l10_gmedian,dc_ae,down_blocks.3.0,median,33,39.614707512045456,39.50363207727273,39.72578294681818,0.0980381965637207
MMD_dc_ae_l10_gmedian,dc_ae,down_blocks.3.0,median,34,40.30910911386364,40.10658689318182,40.511631334545456,0.13655531406402588
MMD_dc_ae_l10_gmedian,dc_ae,down_blocks.3.0,median,35,41.33801180045454,41.22542756590909,41.450596035,0.1312251091003418
MMD_dc_ae_l10_gmedian,dc_ae,down_blocks.3.0,median,36,41.67410449772727,41.606778884545456,41.74143011090909,0.06550908088684082
MMD_dc_ae_l10_gmedian,dc_ae,down_blocks.3.0,median,37,42.3132160775,42.27668356454546,42.349748590454546,0.05762600898742676
MMD_dc_ae_l10_gmedian,dc_ae,down_blocks.3.0,median,38,42.96702508590909,42.93479045136364,42.999259720454546,0.027321994304656982
MMD_dc_ae_l10_gmedian,dc_ae,down_blocks.3.0,median,39,43.49911773840908,43.14833512181818,43.849900354999995,0.07194817066192627
MMD_dc_ae_l10_gmedian,dc_ae,down_blocks.3.0,median,40,44.46355809863637,44.24228326,44.68483293727273,0.06286358833312988
MMD_dc_ae_l10_gmedian,dc_ae,down_blocks.3.0,median,41,45.02958462840909,45.014271393181815,45.044897863636365,0.015304207801818848
MMD_dc_ae_l10_gmedian,dc_ae,down_blocks.3.0,median,42,45.29330946295454,45.242849799999995,45.34376912590909,0.008651971817016602
MMD_dc_ae_l10_gmedian,dc_ae,down_blocks.3.0,median,43,45.6633877325,45.44974382363636,45.87703164136364,0.005142569541931152
MMD_dc_ae_l10_gmedian,dc_ae,down_blocks.3.0,median,44,46.19913604068182,46.05975058136364,46.3385215,0.15945816040039062
MMD_dc_ae_l10_gmedian,dc_ae,down_blocks.3.0,median,45,46.506415069545454,46.461104443636366,46.55172569545454,0.039633870124816895
MMD_dc_ae_l10_gmedian,dc_ae,down_blocks.3.0,median,46,46.7814371125,46.63784059272727,46.92503363227272,0.1053159236907959
MMD_dc_ae_l10_gmedian,dc_ae,down_blocks.3.0,median,47,47.02157502772727,46.98420985,47.05894020545455,0.0457913875579834
MMD_dc_ae_l10_gmedian,dc_ae,down_blocks.3.0,median,48,47.320069640227274,47.18393024863636,47.45620903181818,0.0511167049407959
MMD_dc_ae_l10_gmedian,dc_ae,down_blocks.3.0,median,49,47.63274792386363,47.57944400681818,47.68605184090909,0.11913156509399414
MMD_dc_ae_l10_gmedian,dc_ae,down_blocks.3.0,median,50,47.92564833181818,47.85413733318182,47.997159330454544,0.033449530601501465
MMD_dc_ae_l10_gmedian,dc_ae,down_blocks.3.0,median,51,48.86026302159091,48.745656067727275,48.974869975454546,0.03471553325653076
MMD_dc_ae_l10_gmedian,dc_ae,down_blocks.3.0,median,52,49.38568588545454,49.269933079999994,49.50143869090909,0.08710217475891113
MMD_dc_ae_l10_gmedian,dc_ae,down_blocks.3.0,median,53,50.13577139295455,50.02686477227273,50.24467801363637,0.1694481372833252
MMD_dc_ae_l10_gmedian,dc_ae,down_blocks.3.0,median,54,50.27686834954545,50.26601576545454,50.287720933636365,0.05570793151855469
MMD_dc_ae_l10_gmedian,dc_ae,down_blocks.3.0,median,55,50.41855757477272,50.397065763181814,50.44004938636363,0.1186782717704773
MMD_dc_ae_l10_gmedian,dc_ae,down_blocks.3.0,median,56,50.63730162727273,50.53053583909091,50.744067415454545,0.055332183837890625
MMD_dc_ae_l10_gmedian,dc_ae,down_blocks.3.0,median,57,50.914955580454546,50.877768575909094,50.952142585000004,0.08744311332702637
MMD_dc_ae_l10_gmedian,dc_ae,down_blocks.3.0,median,58,51.36304193090909,51.255980857727266,51.47010300409091,0.11044979095458984
MMD_dc_ae_l10_gmedian,dc_ae,down_blocks.3.0,median,59,51.4886901025,51.48649149727273,51.49088870772727,0.04506993293762207
MMD_dc_ae_l10_gmedian,dc_ae,down_blocks.3.0,median,60,51.729285431363635,51.669473619090915,51.78909724363636,0.024368762969970703
MMD_dc_ae_l10_gmedian,dc_ae,down_blocks.3.0,median,61,51.86503114863636,51.85205774272727,51.87800455454545,0.032801151275634766
MMD_dc_ae_l10_gmedian,dc_ae,down_blocks.3.0,median,62,51.962966427272725,51.92553946363636,52.00039339090909,0.08683151006698608
MMD_dc_ae_l10_gmedian,dc_ae,down_blocks.3.0,median,63,52.2140292,52.126720309090906,52.30133809090909,0.09422159194946289
MMD_dc_ae_l10_gmedian,dc_ae,down_blocks.3.0,median,64,52.88865584113637,52.82782977227273,52.94948191,0.02210831642150879
MMD_dc_ae_l10_gmedian,dc_ae,down_blocks.3.0,median,65,53.00029708795454,52.977303153181815,53.02329102272727,0.1222376823425293
MMD_dc_ae_l10_gmedian,dc_ae,down_blocks.3.0,median,66,53.13382443863637,53.11169118954546,53.15595768772727,0.08270514011383057
MMD_dc_ae_l10_gmedian,dc_ae,down_blocks.3.0,median,67,53.46701290090908,53.19575964181818,53.738266159999995,-0.0029355883598327637
MMD_dc_ae_l10_gmedian,dc_ae,down_blocks.3.0,median,68,54.39349470159091,54.35688324090909,54.43010616227273,0.11889958381652832
MMD_dc_ae_l10_gmedian,dc_ae,down_blocks.3.0,median,69,54.57660740431818,54.51598353272727,54.63723127590909,0.09741431474685669
MMD_dc_ae_l10_gmedian,dc_ae,down_blocks.3.0,median,70,54.70462107522727,54.68535675181818,54.72388539863636,0.03649294376373291
MMD_dc_ae_l10_gmedian,dc_ae,down_blocks.3.0,median,71,55.25811377272728,55.23867115454546,55.2775563909091,0.010026335716247559
MMD_dc_ae_l10_gmedian,dc_ae,down_blocks.3.0,median,72,55.751711513636366,55.699695931818184,55.80372709545455,0.0571819543838501
MMD_dc_ae_l10_gmedian,dc_ae,down_blocks.3.0,median,73,56.03063692863636,55.82518654818182,56.236087309090905,0.10233044624328613
MMD_dc_ae_l10_gmedian,dc_ae,down_blocks.3.0,median,74,56.343688662272726,56.34353036818182,56.343846956363635,0.10409998893737793
MMD_dc_ae_l10_gmedian,dc_ae,down_blocks.3.0,median,75,56.42361637045454,56.418747340909086,56.4284854,0.031427979469299316
MMD_dc_ae_l10_gmedian,dc_ae,down_blocks.3.0,median,76,56.583800352272725,56.43083487727272,56.73676582727273,0.08381026983261108
MMD_dc_ae_l10_gmedian,dc_ae,down_blocks.3.0,median,77,56.82032182704545,56.80215198181818,56.838491672272724,-0.004105567932128906
MMD_dc_ae_l10_gmedian,dc_ae,down_blocks.3.0,median,78,56.88140215909091,56.87784920000001,56.88495511818182,0.06989777088165283
MMD_dc_ae_l10_gmedian,dc_ae,down_blocks.3.0,median,79,56.954357993181816,56.89427865,57.014437336363635,0.13414132595062256
MMD_dc_ae_l10_gmedian,dc_ae,down_blocks.3.0,median,80,57.03816157659091,57.01605029863636,57.06027285454545,0.0419154167175293
MMD_dc_ae_l10_gmedian,dc_ae,down_blocks.3.0,median,81,57.12540627659091,57.08577673045454,57.165035822727276,0.08862245082855225
MMD_dc_ae_l10_gmedian,dc_ae,down_blocks.3.0,median,82,57.42789008590909,57.30280682363637,57.552973348181816,0.1033865213394165
MMD_dc_ae_l10_gmedian,dc_ae,down_blocks.3.0,median,83,57.83153066113636,57.715692645,57.94736867727273,-0.010632514953613281
MMD_dc_ae_l10_gmedian,dc_ae,down_blocks.3.0,median,84,58.08143253113636,58.01582408181818,58.14704098045454,0.03654885292053223
MMD_dc_ae_l10_gmedian,dc_ae,down_blocks.3.0,median,85,58.444803400909095,58.40466673181818,58.48494007,0.05792570114135742
MMD_dc_ae_l10_gmedian,dc_ae,down_blocks.3.0,median,86,58.91778003409091,58.90741873181818,58.92814133636364,0.15739226341247559
MMD_dc_ae_l10_gmedian,dc_ae,down_blocks.3.0,median,87,59.020174833863635,58.959711454090915,59.080638213636355,0.050031065940856934
MMD_dc_ae_l10_gmedian,dc_ae,down_blocks.3.0,median,88,59.15856208795455,59.15176404636364,59.165360129545455,0.16617774963378906
MMD_dc_ae_l10_gmedian,dc_ae,down_blocks.3.0,median,89,59.43633789068181,59.343238913181814,59.52943686818182,0.056064605712890625
MMD_dc_ae_l10_gmedian,dc_ae,down_blocks.3.0,median,90,59.57651304136364,59.53394987363636,59.61907620909091,0.030408799648284912
MMD_dc_ae_l10_gmedian,dc_ae,down_blocks.3.0,median,91,59.72755915772727,59.64024705,59.81487126545455,0.05727297067642212
MMD_dc_ae_l10_gmedian,dc_ae,down_blocks.3.0,median,92,59.821970187727274,59.821444613636366,59.82249576181818,0.06341207027435303
MMD_dc_ae_l10_gmedian,dc_ae,down_blocks.3.0,median,93,60.40047505386364,60.13491826227273,60.66603184545455,0.15790140628814697
MMD_dc_ae_l10_gmedian,dc_ae,down_blocks.3.0,median,94,60.95223787159091,60.91525143409091,60.98922430909091,0.06685471534729004
MMD_dc_ae_l10_gmedian,dc_ae,down_blocks.3.0,median,95,61.20584357204545,61.15445065909091,61.257236485,0.15179479122161865
MMD_dc_ae_l10_gmedian,dc_ae,down_blocks.3.0,median,96,61.39982516295454,61.38288141818182,61.41676890772727,0.05065608024597168
MMD_dc_ae_l10_gmedian,dc_ae,down_blocks.3.0,median,97,61.504183716363634,61.450913154545454,61.557454278181815,0.032846271991729736
MMD_dc_ae_l10_gmedian,dc_ae,down_blocks.3.0,median,98,61.63614204454545,61.612018317727276,61.66026577136363,0.03686654567718506
MMD_dc_ae_l10_gmedian,dc_ae,down_blocks.3.0,median,99,61.79374868181819,61.784896459090916,61.80260090454545,0.05705571174621582
MMD_dc_ae_l10_gmedian,dc_ae,down_blocks.3.0,median,100,62.09325376181818,62.04634134636364,62.140166177272725,0.06423985958099365
MMD_dc_ae_l10_gmedian,dc_ae,down_blocks.3.0,median,101,62.39542943,62.30800517363637,62.48285368636363,0.15080463886260986
MMD_dc_ae_l10_gmedian,dc_ae,down_blocks.3.0,median,102,62.508076675,62.50087945,62.515273900000004,0.056801438331604004
MMD_dc_ae_l10_gmedian,dc_ae,down_blocks.3.0,median,103,62.594979955227274,62.56153540454545,62.62842450590909,0.021329402923583984
MMD_dc_ae_l10_gmedian,dc_ae,down_blocks.3.0,median,104,62.72680667931818,62.64787497272727,62.80573838590909,0.06018197536468506
MMD_dc_ae_l10_gmedian,dc_ae,down_blocks.3.0,median,105,62.93240722272727,62.831736559090906,63.033077886363635,0.07477480173110962
MMD_dc_ae_l10_gmedian,dc_ae,down_blocks.3.0,median,106,63.30071634545454,63.2958711590909,63.30556153181818,0.061493873596191406
MMD_dc_ae_l10_gmedian,dc_ae,down_blocks.3.0,median,107,63.483996286363634,63.451246159090914,63.51674641363636,0.15434223413467407
MMD_dc_ae_l10_gmedian,dc_ae,down_blocks.3.0,median,108,63.56579307022727,63.52993807136364,63.601648069090906,0.05640268325805664
MMD_dc_ae_l10_gmedian,dc_ae,down_blocks.3.0,median,109,63.64186040840909,63.632569839545454,63.65115097727273,0.3133851885795593
MMD_dc_ae_l10_gmedian,dc_ae,down_blocks.3.0,median,110,63.804872122727275,63.71100458181818,63.89873966363636,0.09539425373077393
MMD_dc_ae_l10_gmedian,dc_ae,down_blocks.3.0,median,111,63.942615578181815,63.92419218818182,63.96103896818182,0.05656850337982178
MMD_dc_ae_l10_gmedian,dc_ae,down_blocks.3.0,median,112,64.00932814772727,63.99746849090909,64.02118780454545,0.1651155948638916
MMD_dc_ae_l10_gmedian,dc_ae,down_blocks.3.0,median,113,64.06637004090909,64.02835174090909,64.1043883409091,0.026993155479431152
MMD_dc_ae_l10_gmedian,dc_ae,down_blocks.3.0,median,114,64.197639875,64.15682117727273,64.23845857272727,0.016838550567626953
MMD_dc_ae_l10_gmedian,dc_ae,down_blocks.3.0,median,115,64.29020846409091,64.25370258636363,64.32671434181817,0.046404898166656494
MMD_dc_ae_l10_gmedian,dc_ae,down_blocks.3.0,median,116,64.48653965909091,64.40631527727272,64.56676404090909,0.06252408027648926
MMD_dc_ae_l10_gmedian,dc_ae,down_blocks.3.0,median,117,64.76922604204546,64.70266141363636,64.83579067045456,0.05056607723236084
MMD_dc_ae_l10_gmedian,dc_ae,down_blocks.3.0,median,118,64.89852501704544,64.88276691590909,64.91428311818181,0.10436952114105225
MMD_dc_ae_l10_gmedian,dc_ae,down_blocks.3.0,median,119,65.05579888840909,64.99876317727272,65.11283459954545,0.10394591093063354
MMD_dc_ae_l10_gmedian,dc_ae,down_blocks.3.0,median,120,65.1427998815909,65.12859398045454,65.15700578272727,0.058351755142211914
MMD_dc_ae_l10_gmedian,dc_ae,down_blocks.3.0,median,121,65.38211495681819,65.26560826818182,65.49862164545455,0.06829851865768433
MMD_dc_ae_l10_gmedian,dc_ae,down_blocks.3.0,median,122,65.6644128984091,65.58085287863636,65.74797291818182,0.02900516986846924
MMD_dc_ae_l10_gmedian,dc_ae,down_blocks.3.0,median,123,65.78481615227273,65.77319434545456,65.79643795909091,0.07260012626647949
MMD_dc_ae_l10_gmedian,dc_ae,down_blocks.3.0,median,124,65.98128235454546,65.90152255454545,66.06104215454546,0.04445087909698486
MMD_dc_ae_l10_gmedian,dc_ae,down_blocks.3.0,median,125,66.380175075,66.34667021363636,66.41367993636364,0.11735749244689941
MMD_dc_ae_l10_gmedian,dc_ae,down_blocks.3.0,median,126,66.53513308522727,66.49486482500001,66.57540134545455,0.11049753427505493
MMD_dc_ae_l10_gmedian,dc_ae,down_blocks.3.0,median,127,66.67200952022728,66.64770191772728,66.69631712272727,0.035439133644104004
MMD_dc_ae_l10_gmedian,dc_ae,down_blocks.3.0,median,128,66.77277958181818,66.69915260454546,66.84640655909091,0.0356709361076355
MMD_dc_ae_l10_gmedian,dc_ae,down_blocks.3.0,median,129,67.04070426136363,66.92138232272727,67.1600262,0.05074810981750488
MMD_dc_ae_l10_gmedian,dc_ae,down_blocks.3.0,median,130,67.28861000386364,67.24224864545455,67.33497136227273,0.19182175397872925
MMD_dc_ae_l10_gmedian,dc_ae,down_blocks.3.0,median,131,67.57832059454546,67.50431248636363,67.65232870272727,0.09636485576629639
MMD_dc_ae_l10_gmedian,dc_ae,down_blocks.3.0,median,132,67.81369166136363,67.78208407272727,67.84529925,0.09950649738311768
MMD_dc_ae_l10_gmedian,dc_ae,down_blocks.3.0,median,133,67.93897957499999,67.89158320909091,67.98637594090908,0.02217233180999756
MMD_dc_ae_l10_gmedian,dc_ae,down_blocks.3.0,median,134,68.10606402954545,68.0851692090909,68.12695885,0.03110635280609131
MMD_dc_ae_l10_gmedian,dc_ae,down_blocks.3.0,median,135,68.23297037272727,68.2302839,68.23565684545454,0.023335814476013184
MMD_dc_ae_l10_gmedian,dc_ae,down_blocks.3.0,median,136,68.26855261863636,68.26595938409092,68.27114585318182,0.10158956050872803
MMD_dc_ae_l10_gmedian,dc_ae,down_blocks.3.0,median,137,68.35431695,68.32032611363637,68.38830778636363,0.06128937005996704
MMD_dc_ae_l10_gmedian,dc_ae,down_blocks.3.0,median,138,68.43904966136364,68.41746199090909,68.46063733181818,0.023487448692321777
MMD_dc_ae_l10_gmedian,dc_ae,down_blocks.3.0,median,139,68.46939314545455,68.46664887727273,68.47213741363636,0.023299992084503174
MMD_dc_ae_l10_gmedian,dc_ae,down_blocks.3.0,median,140,68.98970947477272,68.93374281227273,69.04567613727274,0.06271421909332275
MMD_dc_ae_l10_gmedian,dc_ae,down_blocks.3.0,median,141,69.07596895681817,69.05974111818182,69.09219679545454,0.08716350793838501
MMD_dc_ae_l10_gmedian,dc_ae,down_blocks.3.0,median,142,69.09902052045456,69.09712682727273,69.10091421363637,0.051335692405700684
MMD_dc_ae_l10_gmedian,dc_ae,down_blocks.3.0,median,143,69.11422755681818,69.10780212727273,69.12065298636364,0.16269993782043457
MMD_dc_ae_l10_gmedian,dc_ae,down_blocks.3.0,median,144,69.20713757499999,69.18059698636364,69.23367816363636,0.18629145622253418
MMD_dc_ae_l10_gmedian,dc_ae,down_blocks.3.0,median,145,69.31117297909091,69.2644266,69.35791935818182,0.0482746958732605
MMD_dc_ae_l10_gmedian,dc_ae,down_blocks.3.0,median,146,69.711816475,69.61843814545455,69.80519480454545,0.014979958534240723
MMD_dc_ae_l10_gmedian,dc_ae,down_blocks.3.0,median,147,69.87131680454546,69.8553488,69.88728480909091,0.03039109706878662
MMD_dc_ae_l10_gmedian,dc_ae,down_blocks.3.0,median,148,70.01484913522728,69.97248817863637,70.05721009181819,0.06568789482116699
MMD_dc_ae_l10_gmedian,dc_ae,down_blocks.3.0,median,149,70.15358302272728,70.14929492727272,70.15787111818182,0.15517032146453857
MMD_dc_ae_l10_gmedian,dc_ae,down_blocks.3.0,median,150,70.18329474545455,70.16147875909091,70.20511073181818,0.08563739061355591
MMD_dc_ae_l10_gmedian,dc_ae,down_blocks.3.0,median,151,70.35018690227272,70.32331571818182,70.37705808636363,0.09274250268936157
MMD_dc_ae_l10_gmedian,dc_ae,down_blocks.3.0,median,152,70.45040821409091,70.399005675,70.50181075318181,0.03761303424835205
MMD_dc_ae_l10_gmedian,dc_ae,down_blocks.3.0,median,153,70.6769625340909,70.6102672090909,70.7436578590909,0.12925565242767334
MMD_dc_ae_l10_gmedian,dc_ae,down_blocks.3.0,median,154,70.83329053636363,70.83137117272727,70.8352099,0.051924824714660645
MMD_dc_ae_l10_gmedian,dc_ae,down_blocks.3.0,median,155,70.85428704318181,70.84563281363636,70.86294127272727,0.09149682521820068
MMD_dc_ae_l10_gmedian,dc_ae,down_blocks.3.0,median,156,70.91317588613636,70.88488886772727,70.94146290454545,0.11760365962982178
MMD_dc_ae_l10_gmedian,dc_ae,down_blocks.3.0,median,157,71.04800647272728,71.03486937272727,71.06114357272727,0.07657158374786377
MMD_dc_ae_l10_gmedian,dc_ae,down_blocks.3.0,median,158,71.17275272272727,71.16676672727273,71.17873871818182,0.10128176212310791
MMD_dc_ae_l10_gmedian,dc_ae,down_blocks.3.0,median,159,71.23105279704546,71.2066498259091,71.25545576818182,0.04114276170730591
MMD_dc_ae_l10_gmedian,dc_ae,down_blocks.3.0,median,160,71.34023223636365,71.3174982909091,71.36296618181818,0.03985488414764404
MMD_dc_ae_l10_gmedian,dc_ae,down_blocks.3.0,median,161,71.59614402954546,71.46931471818182,71.72297334090909,0.11034411191940308
MMD_dc_ae_l10_gmedian,dc_ae,down_blocks.3.0,median,162,71.953188675,71.90808025909091,71.99829709090909,0.018012523651123047
MMD_dc_ae_l10_gmedian,dc_ae,down_blocks.3.0,median,163,72.12556611863636,72.09644175681818,72.15469048045455,0.17771542072296143
MMD_dc_ae_l10_gmedian,dc_ae,down_blocks.3.0,median,164,72.20636263409091,72.16259906363636,72.25012620454545,0.041491031646728516
MMD_dc_ae_l10_gmedian,dc_ae,down_blocks.3.0,median,165,72.341453075,72.32991709090909,72.3529890590909,0.06124067306518555
MMD_dc_ae_l10_gmedian,dc_ae,down_blocks.3.0,median,166,72.4059290209091,72.35690482818183,72.45495321363636,0.08039045333862305
MMD_dc_ae_l10_gmedian,dc_ae,down_blocks.3.0,median,167,72.62915620454547,72.62635492727273,72.63195748181819,0.12898755073547363
MMD_dc_ae_l10_gmedian,dc_ae,down_blocks.3.0,median,168,72.868061955,72.83995069636363,72.89617321363636,0.07817268371582031
MMD_dc_ae_l10_gmedian,dc_ae,down_blocks.3.0,median,169,73.07651165045455,73.03390340545455,73.11911989545455,0.07339096069335938
MMD_dc_ae_l10_gmedian,dc_ae,down_blocks.3.0,median,170,73.23652217727272,73.13833258181818,73.33471177272727,0.024419307708740234
MMD_dc_ae_l10_gmedian,dc_ae,down_blocks.3.0,median,171,73.3691810784091,73.33981687045456,73.39854528636364,0.03530466556549072
MMD_dc_ae_l10_gmedian,dc_ae,down_blocks.3.0,median,172,73.426412225,73.41015931818183,73.44266513181819,0.06749749183654785
MMD_dc_ae_l10_gmedian,dc_ae,down_blocks.3.0,median,173,73.45744235795453,73.44619574090909,73.46868897499999,0.08763241767883301
MMD_dc_ae_l10_gmedian,dc_ae,down_blocks.3.0,median,174,73.52042231590909,73.50964273636363,73.53120189545454,0.07150232791900635
MMD_dc_ae_l10_gmedian,dc_ae,down_blocks.3.0,median,175,73.70395308409091,73.63946159545455,73.76844457272728,0.047055721282958984
MMD_dc_ae_l10_gmedian,dc_ae,down_blocks.3.0,median,176,73.85347222136363,73.80118299272728,73.90576145,0.1262316107749939
MMD_dc_ae_l10_gmedian,dc_ae,down_blocks.3.0,median,177,73.98737165409091,73.96756481363637,74.00717849454546,0.048858642578125
MMD_dc_ae_l10_gmedian,dc_ae,down_blocks.3.0,median,178,74.03115760909091,74.01135728181818,74.05095793636363,0.16365909576416016
MMD_dc_ae_l10_gmedian,dc_ae,down_blocks.3.0,median,179,74.12857689772727,74.05302495909092,74.20412883636364,0.07783401012420654
MMD_dc_ae_l10_gmedian,dc_ae,down_blocks.3.0,median,180,74.35693384772728,74.32802774090909,74.38583995454546,0.1090707778930664
MMD_dc_ae_l10_gmedian,dc_ae,down_blocks.3.0,median,181,74.49502861590909,74.46433656818182,74.52572066363636,0.09213650226593018
MMD_dc_ae_l10_gmedian,dc_ae,down_blocks.3.0,median,182,74.88092521136363,74.86437946363637,74.89747095909091,0.12181931734085083
MMD_dc_ae_l10_gmedian,dc_ae,down_blocks.3.0,median,183,74.96431832045454,74.9084351090909,75.02020153181819,0.008957266807556152
MMD_dc_ae_l10_gmedian,dc_ae,down_blocks.3.0,median,184,75.04762157954545,75.04613550454546,75.04910765454545,0.03476148843765259
MMD_dc_ae_l10_gmedian,dc_ae,down_blocks.3.0,median,185,75.09576952954546,75.04911406363637,75.14242499545455,0.01461029052734375
MMD_dc_ae_l10_gmedian,dc_ae,down_blocks.3.0,median,186,75.18233699545453,75.14524949545454,75.21942449545455,0.07754278182983398
MMD_dc_ae_l10_gmedian,dc_ae,down_blocks.3.0,median,187,75.27024816863636,75.2494860690909,75.29101026818182,0.11091315746307373
MMD_dc_ae_l10_gmedian,dc_ae,down_blocks.3.0,median,188,75.32758327272727,75.30463428181818,75.35053226363635,0.09492945671081543
MMD_dc_ae_l10_gmedian,dc_ae,down_blocks.3.0,median,189,75.41747211250001,75.358434425,75.4765098,0.11173582077026367
MMD_dc_ae_l10_gmedian,dc_ae,down_blocks.3.0,median,190,75.51253231590908,75.48288537727272,75.54217925454545,0.05009794235229492
MMD_dc_ae_l10_gmedian,dc_ae,down_blocks.3.0,median,191,75.6663297,75.65154605454546,75.68111334545455,0.22248327732086182
MMD_dc_ae_l10_gmedian,dc_ae,down_blocks.3.0,median,192,75.77599059545454,75.77031593636364,75.78166525454546,0.027758359909057617
MMD_dc_ae_l10_gmedian,dc_ae,down_blocks.3.0,median,193,75.81841251795454,75.79512009954546,75.84170493636363,0.0566861629486084
MMD_dc_ae_l10_gmedian,dc_ae,down_blocks.3.0,median,194,75.93210186136363,75.84312428636363,76.02107943636364,0.0973130464553833
MMD_dc_ae_l10_gmedian,dc_ae,down_blocks.3.0,median,195,76.11776692272727,76.07231828181818,76.16321556363636,0.0575861930847168
MMD_dc_ae_l10_gmedian,dc_ae,down_blocks.3.0,median,196,76.23163166,76.19598609272727,76.26727722727273,0.059770941734313965
MMD_dc_ae_l10_gmedian,dc_ae,down_blocks.3.0,median,197,76.28963145,76.28929185454545,76.28997104545455,0.04182088375091553
MMD_dc_ae_l10_gmedian,dc_ae,down_blocks.3.0,median,198,76.33895351590908,76.32376224090909,76.35414479090909,0.030017375946044922
MMD_dc_ae_l10_gmedian,dc_ae,down_blocks.3.0,median,199,76.42131312727273,76.39021483181818,76.45241142272727,-0.0020714998245239258
MMD_dc_ae_l10_gmedian,dc_ae,down_blocks.3.0,median,200,76.53077822886364,76.51437691681818,76.5471795409091,0.03529977798461914
MMD_dc_ae_l10_gmedian,dc_ae,down_blocks.3.0,median,201,76.61798762954547,76.59774437272728,76.63823088636364,0.12964534759521484
MMD_dc_ae_l10_gmedian,dc_ae,down_blocks.3.0,median,202,76.65972911636364,76.64452179545455,76.67493643727272,0.023223042488098145
MMD_dc_ae_l10_gmedian,dc_ae,down_blocks.3.0,median,203,76.74399205681817,76.67586082272727,76.81212329090908,0.09998440742492676
MMD_dc_ae_l10_gmedian,dc_ae,down_blocks.3.0,median,204,76.9110158,76.90558185454546,76.91644974545454,0.0735929012298584
MMD_dc_ae_l10_gmedian,dc_ae,down_blocks.3.0,median,205,77.04938380386363,76.98329391227273,77.11547369545454,0.06593859195709229
MMD_dc_ae_l10_gmedian,dc_ae,down_blocks.3.0,median,206,77.15743344090909,77.14402031818182,77.17084656363636,0.07743167877197266
MMD_dc_ae_l10_gmedian,dc_ae,down_blocks.3.0,median,207,77.30214769545455,77.25877326818183,77.34552212272727,0.027878284454345703
MMD_dc_ae_l10_gmedian,dc_ae,down_blocks.3.0,median,208,77.5903121975,77.52582683636363,77.65479755863636,0.00878208875656128
MMD_dc_ae_l10_gmedian,dc_ae,down_blocks.3.0,median,209,77.71230485227272,77.69959142727272,77.72501827727272,0.07337164878845215
MMD_dc_ae_l10_gmedian,dc_ae,down_blocks.3.0,median,210,77.90452434545455,77.83570625,77.9733424409091,0.12683242559432983
MMD_dc_ae_l10_gmedian,dc_ae,down_blocks.3.0,median,211,78.13042912045455,78.0566007590909,78.20425748181819,0.0652775764465332
MMD_dc_ae_l10_gmedian,dc_ae,down_blocks.3.0,median,212,78.24727043863636,78.23482706363636,78.25971381363637,-0.006678342819213867
MMD_dc_ae_l10_gmedian,dc_ae,down_blocks.3.0,median,213,78.38345864545454,78.3483194,78.4185978909091,0.019041895866394043
MMD_dc_ae_l10_gmedian,dc_ae,down_blocks.3.0,median,214,78.54078605227272,78.53980069090909,78.54177141363635,0.050054311752319336
MMD_dc_ae_l10_gmedian,dc_ae,down_blocks.3.0,median,215,78.58008820545454,78.57485005,78.5853263609091,0.02499234676361084
MMD_dc_ae_l10_gmedian,dc_ae,down_blocks.3.0,median,216,78.62433498636364,78.61859467727272,78.63007529545455,0.02380126714706421
MMD_dc_ae_l10_gmedian,dc_ae,down_blocks.3.0,median,217,79.04517957499999,78.86957993181818,79.22077921818182,0.06611692905426025
MMD_dc_ae_l10_gmedian,dc_ae,down_blocks.3.0,median,218,79.26989939772727,79.25695136818182,79.28284742727273,0.10241979360580444
MMD_dc_ae_l10_gmedian,dc_ae,down_blocks.3.0,median,219,79.41755696590909,79.36729972727272,79.46781420454546,0.07672619819641113
MMD_dc_ae_l10_gmedian,dc_ae,down_blocks.3.0,median,220,79.5698799834091,79.51125251363636,79.62850745318183,0.1082679033279419
MMD_dc_ae_l10_gmedian,dc_ae,down_blocks.3.0,median,221,79.70322166818181,79.6499864090909,79.75645692727272,0.01905524730682373
MMD_dc_ae_l10_gmedian,dc_ae,down_blocks.3.0,median,222,79.93145022954545,79.91532173636364,79.94757872272727,0.10400986671447754
MMD_dc_ae_l10_gmedian,dc_ae,down_blocks.3.0,median,223,80.08039142727273,80.02392345454545,80.13685939999999,0.0064272284507751465
MMD_dc_ae_l10_gmedian,dc_ae,down_blocks.3.0,median,224,80.3456105840909,80.28660759545454,80.40461357272727,0.13741600513458252
MMD_dc_ae_l10_gmedian,dc_ae,down_blocks.3.0,median,225,80.50383668863637,80.43965011363636,80.56802326363636,0.10798096656799316
MMD_dc_ae_l10_gmedian,dc_ae,down_blocks.3.0,median,226,80.76717882045455,80.69563893636364,80.83871870454546,0.0910043716430664
MMD_dc_ae_l10_gmedian,dc_ae,down_blocks.3.0,median,227,80.93666893636365,80.88731798181819,80.98601989090909,0.041615962982177734
MMD_dc_ae_l10_gmedian,dc_ae,down_blocks.3.0,median,228,81.24550969772727,81.02786977272727,81.46314962272727,0.03188079595565796
MMD_dc_ae_l10_gmedian,dc_ae,down_blocks.3.0,median,229,81.51551185,81.49191450454545,81.53910919545454,0.08377516269683838
MMD_dc_ae_l10_gmedian,dc_ae,down_blocks.3.0,median,230,81.66181410454547,81.65584415909092,81.66778405000001,0.06199151277542114
MMD_dc_ae_l10_gmedian,dc_ae,down_blocks.3.0,median,231,82.09491658409091,82.0783984909091,82.11143467727273,0.11712205410003662
MMD_dc_ae_l10_gmedian,dc_ae,down_blocks.3.0,median,232,82.51240656590909,82.15394328181819,82.87086985,0.03956049680709839
MMD_dc_ae_l10_gmedian,dc_ae,down_blocks.3.0,median,233,83.15926654545454,83.04785639090909,83.2706767,0.126867413520813
MMD_dc_ae_l10_gmedian,dc_ae,down_blocks.3.0,median,234,83.30087949545455,83.28013232272727,83.32162666818182,0.03720295429229736
MMD_dc_ae_l10_gmedian,dc_ae,down_blocks.3.0,median,235,83.40563283409091,83.35334443181819,83.45792123636365,0.027524471282958984
MMD_dc_ae_l10_gmedian,dc_ae,down_blocks.3.0,median,236,84.40519799318182,84.18152392727274,84.62887205909091,0.009139537811279297
MMD_dc_ae_l10_gmedian,dc_ae,down_blocks.3.0,median,237,85.11644672954546,85.11071750454545,85.12217595454545,0.027542471885681152
MMD_dc_ae_l10_gmedian,dc_ae,down_blocks.3.0,median,238,85.67873419522728,85.54109655454546,85.8163718359091,0.08103877305984497
MMD_dc_ae_l10_gmedian,dc_ae,down_blocks.3.0,median,239,86.04259813636364,86.0069106,86.07828567272726,0.08628958463668823
MMD_dc_ae_l10_gmedian,dc_ae,down_blocks.3.0,median,240,87.13953110454545,86.46879091363637,87.81027129545454,0.024028897285461426
MMD_dinov2_vitb14_l5_g1.00e-06,dinov2_vitb14,blocks.4,1.00e-06,1,10.810482123636362,10.383351573636363,11.237612673636363,0.06040382385253906
MMD_dinov2_vitb14_l5_g1.00e-06,dinov2_vitb14,blocks.4,1.00e-06,2,13.363017030454547,12.873956289545454,13.852077771363637,0.08802676200866699
MMD_dinov2_vitb14_l5_g1.00e-06,dinov2_vitb14,blocks.4,1.00e-06,3,15.27335880590909,14.772021149545454,15.774696462272727,0.019993066787719727
MMD_dinov2_vitb14_l5_g1.00e-06,dinov2_vitb14,blocks.4,1.00e-06,4,16.414950566818185,16.11136225,16.718538883636366,0.0013786554336547852
MMD_dinov2_vitb14_l5_g1.00e-06,dinov2_vitb14,blocks.4,1.00e-06,5,16.905719235454548,16.83383592,16.977602550909094,0.07034504413604736
MMD_dinov2_vitb14_l5_g1.00e-06,dinov2_vitb14,blocks.4,1.00e-06,6,17.31410864272727,17.128398308636363,17.49981897681818,0.06014108657836914
MMD_dinov2_vitb14_l5_g1.00e-06,dinov2_vitb14,blocks.4,1.00e-06,7,18.12177835068182,18.01987185318182,18.22368484818182,0.029312729835510254
MMD_dinov2_vitb14_l5_g1.00e-06,dinov2_vitb14,blocks.4,1.00e-06,8,18.68467708613636,18.40435578590909,18.964998386363636,0.04546165466308594
MMD_dinov2_vitb14_l5_g1.00e-06,dinov2_vitb14,blocks.4,1.00e-06,9,20.494847745454546,19.531784013636365,21.457911477272727,0.016747713088989258
MMD_dinov2_vitb14_l5_g1.00e-06,dinov2_vitb14,blocks.4,1.00e-06,10,22.186448304318183,22.164942098181818,22.207954510454545,0.016120314598083496
MMD_dinov2_vitb14_l5_g1.00e-06,dinov2_vitb14,blocks.4,1.00e-06,11,22.556182346136364,22.336504287727273,22.775860404545455,0.03644096851348877
MMD_dinov2_vitb14_l5_g1.00e-06,dinov2_vitb14,blocks.4,1.00e-06,12,23.05503894931818,23.03693973772727,23.073138160909092,0.013525843620300293
MMD_dinov2_vitb14_l5_g1.00e-06,dinov2_vitb14,blocks.4,1.00e-06,13,23.983741463181822,23.859046570909094,24.108436355454547,0.045153141021728516
MMD_dinov2_vitb14_l5_g1.00e-06,dinov2_vitb14,blocks.4,1.00e-06,14,24.42152434318182,24.136628927727273,24.706419758636365,0.02773439884185791
MMD_dinov2_vitb14_l5_g1.00e-06,dinov2_vitb14,blocks.4,1.00e-06,15,25.216616497954547,25.160939161363636,25.272293834545454,0.03018033504486084
MMD_dinov2_vitb14_l5_g1.00e-06,dinov2_vitb14,blocks.4,1.00e-06,16,25.91158886977273,25.739496508636364,26.08368123090909,0.10268449783325195
MMD_dinov2_vitb14_l5_g1.00e-06,dinov2_vitb14,blocks.4,1.00e-06,17,26.280579614772726,26.26193154681818,26.29922768272727,0.02326202392578125
MMD_dinov2_vitb14_l5_g1.00e-06,dinov2_vitb14,blocks.4,1.00e-06,18,26.72500679659091,26.647243233181822,26.80277036,-0.00924539566040039
MMD_dinov2_vitb14_l5_g1.00e-06,dinov2_vitb14,blocks.4,1.00e-06,19,27.71722202681818,27.710613355454544,27.723830698181818,0.08065462112426758
MMD_dinov2_vitb14_l5_g1.00e-06,dinov2_vitb14,blocks.4,1.00e-06,20,27.975271444090907,27.94224735681818,28.008295531363636,0.00964510440826416
MMD_dinov2_vitb14_l5_g1.00e-06,dinov2_vitb14,blocks.4,1.00e-06,21,28.51916109681818,28.427649107272728,28.610673086363636,0.13936173915863037
MMD_dinov2_vitb14_l5_g1.00e-06,dinov2_vitb14,blocks.4,1.00e-06,22,28.868573707954546,28.864666542727274,28.872480873181818,0.06775093078613281
MMD_dinov2_vitb14_l5_g1.00e-06,dinov2_vitb14,blocks.4,1.00e-06,23,30.406674175227273,29.867093540909092,30.946254809545454,0.019038915634155273
MMD_dinov2_vitb14_l5_g1.00e-06,dinov2_vitb14,blocks.4,1.00e-06,24,31.433125444318183,31.113843444545456,31.75240744409091,0.07135438919067383
MMD_dinov2_vitb14_l5_g1.00e-06,dinov2_vitb14,blocks.4,1.00e-06,25,32.032868589772725,31.962474827272725,32.10326235227273,0.06023001670837402
MMD_dinov2_vitb14_l5_g1.00e-06,dinov2_vitb14,blocks.4,1.00e-06,26,32.93285143340909,32.57260997909091,33.29309288772727,0.07370579242706299
MMD_dinov2_vitb14_l5_g1.00e-06,dinov2_vitb14,blocks.4,1.00e-06,27,33.789990362272725,33.63066458409091,33.94931614045454,0.04326820373535156
MMD_dinov2_vitb14_l5_g1.00e-06,dinov2_vitb14,blocks.4,1.00e-06,28,34.63530097772727,34.254768114545456,35.01583384090909,0.02006208896636963
MMD_dinov2_vitb14_l5_g1.00e-06,dinov2_vitb14,blocks.4,1.00e-06,29,36.06108401,35.61844186090909,36.50372615909091,0.0698312520980835
MMD_dinov2_vitb14_l5_g1.00e-06,dinov2_vitb14,blocks.4,1.00e-06,30,36.965541977954544,36.74721518909091,37.183868766818186,0.017158985137939453
MMD_dinov2_vitb14_l5_g1.00e-06,dinov2_vitb14,blocks.4,1.00e-06,31,37.74808161840909,37.586910895,37.90925234181818,0.09739720821380615
MMD_dinov2_vitb14_l5_g1.00e-06,dinov2_vitb14,blocks.4,1.00e-06,32,39.16038785159091,39.159607152727276,39.16116855045455,0.01735985279083252
MMD_dinov2_vitb14_l5_g1.00e-06,dinov2_vitb14,blocks.4,1.00e-06,33,39.614707512045456,39.50363207727273,39.72578294681818,0.055370450019836426
MMD_dinov2_vitb14_l5_g1.00e-06,dinov2_vitb14,blocks.4,1.00e-06,34,40.30910911386364,40.10658689318182,40.511631334545456,0.08712244033813477
MMD_dinov2_vitb14_l5_g1.00e-06,dinov2_vitb14,blocks.4,1.00e-06,35,41.33801180045454,41.22542756590909,41.450596035,0.09482455253601074
MMD_dinov2_vitb14_l5_g1.00e-06,dinov2_vitb14,blocks.4,1.00e-06,36,41.67410449772727,41.606778884545456,41.74143011090909,0.0443265438079834
MMD_dinov2_vitb14_l5_g1.00e-06,dinov2_vitb14,blocks.4,1.00e-06,37,42.3132160775,42.27668356454546,42.349748590454546,0.02347874641418457
MMD_dinov2_vitb14_l5_g1.00e-06,dinov2_vitb14,blocks.4,1.00e-06,38,42.96702508590909,42.93479045136364,42.999259720454546,-0.004127383232116699
MMD_dinov2_vitb14_l5_g1.00e-06,dinov2_vitb14,blocks.4,1.00e-06,39,43.49911773840908,43.14833512181818,43.849900354999995,0.008614897727966309
MMD_dinov2_vitb14_l5_g1.00e-06,dinov2_vitb14,blocks.4,1.00e-06,40,44.46355809863637,44.24228326,44.68483293727273,0.07321321964263916
MMD_dinov2_vitb14_l5_g1.00e-06,dinov2_vitb14,blocks.4,1.00e-06,41,45.02958462840909,45.014271393181815,45.044897863636365,0.005773425102233887
MMD_dinov2_vitb14_l5_g1.00e-06,dinov2_vitb14,blocks.4,1.00e-06,42,45.29330946295454,45.242849799999995,45.34376912590909,-0.0046575069427490234
MMD_dinov2_vitb14_l5_g1.00e-06,dinov2_vitb14,blocks.4,1.00e-06,43,45.6633877325,45.44974382363636,45.87703164136364,0.009826898574829102
MMD_dinov2_vitb14_l5_g1.00e-06,dinov2_vitb14,blocks.4,1.00e-06,44,46.19913604068182,46.05975058136364,46.3385215,0.18355607986450195
MMD_dinov2_vitb14_l5_g1.00e-06,dinov2_vitb14,blocks.4,1.00e-06,45,46.506415069545454,46.461104443636366,46.55172569545454,0.0250394344329834
MMD_dinov2_vitb14_l5_g1.00e-06,dinov2_vitb14,blocks.4,1.00e-06,46,46.7814371125,46.63784059272727,46.92503363227272,0.05681777000427246
MMD_dinov2_vitb14_l5_g1.00e-06,dinov2_vitb14,blocks.4,1.00e-06,47,47.02157502772727,46.98420985,47.05894020545455,0.03377091884613037
MMD_dinov2_vitb14_l5_g1.00e-06,dinov2_vitb14,blocks.4,1.00e-06,48,47.320069640227274,47.18393024863636,47.45620903181818,0.015301108360290527
MMD_dinov2_vitb14_l5_g1.00e-06,dinov2_vitb14,blocks.4,1.00e-06,49,47.63274792386363,47.57944400681818,47.68605184090909,0.0729513168334961
MMD_dinov2_vitb14_l5_g1.00e-06,dinov2_vitb14,blocks.4,1.00e-06,50,47.92564833181818,47.85413733318182,47.997159330454544,-0.018308520317077637
MMD_dinov2_vitb14_l5_g1.00e-06,dinov2_vitb14,blocks.4,1.00e-06,51,48.86026302159091,48.745656067727275,48.974869975454546,0.0041620731353759766
MMD_dinov2_vitb14_l5_g1.00e-06,dinov2_vitb14,blocks.4,1.00e-06,52,49.38568588545454,49.269933079999994,49.50143869090909,0.062117815017700195
MMD_dinov2_vitb14_l5_g1.00e-06,dinov2_vitb14,blocks.4,1.00e-06,53,50.13577139295455,50.02686477227273,50.24467801363637,0.13583743572235107
MMD_dinov2_vitb14_l5_g1.00e-06,dinov2_vitb14,blocks.4,1.00e-06,54,50.27686834954545,50.26601576545454,50.287720933636365,0.009310007095336914
MMD_dinov2_vitb14_l5_g1.00e-06,dinov2_vitb14,blocks.4,1.00e-06,55,50.41855757477272,50.397065763181814,50.44004938636363,0.04162174463272095
MMD_dinov2_vitb14_l5_g1.00e-06,dinov2_vitb14,blocks.4,1.00e-06,56,50.63730162727273,50.53053583909091,50.744067415454545,0.03750443458557129
MMD_dinov2_vitb14_l5_g1.00e-06,dinov2_vitb14,blocks.4,1.00e-06,57,50.914955580454546,50.877768575909094,50.952142585000004,0.01734793186187744
MMD_dinov2_vitb14_l5_g1.00e-06,dinov2_vitb14,blocks.4,1.00e-06,58,51.36304193090909,51.255980857727266,51.47010300409091,0.06198740005493164
MMD_dinov2_vitb14_l5_g1.00e-06,dinov2_vitb14,blocks.4,1.00e-06,59,51.4886901025,51.48649149727273,51.49088870772727,0.050997138023376465
MMD_dinov2_vitb14_l5_g1.00e-06,dinov2_vitb14,blocks.4,1.00e-06,60,51.729285431363635,51.669473619090915,51.78909724363636,0.013533234596252441
MMD_dinov2_vitb14_l5_g1.00e-06,dinov2_vitb14,blocks.4,1.00e-06,61,51.86503114863636,51.85205774272727,51.87800455454545,0.0015881061553955078
MMD_dinov2_vitb14_l5_g1.00e-06,dinov2_vitb14,blocks.4,1.00e-06,62,51.962966427272725,51.92553946363636,52.00039339090909,0.04674232006072998
MMD_dinov2_vitb14_l5_g1.00e-06,dinov2_vitb14,blocks.4,1.00e-06,63,52.2140292,52.126720309090906,52.30133809090909,0.04794347286224365
MMD_dinov2_vitb14_l5_g1.00e-06,dinov2_vitb14,blocks.4,1.00e-06,64,52.88865584113637,52.82782977227273,52.94948191,-0.02454662322998047
MMD_dinov2_vitb14_l5_g1.00e-06,dinov2_vitb14,blocks.4,1.00e-06,65,53.00029708795454,52.977303153181815,53.02329102272727,0.06671357154846191
MMD_dinov2_vitb14_l5_g1.00e-06,dinov2_vitb14,blocks.4,1.00e-06,66,53.13382443863637,53.11169118954546,53.15595768772727,0.047561049461364746
MMD_dinov2_vitb14_l5_g1.00e-06,dinov2_vitb14,blocks.4,1.00e-06,67,53.46701290090908,53.19575964181818,53.738266159999995,-0.0028432607650756836
MMD_dinov2_vitb14_l5_g1.00e-06,dinov2_vitb14,blocks.4,1.00e-06,68,54.39349470159091,54.35688324090909,54.43010616227273,0.08430898189544678
MMD_dinov2_vitb14_l5_g1.00e-06,dinov2_vitb14,blocks.4,1.00e-06,69,54.57660740431818,54.51598353272727,54.63723127590909,0.029008030891418457
MMD_dinov2_vitb14_l5_g1.00e-06,dinov2_vitb14,blocks.4,1.00e-06,70,54.70462107522727,54.68535675181818,54.72388539863636,0.006718039512634277
MMD_dinov2_vitb14_l5_g1.00e-06,dinov2_vitb14,blocks.4,1.00e-06,71,55.25811377272728,55.23867115454546,55.2775563909091,0.019335627555847168
MMD_dinov2_vitb14_l5_g1.00e-06,dinov2_vitb14,blocks.4,1.00e-06,72,55.751711513636366,55.699695931818184,55.80372709545455,0.03521120548248291
MMD_dinov2_vitb14_l5_g1.00e-06,dinov2_vitb14,blocks.4,1.00e-06,73,56.03063692863636,55.82518654818182,56.236087309090905,0.08304738998413086
MMD_dinov2_vitb14_l5_g1.00e-06,dinov2_vitb14,blocks.4,1.00e-06,74,56.343688662272726,56.34353036818182,56.343846956363635,0.046091318130493164
MMD_dinov2_vitb14_l5_g1.00e-06,dinov2_vitb14,blocks.4,1.00e-06,75,56.42361637045454,56.418747340909086,56.4284854,0.0035843849182128906
MMD_dinov2_vitb14_l5_g1.00e-06,dinov2_vitb14,blocks.4,1.00e-06,76,56.583800352272725,56.43083487727272,56.73676582727273,0.030926227569580078
MMD_dinov2_vitb14_l5_g1.00e-06,dinov2_vitb14,blocks.4,1.00e-06,77,56.82032182704545,56.80215198181818,56.838491672272724,-0.007098555564880371
MMD_dinov2_vitb14_l5_g1.00e-06,dinov2_vitb14,blocks.4,1.00e-06,78,56.88140215909091,56.87784920000001,56.88495511818182,0.04631519317626953
MMD_dinov2_vitb14_l5_g1.00e-06,dinov2_vitb14,blocks.4,1.00e-06,79,56.954357993181816,56.89427865,57.014437336363635,0.12251555919647217
MMD_dinov2_vitb14_l5_g1.00e-06,dinov2_vitb14,blocks.4,1.00e-06,80,57.03816157659091,57.01605029863636,57.06027285454545,0.023460984230041504
MMD_dinov2_vitb14_l5_g1.00e-06,dinov2_vitb14,blocks.4,1.00e-06,81,57.12540627659091,57.08577673045454,57.165035822727276,0.0486491322517395
MMD_dinov2_vitb14_l5_g1.00e-06,dinov2_vitb14,blocks.4,1.00e-06,82,57.42789008590909,57.30280682363637,57.552973348181816,0.04221367835998535
MMD_dinov2_vitb14_l5_g1.00e-06,dinov2_vitb14,blocks.4,1.00e-06,83,57.83153066113636,57.715692645,57.94736867727273,0.0301436185836792
MMD_dinov2_vitb14_l5_g1.00e-06,dinov2_vitb14,blocks.4,1.00e-06,84,58.08143253113636,58.01582408181818,58.14704098045454,0.06907546520233154
MMD_dinov2_vitb14_l5_g1.00e-06,dinov2_vitb14,blocks.4,1.00e-06,85,58.444803400909095,58.40466673181818,58.48494007,0.02786552906036377
MMD_dinov2_vitb14_l5_g1.00e-06,dinov2_vitb14,blocks.4,1.00e-06,86,58.91778003409091,58.90741873181818,58.92814133636364,0.10621058940887451
MMD_dinov2_vitb14_l5_g1.00e-06,dinov2_vitb14,blocks.4,1.00e-06,87,59.020174833863635,58.959711454090915,59.080638213636355,0.03135883808135986
MMD_dinov2_vitb14_l5_g1.00e-06,dinov2_vitb14,blocks.4,1.00e-06,88,59.15856208795455,59.15176404636364,59.165360129545455,0.09899342060089111
MMD_dinov2_vitb14_l5_g1.00e-06,dinov2_vitb14,blocks.4,1.00e-06,89,59.43633789068181,59.343238913181814,59.52943686818182,0.01592254638671875
MMD_dinov2_vitb14_l5_g1.00e-06,dinov2_vitb14,blocks.4,1.00e-06,90,59.57651304136364,59.53394987363636,59.61907620909091,0.004014194011688232
MMD_dinov2_vitb14_l5_g1.00e-06,dinov2_vitb14,blocks.4,1.00e-06,91,59.72755915772727,59.64024705,59.81487126545455,0.018097877502441406
MMD_dinov2_vitb14_l5_g1.00e-06,dinov2_vitb14,blocks.4,1.00e-06,92,59.821970187727274,59.821444613636366,59.82249576181818,0.05295109748840332
MMD_dinov2_vitb14_l5_g1.00e-06,dinov2_vitb14,blocks.4,1.00e-06,93,60.40047505386364,60.13491826227273,60.66603184545455,0.05884134769439697
MMD_dinov2_vitb14_l5_g1.00e-06,dinov2_vitb14,blocks.4,1.00e-06,94,60.95223787159091,60.91525143409091,60.98922430909091,0.025236964225769043
MMD_dinov2_vitb14_l5_g1.00e-06,dinov2_vitb14,blocks.4,1.00e-06,95,61.20584357204545,61.15445065909091,61.257236485,0.06893813610076904
MMD_dinov2_vitb14_l5_g1.00e-06,dinov2_vitb14,blocks.4,1.00e-06,96,61.39982516295454,61.38288141818182,61.41676890772727,0.027068018913269043
MMD_dinov2_vitb14_l5_g1.00e-06,dinov2_vitb14,blocks.4,1.00e-06,97,61.504183716363634,61.450913154545454,61.557454278181815,0.003046393394470215
MMD_dinov2_vitb14_l5_g1.00e-06,dinov2_vitb14,blocks.4,1.00e-06,98,61.63614204454545,61.612018317727276,61.66026577136363,-0.0010565519332885742
MMD_dinov2_vitb14_l5_g1.00e-06,dinov2_vitb14,blocks.4,1.00e-06,99,61.79374868181819,61.784896459090916,61.80260090454545,0.00746464729309082
MMD_dinov2_vitb14_l5_g1.00e-06,dinov2_vitb14,blocks.4,1.00e-06,100,62.09325376181818,62.04634134636364,62.140166177272725,0.040128231048583984
MMD_dinov2_vitb14_l5_g1.00e-06,dinov2_vitb14,blocks.4,1.00e-06,101,62.39542943,62.30800517363637,62.48285368636363,0.08471071720123291
MMD_dinov2_vitb14_l5_g1.00e-06,dinov2_vitb14,blocks.4,1.00e-06,102,62.508076675,62.50087945,62.515273900000004,0.05508387088775635
MMD_dinov2_vitb14_l5_g1.00e-06,dinov2_vitb14,blocks.4,1.00e-06,103,62.594979955227274,62.56153540454545,62.62842450590909,-0.005486488342285156
MMD_dinov2_vitb14_l5_g1.00e-06,dinov2_vitb14,blocks.4,1.00e-06,104,62.72680667931818,62.64787497272727,62.80573838590909,0.006990671157836914
MMD_dinov2_vitb14_l5_g1.00e-06,dinov2_vitb14,blocks.4,1.00e-06,105,62.93240722272727,62.831736559090906,63.033077886363635,0.05207693576812744
MMD_dinov2_vitb14_l5_g1.00e-06,dinov2_vitb14,blocks.4,1.00e-06,106,63.30071634545454,63.2958711590909,63.30556153181818,0.039077818393707275
MMD_dinov2_vitb14_l5_g1.00e-06,dinov2_vitb14,blocks.4,1.00e-06,107,63.483996286363634,63.451246159090914,63.51674641363636,0.0877847671508789
MMD_dinov2_vitb14_l5_g1.00e-06,dinov2_vitb14,blocks.4,1.00e-06,108,63.56579307022727,63.52993807136364,63.601648069090906,0.06096220016479492
MMD_dinov2_vitb14_l5_g1.00e-06,dinov2_vitb14,blocks.4,1.00e-06,109,63.64186040840909,63.632569839545454,63.65115097727273,0.30377697944641113
MMD_dinov2_vitb14_l5_g1.00e-06,dinov2_vitb14,blocks.4,1.00e-06,110,63.804872122727275,63.71100458181818,63.89873966363636,0.07151293754577637
MMD_dinov2_vitb14_l5_g1.00e-06,dinov2_vitb14,blocks.4,1.00e-06,111,63.942615578181815,63.92419218818182,63.96103896818182,0.030802130699157715
MMD_dinov2_vitb14_l5_g1.00e-06,dinov2_vitb14,blocks.4,1.00e-06,112,64.00932814772727,63.99746849090909,64.02118780454545,0.06482654809951782
MMD_dinov2_vitb14_l5_g1.00e-06,dinov2_vitb14,blocks.4,1.00e-06,113,64.06637004090909,64.02835174090909,64.1043883409091,0.025305509567260742
MMD_dinov2_vitb14_l5_g1.00e-06,dinov2_vitb14,blocks.4,1.00e-06,114,64.197639875,64.15682117727273,64.23845857272727,1.1563301086425781e-05
MMD_dinov2_vitb14_l5_g1.00e-06,dinov2_vitb14,blocks.4,1.00e-06,115,64.29020846409091,64.25370258636363,64.32671434181817,0.018802642822265625
MMD_dinov2_vitb14_l5_g1.00e-06,dinov2_vitb14,blocks.4,1.00e-06,116,64.48653965909091,64.40631527727272,64.56676404090909,0.08616697788238525
MMD_dinov2_vitb14_l5_g1.00e-06,dinov2_vitb14,blocks.4,1.00e-06,117,64.76922604204546,64.70266141363636,64.83579067045456,0.020670175552368164
MMD_dinov2_vitb14_l5_g1.00e-06,dinov2_vitb14,blocks.4,1.00e-06,118,64.89852501704544,64.88276691590909,64.91428311818181,0.07034659385681152
MMD_dinov2_vitb14_l5_g1.00e-06,dinov2_vitb14,blocks.4,1.00e-06,119,65.05579888840909,64.99876317727272,65.11283459954545,0.022621631622314453
MMD_dinov2_vitb14_l5_g1.00e-06,dinov2_vitb14,blocks.4,1.00e-06,120,65.1427998815909,65.12859398045454,65.15700578272727,0.04711484909057617
MMD_dinov2_vitb14_l5_g1.00e-06,dinov2_vitb14,blocks.4,1.00e-06,121,65.38211495681819,65.26560826818182,65.49862164545455,0.01720428466796875
MMD_dinov2_vitb14_l5_g1.00e-06,dinov2_vitb14,blocks.4,1.00e-06,122,65.6644128984091,65.58085287863636,65.74797291818182,0.014363288879394531
MMD_dinov2_vitb14_l5_g1.00e-06,dinov2_vitb14,blocks.4,1.00e-06,123,65.78481615227273,65.77319434545456,65.79643795909091,0.04070389270782471
MMD_dinov2_vitb14_l5_g1.00e-06,dinov2_vitb14,blocks.4,1.00e-06,124,65.98128235454546,65.90152255454545,66.06104215454546,0.011291980743408203
MMD_dinov2_vitb14_l5_g1.00e-06,dinov2_vitb14,blocks.4,1.00e-06,125,66.380175075,66.34667021363636,66.41367993636364,0.08661651611328125
MMD_dinov2_vitb14_l5_g1.00e-06,dinov2_vitb14,blocks.4,1.00e-06,126,66.53513308522727,66.49486482500001,66.57540134545455,0.008045434951782227
MMD_dinov2_vitb14_l5_g1.00e-06,dinov2_vitb14,blocks.4,1.00e-06,127,66.67200952022728,66.64770191772728,66.69631712272727,0.03321802616119385
MMD_dinov2_vitb14_l5_g1.00e-06,dinov2_vitb14,blocks.4,1.00e-06,128,66.77277958181818,66.69915260454546,66.84640655909091,0.016484200954437256
MMD_dinov2_vitb14_l5_g1.00e-06,dinov2_vitb14,blocks.4,1.00e-06,129,67.04070426136363,66.92138232272727,67.1600262,0.0690687894821167
MMD_dinov2_vitb14_l5_g1.00e-06,dinov2_vitb14,blocks.4,1.00e-06,130,67.28861000386364,67.24224864545455,67.33497136227273,0.057642340660095215
MMD_dinov2_vitb14_l5_g1.00e-06,dinov2_vitb14,blocks.4,1.00e-06,131,67.57832059454546,67.50431248636363,67.65232870272727,0.0768885612487793
MMD_dinov2_vitb14_l5_g1.00e-06,dinov2_vitb14,blocks.4,1.00e-06,132,67.81369166136363,67.78208407272727,67.84529925,0.10785651206970215
MMD_dinov2_vitb14_l5_g1.00e-06,dinov2_vitb14,blocks.4,1.00e-06,133,67.93897957499999,67.89158320909091,67.98637594090908,0.025950312614440918
MMD_dinov2_vitb14_l5_g1.00e-06,dinov2_vitb14,blocks.4,1.00e-06,134,68.10606402954545,68.0851692090909,68.12695885,0.02401113510131836
MMD_dinov2_vitb14_l5_g1.00e-06,dinov2_vitb14,blocks.4,1.00e-06,135,68.23297037272727,68.2302839,68.23565684545454,0.010938167572021484
MMD_dinov2_vitb14_l5_g1.00e-06,dinov2_vitb14,blocks.4,1.00e-06,136,68.26855261863636,68.26595938409092,68.27114585318182,0.06286537647247314
MMD_dinov2_vitb14_l5_g1.00e-06,dinov2_vitb14,blocks.4,1.00e-06,137,68.35431695,68.32032611363637,68.38830778636363,0.007117152214050293
MMD_dinov2_vitb14_l5_g1.00e-06,dinov2_vitb14,blocks.4,1.00e-06,138,68.43904966136364,68.41746199090909,68.46063733181818,0.000506281852722168
MMD_dinov2_vitb14_l5_g1.00e-06,dinov2_vitb14,blocks.4,1.00e-06,139,68.46939314545455,68.46664887727273,68.47213741363636,0.0061675310134887695
MMD_dinov2_vitb14_l5_g1.00e-06,dinov2_vitb14,blocks.4,1.00e-06,140,68.98970947477272,68.93374281227273,69.04567613727274,0.0017989873886108398
MMD_dinov2_vitb14_l5_g1.00e-06,dinov2_vitb14,blocks.4,1.00e-06,141,69.07596895681817,69.05974111818182,69.09219679545454,0.047641754150390625
MMD_dinov2_vitb14_l5_g1.00e-06,dinov2_vitb14,blocks.4,1.00e-06,142,69.09902052045456,69.09712682727273,69.10091421363637,0.023383498191833496
MMD_dinov2_vitb14_l5_g1.00e-06,dinov2_vitb14,blocks.4,1.00e-06,143,69.11422755681818,69.10780212727273,69.12065298636364,0.1103510856628418
MMD_dinov2_vitb14_l5_g1.00e-06,dinov2_vitb14,blocks.4,1.00e-06,144,69.20713757499999,69.18059698636364,69.23367816363636,0.09726238250732422
MMD_dinov2_vitb14_l5_g1.00e-06,dinov2_vitb14,blocks.4,1.00e-06,145,69.31117297909091,69.2644266,69.35791935818182,-0.0034341812133789062
MMD_dinov2_vitb14_l5_g1.00e-06,dinov2_vitb14,blocks.4,1.00e-06,146,69.711816475,69.61843814545455,69.80519480454545,0.02582693099975586
MMD_dinov2_vitb14_l5_g1.00e-06,dinov2_vitb14,blocks.4,1.00e-06,147,69.87131680454546,69.8553488,69.88728480909091,0.018943369388580322
MMD_dinov2_vitb14_l5_g1.00e-06,dinov2_vitb14,blocks.4,1.00e-06,148,70.01484913522728,69.97248817863637,70.05721009181819,0.010116338729858398
MMD_dinov2_vitb14_l5_g1.00e-06,dinov2_vitb14,blocks.4,1.00e-06,149,70.15358302272728,70.14929492727272,70.15787111818182,0.10924911499023438
MMD_dinov2_vitb14_l5_g1.00e-06,dinov2_vitb14,blocks.4,1.00e-06,150,70.18329474545455,70.16147875909091,70.20511073181818,0.02556025981903076
MMD_dinov2_vitb14_l5_g1.00e-06,dinov2_vitb14,blocks.4,1.00e-06,151,70.35018690227272,70.32331571818182,70.37705808636363,0.0030171871185302734
MMD_dinov2_vitb14_l5_g1.00e-06,dinov2_vitb14,blocks.4,1.00e-06,152,70.45040821409091,70.399005675,70.50181075318181,0.03348100185394287
MMD_dinov2_vitb14_l5_g1.00e-06,dinov2_vitb14,blocks.4,1.00e-06,153,70.6769625340909,70.6102672090909,70.7436578590909,0.12414777278900146
MMD_dinov2_vitb14_l5_g1.00e-06,dinov2_vitb14,blocks.4,1.00e-06,154,70.83329053636363,70.83137117272727,70.8352099,0.0017375946044921875
MMD_dinov2_vitb14_l5_g1.00e-06,dinov2_vitb14,blocks.4,1.00e-06,155,70.85428704318181,70.84563281363636,70.86294127272727,0.044004082679748535
MMD_dinov2_vitb14_l5_g1.00e-06,dinov2_vitb14,blocks.4,1.00e-06,156,70.91317588613636,70.88488886772727,70.94146290454545,0.0849771499633789
MMD_dinov2_vitb14_l5_g1.00e-06,dinov2_vitb14,blocks.4,1.00e-06,157,71.04800647272728,71.03486937272727,71.06114357272727,0.034589409828186035
MMD_dinov2_vitb14_l5_g1.00e-06,dinov2_vitb14,blocks.4,1.00e-06,158,71.17275272272727,71.16676672727273,71.17873871818182,0.034705281257629395
MMD_dinov2_vitb14_l5_g1.00e-06,dinov2_vitb14,blocks.4,1.00e-06,159,71.23105279704546,71.2066498259091,71.25545576818182,0.0018999576568603516
MMD_dinov2_vitb14_l5_g1.00e-06,dinov2_vitb14,blocks.4,1.00e-06,160,71.34023223636365,71.3174982909091,71.36296618181818,0.03178703784942627
MMD_dinov2_vitb14_l5_g1.00e-06,dinov2_vitb14,blocks.4,1.00e-06,161,71.59614402954546,71.46931471818182,71.72297334090909,0.010103225708007812
MMD_dinov2_vitb14_l5_g1.00e-06,dinov2_vitb14,blocks.4,1.00e-06,162,71.953188675,71.90808025909091,71.99829709090909,0.018335342407226562
MMD_dinov2_vitb14_l5_g1.00e-06,dinov2_vitb14,blocks.4,1.00e-06,163,72.12556611863636,72.09644175681818,72.15469048045455,0.12134647369384766
MMD_dinov2_vitb14_l5_g1.00e-06,dinov2_vitb14,blocks.4,1.00e-06,164,72.20636263409091,72.16259906363636,72.25012620454545,0.0037671327590942383
MMD_dinov2_vitb14_l5_g1.00e-06,dinov2_vitb14,blocks.4,1.00e-06,165,72.341453075,72.32991709090909,72.3529890590909,0.020114779472351074
MMD_dinov2_vitb14_l5_g1.00e-06,dinov2_vitb14,blocks.4,1.00e-06,166,72.4059290209091,72.35690482818183,72.45495321363636,0.06605827808380127
MMD_dinov2_vitb14_l5_g1.00e-06,dinov2_vitb14,blocks.4,1.00e-06,167,72.62915620454547,72.62635492727273,72.63195748181819,0.08937013149261475
MMD_dinov2_vitb14_l5_g1.00e-06,dinov2_vitb14,blocks.4,1.00e-06,168,72.868061955,72.83995069636363,72.89617321363636,0.01381540298461914
MMD_dinov2_vitb14_l5_g1.00e-06,dinov2_vitb14,blocks.4,1.00e-06,169,73.07651165045455,73.03390340545455,73.11911989545455,0.08614993095397949
MMD_dinov2_vitb14_l5_g1.00e-06,dinov2_vitb14,blocks.4,1.00e-06,170,73.23652217727272,73.13833258181818,73.33471177272727,0.026391029357910156
MMD_dinov2_vitb14_l5_g1.00e-06,dinov2_vitb14,blocks.4,1.00e-06,171,73.3691810784091,73.33981687045456,73.39854528636364,0.008609890937805176
MMD_dinov2_vitb14_l5_g1.00e-06,dinov2_vitb14,blocks.4,1.00e-06,172,73.426412225,73.41015931818183,73.44266513181819,0.007798433303833008
MMD_dinov2_vitb14_l5_g1.00e-06,dinov2_vitb14,blocks.4,1.00e-06,173,73.45744235795453,73.44619574090909,73.46868897499999,0.03975212574005127
MMD_dinov2_vitb14_l5_g1.00e-06,dinov2_vitb14,blocks.4,1.00e-06,174,73.52042231590909,73.50964273636363,73.53120189545454,0.013942241668701172
MMD_dinov2_vitb14_l5_g1.00e-06,dinov2_vitb14,blocks.4,1.00e-06,175,73.70395308409091,73.63946159545455,73.76844457272728,-0.0012483596801757812
MMD_dinov2_vitb14_l5_g1.00e-06,dinov2_vitb14,blocks.4,1.00e-06,176,73.85347222136363,73.80118299272728,73.90576145,0.14315855503082275
MMD_dinov2_vitb14_l5_g1.00e-06,dinov2_vitb14,blocks.4,1.00e-06,177,73.98737165409091,73.96756481363637,74.00717849454546,0.03151047229766846
MMD_dinov2_vitb14_l5_g1.00e-06,dinov2_vitb14,blocks.4,1.00e-06,178,74.03115760909091,74.01135728181818,74.05095793636363,0.08282101154327393
MMD_dinov2_vitb14_l5_g1.00e-06,dinov2_vitb14,blocks.4,1.00e-06,179,74.12857689772727,74.05302495909092,74.20412883636364,0.03357970714569092
MMD_dinov2_vitb14_l5_g1.00e-06,dinov2_vitb14,blocks.4,1.00e-06,180,74.35693384772728,74.32802774090909,74.38583995454546,0.0027848482131958008
MMD_dinov2_vitb14_l5_g1.00e-06,dinov2_vitb14,blocks.4,1.00e-06,181,74.49502861590909,74.46433656818182,74.52572066363636,0.013824701309204102
MMD_dinov2_vitb14_l5_g1.00e-06,dinov2_vitb14,blocks.4,1.00e-06,182,74.88092521136363,74.86437946363637,74.89747095909091,0.0814027190208435
MMD_dinov2_vitb14_l5_g1.00e-06,dinov2_vitb14,blocks.4,1.00e-06,183,74.96431832045454,74.9084351090909,75.02020153181819,-0.005292534828186035
MMD_dinov2_vitb14_l5_g1.00e-06,dinov2_vitb14,blocks.4,1.00e-06,184,75.04762157954545,75.04613550454546,75.04910765454545,0.027441859245300293
MMD_dinov2_vitb14_l5_g1.00e-06,dinov2_vitb14,blocks.4,1.00e-06,185,75.09576952954546,75.04911406363637,75.14242499545455,-0.018856287002563477
MMD_dinov2_vitb14_l5_g1.00e-06,dinov2_vitb14,blocks.4,1.00e-06,186,75.18233699545453,75.14524949545454,75.21942449545455,0.046146512031555176
MMD_dinov2_vitb14_l5_g1.00e-06,dinov2_vitb14,blocks.4,1.00e-06,187,75.27024816863636,75.2494860690909,75.29101026818182,0.04397380352020264
MMD_dinov2_vitb14_l5_g1.00e-06,dinov2_vitb14,blocks.4,1.00e-06,188,75.32758327272727,75.30463428181818,75.35053226363635,0.02452564239501953
MMD_dinov2_vitb14_l5_g1.00e-06,dinov2_vitb14,blocks.4,1.00e-06,189,75.41747211250001,75.358434425,75.4765098,0.08805632591247559
MMD_dinov2_vitb14_l5_g1.00e-06,dinov2_vitb14,blocks.4,1.00e-06,190,75.51253231590908,75.48288537727272,75.54217925454545,0.05012321472167969
MMD_dinov2_vitb14_l5_g1.00e-06,dinov2_vitb14,blocks.4,1.00e-06,191,75.6663297,75.65154605454546,75.68111334545455,0.05641365051269531
MMD_dinov2_vitb14_l5_g1.00e-06,dinov2_vitb14,blocks.4,1.00e-06,192,75.77599059545454,75.77031593636364,75.78166525454546,0.020557761192321777
MMD_dinov2_vitb14_l5_g1.00e-06,dinov2_vitb14,blocks.4,1.00e-06,193,75.81841251795454,75.79512009954546,75.84170493636363,0.029688596725463867
MMD_dinov2_vitb14_l5_g1.00e-06,dinov2_vitb14,blocks.4,1.00e-06,194,75.93210186136363,75.84312428636363,76.02107943636364,0.03615987300872803
MMD_dinov2_vitb14_l5_g1.00e-06,dinov2_vitb14,blocks.4,1.00e-06,195,76.11776692272727,76.07231828181818,76.16321556363636,0.05377328395843506
MMD_dinov2_vitb14_l5_g1.00e-06,dinov2_vitb14,blocks.4,1.00e-06,196,76.23163166,76.19598609272727,76.26727722727273,0.03310370445251465
MMD_dinov2_vitb14_l5_g1.00e-06,dinov2_vitb14,blocks.4,1.00e-06,197,76.28963145,76.28929185454545,76.28997104545455,-0.0031200647354125977
MMD_dinov2_vitb14_l5_g1.00e-06,dinov2_vitb14,blocks.4,1.00e-06,198,76.33895351590908,76.32376224090909,76.35414479090909,0.021146059036254883
MMD_dinov2_vitb14_l5_g1.00e-06,dinov2_vitb14,blocks.4,1.00e-06,199,76.42131312727273,76.39021483181818,76.45241142272727,-0.009523272514343262
MMD_dinov2_vitb14_l5_g1.00e-06,dinov2_vitb14,blocks.4,1.00e-06,200,76.53077822886364,76.51437691681818,76.5471795409091,0.03381466865539551
MMD_dinov2_vitb14_l5_g1.00e-06,dinov2_vitb14,blocks.4,1.00e-06,201,76.61798762954547,76.59774437272728,76.63823088636364,0.07149815559387207
MMD_dinov2_vitb14_l5_g1.00e-06,dinov2_vitb14,blocks.4,1.00e-06,202,76.65972911636364,76.64452179545455,76.67493643727272,0.0005054473876953125
MMD_dinov2_vitb14_l5_g1.00e-06,dinov2_vitb14,blocks.4,1.00e-06,203,76.74399205681817,76.67586082272727,76.81212329090908,0.011585235595703125
MMD_dinov2_vitb14_l5_g1.00e-06,dinov2_vitb14,blocks.4,1.00e-06,204,76.9110158,76.90558185454546,76.91644974545454,0.02704554796218872
MMD_dinov2_vitb14_l5_g1.00e-06,dinov2_vitb14,blocks.4,1.00e-06,205,77.04938380386363,76.98329391227273,77.11547369545454,0.07328355312347412
MMD_dinov2_vitb14_l5_g1.00e-06,dinov2_vitb14,blocks.4,1.00e-06,206,77.15743344090909,77.14402031818182,77.17084656363636,0.04799354076385498
MMD_dinov2_vitb14_l5_g1.00e-06,dinov2_vitb14,blocks.4,1.00e-06,207,77.30214769545455,77.25877326818183,77.34552212272727,0.00822758674621582
MMD_dinov2_vitb14_l5_g1.00e-06,dinov2_vitb14,blocks.4,1.00e-06,208,77.5903121975,77.52582683636363,77.65479755863636,-0.006660342216491699
MMD_dinov2_vitb14_l5_g1.00e-06,dinov2_vitb14,blocks.4,1.00e-06,209,77.71230485227272,77.69959142727272,77.72501827727272,0.03482532501220703
MMD_dinov2_vitb14_l5_g1.00e-06,dinov2_vitb14,blocks.4,1.00e-06,210,77.90452434545455,77.83570625,77.9733424409091,0.09505259990692139
MMD_dinov2_vitb14_l5_g1.00e-06,dinov2_vitb14,blocks.4,1.00e-06,211,78.13042912045455,78.0566007590909,78.20425748181819,0.0439763069152832
MMD_dinov2_vitb14_l5_g1.00e-06,dinov2_vitb14,blocks.4,1.00e-06,212,78.24727043863636,78.23482706363636,78.25971381363637,-0.006955265998840332
MMD_dinov2_vitb14_l5_g1.00e-06,dinov2_vitb14,blocks.4,1.00e-06,213,78.38345864545454,78.3483194,78.4185978909091,0.021718144416809082
MMD_dinov2_vitb14_l5_g1.00e-06,dinov2_vitb14,blocks.4,1.00e-06,214,78.54078605227272,78.53980069090909,78.54177141363635,0.006492137908935547
MMD_dinov2_vitb14_l5_g1.00e-06,dinov2_vitb14,blocks.4,1.00e-06,215,78.58008820545454,78.57485005,78.5853263609091,0.019034266471862793
MMD_dinov2_vitb14_l5_g1.00e-06,dinov2_vitb14,blocks.4,1.00e-06,216,78.62433498636364,78.61859467727272,78.63007529545455,-0.013244450092315674
MMD_dinov2_vitb14_l5_g1.00e-06,dinov2_vitb14,blocks.4,1.00e-06,217,79.04517957499999,78.86957993181818,79.22077921818182,0.053296446800231934
MMD_dinov2_vitb14_l5_g1.00e-06,dinov2_vitb14,blocks.4,1.00e-06,218,79.26989939772727,79.25695136818182,79.28284742727273,0.058126091957092285
MMD_dinov2_vitb14_l5_g1.00e-06,dinov2_vitb14,blocks.4,1.00e-06,219,79.41755696590909,79.36729972727272,79.46781420454546,0.01962101459503174
MMD_dinov2_vitb14_l5_g1.00e-06,dinov2_vitb14,blocks.4,1.00e-06,220,79.5698799834091,79.51125251363636,79.62850745318183,0.09420907497406006
MMD_dinov2_vitb14_l5_g1.00e-06,dinov2_vitb14,blocks.4,1.00e-06,221,79.70322166818181,79.6499864090909,79.75645692727272,-0.013698101043701172
MMD_dinov2_vitb14_l5_g1.00e-06,dinov2_vitb14,blocks.4,1.00e-06,222,79.93145022954545,79.91532173636364,79.94757872272727,0.051863670349121094
MMD_dinov2_vitb14_l5_g1.00e-06,dinov2_vitb14,blocks.4,1.00e-06,223,80.08039142727273,80.02392345454545,80.13685939999999,-0.0225675106048584
MMD_dinov2_vitb14_l5_g1.00e-06,dinov2_vitb14,blocks.4,1.00e-06,224,80.3456105840909,80.28660759545454,80.40461357272727,0.04256391525268555
MMD_dinov2_vitb14_l5_g1.00e-06,dinov2_vitb14,blocks.4,1.00e-06,225,80.50383668863637,80.43965011363636,80.56802326363636,0.0841132402420044
MMD_dinov2_vitb14_l5_g1.00e-06,dinov2_vitb14,blocks.4,1.00e-06,226,80.76717882045455,80.69563893636364,80.83871870454546,0.006025195121765137
MMD_dinov2_vitb14_l5_g1.00e-06,dinov2_vitb14,blocks.4,1.00e-06,227,80.93666893636365,80.88731798181819,80.98601989090909,0.02806711196899414
MMD_dinov2_vitb14_l5_g1.00e-06,dinov2_vitb14,blocks.4,1.00e-06,228,81.24550969772727,81.02786977272727,81.46314962272727,-0.008563518524169922
MMD_dinov2_vitb14_l5_g1.00e-06,dinov2_vitb14,blocks.4,1.00e-06,229,81.51551185,81.49191450454545,81.53910919545454,0.024653196334838867
MMD_dinov2_vitb14_l5_g1.00e-06,dinov2_vitb14,blocks.4,1.00e-06,230,81.66181410454547,81.65584415909092,81.66778405000001,0.028213977813720703
MMD_dinov2_vitb14_l5_g1.00e-06,dinov2_vitb14,blocks.4,1.00e-06,231,82.09491658409091,82.0783984909091,82.11143467727273,0.051657676696777344
MMD_dinov2_vitb14_l5_g1.00e-06,dinov2_vitb14,blocks.4,1.00e-06,232,82.51240656590909,82.15394328181819,82.87086985,-0.005242586135864258
MMD_dinov2_vitb14_l5_g1.00e-06,dinov2_vitb14,blocks.4,1.00e-06,233,83.15926654545454,83.04785639090909,83.2706767,0.0533442497253418
MMD_dinov2_vitb14_l5_g1.00e-06,dinov2_vitb14,blocks.4,1.00e-06,234,83.30087949545455,83.28013232272727,83.32162666818182,0.00835871696472168
MMD_dinov2_vitb14_l5_g1.00e-06,dinov2_vitb14,blocks.4,1.00e-06,235,83.40563283409091,83.35334443181819,83.45792123636365,-0.0061768293380737305
MMD_dinov2_vitb14_l5_g1.00e-06,dinov2_vitb14,blocks.4,1.00e-06,236,84.40519799318182,84.18152392727274,84.62887205909091,0.01499176025390625
MMD_dinov2_vitb14_l5_g1.00e-06,dinov2_vitb14,blocks.4,1.00e-06,237,85.11644672954546,85.11071750454545,85.12217595454545,0.03047502040863037
MMD_dinov2_vitb14_l5_g1.00e-06,dinov2_vitb14,blocks.4,1.00e-06,238,85.67873419522728,85.54109655454546,85.8163718359091,0.07006287574768066
MMD_dinov2_vitb14_l5_g1.00e-06,dinov2_vitb14,blocks.4,1.00e-06,239,86.04259813636364,86.0069106,86.07828567272726,0.06514632701873779
MMD_dinov2_vitb14_l5_g1.00e-06,dinov2_vitb14,blocks.4,1.00e-06,240,87.13953110454545,86.46879091363637,87.81027129545454,-0.0011534690856933594
MMD_dinov2_vitb14_l5_g1.00e-05,dinov2_vitb14,blocks.4,1.00e-05,1,10.810482123636362,10.383351573636363,11.237612673636363,0.004844384267926216
MMD_dinov2_vitb14_l5_g1.00e-05,dinov2_vitb14,blocks.4,1.00e-05,2,13.363017030454547,12.873956289545454,13.852077771363637,0.003456462174654007
MMD_dinov2_vitb14_l5_g1.00e-05,dinov2_vitb14,blocks.4,1.00e-05,3,15.27335880590909,14.772021149545454,15.774696462272727,-3.2070092856884e-05
MMD_dinov2_vitb14_l5_g1.00e-05,dinov2_vitb14,blocks.4,1.00e-05,4,16.414950566818185,16.11136225,16.718538883636366,0.0009814770892262459
MMD_dinov2_vitb14_l5_g1.00e-05,dinov2_vitb14,blocks.4,1.00e-05,5,16.905719235454548,16.83383592,16.977602550909094,0.02102716453373432
MMD_dinov2_vitb14_l5_g1.00e-05,dinov2_vitb14,blocks.4,1.00e-05,6,17.31410864272727,17.128398308636363,17.49981897681818,0.008045218884944916
MMD_dinov2_vitb14_l5_g1.00e-05,dinov2_vitb14,blocks.4,1.00e-05,7,18.12177835068182,18.01987185318182,18.22368484818182,0.0021121958270668983
MMD_dinov2_vitb14_l5_g1.00e-05,dinov2_vitb14,blocks.4,1.00e-05,8,18.68467708613636,18.40435578590909,18.964998386363636,0.004500550217926502
MMD_dinov2_vitb14_l5_g1.00e-05,dinov2_vitb14,blocks.4,1.00e-05,9,20.494847745454546,19.531784013636365,21.457911477272727,0.0014513973146677017
MMD_dinov2_vitb14_l5_g1.00e-05,dinov2_vitb14,blocks.4,1.00e-05,10,22.186448304318183,22.164942098181818,22.207954510454545,0.0026778588071465492
MMD_dinov2_vitb14_l5_g1.00e-05,dinov2_vitb14,blocks.4,1.00e-05,11,22.556182346136364,22.336504287727273,22.775860404545455,0.0027937619015574455
MMD_dinov2_vitb14_l5_g1.00e-05,dinov2_vitb14,blocks.4,1.00e-05,12,23.05503894931818,23.03693973772727,23.073138160909092,0.0017607947811484337
MMD_dinov2_vitb14_l5_g1.00e-05,dinov2_vitb14,blocks.4,1.00e-05,13,23.983741463181822,23.859046570909094,24.108436355454547,0.0011760769411921501
MMD_dinov2_vitb14_l5_g1.00e-05,dinov2_vitb14,blocks.4,1.00e-05,14,24.42152434318182,24.136628927727273,24.706419758636365,0.0030436725355684757
MMD_dinov2_vitb14_l5_g1.00e-05,dinov2_vitb14,blocks.4,1.00e-05,15,25.216616497954547,25.160939161363636,25.272293834545454,0.001008749008178711
MMD_dinov2_vitb14_l5_g1.00e-05,dinov2_vitb14,blocks.4,1.00e-05,16,25.91158886977273,25.739496508636364,26.08368123090909,0.012744482606649399
MMD_dinov2_vitb14_l5_g1.00e-05,dinov2_vitb14,blocks.4,1.00e-05,17,26.280579614772726,26.26193154681818,26.29922768272727,0.0026633236557245255
MMD_dinov2_vitb14_l5_g1.00e-05,dinov2_vitb14,blocks.4,1.00e-05,18,26.72500679659091,26.647243233181822,26.80277036,-0.0026553338393568993
MMD_dinov2_vitb14_l5_g1.00e-05,dinov2_vitb14,blocks.4,1.00e-05,19,27.71722202681818,27.710613355454544,27.723830698181818,0.005495321936905384
MMD_dinov2_vitb14_l5_g1.00e-05,dinov2_vitb14,blocks.4,1.00e-05,20,27.975271444090907,27.94224735681818,28.008295531363636,0.0015781624242663383
MMD_dinov2_vitb14_l5_g1.00e-05,dinov2_vitb14,blocks.4,1.00e-05,21,28.51916109681818,28.427649107272728,28.610673086363636,0.01844426617026329
MMD_dinov2_vitb14_l5_g1.00e-05,dinov2_vitb14,blocks.4,1.00e-05,22,28.868573707954546,28.864666542727274,28.872480873181818,0.005122381262481213
MMD_dinov2_vitb14_l5_g1.00e-05,dinov2_vitb14,blocks.4,1.00e-05,23,30.406674175227273,29.867093540909092,30.946254809545454,0.003055362030863762
MMD_dinov2_vitb14_l5_g1.00e-05,dinov2_vitb14,blocks.4,1.00e-05,24,31.433125444318183,31.113843444545456,31.75240744409091,0.007985609583556652
MMD_dinov2_vitb14_l5_g1.00e-05,dinov2_vitb14,blocks.4,1.00e-05,25,32.032868589772725,31.962474827272725,32.10326235227273,0.011608796194195747
MMD_dinov2_vitb14_l5_g1.00e-05,dinov2_vitb14,blocks.4,1.00e-05,26,32.93285143340909,32.57260997909091,33.29309288772727,0.016925372183322906
MMD_dinov2_vitb14_l5_g1.00e-05,dinov2_vitb14,blocks.4,1.00e-05,27,33.789990362272725,33.63066458409091,33.94931614045454,0.003938003443181515
MMD_dinov2_vitb14_l5_g1.00e-05,dinov2_vitb14,blocks.4,1.00e-05,28,34.63530097772727,34.254768114545456,35.01583384090909,0.0018562190234661102
MMD_dinov2_vitb14_l5_g1.00e-05,dinov2_vitb14,blocks.4,1.00e-05,29,36.06108401,35.61844186090909,36.50372615909091,0.0058494675904512405
MMD_dinov2_vitb14_l5_g1.00e-05,dinov2_vitb14,blocks.4,1.00e-05,30,36.965541977954544,36.74721518909091,37.183868766818186,0.002399865537881851
MMD_dinov2_vitb14_l5_g1.00e-05,dinov2_vitb14,blocks.4,1.00e-05,31,37.74808161840909,37.586910895,37.90925234181818,0.021580034866929054
MMD_dinov2_vitb14_l5_g1.00e-05,dinov2_vitb14,blocks.4,1.00e-05,32,39.16038785159091,39.159607152727276,39.16116855045455,0.0032323538325726986
MMD_dinov2_vitb14_l5_g1.00e-05,dinov2_vitb14,blocks.4,1.00e-05,33,39.614707512045456,39.50363207727273,39.72578294681818,0.005769885145127773
MMD_dinov2_vitb14_l5_g1.00e-05,dinov2_vitb14,blocks.4,1.00e-05,34,40.30910911386364,40.10658689318182,40.511631334545456,0.011042769998311996
MMD_dinov2_vitb14_l5_g1.00e-05,dinov2_vitb14,blocks.4,1.00e-05,35,41.33801180045454,41.22542756590909,41.450596035,0.012881024740636349
MMD_dinov2_vitb14_l5_g1.00e-05,dinov2_vitb14,blocks.4,1.00e-05,36,41.67410449772727,41.606778884545456,41.74143011090909,0.007559176534414291
MMD_dinov2_vitb14_l5_g1.00e-05,dinov2_vitb14,blocks.4,1.00e-05,37,42.3132160775,42.27668356454546,42.349748590454546,0.002705264836549759
MMD_dinov2_vitb14_l5_g1.00e-05,dinov2_vitb14,blocks.4,1.00e-05,38,42.96702508590909,42.93479045136364,42.999259720454546,0.001941773109138012
MMD_dinov2_vitb14_l5_g1.00e-05,dinov2_vitb14,blocks.4,1.00e-05,39,43.49911773840908,43.14833512181818,43.849900354999995,0.0015606479719281197
MMD_dinov2_vitb14_l5_g1.00e-05,dinov2_vitb14,blocks.4,1.00e-05,40,44.46355809863637,44.24228326,44.68483293727273,0.010254801250994205
MMD_dinov2_vitb14_l5_g1.00e-05,dinov2_vitb14,blocks.4,1.00e-05,41,45.02958462840909,45.014271393181815,45.044897863636365,-0.0027164276689291
MMD_dinov2_vitb14_l5_g1.00e-05,dinov2_vitb14,blocks.4,1.00e-05,42,45.29330946295454,45.242849799999995,45.34376912590909,-0.0007234225049614906
MMD_dinov2_vitb14_l5_g1.00e-05,dinov2_vitb14,blocks.4,1.00e-05,43,45.6633877325,45.44974382363636,45.87703164136364,-4.436168819665909e-05
MMD_dinov2_vitb14_l5_g1.00e-05,dinov2_vitb14,blocks.4,1.00e-05,44,46.19913604068182,46.05975058136364,46.3385215,0.01343690324574709
MMD_dinov2_vitb14_l5_g1.00e-05,dinov2_vitb14,blocks.4,1.00e-05,45,46.506415069545454,46.461104443636366,46.55172569545454,0.003048105165362358
MMD_dinov2_vitb14_l5_g1.00e-05,dinov2_vitb14,blocks.4,1.00e-05,46,46.7814371125,46.63784059272727,46.92503363227272,0.009469849988818169
MMD_dinov2_vitb14_l5_g1.00e-05,dinov2_vitb14,blocks.4,1.00e-05,47,47.02157502772727,46.98420985,47.05894020545455,0.006143456324934959
MMD_dinov2_vitb14_l5_g1.00e-05,dinov2_vitb14,blocks.4,1.00e-05,48,47.320069640227274,47.18393024863636,47.45620903181818,7.580406963825226e-05
MMD_dinov2_vitb14_l5_g1.00e-05,dinov2_vitb14,blocks.4,1.00e-05,49,47.63274792386363,47.57944400681818,47.68605184090909,0.01965191401541233
MMD_dinov2_vitb14_l5_g1.00e-05,dinov2_vitb14,blocks.4,1.00e-05,50,47.92564833181818,47.85413733318182,47.997159330454544,-0.0029878150671720505
MMD_dinov2_vitb14_l5_g1.00e-05,dinov2_vitb14,blocks.4,1.00e-05,51,48.86026302159091,48.745656067727275,48.974869975454546,2.1828338503837585e-05
MMD_dinov2_vitb14_l5_g1.00e-05,dinov2_vitb14,blocks.4,1.00e-05,52,49.38568588545454,49.269933079999994,49.50143869090909,0.006085885688662529
MMD_dinov2_vitb14_l5_g1.00e-05,dinov2_vitb14,blocks.4,1.00e-05,53,50.13577139295455,50.02686477227273,50.24467801363637,0.025609679520130157
MMD_dinov2_vitb14_l5_g1.00e-05,dinov2_vitb14,blocks.4,1.00e-05,54,50.27686834954545,50.26601576545454,50.287720933636365,0.0015797996893525124
MMD_dinov2_vitb14_l5_g1.00e-05,dinov2_vitb14,blocks.4,1.00e-05,55,50.41855757477272,50.397065763181814,50.44004938636363,0.0051988884806632996
MMD_dinov2_vitb14_l5_g1.00e-05,dinov2_vitb14,blocks.4,1.00e-05,56,50.63730162727273,50.53053583909091,50.744067415454545,0.011856507509946823
MMD_dinov2_vitb14_l5_g1.00e-05,dinov2_vitb14,blocks.4,1.00e-05,57,50.914955580454546,50.877768575909094,50.952142585000004,0.0008641807362437248
MMD_dinov2_vitb14_l5_g1.00e-05,dinov2_vitb14,blocks.4,1.00e-05,58,51.36304193090909,51.255980857727266,51.47010300409091,0.005225151777267456
MMD_dinov2_vitb14_l5_g1.00e-05,dinov2_vitb14,blocks.4,1.00e-05,59,51.4886901025,51.48649149727273,51.49088870772727,0.006063895300030708
MMD_dinov2_vitb14_l5_g1.00e-05,dinov2_vitb14,blocks.4,1.00e-05,60,51.729285431363635,51.669473619090915,51.78909724363636,0.004487913101911545
MMD_dinov2_vitb14_l5_g1.00e-05,dinov2_vitb14,blocks.4,1.00e-05,61,51.86503114863636,51.85205774272727,51.87800455454545,-0.0023377342149615288
MMD_dinov2_vitb14_l5_g1.00e-05,dinov2_vitb14,blocks.4,1.00e-05,62,51.962966427272725,51.92553946363636,52.00039339090909,0.0025211265310645103
MMD_dinov2_vitb14_l5_g1.00e-05,dinov2_vitb14,blocks.4,1.00e-05,63,52.2140292,52.126720309090906,52.30133809090909,0.007502511143684387
MMD_dinov2_vitb14_l5_g1.00e-05,dinov2_vitb14,blocks.4,1.00e-05,64,52.88865584113637,52.82782977227273,52.94948191,-0.0014672577381134033
MMD_dinov2_vitb14_l5_g1.00e-05,dinov2_vitb14,blocks.4,1.00e-05,65,53.00029708795454,52.977303153181815,53.02329102272727,0.005048057064414024
MMD_dinov2_vitb14_l5_g1.00e-05,dinov2_vitb14,blocks.4,1.00e-05,66,53.13382443863637,53.11169118954546,53.15595768772727,0.006602998822927475
MMD_dinov2_vitb14_l5_g1.00e-05,dinov2_vitb14,blocks.4,1.00e-05,67,53.46701290090908,53.19575964181818,53.738266159999995,0.0005064122378826141
MMD_dinov2_vitb14_l5_g1.00e-05,dinov2_vitb14,blocks.4,1.00e-05,68,54.39349470159091,54.35688324090909,54.43010616227273,0.008144727908074856
MMD_dinov2_vitb14_l5_g1.00e-05,dinov2_vitb14,blocks.4,1.00e-05,69,54.57660740431818,54.51598353272727,54.63723127590909,0.00277507770806551
MMD_dinov2_vitb14_l5_g1.00e-05,dinov2_vitb14,blocks.4,1.00e-05,70,54.70462107522727,54.68535675181818,54.72388539863636,0.0015323767438530922
MMD_dinov2_vitb14_l5_g1.00e-05,dinov2_vitb14,blocks.4,1.00e-05,71,55.25811377272728,55.23867115454546,55.2775563909091,0.002469038125127554
MMD_dinov2_vitb14_l5_g1.00e-05,dinov2_vitb14,blocks.4,1.00e-05,72,55.751711513636366,55.699695931818184,55.80372709545455,0.0038613402284681797
MMD_dinov2_vitb14_l5_g1.00e-05,dinov2_vitb14,blocks.4,1.00e-05,73,56.03063692863636,55.82518654818182,56.236087309090905,0.006258497480303049
MMD_dinov2_vitb14_l5_g1.00e-05,dinov2_vitb14,blocks.4,1.00e-05,74,56.343688662272726,56.34353036818182,56.343846956363635,0.0029700351879000664
MMD_dinov2_vitb14_l5_g1.00e-05,dinov2_vitb14,blocks.4,1.00e-05,75,56.42361637045454,56.418747340909086,56.4284854,-0.0012664059177041054
MMD_dinov2_vitb14_l5_g1.00e-05,dinov2_vitb14,blocks.4,1.00e-05,76,56.583800352272725,56.43083487727272,56.73676582727273,0.003900566603988409
MMD_dinov2_vitb14_l5_g1.00e-05,dinov2_vitb14,blocks.4,1.00e-05,77,56.82032182704545,56.80215198181818,56.838491672272724,-0.0002568308264017105
MMD_dinov2_vitb14_l5_g1.00e-05,dinov2_vitb14,blocks.4,1.00e-05,78,56.88140215909091,56.87784920000001,56.88495511818182,0.004119281191378832
MMD_dinov2_vitb14_l5_g1.00e-05,dinov2_vitb14,blocks.4,1.00e-05,79,56.954357993181816,56.89427865,57.014437336363635,0.02385677397251129
MMD_dinov2_vitb14_l5_g1.00e-05,dinov2_vitb14,blocks.4,1.00e-05,80,57.03816157659091,57.01605029863636,57.06027285454545,0.0016587544232606888
MMD_dinov2_vitb14_l5_g1.00e-05,dinov2_vitb14,blocks.4,1.00e-05,81,57.12540627659091,57.08577673045454,57.165035822727276,0.005444095470011234
MMD_dinov2_vitb14_l5_g1.00e-05,dinov2_vitb14,blocks.4,1.00e-05,82,57.42789008590909,57.30280682363637,57.552973348181816,0.004146215505897999
MMD_dinov2_vitb14_l5_g1.00e-05,dinov2_vitb14,blocks.4,1.00e-05,83,57.83153066113636,57.715692645,57.94736867727273,0.0031761834397912025
MMD_dinov2_vitb14_l5_g1.00e-05,dinov2_vitb14,blocks.4,1.00e-05,84,58.08143253113636,58.01582408181818,58.14704098045454,0.005712435580790043
MMD_dinov2_vitb14_l5_g1.00e-05,dinov2_vitb14,blocks.4,1.00e-05,85,58.444803400909095,58.40466673181818,58.48494007,0.001950056292116642
MMD_dinov2_vitb14_l5_g1.00e-05,dinov2_vitb14,blocks.4,1.00e-05,86,58.91778003409091,58.90741873181818,58.92814133636364,0.015941273421049118
MMD_dinov2_vitb14_l5_g1.00e-05,dinov2_vitb14,blocks.4,1.00e-05,87,59.020174833863635,58.959711454090915,59.080638213636355,0.002727488987147808
MMD_dinov2_vitb14_l5_g1.00e-05,dinov2_vitb14,blocks.4,1.00e-05,88,59.15856208795455,59.15176404636364,59.165360129545455,0.025712819769978523
MMD_dinov2_vitb14_l5_g1.00e-05,dinov2_vitb14,blocks.4,1.00e-05,89,59.43633789068181,59.343238913181814,59.52943686818182,-0.0002692621201276779
MMD_dinov2_vitb14_l5_g1.00e-05,dinov2_vitb14,blocks.4,1.00e-05,90,59.57651304136364,59.53394987363636,59.61907620909091,0.004411889240145683
MMD_dinov2_vitb14_l5_g1.00e-05,dinov2_vitb14,blocks.4,1.00e-05,91,59.72755915772727,59.64024705,59.81487126545455,0.0035138148814439774
MMD_dinov2_vitb14_l5_g1.00e-05,dinov2_vitb14,blocks.4,1.00e-05,92,59.821970187727274,59.821444613636366,59.82249576181818,0.004657594952732325
MMD_dinov2_vitb14_l5_g1.00e-05,dinov2_vitb14,blocks.4,1.00e-05,93,60.40047505386364,60.13491826227273,60.66603184545455,0.0029066731221973896
MMD_dinov2_vitb14_l5_g1.00e-05,dinov2_vitb14,blocks.4,1.00e-05,94,60.95223787159091,60.91525143409091,60.98922430909091,0.0025342884473502636
MMD_dinov2_vitb14_l5_g1.00e-05,dinov2_vitb14,blocks.4,1.00e-05,95,61.20584357204545,61.15445065909091,61.257236485,0.00618547759950161
MMD_dinov2_vitb14_l5_g1.00e-05,dinov2_vitb14,blocks.4,1.00e-05,96,61.39982516295454,61.38288141818182,61.41676890772727,0.001318744383752346
MMD_dinov2_vitb14_l5_g1.00e-05,dinov2_vitb14,blocks.4,1.00e-05,97,61.504183716363634,61.450913154545454,61.557454278181815,0.00207724142819643
MMD_dinov2_vitb14_l5_g1.00e-05,dinov2_vitb14,blocks.4,1.00e-05,98,61.63614204454545,61.612018317727276,61.66026577136363,0.0005640964955091476
MMD_dinov2_vitb14_l5_g1.00e-05,dinov2_vitb14,blocks.4,1.00e-05,99,61.79374868181819,61.784896459090916,61.80260090454545,0.0029570194892585278
MMD_dinov2_vitb14_l5_g1.00e-05,dinov2_vitb14,blocks.4,1.00e-05,100,62.09325376181818,62.04634134636364,62.140166177272725,0.004152804147452116
MMD_dinov2_vitb14_l5_g1.00e-05,dinov2_vitb14,blocks.4,1.00e-05,101,62.39542943,62.30800517363637,62.48285368636363,0.004643585067242384
MMD_dinov2_vitb14_l5_g1.00e-05,dinov2_vitb14,blocks.4,1.00e-05,102,62.508076675,62.50087945,62.515273900000004,0.003911362029612064
MMD_dinov2_vitb14_l5_g1.00e-05,dinov2_vitb14,blocks.4,1.00e-05,103,62.594979955227274,62.56153540454545,62.62842450590909,-0.0012513278052210808
MMD_dinov2_vitb14_l5_g1.00e-05,dinov2_vitb14,blocks.4,1.00e-05,104,62.72680667931818,62.64787497272727,62.80573838590909,0.0025884034112095833
MMD_dinov2_vitb14_l5_g1.00e-05,dinov2_vitb14,blocks.4,1.00e-05,105,62.93240722272727,62.831736559090906,63.033077886363635,0.0010530268773436546
MMD_dinov2_vitb14_l5_g1.00e-05,dinov2_vitb14,blocks.4,1.00e-05,106,63.30071634545454,63.2958711590909,63.30556153181818,0.006735389120876789
MMD_dinov2_vitb14_l5_g1.00e-05,dinov2_vitb14,blocks.4,1.00e-05,107,63.483996286363634,63.451246159090914,63.51674641363636,0.006100799888372421
MMD_dinov2_vitb14_l5_g1.00e-05,dinov2_vitb14,blocks.4,1.00e-05,108,63.56579307022727,63.52993807136364,63.601648069090906,0.00590835977345705
MMD_dinov2_vitb14_l5_g1.00e-05,dinov2_vitb14,blocks.4,1.00e-05,109,63.64186040840909,63.632569839545454,63.65115097727273,0.018824966624379158
MMD_dinov2_vitb14_l5_g1.00e-05,dinov2_vitb14,blocks.4,1.00e-05,110,63.804872122727275,63.71100458181818,63.89873966363636,0.013033215887844563
MMD_dinov2_vitb14_l5_g1.00e-05,dinov2_vitb14,blocks.4,1.00e-05,111,63.942615578181815,63.92419218818182,63.96103896818182,-0.0033136028796434402
MMD_dinov2_vitb14_l5_g1.00e-05,dinov2_vitb14,blocks.4,1.00e-05,112,64.00932814772727,63.99746849090909,64.02118780454545,0.005812013056129217
MMD_dinov2_vitb14_l5_g1.00e-05,dinov2_vitb14,blocks.4,1.00e-05,113,64.06637004090909,64.02835174090909,64.1043883409091,0.0009995382279157639
MMD_dinov2_vitb14_l5_g1.00e-05,dinov2_vitb14,blocks.4,1.00e-05,114,64.197639875,64.15682117727273,64.23845857272727,-0.0005258191376924515
MMD_dinov2_vitb14_l5_g1.00e-05,dinov2_vitb14,blocks.4,1.00e-05,115,64.29020846409091,64.25370258636363,64.32671434181817,0.002009548246860504
MMD_dinov2_vitb14_l5_g1.00e-05,dinov2_vitb14,blocks.4,1.00e-05,116,64.48653965909091,64.40631527727272,64.56676404090909,0.00564540084451437
MMD_dinov2_vitb14_l5_g1.00e-05,dinov2_vitb14,blocks.4,1.00e-05,117,64.76922604204546,64.70266141363636,64.83579067045456,0.003657833207398653
MMD_dinov2_vitb14_l5_g1.00e-05,dinov2_vitb14,blocks.4,1.00e-05,118,64.89852501704544,64.88276691590909,64.91428311818181,0.002824411727488041
MMD_dinov2_vitb14_l5_g1.00e-05,dinov2_vitb14,blocks.4,1.00e-05,119,65.05579888840909,64.99876317727272,65.11283459954545,0.003949509467929602
MMD_dinov2_vitb14_l5_g1.00e-05,dinov2_vitb14,blocks.4,1.00e-05,120,65.1427998815909,65.12859398045454,65.15700578272727,0.0035341689363121986
MMD_dinov2_vitb14_l5_g1.00e-05,dinov2_vitb14,blocks.4,1.00e-05,121,65.38211495681819,65.26560826818182,65.49862164545455,0.0021844450384378433
MMD_dinov2_vitb14_l5_g1.00e-05,dinov2_vitb14,blocks.4,1.00e-05,122,65.6644128984091,65.58085287863636,65.74797291818182,0.0019498374313116074
MMD_dinov2_vitb14_l5_g1.00e-05,dinov2_vitb14,blocks.4,1.00e-05,123,65.78481615227273,65.77319434545456,65.79643795909091,0.0020416732877492905
MMD_dinov2_vitb14_l5_g1.00e-05,dinov2_vitb14,blocks.4,1.00e-05,124,65.98128235454546,65.90152255454545,66.06104215454546,0.0016128923743963242
MMD_dinov2_vitb14_l5_g1.00e-05,dinov2_vitb14,blocks.4,1.00e-05,125,66.380175075,66.34667021363636,66.41367993636364,0.0065094055607914925
MMD_dinov2_vitb14_l5_g1.00e-05,dinov2_vitb14,blocks.4,1.00e-05,126,66.53513308522727,66.49486482500001,66.57540134545455,0.0002684621140360832
MMD_dinov2_vitb14_l5_g1.00e-05,dinov2_vitb14,blocks.4,1.00e-05,127,66.67200952022728,66.64770191772728,66.69631712272727,0.0045311301946640015
MMD_dinov2_vitb14_l5_g1.00e-05,dinov2_vitb14,blocks.4,1.00e-05,128,66.77277958181818,66.69915260454546,66.84640655909091,0.004695763345807791
MMD_dinov2_vitb14_l5_g1.00e-05,dinov2_vitb14,blocks.4,1.00e-05,129,67.04070426136363,66.92138232272727,67.1600262,0.017169902101159096
MMD_dinov2_vitb14_l5_g1.00e-05,dinov2_vitb14,blocks.4,1.00e-05,130,67.28861000386364,67.24224864545455,67.33497136227273,0.005790684372186661
MMD_dinov2_vitb14_l5_g1.00e-05,dinov2_vitb14,blocks.4,1.00e-05,131,67.57832059454546,67.50431248636363,67.65232870272727,0.005945297423750162
MMD_dinov2_vitb14_l5_g1.00e-05,dinov2_vitb14,blocks.4,1.00e-05,132,67.81369166136363,67.78208407272727,67.84529925,0.02003076858818531
MMD_dinov2_vitb14_l5_g1.00e-05,dinov2_vitb14,blocks.4,1.00e-05,133,67.93897957499999,67.89158320909091,67.98637594090908,0.004683176055550575
MMD_dinov2_vitb14_l5_g1.00e-05,dinov2_vitb14,blocks.4,1.00e-05,134,68.10606402954545,68.0851692090909,68.12695885,0.0026484476402401924
MMD_dinov2_vitb14_l5_g1.00e-05,dinov2_vitb14,blocks.4,1.00e-05,135,68.23297037272727,68.2302839,68.23565684545454,0.004391062539070845
MMD_dinov2_vitb14_l5_g1.00e-05,dinov2_vitb14,blocks.4,1.00e-05,136,68.26855261863636,68.26595938409092,68.27114585318182,0.00532991299405694
MMD_dinov2_vitb14_l5_g1.00e-05,dinov2_vitb14,blocks.4,1.00e-05,137,68.35431695,68.32032611363637,68.38830778636363,0.0022934498265385628
MMD_dinov2_vitb14_l5_g1.00e-05,dinov2_vitb14,blocks.4,1.00e-05,138,68.43904966136364,68.41746199090909,68.46063733181818,0.00026892684400081635
MMD_dinov2_vitb14_l5_g1.00e-05,dinov2_vitb14,blocks.4,1.00e-05,139,68.46939314545455,68.46664887727273,68.47213741363636,0.002857247367501259
MMD_dinov2_vitb14_l5_g1.00e-05,dinov2_vitb14,blocks.4,1.00e-05,140,68.98970947477272,68.93374281227273,69.04567613727274,0.00017348770052194595
MMD_dinov2_vitb14_l5_g1.00e-05,dinov2_vitb14,blocks.4,1.00e-05,141,69.07596895681817,69.05974111818182,69.09219679545454,0.0046928152441978455
MMD_dinov2_vitb14_l5_g1.00e-05,dinov2_vitb14,blocks.4,1.00e-05,142,69.09902052045456,69.09712682727273,69.10091421363637,0.0030274512246251106
MMD_dinov2_vitb14_l5_g1.00e-05,dinov2_vitb14,blocks.4,1.00e-05,143,69.11422755681818,69.10780212727273,69.12065298636364,0.008186775259673595
MMD_dinov2_vitb14_l5_g1.00e-05,dinov2_vitb14,blocks.4,1.00e-05,144,69.20713757499999,69.18059698636364,69.23367816363636,0.005690489895641804
MMD_dinov2_vitb14_l5_g1.00e-05,dinov2_vitb14,blocks.4,1.00e-05,145,69.31117297909091,69.2644266,69.35791935818182,0.001545512117445469
MMD_dinov2_vitb14_l5_g1.00e-05,dinov2_vitb14,blocks.4,1.00e-05,146,69.711816475,69.61843814545455,69.80519480454545,0.00420517660677433
MMD_dinov2_vitb14_l5_g1.00e-05,dinov2_vitb14,blocks.4,1.00e-05,147,69.87131680454546,69.8553488,69.88728480909091,0.006834204308688641
MMD_dinov2_vitb14_l5_g1.00e-05,dinov2_vitb14,blocks.4,1.00e-05,148,70.01484913522728,69.97248817863637,70.05721009181819,0.0018199398182332516
MMD_dinov2_vitb14_l5_g1.00e-05,dinov2_vitb14,blocks.4,1.00e-05,149,70.15358302272728,70.14929492727272,70.15787111818182,0.010974010452628136
MMD_dinov2_vitb14_l5_g1.00e-05,dinov2_vitb14,blocks.4,1.00e-05,150,70.18329474545455,70.16147875909091,70.20511073181818,0.005226681008934975
MMD_dinov2_vitb14_l5_g1.00e-05,dinov2_vitb14,blocks.4,1.00e-05,151,70.35018690227272,70.32331571818182,70.37705808636363,0.0016163680702447891
MMD_dinov2_vitb14_l5_g1.00e-05,dinov2_vitb14,blocks.4,1.00e-05,152,70.45040821409091,70.399005675,70.50181075318181,0.0036093294620513916
MMD_dinov2_vitb14_l5_g1.00e-05,dinov2_vitb14,blocks.4,1.00e-05,153,70.6769625340909,70.6102672090909,70.7436578590909,0.007666789926588535
MMD_dinov2_vitb14_l5_g1.00e-05,dinov2_vitb14,blocks.4,1.00e-05,154,70.83329053636363,70.83137117272727,70.8352099,0.0012566340155899525
MMD_dinov2_vitb14_l5_g1.00e-05,dinov2_vitb14,blocks.4,1.00e-05,155,70.85428704318181,70.84563281363636,70.86294127272727,0.0038501350209116936
MMD_dinov2_vitb14_l5_g1.00e-05,dinov2_vitb14,blocks.4,1.00e-05,156,70.91317588613636,70.88488886772727,70.94146290454545,0.028824971988797188
MMD_dinov2_vitb14_l5_g1.00e-05,dinov2_vitb14,blocks.4,1.00e-05,157,71.04800647272728,71.03486937272727,71.06114357272727,0.002351855393499136
MMD_dinov2_vitb14_l5_g1.00e-05,dinov2_vitb14,blocks.4,1.00e-05,158,71.17275272272727,71.16676672727273,71.17873871818182,0.0035967640578746796
MMD_dinov2_vitb14_l5_g1.00e-05,dinov2_vitb14,blocks.4,1.00e-05,159,71.23105279704546,71.2066498259091,71.25545576818182,0.0016655274666845798
MMD_dinov2_vitb14_l5_g1.00e-05,dinov2_vitb14,blocks.4,1.00e-05,160,71.34023223636365,71.3174982909091,71.36296618181818,0.0027802148833870888
MMD_dinov2_vitb14_l5_g1.00e-05,dinov2_vitb14,blocks.4,1.00e-05,161,71.59614402954546,71.46931471818182,71.72297334090909,0.003165249712765217
MMD_dinov2_vitb14_l5_g1.00e-05,dinov2_vitb14,blocks.4,1.00e-05,162,71.953188675,71.90808025909091,71.99829709090909,0.0022403476759791374
MMD_dinov2_vitb14_l5_g1.00e-05,dinov2_vitb14,blocks.4,1.00e-05,163,72.12556611863636,72.09644175681818,72.15469048045455,0.009216082282364368
MMD_dinov2_vitb14_l5_g1.00e-05,dinov2_vitb14,blocks.4,1.00e-05,164,72.20636263409091,72.16259906363636,72.25012620454545,0.001587558537721634
MMD_dinov2_vitb14_l5_g1.00e-05,dinov2_vitb14,blocks.4,1.00e-05,165,72.341453075,72.32991709090909,72.3529890590909,0.002138572745025158
MMD_dinov2_vitb14_l5_g1.00e-05,dinov2_vitb14,blocks.4,1.00e-05,166,72.4059290209091,72.35690482818183,72.45495321363636,0.004517767578363419
MMD_dinov2_vitb14_l5_g1.00e-05,dinov2_vitb14,blocks.4,1.00e-05,167,72.62915620454547,72.62635492727273,72.63195748181819,0.01386963576078415
MMD_dinov2_vitb14_l5_g1.00e-05,dinov2_vitb14,blocks.4,1.00e-05,168,72.868061955,72.83995069636363,72.89617321363636,0.0014610057696700096
MMD_dinov2_vitb14_l5_g1.00e-05,dinov2_vitb14,blocks.4,1.00e-05,169,73.07651165045455,73.03390340545455,73.11911989545455,0.006351956166327
MMD_dinov2_vitb14_l5_g1.00e-05,dinov2_vitb14,blocks.4,1.00e-05,170,73.23652217727272,73.13833258181818,73.33471177272727,0.0028906799852848053
MMD_dinov2_vitb14_l5_g1.00e-05,dinov2_vitb14,blocks.4,1.00e-05,171,73.3691810784091,73.33981687045456,73.39854528636364,0.0016935579478740692
MMD_dinov2_vitb14_l5_g1.00e-05,dinov2_vitb14,blocks.4,1.00e-05,172,73.426412225,73.41015931818183,73.44266513181819,0.004628773778676987
MMD_dinov2_vitb14_l5_g1.00e-05,dinov2_vitb14,blocks.4,1.00e-05,173,73.45744235795453,73.44619574090909,73.46868897499999,0.0034920470789074898
MMD_dinov2_vitb14_l5_g1.00e-05,dinov2_vitb14,blocks.4,1.00e-05,174,73.52042231590909,73.50964273636363,73.53120189545454,0.0044610933400690556
MMD_dinov2_vitb14_l5_g1.00e-05,dinov2_vitb14,blocks.4,1.00e-05,175,73.70395308409091,73.63946159545455,73.76844457272728,0.0015317113138735294
MMD_dinov2_vitb14_l5_g1.00e-05,dinov2_vitb14,blocks.4,1.00e-05,176,73.85347222136363,73.80118299272728,73.90576145,0.006817520596086979
MMD_dinov2_vitb14_l5_g1.00e-05,dinov2_vitb14,blocks.4,1.00e-05,177,73.98737165409091,73.96756481363637,74.00717849454546,0.0027987128123641014
MMD_dinov2_vitb14_l5_g1.00e-05,dinov2_vitb14,blocks.4,1.00e-05,178,74.03115760909091,74.01135728181818,74.05095793636363,0.0016067675314843655
MMD_dinov2_vitb14_l5_g1.00e-05,dinov2_vitb14,blocks.4,1.00e-05,179,74.12857689772727,74.05302495909092,74.20412883636364,0.003468520939350128
MMD_dinov2_vitb14_l5_g1.00e-05,dinov2_vitb14,blocks.4,1.00e-05,180,74.35693384772728,74.32802774090909,74.38583995454546,0.0028779124841094017
MMD_dinov2_vitb14_l5_g1.00e-05,dinov2_vitb14,blocks.4,1.00e-05,181,74.49502861590909,74.46433656818182,74.52572066363636,0.0012667179107666016
MMD_dinov2_vitb14_l5_g1.00e-05,dinov2_vitb14,blocks.4,1.00e-05,182,74.88092521136363,74.86437946363637,74.89747095909091,0.006570739205926657
MMD_dinov2_vitb14_l5_g1.00e-05,dinov2_vitb14,blocks.4,1.00e-05,183,74.96431832045454,74.9084351090909,75.02020153181819,0.0009780190885066986
MMD_dinov2_vitb14_l5_g1.00e-05,dinov2_vitb14,blocks.4,1.00e-05,184,75.04762157954545,75.04613550454546,75.04910765454545,0.0025815702974796295
MMD_dinov2_vitb14_l5_g1.00e-05,dinov2_vitb14,blocks.4,1.00e-05,185,75.09576952954546,75.04911406363637,75.14242499545455,-0.0005386266857385635
MMD_dinov2_vitb14_l5_g1.00e-05,dinov2_vitb14,blocks.4,1.00e-05,186,75.18233699545453,75.14524949545454,75.21942449545455,0.004992786794900894
MMD_dinov2_vitb14_l5_g1.00e-05,dinov2_vitb14,blocks.4,1.00e-05,187,75.27024816863636,75.2494860690909,75.29101026818182,0.004075278528034687
MMD_dinov2_vitb14_l5_g1.00e-05,dinov2_vitb14,blocks.4,1.00e-05,188,75.32758327272727,75.30463428181818,75.35053226363635,0.0010988209396600723
MMD_dinov2_vitb14_l5_g1.00e-05,dinov2_vitb14,blocks.4,1.00e-05,189,75.41747211250001,75.358434425,75.4765098,0.008956702426075935
MMD_dinov2_vitb14_l5_g1.00e-05,dinov2_vitb14,blocks.4,1.00e-05,190,75.51253231590908,75.48288537727272,75.54217925454545,0.005041604861617088
MMD_dinov2_vitb14_l5_g1.00e-05,dinov2_vitb14,blocks.4,1.00e-05,191,75.6663297,75.65154605454546,75.68111334545455,0.0041100038215518
MMD_dinov2_vitb14_l5_g1.00e-05,dinov2_vitb14,blocks.4,1.00e-05,192,75.77599059545454,75.77031593636364,75.78166525454546,0.004519859328866005
MMD_dinov2_vitb14_l5_g1.00e-05,dinov2_vitb14,blocks.4,1.00e-05,193,75.81841251795454,75.79512009954546,75.84170493636363,0.0036533004604279995
MMD_dinov2_vitb14_l5_g1.00e-05,dinov2_vitb14,blocks.4,1.00e-05,194,75.93210186136363,75.84312428636363,76.02107943636364,0.0029526688158512115
MMD_dinov2_vitb14_l5_g1.00e-05,dinov2_vitb14,blocks.4,1.00e-05,195,76.11776692272727,76.07231828181818,76.16321556363636,0.00461307680234313
MMD_dinov2_vitb14_l5_g1.00e-05,dinov2_vitb14,blocks.4,1.00e-05,196,76.23163166,76.19598609272727,76.26727722727273,0.000795288011431694
MMD_dinov2_vitb14_l5_g1.00e-05,dinov2_vitb14,blocks.4,1.00e-05,197,76.28963145,76.28929185454545,76.28997104545455,0.001064099371433258
MMD_dinov2_vitb14_l5_g1.00e-05,dinov2_vitb14,blocks.4,1.00e-05,198,76.33895351590908,76.32376224090909,76.35414479090909,0.0026691146194934845
MMD_dinov2_vitb14_l5_g1.00e-05,dinov2_vitb14,blocks.4,1.00e-05,199,76.42131312727273,76.39021483181818,76.45241142272727,-0.0006237570196390152
MMD_dinov2_vitb14_l5_g1.00e-05,dinov2_vitb14,blocks.4,1.00e-05,200,76.53077822886364,76.51437691681818,76.5471795409091,0.003573155961930752
MMD_dinov2_vitb14_l5_g1.00e-05,dinov2_vitb14,blocks.4,1.00e-05,201,76.61798762954547,76.59774437272728,76.63823088636364,0.006550254300236702
MMD_dinov2_vitb14_l5_g1.00e-05,dinov2_vitb14,blocks.4,1.00e-05,202,76.65972911636364,76.64452179545455,76.67493643727272,-0.0012255925685167313
MMD_dinov2_vitb14_l5_g1.00e-05,dinov2_vitb14,blocks.4,1.00e-05,203,76.74399205681817,76.67586082272727,76.81212329090908,0.003472713753581047
MMD_dinov2_vitb14_l5_g1.00e-05,dinov2_vitb14,blocks.4,1.00e-05,204,76.9110158,76.90558185454546,76.91644974545454,0.004734695889055729
MMD_dinov2_vitb14_l5_g1.00e-05,dinov2_vitb14,blocks.4,1.00e-05,205,77.04938380386363,76.98329391227273,77.11547369545454,0.0064944736659526825
MMD_dinov2_vitb14_l5_g1.00e-05,dinov2_vitb14,blocks.4,1.00e-05,206,77.15743344090909,77.14402031818182,77.17084656363636,0.003861619159579277
MMD_dinov2_vitb14_l5_g1.00e-05,dinov2_vitb14,blocks.4,1.00e-05,207,77.30214769545455,77.25877326818183,77.34552212272727,-0.001958027482032776
MMD_dinov2_vitb14_l5_g1.00e-05,dinov2_vitb14,blocks.4,1.00e-05,208,77.5903121975,77.52582683636363,77.65479755863636,-0.00030666589736938477
MMD_dinov2_vitb14_l5_g1.00e-05,dinov2_vitb14,blocks.4,1.00e-05,209,77.71230485227272,77.69959142727272,77.72501827727272,0.001124105416238308
MMD_dinov2_vitb14_l5_g1.00e-05,dinov2_vitb14,blocks.4,1.00e-05,210,77.90452434545455,77.83570625,77.9733424409091,0.006094804033637047
MMD_dinov2_vitb14_l5_g1.00e-05,dinov2_vitb14,blocks.4,1.00e-05,211,78.13042912045455,78.0566007590909,78.20425748181819,0.00431887898594141
MMD_dinov2_vitb14_l5_g1.00e-05,dinov2_vitb14,blocks.4,1.00e-05,212,78.24727043863636,78.23482706363636,78.25971381363637,-0.001408606767654419
MMD_dinov2_vitb14_l5_g1.00e-05,dinov2_vitb14,blocks.4,1.00e-05,213,78.38345864545454,78.3483194,78.4185978909091,0.003061089664697647
MMD_dinov2_vitb14_l5_g1.00e-05,dinov2_vitb14,blocks.4,1.00e-05,214,78.54078605227272,78.53980069090909,78.54177141363635,0.003247044514864683
MMD_dinov2_vitb14_l5_g1.00e-05,dinov2_vitb14,blocks.4,1.00e-05,215,78.58008820545454,78.57485005,78.5853263609091,0.0024183765053749084
MMD_dinov2_vitb14_l5_g1.00e-05,dinov2_vitb14,blocks.4,1.00e-05,216,78.62433498636364,78.61859467727272,78.63007529545455,0.004752184730023146
MMD_dinov2_vitb14_l5_g1.00e-05,dinov2_vitb14,blocks.4,1.00e-05,217,79.04517957499999,78.86957993181818,79.22077921818182,0.004840039648115635
MMD_dinov2_vitb14_l5_g1.00e-05,dinov2_vitb14,blocks.4,1.00e-05,218,79.26989939772727,79.25695136818182,79.28284742727273,0.005282461643218994
MMD_dinov2_vitb14_l5_g1.00e-05,dinov2_vitb14,blocks.4,1.00e-05,219,79.41755696590909,79.36729972727272,79.46781420454546,0.003817073069512844
MMD_dinov2_vitb14_l5_g1.00e-05,dinov2_vitb14,blocks.4,1.00e-05,220,79.5698799834091,79.51125251363636,79.62850745318183,0.008043963462114334
MMD_dinov2_vitb14_l5_g1.00e-05,dinov2_vitb14,blocks.4,1.00e-05,221,79.70322166818181,79.6499864090909,79.75645692727272,-0.0012682266533374786
MMD_dinov2_vitb14_l5_g1.00e-05,dinov2_vitb14,blocks.4,1.00e-05,222,79.93145022954545,79.91532173636364,79.94757872272727,0.004637431353330612
MMD_dinov2_vitb14_l5_g1.00e-05,dinov2_vitb14,blocks.4,1.00e-05,223,80.08039142727273,80.02392345454545,80.13685939999999,0.0018697665072977543
MMD_dinov2_vitb14_l5_g1.00e-05,dinov2_vitb14,blocks.4,1.00e-05,224,80.3456105840909,80.28660759545454,80.40461357272727,0.004758288152515888
MMD_dinov2_vitb14_l5_g1.00e-05,dinov2_vitb14,blocks.4,1.00e-05,225,80.50383668863637,80.43965011363636,80.56802326363636,0.006424697116017342
MMD_dinov2_vitb14_l5_g1.00e-05,dinov2_vitb14,blocks.4,1.00e-05,226,80.76717882045455,80.69563893636364,80.83871870454546,-0.001664232462644577
MMD_dinov2_vitb14_l5_g1.00e-05,dinov2_vitb14,blocks.4,1.00e-05,227,80.93666893636365,80.88731798181819,80.98601989090909,0.0016123084351420403
MMD_dinov2_vitb14_l5_g1.00e-05,dinov2_vitb14,blocks.4,1.00e-05,228,81.24550969772727,81.02786977272727,81.46314962272727,0.0002836761996150017
MMD_dinov2_vitb14_l5_g1.00e-05,dinov2_vitb14,blocks.4,1.00e-05,229,81.51551185,81.49191450454545,81.53910919545454,0.0011846283450722694
MMD_dinov2_vitb14_l5_g1.00e-05,dinov2_vitb14,blocks.4,1.00e-05,230,81.66181410454547,81.65584415909092,81.66778405000001,0.0035507353022694588
MMD_dinov2_vitb14_l5_g1.00e-05,dinov2_vitb14,blocks.4,1.00e-05,231,82.09491658409091,82.0783984909091,82.11143467727273,0.003001855220645666
MMD_dinov2_vitb14_l5_g1.00e-05,dinov2_vitb14,blocks.4,1.00e-05,232,82.51240656590909,82.15394328181819,82.87086985,-0.0017175134271383286
MMD_dinov2_vitb14_l5_g1.00e-05,dinov2_vitb14,blocks.4,1.00e-05,233,83.15926654545454,83.04785639090909,83.2706767,0.0077147576957941055
MMD_dinov2_vitb14_l5_g1.00e-05,dinov2_vitb14,blocks.4,1.00e-05,234,83.30087949545455,83.28013232272727,83.32162666818182,0.0010863272473216057
MMD_dinov2_vitb14_l5_g1.00e-05,dinov2_vitb14,blocks.4,1.00e-05,235,83.40563283409091,83.35334443181819,83.45792123636365,0.001609457191079855
MMD_dinov2_vitb14_l5_g1.00e-05,dinov2_vitb14,blocks.4,1.00e-05,236,84.40519799318182,84.18152392727274,84.62887205909091,0.0009549371898174286
MMD_dinov2_vitb14_l5_g1.00e-05,dinov2_vitb14,blocks.4,1.00e-05,237,85.11644672954546,85.11071750454545,85.12217595454545,0.005963975563645363
MMD_dinov2_vitb14_l5_g1.00e-05,dinov2_vitb14,blocks.4,1.00e-05,238,85.67873419522728,85.54109655454546,85.8163718359091,0.005120034795254469
MMD_dinov2_vitb14_l5_g1.00e-05,dinov2_vitb14,blocks.4,1.00e-05,239,86.04259813636364,86.0069106,86.07828567272726,0.0058206720277667046
MMD_dinov2_vitb14_l5_g1.00e-05,dinov2_vitb14,blocks.4,1.00e-05,240,87.13953110454545,86.46879091363637,87.81027129545454,0.0026433654129505157
MMD_dinov2_vitb14_l5_g2.80e-05,dinov2_vitb14,blocks.4,2.80e-05,1,10.810482123636362,10.383351573636363,11.237612673636363,8.75993282534182e-06
MMD_dinov2_vitb14_l5_g2.80e-05,dinov2_vitb14,blocks.4,2.80e-05,2,13.363017030454547,12.873956289545454,13.852077771363637,5.560075351240812e-06
MMD_dinov2_vitb14_l5_g2.80e-05,dinov2_vitb14,blocks.4,2.80e-05,3,15.27335880590909,14.772021149545454,15.774696462272727,5.086797955300426e-06
MMD_dinov2_vitb14_l5_g2.80e-05,dinov2_vitb14,blocks.4,2.80e-05,4,16.414950566818185,16.11136225,16.718538883636366,7.105318218236789e-06
MMD_dinov2_vitb14_l5_g2.80e-05,dinov2_vitb14,blocks.4,2.80e-05,5,16.905719235454548,16.83383592,16.977602550909094,7.563610415672883e-05
MMD_dinov2_vitb14_l5_g2.80e-05,dinov2_vitb14,blocks.4,2.80e-05,6,17.31410864272727,17.128398308636363,17.49981897681818,1.0437326636747457e-05
MMD_dinov2_vitb14_l5_g2.80e-05,dinov2_vitb14,blocks.4,2.80e-05,7,18.12177835068182,18.01987185318182,18.22368484818182,6.657134235865669e-06
MMD_dinov2_vitb14_l5_g2.80e-05,dinov2_vitb14,blocks.4,2.80e-05,8,18.68467708613636,18.40435578590909,18.964998386363636,7.851513146306388e-06
MMD_dinov2_vitb14_l5_g2.80e-05,dinov2_vitb14,blocks.4,2.80e-05,9,20.494847745454546,19.531784013636365,21.457911477272727,3.7599788811348844e-06
MMD_dinov2_vitb14_l5_g2.80e-05,dinov2_vitb14,blocks.4,2.80e-05,10,22.186448304318183,22.164942098181818,22.207954510454545,8.187555977201555e-06
MMD_dinov2_vitb14_l5_g2.80e-05,dinov2_vitb14,blocks.4,2.80e-05,11,22.556182346136364,22.336504287727273,22.775860404545455,2.3082793632056564e-07
MMD_dinov2_vitb14_l5_g2.80e-05,dinov2_vitb14,blocks.4,2.80e-05,12,23.05503894931818,23.03693973772727,23.073138160909092,5.715811312256847e-06
MMD_dinov2_vitb14_l5_g2.80e-05,dinov2_vitb14,blocks.4,2.80e-05,13,23.983741463181822,23.859046570909094,24.108436355454547,4.3982981878798455e-06
MMD_dinov2_vitb14_l5_g2.80e-05,dinov2_vitb14,blocks.4,2.80e-05,14,24.42152434318182,24.136628927727273,24.706419758636365,8.212425200326834e-06
MMD_dinov2_vitb14_l5_g2.80e-05,dinov2_vitb14,blocks.4,2.80e-05,15,25.216616497954547,25.160939161363636,25.272293834545454,-4.689318302553147e-06
MMD_dinov2_vitb14_l5_g2.80e-05,dinov2_vitb14,blocks.4,2.80e-05,16,25.91158886977273,25.739496508636364,26.08368123090909,1.4356831343320664e-05
MMD_dinov2_vitb14_l5_g2.80e-05,dinov2_vitb14,blocks.4,2.80e-05,17,26.280579614772726,26.26193154681818,26.29922768272727,6.5061808527389076e-06
MMD_dinov2_vitb14_l5_g2.80e-05,dinov2_vitb14,blocks.4,2.80e-05,18,26.72500679659091,26.647243233181822,26.80277036,5.209749360801652e-07
MMD_dinov2_vitb14_l5_g2.80e-05,dinov2_vitb14,blocks.4,2.80e-05,19,27.71722202681818,27.710613355454544,27.723830698181818,8.024200724321418e-06
MMD_dinov2_vitb14_l5_g2.80e-05,dinov2_vitb14,blocks.4,2.80e-05,20,27.975271444090907,27.94224735681818,28.008295531363636,7.527080015279353e-06
MMD_dinov2_vitb14_l5_g2.80e-05,dinov2_vitb14,blocks.4,2.80e-05,21,28.51916109681818,28.427649107272728,28.610673086363636,2.1811634724144824e-05
MMD_dinov2_vitb14_l5_g2.80e-05,dinov2_vitb14,blocks.4,2.80e-05,22,28.868573707954546,28.864666542727274,28.872480873181818,7.34983041184023e-06
MMD_dinov2_vitb14_l5_g2.80e-05,dinov2_vitb14,blocks.4,2.80e-05,23,30.406674175227273,29.867093540909092,30.946254809545454,7.375040240731323e-06
MMD_dinov2_vitb14_l5_g2.80e-05,dinov2_vitb14,blocks.4,2.80e-05,24,31.433125444318183,31.113843444545456,31.75240744409091,7.782524335198104e-06
MMD_dinov2_vitb14_l5_g2.80e-05,dinov2_vitb14,blocks.4,2.80e-05,25,32.032868589772725,31.962474827272725,32.10326235227273,1.868705658125691e-05
MMD_dinov2_vitb14_l5_g2.80e-05,dinov2_vitb14,blocks.4,2.80e-05,26,32.93285143340909,32.57260997909091,33.29309288772727,3.7541656638495624e-05
MMD_dinov2_vitb14_l5_g2.80e-05,dinov2_vitb14,blocks.4,2.80e-05,27,33.789990362272725,33.63066458409091,33.94931614045454,8.008061740838457e-06
MMD_dinov2_vitb14_l5_g2.80e-05,dinov2_vitb14,blocks.4,2.80e-05,28,34.63530097772727,34.254768114545456,35.01583384090909,7.3953497121692635e-06
MMD_dinov2_vitb14_l5_g2.80e-05,dinov2_vitb14,blocks.4,2.80e-05,29,36.06108401,35.61844186090909,36.50372615909091,7.78848334448412e-06
MMD_dinov2_vitb14_l5_g2.80e-05,dinov2_vitb14,blocks.4,2.80e-05,30,36.965541977954544,36.74721518909091,37.183868766818186,8.125994099827949e-06
MMD_dinov2_vitb14_l5_g2.80e-05,dinov2_vitb14,blocks.4,2.80e-05,31,37.74808161840909,37.586910895,37.90925234181818,5.4565116442972794e-05
MMD_dinov2_vitb14_l5_g2.80e-05,dinov2_vitb14,blocks.4,2.80e-05,32,39.16038785159091,39.159607152727276,39.16116855045455,8.457996045763139e-06
MMD_dinov2_vitb14_l5_g2.80e-05,dinov2_vitb14,blocks.4,2.80e-05,33,39.614707512045456,39.50363207727273,39.72578294681818,5.960177077213302e-06
MMD_dinov2_vitb14_l5_g2.80e-05,dinov2_vitb14,blocks.4,2.80e-05,34,40.30910911386364,40.10658689318182,40.511631334545456,1.2393525139486883e-05
MMD_dinov2_vitb14_l5_g2.80e-05,dinov2_vitb14,blocks.4,2.80e-05,35,41.33801180045454,41.22542756590909,41.450596035,1.5544546840828843e-05
MMD_dinov2_vitb14_l5_g2.80e-05,dinov2_vitb14,blocks.4,2.80e-05,36,41.67410449772727,41.606778884545456,41.74143011090909,6.707428838126361e-06
MMD_dinov2_vitb14_l5_g2.80e-05,dinov2_vitb14,blocks.4,2.80e-05,37,42.3132160775,42.27668356454546,42.349748590454546,7.444650691468269e-06
MMD_dinov2_vitb14_l5_g2.80e-05,dinov2_vitb14,blocks.4,2.80e-05,38,42.96702508590909,42.93479045136364,42.999259720454546,7.805348104739096e-06
MMD_dinov2_vitb14_l5_g2.80e-05,dinov2_vitb14,blocks.4,2.80e-05,39,43.49911773840908,43.14833512181818,43.849900354999995,7.6093256211606786e-06
MMD_dinov2_vitb14_l5_g2.80e-05,dinov2_vitb14,blocks.4,2.80e-05,40,44.46355809863637,44.24228326,44.68483293727273,1.1910118701052852e-05
MMD_dinov2_vitb14_l5_g2.80e-05,dinov2_vitb14,blocks.4,2.80e-05,41,45.02958462840909,45.014271393181815,45.044897863636365,8.454080671072006e-07
MMD_dinov2_vitb14_l5_g2.80e-05,dinov2_vitb14,blocks.4,2.80e-05,42,45.29330946295454,45.242849799999995,45.34376912590909,3.4708145904005505e-06
MMD_dinov2_vitb14_l5_g2.80e-05,dinov2_vitb14,blocks.4,2.80e-05,43,45.6633877325,45.44974382363636,45.87703164136364,2.6748502932605334e-06
MMD_dinov2_vitb14_l5_g2.80e-05,dinov2_vitb14,blocks.4,2.80e-05,44,46.19913604068182,46.05975058136364,46.3385215,1.1264222848694772e-05
MMD_dinov2_vitb14_l5_g2.80e-05,dinov2_vitb14,blocks.4,2.80e-05,45,46.506415069545454,46.461104443636366,46.55172569545454,7.853992428863421e-06
MMD_dinov2_vitb14_l5_g2.80e-05,dinov2_vitb14,blocks.4,2.80e-05,46,46.7814371125,46.63784059272727,46.92503363227272,1.352633444184903e-05
MMD_dinov2_vitb14_l5_g2.80e-05,dinov2_vitb14,blocks.4,2.80e-05,47,47.02157502772727,46.98420985,47.05894020545455,9.78141906671226e-06
MMD_dinov2_vitb14_l5_g2.80e-05,dinov2_vitb14,blocks.4,2.80e-05,48,47.320069640227274,47.18393024863636,47.45620903181818,5.275468538457062e-06
MMD_dinov2_vitb14_l5_g2.80e-05,dinov2_vitb14,blocks.4,2.80e-05,49,47.63274792386363,47.57944400681818,47.68605184090909,6.315742211882025e-05
MMD_dinov2_vitb14_l5_g2.80e-05,dinov2_vitb14,blocks.4,2.80e-05,50,47.92564833181818,47.85413733318182,47.997159330454544,-1.7395204849890433e-06
MMD_dinov2_vitb14_l5_g2.80e-05,dinov2_vitb14,blocks.4,2.80e-05,51,48.86026302159091,48.745656067727275,48.974869975454546,2.6319239623262547e-06
MMD_dinov2_vitb14_l5_g2.80e-05,dinov2_vitb14,blocks.4,2.80e-05,52,49.38568588545454,49.269933079999994,49.50143869090909,6.315084192465292e-06
MMD_dinov2_vitb14_l5_g2.80e-05,dinov2_vitb14,blocks.4,2.80e-05,53,50.13577139295455,50.02686477227273,50.24467801363637,5.210532617638819e-05
MMD_dinov2_vitb14_l5_g2.80e-05,dinov2_vitb14,blocks.4,2.80e-05,54,50.27686834954545,50.26601576545454,50.287720933636365,7.306325642275624e-06
MMD_dinov2_vitb14_l5_g2.80e-05,dinov2_vitb14,blocks.4,2.80e-05,55,50.41855757477272,50.397065763181814,50.44004938636363,9.063024663191754e-06
MMD_dinov2_vitb14_l5_g2.80e-05,dinov2_vitb14,blocks.4,2.80e-05,56,50.63730162727273,50.53053583909091,50.744067415454545,2.8949509214726277e-05
MMD_dinov2_vitb14_l5_g2.80e-05,dinov2_vitb14,blocks.4,2.80e-05,57,50.914955580454546,50.877768575909094,50.952142585000004,2.294990736118052e-06
MMD_dinov2_vitb14_l5_g2.80e-05,dinov2_vitb14,blocks.4,2.80e-05,58,51.36304193090909,51.255980857727266,51.47010300409091,8.107565918180626e-06
MMD_dinov2_vitb14_l5_g2.80e-05,dinov2_vitb14,blocks.4,2.80e-05,59,51.4886901025,51.48649149727273,51.49088870772727,8.815737601253204e-06
MMD_dinov2_vitb14_l5_g2.80e-05,dinov2_vitb14,blocks.4,2.80e-05,60,51.729285431363635,51.669473619090915,51.78909724363636,8.978859113994986e-06
MMD_dinov2_vitb14_l5_g2.80e-05,dinov2_vitb14,blocks.4,2.80e-05,61,51.86503114863636,51.85205774272727,51.87800455454545,2.787974608509103e-06
MMD_dinov2_vitb14_l5_g2.80e-05,dinov2_vitb14,blocks.4,2.80e-05,62,51.962966427272725,51.92553946363636,52.00039339090909,5.807130037283059e-06
MMD_dinov2_vitb14_l5_g2.80e-05,dinov2_vitb14,blocks.4,2.80e-05,63,52.2140292,52.126720309090906,52.30133809090909,1.0283541087119374e-05
MMD_dinov2_vitb14_l5_g2.80e-05,dinov2_vitb14,blocks.4,2.80e-05,64,52.88865584113637,52.82782977227273,52.94948191,5.682361916115042e-06
MMD_dinov2_vitb14_l5_g2.80e-05,dinov2_vitb14,blocks.4,2.80e-05,65,53.00029708795454,52.977303153181815,53.02329102272727,8.919580977817532e-06
MMD_dinov2_vitb14_l5_g2.80e-05,dinov2_vitb14,blocks.4,2.80e-05,66,53.13382443863637,53.11169118954546,53.15595768772727,9.072386092157103e-06
MMD_dinov2_vitb14_l5_g2.80e-05,dinov2_vitb14,blocks.4,2.80e-05,67,53.46701290090908,53.19575964181818,53.738266159999995,5.8007726693176664e-06
MMD_dinov2_vitb14_l5_g2.80e-05,dinov2_vitb14,blocks.4,2.80e-05,68,54.39349470159091,54.35688324090909,54.43010616227273,9.441774636798073e-06
MMD_dinov2_vitb14_l5_g2.80e-05,dinov2_vitb14,blocks.4,2.80e-05,69,54.57660740431818,54.51598353272727,54.63723127590909,7.894918780948501e-06
MMD_dinov2_vitb14_l5_g2.80e-05,dinov2_vitb14,blocks.4,2.80e-05,70,54.70462107522727,54.68535675181818,54.72388539863636,7.295127034012694e-06
MMD_dinov2_vitb14_l5_g2.80e-05,dinov2_vitb14,blocks.4,2.80e-05,71,55.25811377272728,55.23867115454546,55.2775563909091,7.760251719446387e-06
MMD_dinov2_vitb14_l5_g2.80e-05,dinov2_vitb14,blocks.4,2.80e-05,72,55.751711513636366,55.699695931818184,55.80372709545455,8.461078323307447e-06
MMD_dinov2_vitb14_l5_g2.80e-05,dinov2_vitb14,blocks.4,2.80e-05,73,56.03063692863636,55.82518654818182,56.236087309090905,8.843579962558579e-06
MMD_dinov2_vitb14_l5_g2.80e-05,dinov2_vitb14,blocks.4,2.80e-05,74,56.343688662272726,56.34353036818182,56.343846956363635,7.6014794103684835e-06
MMD_dinov2_vitb14_l5_g2.80e-05,dinov2_vitb14,blocks.4,2.80e-05,75,56.42361637045454,56.418747340909086,56.4284854,3.5495713746058755e-06
MMD_dinov2_vitb14_l5_g2.80e-05,dinov2_vitb14,blocks.4,2.80e-05,76,56.583800352272725,56.43083487727272,56.73676582727273,8.624159818282351e-06
MMD_dinov2_vitb14_l5_g2.80e-05,dinov2_vitb14,blocks.4,2.80e-05,77,56.82032182704545,56.80215198181818,56.838491672272724,5.543587576539721e-06
MMD_dinov2_vitb14_l5_g2.80e-05,dinov2_vitb14,blocks.4,2.80e-05,78,56.88140215909091,56.87784920000001,56.88495511818182,8.546844583179336e-06
MMD_dinov2_vitb14_l5_g2.80e-05,dinov2_vitb14,blocks.4,2.80e-05,79,56.954357993181816,56.89427865,57.014437336363635,5.4437590733869e-05
MMD_dinov2_vitb14_l5_g2.80e-05,dinov2_vitb14,blocks.4,2.80e-05,80,57.03816157659091,57.01605029863636,57.06027285454545,6.692439455946442e-06
MMD_dinov2_vitb14_l5_g2.80e-05,dinov2_vitb14,blocks.4,2.80e-05,81,57.12540627659091,57.08577673045454,57.165035822727276,9.1000856627943e-06
MMD_dinov2_vitb14_l5_g2.80e-05,dinov2_vitb14,blocks.4,2.80e-05,82,57.42789008590909,57.30280682363637,57.552973348181816,6.153504273243016e-06
MMD_dinov2_vitb14_l5_g2.80e-05,dinov2_vitb14,blocks.4,2.80e-05,83,57.83153066113636,57.715692645,57.94736867727273,7.83325140218949e-06
MMD_dinov2_vitb14_l5_g2.80e-05,dinov2_vitb14,blocks.4,2.80e-05,84,58.08143253113636,58.01582408181818,58.14704098045454,8.735722076380625e-06
MMD_dinov2_vitb14_l5_g2.80e-05,dinov2_vitb14,blocks.4,2.80e-05,85,58.444803400909095,58.40466673181818,58.48494007,6.436715921154246e-06
MMD_dinov2_vitb14_l5_g2.80e-05,dinov2_vitb14,blocks.4,2.80e-05,86,58.91778003409091,58.90741873181818,58.92814133636364,2.1854684746358544e-05
MMD_dinov2_vitb14_l5_g2.80e-05,dinov2_vitb14,blocks.4,2.80e-05,87,59.020174833863635,58.959711454090915,59.080638213636355,7.008651209616801e-06
MMD_dinov2_vitb14_l5_g2.80e-05,dinov2_vitb14,blocks.4,2.80e-05,88,59.15856208795455,59.15176404636364,59.165360129545455,8.573658124078065e-05
MMD_dinov2_vitb14_l5_g2.80e-05,dinov2_vitb14,blocks.4,2.80e-05,89,59.43633789068181,59.343238913181814,59.52943686818182,5.325090569385793e-06
MMD_dinov2_vitb14_l5_g2.80e-05,dinov2_vitb14,blocks.4,2.80e-05,90,59.57651304136364,59.53394987363636,59.61907620909091,8.9456243586028e-06
MMD_dinov2_vitb14_l5_g2.80e-05,dinov2_vitb14,blocks.4,2.80e-05,91,59.72755915772727,59.64024705,59.81487126545455,8.791059372015297e-06
MMD_dinov2_vitb14_l5_g2.80e-05,dinov2_vitb14,blocks.4,2.80e-05,92,59.821970187727274,59.821444613636366,59.82249576181818,8.729556611797307e-06
MMD_dinov2_vitb14_l5_g2.80e-05,dinov2_vitb14,blocks.4,2.80e-05,93,60.40047505386364,60.13491826227273,60.66603184545455,6.998301614657976e-06
MMD_dinov2_vitb14_l5_g2.80e-05,dinov2_vitb14,blocks.4,2.80e-05,94,60.95223787159091,60.91525143409091,60.98922430909091,8.039414751692675e-06
MMD_dinov2_vitb14_l5_g2.80e-05,dinov2_vitb14,blocks.4,2.80e-05,95,61.20584357204545,61.15445065909091,61.257236485,6.228130587260239e-06
MMD_dinov2_vitb14_l5_g2.80e-05,dinov2_vitb14,blocks.4,2.80e-05,96,61.39982516295454,61.38288141818182,61.41676890772727,3.260609901190037e-06
MMD_dinov2_vitb14_l5_g2.80e-05,dinov2_vitb14,blocks.4,2.80e-05,97,61.504183716363634,61.450913154545454,61.557454278181815,7.990007361513563e-06
MMD_dinov2_vitb14_l5_g2.80e-05,dinov2_vitb14,blocks.4,2.80e-05,98,61.63614204454545,61.612018317727276,61.66026577136363,6.91244986228412e-06
MMD_dinov2_vitb14_l5_g2.80e-05,dinov2_vitb14,blocks.4,2.80e-05,99,61.79374868181819,61.784896459090916,61.80260090454545,8.597963642387185e-06
MMD_dinov2_vitb14_l5_g2.80e-05,dinov2_vitb14,blocks.4,2.80e-05,100,62.09325376181818,62.04634134636364,62.140166177272725,8.656552381580696e-06
MMD_dinov2_vitb14_l5_g2.80e-05,dinov2_vitb14,blocks.4,2.80e-05,101,62.39542943,62.30800517363637,62.48285368636363,8.081209671217948e-06
MMD_dinov2_vitb14_l5_g2.80e-05,dinov2_vitb14,blocks.4,2.80e-05,102,62.508076675,62.50087945,62.515273900000004,5.395271728048101e-06
MMD_dinov2_vitb14_l5_g2.80e-05,dinov2_vitb14,blocks.4,2.80e-05,103,62.594979955227274,62.56153540454545,62.62842450590909,4.426931809575763e-06
MMD_dinov2_vitb14_l5_g2.80e-05,dinov2_vitb14,blocks.4,2.80e-05,104,62.72680667931818,62.64787497272727,62.80573838590909,8.391352821490727e-06
MMD_dinov2_vitb14_l5_g2.80e-05,dinov2_vitb14,blocks.4,2.80e-05,105,62.93240722272727,62.831736559090906,63.033077886363635,5.335950845619664e-06
MMD_dinov2_vitb14_l5_g2.80e-05,dinov2_vitb14,blocks.4,2.80e-05,106,63.30071634545454,63.2958711590909,63.30556153181818,9.195197890221607e-06
MMD_dinov2_vitb14_l5_g2.80e-05,dinov2_vitb14,blocks.4,2.80e-05,107,63.483996286363634,63.451246159090914,63.51674641363636,8.716074262338225e-06
MMD_dinov2_vitb14_l5_g2.80e-05,dinov2_vitb14,blocks.4,2.80e-05,108,63.56579307022727,63.52993807136364,63.601648069090906,7.168291631387547e-06
MMD_dinov2_vitb14_l5_g2.80e-05,dinov2_vitb14,blocks.4,2.80e-05,109,63.64186040840909,63.632569839545454,63.65115097727273,1.3725960343435872e-05
MMD_dinov2_vitb14_l5_g2.80e-05,dinov2_vitb14,blocks.4,2.80e-05,110,63.804872122727275,63.71100458181818,63.89873966363636,2.0549457985907793e-05
MMD_dinov2_vitb14_l5_g2.80e-05,dinov2_vitb14,blocks.4,2.80e-05,111,63.942615578181815,63.92419218818182,63.96103896818182,-1.3603499610326253e-05
MMD_dinov2_vitb14_l5_g2.80e-05,dinov2_vitb14,blocks.4,2.80e-05,112,64.00932814772727,63.99746849090909,64.02118780454545,9.139514986600261e-06
MMD_dinov2_vitb14_l5_g2.80e-05,dinov2_vitb14,blocks.4,2.80e-05,113,64.06637004090909,64.02835174090909,64.1043883409091,4.321816049923655e-06
MMD_dinov2_vitb14_l5_g2.80e-05,dinov2_vitb14,blocks.4,2.80e-05,114,64.197639875,64.15682117727273,64.23845857272727,4.258627996023279e-06
MMD_dinov2_vitb14_l5_g2.80e-05,dinov2_vitb14,blocks.4,2.80e-05,115,64.29020846409091,64.25370258636363,64.32671434181817,7.530402399424929e-06
MMD_dinov2_vitb14_l5_g2.80e-05,dinov2_vitb14,blocks.4,2.80e-05,116,64.48653965909091,64.40631527727272,64.56676404090909,9.094630513573065e-06
MMD_dinov2_vitb14_l5_g2.80e-05,dinov2_vitb14,blocks.4,2.80e-05,117,64.76922604204546,64.70266141363636,64.83579067045456,8.835354492475744e-06
MMD_dinov2_vitb14_l5_g2.80e-05,dinov2_vitb14,blocks.4,2.80e-05,118,64.89852501704544,64.88276691590909,64.91428311818181,7.116066171874991e-06
MMD_dinov2_vitb14_l5_g2.80e-05,dinov2_vitb14,blocks.4,2.80e-05,119,65.05579888840909,64.99876317727272,65.11283459954545,8.803999662632123e-06
MMD_dinov2_vitb14_l5_g2.80e-05,dinov2_vitb14,blocks.4,2.80e-05,120,65.1427998815909,65.12859398045454,65.15700578272727,8.03905822976958e-06
MMD_dinov2_vitb14_l5_g2.80e-05,dinov2_vitb14,blocks.4,2.80e-05,121,65.38211495681819,65.26560826818182,65.49862164545455,7.68723384680925e-06
MMD_dinov2_vitb14_l5_g2.80e-05,dinov2_vitb14,blocks.4,2.80e-05,122,65.6644128984091,65.58085287863636,65.74797291818182,5.124697054270655e-06
MMD_dinov2_vitb14_l5_g2.80e-05,dinov2_vitb14,blocks.4,2.80e-05,123,65.78481615227273,65.77319434545456,65.79643795909091,5.988897100905888e-06
MMD_dinov2_vitb14_l5_g2.80e-05,dinov2_vitb14,blocks.4,2.80e-05,124,65.98128235454546,65.90152255454545,66.06104215454546,7.292474947462324e-06
MMD_dinov2_vitb14_l5_g2.80e-05,dinov2_vitb14,blocks.4,2.80e-05,125,66.380175075,66.34667021363636,66.41367993636364,8.931549018598162e-06
MMD_dinov2_vitb14_l5_g2.80e-05,dinov2_vitb14,blocks.4,2.80e-05,126,66.53513308522727,66.49486482500001,66.57540134545455,4.903931312583154e-06
MMD_dinov2_vitb14_l5_g2.80e-05,dinov2_vitb14,blocks.4,2.80e-05,127,66.67200952022728,66.64770191772728,66.69631712272727,8.940018233261071e-06
MMD_dinov2_vitb14_l5_g2.80e-05,dinov2_vitb14,blocks.4,2.80e-05,128,66.77277958181818,66.69915260454546,66.84640655909091,8.984197847894393e-06
MMD_dinov2_vitb14_l5_g2.80e-05,dinov2_vitb14,blocks.4,2.80e-05,129,67.04070426136363,66.92138232272727,67.1600262,3.996737359557301e-05
MMD_dinov2_vitb14_l5_g2.80e-05,dinov2_vitb14,blocks.4,2.80e-05,130,67.28861000386364,67.24224864545455,67.33497136227273,9.102212970901746e-06
MMD_dinov2_vitb14_l5_g2.80e-05,dinov2_vitb14,blocks.4,2.80e-05,131,67.57832059454546,67.50431248636363,67.65232870272727,9.083082659344655e-06
MMD_dinov2_vitb14_l5_g2.80e-05,dinov2_vitb14,blocks.4,2.80e-05,132,67.81369166136363,67.78208407272727,67.84529925,3.505515996948816e-05
MMD_dinov2_vitb14_l5_g2.80e-05,dinov2_vitb14,blocks.4,2.80e-05,133,67.93897957499999,67.89158320909091,67.98637594090908,9.020964171213564e-06
MMD_dinov2_vitb14_l5_g2.80e-05,dinov2_vitb14,blocks.4,2.80e-05,134,68.10606402954545,68.0851692090909,68.12695885,7.549114343419205e-06
MMD_dinov2_vitb14_l5_g2.80e-05,dinov2_vitb14,blocks.4,2.80e-05,135,68.23297037272727,68.2302839,68.23565684545454,8.981281098385807e-06
MMD_dinov2_vitb14_l5_g2.80e-05,dinov2_vitb14,blocks.4,2.80e-05,136,68.26855261863636,68.26595938409092,68.27114585318182,8.688613888807595e-06
MMD_dinov2_vitb14_l5_g2.80e-05,dinov2_vitb14,blocks.4,2.80e-05,137,68.35431695,68.32032611363637,68.38830778636363,8.078963219304569e-06
MMD_dinov2_vitb14_l5_g2.80e-05,dinov2_vitb14,blocks.4,2.80e-05,138,68.43904966136364,68.41746199090909,68.46063733181818,5.753249752160627e-06
MMD_dinov2_vitb14_l5_g2.80e-05,dinov2_vitb14,blocks.4,2.80e-05,139,68.46939314545455,68.46664887727273,68.47213741363636,8.480743417749181e-06
MMD_dinov2_vitb14_l5_g2.80e-05,dinov2_vitb14,blocks.4,2.80e-05,140,68.98970947477272,68.93374281227273,69.04567613727274,6.207515525602503e-06
MMD_dinov2_vitb14_l5_g2.80e-05,dinov2_vitb14,blocks.4,2.80e-05,141,69.07596895681817,69.05974111818182,69.09219679545454,8.913217243389226e-06
MMD_dinov2_vitb14_l5_g2.80e-05,dinov2_vitb14,blocks.4,2.80e-05,142,69.09902052045456,69.09712682727273,69.10091421363637,6.269672212511068e-06
MMD_dinov2_vitb14_l5_g2.80e-05,dinov2_vitb14,blocks.4,2.80e-05,143,69.11422755681818,69.10780212727273,69.12065298636364,7.752160854579415e-06
MMD_dinov2_vitb14_l5_g2.80e-05,dinov2_vitb14,blocks.4,2.80e-05,144,69.20713757499999,69.18059698636364,69.23367816363636,8.345198693859857e-06
MMD_dinov2_vitb14_l5_g2.80e-05,dinov2_vitb14,blocks.4,2.80e-05,145,69.31117297909091,69.2644266,69.35791935818182,8.074104698607698e-06
MMD_dinov2_vitb14_l5_g2.80e-05,dinov2_vitb14,blocks.4,2.80e-05,146,69.711816475,69.61843814545455,69.80519480454545,8.92904517968418e-06
MMD_dinov2_vitb14_l5_g2.80e-05,dinov2_vitb14,blocks.4,2.80e-05,147,69.87131680454546,69.8553488,69.88728480909091,9.190837772621308e-06
MMD_dinov2_vitb14_l5_g2.80e-05,dinov2_vitb14,blocks.4,2.80e-05,148,70.01484913522728,69.97248817863637,70.05721009181819,7.843524144846015e-06
MMD_dinov2_vitb14_l5_g2.80e-05,dinov2_vitb14,blocks.4,2.80e-05,149,70.15358302272728,70.14929492727272,70.15787111818182,1.1381171134416945e-05
MMD_dinov2_vitb14_l5_g2.80e-05,dinov2_vitb14,blocks.4,2.80e-05,150,70.18329474545455,70.16147875909091,70.20511073181818,9.100346687773708e-06
MMD_dinov2_vitb14_l5_g2.80e-05,dinov2_vitb14,blocks.4,2.80e-05,151,70.35018690227272,70.32331571818182,70.37705808636363,7.596242539875675e-06
MMD_dinov2_vitb14_l5_g2.80e-05,dinov2_vitb14,blocks.4,2.80e-05,152,70.45040821409091,70.399005675,70.50181075318181,8.351118594873697e-06
MMD_dinov2_vitb14_l5_g2.80e-05,dinov2_vitb14,blocks.4,2.80e-05,153,70.6769625340909,70.6102672090909,70.7436578590909,9.213932571583427e-06
MMD_dinov2_vitb14_l5_g2.80e-05,dinov2_vitb14,blocks.4,2.80e-05,154,70.83329053636363,70.83137117272727,70.8352099,7.429277957271552e-06
MMD_dinov2_vitb14_l5_g2.80e-05,dinov2_vitb14,blocks.4,2.80e-05,155,70.85428704318181,70.84563281363636,70.86294127272727,6.115767064329702e-06
MMD_dinov2_vitb14_l5_g2.80e-05,dinov2_vitb14,blocks.4,2.80e-05,156,70.91317588613636,70.88488886772727,70.94146290454545,0.00012344833521638066
MMD_dinov2_vitb14_l5_g2.80e-05,dinov2_vitb14,blocks.4,2.80e-05,157,71.04800647272728,71.03486937272727,71.06114357272727,7.261268365255091e-06
MMD_dinov2_vitb14_l5_g2.80e-05,dinov2_vitb14,blocks.4,2.80e-05,158,71.17275272272727,71.16676672727273,71.17873871818182,8.6807167463121e-06
MMD_dinov2_vitb14_l5_g2.80e-05,dinov2_vitb14,blocks.4,2.80e-05,159,71.23105279704546,71.2066498259091,71.25545576818182,7.749108590360265e-06
MMD_dinov2_vitb14_l5_g2.80e-05,dinov2_vitb14,blocks.4,2.80e-05,160,71.34023223636365,71.3174982909091,71.36296618181818,7.0912537921685725e-06
MMD_dinov2_vitb14_l5_g2.80e-05,dinov2_vitb14,blocks.4,2.80e-05,161,71.59614402954546,71.46931471818182,71.72297334090909,8.534585504094139e-06
MMD_dinov2_vitb14_l5_g2.80e-05,dinov2_vitb14,blocks.4,2.80e-05,162,71.953188675,71.90808025909091,71.99829709090909,7.339450348808896e-06
MMD_dinov2_vitb14_l5_g2.80e-05,dinov2_vitb14,blocks.4,2.80e-05,163,72.12556611863636,72.09644175681818,72.15469048045455,9.473263162362855e-06
MMD_dinov2_vitb14_l5_g2.80e-05,dinov2_vitb14,blocks.4,2.80e-05,164,72.20636263409091,72.16259906363636,72.25012620454545,7.774451660225168e-06
MMD_dinov2_vitb14_l5_g2.80e-05,dinov2_vitb14,blocks.4,2.80e-05,165,72.341453075,72.32991709090909,72.3529890590909,7.593016562168486e-06
MMD_dinov2_vitb14_l5_g2.80e-05,dinov2_vitb14,blocks.4,2.80e-05,166,72.4059290209091,72.35690482818183,72.45495321363636,8.049243660934735e-06
MMD_dinov2_vitb14_l5_g2.80e-05,dinov2_vitb14,blocks.4,2.80e-05,167,72.62915620454547,72.62635492727273,72.63195748181819,1.8683616872294806e-05
MMD_dinov2_vitb14_l5_g2.80e-05,dinov2_vitb14,blocks.4,2.80e-05,168,72.868061955,72.83995069636363,72.89617321363636,6.7127712100045756e-06
MMD_dinov2_vitb14_l5_g2.80e-05,dinov2_vitb14,blocks.4,2.80e-05,169,73.07651165045455,73.03390340545455,73.11911989545455,9.06914738152409e-06
MMD_dinov2_vitb14_l5_g2.80e-05,dinov2_vitb14,blocks.4,2.80e-05,170,73.23652217727272,73.13833258181818,73.33471177272727,4.8617375796311535e-06
MMD_dinov2_vitb14_l5_g2.80e-05,dinov2_vitb14,blocks.4,2.80e-05,171,73.3691810784091,73.33981687045456,73.39854528636364,7.438111879309872e-06
MMD_dinov2_vitb14_l5_g2.80e-05,dinov2_vitb14,blocks.4,2.80e-05,172,73.426412225,73.41015931818183,73.44266513181819,9.046110790222883e-06
MMD_dinov2_vitb14_l5_g2.80e-05,dinov2_vitb14,blocks.4,2.80e-05,173,73.45744235795453,73.44619574090909,73.46868897499999,7.701471076870803e-06
MMD_dinov2_vitb14_l5_g2.80e-05,dinov2_vitb14,blocks.4,2.80e-05,174,73.52042231590909,73.50964273636363,73.53120189545454,8.914805221138522e-06
MMD_dinov2_vitb14_l5_g2.80e-05,dinov2_vitb14,blocks.4,2.80e-05,175,73.70395308409091,73.63946159545455,73.76844457272728,7.497282240365166e-06
MMD_dinov2_vitb14_l5_g2.80e-05,dinov2_vitb14,blocks.4,2.80e-05,176,73.85347222136363,73.80118299272728,73.90576145,9.145860531134531e-06
MMD_dinov2_vitb14_l5_g2.80e-05,dinov2_vitb14,blocks.4,2.80e-05,177,73.98737165409091,73.96756481363637,74.00717849454546,7.406199074466713e-06
MMD_dinov2_vitb14_l5_g2.80e-05,dinov2_vitb14,blocks.4,2.80e-05,178,74.03115760909091,74.01135728181818,74.05095793636363,6.283718448685249e-06
MMD_dinov2_vitb14_l5_g2.80e-05,dinov2_vitb14,blocks.4,2.80e-05,179,74.12857689772727,74.05302495909092,74.20412883636364,6.796217348892242e-07
MMD_dinov2_vitb14_l5_g2.80e-05,dinov2_vitb14,blocks.4,2.80e-05,180,74.35693384772728,74.32802774090909,74.38583995454546,8.276197149825748e-06
MMD_dinov2_vitb14_l5_g2.80e-05,dinov2_vitb14,blocks.4,2.80e-05,181,74.49502861590909,74.46433656818182,74.52572066363636,5.846039584866958e-06
MMD_dinov2_vitb14_l5_g2.80e-05,dinov2_vitb14,blocks.4,2.80e-05,182,74.88092521136363,74.86437946363637,74.89747095909091,9.186662282445468e-06
MMD_dinov2_vitb14_l5_g2.80e-05,dinov2_vitb14,blocks.4,2.80e-05,183,74.96431832045454,74.9084351090909,75.02020153181819,6.778524948458653e-06
MMD_dinov2_vitb14_l5_g2.80e-05,dinov2_vitb14,blocks.4,2.80e-05,184,75.04762157954545,75.04613550454546,75.04910765454545,7.667026693525258e-06
MMD_dinov2_vitb14_l5_g2.80e-05,dinov2_vitb14,blocks.4,2.80e-05,185,75.09576952954546,75.04911406363637,75.14242499545455,6.181270691740792e-06
MMD_dinov2_vitb14_l5_g2.80e-05,dinov2_vitb14,blocks.4,2.80e-05,186,75.18233699545453,75.14524949545454,75.21942449545455,8.480947144562379e-06
MMD_dinov2_vitb14_l5_g2.80e-05,dinov2_vitb14,blocks.4,2.80e-05,187,75.27024816863636,75.2494860690909,75.29101026818182,7.56861527406727e-06
MMD_dinov2_vitb14_l5_g2.80e-05,dinov2_vitb14,blocks.4,2.80e-05,188,75.32758327272727,75.30463428181818,75.35053226363635,6.3370243879035115e-06
MMD_dinov2_vitb14_l5_g2.80e-05,dinov2_vitb14,blocks.4,2.80e-05,189,75.41747211250001,75.358434425,75.4765098,9.096123903873377e-06
MMD_dinov2_vitb14_l5_g2.80e-05,dinov2_vitb14,blocks.4,2.80e-05,190,75.51253231590908,75.48288537727272,75.54217925454545,8.998706107377075e-06
MMD_dinov2_vitb14_l5_g2.80e-05,dinov2_vitb14,blocks.4,2.80e-05,191,75.6663297,75.65154605454546,75.68111334545455,8.62056367623154e-06
MMD_dinov2_vitb14_l5_g2.80e-05,dinov2_vitb14,blocks.4,2.80e-05,192,75.77599059545454,75.77031593636364,75.78166525454546,9.037932613864541e-06
MMD_dinov2_vitb14_l5_g2.80e-05,dinov2_vitb14,blocks.4,2.80e-05,193,75.81841251795454,75.79512009954546,75.84170493636363,8.598753083788324e-06
MMD_dinov2_vitb14_l5_g2.80e-05,dinov2_vitb14,blocks.4,2.80e-05,194,75.93210186136363,75.84312428636363,76.02107943636364,4.972781880496768e-06
MMD_dinov2_vitb14_l5_g2.80e-05,dinov2_vitb14,blocks.4,2.80e-05,195,76.11776692272727,76.07231828181818,76.16321556363636,8.518438335158862e-06
MMD_dinov2_vitb14_l5_g2.80e-05,dinov2_vitb14,blocks.4,2.80e-05,196,76.23163166,76.19598609272727,76.26727722727273,2.360658072575461e-06
MMD_dinov2_vitb14_l5_g2.80e-05,dinov2_vitb14,blocks.4,2.80e-05,197,76.28963145,76.28929185454545,76.28997104545455,7.4354329626658e-06
MMD_dinov2_vitb14_l5_g2.80e-05,dinov2_vitb14,blocks.4,2.80e-05,198,76.33895351590908,76.32376224090909,76.35414479090909,8.234458618971985e-06
MMD_dinov2_vitb14_l5_g2.80e-05,dinov2_vitb14,blocks.4,2.80e-05,199,76.42131312727273,76.39021483181818,76.45241142272727,5.799565315101063e-06
MMD_dinov2_vitb14_l5_g2.80e-05,dinov2_vitb14,blocks.4,2.80e-05,200,76.53077822886364,76.51437691681818,76.5471795409091,8.194654583348893e-06
MMD_dinov2_vitb14_l5_g2.80e-05,dinov2_vitb14,blocks.4,2.80e-05,201,76.61798762954547,76.59774437272728,76.63823088636364,4.493014785111882e-06
MMD_dinov2_vitb14_l5_g2.80e-05,dinov2_vitb14,blocks.4,2.80e-05,202,76.65972911636364,76.64452179545455,76.67493643727272,3.0027481443539727e-06
MMD_dinov2_vitb14_l5_g2.80e-05,dinov2_vitb14,blocks.4,2.80e-05,203,76.74399205681817,76.67586082272727,76.81212329090908,8.746337698539719e-06
MMD_dinov2_vitb14_l5_g2.80e-05,dinov2_vitb14,blocks.4,2.80e-05,204,76.9110158,76.90558185454546,76.91644974545454,9.019680874189362e-06
MMD_dinov2_vitb14_l5_g2.80e-05,dinov2_vitb14,blocks.4,2.80e-05,205,77.04938380386363,76.98329391227273,77.11547369545454,8.931086995289661e-06
MMD_dinov2_vitb14_l5_g2.80e-05,dinov2_vitb14,blocks.4,2.80e-05,206,77.15743344090909,77.14402031818182,77.17084656363636,5.223027528700186e-06
MMD_dinov2_vitb14_l5_g2.80e-05,dinov2_vitb14,blocks.4,2.80e-05,207,77.30214769545455,77.25877326818183,77.34552212272727,-1.0382018444943242e-06
MMD_dinov2_vitb14_l5_g2.80e-05,dinov2_vitb14,blocks.4,2.80e-05,208,77.5903121975,77.52582683636363,77.65479755863636,5.708108801627532e-06
MMD_dinov2_vitb14_l5_g2.80e-05,dinov2_vitb14,blocks.4,2.80e-05,209,77.71230485227272,77.69959142727272,77.72501827727272,4.924801942252088e-06
MMD_dinov2_vitb14_l5_g2.80e-05,dinov2_vitb14,blocks.4,2.80e-05,210,77.90452434545455,77.83570625,77.9733424409091,8.617314051662106e-06
MMD_dinov2_vitb14_l5_g2.80e-05,dinov2_vitb14,blocks.4,2.80e-05,211,78.13042912045455,78.0566007590909,78.20425748181819,8.619389518571552e-06
MMD_dinov2_vitb14_l5_g2.80e-05,dinov2_vitb14,blocks.4,2.80e-05,212,78.24727043863636,78.23482706363636,78.25971381363637,2.312475317012286e-06
MMD_dinov2_vitb14_l5_g2.80e-05,dinov2_vitb14,blocks.4,2.80e-05,213,78.38345864545454,78.3483194,78.4185978909091,1.3662684068549424e-06
MMD_dinov2_vitb14_l5_g2.80e-05,dinov2_vitb14,blocks.4,2.80e-05,214,78.54078605227272,78.53980069090909,78.54177141363635,8.612023520981893e-06
MMD_dinov2_vitb14_l5_g2.80e-05,dinov2_vitb14,blocks.4,2.80e-05,215,78.58008820545454,78.57485005,78.5853263609091,5.436700575955911e-06
MMD_dinov2_vitb14_l5_g2.80e-05,dinov2_vitb14,blocks.4,2.80e-05,216,78.62433498636364,78.61859467727272,78.63007529545455,9.109205166168977e-06
MMD_dinov2_vitb14_l5_g2.80e-05,dinov2_vitb14,blocks.4,2.80e-05,217,79.04517957499999,78.86957993181818,79.22077921818182,8.109866939776111e-06
MMD_dinov2_vitb14_l5_g2.80e-05,dinov2_vitb14,blocks.4,2.80e-05,218,79.26989939772727,79.25695136818182,79.28284742727273,8.922815140977036e-06
MMD_dinov2_vitb14_l5_g2.80e-05,dinov2_vitb14,blocks.4,2.80e-05,219,79.41755696590909,79.36729972727272,79.46781420454546,8.577587323088665e-06
MMD_dinov2_vitb14_l5_g2.80e-05,dinov2_vitb14,blocks.4,2.80e-05,220,79.5698799834091,79.51125251363636,79.62850745318183,9.365984624309931e-06
MMD_dinov2_vitb14_l5_g2.80e-05,dinov2_vitb14,blocks.4,2.80e-05,221,79.70322166818181,79.6499864090909,79.75645692727272,4.876919319940498e-06
MMD_dinov2_vitb14_l5_g2.80e-05,dinov2_vitb14,blocks.4,2.80e-05,222,79.93145022954545,79.91532173636364,79.94757872272727,8.68694405653514e-06
MMD_dinov2_vitb14_l5_g2.80e-05,dinov2_vitb14,blocks.4,2.80e-05,223,80.08039142727273,80.02392345454545,80.13685939999999,8.343135959876236e-06
MMD_dinov2_vitb14_l5_g2.80e-05,dinov2_vitb14,blocks.4,2.80e-05,224,80.3456105840909,80.28660759545454,80.40461357272727,8.880731911631301e-06
MMD_dinov2_vitb14_l5_g2.80e-05,dinov2_vitb14,blocks.4,2.80e-05,225,80.50383668863637,80.43965011363636,80.56802326363636,9.185012459056452e-06
MMD_dinov2_vitb14_l5_g2.80e-05,dinov2_vitb14,blocks.4,2.80e-05,226,80.76717882045455,80.69563893636364,80.83871870454546,1.1281190381851047e-06
MMD_dinov2_vitb14_l5_g2.80e-05,dinov2_vitb14,blocks.4,2.80e-05,227,80.93666893636365,80.88731798181819,80.98601989090909,3.3246560633415356e-06
MMD_dinov2_vitb14_l5_g2.80e-05,dinov2_vitb14,blocks.4,2.80e-05,228,81.24550969772727,81.02786977272727,81.46314962272727,6.2926696955400985e-06
MMD_dinov2_vitb14_l5_g2.80e-05,dinov2_vitb14,blocks.4,2.80e-05,229,81.51551185,81.49191450454545,81.53910919545454,1.9460030671325512e-06
MMD_dinov2_vitb14_l5_g2.80e-05,dinov2_vitb14,blocks.4,2.80e-05,230,81.66181410454547,81.65584415909092,81.66778405000001,8.680215614731424e-06
MMD_dinov2_vitb14_l5_g2.80e-05,dinov2_vitb14,blocks.4,2.80e-05,231,82.09491658409091,82.0783984909091,82.11143467727273,7.717052540101577e-06
MMD_dinov2_vitb14_l5_g2.80e-05,dinov2_vitb14,blocks.4,2.80e-05,232,82.51240656590909,82.15394328181819,82.87086985,2.7160876925336197e-07
MMD_dinov2_vitb14_l5_g2.80e-05,dinov2_vitb14,blocks.4,2.80e-05,233,83.15926654545454,83.04785639090909,83.2706767,1.0528730854275636e-05
MMD_dinov2_vitb14_l5_g2.80e-05,dinov2_vitb14,blocks.4,2.80e-05,234,83.30087949545455,83.28013232272727,83.32162666818182,7.280520549102221e-06
MMD_dinov2_vitb14_l5_g2.80e-05,dinov2_vitb14,blocks.4,2.80e-05,235,83.40563283409091,83.35334443181819,83.45792123636365,8.010272722458467e-06
MMD_dinov2_vitb14_l5_g2.80e-05,dinov2_vitb14,blocks.4,2.80e-05,236,84.40519799318182,84.18152392727274,84.62887205909091,4.140998044022126e-06
MMD_dinov2_vitb14_l5_g2.80e-05,dinov2_vitb14,blocks.4,2.80e-05,237,85.11644672954546,85.11071750454545,85.12217595454545,3.258353899582289e-06
MMD_dinov2_vitb14_l5_g2.80e-05,dinov2_vitb14,blocks.4,2.80e-05,238,85.67873419522728,85.54109655454546,85.8163718359091,8.948531103669666e-06
MMD_dinov2_vitb14_l5_g2.80e-05,dinov2_vitb14,blocks.4,2.80e-05,239,86.04259813636364,86.0069106,86.07828567272726,9.122316441789735e-06
MMD_dinov2_vitb14_l5_g2.80e-05,dinov2_vitb14,blocks.4,2.80e-05,240,87.13953110454545,86.46879091363637,87.81027129545454,8.541371244064067e-06
MMD_dinov2_vitb14_l5_g1.00e-04,dinov2_vitb14,blocks.4,1.00e-04,1,10.810482123636362,10.383351573636363,11.237612673636363,-6.109625305672495e-11
MMD_dinov2_vitb14_l5_g1.00e-04,dinov2_vitb14,blocks.4,1.00e-04,2,13.363017030454547,12.873956289545454,13.852077771363637,-6.109631550677008e-11
MMD_dinov2_vitb14_l5_g1.00e-04,dinov2_vitb14,blocks.4,1.00e-04,3,15.27335880590909,14.772021149545454,15.774696462272727,-6.109627387340666e-11
MMD_dinov2_vitb14_l5_g1.00e-04,dinov2_vitb14,blocks.4,1.00e-04,4,16.414950566818185,16.11136225,16.718538883636366,-6.109625305672495e-11
MMD_dinov2_vitb14_l5_g1.00e-04,dinov2_vitb14,blocks.4,1.00e-04,5,16.905719235454548,16.83383592,16.977602550909094,-6.109796002462531e-11
MMD_dinov2_vitb14_l5_g1.00e-04,dinov2_vitb14,blocks.4,1.00e-04,6,17.31410864272727,17.128398308636363,17.49981897681818,-6.109625305672495e-11
MMD_dinov2_vitb14_l5_g1.00e-04,dinov2_vitb14,blocks.4,1.00e-04,7,18.12177835068182,18.01987185318182,18.22368484818182,-6.109628775119447e-11
MMD_dinov2_vitb14_l5_g1.00e-04,dinov2_vitb14,blocks.4,1.00e-04,8,18.68467708613636,18.40435578590909,18.964998386363636,-6.109625305672495e-11
MMD_dinov2_vitb14_l5_g1.00e-04,dinov2_vitb14,blocks.4,1.00e-04,9,20.494847745454546,19.531784013636365,21.457911477272727,-6.109680122934336e-11
MMD_dinov2_vitb14_l5_g1.00e-04,dinov2_vitb14,blocks.4,1.00e-04,10,22.186448304318183,22.164942098181818,22.207954510454545,-6.109625305672495e-11
MMD_dinov2_vitb14_l5_g1.00e-04,dinov2_vitb14,blocks.4,1.00e-04,11,22.556182346136364,22.336504287727273,22.775860404545455,-6.10975992021423e-11
MMD_dinov2_vitb14_l5_g1.00e-04,dinov2_vitb14,blocks.4,1.00e-04,12,23.05503894931818,23.03693973772727,23.073138160909092,-6.109625999561885e-11
MMD_dinov2_vitb14_l5_g1.00e-04,dinov2_vitb14,blocks.4,1.00e-04,13,23.983741463181822,23.859046570909094,24.108436355454547,-6.109649591801158e-11
MMD_dinov2_vitb14_l5_g1.00e-04,dinov2_vitb14,blocks.4,1.00e-04,14,24.42152434318182,24.136628927727273,24.706419758636365,-6.109625305672495e-11
MMD_dinov2_vitb14_l5_g1.00e-04,dinov2_vitb14,blocks.4,1.00e-04,15,25.216616497954547,25.160939161363636,25.272293834545454,-6.109746042426423e-11
MMD_dinov2_vitb14_l5_g1.00e-04,dinov2_vitb14,blocks.4,1.00e-04,16,25.91158886977273,25.739496508636364,26.08368123090909,-6.109626693451276e-11
MMD_dinov2_vitb14_l5_g1.00e-04,dinov2_vitb14,blocks.4,1.00e-04,17,26.280579614772726,26.26193154681818,26.29922768272727,-6.109625999561885e-11
MMD_dinov2_vitb14_l5_g1.00e-04,dinov2_vitb14,blocks.4,1.00e-04,18,26.72500679659091,26.647243233181822,26.80277036,-6.109641265128474e-11
MMD_dinov2_vitb14_l5_g1.00e-04,dinov2_vitb14,blocks.4,1.00e-04,19,27.71722202681818,27.710613355454544,27.723830698181818,-6.109625305672495e-11
MMD_dinov2_vitb14_l5_g1.00e-04,dinov2_vitb14,blocks.4,1.00e-04,20,27.975271444090907,27.94224735681818,28.008295531363636,-6.109625305672495e-11
MMD_dinov2_vitb14_l5_g1.00e-04,dinov2_vitb14,blocks.4,1.00e-04,21,28.51916109681818,28.427649107272728,28.610673086363636,-6.109625305672495e-11
MMD_dinov2_vitb14_l5_g1.00e-04,dinov2_vitb14,blocks.4,1.00e-04,22,28.868573707954546,28.864666542727274,28.872480873181818,-6.109625999561885e-11
MMD_dinov2_vitb14_l5_g1.00e-04,dinov2_vitb14,blocks.4,1.00e-04,23,30.406674175227273,29.867093540909092,30.946254809545454,-6.109653755137501e-11
MMD_dinov2_vitb14_l5_g1.00e-04,dinov2_vitb14,blocks.4,1.00e-04,24,31.433125444318183,31.113843444545456,31.75240744409091,-6.110022210403798e-11
MMD_dinov2_vitb14_l5_g1.00e-04,dinov2_vitb14,blocks.4,1.00e-04,25,32.032868589772725,31.962474827272725,32.10326235227273,-6.10965306124811e-11
MMD_dinov2_vitb14_l5_g1.00e-04,dinov2_vitb14,blocks.4,1.00e-04,26,32.93285143340909,32.57260997909091,33.29309288772727,-6.110054823205147e-11
MMD_dinov2_vitb14_l5_g1.00e-04,dinov2_vitb14,blocks.4,1.00e-04,27,33.789990362272725,33.63066458409091,33.94931614045454,-6.109625305672495e-11
MMD_dinov2_vitb14_l5_g1.00e-04,dinov2_vitb14,blocks.4,1.00e-04,28,34.63530097772727,34.254768114545456,35.01583384090909,-6.109625305672495e-11
MMD_dinov2_vitb14_l5_g1.00e-04,dinov2_vitb14,blocks.4,1.00e-04,29,36.06108401,35.61844186090909,36.50372615909091,-6.109625999561885e-11
MMD_dinov2_vitb14_l5_g1.00e-04,dinov2_vitb14,blocks.4,1.00e-04,30,36.965541977954544,36.74721518909091,37.183868766818186,-6.109625305672495e-11
MMD_dinov2_vitb14_l5_g1.00e-04,dinov2_vitb14,blocks.4,1.00e-04,31,37.74808161840909,37.586910895,37.90925234181818,-6.10974187909008e-11
MMD_dinov2_vitb14_l5_g1.00e-04,dinov2_vitb14,blocks.4,1.00e-04,32,39.16038785159091,39.159607152727276,39.16116855045455,-6.109625305672495e-11
MMD_dinov2_vitb14_l5_g1.00e-04,dinov2_vitb14,blocks.4,1.00e-04,33,39.614707512045456,39.50363207727273,39.72578294681818,-6.109629469008837e-11
MMD_dinov2_vitb14_l5_g1.00e-04,dinov2_vitb14,blocks.4,1.00e-04,34,40.30910911386364,40.10658689318182,40.511631334545456,-6.109625999561885e-11
MMD_dinov2_vitb14_l5_g1.00e-04,dinov2_vitb14,blocks.4,1.00e-04,35,41.33801180045454,41.22542756590909,41.450596035,-6.109636407902741e-11
MMD_dinov2_vitb14_l5_g1.00e-04,dinov2_vitb14,blocks.4,1.00e-04,36,41.67410449772727,41.606778884545456,41.74143011090909,-6.109877881410597e-11
MMD_dinov2_vitb14_l5_g1.00e-04,dinov2_vitb14,blocks.4,1.00e-04,37,42.3132160775,42.27668356454546,42.349748590454546,-6.109625305672495e-11
MMD_dinov2_vitb14_l5_g1.00e-04,dinov2_vitb14,blocks.4,1.00e-04,38,42.96702508590909,42.93479045136364,42.999259720454546,-6.109630856787618e-11
MMD_dinov2_vitb14_l5_g1.00e-04,dinov2_vitb14,blocks.4,1.00e-04,39,43.49911773840908,43.14833512181818,43.849900354999995,-6.109625305672495e-11
MMD_dinov2_vitb14_l5_g1.00e-04,dinov2_vitb14,blocks.4,1.00e-04,40,44.46355809863637,44.24228326,44.68483293727273,-6.109632244566399e-11
MMD_dinov2_vitb14_l5_g1.00e-04,dinov2_vitb14,blocks.4,1.00e-04,41,45.02958462840909,45.014271393181815,45.044897863636365,-6.10963502012396e-11
MMD_dinov2_vitb14_l5_g1.00e-04,dinov2_vitb14,blocks.4,1.00e-04,42,45.29330946295454,45.242849799999995,45.34376912590909,-6.109632938455789e-11
MMD_dinov2_vitb14_l5_g1.00e-04,dinov2_vitb14,blocks.4,1.00e-04,43,45.6633877325,45.44974382363636,45.87703164136364,-6.109628775119447e-11
MMD_dinov2_vitb14_l5_g1.00e-04,dinov2_vitb14,blocks.4,1.00e-04,44,46.19913604068182,46.05975058136364,46.3385215,-6.109625305672495e-11
MMD_dinov2_vitb14_l5_g1.00e-04,dinov2_vitb14,blocks.4,1.00e-04,45,46.506415069545454,46.461104443636366,46.55172569545454,-6.109625305672495e-11
MMD_dinov2_vitb14_l5_g1.00e-04,dinov2_vitb14,blocks.4,1.00e-04,46,46.7814371125,46.63784059272727,46.92503363227272,-6.109632244566399e-11
MMD_dinov2_vitb14_l5_g1.00e-04,dinov2_vitb14,blocks.4,1.00e-04,47,47.02157502772727,46.98420985,47.05894020545455,-6.109625999561885e-11
MMD_dinov2_vitb14_l5_g1.00e-04,dinov2_vitb14,blocks.4,1.00e-04,48,47.320069640227274,47.18393024863636,47.45620903181818,-6.109630162898227e-11
MMD_dinov2_vitb14_l5_g1.00e-04,dinov2_vitb14,blocks.4,1.00e-04,49,47.63274792386363,47.57944400681818,47.68605184090909,-6.110861816566171e-11
MMD_dinov2_vitb14_l5_g1.00e-04,dinov2_vitb14,blocks.4,1.00e-04,50,47.92564833181818,47.85413733318182,47.997159330454544,-6.109748124094594e-11
MMD_dinov2_vitb14_l5_g1.00e-04,dinov2_vitb14,blocks.4,1.00e-04,51,48.86026302159091,48.745656067727275,48.974869975454546,-6.109637795681522e-11
MMD_dinov2_vitb14_l5_g1.00e-04,dinov2_vitb14,blocks.4,1.00e-04,52,49.38568588545454,49.269933079999994,49.50143869090909,-6.109636407902741e-11
MMD_dinov2_vitb14_l5_g1.00e-04,dinov2_vitb14,blocks.4,1.00e-04,53,50.13577139295455,50.02686477227273,50.24467801363637,-6.109625305672495e-11
MMD_dinov2_vitb14_l5_g1.00e-04,dinov2_vitb14,blocks.4,1.00e-04,54,50.27686834954545,50.26601576545454,50.287720933636365,-6.109626693451276e-11
MMD_dinov2_vitb14_l5_g1.00e-04,dinov2_vitb14,blocks.4,1.00e-04,55,50.41855757477272,50.397065763181814,50.44004938636363,-6.109625305672495e-11
MMD_dinov2_vitb14_l5_g1.00e-04,dinov2_vitb14,blocks.4,1.00e-04,56,50.63730162727273,50.53053583909091,50.744067415454545,-6.110215111654327e-11
MMD_dinov2_vitb14_l5_g1.00e-04,dinov2_vitb14,blocks.4,1.00e-04,57,50.914955580454546,50.877768575909094,50.952142585000004,-6.109746736315813e-11
MMD_dinov2_vitb14_l5_g1.00e-04,dinov2_vitb14,blocks.4,1.00e-04,58,51.36304193090909,51.255980857727266,51.47010300409091,-6.109625305672495e-11
MMD_dinov2_vitb14_l5_g1.00e-04,dinov2_vitb14,blocks.4,1.00e-04,59,51.4886901025,51.48649149727273,51.49088870772727,-6.109625305672495e-11
MMD_dinov2_vitb14_l5_g1.00e-04,dinov2_vitb14,blocks.4,1.00e-04,60,51.729285431363635,51.669473619090915,51.78909724363636,-6.109625305672495e-11
MMD_dinov2_vitb14_l5_g1.00e-04,dinov2_vitb14,blocks.4,1.00e-04,61,51.86503114863636,51.85205774272727,51.87800455454545,-6.109629469008837e-11
MMD_dinov2_vitb14_l5_g1.00e-04,dinov2_vitb14,blocks.4,1.00e-04,62,51.962966427272725,51.92553946363636,52.00039339090909,-6.109625999561885e-11
MMD_dinov2_vitb14_l5_g1.00e-04,dinov2_vitb14,blocks.4,1.00e-04,63,52.2140292,52.126720309090906,52.30133809090909,-6.109628081230056e-11
MMD_dinov2_vitb14_l5_g1.00e-04,dinov2_vitb14,blocks.4,1.00e-04,64,52.88865584113637,52.82782977227273,52.94948191,-6.109625305672495e-11
MMD_dinov2_vitb14_l5_g1.00e-04,dinov2_vitb14,blocks.4,1.00e-04,65,53.00029708795454,52.977303153181815,53.02329102272727,-6.109625305672495e-11
MMD_dinov2_vitb14_l5_g1.00e-04,dinov2_vitb14,blocks.4,1.00e-04,66,53.13382443863637,53.11169118954546,53.15595768772727,-6.109643346796645e-11
MMD_dinov2_vitb14_l5_g1.00e-04,dinov2_vitb14,blocks.4,1.00e-04,67,53.46701290090908,53.19575964181818,53.738266159999995,-6.109630162898227e-11
MMD_dinov2_vitb14_l5_g1.00e-04,dinov2_vitb14,blocks.4,1.00e-04,68,54.39349470159091,54.35688324090909,54.43010616227273,-6.109625305672495e-11
MMD_dinov2_vitb14_l5_g1.00e-04,dinov2_vitb14,blocks.4,1.00e-04,69,54.57660740431818,54.51598353272727,54.63723127590909,-6.109625305672495e-11
MMD_dinov2_vitb14_l5_g1.00e-04,dinov2_vitb14,blocks.4,1.00e-04,70,54.70462107522727,54.68535675181818,54.72388539863636,-6.109625305672495e-11
MMD_dinov2_vitb14_l5_g1.00e-04,dinov2_vitb14,blocks.4,1.00e-04,71,55.25811377272728,55.23867115454546,55.2775563909091,-6.109625999561885e-11
MMD_dinov2_vitb14_l5_g1.00e-04,dinov2_vitb14,blocks.4,1.00e-04,72,55.751711513636366,55.699695931818184,55.80372709545455,-6.109625305672495e-11
MMD_dinov2_vitb14_l5_g1.00e-04,dinov2_vitb14,blocks.4,1.00e-04,73,56.03063692863636,55.82518654818182,56.236087309090905,-6.109625305672495e-11
MMD_dinov2_vitb14_l5_g1.00e-04,dinov2_vitb14,blocks.4,1.00e-04,74,56.343688662272726,56.34353036818182,56.343846956363635,-6.109625999561885e-11
MMD_dinov2_vitb14_l5_g1.00e-04,dinov2_vitb14,blocks.4,1.00e-04,75,56.42361637045454,56.418747340909086,56.4284854,-6.109628775119447e-11
MMD_dinov2_vitb14_l5_g1.00e-04,dinov2_vitb14,blocks.4,1.00e-04,76,56.583800352272725,56.43083487727272,56.73676582727273,-6.109625305672495e-11
MMD_dinov2_vitb14_l5_g1.00e-04,dinov2_vitb14,blocks.4,1.00e-04,77,56.82032182704545,56.80215198181818,56.838491672272724,-6.109625999561885e-11
MMD_dinov2_vitb14_l5_g1.00e-04,dinov2_vitb14,blocks.4,1.00e-04,78,56.88140215909091,56.87784920000001,56.88495511818182,-6.109625305672495e-11
MMD_dinov2_vitb14_l5_g1.00e-04,dinov2_vitb14,blocks.4,1.00e-04,79,56.954357993181816,56.89427865,57.014437336363635,-6.109637101792131e-11
MMD_dinov2_vitb14_l5_g1.00e-04,dinov2_vitb14,blocks.4,1.00e-04,80,57.03816157659091,57.01605029863636,57.06027285454545,-6.109625305672495e-11
MMD_dinov2_vitb14_l5_g1.00e-04,dinov2_vitb14,blocks.4,1.00e-04,81,57.12540627659091,57.08577673045454,57.165035822727276,-6.109625305672495e-11
MMD_dinov2_vitb14_l5_g1.00e-04,dinov2_vitb14,blocks.4,1.00e-04,82,57.42789008590909,57.30280682363637,57.552973348181816,-6.10963571401335e-11
MMD_dinov2_vitb14_l5_g1.00e-04,dinov2_vitb14,blocks.4,1.00e-04,83,57.83153066113636,57.715692645,57.94736867727273,-6.109625305672495e-11
MMD_dinov2_vitb14_l5_g1.00e-04,dinov2_vitb14,blocks.4,1.00e-04,84,58.08143253113636,58.01582408181818,58.14704098045454,-6.109625305672495e-11
MMD_dinov2_vitb14_l5_g1.00e-04,dinov2_vitb14,blocks.4,1.00e-04,85,58.444803400909095,58.40466673181818,58.48494007,-6.109625305672495e-11
MMD_dinov2_vitb14_l5_g1.00e-04,dinov2_vitb14,blocks.4,1.00e-04,86,58.91778003409091,58.90741873181818,58.92814133636364,-6.109625305672495e-11
MMD_dinov2_vitb14_l5_g1.00e-04,dinov2_vitb14,blocks.4,1.00e-04,87,59.020174833863635,58.959711454090915,59.080638213636355,-6.109625305672495e-11
MMD_dinov2_vitb14_l5_g1.00e-04,dinov2_vitb14,blocks.4,1.00e-04,88,59.15856208795455,59.15176404636364,59.165360129545455,-6.10972453185532e-11
MMD_dinov2_vitb14_l5_g1.00e-04,dinov2_vitb14,blocks.4,1.00e-04,89,59.43633789068181,59.343238913181814,59.52943686818182,-6.109625999561885e-11
MMD_dinov2_vitb14_l5_g1.00e-04,dinov2_vitb14,blocks.4,1.00e-04,90,59.57651304136364,59.53394987363636,59.61907620909091,-6.109625305672495e-11
MMD_dinov2_vitb14_l5_g1.00e-04,dinov2_vitb14,blocks.4,1.00e-04,91,59.72755915772727,59.64024705,59.81487126545455,-6.109625305672495e-11
MMD_dinov2_vitb14_l5_g1.00e-04,dinov2_vitb14,blocks.4,1.00e-04,92,59.821970187727274,59.821444613636366,59.82249576181818,-6.109625305672495e-11
MMD_dinov2_vitb14_l5_g1.00e-04,dinov2_vitb14,blocks.4,1.00e-04,93,60.40047505386364,60.13491826227273,60.66603184545455,-6.109628081230056e-11
MMD_dinov2_vitb14_l5_g1.00e-04,dinov2_vitb14,blocks.4,1.00e-04,94,60.95223787159091,60.91525143409091,60.98922430909091,-6.109625305672495e-11
MMD_dinov2_vitb14_l5_g1.00e-04,dinov2_vitb14,blocks.4,1.00e-04,95,61.20584357204545,61.15445065909091,61.257236485,-6.109631550677008e-11
MMD_dinov2_vitb14_l5_g1.00e-04,dinov2_vitb14,blocks.4,1.00e-04,96,61.39982516295454,61.38288141818182,61.41676890772727,-6.109631550677008e-11
MMD_dinov2_vitb14_l5_g1.00e-04,dinov2_vitb14,blocks.4,1.00e-04,97,61.504183716363634,61.450913154545454,61.557454278181815,-6.109625305672495e-11
MMD_dinov2_vitb14_l5_g1.00e-04,dinov2_vitb14,blocks.4,1.00e-04,98,61.63614204454545,61.612018317727276,61.66026577136363,-6.109625305672495e-11
MMD_dinov2_vitb14_l5_g1.00e-04,dinov2_vitb14,blocks.4,1.00e-04,99,61.79374868181819,61.784896459090916,61.80260090454545,-6.109625305672495e-11
MMD_dinov2_vitb14_l5_g1.00e-04,dinov2_vitb14,blocks.4,1.00e-04,100,62.09325376181818,62.04634134636364,62.140166177272725,-6.109625305672495e-11
MMD_dinov2_vitb14_l5_g1.00e-04,dinov2_vitb14,blocks.4,1.00e-04,101,62.39542943,62.30800517363637,62.48285368636363,-6.109625305672495e-11
MMD_dinov2_vitb14_l5_g1.00e-04,dinov2_vitb14,blocks.4,1.00e-04,102,62.508076675,62.50087945,62.515273900000004,-6.109630856787618e-11
MMD_dinov2_vitb14_l5_g1.00e-04,dinov2_vitb14,blocks.4,1.00e-04,103,62.594979955227274,62.56153540454545,62.62842450590909,-6.109625999561885e-11
MMD_dinov2_vitb14_l5_g1.00e-04,dinov2_vitb14,blocks.4,1.00e-04,104,62.72680667931818,62.64787497272727,62.80573838590909,-6.109625305672495e-11
MMD_dinov2_vitb14_l5_g1.00e-04,dinov2_vitb14,blocks.4,1.00e-04,105,62.93240722272727,62.831736559090906,63.033077886363635,-6.109653755137501e-11
MMD_dinov2_vitb14_l5_g1.00e-04,dinov2_vitb14,blocks.4,1.00e-04,106,63.30071634545454,63.2958711590909,63.30556153181818,-6.109625305672495e-11
MMD_dinov2_vitb14_l5_g1.00e-04,dinov2_vitb14,blocks.4,1.00e-04,107,63.483996286363634,63.451246159090914,63.51674641363636,-6.109625305672495e-11
MMD_dinov2_vitb14_l5_g1.00e-04,dinov2_vitb14,blocks.4,1.00e-04,108,63.56579307022727,63.52993807136364,63.601648069090906,-6.109637101792131e-11
MMD_dinov2_vitb14_l5_g1.00e-04,dinov2_vitb14,blocks.4,1.00e-04,109,63.64186040840909,63.632569839545454,63.65115097727273,-6.109625305672495e-11
MMD_dinov2_vitb14_l5_g1.00e-04,dinov2_vitb14,blocks.4,1.00e-04,110,63.804872122727275,63.71100458181818,63.89873966363636,-6.109632244566399e-11
MMD_dinov2_vitb14_l5_g1.00e-04,dinov2_vitb14,blocks.4,1.00e-04,111,63.942615578181815,63.92419218818182,63.96103896818182,-6.109968087031348e-11
MMD_dinov2_vitb14_l5_g1.00e-04,dinov2_vitb14,blocks.4,1.00e-04,112,64.00932814772727,63.99746849090909,64.02118780454545,-6.109625305672495e-11
MMD_dinov2_vitb14_l5_g1.00e-04,dinov2_vitb14,blocks.4,1.00e-04,113,64.06637004090909,64.02835174090909,64.1043883409091,-6.109630856787618e-11
MMD_dinov2_vitb14_l5_g1.00e-04,dinov2_vitb14,blocks.4,1.00e-04,114,64.197639875,64.15682117727273,64.23845857272727,-6.109628081230056e-11
MMD_dinov2_vitb14_l5_g1.00e-04,dinov2_vitb14,blocks.4,1.00e-04,115,64.29020846409091,64.25370258636363,64.32671434181817,-6.109625305672495e-11
MMD_dinov2_vitb14_l5_g1.00e-04,dinov2_vitb14,blocks.4,1.00e-04,116,64.48653965909091,64.40631527727272,64.56676404090909,-6.109625305672495e-11
MMD_dinov2_vitb14_l5_g1.00e-04,dinov2_vitb14,blocks.4,1.00e-04,117,64.76922604204546,64.70266141363636,64.83579067045456,-6.109625305672495e-11
MMD_dinov2_vitb14_l5_g1.00e-04,dinov2_vitb14,blocks.4,1.00e-04,118,64.89852501704544,64.88276691590909,64.91428311818181,-6.109625305672495e-11
MMD_dinov2_vitb14_l5_g1.00e-04,dinov2_vitb14,blocks.4,1.00e-04,119,65.05579888840909,64.99876317727272,65.11283459954545,-6.109625305672495e-11
MMD_dinov2_vitb14_l5_g1.00e-04,dinov2_vitb14,blocks.4,1.00e-04,120,65.1427998815909,65.12859398045454,65.15700578272727,-6.109625305672495e-11
MMD_dinov2_vitb14_l5_g1.00e-04,dinov2_vitb14,blocks.4,1.00e-04,121,65.38211495681819,65.26560826818182,65.49862164545455,-6.109625305672495e-11
MMD_dinov2_vitb14_l5_g1.00e-04,dinov2_vitb14,blocks.4,1.00e-04,122,65.6644128984091,65.58085287863636,65.74797291818182,-6.109625999561885e-11
MMD_dinov2_vitb14_l5_g1.00e-04,dinov2_vitb14,blocks.4,1.00e-04,123,65.78481615227273,65.77319434545456,65.79643795909091,-6.109625999561885e-11
MMD_dinov2_vitb14_l5_g1.00e-04,dinov2_vitb14,blocks.4,1.00e-04,124,65.98128235454546,65.90152255454545,66.06104215454546,-6.109625305672495e-11
MMD_dinov2_vitb14_l5_g1.00e-04,dinov2_vitb14,blocks.4,1.00e-04,125,66.380175075,66.34667021363636,66.41367993636364,-6.109625305672495e-11
MMD_dinov2_vitb14_l5_g1.00e-04,dinov2_vitb14,blocks.4,1.00e-04,126,66.53513308522727,66.49486482500001,66.57540134545455,-6.109626693451276e-11
MMD_dinov2_vitb14_l5_g1.00e-04,dinov2_vitb14,blocks.4,1.00e-04,127,66.67200952022728,66.64770191772728,66.69631712272727,-6.109625305672495e-11
MMD_dinov2_vitb14_l5_g1.00e-04,dinov2_vitb14,blocks.4,1.00e-04,128,66.77277958181818,66.69915260454546,66.84640655909091,-6.109625305672495e-11
MMD_dinov2_vitb14_l5_g1.00e-04,dinov2_vitb14,blocks.4,1.00e-04,129,67.04070426136363,66.92138232272727,67.1600262,-6.10963502012396e-11
MMD_dinov2_vitb14_l5_g1.00e-04,dinov2_vitb14,blocks.4,1.00e-04,130,67.28861000386364,67.24224864545455,67.33497136227273,-6.109625305672495e-11
MMD_dinov2_vitb14_l5_g1.00e-04,dinov2_vitb14,blocks.4,1.00e-04,131,67.57832059454546,67.50431248636363,67.65232870272727,-6.109625305672495e-11
MMD_dinov2_vitb14_l5_g1.00e-04,dinov2_vitb14,blocks.4,1.00e-04,132,67.81369166136363,67.78208407272727,67.84529925,-6.109625305672495e-11
MMD_dinov2_vitb14_l5_g1.00e-04,dinov2_vitb14,blocks.4,1.00e-04,133,67.93897957499999,67.89158320909091,67.98637594090908,-6.109625305672495e-11
MMD_dinov2_vitb14_l5_g1.00e-04,dinov2_vitb14,blocks.4,1.00e-04,134,68.10606402954545,68.0851692090909,68.12695885,-6.109625999561885e-11
MMD_dinov2_vitb14_l5_g1.00e-04,dinov2_vitb14,blocks.4,1.00e-04,135,68.23297037272727,68.2302839,68.23565684545454,-6.109625305672495e-11
MMD_dinov2_vitb14_l5_g1.00e-04,dinov2_vitb14,blocks.4,1.00e-04,136,68.26855261863636,68.26595938409092,68.27114585318182,-6.109625305672495e-11
MMD_dinov2_vitb14_l5_g1.00e-04,dinov2_vitb14,blocks.4,1.00e-04,137,68.35431695,68.32032611363637,68.38830778636363,-6.109625305672495e-11
MMD_dinov2_vitb14_l5_g1.00e-04,dinov2_vitb14,blocks.4,1.00e-04,138,68.43904966136364,68.41746199090909,68.46063733181818,-6.109629469008837e-11
MMD_dinov2_vitb14_l5_g1.00e-04,dinov2_vitb14,blocks.4,1.00e-04,139,68.46939314545455,68.46664887727273,68.47213741363636,-6.109625305672495e-11
MMD_dinov2_vitb14_l5_g1.00e-04,dinov2_vitb14,blocks.4,1.00e-04,140,68.98970947477272,68.93374281227273,69.04567613727274,-6.109625305672495e-11
MMD_dinov2_vitb14_l5_g1.00e-04,dinov2_vitb14,blocks.4,1.00e-04,141,69.07596895681817,69.05974111818182,69.09219679545454,-6.109625305672495e-11
MMD_dinov2_vitb14_l5_g1.00e-04,dinov2_vitb14,blocks.4,1.00e-04,142,69.09902052045456,69.09712682727273,69.10091421363637,-6.109625999561885e-11
MMD_dinov2_vitb14_l5_g1.00e-04,dinov2_vitb14,blocks.4,1.00e-04,143,69.11422755681818,69.10780212727273,69.12065298636364,-6.109639183460303e-11
MMD_dinov2_vitb14_l5_g1.00e-04,dinov2_vitb14,blocks.4,1.00e-04,144,69.20713757499999,69.18059698636364,69.23367816363636,-6.109625305672495e-11
MMD_dinov2_vitb14_l5_g1.00e-04,dinov2_vitb14,blocks.4,1.00e-04,145,69.31117297909091,69.2644266,69.35791935818182,-6.109625305672495e-11
MMD_dinov2_vitb14_l5_g1.00e-04,dinov2_vitb14,blocks.4,1.00e-04,146,69.711816475,69.61843814545455,69.80519480454545,-6.109625305672495e-11
MMD_dinov2_vitb14_l5_g1.00e-04,dinov2_vitb14,blocks.4,1.00e-04,147,69.87131680454546,69.8553488,69.88728480909091,-6.109625305672495e-11
MMD_dinov2_vitb14_l5_g1.00e-04,dinov2_vitb14,blocks.4,1.00e-04,148,70.01484913522728,69.97248817863637,70.05721009181819,-6.109625305672495e-11
MMD_dinov2_vitb14_l5_g1.00e-04,dinov2_vitb14,blocks.4,1.00e-04,149,70.15358302272728,70.14929492727272,70.15787111818182,-6.109625305672495e-11
MMD_dinov2_vitb14_l5_g1.00e-04,dinov2_vitb14,blocks.4,1.00e-04,150,70.18329474545455,70.16147875909091,70.20511073181818,-6.109625305672495e-11
MMD_dinov2_vitb14_l5_g1.00e-04,dinov2_vitb14,blocks.4,1.00e-04,151,70.35018690227272,70.32331571818182,70.37705808636363,-6.109625305672495e-11
MMD_dinov2_vitb14_l5_g1.00e-04,dinov2_vitb14,blocks.4,1.00e-04,152,70.45040821409091,70.399005675,70.50181075318181,-6.109625305672495e-11
MMD_dinov2_vitb14_l5_g1.00e-04,dinov2_vitb14,blocks.4,1.00e-04,153,70.6769625340909,70.6102672090909,70.7436578590909,-6.109625305672495e-11
MMD_dinov2_vitb14_l5_g1.00e-04,dinov2_vitb14,blocks.4,1.00e-04,154,70.83329053636363,70.83137117272727,70.8352099,-6.109625305672495e-11
MMD_dinov2_vitb14_l5_g1.00e-04,dinov2_vitb14,blocks.4,1.00e-04,155,70.85428704318181,70.84563281363636,70.86294127272727,-6.109715511293246e-11
MMD_dinov2_vitb14_l5_g1.00e-04,dinov2_vitb14,blocks.4,1.00e-04,156,70.91317588613636,70.88488886772727,70.94146290454545,-6.109636407902741e-11
MMD_dinov2_vitb14_l5_g1.00e-04,dinov2_vitb14,blocks.4,1.00e-04,157,71.04800647272728,71.03486937272727,71.06114357272727,-6.109625305672495e-11
MMD_dinov2_vitb14_l5_g1.00e-04,dinov2_vitb14,blocks.4,1.00e-04,158,71.17275272272727,71.16676672727273,71.17873871818182,-6.109625305672495e-11
MMD_dinov2_vitb14_l5_g1.00e-04,dinov2_vitb14,blocks.4,1.00e-04,159,71.23105279704546,71.2066498259091,71.25545576818182,-6.109625305672495e-11
MMD_dinov2_vitb14_l5_g1.00e-04,dinov2_vitb14,blocks.4,1.00e-04,160,71.34023223636365,71.3174982909091,71.36296618181818,-6.109628081230056e-11
MMD_dinov2_vitb14_l5_g1.00e-04,dinov2_vitb14,blocks.4,1.00e-04,161,71.59614402954546,71.46931471818182,71.72297334090909,-6.109625305672495e-11
MMD_dinov2_vitb14_l5_g1.00e-04,dinov2_vitb14,blocks.4,1.00e-04,162,71.953188675,71.90808025909091,71.99829709090909,-6.109625305672495e-11
MMD_dinov2_vitb14_l5_g1.00e-04,dinov2_vitb14,blocks.4,1.00e-04,163,72.12556611863636,72.09644175681818,72.15469048045455,-6.109625305672495e-11
MMD_dinov2_vitb14_l5_g1.00e-04,dinov2_vitb14,blocks.4,1.00e-04,164,72.20636263409091,72.16259906363636,72.25012620454545,-6.109625305672495e-11
MMD_dinov2_vitb14_l5_g1.00e-04,dinov2_vitb14,blocks.4,1.00e-04,165,72.341453075,72.32991709090909,72.3529890590909,-6.109625305672495e-11
MMD_dinov2_vitb14_l5_g1.00e-04,dinov2_vitb14,blocks.4,1.00e-04,166,72.4059290209091,72.35690482818183,72.45495321363636,-6.109625305672495e-11
MMD_dinov2_vitb14_l5_g1.00e-04,dinov2_vitb14,blocks.4,1.00e-04,167,72.62915620454547,72.62635492727273,72.63195748181819,-6.109626693451276e-11
MMD_dinov2_vitb14_l5_g1.00e-04,dinov2_vitb14,blocks.4,1.00e-04,168,72.868061955,72.83995069636363,72.89617321363636,-6.109625305672495e-11
MMD_dinov2_vitb14_l5_g1.00e-04,dinov2_vitb14,blocks.4,1.00e-04,169,73.07651165045455,73.03390340545455,73.11911989545455,-6.109625305672495e-11
MMD_dinov2_vitb14_l5_g1.00e-04,dinov2_vitb14,blocks.4,1.00e-04,170,73.23652217727272,73.13833258181818,73.33471177272727,-6.109630162898227e-11
MMD_dinov2_vitb14_l5_g1.00e-04,dinov2_vitb14,blocks.4,1.00e-04,171,73.3691810784091,73.33981687045456,73.39854528636364,-6.109625305672495e-11
MMD_dinov2_vitb14_l5_g1.00e-04,dinov2_vitb14,blocks.4,1.00e-04,172,73.426412225,73.41015931818183,73.44266513181819,-6.109625305672495e-11
MMD_dinov2_vitb14_l5_g1.00e-04,dinov2_vitb14,blocks.4,1.00e-04,173,73.45744235795453,73.44619574090909,73.46868897499999,-6.109625305672495e-11
MMD_dinov2_vitb14_l5_g1.00e-04,dinov2_vitb14,blocks.4,1.00e-04,174,73.52042231590909,73.50964273636363,73.53120189545454,-6.109625305672495e-11
MMD_dinov2_vitb14_l5_g1.00e-04,dinov2_vitb14,blocks.4,1.00e-04,175,73.70395308409091,73.63946159545455,73.76844457272728,-6.109625999561885e-11
MMD_dinov2_vitb14_l5_g1.00e-04,dinov2_vitb14,blocks.4,1.00e-04,176,73.85347222136363,73.80118299272728,73.90576145,-6.109625305672495e-11
MMD_dinov2_vitb14_l5_g1.00e-04,dinov2_vitb14,blocks.4,1.00e-04,177,73.98737165409091,73.96756481363637,74.00717849454546,-6.109625305672495e-11
MMD_dinov2_vitb14_l5_g1.00e-04,dinov2_vitb14,blocks.4,1.00e-04,178,74.03115760909091,74.01135728181818,74.05095793636363,-6.109625305672495e-11
MMD_dinov2_vitb14_l5_g1.00e-04,dinov2_vitb14,blocks.4,1.00e-04,179,74.12857689772727,74.05302495909092,74.20412883636364,-6.109662775699576e-11
MMD_dinov2_vitb14_l5_g1.00e-04,dinov2_vitb14,blocks.4,1.00e-04,180,74.35693384772728,74.32802774090909,74.38583995454546,-6.109625305672495e-11
MMD_dinov2_vitb14_l5_g1.00e-04,dinov2_vitb14,blocks.4,1.00e-04,181,74.49502861590909,74.46433656818182,74.52572066363636,-6.109625999561885e-11
MMD_dinov2_vitb14_l5_g1.00e-04,dinov2_vitb14,blocks.4,1.00e-04,182,74.88092521136363,74.86437946363637,74.89747095909091,-6.109625305672495e-11
MMD_dinov2_vitb14_l5_g1.00e-04,dinov2_vitb14,blocks.4,1.00e-04,183,74.96431832045454,74.9084351090909,75.02020153181819,-6.109625999561885e-11
MMD_dinov2_vitb14_l5_g1.00e-04,dinov2_vitb14,blocks.4,1.00e-04,184,75.04762157954545,75.04613550454546,75.04910765454545,-6.109625305672495e-11
MMD_dinov2_vitb14_l5_g1.00e-04,dinov2_vitb14,blocks.4,1.00e-04,185,75.09576952954546,75.04911406363637,75.14242499545455,-6.109625305672495e-11
MMD_dinov2_vitb14_l5_g1.00e-04,dinov2_vitb14,blocks.4,1.00e-04,186,75.18233699545453,75.14524949545454,75.21942449545455,-6.109625305672495e-11
MMD_dinov2_vitb14_l5_g1.00e-04,dinov2_vitb14,blocks.4,1.00e-04,187,75.27024816863636,75.2494860690909,75.29101026818182,-6.109625305672495e-11
MMD_dinov2_vitb14_l5_g1.00e-04,dinov2_vitb14,blocks.4,1.00e-04,188,75.32758327272727,75.30463428181818,75.35053226363635,-6.109625305672495e-11
MMD_dinov2_vitb14_l5_g1.00e-04,dinov2_vitb14,blocks.4,1.00e-04,189,75.41747211250001,75.358434425,75.4765098,-6.109639183460303e-11
MMD_dinov2_vitb14_l5_g1.00e-04,dinov2_vitb14,blocks.4,1.00e-04,190,75.51253231590908,75.48288537727272,75.54217925454545,-6.109625305672495e-11
MMD_dinov2_vitb14_l5_g1.00e-04,dinov2_vitb14,blocks.4,1.00e-04,191,75.6663297,75.65154605454546,75.68111334545455,-6.109625305672495e-11
MMD_dinov2_vitb14_l5_g1.00e-04,dinov2_vitb14,blocks.4,1.00e-04,192,75.77599059545454,75.77031593636364,75.78166525454546,-6.109625305672495e-11
MMD_dinov2_vitb14_l5_g1.00e-04,dinov2_vitb14,blocks.4,1.00e-04,193,75.81841251795454,75.79512009954546,75.84170493636363,-6.109625305672495e-11
MMD_dinov2_vitb14_l5_g1.00e-04,dinov2_vitb14,blocks.4,1.00e-04,194,75.93210186136363,75.84312428636363,76.02107943636364,-6.109627387340666e-11
MMD_dinov2_vitb14_l5_g1.00e-04,dinov2_vitb14,blocks.4,1.00e-04,195,76.11776692272727,76.07231828181818,76.16321556363636,-6.109625305672495e-11
MMD_dinov2_vitb14_l5_g1.00e-04,dinov2_vitb14,blocks.4,1.00e-04,196,76.23163166,76.19598609272727,76.26727722727273,-6.109638489570912e-11
MMD_dinov2_vitb14_l5_g1.00e-04,dinov2_vitb14,blocks.4,1.00e-04,197,76.28963145,76.28929185454545,76.28997104545455,-6.109625305672495e-11
MMD_dinov2_vitb14_l5_g1.00e-04,dinov2_vitb14,blocks.4,1.00e-04,198,76.33895351590908,76.32376224090909,76.35414479090909,-6.109625305672495e-11
MMD_dinov2_vitb14_l5_g1.00e-04,dinov2_vitb14,blocks.4,1.00e-04,199,76.42131312727273,76.39021483181818,76.45241142272727,-6.109626693451276e-11
MMD_dinov2_vitb14_l5_g1.00e-04,dinov2_vitb14,blocks.4,1.00e-04,200,76.53077822886364,76.51437691681818,76.5471795409091,-6.109625999561885e-11
MMD_dinov2_vitb14_l5_g1.00e-04,dinov2_vitb14,blocks.4,1.00e-04,201,76.61798762954547,76.59774437272728,76.63823088636364,-6.109818900812414e-11
MMD_dinov2_vitb14_l5_g1.00e-04,dinov2_vitb14,blocks.4,1.00e-04,202,76.65972911636364,76.64452179545455,76.67493643727272,-6.109628081230056e-11
MMD_dinov2_vitb14_l5_g1.00e-04,dinov2_vitb14,blocks.4,1.00e-04,203,76.74399205681817,76.67586082272727,76.81212329090908,-6.109625305672495e-11
MMD_dinov2_vitb14_l5_g1.00e-04,dinov2_vitb14,blocks.4,1.00e-04,204,76.9110158,76.90558185454546,76.91644974545454,-6.109625305672495e-11
MMD_dinov2_vitb14_l5_g1.00e-04,dinov2_vitb14,blocks.4,1.00e-04,205,77.04938380386363,76.98329391227273,77.11547369545454,-6.109625305672495e-11
MMD_dinov2_vitb14_l5_g1.00e-04,dinov2_vitb14,blocks.4,1.00e-04,206,77.15743344090909,77.14402031818182,77.17084656363636,-6.109627387340666e-11
MMD_dinov2_vitb14_l5_g1.00e-04,dinov2_vitb14,blocks.4,1.00e-04,207,77.30214769545455,77.25877326818183,77.34552212272727,-6.110793815405913e-11
MMD_dinov2_vitb14_l5_g1.00e-04,dinov2_vitb14,blocks.4,1.00e-04,208,77.5903121975,77.52582683636363,77.65479755863636,-6.109625999561885e-11
MMD_dinov2_vitb14_l5_g1.00e-04,dinov2_vitb14,blocks.4,1.00e-04,209,77.71230485227272,77.69959142727272,77.72501827727272,-6.109656530695062e-11
MMD_dinov2_vitb14_l5_g1.00e-04,dinov2_vitb14,blocks.4,1.00e-04,210,77.90452434545455,77.83570625,77.9733424409091,-6.109625305672495e-11
MMD_dinov2_vitb14_l5_g1.00e-04,dinov2_vitb14,blocks.4,1.00e-04,211,78.13042912045455,78.0566007590909,78.20425748181819,-6.109625305672495e-11
MMD_dinov2_vitb14_l5_g1.00e-04,dinov2_vitb14,blocks.4,1.00e-04,212,78.24727043863636,78.23482706363636,78.25971381363637,-6.109632938455789e-11
MMD_dinov2_vitb14_l5_g1.00e-04,dinov2_vitb14,blocks.4,1.00e-04,213,78.38345864545454,78.3483194,78.4185978909091,-6.10970649073117e-11
MMD_dinov2_vitb14_l5_g1.00e-04,dinov2_vitb14,blocks.4,1.00e-04,214,78.54078605227272,78.53980069090909,78.54177141363635,-6.109625305672495e-11
MMD_dinov2_vitb14_l5_g1.00e-04,dinov2_vitb14,blocks.4,1.00e-04,215,78.58008820545454,78.57485005,78.5853263609091,-6.109627387340666e-11
MMD_dinov2_vitb14_l5_g1.00e-04,dinov2_vitb14,blocks.4,1.00e-04,216,78.62433498636364,78.61859467727272,78.63007529545455,-6.109625305672495e-11
MMD_dinov2_vitb14_l5_g1.00e-04,dinov2_vitb14,blocks.4,1.00e-04,217,79.04517957499999,78.86957993181818,79.22077921818182,-6.109625305672495e-11
MMD_dinov2_vitb14_l5_g1.00e-04,dinov2_vitb14,blocks.4,1.00e-04,218,79.26989939772727,79.25695136818182,79.28284742727273,-6.109625305672495e-11
MMD_dinov2_vitb14_l5_g1.00e-04,dinov2_vitb14,blocks.4,1.00e-04,219,79.41755696590909,79.36729972727272,79.46781420454546,-6.109625305672495e-11
MMD_dinov2_vitb14_l5_g1.00e-04,dinov2_vitb14,blocks.4,1.00e-04,220,79.5698799834091,79.51125251363636,79.62850745318183,-6.109625305672495e-11
MMD_dinov2_vitb14_l5_g1.00e-04,dinov2_vitb14,blocks.4,1.00e-04,221,79.70322166818181,79.6499864090909,79.75645692727272,-6.109625305672495e-11
MMD_dinov2_vitb14_l5_g1.00e-04,dinov2_vitb14,blocks.4,1.00e-04,222,79.93145022954545,79.91532173636364,79.94757872272727,-6.109625305672495e-11
MMD_dinov2_vitb14_l5_g1.00e-04,dinov2_vitb14,blocks.4,1.00e-04,223,80.08039142727273,80.02392345454545,80.13685939999999,-6.109625305672495e-11
MMD_dinov2_vitb14_l5_g1.00e-04,dinov2_vitb14,blocks.4,1.00e-04,224,80.3456105840909,80.28660759545454,80.40461357272727,-6.109625305672495e-11
MMD_dinov2_vitb14_l5_g1.00e-04,dinov2_vitb14,blocks.4,1.00e-04,225,80.50383668863637,80.43965011363636,80.56802326363636,-6.109625305672495e-11
MMD_dinov2_vitb14_l5_g1.00e-04,dinov2_vitb14,blocks.4,1.00e-04,226,80.76717882045455,80.69563893636364,80.83871870454546,-6.109746042426423e-11
MMD_dinov2_vitb14_l5_g1.00e-04,dinov2_vitb14,blocks.4,1.00e-04,227,80.93666893636365,80.88731798181819,80.98601989090909,-6.109661387920795e-11
MMD_dinov2_vitb14_l5_g1.00e-04,dinov2_vitb14,blocks.4,1.00e-04,228,81.24550969772727,81.02786977272727,81.46314962272727,-6.109625999561885e-11
MMD_dinov2_vitb14_l5_g1.00e-04,dinov2_vitb14,blocks.4,1.00e-04,229,81.51551185,81.49191450454545,81.53910919545454,-6.109631550677008e-11
MMD_dinov2_vitb14_l5_g1.00e-04,dinov2_vitb14,blocks.4,1.00e-04,230,81.66181410454547,81.65584415909092,81.66778405000001,-6.109625305672495e-11
MMD_dinov2_vitb14_l5_g1.00e-04,dinov2_vitb14,blocks.4,1.00e-04,231,82.09491658409091,82.0783984909091,82.11143467727273,-6.109625305672495e-11
MMD_dinov2_vitb14_l5_g1.00e-04,dinov2_vitb14,blocks.4,1.00e-04,232,82.51240656590909,82.15394328181819,82.87086985,-6.109778655227771e-11
MMD_dinov2_vitb14_l5_g1.00e-04,dinov2_vitb14,blocks.4,1.00e-04,233,83.15926654545454,83.04785639090909,83.2706767,-6.109625305672495e-11
MMD_dinov2_vitb14_l5_g1.00e-04,dinov2_vitb14,blocks.4,1.00e-04,234,83.30087949545455,83.28013232272727,83.32162666818182,-6.109625305672495e-11
MMD_dinov2_vitb14_l5_g1.00e-04,dinov2_vitb14,blocks.4,1.00e-04,235,83.40563283409091,83.35334443181819,83.45792123636365,-6.109625305672495e-11
MMD_dinov2_vitb14_l5_g1.00e-04,dinov2_vitb14,blocks.4,1.00e-04,236,84.40519799318182,84.18152392727274,84.62887205909091,-6.109626693451276e-11
MMD_dinov2_vitb14_l5_g1.00e-04,dinov2_vitb14,blocks.4,1.00e-04,237,85.11644672954546,85.11071750454545,85.12217595454545,-6.113955869357923e-11
MMD_dinov2_vitb14_l5_g1.00e-04,dinov2_vitb14,blocks.4,1.00e-04,238,85.67873419522728,85.54109655454546,85.8163718359091,-6.109625305672495e-11
MMD_dinov2_vitb14_l5_g1.00e-04,dinov2_vitb14,blocks.4,1.00e-04,239,86.04259813636364,86.0069106,86.07828567272726,-6.109625305672495e-11
MMD_dinov2_vitb14_l5_g1.00e-04,dinov2_vitb14,blocks.4,1.00e-04,240,87.13953110454545,86.46879091363637,87.81027129545454,-6.109625305672495e-11
MMD_dinov2_vitb14_l5_g1.00e-03,dinov2_vitb14,blocks.4,1.00e-03,1,10.810482123636362,10.383351573636363,11.237612673636363,6.109625305672495e-11
MMD_dinov2_vitb14_l5_g1.00e-03,dinov2_vitb14,blocks.4,1.00e-03,2,13.363017030454547,12.873956289545454,13.852077771363637,6.109625305672495e-11
MMD_dinov2_vitb14_l5_g1.00e-03,dinov2_vitb14,blocks.4,1.00e-03,3,15.27335880590909,14.772021149545454,15.774696462272727,6.109625305672495e-11
MMD_dinov2_vitb14_l5_g1.00e-03,dinov2_vitb14,blocks.4,1.00e-03,4,16.414950566818185,16.11136225,16.718538883636366,6.109625305672495e-11
MMD_dinov2_vitb14_l5_g1.00e-03,dinov2_vitb14,blocks.4,1.00e-03,5,16.905719235454548,16.83383592,16.977602550909094,6.109625305672495e-11
MMD_dinov2_vitb14_l5_g1.00e-03,dinov2_vitb14,blocks.4,1.00e-03,6,17.31410864272727,17.128398308636363,17.49981897681818,6.109625305672495e-11
MMD_dinov2_vitb14_l5_g1.00e-03,dinov2_vitb14,blocks.4,1.00e-03,7,18.12177835068182,18.01987185318182,18.22368484818182,6.109625305672495e-11
MMD_dinov2_vitb14_l5_g1.00e-03,dinov2_vitb14,blocks.4,1.00e-03,8,18.68467708613636,18.40435578590909,18.964998386363636,6.109625305672495e-11
MMD_dinov2_vitb14_l5_g1.00e-03,dinov2_vitb14,blocks.4,1.00e-03,9,20.494847745454546,19.531784013636365,21.457911477272727,6.109625305672495e-11
MMD_dinov2_vitb14_l5_g1.00e-03,dinov2_vitb14,blocks.4,1.00e-03,10,22.186448304318183,22.164942098181818,22.207954510454545,6.109625305672495e-11
MMD_dinov2_vitb14_l5_g1.00e-03,dinov2_vitb14,blocks.4,1.00e-03,11,22.556182346136364,22.336504287727273,22.775860404545455,6.109625305672495e-11
MMD_dinov2_vitb14_l5_g1.00e-03,dinov2_vitb14,blocks.4,1.00e-03,12,23.05503894931818,23.03693973772727,23.073138160909092,6.109625305672495e-11
MMD_dinov2_vitb14_l5_g1.00e-03,dinov2_vitb14,blocks.4,1.00e-03,13,23.983741463181822,23.859046570909094,24.108436355454547,6.109625305672495e-11
MMD_dinov2_vitb14_l5_g1.00e-03,dinov2_vitb14,blocks.4,1.00e-03,14,24.42152434318182,24.136628927727273,24.706419758636365,6.109625305672495e-11
MMD_dinov2_vitb14_l5_g1.00e-03,dinov2_vitb14,blocks.4,1.00e-03,15,25.216616497954547,25.160939161363636,25.272293834545454,6.109625305672495e-11
MMD_dinov2_vitb14_l5_g1.00e-03,dinov2_vitb14,blocks.4,1.00e-03,16,25.91158886977273,25.739496508636364,26.08368123090909,6.109625305672495e-11
MMD_dinov2_vitb14_l5_g1.00e-03,dinov2_vitb14,blocks.4,1.00e-03,17,26.280579614772726,26.26193154681818,26.29922768272727,6.109625305672495e-11
MMD_dinov2_vitb14_l5_g1.00e-03,dinov2_vitb14,blocks.4,1.00e-03,18,26.72500679659091,26.647243233181822,26.80277036,6.109625305672495e-11
MMD_dinov2_vitb14_l5_g1.00e-03,dinov2_vitb14,blocks.4,1.00e-03,19,27.71722202681818,27.710613355454544,27.723830698181818,6.109625305672495e-11
MMD_dinov2_vitb14_l5_g1.00e-03,dinov2_vitb14,blocks.4,1.00e-03,20,27.975271444090907,27.94224735681818,28.008295531363636,6.109625305672495e-11
MMD_dinov2_vitb14_l5_g1.00e-03,dinov2_vitb14,blocks.4,1.00e-03,21,28.51916109681818,28.427649107272728,28.610673086363636,6.109625305672495e-11
MMD_dinov2_vitb14_l5_g1.00e-03,dinov2_vitb14,blocks.4,1.00e-03,22,28.868573707954546,28.864666542727274,28.872480873181818,6.109625305672495e-11
MMD_dinov2_vitb14_l5_g1.00e-03,dinov2_vitb14,blocks.4,1.00e-03,23,30.406674175227273,29.867093540909092,30.946254809545454,6.109625305672495e-11
MMD_dinov2_vitb14_l5_g1.00e-03,dinov2_vitb14,blocks.4,1.00e-03,24,31.433125444318183,31.113843444545456,31.75240744409091,6.109625305672495e-11
MMD_dinov2_vitb14_l5_g1.00e-03,dinov2_vitb14,blocks.4,1.00e-03,25,32.032868589772725,31.962474827272725,32.10326235227273,6.109625305672495e-11
MMD_dinov2_vitb14_l5_g1.00e-03,dinov2_vitb14,blocks.4,1.00e-03,26,32.93285143340909,32.57260997909091,33.29309288772727,6.109625305672495e-11
MMD_dinov2_vitb14_l5_g1.00e-03,dinov2_vitb14,blocks.4,1.00e-03,27,33.789990362272725,33.63066458409091,33.94931614045454,6.109625305672495e-11
MMD_dinov2_vitb14_l5_g1.00e-03,dinov2_vitb14,blocks.4,1.00e-03,28,34.63530097772727,34.254768114545456,35.01583384090909,6.109625305672495e-11
MMD_dinov2_vitb14_l5_g1.00e-03,dinov2_vitb14,blocks.4,1.00e-03,29,36.06108401,35.61844186090909,36.50372615909091,6.109625305672495e-11
MMD_dinov2_vitb14_l5_g1.00e-03,dinov2_vitb14,blocks.4,1.00e-03,30,36.965541977954544,36.74721518909091,37.183868766818186,6.109625305672495e-11
MMD_dinov2_vitb14_l5_g1.00e-03,dinov2_vitb14,blocks.4,1.00e-03,31,37.74808161840909,37.586910895,37.90925234181818,6.109625305672495e-11
MMD_dinov2_vitb14_l5_g1.00e-03,dinov2_vitb14,blocks.4,1.00e-03,32,39.16038785159091,39.159607152727276,39.16116855045455,6.109625305672495e-11
MMD_dinov2_vitb14_l5_g1.00e-03,dinov2_vitb14,blocks.4,1.00e-03,33,39.614707512045456,39.50363207727273,39.72578294681818,6.109625305672495e-11
MMD_dinov2_vitb14_l5_g1.00e-03,dinov2_vitb14,blocks.4,1.00e-03,34,40.30910911386364,40.10658689318182,40.511631334545456,6.109625305672495e-11
MMD_dinov2_vitb14_l5_g1.00e-03,dinov2_vitb14,blocks.4,1.00e-03,35,41.33801180045454,41.22542756590909,41.450596035,6.109625305672495e-11
MMD_dinov2_vitb14_l5_g1.00e-03,dinov2_vitb14,blocks.4,1.00e-03,36,41.67410449772727,41.606778884545456,41.74143011090909,6.109625305672495e-11
MMD_dinov2_vitb14_l5_g1.00e-03,dinov2_vitb14,blocks.4,1.00e-03,37,42.3132160775,42.27668356454546,42.349748590454546,6.109625305672495e-11
MMD_dinov2_vitb14_l5_g1.00e-03,dinov2_vitb14,blocks.4,1.00e-03,38,42.96702508590909,42.93479045136364,42.999259720454546,6.109625305672495e-11
MMD_dinov2_vitb14_l5_g1.00e-03,dinov2_vitb14,blocks.4,1.00e-03,39,43.49911773840908,43.14833512181818,43.849900354999995,6.109625305672495e-11
MMD_dinov2_vitb14_l5_g1.00e-03,dinov2_vitb14,blocks.4,1.00e-03,40,44.46355809863637,44.24228326,44.68483293727273,6.109625305672495e-11
MMD_dinov2_vitb14_l5_g1.00e-03,dinov2_vitb14,blocks.4,1.00e-03,41,45.02958462840909,45.014271393181815,45.044897863636365,6.109625305672495e-11
MMD_dinov2_vitb14_l5_g1.00e-03,dinov2_vitb14,blocks.4,1.00e-03,42,45.29330946295454,45.242849799999995,45.34376912590909,6.109625305672495e-11
MMD_dinov2_vitb14_l5_g1.00e-03,dinov2_vitb14,blocks.4,1.00e-03,43,45.6633877325,45.44974382363636,45.87703164136364,6.109625305672495e-11
MMD_dinov2_vitb14_l5_g1.00e-03,dinov2_vitb14,blocks.4,1.00e-03,44,46.19913604068182,46.05975058136364,46.3385215,6.109625305672495e-11
MMD_dinov2_vitb14_l5_g1.00e-03,dinov2_vitb14,blocks.4,1.00e-03,45,46.506415069545454,46.461104443636366,46.55172569545454,6.109625305672495e-11
MMD_dinov2_vitb14_l5_g1.00e-03,dinov2_vitb14,blocks.4,1.00e-03,46,46.7814371125,46.63784059272727,46.92503363227272,6.109625305672495e-11
MMD_dinov2_vitb14_l5_g1.00e-03,dinov2_vitb14,blocks.4,1.00e-03,47,47.02157502772727,46.98420985,47.05894020545455,6.109625305672495e-11
MMD_dinov2_vitb14_l5_g1.00e-03,dinov2_vitb14,blocks.4,1.00e-03,48,47.320069640227274,47.18393024863636,47.45620903181818,6.109625305672495e-11
MMD_dinov2_vitb14_l5_g1.00e-03,dinov2_vitb14,blocks.4,1.00e-03,49,47.63274792386363,47.57944400681818,47.68605184090909,6.109625305672495e-11
MMD_dinov2_vitb14_l5_g1.00e-03,dinov2_vitb14,blocks.4,1.00e-03,50,47.92564833181818,47.85413733318182,47.997159330454544,6.109625305672495e-11
MMD_dinov2_vitb14_l5_g1.00e-03,dinov2_vitb14,blocks.4,1.00e-03,51,48.86026302159091,48.745656067727275,48.974869975454546,6.109625305672495e-11
MMD_dinov2_vitb14_l5_g1.00e-03,dinov2_vitb14,blocks.4,1.00e-03,52,49.38568588545454,49.269933079999994,49.50143869090909,6.109625305672495e-11
MMD_dinov2_vitb14_l5_g1.00e-03,dinov2_vitb14,blocks.4,1.00e-03,53,50.13577139295455,50.02686477227273,50.24467801363637,6.109625305672495e-11
MMD_dinov2_vitb14_l5_g1.00e-03,dinov2_vitb14,blocks.4,1.00e-03,54,50.27686834954545,50.26601576545454,50.287720933636365,6.109625305672495e-11
MMD_dinov2_vitb14_l5_g1.00e-03,dinov2_vitb14,blocks.4,1.00e-03,55,50.41855757477272,50.397065763181814,50.44004938636363,6.109625305672495e-11
MMD_dinov2_vitb14_l5_g1.00e-03,dinov2_vitb14,blocks.4,1.00e-03,56,50.63730162727273,50.53053583909091,50.744067415454545,6.109625305672495e-11
MMD_dinov2_vitb14_l5_g1.00e-03,dinov2_vitb14,blocks.4,1.00e-03,57,50.914955580454546,50.877768575909094,50.952142585000004,6.109625305672495e-11
MMD_dinov2_vitb14_l5_g1.00e-03,dinov2_vitb14,blocks.4,1.00e-03,58,51.36304193090909,51.255980857727266,51.47010300409091,6.109625305672495e-11
MMD_dinov2_vitb14_l5_g1.00e-03,dinov2_vitb14,blocks.4,1.00e-03,59,51.4886901025,51.48649149727273,51.49088870772727,6.109625305672495e-11
MMD_dinov2_vitb14_l5_g1.00e-03,dinov2_vitb14,blocks.4,1.00e-03,60,51.729285431363635,51.669473619090915,51.78909724363636,6.109625305672495e-11
MMD_dinov2_vitb14_l5_g1.00e-03,dinov2_vitb14,blocks.4,1.00e-03,61,51.86503114863636,51.85205774272727,51.87800455454545,6.109625305672495e-11
MMD_dinov2_vitb14_l5_g1.00e-03,dinov2_vitb14,blocks.4,1.00e-03,62,51.962966427272725,51.92553946363636,52.00039339090909,6.109625305672495e-11
MMD_dinov2_vitb14_l5_g1.00e-03,dinov2_vitb14,blocks.4,1.00e-03,63,52.2140292,52.126720309090906,52.30133809090909,6.109625305672495e-11
MMD_dinov2_vitb14_l5_g1.00e-03,dinov2_vitb14,blocks.4,1.00e-03,64,52.88865584113637,52.82782977227273,52.94948191,6.109625305672495e-11
MMD_dinov2_vitb14_l5_g1.00e-03,dinov2_vitb14,blocks.4,1.00e-03,65,53.00029708795454,52.977303153181815,53.02329102272727,6.109625305672495e-11
MMD_dinov2_vitb14_l5_g1.00e-03,dinov2_vitb14,blocks.4,1.00e-03,66,53.13382443863637,53.11169118954546,53.15595768772727,6.109625305672495e-11
MMD_dinov2_vitb14_l5_g1.00e-03,dinov2_vitb14,blocks.4,1.00e-03,67,53.46701290090908,53.19575964181818,53.738266159999995,6.109625305672495e-11
MMD_dinov2_vitb14_l5_g1.00e-03,dinov2_vitb14,blocks.4,1.00e-03,68,54.39349470159091,54.35688324090909,54.43010616227273,6.109625305672495e-11
MMD_dinov2_vitb14_l5_g1.00e-03,dinov2_vitb14,blocks.4,1.00e-03,69,54.57660740431818,54.51598353272727,54.63723127590909,6.109625305672495e-11
MMD_dinov2_vitb14_l5_g1.00e-03,dinov2_vitb14,blocks.4,1.00e-03,70,54.70462107522727,54.68535675181818,54.72388539863636,6.109625305672495e-11
MMD_dinov2_vitb14_l5_g1.00e-03,dinov2_vitb14,blocks.4,1.00e-03,71,55.25811377272728,55.23867115454546,55.2775563909091,6.109625305672495e-11
MMD_dinov2_vitb14_l5_g1.00e-03,dinov2_vitb14,blocks.4,1.00e-03,72,55.751711513636366,55.699695931818184,55.80372709545455,6.109625305672495e-11
MMD_dinov2_vitb14_l5_g1.00e-03,dinov2_vitb14,blocks.4,1.00e-03,73,56.03063692863636,55.82518654818182,56.236087309090905,6.109625305672495e-11
MMD_dinov2_vitb14_l5_g1.00e-03,dinov2_vitb14,blocks.4,1.00e-03,74,56.343688662272726,56.34353036818182,56.343846956363635,6.109625305672495e-11
MMD_dinov2_vitb14_l5_g1.00e-03,dinov2_vitb14,blocks.4,1.00e-03,75,56.42361637045454,56.418747340909086,56.4284854,6.109625305672495e-11
MMD_dinov2_vitb14_l5_g1.00e-03,dinov2_vitb14,blocks.4,1.00e-03,76,56.583800352272725,56.43083487727272,56.73676582727273,6.109625305672495e-11
MMD_dinov2_vitb14_l5_g1.00e-03,dinov2_vitb14,blocks.4,1.00e-03,77,56.82032182704545,56.80215198181818,56.838491672272724,6.109625305672495e-11
MMD_dinov2_vitb14_l5_g1.00e-03,dinov2_vitb14,blocks.4,1.00e-03,78,56.88140215909091,56.87784920000001,56.88495511818182,6.109625305672495e-11
MMD_dinov2_vitb14_l5_g1.00e-03,dinov2_vitb14,blocks.4,1.00e-03,79,56.954357993181816,56.89427865,57.014437336363635,6.109625305672495e-11
MMD_dinov2_vitb14_l5_g1.00e-03,dinov2_vitb14,blocks.4,1.00e-03,80,57.03816157659091,57.01605029863636,57.06027285454545,6.109625305672495e-11
MMD_dinov2_vitb14_l5_g1.00e-03,dinov2_vitb14,blocks.4,1.00e-03,81,57.12540627659091,57.08577673045454,57.165035822727276,6.109625305672495e-11
MMD_dinov2_vitb14_l5_g1.00e-03,dinov2_vitb14,blocks.4,1.00e-03,82,57.42789008590909,57.30280682363637,57.552973348181816,6.109625305672495e-11
MMD_dinov2_vitb14_l5_g1.00e-03,dinov2_vitb14,blocks.4,1.00e-03,83,57.83153066113636,57.715692645,57.94736867727273,6.109625305672495e-11
MMD_dinov2_vitb14_l5_g1.00e-03,dinov2_vitb14,blocks.4,1.00e-03,84,58.08143253113636,58.01582408181818,58.14704098045454,6.109625305672495e-11
MMD_dinov2_vitb14_l5_g1.00e-03,dinov2_vitb14,blocks.4,1.00e-03,85,58.444803400909095,58.40466673181818,58.48494007,6.109625305672495e-11
MMD_dinov2_vitb14_l5_g1.00e-03,dinov2_vitb14,blocks.4,1.00e-03,86,58.91778003409091,58.90741873181818,58.92814133636364,6.109625305672495e-11
MMD_dinov2_vitb14_l5_g1.00e-03,dinov2_vitb14,blocks.4,1.00e-03,87,59.020174833863635,58.959711454090915,59.080638213636355,6.109625305672495e-11
MMD_dinov2_vitb14_l5_g1.00e-03,dinov2_vitb14,blocks.4,1.00e-03,88,59.15856208795455,59.15176404636364,59.165360129545455,6.109625305672495e-11
MMD_dinov2_vitb14_l5_g1.00e-03,dinov2_vitb14,blocks.4,1.00e-03,89,59.43633789068181,59.343238913181814,59.52943686818182,6.109625305672495e-11
MMD_dinov2_vitb14_l5_g1.00e-03,dinov2_vitb14,blocks.4,1.00e-03,90,59.57651304136364,59.53394987363636,59.61907620909091,6.109625305672495e-11
MMD_dinov2_vitb14_l5_g1.00e-03,dinov2_vitb14,blocks.4,1.00e-03,91,59.72755915772727,59.64024705,59.81487126545455,6.109625305672495e-11
MMD_dinov2_vitb14_l5_g1.00e-03,dinov2_vitb14,blocks.4,1.00e-03,92,59.821970187727274,59.821444613636366,59.82249576181818,6.109625305672495e-11
MMD_dinov2_vitb14_l5_g1.00e-03,dinov2_vitb14,blocks.4,1.00e-03,93,60.40047505386364,60.13491826227273,60.66603184545455,6.109625305672495e-11
MMD_dinov2_vitb14_l5_g1.00e-03,dinov2_vitb14,blocks.4,1.00e-03,94,60.95223787159091,60.91525143409091,60.98922430909091,6.109625305672495e-11
MMD_dinov2_vitb14_l5_g1.00e-03,dinov2_vitb14,blocks.4,1.00e-03,95,61.20584357204545,61.15445065909091,61.257236485,6.109625305672495e-11
MMD_dinov2_vitb14_l5_g1.00e-03,dinov2_vitb14,blocks.4,1.00e-03,96,61.39982516295454,61.38288141818182,61.41676890772727,6.109625305672495e-11
MMD_dinov2_vitb14_l5_g1.00e-03,dinov2_vitb14,blocks.4,1.00e-03,97,61.504183716363634,61.450913154545454,61.557454278181815,6.109625305672495e-11
MMD_dinov2_vitb14_l5_g1.00e-03,dinov2_vitb14,blocks.4,1.00e-03,98,61.63614204454545,61.612018317727276,61.66026577136363,6.109625305672495e-11
MMD_dinov2_vitb14_l5_g1.00e-03,dinov2_vitb14,blocks.4,1.00e-03,99,61.79374868181819,61.784896459090916,61.80260090454545,6.109625305672495e-11
MMD_dinov2_vitb14_l5_g1.00e-03,dinov2_vitb14,blocks.4,1.00e-03,100,62.09325376181818,62.04634134636364,62.140166177272725,6.109625305672495e-11
MMD_dinov2_vitb14_l5_g1.00e-03,dinov2_vitb14,blocks.4,1.00e-03,101,62.39542943,62.30800517363637,62.48285368636363,6.109625305672495e-11
MMD_dinov2_vitb14_l5_g1.00e-03,dinov2_vitb14,blocks.4,1.00e-03,102,62.508076675,62.50087945,62.515273900000004,6.109625305672495e-11
MMD_dinov2_vitb14_l5_g1.00e-03,dinov2_vitb14,blocks.4,1.00e-03,103,62.594979955227274,62.56153540454545,62.62842450590909,6.109625305672495e-11
MMD_dinov2_vitb14_l5_g1.00e-03,dinov2_vitb14,blocks.4,1.00e-03,104,62.72680667931818,62.64787497272727,62.80573838590909,6.109625305672495e-11
MMD_dinov2_vitb14_l5_g1.00e-03,dinov2_vitb14,blocks.4,1.00e-03,105,62.93240722272727,62.831736559090906,63.033077886363635,6.109625305672495e-11
MMD_dinov2_vitb14_l5_g1.00e-03,dinov2_vitb14,blocks.4,1.00e-03,106,63.30071634545454,63.2958711590909,63.30556153181818,6.109625305672495e-11
MMD_dinov2_vitb14_l5_g1.00e-03,dinov2_vitb14,blocks.4,1.00e-03,107,63.483996286363634,63.451246159090914,63.51674641363636,6.109625305672495e-11
MMD_dinov2_vitb14_l5_g1.00e-03,dinov2_vitb14,blocks.4,1.00e-03,108,63.56579307022727,63.52993807136364,63.601648069090906,6.109625305672495e-11
MMD_dinov2_vitb14_l5_g1.00e-03,dinov2_vitb14,blocks.4,1.00e-03,109,63.64186040840909,63.632569839545454,63.65115097727273,6.109625305672495e-11
MMD_dinov2_vitb14_l5_g1.00e-03,dinov2_vitb14,blocks.4,1.00e-03,110,63.804872122727275,63.71100458181818,63.89873966363636,6.109625305672495e-11
MMD_dinov2_vitb14_l5_g1.00e-03,dinov2_vitb14,blocks.4,1.00e-03,111,63.942615578181815,63.92419218818182,63.96103896818182,6.109625305672495e-11
MMD_dinov2_vitb14_l5_g1.00e-03,dinov2_vitb14,blocks.4,1.00e-03,112,64.00932814772727,63.99746849090909,64.02118780454545,6.109625305672495e-11
MMD_dinov2_vitb14_l5_g1.00e-03,dinov2_vitb14,blocks.4,1.00e-03,113,64.06637004090909,64.02835174090909,64.1043883409091,6.109625305672495e-11
MMD_dinov2_vitb14_l5_g1.00e-03,dinov2_vitb14,blocks.4,1.00e-03,114,64.197639875,64.15682117727273,64.23845857272727,6.109625305672495e-11
MMD_dinov2_vitb14_l5_g1.00e-03,dinov2_vitb14,blocks.4,1.00e-03,115,64.29020846409091,64.25370258636363,64.32671434181817,6.109625305672495e-11
MMD_dinov2_vitb14_l5_g1.00e-03,dinov2_vitb14,blocks.4,1.00e-03,116,64.48653965909091,64.40631527727272,64.56676404090909,6.109625305672495e-11
MMD_dinov2_vitb14_l5_g1.00e-03,dinov2_vitb14,blocks.4,1.00e-03,117,64.76922604204546,64.70266141363636,64.83579067045456,6.109625305672495e-11
MMD_dinov2_vitb14_l5_g1.00e-03,dinov2_vitb14,blocks.4,1.00e-03,118,64.89852501704544,64.88276691590909,64.91428311818181,6.109625305672495e-11
MMD_dinov2_vitb14_l5_g1.00e-03,dinov2_vitb14,blocks.4,1.00e-03,119,65.05579888840909,64.99876317727272,65.11283459954545,6.109625305672495e-11
MMD_dinov2_vitb14_l5_g1.00e-03,dinov2_vitb14,blocks.4,1.00e-03,120,65.1427998815909,65.12859398045454,65.15700578272727,6.109625305672495e-11
MMD_dinov2_vitb14_l5_g1.00e-03,dinov2_vitb14,blocks.4,1.00e-03,121,65.38211495681819,65.26560826818182,65.49862164545455,6.109625305672495e-11
MMD_dinov2_vitb14_l5_g1.00e-03,dinov2_vitb14,blocks.4,1.00e-03,122,65.6644128984091,65.58085287863636,65.74797291818182,6.109625305672495e-11
MMD_dinov2_vitb14_l5_g1.00e-03,dinov2_vitb14,blocks.4,1.00e-03,123,65.78481615227273,65.77319434545456,65.79643795909091,6.109625305672495e-11
MMD_dinov2_vitb14_l5_g1.00e-03,dinov2_vitb14,blocks.4,1.00e-03,124,65.98128235454546,65.90152255454545,66.06104215454546,6.109625305672495e-11
MMD_dinov2_vitb14_l5_g1.00e-03,dinov2_vitb14,blocks.4,1.00e-03,125,66.380175075,66.34667021363636,66.41367993636364,6.109625305672495e-11
MMD_dinov2_vitb14_l5_g1.00e-03,dinov2_vitb14,blocks.4,1.00e-03,126,66.53513308522727,66.49486482500001,66.57540134545455,6.109625305672495e-11
MMD_dinov2_vitb14_l5_g1.00e-03,dinov2_vitb14,blocks.4,1.00e-03,127,66.67200952022728,66.64770191772728,66.69631712272727,6.109625305672495e-11
MMD_dinov2_vitb14_l5_g1.00e-03,dinov2_vitb14,blocks.4,1.00e-03,128,66.77277958181818,66.69915260454546,66.84640655909091,6.109625305672495e-11
MMD_dinov2_vitb14_l5_g1.00e-03,dinov2_vitb14,blocks.4,1.00e-03,129,67.04070426136363,66.92138232272727,67.1600262,6.109625305672495e-11
MMD_dinov2_vitb14_l5_g1.00e-03,dinov2_vitb14,blocks.4,1.00e-03,130,67.28861000386364,67.24224864545455,67.33497136227273,6.109625305672495e-11
MMD_dinov2_vitb14_l5_g1.00e-03,dinov2_vitb14,blocks.4,1.00e-03,131,67.57832059454546,67.50431248636363,67.65232870272727,6.109625305672495e-11
MMD_dinov2_vitb14_l5_g1.00e-03,dinov2_vitb14,blocks.4,1.00e-03,132,67.81369166136363,67.78208407272727,67.84529925,6.109625305672495e-11
MMD_dinov2_vitb14_l5_g1.00e-03,dinov2_vitb14,blocks.4,1.00e-03,133,67.93897957499999,67.89158320909091,67.98637594090908,6.109625305672495e-11
MMD_dinov2_vitb14_l5_g1.00e-03,dinov2_vitb14,blocks.4,1.00e-03,134,68.10606402954545,68.0851692090909,68.12695885,6.109625305672495e-11
MMD_dinov2_vitb14_l5_g1.00e-03,dinov2_vitb14,blocks.4,1.00e-03,135,68.23297037272727,68.2302839,68.23565684545454,6.109625305672495e-11
MMD_dinov2_vitb14_l5_g1.00e-03,dinov2_vitb14,blocks.4,1.00e-03,136,68.26855261863636,68.26595938409092,68.27114585318182,6.109625305672495e-11
MMD_dinov2_vitb14_l5_g1.00e-03,dinov2_vitb14,blocks.4,1.00e-03,137,68.35431695,68.32032611363637,68.38830778636363,6.109625305672495e-11
MMD_dinov2_vitb14_l5_g1.00e-03,dinov2_vitb14,blocks.4,1.00e-03,138,68.43904966136364,68.41746199090909,68.46063733181818,6.109625305672495e-11
MMD_dinov2_vitb14_l5_g1.00e-03,dinov2_vitb14,blocks.4,1.00e-03,139,68.46939314545455,68.46664887727273,68.47213741363636,6.109625305672495e-11
MMD_dinov2_vitb14_l5_g1.00e-03,dinov2_vitb14,blocks.4,1.00e-03,140,68.98970947477272,68.93374281227273,69.04567613727274,6.109625305672495e-11
MMD_dinov2_vitb14_l5_g1.00e-03,dinov2_vitb14,blocks.4,1.00e-03,141,69.07596895681817,69.05974111818182,69.09219679545454,6.109625305672495e-11
MMD_dinov2_vitb14_l5_g1.00e-03,dinov2_vitb14,blocks.4,1.00e-03,142,69.09902052045456,69.09712682727273,69.10091421363637,6.109625305672495e-11
MMD_dinov2_vitb14_l5_g1.00e-03,dinov2_vitb14,blocks.4,1.00e-03,143,69.11422755681818,69.10780212727273,69.12065298636364,6.109625305672495e-11
MMD_dinov2_vitb14_l5_g1.00e-03,dinov2_vitb14,blocks.4,1.00e-03,144,69.20713757499999,69.18059698636364,69.23367816363636,6.109625305672495e-11
MMD_dinov2_vitb14_l5_g1.00e-03,dinov2_vitb14,blocks.4,1.00e-03,145,69.31117297909091,69.2644266,69.35791935818182,6.109625305672495e-11
MMD_dinov2_vitb14_l5_g1.00e-03,dinov2_vitb14,blocks.4,1.00e-03,146,69.711816475,69.61843814545455,69.80519480454545,6.109625305672495e-11
MMD_dinov2_vitb14_l5_g1.00e-03,dinov2_vitb14,blocks.4,1.00e-03,147,69.87131680454546,69.8553488,69.88728480909091,6.109625305672495e-11
MMD_dinov2_vitb14_l5_g1.00e-03,dinov2_vitb14,blocks.4,1.00e-03,148,70.01484913522728,69.97248817863637,70.05721009181819,6.109625305672495e-11
MMD_dinov2_vitb14_l5_g1.00e-03,dinov2_vitb14,blocks.4,1.00e-03,149,70.15358302272728,70.14929492727272,70.15787111818182,6.109625305672495e-11
MMD_dinov2_vitb14_l5_g1.00e-03,dinov2_vitb14,blocks.4,1.00e-03,150,70.18329474545455,70.16147875909091,70.20511073181818,6.109625305672495e-11
MMD_dinov2_vitb14_l5_g1.00e-03,dinov2_vitb14,blocks.4,1.00e-03,151,70.35018690227272,70.32331571818182,70.37705808636363,6.109625305672495e-11
MMD_dinov2_vitb14_l5_g1.00e-03,dinov2_vitb14,blocks.4,1.00e-03,152,70.45040821409091,70.399005675,70.50181075318181,6.109625305672495e-11
MMD_dinov2_vitb14_l5_g1.00e-03,dinov2_vitb14,blocks.4,1.00e-03,153,70.6769625340909,70.6102672090909,70.7436578590909,6.109625305672495e-11
MMD_dinov2_vitb14_l5_g1.00e-03,dinov2_vitb14,blocks.4,1.00e-03,154,70.83329053636363,70.83137117272727,70.8352099,6.109625305672495e-11
MMD_dinov2_vitb14_l5_g1.00e-03,dinov2_vitb14,blocks.4,1.00e-03,155,70.85428704318181,70.84563281363636,70.86294127272727,6.109625305672495e-11
MMD_dinov2_vitb14_l5_g1.00e-03,dinov2_vitb14,blocks.4,1.00e-03,156,70.91317588613636,70.88488886772727,70.94146290454545,6.109625305672495e-11
MMD_dinov2_vitb14_l5_g1.00e-03,dinov2_vitb14,blocks.4,1.00e-03,157,71.04800647272728,71.03486937272727,71.06114357272727,6.109625305672495e-11
MMD_dinov2_vitb14_l5_g1.00e-03,dinov2_vitb14,blocks.4,1.00e-03,158,71.17275272272727,71.16676672727273,71.17873871818182,6.109625305672495e-11
MMD_dinov2_vitb14_l5_g1.00e-03,dinov2_vitb14,blocks.4,1.00e-03,159,71.23105279704546,71.2066498259091,71.25545576818182,6.109625305672495e-11
MMD_dinov2_vitb14_l5_g1.00e-03,dinov2_vitb14,blocks.4,1.00e-03,160,71.34023223636365,71.3174982909091,71.36296618181818,6.109625305672495e-11
MMD_dinov2_vitb14_l5_g1.00e-03,dinov2_vitb14,blocks.4,1.00e-03,161,71.59614402954546,71.46931471818182,71.72297334090909,6.109625305672495e-11
MMD_dinov2_vitb14_l5_g1.00e-03,dinov2_vitb14,blocks.4,1.00e-03,162,71.953188675,71.90808025909091,71.99829709090909,6.109625305672495e-11
MMD_dinov2_vitb14_l5_g1.00e-03,dinov2_vitb14,blocks.4,1.00e-03,163,72.12556611863636,72.09644175681818,72.15469048045455,6.109625305672495e-11
MMD_dinov2_vitb14_l5_g1.00e-03,dinov2_vitb14,blocks.4,1.00e-03,164,72.20636263409091,72.16259906363636,72.25012620454545,6.109625305672495e-11
MMD_dinov2_vitb14_l5_g1.00e-03,dinov2_vitb14,blocks.4,1.00e-03,165,72.341453075,72.32991709090909,72.3529890590909,6.109625305672495e-11
MMD_dinov2_vitb14_l5_g1.00e-03,dinov2_vitb14,blocks.4,1.00e-03,166,72.4059290209091,72.35690482818183,72.45495321363636,6.109625305672495e-11
MMD_dinov2_vitb14_l5_g1.00e-03,dinov2_vitb14,blocks.4,1.00e-03,167,72.62915620454547,72.62635492727273,72.63195748181819,6.109625305672495e-11
MMD_dinov2_vitb14_l5_g1.00e-03,dinov2_vitb14,blocks.4,1.00e-03,168,72.868061955,72.83995069636363,72.89617321363636,6.109625305672495e-11
MMD_dinov2_vitb14_l5_g1.00e-03,dinov2_vitb14,blocks.4,1.00e-03,169,73.07651165045455,73.03390340545455,73.11911989545455,6.109625305672495e-11
MMD_dinov2_vitb14_l5_g1.00e-03,dinov2_vitb14,blocks.4,1.00e-03,170,73.23652217727272,73.13833258181818,73.33471177272727,6.109625305672495e-11
MMD_dinov2_vitb14_l5_g1.00e-03,dinov2_vitb14,blocks.4,1.00e-03,171,73.3691810784091,73.33981687045456,73.39854528636364,6.109625305672495e-11
MMD_dinov2_vitb14_l5_g1.00e-03,dinov2_vitb14,blocks.4,1.00e-03,172,73.426412225,73.41015931818183,73.44266513181819,6.109625305672495e-11
MMD_dinov2_vitb14_l5_g1.00e-03,dinov2_vitb14,blocks.4,1.00e-03,173,73.45744235795453,73.44619574090909,73.46868897499999,6.109625305672495e-11
MMD_dinov2_vitb14_l5_g1.00e-03,dinov2_vitb14,blocks.4,1.00e-03,174,73.52042231590909,73.50964273636363,73.53120189545454,6.109625305672495e-11
MMD_dinov2_vitb14_l5_g1.00e-03,dinov2_vitb14,blocks.4,1.00e-03,175,73.70395308409091,73.63946159545455,73.76844457272728,6.109625305672495e-11
MMD_dinov2_vitb14_l5_g1.00e-03,dinov2_vitb14,blocks.4,1.00e-03,176,73.85347222136363,73.80118299272728,73.90576145,6.109625305672495e-11
MMD_dinov2_vitb14_l5_g1.00e-03,dinov2_vitb14,blocks.4,1.00e-03,177,73.98737165409091,73.96756481363637,74.00717849454546,6.109625305672495e-11
MMD_dinov2_vitb14_l5_g1.00e-03,dinov2_vitb14,blocks.4,1.00e-03,178,74.03115760909091,74.01135728181818,74.05095793636363,6.109625305672495e-11
MMD_dinov2_vitb14_l5_g1.00e-03,dinov2_vitb14,blocks.4,1.00e-03,179,74.12857689772727,74.05302495909092,74.20412883636364,6.109625305672495e-11
MMD_dinov2_vitb14_l5_g1.00e-03,dinov2_vitb14,blocks.4,1.00e-03,180,74.35693384772728,74.32802774090909,74.38583995454546,6.109625305672495e-11
MMD_dinov2_vitb14_l5_g1.00e-03,dinov2_vitb14,blocks.4,1.00e-03,181,74.49502861590909,74.46433656818182,74.52572066363636,6.109625305672495e-11
MMD_dinov2_vitb14_l5_g1.00e-03,dinov2_vitb14,blocks.4,1.00e-03,182,74.88092521136363,74.86437946363637,74.89747095909091,6.109625305672495e-11
MMD_dinov2_vitb14_l5_g1.00e-03,dinov2_vitb14,blocks.4,1.00e-03,183,74.96431832045454,74.9084351090909,75.02020153181819,6.109625305672495e-11
MMD_dinov2_vitb14_l5_g1.00e-03,dinov2_vitb14,blocks.4,1.00e-03,184,75.04762157954545,75.04613550454546,75.04910765454545,6.109625305672495e-11
MMD_dinov2_vitb14_l5_g1.00e-03,dinov2_vitb14,blocks.4,1.00e-03,185,75.09576952954546,75.04911406363637,75.14242499545455,6.109625305672495e-11
MMD_dinov2_vitb14_l5_g1.00e-03,dinov2_vitb14,blocks.4,1.00e-03,186,75.18233699545453,75.14524949545454,75.21942449545455,6.109625305672495e-11
MMD_dinov2_vitb14_l5_g1.00e-03,dinov2_vitb14,blocks.4,1.00e-03,187,75.27024816863636,75.2494860690909,75.29101026818182,6.109625305672495e-11
MMD_dinov2_vitb14_l5_g1.00e-03,dinov2_vitb14,blocks.4,1.00e-03,188,75.32758327272727,75.30463428181818,75.35053226363635,6.109625305672495e-11
MMD_dinov2_vitb14_l5_g1.00e-03,dinov2_vitb14,blocks.4,1.00e-03,189,75.41747211250001,75.358434425,75.4765098,6.109625305672495e-11
MMD_dinov2_vitb14_l5_g1.00e-03,dinov2_vitb14,blocks.4,1.00e-03,190,75.51253231590908,75.48288537727272,75.54217925454545,6.109625305672495e-11
MMD_dinov2_vitb14_l5_g1.00e-03,dinov2_vitb14,blocks.4,1.00e-03,191,75.6663297,75.65154605454546,75.68111334545455,6.109625305672495e-11
MMD_dinov2_vitb14_l5_g1.00e-03,dinov2_vitb14,blocks.4,1.00e-03,192,75.77599059545454,75.77031593636364,75.78166525454546,6.109625305672495e-11
MMD_dinov2_vitb14_l5_g1.00e-03,dinov2_vitb14,blocks.4,1.00e-03,193,75.81841251795454,75.79512009954546,75.84170493636363,6.109625305672495e-11
MMD_dinov2_vitb14_l5_g1.00e-03,dinov2_vitb14,blocks.4,1.00e-03,194,75.93210186136363,75.84312428636363,76.02107943636364,6.109625305672495e-11
MMD_dinov2_vitb14_l5_g1.00e-03,dinov2_vitb14,blocks.4,1.00e-03,195,76.11776692272727,76.07231828181818,76.16321556363636,6.109625305672495e-11
MMD_dinov2_vitb14_l5_g1.00e-03,dinov2_vitb14,blocks.4,1.00e-03,196,76.23163166,76.19598609272727,76.26727722727273,6.109625305672495e-11
MMD_dinov2_vitb14_l5_g1.00e-03,dinov2_vitb14,blocks.4,1.00e-03,197,76.28963145,76.28929185454545,76.28997104545455,6.109625305672495e-11
MMD_dinov2_vitb14_l5_g1.00e-03,dinov2_vitb14,blocks.4,1.00e-03,198,76.33895351590908,76.32376224090909,76.35414479090909,6.109625305672495e-11
MMD_dinov2_vitb14_l5_g1.00e-03,dinov2_vitb14,blocks.4,1.00e-03,199,76.42131312727273,76.39021483181818,76.45241142272727,6.109625305672495e-11
MMD_dinov2_vitb14_l5_g1.00e-03,dinov2_vitb14,blocks.4,1.00e-03,200,76.53077822886364,76.51437691681818,76.5471795409091,6.109625305672495e-11
MMD_dinov2_vitb14_l5_g1.00e-03,dinov2_vitb14,blocks.4,1.00e-03,201,76.61798762954547,76.59774437272728,76.63823088636364,6.109625305672495e-11
MMD_dinov2_vitb14_l5_g1.00e-03,dinov2_vitb14,blocks.4,1.00e-03,202,76.65972911636364,76.64452179545455,76.67493643727272,6.109625305672495e-11
MMD_dinov2_vitb14_l5_g1.00e-03,dinov2_vitb14,blocks.4,1.00e-03,203,76.74399205681817,76.67586082272727,76.81212329090908,6.109625305672495e-11
MMD_dinov2_vitb14_l5_g1.00e-03,dinov2_vitb14,blocks.4,1.00e-03,204,76.9110158,76.90558185454546,76.91644974545454,6.109625305672495e-11
MMD_dinov2_vitb14_l5_g1.00e-03,dinov2_vitb14,blocks.4,1.00e-03,205,77.04938380386363,76.98329391227273,77.11547369545454,6.109625305672495e-11
MMD_dinov2_vitb14_l5_g1.00e-03,dinov2_vitb14,blocks.4,1.00e-03,206,77.15743344090909,77.14402031818182,77.17084656363636,6.109625305672495e-11
MMD_dinov2_vitb14_l5_g1.00e-03,dinov2_vitb14,blocks.4,1.00e-03,207,77.30214769545455,77.25877326818183,77.34552212272727,6.109625305672495e-11
MMD_dinov2_vitb14_l5_g1.00e-03,dinov2_vitb14,blocks.4,1.00e-03,208,77.5903121975,77.52582683636363,77.65479755863636,6.109625305672495e-11
MMD_dinov2_vitb14_l5_g1.00e-03,dinov2_vitb14,blocks.4,1.00e-03,209,77.71230485227272,77.69959142727272,77.72501827727272,6.109625305672495e-11
MMD_dinov2_vitb14_l5_g1.00e-03,dinov2_vitb14,blocks.4,1.00e-03,210,77.90452434545455,77.83570625,77.9733424409091,6.109625305672495e-11
MMD_dinov2_vitb14_l5_g1.00e-03,dinov2_vitb14,blocks.4,1.00e-03,211,78.13042912045455,78.0566007590909,78.20425748181819,6.109625305672495e-11
MMD_dinov2_vitb14_l5_g1.00e-03,dinov2_vitb14,blocks.4,1.00e-03,212,78.24727043863636,78.23482706363636,78.25971381363637,6.109625305672495e-11
MMD_dinov2_vitb14_l5_g1.00e-03,dinov2_vitb14,blocks.4,1.00e-03,213,78.38345864545454,78.3483194,78.4185978909091,6.109625305672495e-11
MMD_dinov2_vitb14_l5_g1.00e-03,dinov2_vitb14,blocks.4,1.00e-03,214,78.54078605227272,78.53980069090909,78.54177141363635,6.109625305672495e-11
MMD_dinov2_vitb14_l5_g1.00e-03,dinov2_vitb14,blocks.4,1.00e-03,215,78.58008820545454,78.57485005,78.5853263609091,6.109625305672495e-11
MMD_dinov2_vitb14_l5_g1.00e-03,dinov2_vitb14,blocks.4,1.00e-03,216,78.62433498636364,78.61859467727272,78.63007529545455,6.109625305672495e-11
MMD_dinov2_vitb14_l5_g1.00e-03,dinov2_vitb14,blocks.4,1.00e-03,217,79.04517957499999,78.86957993181818,79.22077921818182,6.109625305672495e-11
MMD_dinov2_vitb14_l5_g1.00e-03,dinov2_vitb14,blocks.4,1.00e-03,218,79.26989939772727,79.25695136818182,79.28284742727273,6.109625305672495e-11
MMD_dinov2_vitb14_l5_g1.00e-03,dinov2_vitb14,blocks.4,1.00e-03,219,79.41755696590909,79.36729972727272,79.46781420454546,6.109625305672495e-11
MMD_dinov2_vitb14_l5_g1.00e-03,dinov2_vitb14,blocks.4,1.00e-03,220,79.5698799834091,79.51125251363636,79.62850745318183,6.109625305672495e-11
MMD_dinov2_vitb14_l5_g1.00e-03,dinov2_vitb14,blocks.4,1.00e-03,221,79.70322166818181,79.6499864090909,79.75645692727272,6.109625305672495e-11
MMD_dinov2_vitb14_l5_g1.00e-03,dinov2_vitb14,blocks.4,1.00e-03,222,79.93145022954545,79.91532173636364,79.94757872272727,6.109625305672495e-11
MMD_dinov2_vitb14_l5_g1.00e-03,dinov2_vitb14,blocks.4,1.00e-03,223,80.08039142727273,80.02392345454545,80.13685939999999,6.109625305672495e-11
MMD_dinov2_vitb14_l5_g1.00e-03,dinov2_vitb14,blocks.4,1.00e-03,224,80.3456105840909,80.28660759545454,80.40461357272727,6.109625305672495e-11
MMD_dinov2_vitb14_l5_g1.00e-03,dinov2_vitb14,blocks.4,1.00e-03,225,80.50383668863637,80.43965011363636,80.56802326363636,6.109625305672495e-11
MMD_dinov2_vitb14_l5_g1.00e-03,dinov2_vitb14,blocks.4,1.00e-03,226,80.76717882045455,80.69563893636364,80.83871870454546,6.109625305672495e-11
MMD_dinov2_vitb14_l5_g1.00e-03,dinov2_vitb14,blocks.4,1.00e-03,227,80.93666893636365,80.88731798181819,80.98601989090909,6.109625305672495e-11
MMD_dinov2_vitb14_l5_g1.00e-03,dinov2_vitb14,blocks.4,1.00e-03,228,81.24550969772727,81.02786977272727,81.46314962272727,6.109625305672495e-11
MMD_dinov2_vitb14_l5_g1.00e-03,dinov2_vitb14,blocks.4,1.00e-03,229,81.51551185,81.49191450454545,81.53910919545454,6.109625305672495e-11
MMD_dinov2_vitb14_l5_g1.00e-03,dinov2_vitb14,blocks.4,1.00e-03,230,81.66181410454547,81.65584415909092,81.66778405000001,6.109625305672495e-11
MMD_dinov2_vitb14_l5_g1.00e-03,dinov2_vitb14,blocks.4,1.00e-03,231,82.09491658409091,82.0783984909091,82.11143467727273,6.109625305672495e-11
MMD_dinov2_vitb14_l5_g1.00e-03,dinov2_vitb14,blocks.4,1.00e-03,232,82.51240656590909,82.15394328181819,82.87086985,6.109625305672495e-11
MMD_dinov2_vitb14_l5_g1.00e-03,dinov2_vitb14,blocks.4,1.00e-03,233,83.15926654545454,83.04785639090909,83.2706767,6.109625305672495e-11
MMD_dinov2_vitb14_l5_g1.00e-03,dinov2_vitb14,blocks.4,1.00e-03,234,83.30087949545455,83.28013232272727,83.32162666818182,6.109625305672495e-11
MMD_dinov2_vitb14_l5_g1.00e-03,dinov2_vitb14,blocks.4,1.00e-03,235,83.40563283409091,83.35334443181819,83.45792123636365,6.109625305672495e-11
MMD_dinov2_vitb14_l5_g1.00e-03,dinov2_vitb14,blocks.4,1.00e-03,236,84.40519799318182,84.18152392727274,84.62887205909091,6.109625305672495e-11
MMD_dinov2_vitb14_l5_g1.00e-03,dinov2_vitb14,blocks.4,1.00e-03,237,85.11644672954546,85.11071750454545,85.12217595454545,6.109625305672495e-11
MMD_dinov2_vitb14_l5_g1.00e-03,dinov2_vitb14,blocks.4,1.00e-03,238,85.67873419522728,85.54109655454546,85.8163718359091,6.109625305672495e-11
MMD_dinov2_vitb14_l5_g1.00e-03,dinov2_vitb14,blocks.4,1.00e-03,239,86.04259813636364,86.0069106,86.07828567272726,6.109625305672495e-11
MMD_dinov2_vitb14_l5_g1.00e-03,dinov2_vitb14,blocks.4,1.00e-03,240,87.13953110454545,86.46879091363637,87.81027129545454,6.109625305672495e-11
MMD_dinov2_vitb14_l5_gmedian,dinov2_vitb14,blocks.4,median,1,10.810482123636362,10.383351573636363,11.237612673636363,0.05860257148742676
MMD_dinov2_vitb14_l5_gmedian,dinov2_vitb14,blocks.4,median,2,13.363017030454547,12.873956289545454,13.852077771363637,0.08577430248260498
MMD_dinov2_vitb14_l5_gmedian,dinov2_vitb14,blocks.4,median,3,15.27335880590909,14.772021149545454,15.774696462272727,0.020384788513183594
MMD_dinov2_vitb14_l5_gmedian,dinov2_vitb14,blocks.4,median,4,16.414950566818185,16.11136225,16.718538883636366,0.0015263557434082031
MMD_dinov2_vitb14_l5_gmedian,dinov2_vitb14,blocks.4,median,5,16.905719235454548,16.83383592,16.977602550909094,0.06711018085479736
MMD_dinov2_vitb14_l5_gmedian,dinov2_vitb14,blocks.4,median,6,17.31410864272727,17.128398308636363,17.49981897681818,0.05779433250427246
MMD_dinov2_vitb14_l5_gmedian,dinov2_vitb14,blocks.4,median,7,18.12177835068182,18.01987185318182,18.22368484818182,0.02852773666381836
MMD_dinov2_vitb14_l5_gmedian,dinov2_vitb14,blocks.4,median,8,18.68467708613636,18.40435578590909,18.964998386363636,0.04388892650604248
MMD_dinov2_vitb14_l5_gmedian,dinov2_vitb14,blocks.4,median,9,20.494847745454546,19.531784013636365,21.457911477272727,0.01613306999206543
MMD_dinov2_vitb14_l5_gmedian,dinov2_vitb14,blocks.4,median,10,22.186448304318183,22.164942098181818,22.207954510454545,0.01568746566772461
MMD_dinov2_vitb14_l5_gmedian,dinov2_vitb14,blocks.4,median,11,22.556182346136364,22.336504287727273,22.775860404545455,0.03515625
MMD_dinov2_vitb14_l5_gmedian,dinov2_vitb14,blocks.4,median,12,23.05503894931818,23.03693973772727,23.073138160909092,0.012978434562683105
MMD_dinov2_vitb14_l5_gmedian,dinov2_vitb14,blocks.4,median,13,23.983741463181822,23.859046570909094,24.108436355454547,0.04406297206878662
MMD_dinov2_vitb14_l5_gmedian,dinov2_vitb14,blocks.4,median,14,24.42152434318182,24.136628927727273,24.706419758636365,0.026894688606262207
MMD_dinov2_vitb14_l5_gmedian,dinov2_vitb14,blocks.4,median,15,25.216616497954547,25.160939161363636,25.272293834545454,0.029160022735595703
MMD_dinov2_vitb14_l5_gmedian,dinov2_vitb14,blocks.4,median,16,25.91158886977273,25.739496508636364,26.08368123090909,0.09886646270751953
MMD_dinov2_vitb14_l5_gmedian,dinov2_vitb14,blocks.4,median,17,26.280579614772726,26.26193154681818,26.29922768272727,0.02239835262298584
MMD_dinov2_vitb14_l5_gmedian,dinov2_vitb14,blocks.4,median,18,26.72500679659091,26.647243233181822,26.80277036,-0.00847327709197998
MMD_dinov2_vitb14_l5_gmedian,dinov2_vitb14,blocks.4,median,19,27.71722202681818,27.710613355454544,27.723830698181818,0.0781170129776001
MMD_dinov2_vitb14_l5_gmedian,dinov2_vitb14,blocks.4,median,20,27.975271444090907,27.94224735681818,28.008295531363636,0.0093916654586792
MMD_dinov2_vitb14_l5_gmedian,dinov2_vitb14,blocks.4,median,21,28.51916109681818,28.427649107272728,28.610673086363636,0.13406658172607422
MMD_dinov2_vitb14_l5_gmedian,dinov2_vitb14,blocks.4,median,22,28.868573707954546,28.864666542727274,28.872480873181818,0.06555640697479248
MMD_dinov2_vitb14_l5_gmedian,dinov2_vitb14,blocks.4,median,23,30.406674175227273,29.867093540909092,30.946254809545454,0.018493831157684326
MMD_dinov2_vitb14_l5_gmedian,dinov2_vitb14,blocks.4,median,24,31.433125444318183,31.113843444545456,31.75240744409091,0.06873929500579834
MMD_dinov2_vitb14_l5_gmedian,dinov2_vitb14,blocks.4,median,25,32.032868589772725,31.962474827272725,32.10326235227273,0.057657599449157715
MMD_dinov2_vitb14_l5_gmedian,dinov2_vitb14,blocks.4,median,26,32.93285143340909,32.57260997909091,33.29309288772727,0.07048511505126953
MMD_dinov2_vitb14_l5_gmedian,dinov2_vitb14,blocks.4,median,27,33.789990362272725,33.63066458409091,33.94931614045454,0.04185783863067627
MMD_dinov2_vitb14_l5_gmedian,dinov2_vitb14,blocks.4,median,28,34.63530097772727,34.254768114545456,35.01583384090909,0.019565701484680176
MMD_dinov2_vitb14_l5_gmedian,dinov2_vitb14,blocks.4,median,29,36.06108401,35.61844186090909,36.50372615909091,0.06750321388244629
MMD_dinov2_vitb14_l5_gmedian,dinov2_vitb14,blocks.4,median,30,36.965541977954544,36.74721518909091,37.183868766818186,0.016680479049682617
MMD_dinov2_vitb14_l5_gmedian,dinov2_vitb14,blocks.4,median,31,37.74808161840909,37.586910895,37.90925234181818,0.09328413009643555
MMD_dinov2_vitb14_l5_gmedian,dinov2_vitb14,blocks.4,median,32,39.16038785159091,39.159607152727276,39.16116855045455,0.016753435134887695
MMD_dinov2_vitb14_l5_gmedian,dinov2_vitb14,blocks.4,median,33,39.614707512045456,39.50363207727273,39.72578294681818,0.05336475372314453
MMD_dinov2_vitb14_l5_gmedian,dinov2_vitb14,blocks.4,median,34,40.30910911386364,40.10658689318182,40.511631334545456,0.08381223678588867
MMD_dinov2_vitb14_l5_gmedian,dinov2_vitb14,blocks.4,median,35,41.33801180045454,41.22542756590909,41.450596035,0.09120845794677734
MMD_dinov2_vitb14_l5_gmedian,dinov2_vitb14,blocks.4,median,36,41.67410449772727,41.606778884545456,41.74143011090909,0.0424652099609375
MMD_dinov2_vitb14_l5_gmedian,dinov2_vitb14,blocks.4,median,37,42.3132160775,42.27668356454546,42.349748590454546,0.022663116455078125
MMD_dinov2_vitb14_l5_gmedian,dinov2_vitb14,blocks.4,median,38,42.96702508590909,42.93479045136364,42.999259720454546,-0.004037141799926758
MMD_dinov2_vitb14_l5_gmedian,dinov2_vitb14,blocks.4,median,39,43.49911773840908,43.14833512181818,43.849900354999995,0.008391022682189941
MMD_dinov2_vitb14_l5_gmedian,dinov2_vitb14,blocks.4,median,40,44.46355809863637,44.24228326,44.68483293727273,0.07034087181091309
MMD_dinov2_vitb14_l5_gmedian,dinov2_vitb14,blocks.4,median,41,45.02958462840909,45.014271393181815,45.044897863636365,0.006263852119445801
MMD_dinov2_vitb14_l5_gmedian,dinov2_vitb14,blocks.4,median,42,45.29330946295454,45.242849799999995,45.34376912590909,-0.00446009635925293
MMD_dinov2_vitb14_l5_gmedian,dinov2_vitb14,blocks.4,median,43,45.6633877325,45.44974382363636,45.87703164136364,0.0095367431640625
MMD_dinov2_vitb14_l5_gmedian,dinov2_vitb14,blocks.4,median,44,46.19913604068182,46.05975058136364,46.3385215,0.17772507667541504
MMD_dinov2_vitb14_l5_gmedian,dinov2_vitb14,blocks.4,median,45,46.506415069545454,46.461104443636366,46.55172569545454,0.024135231971740723
MMD_dinov2_vitb14_l5_gmedian,dinov2_vitb14,blocks.4,median,46,46.7814371125,46.63784059272727,46.92503363227272,0.05449569225311279
MMD_dinov2_vitb14_l5_gmedian,dinov2_vitb14,blocks.4,median,47,47.02157502772727,46.98420985,47.05894020545455,0.03231048583984375
MMD_dinov2_vitb14_l5_gmedian,dinov2_vitb14,blocks.4,median,48,47.320069640227274,47.18393024863636,47.45620903181818,0.015248775482177734
MMD_dinov2_vitb14_l5_gmedian,dinov2_vitb14,blocks.4,median,49,47.63274792386363,47.57944400681818,47.68605184090909,0.06969666481018066
MMD_dinov2_vitb14_l5_gmedian,dinov2_vitb14,blocks.4,median,50,47.92564833181818,47.85413733318182,47.997159330454544,-0.01746654510498047
MMD_dinov2_vitb14_l5_gmedian,dinov2_vitb14,blocks.4,median,51,48.86026302159091,48.745656067727275,48.974869975454546,0.004006147384643555
MMD_dinov2_vitb14_l5_gmedian,dinov2_vitb14,blocks.4,median,52,49.38568588545454,49.269933079999994,49.50143869090909,0.05992269515991211
MMD_dinov2_vitb14_l5_gmedian,dinov2_vitb14,blocks.4,median,53,50.13577139295455,50.02686477227273,50.24467801363637,0.13031578063964844
MMD_dinov2_vitb14_l5_gmedian,dinov2_vitb14,blocks.4,median,54,50.27686834954545,50.26601576545454,50.287720933636365,0.009058594703674316
MMD_dinov2_vitb14_l5_gmedian,dinov2_vitb14,blocks.4,median,55,50.41855757477272,50.397065763181814,50.44004938636363,0.04016768932342529
MMD_dinov2_vitb14_l5_gmedian,dinov2_vitb14,blocks.4,median,56,50.63730162727273,50.53053583909091,50.744067415454545,0.03562164306640625
MMD_dinov2_vitb14_l5_gmedian,dinov2_vitb14,blocks.4,median,57,50.914955580454546,50.877768575909094,50.952142585000004,0.016777992248535156
MMD_dinov2_vitb14_l5_gmedian,dinov2_vitb14,blocks.4,median,58,51.36304193090909,51.255980857727266,51.47010300409091,0.059931039810180664
MMD_dinov2_vitb14_l5_gmedian,dinov2_vitb14,blocks.4,median,59,51.4886901025,51.48649149727273,51.49088870772727,0.04906463623046875
MMD_dinov2_vitb14_l5_gmedian,dinov2_vitb14,blocks.4,median,60,51.729285431363635,51.669473619090915,51.78909724363636,0.012798547744750977
MMD_dinov2_vitb14_l5_gmedian,dinov2_vitb14,blocks.4,median,61,51.86503114863636,51.85205774272727,51.87800455454545,0.0025249719619750977
MMD_dinov2_vitb14_l5_gmedian,dinov2_vitb14,blocks.4,median,62,51.962966427272725,51.92553946363636,52.00039339090909,0.045384883880615234
MMD_dinov2_vitb14_l5_gmedian,dinov2_vitb14,blocks.4,median,63,52.2140292,52.126720309090906,52.30133809090909,0.04598128795623779
MMD_dinov2_vitb14_l5_gmedian,dinov2_vitb14,blocks.4,median,64,52.88865584113637,52.82782977227273,52.94948191,-0.02368605136871338
MMD_dinov2_vitb14_l5_gmedian,dinov2_vitb14,blocks.4,median,65,53.00029708795454,52.977303153181815,53.02329102272727,0.0648120641708374
MMD_dinov2_vitb14_l5_gmedian,dinov2_vitb14,blocks.4,median,66,53.13382443863637,53.11169118954546,53.15595768772727,0.04566609859466553
MMD_dinov2_vitb14_l5_gmedian,dinov2_vitb14,blocks.4,median,67,53.46701290090908,53.19575964181818,53.738266159999995,-0.0026721954345703125
MMD_dinov2_vitb14_l5_gmedian,dinov2_vitb14,blocks.4,median,68,54.39349470159091,54.35688324090909,54.43010616227273,0.08136582374572754
MMD_dinov2_vitb14_l5_gmedian,dinov2_vitb14,blocks.4,median,69,54.57660740431818,54.51598353272727,54.63723127590909,0.028123855590820312
MMD_dinov2_vitb14_l5_gmedian,dinov2_vitb14,blocks.4,median,70,54.70462107522727,54.68535675181818,54.72388539863636,0.006512165069580078
MMD_dinov2_vitb14_l5_gmedian,dinov2_vitb14,blocks.4,median,71,55.25811377272728,55.23867115454546,55.2775563909091,0.018772125244140625
MMD_dinov2_vitb14_l5_gmedian,dinov2_vitb14,blocks.4,median,72,55.751711513636366,55.699695931818184,55.80372709545455,0.034039974212646484
MMD_dinov2_vitb14_l5_gmedian,dinov2_vitb14,blocks.4,median,73,56.03063692863636,55.82518654818182,56.236087309090905,0.0803985595703125
MMD_dinov2_vitb14_l5_gmedian,dinov2_vitb14,blocks.4,median,74,56.343688662272726,56.34353036818182,56.343846956363635,0.04484736919403076
MMD_dinov2_vitb14_l5_gmedian,dinov2_vitb14,blocks.4,median,75,56.42361637045454,56.418747340909086,56.4284854,0.00397336483001709
MMD_dinov2_vitb14_l5_gmedian,dinov2_vitb14,blocks.4,median,76,56.583800352272725,56.43083487727272,56.73676582727273,0.030033469200134277
MMD_dinov2_vitb14_l5_gmedian,dinov2_vitb14,blocks.4,median,77,56.82032182704545,56.80215198181818,56.838491672272724,-0.006469368934631348
MMD_dinov2_vitb14_l5_gmedian,dinov2_vitb14,blocks.4,median,78,56.88140215909091,56.87784920000001,56.88495511818182,0.044887423515319824
MMD_dinov2_vitb14_l5_gmedian,dinov2_vitb14,blocks.4,median,79,56.954357993181816,56.89427865,57.014437336363635,0.11752009391784668
MMD_dinov2_vitb14_l5_gmedian,dinov2_vitb14,blocks.4,median,80,57.03816157659091,57.01605029863636,57.06027285454545,0.022798776626586914
MMD_dinov2_vitb14_l5_gmedian,dinov2_vitb14,blocks.4,median,81,57.12540627659091,57.08577673045454,57.165035822727276,0.04708075523376465
MMD_dinov2_vitb14_l5_gmedian,dinov2_vitb14,blocks.4,median,82,57.42789008590909,57.30280682363637,57.552973348181816,0.04069173336029053
MMD_dinov2_vitb14_l5_gmedian,dinov2_vitb14,blocks.4,median,83,57.83153066113636,57.715692645,57.94736867727273,0.02912592887878418
MMD_dinov2_vitb14_l5_gmedian,dinov2_vitb14,blocks.4,median,84,58.08143253113636,58.01582408181818,58.14704098045454,0.06683647632598877
MMD_dinov2_vitb14_l5_gmedian,dinov2_vitb14,blocks.4,median,85,58.444803400909095,58.40466673181818,58.48494007,0.027014851570129395
MMD_dinov2_vitb14_l5_gmedian,dinov2_vitb14,blocks.4,median,86,58.91778003409091,58.90741873181818,58.92814133636364,0.10205745697021484
MMD_dinov2_vitb14_l5_gmedian,dinov2_vitb14,blocks.4,median,87,59.020174833863635,58.959711454090915,59.080638213636355,0.03030240535736084
MMD_dinov2_vitb14_l5_gmedian,dinov2_vitb14,blocks.4,median,88,59.15856208795455,59.15176404636364,59.165360129545455,0.09464561939239502
MMD_dinov2_vitb14_l5_gmedian,dinov2_vitb14,blocks.4,median,89,59.43633789068181,59.343238913181814,59.52943686818182,0.015890836715698242
MMD_dinov2_vitb14_l5_gmedian,dinov2_vitb14,blocks.4,median,90,59.57651304136364,59.53394987363636,59.61907620909091,0.003445744514465332
MMD_dinov2_vitb14_l5_gmedian,dinov2_vitb14,blocks.4,median,91,59.72755915772727,59.64024705,59.81487126545455,0.017479896545410156
MMD_dinov2_vitb14_l5_gmedian,dinov2_vitb14,blocks.4,median,92,59.821970187727274,59.821444613636366,59.82249576181818,0.05134022235870361
MMD_dinov2_vitb14_l5_gmedian,dinov2_vitb14,blocks.4,median,93,60.40047505386364,60.13491826227273,60.66603184545455,0.057386040687561035
MMD_dinov2_vitb14_l5_gmedian,dinov2_vitb14,blocks.4,median,94,60.95223787159091,60.91525143409091,60.98922430909091,0.024636030197143555
MMD_dinov2_vitb14_l5_gmedian,dinov2_vitb14,blocks.4,median,95,61.20584357204545,61.15445065909091,61.257236485,0.06654143333435059
MMD_dinov2_vitb14_l5_gmedian,dinov2_vitb14,blocks.4,median,96,61.39982516295454,61.38288141818182,61.41676890772727,0.02624499797821045
MMD_dinov2_vitb14_l5_gmedian,dinov2_vitb14,blocks.4,median,97,61.504183716363634,61.450913154545454,61.557454278181815,0.0029479265213012695
MMD_dinov2_vitb14_l5_gmedian,dinov2_vitb14,blocks.4,median,98,61.63614204454545,61.612018317727276,61.66026577136363,-0.000992894172668457
MMD_dinov2_vitb14_l5_gmedian,dinov2_vitb14,blocks.4,median,99,61.79374868181819,61.784896459090916,61.80260090454545,0.007142901420593262
MMD_dinov2_vitb14_l5_gmedian,dinov2_vitb14,blocks.4,median,100,62.09325376181818,62.04634134636364,62.140166177272725,0.03883349895477295
MMD_dinov2_vitb14_l5_gmedian,dinov2_vitb14,blocks.4,median,101,62.39542943,62.30800517363637,62.48285368636363,0.08240699768066406
MMD_dinov2_vitb14_l5_gmedian,dinov2_vitb14,blocks.4,median,102,62.508076675,62.50087945,62.515273900000004,0.05328869819641113
MMD_dinov2_vitb14_l5_gmedian,dinov2_vitb14,blocks.4,median,103,62.594979955227274,62.56153540454545,62.62842450590909,-0.005038142204284668
MMD_dinov2_vitb14_l5_gmedian,dinov2_vitb14,blocks.4,median,104,62.72680667931818,62.64787497272727,62.80573838590909,0.006753325462341309
MMD_dinov2_vitb14_l5_gmedian,dinov2_vitb14,blocks.4,median,105,62.93240722272727,62.831736559090906,63.033077886363635,0.05140101909637451
MMD_dinov2_vitb14_l5_gmedian,dinov2_vitb14,blocks.4,median,106,63.30071634545454,63.2958711590909,63.30556153181818,0.03682047128677368
MMD_dinov2_vitb14_l5_gmedian,dinov2_vitb14,blocks.4,median,107,63.483996286363634,63.451246159090914,63.51674641363636,0.08511662483215332
MMD_dinov2_vitb14_l5_gmedian,dinov2_vitb14,blocks.4,median,108,63.56579307022727,63.52993807136364,63.601648069090906,0.05882000923156738
MMD_dinov2_vitb14_l5_gmedian,dinov2_vitb14,blocks.4,median,109,63.64186040840909,63.632569839545454,63.65115097727273,0.29488974809646606
MMD_dinov2_vitb14_l5_gmedian,dinov2_vitb14,blocks.4,median,110,63.804872122727275,63.71100458181818,63.89873966363636,0.0685431957244873
MMD_dinov2_vitb14_l5_gmedian,dinov2_vitb14,blocks.4,median,111,63.942615578181815,63.92419218818182,63.96103896818182,0.03022456169128418
MMD_dinov2_vitb14_l5_gmedian,dinov2_vitb14,blocks.4,median,112,64.00932814772727,63.99746849090909,64.02118780454545,0.06289994716644287
MMD_dinov2_vitb14_l5_gmedian,dinov2_vitb14,blocks.4,median,113,64.06637004090909,64.02835174090909,64.1043883409091,0.02459859848022461
MMD_dinov2_vitb14_l5_gmedian,dinov2_vitb14,blocks.4,median,114,64.197639875,64.15682117727273,64.23845857272727,0.00011873245239257812
MMD_dinov2_vitb14_l5_gmedian,dinov2_vitb14,blocks.4,median,115,64.29020846409091,64.25370258636363,64.32671434181817,0.01824164390563965
MMD_dinov2_vitb14_l5_gmedian,dinov2_vitb14,blocks.4,median,116,64.48653965909091,64.40631527727272,64.56676404090909,0.08400654792785645
MMD_dinov2_vitb14_l5_gmedian,dinov2_vitb14,blocks.4,median,117,64.76922604204546,64.70266141363636,64.83579067045456,0.01997554302215576
MMD_dinov2_vitb14_l5_gmedian,dinov2_vitb14,blocks.4,median,118,64.89852501704544,64.88276691590909,64.91428311818181,0.06881272792816162
MMD_dinov2_vitb14_l5_gmedian,dinov2_vitb14,blocks.4,median,119,65.05579888840909,64.99876317727272,65.11283459954545,0.021862149238586426
MMD_dinov2_vitb14_l5_gmedian,dinov2_vitb14,blocks.4,median,120,65.1427998815909,65.12859398045454,65.15700578272727,0.04574751853942871
MMD_dinov2_vitb14_l5_gmedian,dinov2_vitb14,blocks.4,median,121,65.38211495681819,65.26560826818182,65.49862164545455,0.01670515537261963
MMD_dinov2_vitb14_l5_gmedian,dinov2_vitb14,blocks.4,median,122,65.6644128984091,65.58085287863636,65.74797291818182,0.01375436782836914
MMD_dinov2_vitb14_l5_gmedian,dinov2_vitb14,blocks.4,median,123,65.78481615227273,65.77319434545456,65.79643795909091,0.03960764408111572
MMD_dinov2_vitb14_l5_gmedian,dinov2_vitb14,blocks.4,median,124,65.98128235454546,65.90152255454545,66.06104215454546,0.010916471481323242
MMD_dinov2_vitb14_l5_gmedian,dinov2_vitb14,blocks.4,median,125,66.380175075,66.34667021363636,66.41367993636364,0.08386290073394775
MMD_dinov2_vitb14_l5_gmedian,dinov2_vitb14,blocks.4,median,126,66.53513308522727,66.49486482500001,66.57540134545455,0.007915973663330078
MMD_dinov2_vitb14_l5_gmedian,dinov2_vitb14,blocks.4,median,127,66.67200952022728,66.64770191772728,66.69631712272727,0.03207576274871826
MMD_dinov2_vitb14_l5_gmedian,dinov2_vitb14,blocks.4,median,128,66.77277958181818,66.69915260454546,66.84640655909091,0.015633225440979004
MMD_dinov2_vitb14_l5_gmedian,dinov2_vitb14,blocks.4,median,129,67.04070426136363,66.92138232272727,67.1600262,0.06595718860626221
MMD_dinov2_vitb14_l5_gmedian,dinov2_vitb14,blocks.4,median,130,67.28861000386364,67.24224864545455,67.33497136227273,0.05582535266876221
MMD_dinov2_vitb14_l5_gmedian,dinov2_vitb14,blocks.4,median,131,67.57832059454546,67.50431248636363,67.65232870272727,0.07453620433807373
MMD_dinov2_vitb14_l5_gmedian,dinov2_vitb14,blocks.4,median,132,67.81369166136363,67.78208407272727,67.84529925,0.10339474678039551
MMD_dinov2_vitb14_l5_gmedian,dinov2_vitb14,blocks.4,median,133,67.93897957499999,67.89158320909091,67.98637594090908,0.024926424026489258
MMD_dinov2_vitb14_l5_gmedian,dinov2_vitb14,blocks.4,median,134,68.10606402954545,68.0851692090909,68.12695885,0.02319931983947754
MMD_dinov2_vitb14_l5_gmedian,dinov2_vitb14,blocks.4,median,135,68.23297037272727,68.2302839,68.23565684545454,0.010252714157104492
MMD_dinov2_vitb14_l5_gmedian,dinov2_vitb14,blocks.4,median,136,68.26855261863636,68.26595938409092,68.27114585318182,0.0608295202255249
MMD_dinov2_vitb14_l5_gmedian,dinov2_vitb14,blocks.4,median,137,68.35431695,68.32032611363637,68.38830778636363,0.006857633590698242
MMD_dinov2_vitb14_l5_gmedian,dinov2_vitb14,blocks.4,median,138,68.43904966136364,68.41746199090909,68.46063733181818,0.0005744695663452148
MMD_dinov2_vitb14_l5_gmedian,dinov2_vitb14,blocks.4,median,139,68.46939314545455,68.46664887727273,68.47213741363636,0.006028890609741211
MMD_dinov2_vitb14_l5_gmedian,dinov2_vitb14,blocks.4,median,140,68.98970947477272,68.93374281227273,69.04567613727274,0.0018750429153442383
MMD_dinov2_vitb14_l5_gmedian,dinov2_vitb14,blocks.4,median,141,69.07596895681817,69.05974111818182,69.09219679545454,0.04610025882720947
MMD_dinov2_vitb14_l5_gmedian,dinov2_vitb14,blocks.4,median,142,69.09902052045456,69.09712682727273,69.10091421363637,0.022447586059570312
MMD_dinov2_vitb14_l5_gmedian,dinov2_vitb14,blocks.4,median,143,69.11422755681818,69.10780212727273,69.12065298636364,0.10675549507141113
MMD_dinov2_vitb14_l5_gmedian,dinov2_vitb14,blocks.4,median,144,69.20713757499999,69.18059698636364,69.23367816363636,0.09444785118103027
MMD_dinov2_vitb14_l5_gmedian,dinov2_vitb14,blocks.4,median,145,69.31117297909091,69.2644266,69.35791935818182,-0.0033196210861206055
MMD_dinov2_vitb14_l5_gmedian,dinov2_vitb14,blocks.4,median,146,69.711816475,69.61843814545455,69.80519480454545,0.02490687370300293
MMD_dinov2_vitb14_l5_gmedian,dinov2_vitb14,blocks.4,median,147,69.87131680454546,69.8553488,69.88728480909091,0.01618170738220215
MMD_dinov2_vitb14_l5_gmedian,dinov2_vitb14,blocks.4,median,148,70.01484913522728,69.97248817863637,70.05721009181819,0.009876847267150879
MMD_dinov2_vitb14_l5_gmedian,dinov2_vitb14,blocks.4,median,149,70.15358302272728,70.14929492727272,70.15787111818182,0.1054006814956665
MMD_dinov2_vitb14_l5_gmedian,dinov2_vitb14,blocks.4,median,150,70.18329474545455,70.16147875909091,70.20511073181818,0.024385452270507812
MMD_dinov2_vitb14_l5_gmedian,dinov2_vitb14,blocks.4,median,151,70.35018690227272,70.32331571818182,70.37705808636363,0.0029641389846801758
MMD_dinov2_vitb14_l5_gmedian,dinov2_vitb14,blocks.4,median,152,70.45040821409091,70.399005675,70.50181075318181,0.032358646392822266
MMD_dinov2_vitb14_l5_gmedian,dinov2_vitb14,blocks.4,median,153,70.6769625340909,70.6102672090909,70.7436578590909,0.12050414085388184
MMD_dinov2_vitb14_l5_gmedian,dinov2_vitb14,blocks.4,median,154,70.83329053636363,70.83137117272727,70.8352099,0.0018323659896850586
MMD_dinov2_vitb14_l5_gmedian,dinov2_vitb14,blocks.4,median,155,70.85428704318181,70.84563281363636,70.86294127272727,0.042511820793151855
MMD_dinov2_vitb14_l5_gmedian,dinov2_vitb14,blocks.4,median,156,70.91317588613636,70.88488886772727,70.94146290454545,0.08092701435089111
MMD_dinov2_vitb14_l5_gmedian,dinov2_vitb14,blocks.4,median,157,71.04800647272728,71.03486937272727,71.06114357272727,0.03373301029205322
MMD_dinov2_vitb14_l5_gmedian,dinov2_vitb14,blocks.4,median,158,71.17275272272727,71.16676672727273,71.17873871818182,0.03377532958984375
MMD_dinov2_vitb14_l5_gmedian,dinov2_vitb14,blocks.4,median,159,71.23105279704546,71.2066498259091,71.25545576818182,0.0018862485885620117
MMD_dinov2_vitb14_l5_gmedian,dinov2_vitb14,blocks.4,median,160,71.34023223636365,71.3174982909091,71.36296618181818,0.030772924423217773
MMD_dinov2_vitb14_l5_gmedian,dinov2_vitb14,blocks.4,median,161,71.59614402954546,71.46931471818182,71.72297334090909,0.009645581245422363
MMD_dinov2_vitb14_l5_gmedian,dinov2_vitb14,blocks.4,median,162,71.953188675,71.90808025909091,71.99829709090909,0.01771068572998047
MMD_dinov2_vitb14_l5_gmedian,dinov2_vitb14,blocks.4,median,163,72.12556611863636,72.09644175681818,72.15469048045455,0.11741399765014648
MMD_dinov2_vitb14_l5_gmedian,dinov2_vitb14,blocks.4,median,164,72.20636263409091,72.16259906363636,72.25012620454545,0.0036612749099731445
MMD_dinov2_vitb14_l5_gmedian,dinov2_vitb14,blocks.4,median,165,72.341453075,72.32991709090909,72.3529890590909,0.019547104835510254
MMD_dinov2_vitb14_l5_gmedian,dinov2_vitb14,blocks.4,median,166,72.4059290209091,72.35690482818183,72.45495321363636,0.0640866756439209
MMD_dinov2_vitb14_l5_gmedian,dinov2_vitb14,blocks.4,median,167,72.62915620454547,72.62635492727273,72.63195748181819,0.08578157424926758
MMD_dinov2_vitb14_l5_gmedian,dinov2_vitb14,blocks.4,median,168,72.868061955,72.83995069636363,72.89617321363636,0.013399839401245117
MMD_dinov2_vitb14_l5_gmedian,dinov2_vitb14,blocks.4,median,169,73.07651165045455,73.03390340545455,73.11911989545455,0.08343195915222168
MMD_dinov2_vitb14_l5_gmedian,dinov2_vitb14,blocks.4,median,170,73.23652217727272,73.13833258181818,73.33471177272727,0.025407075881958008
MMD_dinov2_vitb14_l5_gmedian,dinov2_vitb14,blocks.4,median,171,73.3691810784091,73.33981687045456,73.39854528636364,0.008283853530883789
MMD_dinov2_vitb14_l5_gmedian,dinov2_vitb14,blocks.4,median,172,73.426412225,73.41015931818183,73.44266513181819,0.007138490676879883
MMD_dinov2_vitb14_l5_gmedian,dinov2_vitb14,blocks.4,median,173,73.45744235795453,73.44619574090909,73.46868897499999,0.038472533226013184
MMD_dinov2_vitb14_l5_gmedian,dinov2_vitb14,blocks.4,median,174,73.52042231590909,73.50964273636363,73.53120189545454,0.013136088848114014
MMD_dinov2_vitb14_l5_gmedian,dinov2_vitb14,blocks.4,median,175,73.70395308409091,73.63946159545455,73.76844457272728,-0.001092672348022461
MMD_dinov2_vitb14_l5_gmedian,dinov2_vitb14,blocks.4,median,176,73.85347222136363,73.80118299272728,73.90576145,0.13966041803359985
MMD_dinov2_vitb14_l5_gmedian,dinov2_vitb14,blocks.4,median,177,73.98737165409091,73.96756481363637,74.00717849454546,0.03051626682281494
MMD_dinov2_vitb14_l5_gmedian,dinov2_vitb14,blocks.4,median,178,74.03115760909091,74.01135728181818,74.05095793636363,0.0814208984375
MMD_dinov2_vitb14_l5_gmedian,dinov2_vitb14,blocks.4,median,179,74.12857689772727,74.05302495909092,74.20412883636364,0.03230631351470947
MMD_dinov2_vitb14_l5_gmedian,dinov2_vitb14,blocks.4,median,180,74.35693384772728,74.32802774090909,74.38583995454546,0.0025206804275512695
MMD_dinov2_vitb14_l5_gmedian,dinov2_vitb14,blocks.4,median,181,74.49502861590909,74.46433656818182,74.52572066363636,0.01338052749633789
MMD_dinov2_vitb14_l5_gmedian,dinov2_vitb14,blocks.4,median,182,74.88092521136363,74.86437946363637,74.89747095909091,0.07892870903015137
MMD_dinov2_vitb14_l5_gmedian,dinov2_vitb14,blocks.4,median,183,74.96431832045454,74.9084351090909,75.02020153181819,-0.005141019821166992
MMD_dinov2_vitb14_l5_gmedian,dinov2_vitb14,blocks.4,median,184,75.04762157954545,75.04613550454546,75.04910765454545,0.026581287384033203
MMD_dinov2_vitb14_l5_gmedian,dinov2_vitb14,blocks.4,median,185,75.09576952954546,75.04911406363637,75.14242499545455,-0.0181807279586792
MMD_dinov2_vitb14_l5_gmedian,dinov2_vitb14,blocks.4,median,186,75.18233699545453,75.14524949545454,75.21942449545455,0.044473886489868164
MMD_dinov2_vitb14_l5_gmedian,dinov2_vitb14,blocks.4,median,187,75.27024816863636,75.2494860690909,75.29101026818182,0.042482972145080566
MMD_dinov2_vitb14_l5_gmedian,dinov2_vitb14,blocks.4,median,188,75.32758327272727,75.30463428181818,75.35053226363635,0.023949861526489258
MMD_dinov2_vitb14_l5_gmedian,dinov2_vitb14,blocks.4,median,189,75.41747211250001,75.358434425,75.4765098,0.08493947982788086
MMD_dinov2_vitb14_l5_gmedian,dinov2_vitb14,blocks.4,median,190,75.51253231590908,75.48288537727272,75.54217925454545,0.04846036434173584
MMD_dinov2_vitb14_l5_gmedian,dinov2_vitb14,blocks.4,median,191,75.6663297,75.65154605454546,75.68111334545455,0.05484724044799805
MMD_dinov2_vitb14_l5_gmedian,dinov2_vitb14,blocks.4,median,192,75.77599059545454,75.77031593636364,75.78166525454546,0.01971566677093506
MMD_dinov2_vitb14_l5_gmedian,dinov2_vitb14,blocks.4,median,193,75.81841251795454,75.79512009954546,75.84170493636363,0.02866828441619873
MMD_dinov2_vitb14_l5_gmedian,dinov2_vitb14,blocks.4,median,194,75.93210186136363,75.84312428636363,76.02107943636364,0.03493523597717285
MMD_dinov2_vitb14_l5_gmedian,dinov2_vitb14,blocks.4,median,195,76.11776692272727,76.07231828181818,76.16321556363636,0.0520634651184082
MMD_dinov2_vitb14_l5_gmedian,dinov2_vitb14,blocks.4,median,196,76.23163166,76.19598609272727,76.26727722727273,0.03221487998962402
MMD_dinov2_vitb14_l5_gmedian,dinov2_vitb14,blocks.4,median,197,76.28963145,76.28929185454545,76.28997104545455,-0.002917170524597168
MMD_dinov2_vitb14_l5_gmedian,dinov2_vitb14,blocks.4,median,198,76.33895351590908,76.32376224090909,76.35414479090909,0.020503878593444824
MMD_dinov2_vitb14_l5_gmedian,dinov2_vitb14,blocks.4,median,199,76.42131312727273,76.39021483181818,76.45241142272727,-0.009092092514038086
MMD_dinov2_vitb14_l5_gmedian,dinov2_vitb14,blocks.4,median,200,76.53077822886364,76.51437691681818,76.5471795409091,0.03275001049041748
MMD_dinov2_vitb14_l5_gmedian,dinov2_vitb14,blocks.4,median,201,76.61798762954547,76.59774437272728,76.63823088636364,0.06898021697998047
MMD_dinov2_vitb14_l5_gmedian,dinov2_vitb14,blocks.4,median,202,76.65972911636364,76.64452179545455,76.67493643727272,0.0006848573684692383
MMD_dinov2_vitb14_l5_gmedian,dinov2_vitb14,blocks.4,median,203,76.74399205681817,76.67586082272727,76.81212329090908,0.011145591735839844
MMD_dinov2_vitb14_l5_gmedian,dinov2_vitb14,blocks.4,median,204,76.9110158,76.90558185454546,76.91644974545454,0.026025891304016113
MMD_dinov2_vitb14_l5_gmedian,dinov2_vitb14,blocks.4,median,205,77.04938380386363,76.98329391227273,77.11547369545454,0.0708075761795044
MMD_dinov2_vitb14_l5_gmedian,dinov2_vitb14,blocks.4,median,206,77.15743344090909,77.14402031818182,77.17084656363636,0.04639148712158203
MMD_dinov2_vitb14_l5_gmedian,dinov2_vitb14,blocks.4,median,207,77.30214769545455,77.25877326818183,77.34552212272727,0.008560419082641602
MMD_dinov2_vitb14_l5_gmedian,dinov2_vitb14,blocks.4,median,208,77.5903121975,77.52582683636363,77.65479755863636,-0.005943894386291504
MMD_dinov2_vitb14_l5_gmedian,dinov2_vitb14,blocks.4,median,209,77.71230485227272,77.69959142727272,77.72501827727272,0.03391623497009277
MMD_dinov2_vitb14_l5_gmedian,dinov2_vitb14,blocks.4,median,210,77.90452434545455,77.83570625,77.9733424409091,0.092171311378479
MMD_dinov2_vitb14_l5_gmedian,dinov2_vitb14,blocks.4,median,211,78.13042912045455,78.0566007590909,78.20425748181819,0.042572736740112305
MMD_dinov2_vitb14_l5_gmedian,dinov2_vitb14,blocks.4,median,212,78.24727043863636,78.23482706363636,78.25971381363637,-0.006629824638366699
MMD_dinov2_vitb14_l5_gmedian,dinov2_vitb14,blocks.4,median,213,78.38345864545454,78.3483194,78.4185978909091,0.02078413963317871
MMD_dinov2_vitb14_l5_gmedian,dinov2_vitb14,blocks.4,median,214,78.54078605227272,78.53980069090909,78.54177141363635,0.006143331527709961
MMD_dinov2_vitb14_l5_gmedian,dinov2_vitb14,blocks.4,median,215,78.58008820545454,78.57485005,78.5853263609091,0.018277764320373535
MMD_dinov2_vitb14_l5_gmedian,dinov2_vitb14,blocks.4,median,216,78.62433498636364,78.61859467727272,78.63007529545455,-0.013666987419128418
MMD_dinov2_vitb14_l5_gmedian,dinov2_vitb14,blocks.4,median,217,79.04517957499999,78.86957993181818,79.22077921818182,0.051470279693603516
MMD_dinov2_vitb14_l5_gmedian,dinov2_vitb14,blocks.4,median,218,79.26989939772727,79.25695136818182,79.28284742727273,0.05623161792755127
MMD_dinov2_vitb14_l5_gmedian,dinov2_vitb14,blocks.4,median,219,79.41755696590909,79.36729972727272,79.46781420454546,0.0189056396484375
MMD_dinov2_vitb14_l5_gmedian,dinov2_vitb14,blocks.4,median,220,79.5698799834091,79.51125251363636,79.62850745318183,0.09099304676055908
MMD_dinov2_vitb14_l5_gmedian,dinov2_vitb14,blocks.4,median,221,79.70322166818181,79.6499864090909,79.75645692727272,-0.01316821575164795
MMD_dinov2_vitb14_l5_gmedian,dinov2_vitb14,blocks.4,median,222,79.93145022954545,79.91532173636364,79.94757872272727,0.050240397453308105
MMD_dinov2_vitb14_l5_gmedian,dinov2_vitb14,blocks.4,median,223,80.08039142727273,80.02392345454545,80.13685939999999,-0.02206254005432129
MMD_dinov2_vitb14_l5_gmedian,dinov2_vitb14,blocks.4,median,224,80.3456105840909,80.28660759545454,80.40461357272727,0.041106462478637695
MMD_dinov2_vitb14_l5_gmedian,dinov2_vitb14,blocks.4,median,225,80.50383668863637,80.43965011363636,80.56802326363636,0.0817069411277771
MMD_dinov2_vitb14_l5_gmedian,dinov2_vitb14,blocks.4,median,226,80.76717882045455,80.69563893636364,80.83871870454546,0.006816744804382324
MMD_dinov2_vitb14_l5_gmedian,dinov2_vitb14,blocks.4,median,227,80.93666893636365,80.88731798181819,80.98601989090909,0.027182698249816895
MMD_dinov2_vitb14_l5_gmedian,dinov2_vitb14,blocks.4,median,228,81.24550969772727,81.02786977272727,81.46314962272727,-0.008248686790466309
MMD_dinov2_vitb14_l5_gmedian,dinov2_vitb14,blocks.4,median,229,81.51551185,81.49191450454545,81.53910919545454,0.023861408233642578
MMD_dinov2_vitb14_l5_gmedian,dinov2_vitb14,blocks.4,median,230,81.66181410454547,81.65584415909092,81.66778405000001,0.02754831314086914
MMD_dinov2_vitb14_l5_gmedian,dinov2_vitb14,blocks.4,median,231,82.09491658409091,82.0783984909091,82.11143467727273,0.05049777030944824
MMD_dinov2_vitb14_l5_gmedian,dinov2_vitb14,blocks.4,median,232,82.51240656590909,82.15394328181819,82.87086985,-0.00483250617980957
MMD_dinov2_vitb14_l5_gmedian,dinov2_vitb14,blocks.4,median,233,83.15926654545454,83.04785639090909,83.2706767,0.05122685432434082
MMD_dinov2_vitb14_l5_gmedian,dinov2_vitb14,blocks.4,median,234,83.30087949545455,83.28013232272727,83.32162666818182,0.00818777084350586
MMD_dinov2_vitb14_l5_gmedian,dinov2_vitb14,blocks.4,median,235,83.40563283409091,83.35334443181819,83.45792123636365,-0.006011366844177246
MMD_dinov2_vitb14_l5_gmedian,dinov2_vitb14,blocks.4,median,236,84.40519799318182,84.18152392727274,84.62887205909091,0.0144883394241333
MMD_dinov2_vitb14_l5_gmedian,dinov2_vitb14,blocks.4,median,237,85.11644672954546,85.11071750454545,85.12217595454545,0.0291060209274292
MMD_dinov2_vitb14_l5_gmedian,dinov2_vitb14,blocks.4,median,238,85.67873419522728,85.54109655454546,85.8163718359091,0.06845545768737793
MMD_dinov2_vitb14_l5_gmedian,dinov2_vitb14,blocks.4,median,239,86.04259813636364,86.0069106,86.07828567272726,0.06307041645050049
MMD_dinov2_vitb14_l5_gmedian,dinov2_vitb14,blocks.4,median,240,87.13953110454545,86.46879091363637,87.81027129545454,-0.0011614561080932617
CMMD_CLIP_ViT-L14,CLIP_ViT-L/14,768d,5.00e-03,1,10.810482123636362,10.383351573636363,11.237612673636363,0.09163999557495117
CMMD_CLIP_ViT-L14,CLIP_ViT-L/14,768d,5.00e-03,2,13.363017030454547,12.873956289545454,13.852077771363637,0.22462651133537292
CMMD_CLIP_ViT-L14,CLIP_ViT-L/14,768d,5.00e-03,3,15.27335880590909,14.772021149545454,15.774696462272727,0.018306225538253784
CMMD_CLIP_ViT-L14,CLIP_ViT-L/14,768d,5.00e-03,4,16.414950566818185,16.11136225,16.718538883636366,0.015912532806396484
CMMD_CLIP_ViT-L14,CLIP_ViT-L/14,768d,5.00e-03,5,16.905719235454548,16.83383592,16.977602550909094,0.06110295653343201
CMMD_CLIP_ViT-L14,CLIP_ViT-L/14,768d,5.00e-03,6,17.31410864272727,17.128398308636363,17.49981897681818,0.09534919261932373
CMMD_CLIP_ViT-L14,CLIP_ViT-L/14,768d,5.00e-03,7,18.12177835068182,18.01987185318182,18.22368484818182,0.05268773436546326
CMMD_CLIP_ViT-L14,CLIP_ViT-L/14,768d,5.00e-03,8,18.68467708613636,18.40435578590909,18.964998386363636,0.0582619309425354
CMMD_CLIP_ViT-L14,CLIP_ViT-L/14,768d,5.00e-03,9,20.494847745454546,19.531784013636365,21.457911477272727,0.05791926383972168
CMMD_CLIP_ViT-L14,CLIP_ViT-L/14,768d,5.00e-03,10,22.186448304318183,22.164942098181818,22.207954510454545,0.009879738092422485
CMMD_CLIP_ViT-L14,CLIP_ViT-L/14,768d,5.00e-03,11,22.556182346136364,22.336504287727273,22.775860404545455,0.013599395751953125
CMMD_CLIP_ViT-L14,CLIP_ViT-L/14,768d,5.00e-03,12,23.05503894931818,23.03693973772727,23.073138160909092,0.026304006576538086
CMMD_CLIP_ViT-L14,CLIP_ViT-L/14,768d,5.00e-03,13,23.983741463181822,23.859046570909094,24.108436355454547,0.06894588470458984
CMMD_CLIP_ViT-L14,CLIP_ViT-L/14,768d,5.00e-03,14,24.42152434318182,24.136628927727273,24.706419758636365,0.015870779752731323
CMMD_CLIP_ViT-L14,CLIP_ViT-L/14,768d,5.00e-03,15,25.216616497954547,25.160939161363636,25.272293834545454,0.07493910193443298
CMMD_CLIP_ViT-L14,CLIP_ViT-L/14,768d,5.00e-03,16,25.91158886977273,25.739496508636364,26.08368123090909,0.09216368198394775
CMMD_CLIP_ViT-L14,CLIP_ViT-L/14,768d,5.00e-03,17,26.280579614772726,26.26193154681818,26.29922768272727,0.03672003746032715
CMMD_CLIP_ViT-L14,CLIP_ViT-L/14,768d,5.00e-03,18,26.72500679659091,26.647243233181822,26.80277036,-0.008551746606826782
CMMD_CLIP_ViT-L14,CLIP_ViT-L/14,768d,5.00e-03,19,27.71722202681818,27.710613355454544,27.723830698181818,0.07405164837837219
CMMD_CLIP_ViT-L14,CLIP_ViT-L/14,768d,5.00e-03,20,27.975271444090907,27.94224735681818,28.008295531363636,0.10657086968421936
CMMD_CLIP_ViT-L14,CLIP_ViT-L/14,768d,5.00e-03,21,28.51916109681818,28.427649107272728,28.610673086363636,0.19531190395355225
CMMD_CLIP_ViT-L14,CLIP_ViT-L/14,768d,5.00e-03,22,28.868573707954546,28.864666542727274,28.872480873181818,0.014466285705566406
CMMD_CLIP_ViT-L14,CLIP_ViT-L/14,768d,5.00e-03,23,30.406674175227273,29.867093540909092,30.946254809545454,0.0800006091594696
CMMD_CLIP_ViT-L14,CLIP_ViT-L/14,768d,5.00e-03,24,31.433125444318183,31.113843444545456,31.75240744409091,0.08187663555145264
CMMD_CLIP_ViT-L14,CLIP_ViT-L/14,768d,5.00e-03,25,32.032868589772725,31.962474827272725,32.10326235227273,0.08292561769485474
CMMD_CLIP_ViT-L14,CLIP_ViT-L/14,768d,5.00e-03,26,32.93285143340909,32.57260997909091,33.29309288772727,0.04586052894592285
CMMD_CLIP_ViT-L14,CLIP_ViT-L/14,768d,5.00e-03,27,33.789990362272725,33.63066458409091,33.94931614045454,0.031079232692718506
CMMD_CLIP_ViT-L14,CLIP_ViT-L/14,768d,5.00e-03,28,34.63530097772727,34.254768114545456,35.01583384090909,0.02825617790222168
CMMD_CLIP_ViT-L14,CLIP_ViT-L/14,768d,5.00e-03,29,36.06108401,35.61844186090909,36.50372615909091,0.061235666275024414
CMMD_CLIP_ViT-L14,CLIP_ViT-L/14,768d,5.00e-03,30,36.965541977954544,36.74721518909091,37.183868766818186,0.02344784140586853
CMMD_CLIP_ViT-L14,CLIP_ViT-L/14,768d,5.00e-03,31,37.74808161840909,37.586910895,37.90925234181818,0.03519168496131897
CMMD_CLIP_ViT-L14,CLIP_ViT-L/14,768d,5.00e-03,32,39.16038785159091,39.159607152727276,39.16116855045455,0.024717718362808228
CMMD_CLIP_ViT-L14,CLIP_ViT-L/14,768d,5.00e-03,33,39.614707512045456,39.50363207727273,39.72578294681818,0.029910922050476074
CMMD_CLIP_ViT-L14,CLIP_ViT-L/14,768d,5.00e-03,34,40.30910911386364,40.10658689318182,40.511631334545456,0.23413491249084473
CMMD_CLIP_ViT-L14,CLIP_ViT-L/14,768d,5.00e-03,35,41.33801180045454,41.22542756590909,41.450596035,0.08524873852729797
CMMD_CLIP_ViT-L14,CLIP_ViT-L/14,768d,5.00e-03,36,41.67410449772727,41.606778884545456,41.74143011090909,-9.259581565856934e-05
CMMD_CLIP_ViT-L14,CLIP_ViT-L/14,768d,5.00e-03,37,42.3132160775,42.27668356454546,42.349748590454546,0.06552204489707947
CMMD_CLIP_ViT-L14,CLIP_ViT-L/14,768d,5.00e-03,38,42.96702508590909,42.93479045136364,42.999259720454546,0.023520320653915405
CMMD_CLIP_ViT-L14,CLIP_ViT-L/14,768d,5.00e-03,39,43.49911773840908,43.14833512181818,43.849900354999995,0.06458166241645813
CMMD_CLIP_ViT-L14,CLIP_ViT-L/14,768d,5.00e-03,40,44.46355809863637,44.24228326,44.68483293727273,0.07570168375968933
CMMD_CLIP_ViT-L14,CLIP_ViT-L/14,768d,5.00e-03,41,45.02958462840909,45.014271393181815,45.044897863636365,0.026185601949691772
CMMD_CLIP_ViT-L14,CLIP_ViT-L/14,768d,5.00e-03,42,45.29330946295454,45.242849799999995,45.34376912590909,0.06319761276245117
CMMD_CLIP_ViT-L14,CLIP_ViT-L/14,768d,5.00e-03,43,45.6633877325,45.44974382363636,45.87703164136364,0.03090149164199829
CMMD_CLIP_ViT-L14,CLIP_ViT-L/14,768d,5.00e-03,44,46.19913604068182,46.05975058136364,46.3385215,0.09376028180122375
CMMD_CLIP_ViT-L14,CLIP_ViT-L/14,768d,5.00e-03,45,46.506415069545454,46.461104443636366,46.55172569545454,0.12377002835273743
CMMD_CLIP_ViT-L14,CLIP_ViT-L/14,768d,5.00e-03,46,46.7814371125,46.63784059272727,46.92503363227272,0.0456409752368927
CMMD_CLIP_ViT-L14,CLIP_ViT-L/14,768d,5.00e-03,47,47.02157502772727,46.98420985,47.05894020545455,0.06454944610595703
CMMD_CLIP_ViT-L14,CLIP_ViT-L/14,768d,5.00e-03,48,47.320069640227274,47.18393024863636,47.45620903181818,-0.003202766180038452
CMMD_CLIP_ViT-L14,CLIP_ViT-L/14,768d,5.00e-03,49,47.63274792386363,47.57944400681818,47.68605184090909,0.06508734822273254
CMMD_CLIP_ViT-L14,CLIP_ViT-L/14,768d,5.00e-03,50,47.92564833181818,47.85413733318182,47.997159330454544,0.05618584156036377
CMMD_CLIP_ViT-L14,CLIP_ViT-L/14,768d,5.00e-03,51,48.86026302159091,48.745656067727275,48.974869975454546,0.06248977780342102
CMMD_CLIP_ViT-L14,CLIP_ViT-L/14,768d,5.00e-03,52,49.38568588545454,49.269933079999994,49.50143869090909,0.05490821599960327
CMMD_CLIP_ViT-L14,CLIP_ViT-L/14,768d,5.00e-03,53,50.13577139295455,50.02686477227273,50.24467801363637,0.12884631752967834
CMMD_CLIP_ViT-L14,CLIP_ViT-L/14,768d,5.00e-03,54,50.27686834954545,50.26601576545454,50.287720933636365,0.027118384838104248
CMMD_CLIP_ViT-L14,CLIP_ViT-L/14,768d,5.00e-03,55,50.41855757477272,50.397065763181814,50.44004938636363,0.028005868196487427
CMMD_CLIP_ViT-L14,CLIP_ViT-L/14,768d,5.00e-03,56,50.63730162727273,50.53053583909091,50.744067415454545,0.0660468339920044
CMMD_CLIP_ViT-L14,CLIP_ViT-L/14,768d,5.00e-03,57,50.914955580454546,50.877768575909094,50.952142585000004,0.050362229347229004
CMMD_CLIP_ViT-L14,CLIP_ViT-L/14,768d,5.00e-03,58,51.36304193090909,51.255980857727266,51.47010300409091,0.013613969087600708
CMMD_CLIP_ViT-L14,CLIP_ViT-L/14,768d,5.00e-03,59,51.4886901025,51.48649149727273,51.49088870772727,0.05058237910270691
CMMD_CLIP_ViT-L14,CLIP_ViT-L/14,768d,5.00e-03,60,51.729285431363635,51.669473619090915,51.78909724363636,0.00908428430557251
CMMD_CLIP_ViT-L14,CLIP_ViT-L/14,768d,5.00e-03,61,51.86503114863636,51.85205774272727,51.87800455454545,0.10357493162155151
CMMD_CLIP_ViT-L14,CLIP_ViT-L/14,768d,5.00e-03,62,51.962966427272725,51.92553946363636,52.00039339090909,-0.011693060398101807
CMMD_CLIP_ViT-L14,CLIP_ViT-L/14,768d,5.00e-03,63,52.2140292,52.126720309090906,52.30133809090909,0.05411478877067566
CMMD_CLIP_ViT-L14,CLIP_ViT-L/14,768d,5.00e-03,64,52.88865584113637,52.82782977227273,52.94948191,0.057887375354766846
CMMD_CLIP_ViT-L14,CLIP_ViT-L/14,768d,5.00e-03,65,53.00029708795454,52.977303153181815,53.02329102272727,0.05149170756340027
CMMD_CLIP_ViT-L14,CLIP_ViT-L/14,768d,5.00e-03,66,53.13382443863637,53.11169118954546,53.15595768772727,0.06187140941619873
CMMD_CLIP_ViT-L14,CLIP_ViT-L/14,768d,5.00e-03,67,53.46701290090908,53.19575964181818,53.738266159999995,0.006535053253173828
CMMD_CLIP_ViT-L14,CLIP_ViT-L/14,768d,5.00e-03,68,54.39349470159091,54.35688324090909,54.43010616227273,0.03637245297431946
CMMD_CLIP_ViT-L14,CLIP_ViT-L/14,768d,5.00e-03,69,54.57660740431818,54.51598353272727,54.63723127590909,0.02008652687072754
CMMD_CLIP_ViT-L14,CLIP_ViT-L/14,768d,5.00e-03,70,54.70462107522727,54.68535675181818,54.72388539863636,0.06382417678833008
CMMD_CLIP_ViT-L14,CLIP_ViT-L/14,768d,5.00e-03,71,55.25811377272728,55.23867115454546,55.2775563909091,0.004888653755187988
CMMD_CLIP_ViT-L14,CLIP_ViT-L/14,768d,5.00e-03,72,55.751711513636366,55.699695931818184,55.80372709545455,0.10863366723060608
CMMD_CLIP_ViT-L14,CLIP_ViT-L/14,768d,5.00e-03,73,56.03063692863636,55.82518654818182,56.236087309090905,0.2810446321964264
CMMD_CLIP_ViT-L14,CLIP_ViT-L/14,768d,5.00e-03,74,56.343688662272726,56.34353036818182,56.343846956363635,-0.004769951105117798
CMMD_CLIP_ViT-L14,CLIP_ViT-L/14,768d,5.00e-03,75,56.42361637045454,56.418747340909086,56.4284854,-0.0008848905563354492
CMMD_CLIP_ViT-L14,CLIP_ViT-L/14,768d,5.00e-03,76,56.583800352272725,56.43083487727272,56.73676582727273,0.020434200763702393
CMMD_CLIP_ViT-L14,CLIP_ViT-L/14,768d,5.00e-03,77,56.82032182704545,56.80215198181818,56.838491672272724,0.026544570922851562
CMMD_CLIP_ViT-L14,CLIP_ViT-L/14,768d,5.00e-03,78,56.88140215909091,56.87784920000001,56.88495511818182,0.0718105137348175
CMMD_CLIP_ViT-L14,CLIP_ViT-L/14,768d,5.00e-03,79,56.954357993181816,56.89427865,57.014437336363635,0.051919639110565186
CMMD_CLIP_ViT-L14,CLIP_ViT-L/14,768d,5.00e-03,80,57.03816157659091,57.01605029863636,57.06027285454545,0.03069239854812622
CMMD_CLIP_ViT-L14,CLIP_ViT-L/14,768d,5.00e-03,81,57.12540627659091,57.08577673045454,57.165035822727276,-0.004427403211593628
CMMD_CLIP_ViT-L14,CLIP_ViT-L/14,768d,5.00e-03,82,57.42789008590909,57.30280682363637,57.552973348181816,-0.0024040937423706055
CMMD_CLIP_ViT-L14,CLIP_ViT-L/14,768d,5.00e-03,83,57.83153066113636,57.715692645,57.94736867727273,0.038170695304870605
CMMD_CLIP_ViT-L14,CLIP_ViT-L/14,768d,5.00e-03,84,58.08143253113636,58.01582408181818,58.14704098045454,0.039406657218933105
CMMD_CLIP_ViT-L14,CLIP_ViT-L/14,768d,5.00e-03,85,58.444803400909095,58.40466673181818,58.48494007,0.04688388109207153
CMMD_CLIP_ViT-L14,CLIP_ViT-L/14,768d,5.00e-03,86,58.91778003409091,58.90741873181818,58.92814133636364,-0.001123189926147461
CMMD_CLIP_ViT-L14,CLIP_ViT-L/14,768d,5.00e-03,87,59.020174833863635,58.959711454090915,59.080638213636355,0.026743799448013306
CMMD_CLIP_ViT-L14,CLIP_ViT-L/14,768d,5.00e-03,88,59.15856208795455,59.15176404636364,59.165360129545455,0.07435022294521332
CMMD_CLIP_ViT-L14,CLIP_ViT-L/14,768d,5.00e-03,89,59.43633789068181,59.343238913181814,59.52943686818182,0.05100664496421814
CMMD_CLIP_ViT-L14,CLIP_ViT-L/14,768d,5.00e-03,90,59.57651304136364,59.53394987363636,59.61907620909091,0.011973202228546143
CMMD_CLIP_ViT-L14,CLIP_ViT-L/14,768d,5.00e-03,91,59.72755915772727,59.64024705,59.81487126545455,-0.0009399354457855225
CMMD_CLIP_ViT-L14,CLIP_ViT-L/14,768d,5.00e-03,92,59.821970187727274,59.821444613636366,59.82249576181818,0.010475635528564453
CMMD_CLIP_ViT-L14,CLIP_ViT-L/14,768d,5.00e-03,93,60.40047505386364,60.13491826227273,60.66603184545455,0.02930256724357605
CMMD_CLIP_ViT-L14,CLIP_ViT-L/14,768d,5.00e-03,94,60.95223787159091,60.91525143409091,60.98922430909091,0.06842637062072754
CMMD_CLIP_ViT-L14,CLIP_ViT-L/14,768d,5.00e-03,95,61.20584357204545,61.15445065909091,61.257236485,0.13378718495368958
CMMD_CLIP_ViT-L14,CLIP_ViT-L/14,768d,5.00e-03,96,61.39982516295454,61.38288141818182,61.41676890772727,0.004349201917648315
CMMD_CLIP_ViT-L14,CLIP_ViT-L/14,768d,5.00e-03,97,61.504183716363634,61.450913154545454,61.557454278181815,-0.001082301139831543
CMMD_CLIP_ViT-L14,CLIP_ViT-L/14,768d,5.00e-03,98,61.63614204454545,61.612018317727276,61.66026577136363,0.025509506464004517
CMMD_CLIP_ViT-L14,CLIP_ViT-L/14,768d,5.00e-03,99,61.79374868181819,61.784896459090916,61.80260090454545,0.08640548586845398
CMMD_CLIP_ViT-L14,CLIP_ViT-L/14,768d,5.00e-03,100,62.09325376181818,62.04634134636364,62.140166177272725,0.021003782749176025
CMMD_CLIP_ViT-L14,CLIP_ViT-L/14,768d,5.00e-03,101,62.39542943,62.30800517363637,62.48285368636363,-0.008285850286483765
CMMD_CLIP_ViT-L14,CLIP_ViT-L/14,768d,5.00e-03,102,62.508076675,62.50087945,62.515273900000004,0.04874145984649658
CMMD_CLIP_ViT-L14,CLIP_ViT-L/14,768d,5.00e-03,103,62.594979955227274,62.56153540454545,62.62842450590909,0.06554096937179565
CMMD_CLIP_ViT-L14,CLIP_ViT-L/14,768d,5.00e-03,104,62.72680667931818,62.64787497272727,62.80573838590909,0.11252841353416443
CMMD_CLIP_ViT-L14,CLIP_ViT-L/14,768d,5.00e-03,105,62.93240722272727,62.831736559090906,63.033077886363635,0.02366146445274353
CMMD_CLIP_ViT-L14,CLIP_ViT-L/14,768d,5.00e-03,106,63.30071634545454,63.2958711590909,63.30556153181818,0.0730830729007721
CMMD_CLIP_ViT-L14,CLIP_ViT-L/14,768d,5.00e-03,107,63.483996286363634,63.451246159090914,63.51674641363636,0.1157006174325943
CMMD_CLIP_ViT-L14,CLIP_ViT-L/14,768d,5.00e-03,108,63.56579307022727,63.52993807136364,63.601648069090906,-0.006231516599655151
CMMD_CLIP_ViT-L14,CLIP_ViT-L/14,768d,5.00e-03,109,63.64186040840909,63.632569839545454,63.65115097727273,0.3578299582004547
CMMD_CLIP_ViT-L14,CLIP_ViT-L/14,768d,5.00e-03,110,63.804872122727275,63.71100458181818,63.89873966363636,0.06334283947944641
CMMD_CLIP_ViT-L14,CLIP_ViT-L/14,768d,5.00e-03,111,63.942615578181815,63.92419218818182,63.96103896818182,0.02168375253677368
CMMD_CLIP_ViT-L14,CLIP_ViT-L/14,768d,5.00e-03,112,64.00932814772727,63.99746849090909,64.02118780454545,0.07911950349807739
CMMD_CLIP_ViT-L14,CLIP_ViT-L/14,768d,5.00e-03,113,64.06637004090909,64.02835174090909,64.1043883409091,0.12535038590431213
CMMD_CLIP_ViT-L14,CLIP_ViT-L/14,768d,5.00e-03,114,64.197639875,64.15682117727273,64.23845857272727,0.01328691840171814
CMMD_CLIP_ViT-L14,CLIP_ViT-L/14,768d,5.00e-03,115,64.29020846409091,64.25370258636363,64.32671434181817,0.017111361026763916
CMMD_CLIP_ViT-L14,CLIP_ViT-L/14,768d,5.00e-03,116,64.48653965909091,64.40631527727272,64.56676404090909,0.16487962007522583
CMMD_CLIP_ViT-L14,CLIP_ViT-L/14,768d,5.00e-03,117,64.76922604204546,64.70266141363636,64.83579067045456,0.07107788324356079
CMMD_CLIP_ViT-L14,CLIP_ViT-L/14,768d,5.00e-03,118,64.89852501704544,64.88276691590909,64.91428311818181,0.008124500513076782
CMMD_CLIP_ViT-L14,CLIP_ViT-L/14,768d,5.00e-03,119,65.05579888840909,64.99876317727272,65.11283459954545,0.07390660047531128
CMMD_CLIP_ViT-L14,CLIP_ViT-L/14,768d,5.00e-03,120,65.1427998815909,65.12859398045454,65.15700578272727,0.05310812592506409
CMMD_CLIP_ViT-L14,CLIP_ViT-L/14,768d,5.00e-03,121,65.38211495681819,65.26560826818182,65.49862164545455,0.003012150526046753
CMMD_CLIP_ViT-L14,CLIP_ViT-L/14,768d,5.00e-03,122,65.6644128984091,65.58085287863636,65.74797291818182,0.0025290250778198242
CMMD_CLIP_ViT-L14,CLIP_ViT-L/14,768d,5.00e-03,123,65.78481615227273,65.77319434545456,65.79643795909091,0.1735270917415619
CMMD_CLIP_ViT-L14,CLIP_ViT-L/14,768d,5.00e-03,124,65.98128235454546,65.90152255454545,66.06104215454546,0.1187283992767334
CMMD_CLIP_ViT-L14,CLIP_ViT-L/14,768d,5.00e-03,125,66.380175075,66.34667021363636,66.41367993636364,0.03372013568878174
CMMD_CLIP_ViT-L14,CLIP_ViT-L/14,768d,5.00e-03,126,66.53513308522727,66.49486482500001,66.57540134545455,0.0693734884262085
CMMD_CLIP_ViT-L14,CLIP_ViT-L/14,768d,5.00e-03,127,66.67200952022728,66.64770191772728,66.69631712272727,-0.00313413143157959
CMMD_CLIP_ViT-L14,CLIP_ViT-L/14,768d,5.00e-03,128,66.77277958181818,66.69915260454546,66.84640655909091,-0.01386803388595581
CMMD_CLIP_ViT-L14,CLIP_ViT-L/14,768d,5.00e-03,129,67.04070426136363,66.92138232272727,67.1600262,0.10533851385116577
CMMD_CLIP_ViT-L14,CLIP_ViT-L/14,768d,5.00e-03,130,67.28861000386364,67.24224864545455,67.33497136227273,0.054080814123153687
CMMD_CLIP_ViT-L14,CLIP_ViT-L/14,768d,5.00e-03,131,67.57832059454546,67.50431248636363,67.65232870272727,0.047818779945373535
CMMD_CLIP_ViT-L14,CLIP_ViT-L/14,768d,5.00e-03,132,67.81369166136363,67.78208407272727,67.84529925,0.05809485912322998
CMMD_CLIP_ViT-L14,CLIP_ViT-L/14,768d,5.00e-03,133,67.93897957499999,67.89158320909091,67.98637594090908,0.0593072772026062
CMMD_CLIP_ViT-L14,CLIP_ViT-L/14,768d,5.00e-03,134,68.10606402954545,68.0851692090909,68.12695885,0.05488064885139465
CMMD_CLIP_ViT-L14,CLIP_ViT-L/14,768d,5.00e-03,135,68.23297037272727,68.2302839,68.23565684545454,0.037377238273620605
CMMD_CLIP_ViT-L14,CLIP_ViT-L/14,768d,5.00e-03,136,68.26855261863636,68.26595938409092,68.27114585318182,0.07340672612190247
CMMD_CLIP_ViT-L14,CLIP_ViT-L/14,768d,5.00e-03,137,68.35431695,68.32032611363637,68.38830778636363,0.03665986657142639
CMMD_CLIP_ViT-L14,CLIP_ViT-L/14,768d,5.00e-03,138,68.43904966136364,68.41746199090909,68.46063733181818,0.011157780885696411
CMMD_CLIP_ViT-L14,CLIP_ViT-L/14,768d,5.00e-03,139,68.46939314545455,68.46664887727273,68.47213741363636,0.07942011952400208
CMMD_CLIP_ViT-L14,CLIP_ViT-L/14,768d,5.00e-03,140,68.98970947477272,68.93374281227273,69.04567613727274,0.045507073402404785
CMMD_CLIP_ViT-L14,CLIP_ViT-L/14,768d,5.00e-03,141,69.07596895681817,69.05974111818182,69.09219679545454,0.06731188297271729
CMMD_CLIP_ViT-L14,CLIP_ViT-L/14,768d,5.00e-03,142,69.09902052045456,69.09712682727273,69.10091421363637,0.043574750423431396
CMMD_CLIP_ViT-L14,CLIP_ViT-L/14,768d,5.00e-03,143,69.11422755681818,69.10780212727273,69.12065298636364,0.0744454562664032
CMMD_CLIP_ViT-L14,CLIP_ViT-L/14,768d,5.00e-03,144,69.20713757499999,69.18059698636364,69.23367816363636,0.026661068201065063
CMMD_CLIP_ViT-L14,CLIP_ViT-L/14,768d,5.00e-03,145,69.31117297909091,69.2644266,69.35791935818182,0.0006814301013946533
CMMD_CLIP_ViT-L14,CLIP_ViT-L/14,768d,5.00e-03,146,69.711816475,69.61843814545455,69.80519480454545,0.12128680944442749
CMMD_CLIP_ViT-L14,CLIP_ViT-L/14,768d,5.00e-03,147,69.87131680454546,69.8553488,69.88728480909091,-0.023997068405151367
CMMD_CLIP_ViT-L14,CLIP_ViT-L/14,768d,5.00e-03,148,70.01484913522728,69.97248817863637,70.05721009181819,0.020858556032180786
CMMD_CLIP_ViT-L14,CLIP_ViT-L/14,768d,5.00e-03,149,70.15358302272728,70.14929492727272,70.15787111818182,0.12328597903251648
CMMD_CLIP_ViT-L14,CLIP_ViT-L/14,768d,5.00e-03,150,70.18329474545455,70.16147875909091,70.20511073181818,0.04619556665420532
CMMD_CLIP_ViT-L14,CLIP_ViT-L/14,768d,5.00e-03,151,70.35018690227272,70.32331571818182,70.37705808636363,0.031228750944137573
CMMD_CLIP_ViT-L14,CLIP_ViT-L/14,768d,5.00e-03,152,70.45040821409091,70.399005675,70.50181075318181,0.12914854288101196
CMMD_CLIP_ViT-L14,CLIP_ViT-L/14,768d,5.00e-03,153,70.6769625340909,70.6102672090909,70.7436578590909,0.059234410524368286
CMMD_CLIP_ViT-L14,CLIP_ViT-L/14,768d,5.00e-03,154,70.83329053636363,70.83137117272727,70.8352099,0.017159253358840942
CMMD_CLIP_ViT-L14,CLIP_ViT-L/14,768d,5.00e-03,155,70.85428704318181,70.84563281363636,70.86294127272727,0.11909323930740356
CMMD_CLIP_ViT-L14,CLIP_ViT-L/14,768d,5.00e-03,156,70.91317588613636,70.88488886772727,70.94146290454545,0.31384336948394775
CMMD_CLIP_ViT-L14,CLIP_ViT-L/14,768d,5.00e-03,157,71.04800647272728,71.03486937272727,71.06114357272727,0.08885356783866882
CMMD_CLIP_ViT-L14,CLIP_ViT-L/14,768d,5.00e-03,158,71.17275272272727,71.16676672727273,71.17873871818182,0.07499188184738159
CMMD_CLIP_ViT-L14,CLIP_ViT-L/14,768d,5.00e-03,159,71.23105279704546,71.2066498259091,71.25545576818182,0.037423789501190186
CMMD_CLIP_ViT-L14,CLIP_ViT-L/14,768d,5.00e-03,160,71.34023223636365,71.3174982909091,71.36296618181818,0.002532660961151123
CMMD_CLIP_ViT-L14,CLIP_ViT-L/14,768d,5.00e-03,161,71.59614402954546,71.46931471818182,71.72297334090909,-0.0018221735954284668
CMMD_CLIP_ViT-L14,CLIP_ViT-L/14,768d,5.00e-03,162,71.953188675,71.90808025909091,71.99829709090909,0.03801843523979187
CMMD_CLIP_ViT-L14,CLIP_ViT-L/14,768d,5.00e-03,163,72.12556611863636,72.09644175681818,72.15469048045455,-0.008769363164901733
CMMD_CLIP_ViT-L14,CLIP_ViT-L/14,768d,5.00e-03,164,72.20636263409091,72.16259906363636,72.25012620454545,0.05381861329078674
CMMD_CLIP_ViT-L14,CLIP_ViT-L/14,768d,5.00e-03,165,72.341453075,72.32991709090909,72.3529890590909,0.08137184381484985
CMMD_CLIP_ViT-L14,CLIP_ViT-L/14,768d,5.00e-03,166,72.4059290209091,72.35690482818183,72.45495321363636,0.059551388025283813
CMMD_CLIP_ViT-L14,CLIP_ViT-L/14,768d,5.00e-03,167,72.62915620454547,72.62635492727273,72.63195748181819,0.10594919323921204
CMMD_CLIP_ViT-L14,CLIP_ViT-L/14,768d,5.00e-03,168,72.868061955,72.83995069636363,72.89617321363636,0.031247377395629883
CMMD_CLIP_ViT-L14,CLIP_ViT-L/14,768d,5.00e-03,169,73.07651165045455,73.03390340545455,73.11911989545455,0.11157917976379395
CMMD_CLIP_ViT-L14,CLIP_ViT-L/14,768d,5.00e-03,170,73.23652217727272,73.13833258181818,73.33471177272727,0.0916236937046051
CMMD_CLIP_ViT-L14,CLIP_ViT-L/14,768d,5.00e-03,171,73.3691810784091,73.33981687045456,73.39854528636364,0.05855458974838257
CMMD_CLIP_ViT-L14,CLIP_ViT-L/14,768d,5.00e-03,172,73.426412225,73.41015931818183,73.44266513181819,-0.005506575107574463
CMMD_CLIP_ViT-L14,CLIP_ViT-L/14,768d,5.00e-03,173,73.45744235795453,73.44619574090909,73.46868897499999,0.008819043636322021
CMMD_CLIP_ViT-L14,CLIP_ViT-L/14,768d,5.00e-03,174,73.52042231590909,73.50964273636363,73.53120189545454,0.06958258152008057
CMMD_CLIP_ViT-L14,CLIP_ViT-L/14,768d,5.00e-03,175,73.70395308409091,73.63946159545455,73.76844457272728,0.01131051778793335
CMMD_CLIP_ViT-L14,CLIP_ViT-L/14,768d,5.00e-03,176,73.85347222136363,73.80118299272728,73.90576145,0.143733412027359
CMMD_CLIP_ViT-L14,CLIP_ViT-L/14,768d,5.00e-03,177,73.98737165409091,73.96756481363637,74.00717849454546,0.05048322677612305
CMMD_CLIP_ViT-L14,CLIP_ViT-L/14,768d,5.00e-03,178,74.03115760909091,74.01135728181818,74.05095793636363,0.15526556968688965
CMMD_CLIP_ViT-L14,CLIP_ViT-L/14,768d,5.00e-03,179,74.12857689772727,74.05302495909092,74.20412883636364,0.09976032376289368
CMMD_CLIP_ViT-L14,CLIP_ViT-L/14,768d,5.00e-03,180,74.35693384772728,74.32802774090909,74.38583995454546,0.04773035645484924
CMMD_CLIP_ViT-L14,CLIP_ViT-L/14,768d,5.00e-03,181,74.49502861590909,74.46433656818182,74.52572066363636,0.07841503620147705
CMMD_CLIP_ViT-L14,CLIP_ViT-L/14,768d,5.00e-03,182,74.88092521136363,74.86437946363637,74.89747095909091,0.026684492826461792
CMMD_CLIP_ViT-L14,CLIP_ViT-L/14,768d,5.00e-03,183,74.96431832045454,74.9084351090909,75.02020153181819,0.045285046100616455
CMMD_CLIP_ViT-L14,CLIP_ViT-L/14,768d,5.00e-03,184,75.04762157954545,75.04613550454546,75.04910765454545,0.19231069087982178
CMMD_CLIP_ViT-L14,CLIP_ViT-L/14,768d,5.00e-03,185,75.09576952954546,75.04911406363637,75.14242499545455,0.034906089305877686
CMMD_CLIP_ViT-L14,CLIP_ViT-L/14,768d,5.00e-03,186,75.18233699545453,75.14524949545454,75.21942449545455,0.04511016607284546
CMMD_CLIP_ViT-L14,CLIP_ViT-L/14,768d,5.00e-03,187,75.27024816863636,75.2494860690909,75.29101026818182,0.05535602569580078
CMMD_CLIP_ViT-L14,CLIP_ViT-L/14,768d,5.00e-03,188,75.32758327272727,75.30463428181818,75.35053226363635,0.000622093677520752
CMMD_CLIP_ViT-L14,CLIP_ViT-L/14,768d,5.00e-03,189,75.41747211250001,75.358434425,75.4765098,0.11284098029136658
CMMD_CLIP_ViT-L14,CLIP_ViT-L/14,768d,5.00e-03,190,75.51253231590908,75.48288537727272,75.54217925454545,0.0362774133682251
CMMD_CLIP_ViT-L14,CLIP_ViT-L/14,768d,5.00e-03,191,75.6663297,75.65154605454546,75.68111334545455,0.10745576024055481
CMMD_CLIP_ViT-L14,CLIP_ViT-L/14,768d,5.00e-03,192,75.77599059545454,75.77031593636364,75.78166525454546,0.045725613832473755
CMMD_CLIP_ViT-L14,CLIP_ViT-L/14,768d,5.00e-03,193,75.81841251795454,75.79512009954546,75.84170493636363,0.041367292404174805
CMMD_CLIP_ViT-L14,CLIP_ViT-L/14,768d,5.00e-03,194,75.93210186136363,75.84312428636363,76.02107943636364,0.044578731060028076
CMMD_CLIP_ViT-L14,CLIP_ViT-L/14,768d,5.00e-03,195,76.11776692272727,76.07231828181818,76.16321556363636,0.04591968655586243
CMMD_CLIP_ViT-L14,CLIP_ViT-L/14,768d,5.00e-03,196,76.23163166,76.19598609272727,76.26727722727273,0.03807583451271057
CMMD_CLIP_ViT-L14,CLIP_ViT-L/14,768d,5.00e-03,197,76.28963145,76.28929185454545,76.28997104545455,0.11626836657524109
CMMD_CLIP_ViT-L14,CLIP_ViT-L/14,768d,5.00e-03,198,76.33895351590908,76.32376224090909,76.35414479090909,0.11668848991394043
CMMD_CLIP_ViT-L14,CLIP_ViT-L/14,768d,5.00e-03,199,76.42131312727273,76.39021483181818,76.45241142272727,0.09412398934364319
CMMD_CLIP_ViT-L14,CLIP_ViT-L/14,768d,5.00e-03,200,76.53077822886364,76.51437691681818,76.5471795409091,0.07646581530570984
CMMD_CLIP_ViT-L14,CLIP_ViT-L/14,768d,5.00e-03,201,76.61798762954547,76.59774437272728,76.63823088636364,0.053693413734436035
CMMD_CLIP_ViT-L14,CLIP_ViT-L/14,768d,5.00e-03,202,76.65972911636364,76.64452179545455,76.67493643727272,0.04500323534011841
CMMD_CLIP_ViT-L14,CLIP_ViT-L/14,768d,5.00e-03,203,76.74399205681817,76.67586082272727,76.81212329090908,0.051055461168289185
CMMD_CLIP_ViT-L14,CLIP_ViT-L/14,768d,5.00e-03,204,76.9110158,76.90558185454546,76.91644974545454,0.057238221168518066
CMMD_CLIP_ViT-L14,CLIP_ViT-L/14,768d,5.00e-03,205,77.04938380386363,76.98329391227273,77.11547369545454,0.15012890100479126
CMMD_CLIP_ViT-L14,CLIP_ViT-L/14,768d,5.00e-03,206,77.15743344090909,77.14402031818182,77.17084656363636,0.03132310509681702
CMMD_CLIP_ViT-L14,CLIP_ViT-L/14,768d,5.00e-03,207,77.30214769545455,77.25877326818183,77.34552212272727,0.03604245185852051
CMMD_CLIP_ViT-L14,CLIP_ViT-L/14,768d,5.00e-03,208,77.5903121975,77.52582683636363,77.65479755863636,0.04733073711395264
CMMD_CLIP_ViT-L14,CLIP_ViT-L/14,768d,5.00e-03,209,77.71230485227272,77.69959142727272,77.72501827727272,0.0444754958152771
CMMD_CLIP_ViT-L14,CLIP_ViT-L/14,768d,5.00e-03,210,77.90452434545455,77.83570625,77.9733424409091,0.0007400810718536377
CMMD_CLIP_ViT-L14,CLIP_ViT-L/14,768d,5.00e-03,211,78.13042912045455,78.0566007590909,78.20425748181819,0.14175108075141907
CMMD_CLIP_ViT-L14,CLIP_ViT-L/14,768d,5.00e-03,212,78.24727043863636,78.23482706363636,78.25971381363637,0.015514999628067017
CMMD_CLIP_ViT-L14,CLIP_ViT-L/14,768d,5.00e-03,213,78.38345864545454,78.3483194,78.4185978909091,0.015498816967010498
CMMD_CLIP_ViT-L14,CLIP_ViT-L/14,768d,5.00e-03,214,78.54078605227272,78.53980069090909,78.54177141363635,0.03409770131111145
CMMD_CLIP_ViT-L14,CLIP_ViT-L/14,768d,5.00e-03,215,78.58008820545454,78.57485005,78.5853263609091,-0.0006813704967498779
CMMD_CLIP_ViT-L14,CLIP_ViT-L/14,768d,5.00e-03,216,78.62433498636364,78.61859467727272,78.63007529545455,0.07657858729362488
CMMD_CLIP_ViT-L14,CLIP_ViT-L/14,768d,5.00e-03,217,79.04517957499999,78.86957993181818,79.22077921818182,0.22312459349632263
CMMD_CLIP_ViT-L14,CLIP_ViT-L/14,768d,5.00e-03,218,79.26989939772727,79.25695136818182,79.28284742727273,0.10414862632751465
CMMD_CLIP_ViT-L14,CLIP_ViT-L/14,768d,5.00e-03,219,79.41755696590909,79.36729972727272,79.46781420454546,0.05044254660606384
CMMD_CLIP_ViT-L14,CLIP_ViT-L/14,768d,5.00e-03,220,79.5698799834091,79.51125251363636,79.62850745318183,0.13689500093460083
CMMD_CLIP_ViT-L14,CLIP_ViT-L/14,768d,5.00e-03,221,79.70322166818181,79.6499864090909,79.75645692727272,0.03338178992271423
CMMD_CLIP_ViT-L14,CLIP_ViT-L/14,768d,5.00e-03,222,79.93145022954545,79.91532173636364,79.94757872272727,0.08352547883987427
CMMD_CLIP_ViT-L14,CLIP_ViT-L/14,768d,5.00e-03,223,80.08039142727273,80.02392345454545,80.13685939999999,0.03714141249656677
CMMD_CLIP_ViT-L14,CLIP_ViT-L/14,768d,5.00e-03,224,80.3456105840909,80.28660759545454,80.40461357272727,0.11063110828399658
CMMD_CLIP_ViT-L14,CLIP_ViT-L/14,768d,5.00e-03,225,80.50383668863637,80.43965011363636,80.56802326363636,0.20355069637298584
CMMD_CLIP_ViT-L14,CLIP_ViT-L/14,768d,5.00e-03,226,80.76717882045455,80.69563893636364,80.83871870454546,0.05448579788208008
CMMD_CLIP_ViT-L14,CLIP_ViT-L/14,768d,5.00e-03,227,80.93666893636365,80.88731798181819,80.98601989090909,0.050218790769577026
CMMD_CLIP_ViT-L14,CLIP_ViT-L/14,768d,5.00e-03,228,81.24550969772727,81.02786977272727,81.46314962272727,0.19502726197242737
CMMD_CLIP_ViT-L14,CLIP_ViT-L/14,768d,5.00e-03,229,81.51551185,81.49191450454545,81.53910919545454,0.04851412773132324
CMMD_CLIP_ViT-L14,CLIP_ViT-L/14,768d,5.00e-03,230,81.66181410454547,81.65584415909092,81.66778405000001,0.01755937933921814
CMMD_CLIP_ViT-L14,CLIP_ViT-L/14,768d,5.00e-03,231,82.09491658409091,82.0783984909091,82.11143467727273,0.05249661207199097
CMMD_CLIP_ViT-L14,CLIP_ViT-L/14,768d,5.00e-03,232,82.51240656590909,82.15394328181819,82.87086985,0.023839890956878662
CMMD_CLIP_ViT-L14,CLIP_ViT-L/14,768d,5.00e-03,233,83.15926654545454,83.04785639090909,83.2706767,0.1369973123073578
CMMD_CLIP_ViT-L14,CLIP_ViT-L/14,768d,5.00e-03,234,83.30087949545455,83.28013232272727,83.32162666818182,0.012418240308761597
CMMD_CLIP_ViT-L14,CLIP_ViT-L/14,768d,5.00e-03,235,83.40563283409091,83.35334443181819,83.45792123636365,0.08721545338630676
CMMD_CLIP_ViT-L14,CLIP_ViT-L/14,768d,5.00e-03,236,84.40519799318182,84.18152392727274,84.62887205909091,0.04474985599517822
CMMD_CLIP_ViT-L14,CLIP_ViT-L/14,768d,5.00e-03,237,85.11644672954546,85.11071750454545,85.12217595454545,0.22239184379577637
CMMD_CLIP_ViT-L14,CLIP_ViT-L/14,768d,5.00e-03,238,85.67873419522728,85.54109655454546,85.8163718359091,-0.00417250394821167
CMMD_CLIP_ViT-L14,CLIP_ViT-L/14,768d,5.00e-03,239,86.04259813636364,86.0069106,86.07828567272726,0.11481425166130066
CMMD_CLIP_ViT-L14,CLIP_ViT-L/14,768d,5.00e-03,240,87.13953110454545,86.46879091363637,87.81027129545454,0.0012390613555908203
