layer,layer_name,gamma,spearman_rho,pval
0,relu1_1,1e-09,-0.23474332251035798,0.021327012395486147
0,relu1_1,1.0186101701559773e-09,-0.21011183872842448,0.039908375055534275
0,relu1_1,1.0375666787451849e-09,-0.23546076597995985,0.020922220132628566
0,relu1_1,1.0568759711848051e-09,-0.22092317825346383,0.03053784505823519
0,relu1_1,1.0765446128423137e-09,-0.21392186711599953,0.03636402916438857
0,relu1_1,1.0965792912678099e-09,-0.2170140788357753,0.03368505994842846
0,relu1_1,1.116986818467825e-09,-0.21738377501768025,0.03337617871236268
0,relu1_1,1.1377741332214901e-09,-0.22377343784875475,0.028402981043414374
0,relu1_1,1.1589483034398119e-09,-0.1978508351391625,0.05332401871823584
0,relu1_1,1.180516528568803e-09,-0.23633605410236963,0.02043730676517028
0,relu1_1,1.2024861420374123e-09,-0.24175361938332368,0.017645379706840675
0,relu1_1,1.2248646137509333e-09,-0.20241576093818955,0.047950620850664004
0,relu1_1,1.2476595526308685e-09,-0.22908375994259939,0.024761953098805425
0,relu1_1,1.2708787092020595e-09,-0.19329486682439262,0.059170700631094815
0,relu1_1,1.2945299782279134e-09,-0.23217756729895622,0.022830027711682514
0,relu1_1,1.3186214013947485e-09,-0.21179233311762505,0.03831103572788579
0,relu1_1,1.3431611700460181e-09,-0.21120907732767524,0.03885926098484804
0,relu1_1,1.3681576279674706e-09,-0.22535292250765818,0.027275390990706593
0,relu1_1,1.3936192742241434e-09,-0.20146641052575975,0.04902960258407987
0,relu1_1,1.4195547660500987e-09,-0.20274293625136325,0.047583350251327795
0,relu1_1,1.4459729217920195e-09,-0.2316854192048444,0.023128446565265703
0,relu1_1,1.4728827239075047e-09,-0.21523992819248755,0.03520103288433594
0,relu1_1,1.5002933220192166e-09,-0.228144581914488,0.02537530985649329
0,relu1_1,1.5282140360258708e-09,-0.1789491301902931,0.08107557346113173
0,relu1_1,1.5566543592710589e-09,-0.21451081944405762,0.035840442998412506
0,relu1_1,1.5856239617711372e-09,-0.23104725154405092,0.023520363363146706
0,relu1_1,1.615132693503093e-09,-0.2047784214722222,0.04535033663125229
0,relu1_1,1.6451905877536607e-09,-0.23692381302116436,0.020117125905902835
0,relu1_1,1.6758078645307687e-09,-0.21393788603043049,0.036349703756105405
0,relu1_1,1.7069949340384045e-09,-0.19722464389487493,0.05409829105624919
0,relu1_1,1.7387624002162505e-09,-0.21783843719989437,0.03299958086538939
0,relu1_1,1.7711210643450904e-09,-0.1949263349248293,0.05701960838462211
0,relu1_1,1.8040819287193808e-09,-0.2185603279743188,0.03240899191045929
0,relu1_1,1.8376562003881724e-09,-0.21260326179971742,0.037559574307967664
0,relu1_1,1.8718552949655752e-09,-0.20386186316055915,0.04634484350410073
0,relu1_1,1.906690840512252e-09,-0.20058239237132375,0.05005228289745013
0,relu1_1,1.9421746814890284e-09,-0.210899258884891,0.03915312844121694
0,relu1_1,1.9783188827841624e-09,-0.21056568788135918,0.03947159912265407
0,relu1_1,2.0151357338155587e-09,-0.23167194384754386,0.023136664135747692
0,relu1_1,2.052637752709248e-09,-0.22140339853346735,0.030168937100494963
0,relu1_1,2.09083769055575e-09,-0.21367739705282401,0.03658324212943422
0,relu1_1,2.129748535745523e-09,-0.207052467918064,0.04295910833104957
0,relu1_1,2.1693835183851823e-09,-0.19407912424972504,0.058128526923111594
0,relu1_1,2.2097561147959033e-09,-0.22251414604889647,0.02933006880902691
0,relu1_1,2.250880052095457e-09,-0.20671007101258881,0.043312296449847985
0,relu1_1,2.2927693128656487e-09,-0.21749108753504368,0.0332869668489433
0,relu1_1,2.3354381399064818e-09,-0.2110763828403702,0.03898489720437986
0,relu1_1,2.378901041078891e-09,-0.22227653685251278,0.029507838376439367
0,relu1_1,2.4231727942376006e-09,-0.2212730113226885,0.0302687267041076
0,relu1_1,2.4682684522556873e-09,-0.21770100830426561,0.03311303430406855
0,relu1_1,2.5142033481427964e-09,-0.21834332700592968,0.03258557952876123
0,relu1_1,2.560993100258462e-09,-0.21159341586003316,0.03849727443134693
0,relu1_1,2.6086536176225453e-09,-0.21520122654589127,0.03523473084593368
0,relu1_1,2.657201105324507e-09,-0.2153192873055687,0.03513201864974267
0,relu1_1,2.7066520700332356e-09,-0.20811422090686,0.04187909007723587
0,relu1_1,2.7570233256095828e-09,-0.2138165698151418,0.03645831240284956
0,relu1_1,2.8083319988231753e-09,-0.21398523144104334,0.036307391322099924
0,relu1_1,2.860595535175739e-09,-0.22062004623718132,0.03077266986980447
0,relu1_1,2.9138317048327884e-09,-0.2288058117769352,0.02494214464348998
0,relu1_1,2.9680586086655964e-09,-0.22141177375990068,0.030162536783952223
0,relu1_1,3.0232946844057765e-09,-0.20965921892463357,0.04034797878767001
0,relu1_1,3.0795587129142296e-09,-0.20504853991604738,0.04506064547307518
0,relu1_1,3.1368698245668734e-09,-0.21157712129824205,0.03851256390484874
0,relu1_1,3.1952475057592137e-09,-0.20627674173382832,0.043762740287348195
0,relu1_1,3.2547116055318414e-09,-0.21854880763442897,0.032418346433631944
0,relu1_1,3.3152823423194234e-09,-0.20361074033899645,0.04662045422325461
0,relu1_1,3.376980310825095e-09,-0.20132093565492518,0.04919669974009108
0,relu1_1,3.439826489022921e-09,-0.21901991031623907,0.03203766227095318
0,relu1_1,3.5038422452906756e-09,-0.21772137090663018,0.03309620340371406
0,relu1_1,3.5690493456752222e-09,-0.20897295872425262,0.04102220564498275
0,relu1_1,3.635469961293318e-09,-0.20759459826508594,0.042404792516324036
0,relu1_1,3.703126675869931e-09,-0.21396346800225627,0.036326836101978816
0,relu1_1,3.772042493416993e-09,-0.2180247961364828,0.03284625671958975
0,relu1_1,3.842240846055061e-09,-0.21252519495968927,0.03763137533264985
0,relu1_1,3.913745601980376e-09,-0.20544452142967584,0.04463874741983033
0,relu1_1,3.9865810735804386e-09,-0.21169463634721805,0.03840241112996863
0,relu1_1,4.060772025700369e-09,-0.20701375146995196,0.04299892449388605
0,relu1_1,4.13634368406327e-09,-0.20790172099133675,0.04209341667199274
0,relu1_1,4.2133217438472886e-09,-0.2105502472633441,0.03948639300380006
0,relu1_1,4.291732378422149e-09,-0.213127551945253,0.037080330807752
0,relu1_1,4.371602248248502e-09,-0.2191958374410817,0.03189647086910022
0,relu1_1,4.45295850994266e-09,-0.21471047028546456,0.03566439274344392
0,relu1_1,4.5358288255101815e-09,-0.21583905920377028,0.034682805745791405
0,relu1_1,4.620241371751313e-09,-0.20981863353436409,0.04019268984713571
0,relu1_1,4.706224849841272e-09,-0.2109119055361625,0.0391410966544888
0,relu1_1,4.793808495089107e-09,-0.21079482867948815,0.03925259954746414
0,relu1_1,4.883022086877885e-09,-0.21900979572196982,0.03204579579840127
0,relu1_1,4.9738959587900574e-09,-0.21535080556029812,0.03510464051234259
0,relu1_1,5.066461008921269e-09,-0.2065072922568106,0.04352260191898111
0,relu1_1,5.1607487103859185e-09,-0.2109690673126326,0.03908675254615743
0,relu1_1,5.256791122018419e-09,-0.2130290734010341,0.03716995533658956
0,relu1_1,5.354620899273613e-09,-0.21245217868935865,0.03769863511982286
0,relu1_1,5.454271305329825e-09,-0.21315307002678466,0.03705713656407402
0,relu1_1,5.555776222398878e-09,-0.20810566340503436,0.04188770354471002
0,relu1_1,5.659170163246254e-09,-0.20954054607205175,0.04046390512305942
0,relu1_1,5.7644882829258735e-09,-0.2144805074915848,0.035867235448957216
0,relu1_1,5.8717663907332614e-09,-0.21086977401783935,0.03918119179228668
0,relu1_1,5.981040962380932e-09,-0.2131386087747648,0.03707027939029553
0,relu1_1,6.092349152400712e-09,-0.21071018122817603,0.03933338217314878
0,relu1_1,6.205728806776513e-09,-0.21896854774782087,0.032078982886020915
0,relu1_1,6.321218475812448e-09,-0.21218196489098212,0.037948421632095504
0,relu1_1,6.4388574272404256e-09,-0.21021713832293995,0.03980667890301074
0,relu1_1,6.558685659571422e-09,-0.21346203575158718,0.03677727040868074
0,relu1_1,6.680743915695615e-09,-0.2115241792884851,0.03856227537779207
0,relu1_1,6.8050736967352206e-09,-0.21130711313906936,0.03876665741732555
0,relu1_1,6.9317172761554e-09,-0.21904297083204696,0.03201912494798617
0,relu1_1,7.06071771413778e-09,-0.2104181392188395,0.03961315706001124
0,relu1_1,7.192118872221178e-09,-0.2120239871456786,0.0380950972727775
0,relu1_1,7.32596542821523e-09,-0.20499445603505367,0.045118525015695396
0,relu1_1,7.462302891391123e-09,-0.2136674473424355,0.036592187307756485
0,relu1_1,7.601177617955322e-09,-0.2192573405050005,0.031847235181864074
0,relu1_1,7.742636826811278e-09,-0.21048883111822078,0.03954528255932953
0,relu1_1,7.88672861561414e-09,-0.20967167624186012,0.0403358258641604
0,relu1_1,8.033501977124735e-09,-0.21603527329053074,0.03451448740707993
0,relu1_1,8.183006815867407e-09,-0.21089298591748612,0.03915909757120548
0,relu1_1,8.335293965098187e-09,-0.2136265446095222,0.03662897972651406
0,relu1_1,8.490415204088756e-09,-0.21660064645645416,0.03403332831897856
0,relu1_1,8.648423275731709e-09,-0.21307683614198786,0.03712646421536581
0,relu1_1,8.80937190447399e-09,-0.2147096537477129,0.03566511127803842
0,relu1_1,8.973315814583538e-09,-0.21518592475576054,0.035248061758336065
0,relu1_1,9.140310748756223e-09,-0.21540684337574342,0.03505600786246243
0,relu1_1,9.310413487069086e-09,-0.21298042513357063,0.03721429664988473
0,relu1_1,9.483681866285909e-09,-0.21003079605779124,0.03998679199159986
0,relu1_1,9.660174799522645e-09,-0.21454904445288586,0.03580668021477041
0,relu1_1,9.839952296278247e-09,-0.2100108190929242,0.04000614146106115
0,relu1_1,1.0023075482838643e-08,-0.20752899728944055,0.04247154980388962
0,relu1_1,1.0209606623060476e-08,-0.21148556822362052,0.03859856420950997
0,relu1_1,1.0399609139541204e-08,-0.21318881151555927,0.03702467035677975
0,relu1_1,1.05931476351837e-08,-0.20985338988900049,0.04015889929779145
0,relu1_1,1.0790287915161835e-08,-0.21379539662012406,0.036477295617263594
0,relu1_1,1.099109700929496e-08,-0.21393348722294292,0.0363536370539733
0,relu1_1,1.1195643194838794e-08,-0.21095043073922665,0.03910446353793002
0,relu1_1,1.1403996019700331e-08,-0.2077500138714253,0.04224698593323588
0,relu1_1,1.1616226326085019e-08,-0.21196643867206613,0.0381486463230418
0,relu1_1,1.183240627458378e-08,-0.21327192663886493,0.03694926387808165
0,relu1_1,1.2052609368708414e-08,-0.212353065456204,0.03779009541201687
0,relu1_1,1.2276910479883604e-08,-0.21312559616419555,0.03708210898469233
0,relu1_1,1.2505385872903913e-08,-0.21373776587004498,0.03652900749752958
0,relu1_1,1.2738113231864785e-08,-0.21188432490936443,0.03822516247973741
0,relu1_1,1.2975171686575868e-08,-0.2133622741121925,0.036867441831655315
0,relu1_1,1.3216641839466038e-08,-0.2152258931266232,0.03521325024585382
0,relu1_1,1.346260579298911e-08,-0.21172400956634113,0.03837491933184359
0,relu1_1,1.3713147177539456e-08,-0.21020931417220007,0.039814227856478784
0,relu1_1,1.3968351179887397e-08,-0.21304303603664296,0.037157237025272766
0,relu1_1,1.422830457214352e-08,-0.21439278338370732,0.03594486867530493
0,relu1_1,1.4493095741262151e-08,-0.21351321124841527,0.03673108625171892
0,relu1_1,1.4762814719093911e-08,-0.21115139279925382,0.038913835520538974
0,relu1_1,1.5037553212997385e-08,-0.21210024768869348,0.03802423347868201
0,relu1_1,1.5317404637020797e-08,-0.21331045312411287,0.0369143542655613
0,relu1_1,1.560246414366368e-08,-0.21401828597908795,0.03627787508309885
0,relu1_1,1.5892828656229763e-08,-0.21113247688111664,0.03893174555124829
0,relu1_1,1.618859690178199e-08,-0.21170900799570463,0.03838895796066121
0,relu1_1,1.648986944471065e-08,-0.21280492157325873,0.03737463084228463
0,relu1_1,1.679674872092653e-08,-0.21614417316486512,0.03442136647118072
0,relu1_1,1.7109339072690134e-08,-0.2132636972220054,0.03695672430024111
0,relu1_1,1.7427746784089175e-08,-0.21449452313348605,0.03585484506648793
0,relu1_1,1.775208011717636e-08,-0.21178752752589652,0.038315526122178825
0,relu1_1,1.8082449348779518e-08,-0.21220486617828851,0.03792719802925744
0,relu1_1,1.841896680799711e-08,-0.2156264943979432,0.03486592810235655
0,relu1_1,1.8761746914391196e-08,-0.21296987144078827,0.03722392184372682
0,relu1_1,1.911090621689136e-08,-0.21308300927953772,0.037120846279134555
0,relu1_1,1.946656343342263e-08,-0.21279106876067264,0.037387310904267876
0,relu1_1,1.9828839491270715e-08,-0.21405970756500542,0.03624091585122756
0,relu1_1,2.0197857568198784e-08,-0.21466723190877465,0.035702458244655164
0,relu1_1,2.0573743134329116e-08,-0.2125546852377051,0.037604238515531095
0,relu1_1,2.095662399480431e-08,-0.21363628659281464,0.036620213902676724
0,relu1_1,2.1346630333242455e-08,-0.21246579022413797,0.037686089070552695
0,relu1_1,2.17438947560008e-08,-0.21299555748674623,0.03720049925726072
0,relu1_1,2.2148552337263593e-08,-0.21420819889052278,0.03610868093108135
0,relu1_1,2.256074066496859e-08,-0.21426681974596093,0.036056589259562476
0,relu1_1,2.2980599887588488e-08,-0.2138501713848875,0.036428203305151154
0,relu1_1,2.3408272761782943e-08,-0.21353599691305064,0.0367105386042627
0,relu1_1,2.3843904700937205e-08,-0.21318185674959544,0.03703098593326129
0,relu1_1,2.4287643824604505e-08,-0.21208061899865308,0.03804246255061443
0,relu1_1,2.4739641008868117e-08,-0.21553466543851477,0.03494528868296147
0,relu1_1,2.5200049937640895e-08,-0.21401150337510813,0.03628393000669447
0,relu1_1,2.566902715491952e-08,-0.21255858438850225,0.037600651761610905
0,relu1_1,2.614673211801092e-08,-0.21236939298492927,0.037775015834148815
0,relu1_1,2.6633327251749808e-08,-0.21550753539062775,0.03496876407788545
0,relu1_1,2.7128978003724646e-08,-0.21285023438144096,0.037333179277259175
0,relu1_1,2.763385290053167e-08,-0.21344637561355886,0.03679141287530886
0,relu1_1,2.8148123605075813e-08,-0.21301012622659113,0.037187219805237016
0,relu1_1,2.8671964974937697e-08,-0.2129262867383377,0.037263694116003214
0,relu1_1,2.9205555121827452e-08,-0.21166791578600633,0.0384274344848408
0,relu1_1,2.9749075472144435e-08,-0.21376297994916488,0.03650637543094212
0,relu1_1,3.030271082866393e-08,-0.21284489549057992,0.037338061223055066
0,relu1_1,3.0866649433372746e-08,-0.21209130716485383,0.038032535594458496
0,relu1_1,3.144108303147265e-08,-0.21363095304673493,0.036625012802620524
0,relu1_1,3.2026206936576504e-08,-0.2143130864844344,0.036015520229267795
0,relu1_1,3.262222009711673e-08,-0.2138465451769907,0.03643145160921678
0,relu1_1,3.322932516398968e-08,-0.2130394235151536,0.037160527255903464
0,relu1_1,3.384772855945983e-08,-0.21440344015778887,0.03593543023096624
0,relu1_1,3.447764054734464e-08,-0.2145247986743328,0.03582809254719246
0,relu1_1,3.5119275304507276e-08,-0.21445164534500635,0.03589276204638751
0,relu1_1,3.577285099367877e-08,-0.21261140277868723,0.03755209335039672
0,relu1_1,3.6438589837635405e-08,-0.21440271304481123,0.0359360741510568
0,relu1_1,3.711671819475767e-08,-0.21561605558217586,0.03487494191870729
0,relu1_1,3.780746663599349e-08,-0.21556033343098513,0.03492309058142102
0,relu1_1,3.851107002325569e-08,-0.21512020267190346,0.03530536697823666
0,relu1_1,3.9227767589277236e-08,-0.21425882657267176,0.036063688440228586
0,relu1_1,3.995780301895265e-08,-0.21450445106941254,0.0358460705511539
0,relu1_1,4.070142453219439e-08,-0.2152490699623397,0.03519307699465167
0,relu1_1,4.1458884968329114e-08,-0.2147471657785354,0.03563211408609528
0,relu1_1,4.223044187206672e-08,-0.21371405317417258,0.036550302659532866
0,relu1_1,4.3016357581067994e-08,-0.21495282735378965,0.03545166034578262
0,relu1_1,4.381689931514195e-08,-0.21518802756160674,0.03524622954388102
0,relu1_1,4.4632339267103976e-08,-0.21540579771105137,0.03505691482848645
0,relu1_1,4.546295469532399e-08,-0.2157381407976675,0.034769644872958604
0,relu1_1,4.630902801799737e-08,-0.21406213439253224,0.03623875144582871
0,relu1_1,4.717084690917022e-08,-0.2156906632138652,0.03481056193757927
0,relu1_1,4.804870439655134e-08,-0.21444049932468442,0.03590262401914128
0,relu1_1,4.8942898961145316e-08,-0.2155232931394434,0.034955127422483016
0,relu1_1,4.9853734638738935e-08,-0.21537720684981854,0.03508172098913096
0,relu1_1,5.0781521123276706e-08,-0.2153289993535149,0.03512358042834617
0,relu1_1,5.172657387216024e-08,-0.21594015152525659,0.034595999771187
0,relu1_1,5.268921421350677e-08,-0.21516840979203986,0.035263325984802474
0,relu1_1,5.366976945540476e-08,-0.2153047901962762,0.03514461749410284
0,relu1_1,5.4668572997201804e-08,-0.21651666113263288,0.03410444496398013
0,relu1_1,5.568596444286409e-08,-0.2164985163515983,0.034119825911068956
0,relu1_1,5.6722289716445493e-08,-0.2160690183786701,0.034485609164871554
0,relu1_1,5.777790117970507e-08,-0.2168090424255152,0.03385740244141937
0,relu1_1,5.885315775191451e-08,-0.2149695298762018,0.035437038787869926
0,relu1_1,5.99484250318941e-08,-0.2151751923040116,0.035257414392144706
0,relu1_1,6.106407542232036e-08,-0.2162853238120271,0.03430098207791441
0,relu1_1,6.220048825634717e-08,-0.21493029298073427,0.03547139519078885
0,relu1_1,6.335804992658255e-08,-0.2166869576240493,0.03396037220745718
0,relu1_1,6.453715401646702e-08,-0.21654910472056435,0.03407695775513043
0,relu1_1,6.573820143409585e-08,-0.21574951081754154,0.034759851978473436
0,relu1_1,6.696160054853215e-08,-0.2159801138784594,0.0345617352841802
0,relu1_1,6.820776732865692e-08,-0.21646607189530892,0.03414734293181478
0,relu1_1,6.94771254846024e-08,-0.2178821534861762,0.032963559906556916
0,relu1_1,7.077010661181889e-08,-0.2168211368065127,0.03384721601321511
0,relu1_1,7.208715033782136e-08,-0.2169047328568098,0.03377687816016542
0,relu1_1,7.342870447166758e-08,-0.2172159917637349,0.033516064884291444
0,relu1_1,7.479522515621828e-08,-0.21722882005939184,0.03350535213746673
0,relu1_1,7.618717702323e-08,-0.21796736966813368,0.03289343942327488
0,relu1_1,7.760503335133571e-08,-0.217200217037439,0.03352924210987739
0,relu1_1,7.90492762269642e-08,-0.21847605289074656,0.032477475917293566
0,relu1_1,8.05203967082547e-08,-0.21889656435477323,0.03213696834575194
0,relu1_1,8.201889499202212e-08,-0.2179877169970382,0.032876715135491744
0,relu1_1,8.354528058382872e-08,-0.2181241055673174,0.032764796709332605
0,relu1_1,8.510007247122247e-08,-0.21755437842591022,0.033234445560815486
0,relu1_1,8.668379930019774e-08,-0.2182876250210468,0.032631038363632354
0,relu1_1,8.829699955494083e-08,-0.2176485948486296,0.03315639029557124
0,relu1_1,8.994022174092053e-08,-0.21846248800481022,0.03248851046539987
0,relu1_1,9.161402457138521e-08,-0.21847001133174318,0.032482390118622195
0,relu1_1,9.331897715733239e-08,-0.2176757246205023,0.0331339428011514
0,relu1_1,9.505565920101191e-08,-0.21766289788141635,0.033144554201465774
0,relu1_1,9.682466119303114e-08,-0.21771568095496477,0.033100905761287096
0,relu1_1,9.86265846131283e-08,-0.21916786207350009,0.03191888751618788
0,relu1_1,1.0046204213468132e-07,-0.21747372634460738,0.03330138605962621
0,relu1_1,1.023316578330245e-07,-0.21747225133145717,0.033302611363416106
0,relu1_1,1.0423606739764012e-07,-0.21870739764066285,0.032289771039609366
0,relu1_1,1.061759183482999e-07,-0.21743524357275618,0.03333336639371473
0,relu1_1,1.0815187025522893e-07,-0.2172484307135075,0.03348898109958859
0,relu1_1,1.1016459496336569e-07,-0.21726877804241201,0.03347200220050104
0,relu1_1,1.1221477682079802e-07,-0.2174662063683115,0.033307633353315755
0,relu1_1,1.1430311291144787e-07,-0.2171745603316388,0.033550683439821066
0,relu1_1,1.1643031329208756e-07,-0.21722882005939184,0.03350535213746673
0,relu1_1,1.1859710123376706e-07,-0.2181497558328812,0.0327437843844849
0,relu1_1,1.208042134677329e-07,-0.21730873575691811,0.033438680432262356
0,relu1_1,1.2305240043592615e-07,-0.21730873575691811,0.033438680432262356
0,relu1_1,1.2534242654613995e-07,-0.21808341077150262,0.03279815660325134
0,relu1_1,1.2767507043192645e-07,-0.21788067568282707,0.03296477703282906
0,relu1_1,1.3005112521734099e-07,-0.21843005728942366,0.03251490449726042
0,relu1_1,1.3247139878661174e-07,-0.2176025936350436,0.03319448150935491
0,relu1_1,1.3493671405883065e-07,-0.21821906009088526,0.03268706811444753
0,relu1_1,1.3744790926775367e-07,-0.2168618314643217,0.03381296008453029
0,relu1_1,1.400058382468096e-07,-0.2168889612361944,0.033790139007063784
0,relu1_1,1.4261137071941298e-07,-0.21618285404232235,0.0343883410944866
0,relu1_1,1.4526539259467813e-07,-0.21705925841016352,0.033647183861507106
0,relu1_1,1.4796880626863963e-07,-0.21743155667364814,0.03333643167385073
0,relu1_1,1.5072253093107556e-07,-0.217200217037439,0.03352924210987739
0,relu1_1,1.5352750287804213e-07,-0.21679400703464,0.03387006951547044
0,relu1_1,1.563846758302248e-07,-0.21698465128450306,0.03370974968931858
0,relu1_1,1.592950212572123e-07,-0.2168475311991319,0.03382499442910687
0,relu1_1,1.6225952870780872e-07,-0.21657018641669032,0.03405910668053184
0,relu1_1,1.6527920614648973e-07,-0.21619256909977527,0.0343800506545724
0,relu1_1,1.6835508029612007e-07,-0.2168475311991319,0.03382499442910687
0,relu1_1,1.714881969870541e-07,-0.2165091444299768,0.03411081600622462
0,relu1_1,1.7467962151272458e-07,-0.21679474223736733,0.03386945002634855
0,relu1_1,1.7793043899185772e-07,-0.21642848907503415,0.03417924126540953
0,relu1_1,1.8124175473742396e-07,-0.21751294598926618,0.03326881994396198
0,relu1_1,1.8461469463245456e-07,-0.21848283533371474,0.03247195982788468
0,relu1_1,1.8805040551285834e-07,-0.21667118827997833,0.03397369170687805
0,relu1_1,1.915500555573528e-07,-0.21788745817179742,0.03295919125257954
0,relu1_1,1.9511483468466165e-07,-0.2174383391166163,0.033330792948331196
0,relu1_1,1.9874595495809857e-07,-0.21843535823293755,0.03251058904117693
0,relu1_1,2.0244465099768018e-07,-0.21702387411828544,0.033676845074138415
0,relu1_1,2.0621218039991447e-07,-0.2174308193163321,0.033337044739641025
0,relu1_1,2.1004982416539152e-07,-0.2184217933470012,0.03252163307022538
0,relu1_1,2.1395888713434216e-07,-0.21885512750949543,0.0321703874206321
0,relu1_1,2.179406984302958e-07,-0.21837505680817532,0.03255970845060863
0,relu1_1,2.2199661191199526e-07,-0.21700426276665333,0.03369329394703084
0,relu1_1,2.2612800663372794e-07,-0.21728160607704833,0.03346130152698193
0,relu1_1,2.3033628731421313e-07,-0.21713312918304858,0.03358533184707002
0,relu1_1,2.3462288481422625e-07,-0.21701104520962147,0.033687604459723
0,relu1_1,2.389892566231053e-07,-0.2166033640803039,0.034031029188821935
0,relu1_1,2.434368873543108e-07,-0.21731699211699057,0.03343179872271572
0,relu1_1,2.47967289250216e-07,-0.2166033640803039,0.034031029188821935
0,relu1_1,2.5258200269627846e-07,-0.21694322077993977,0.033744535726990245
0,relu1_1,2.572825967447932e-07,-0.21653553988062946,0.03408844803875064
0,relu1_1,2.620706696483855e-07,-0.21653553988062946,0.03408844803875064
0,relu1_1,2.669478494034318e-07,-0.21744512155958448,0.033325155025772976
0,relu1_1,2.7191579430360187e-07,-0.2172016901955153,0.033528011340653134
0,relu1_1,2.769761935036891e-07,-0.21821906009088526,0.03268706811444753
0,relu1_1,2.8213076759394705e-07,-0.21824470971242543,0.03266609832566372
0,relu1_1,2.8738126918510695e-07,-0.21832609875203476,0.03259963394040212
0,relu1_1,2.927294835042813e-07,-0.21786563302361112,0.032977168396414965
0,relu1_1,2.9817722900196733e-07,-0.21745794899620188,0.03331449438229279
0,relu1_1,3.0372635797033114e-07,-0.21786563302361112,0.032977168396414965
0,relu1_1,3.0937875717301365e-07,-0.2167397474908946,0.03391581546462974
0,relu1_1,3.1513634848664826e-07,-0.21633206728160612,0.0342611936709265
0,relu1_1,3.2100108955431685e-07,-0.21768250706347048,0.03312833292757694
0,relu1_1,3.2697497445117677e-07,-0.2168475311991319,0.03382499442910687
0,relu1_1,3.3306003436245885e-07,-0.2168475311991319,0.03382499442910687
0,relu1_1,3.3925833827409916e-07,-0.21766142159522522,0.03314577569812452
0,relu1_1,3.455719936762143e-07,-0.2168475311991319,0.03382499442910687
0,relu1_1,3.520031472796675e-07,-0.2175935973955508,0.03320193513363016
0,relu1_1,3.585539857459817e-07,-0.21792741405421254,0.03292630140268515
0,relu1_1,3.6522673643081754e-07,-0.2179470223392292,0.03291017087689357
0,relu1_1,3.7202366814130657e-07,-0.21741872910652757,0.03334709833521522
0,relu1_1,3.7894709190746713e-07,-0.217322300596853,0.0334273747129442
0,relu1_1,3.8599936176797634e-07,-0.21683470169244903,0.03383579412772503
0,relu1_1,3.9318287557057704e-07,-0.2168618314643217,0.03381296008453029
0,relu1_1,4.005000757873611e-07,-0.21724091155724368,0.0334952573196998
0,relu1_1,4.079534503452449e-07,-0.21642702116115034,0.034180487662274245
0,relu1_1,4.1554553347188797e-07,-0.2166033640803039,0.034031029188821935
0,relu1_1,4.232789065573544e-07,-0.21618285404232235,0.0343883410944866
0,relu1_1,4.3115619903182285e-07,-0.2162378467112499,0.0343414347197293
0,relu1_1,4.391800892596086e-07,-0.21580303852414545,0.03471378018553679
0,relu1_1,4.473533054498463e-07,-0.2165498390877858,0.03407633579226538
0,relu1_1,4.556786265841069e-07,-0.21616928920238745,0.03439991959573229
0,relu1_1,4.6415888336127725e-07,-0.2155460375284964,0.03493545245075454
0,relu1_1,4.7279695916003907e-07,-0.21592512208355946,0.034608893687979134
0,relu1_1,4.815957910192351e-07,-0.21592512208355946,0.034608893687979134
0,relu1_1,4.905583706365046e-07,-0.21551890775662372,0.03495892205612827
0,relu1_1,4.996877453854889e-07,-0.21485349972870324,0.03553871741363581
0,relu1_1,5.089870193519674e-07,-0.21519262072707546,0.03524222771017909
0,relu1_1,5.184593543892913e-07,-0.21519262072707546,0.03524222771017909
0,relu1_1,5.281079711934331e-07,-0.21589872456284132,0.03463155017624409
0,relu1_1,5.379361503980697e-07,-0.21584373304395013,0.034678788380080434
0,relu1_1,5.479472336900293e-07,-0.21595225176342922,0.03458562178296612
0,relu1_1,5.581446249454955e-07,-0.21545035268583834,0.03501828716547619
0,relu1_1,5.685317913873753e-07,-0.2152740097666848,0.03517138008726263
0,relu1_1,5.791122647641759e-07,-0.2157366775461826,0.03477090532647784
0,relu1_1,5.898896425508493e-07,-0.21489419424850792,0.03550302846463374
0,relu1_1,6.008675891719693e-07,-0.21580377036128692,0.03471315064228568
0,relu1_1,6.12049837247669e-07,-0.21623858002789842,0.0343408095958679
0,relu1_1,6.234401888627864e-07,-0.21621071693937724,0.034364568517976604
0,relu1_1,6.350425168595962e-07,-0.21583016820401524,0.034690449020302064
0,relu1_1,6.468607661546321e-07,-0.2162378467112499,0.0343414347197293
0,relu1_1,6.588989550799957e-07,-0.21549104720564302,0.034983037632280875
0,relu1_1,6.711611767496273e-07,-0.21552642110113945,0.03495242103583048
0,relu1_1,6.836516004510239e-07,-0.21649557954404045,0.034122315929144366
0,relu1_1,6.963744730628223e-07,-0.215979381443299,0.03456236303142408
0,relu1_1,7.09334120498799e-07,-0.21643527154100328,0.034173482810535664
0,relu1_1,7.225349491787222e-07,-0.21655662153075397,0.03407059194076222
0,relu1_1,7.359814475265756e-07,-0.21602007596310369,0.03452749955457156
0,relu1_1,7.496781874966877e-07,-0.2159658166033641,0.03457399076336263
0,relu1_1,7.636298261282241e-07,-0.21634031701743542,0.034254175461715934
0,relu1_1,7.778411071286482e-07,-0.21599367876439574,0.034550110977248874
0,relu1_1,7.923168624866261e-07,-0.215613130765057,0.034877467821067494
0,relu1_1,8.070620141149491e-07,-0.21378187737384702,0.036489420878590376
0,relu1_1,8.220815755240541e-07,-0.21505770163478805,0.03535993621360173
0,relu1_1,8.373806535266489e-07,-0.21492132392837768,0.035479252550206154
0,relu1_1,8.529644499741017e-07,-0.2144879764254616,0.035860632168575296
0,relu1_1,8.688382635251193e-07,-0.21429806802235282,0.03602884718014002
0,relu1_1,8.850074914473439e-07,-0.21470428648941947,0.035669834645310275
0,relu1_1,9.014776314524917e-07,-0.21454901841217516,0.03580670320651133
0,relu1_1,9.182542835656282e-07,-0.21489492300355192,0.035502389623367776
0,relu1_1,9.353431520292377e-07,-0.21439302222390721,0.03594465711759557
0,relu1_1,9.5275004724273e-07,-0.21422951709169835,0.03608972984929518
0,relu1_1,9.704808877380307e-07,-0.21376903747083542,0.0365009399730101
0,relu1_1,9.885417021919574e-07,-0.2144879764254616,0.035860632168575296
0,relu1_1,1.0069386314760271e-06,-0.2145415084102008,0.0358133344188458
0,relu1_1,1.0256779307444208e-06,-0.2145415084102008,0.0358133344188458
0,relu1_1,1.0447659715608053e-06,-0.2145415084102008,0.0358133344188458
0,relu1_1,1.0642092440647247e-06,-0.2145415084102008,0.0358133344188458
0,relu1_1,1.084014359178331e-06,-0.215002712967987,0.03540800499213518
0,relu1_1,1.10418805085416e-06,-0.2140396093326099,0.036258844952135716
0,relu1_1,1.1247371783647508e-06,-0.21294085729788392,0.03725039411025793
0,relu1_1,1.1456687286348725e-06,-0.21326641345632125,0.03695426174386873
0,relu1_1,1.1669898186171475e-06,-0.21352414541508413,0.036721224840683415
0,relu1_1,1.1887076977119033e-06,-0.21317145957677702,0.03704042921961386
0,relu1_1,1.2108297502320394e-06,-0.21196490764130174,0.03815007181189854
0,relu1_1,1.2333634979137747e-06,-0.21205914270211615,0.03806241586251655
0,relu1_1,1.2563166024741214e-06,-0.2107976125881715,0.03924994510230785
0,relu1_1,1.2796968682159416e-06,-0.21109675494137578,0.03896558670397717
0,relu1_1,1.303512244681509e-06,-0.2113002282304209,0.03877315479909992
0,relu1_1,1.327770829355429e-06,-0.2107840477482366,0.03926288053488583
0,relu1_1,1.352480870417874e-06,-0.2104584915897993,0.03957440101069436
0,relu1_1,1.377650769549055e-06,-0.21172002170374393,0.03837865079686659
0,relu1_1,1.4032890847858731e-06,-0.21173358654367883,0.03836595934069935
0,relu1_1,1.4294045334317611e-06,-0.21201916718504712,0.03809957984813074
0,relu1_1,1.4560059950206485e-06,-0.21193705914270217,0.038176008346928664
0,relu1_1,1.483102514336103e-06,-0.21212696690179061,0.03799943121804586
0,relu1_1,1.5107033044866557e-06,-0.2120184481823115,0.038100248560283434
0,relu1_1,1.5388177500383465e-06,-0.21182854042322305,0.03827721739968227
0,relu1_1,1.567455410205595e-06,-0.21108247422680418,0.03897912240520333
0,relu1_1,1.596626022101425e-06,-0.21108247422680418,0.03897912240520333
0,relu1_1,1.6263395040481906e-06,-0.2113944655453066,0.038684300767942305
0,relu1_1,1.6566059589499152e-06,-0.2110146500271297,0.03904346193351783
0,relu1_1,1.6874356777273756e-06,-0.2110146500271297,0.03904346193351783
0,relu1_1,1.7188391428171457e-06,-0.2110146500271297,0.03904346193351783
0,relu1_1,1.7508270317357268e-06,-0.21033640803038528,0.03969175211559443
0,relu1_1,1.7834102207100063e-06,-0.2107840477482366,0.03926288053488583
0,relu1_1,1.8165997883753285e-06,-0.2107840477482366,0.03926288053488583
0,relu1_1,1.850407019542302e-06,-0.21077048290830172,0.03927581952884483
0,relu1_1,1.8848434090337953e-06,-0.21077048290830172,0.03927581952884483
0,relu1_1,1.919920665593287e-06,-0.21056701030927838,0.03947033230044374
0,relu1_1,1.955650715865947e-06,-0.21056701030927838,0.03947033230044374
0,relu1_1,1.992045708453871e-06,-0.21056701030927838,0.03947033230044374
0,relu1_1,2.029118018046678e-06,-0.21056701030927838,0.03947033230044374
0,relu1_1,2.066880249629082e-06,-0.2092376559956593,0.040761045382919255
0,relu1_1,2.1053452427667084e-06,-0.20915697625247867,0.04084049974310411
0,relu1_1,2.144526075971665e-06,-0.20907487791644064,0.04092148367477308
0,relu1_1,2.1844360711494283e-06,-0.20907487791644064,0.04092148367477308
0,relu1_1,2.2250887981283694e-06,-0.20907487791644064,0.04092148367477308
0,relu1_1,2.266498079273693e-06,-0.20907487791644064,0.04092148367477308
0,relu1_1,2.308677994187172e-06,-0.20918339663591973,0.040814466430271555
0,relu1_1,2.351642884494346e-06,-0.20759631036353776,0.04240305140963167
0,relu1_1,2.3954073587208794e-06,-0.2068095496473142,0.04320943466910869
0,relu1_1,2.43998629725955e-06,-0.2068095496473142,0.04320943466910869
0,relu1_1,2.4853948574297983e-06,-0.2076776994031471,0.04232035200033398
0,relu1_1,2.531648478631358e-06,-0.20812533912099843,0.04186790135365859
0,relu1_1,2.5787628875937984e-06,-0.20735214324470974,0.04265195698059538
0,relu1_1,2.6267541037238384e-06,-0.20735214324470974,0.04265195698059538
0,relu1_1,2.6756384445520452e-06,-0.20735214324470974,0.04265195698059538
0,relu1_1,2.725432531281028e-06,-0.20735214324470974,0.04265195698059538
0,relu1_1,2.776153294436804e-06,-0.20735214324470974,0.04265195698059538
0,relu1_1,2.827817979625338e-06,-0.20723005968529576,0.04277686489322211
0,relu1_1,2.880444153396298e-06,-0.20618556701030932,0.04385800995224208
0,relu1_1,2.934049709215787e-06,-0.20618556701030932,0.04385800995224208
0,relu1_1,2.9886528735503824e-06,-0.20531741725447644,0.04477381164272574
0,relu1_1,3.0442722120643057e-06,-0.20381172002170378,0.04639976817483648
0,relu1_1,3.1009266359319234e-06,-0.2041372761801411,0.04604412718575489
0,relu1_1,3.158635408267819e-06,-0.20377102550189913,0.04644438285293252
0,relu1_1,3.2174181506763714e-06,-0.20394736842105268,0.04625130888712118
0,relu1_1,3.277294849923382e-06,-0.20394736842105268,0.04625130888712118
0,relu1_1,3.3382858647317643e-06,-0.2049104720564298,0.045208525307003894
0,relu1_1,3.4004119327037024e-06,-0.2049104720564298,0.045208525307003894
0,relu1_1,3.4636941773717343e-06,-0.2049104720564298,0.045208525307003894
0,relu1_1,3.5281541153808832e-06,-0.2049104720564298,0.045208525307003894
0,relu1_1,3.5938136638046257e-06,-0.2049104720564298,0.045208525307003894
0,relu1_1,3.660695147596906e-06,-0.20341833966359202,0.04683253370480092
0,relu1_1,3.72882130718283e-06,-0.20424579489962022,0.045926083324112764
0,relu1_1,3.7982153061907363e-06,-0.20347259902333156,0.046772643974404934
0,relu1_1,3.868900739327975e-06,-0.20364894194248512,0.046578440119915625
0,relu1_1,3.9409016404034476e-06,-0.20364894194248512,0.046578440119915625
0,relu1_1,4.014242490499326e-06,-0.203784590341834,0.04642950734735291
0,relu1_1,4.088948226294856e-06,-0.20385241454150846,0.04635518900124492
0,relu1_1,4.1650442485451855e-06,-0.2021161150298427,0.048289041620988064
0,relu1_1,4.242556430717777e-06,-0.20134291915355404,0.04917141866404879
0,relu1_1,4.321511127789762e-06,-0.20134291915355404,0.04917141866404879
0,relu1_1,4.401935185208879e-06,-0.2010173629951167,0.04954690768229445
0,relu1_1,4.483855948021182e-06,-0.20056972327726535,0.05006706610510553
0,relu1_1,4.567301270168747e-06,-0.19990504612045581,0.050847724984140745
0,relu1_1,4.652299523960189e-06,-0.2002848616386327,0.050400415107173156
0,relu1_1,4.738879609717651e-06,-0.2002848616386327,0.050400415107173156
0,relu1_1,4.827070965603188e-06,-0.2002848616386327,0.050400415107173156
0,relu1_1,4.916903577628021e-06,-0.20000000000000004,0.05073559194474597
0,relu1_1,5.008407989848212e-06,-0.19974226804123715,0.0510404281769834
0,relu1_1,5.101615314749834e-06,-0.19952523060227892,0.051298301377105504
0,relu1_1,5.1965572438276574e-06,-0.1997965274009767,0.05097612703298803
0,relu1_1,5.293266058360567e-06,-0.19960661964188828,0.05120147345121609
0,relu1_1,5.391774640387494e-06,-0.19978296256104183,0.05099219605801812
0,relu1_1,5.492116483887789e-06,-0.19964731416169293,0.05115311597688898
0,relu1_1,5.594325706169378e-06,-0.19998643516006515,0.050751598461051865
0,relu1_1,5.698437059469136e-06,-0.20028554085011008,0.05039961811351675
0,relu1_1,5.804485942768984e-06,-0.20071893651654915,0.04989318179056624
0,relu1_1,5.912508413831869e-06,-0.20071893651654915,0.04989318179056624
0,relu1_1,6.022541201461928e-06,-0.20059685295713514,0.05003541364901879
0,relu1_1,6.134621717992506e-06,-0.20059685295713514,0.05003541364901879
0,relu1_1,6.248788072006888e-06,-0.20134291915355404,0.04917141866404879
0,relu1_1,6.365079081295578e-06,-0.20134291915355404,0.04917141866404879
0,relu1_1,6.483534286054714e-06,-0.2007596310363538,0.049845845358429224
0,relu1_1,6.604193962330305e-06,-0.2008817145957678,0.04970405833169479
0,relu1_1,6.727099135712336e-06,-0.2008817145957678,0.04970405833169479
0,relu1_1,6.852291595284057e-06,-0.2008817145957678,0.04970405833169479
0,relu1_1,6.979813907830667e-06,-0.19842647856755294,0.05262030419975236
0,relu1_1,7.109709432312424e-06,-0.1977482365708085,0.05345025220915131
0,relu1_1,7.242022334607315e-06,-0.1971513836136734,0.05418947600283176
0,relu1_1,7.376797602527731e-06,-0.19869777536625072,0.05229130643697427
0,relu1_1,7.514081061116962e-06,-0.19869777536625072,0.05229130643697427
0,relu1_1,7.653919388230155e-06,-0.1986028214867065,0.05240626260714483
0,relu1_1,7.796360130405221e-06,-0.19791101465002717,0.05325009014100237
0,relu1_1,7.94145171902934e-06,-0.19700217037438963,0.054375587660498714
0,relu1_1,8.089243486805938e-06,-0.19696147585458496,0.05442643634842997
0,relu1_1,8.239785684528512e-06,-0.19697504069451985,0.05440948245080382
0,relu1_1,8.393129498166374e-06,-0.19686652197504073,0.05454523508469032
0,relu1_1,8.549327066268366e-06,-0.19682582745523608,0.05459621393608733
0,relu1_1,8.708431497690725e-06,-0.19683939229517095,0.05457921664277696
0,relu1_1,8.870496889654403e-06,-0.19670374389582207,0.05474938514547378
0,relu1_1,9.035578346138921e-06,-0.19632392837764517,0.055228174183682206
0,relu1_1,9.20373199661823e-06,-0.19597124253933806,0.05567583349890102
0,relu1_1,9.37501501514529e-06,-0.19609332609875207,0.05552053910464041
0,relu1_1,9.549485639791967e-06,-0.1959441128594683,0.05571039167279172
0,relu1_1,9.727203192450538e-06,-0.19664948453608252,0.054817574329753406
0,relu1_1,9.908228099003787e-06,-0.19538795442213786,0.056422717565933755
0,relu1_1,1.0092621909870484e-05,-0.19555073250135652,0.05621346398537118
0,relu1_1,1.0280447320933097e-05,-0.19575420510037986,0.05595279149487842
0,relu1_1,1.0471768194855202e-05,-0.1967986977753663,0.05463022155517487
0,relu1_1,1.0666649582795388e-05,-0.19683939229517095,0.05457921664277696
0,relu1_1,1.0865157746525373e-05,-0.1977482365708085,0.05345025220915131
0,relu1_1,1.1067360180959745e-05,-0.19765328269126428,0.05356729864750722
0,relu1_1,1.1273325637104872e-05,-0.19806022788931094,0.05306714983832828
0,relu1_1,1.148312414543511e-05,-0.19727346717308739,0.054037592128175355
0,relu1_1,1.1696827039703846e-05,-0.19758545849158984,0.053651032110487
0,relu1_1,1.1914506981197747e-05,-0.1960661964188823,0.05555501824482567
0,relu1_1,1.2136237983442418e-05,-0.19648670645686384,0.055022560079750496
0,relu1_1,1.2362095437367691e-05,-0.19658166033640806,0.05490290878373617
0,relu1_1,1.259215613694151e-05,-0.19644601193705918,0.05507390464439313
0,relu1_1,1.28264983052806e-05,-0.19597124253933806,0.05567583349890102
0,relu1_1,1.3065201621247199e-05,-0.19555073250135652,0.05621346398537118
0,relu1_1,1.330834724654076e-05,-0.19527943570265874,0.05656257406752254
0,relu1_1,1.355601785329369e-05,-0.1949674443841563,0.05696624357395694
0,relu1_1,1.3808297652180924e-05,-0.19504883342376564,0.05686071182286022
0,relu1_1,1.4065272421052364e-05,-0.19475040694519807,0.057248445595972475
0,relu1_1,1.4327029534098295e-05,-0.19548290830168208,0.056300575583888575
0,relu1_1,1.4593657991557576e-05,-0.1949674443841563,0.05696624357395694
0,relu1_1,1.4865248449978572e-05,-0.19549647314161697,0.056283144423442365
0,relu1_1,1.514189325304352e-05,-0.19538795442213786,0.056422717565933755
0,relu1_1,1.5423686462966275e-05,-0.19527943570265874,0.05656257406752254
0,relu1_1,1.5710723892474488e-05,-0.1955642973412914,0.05619605492283029
0,relu1_1,1.6003103137387017e-05,-0.19507596310363542,0.05682557015904928
0,relu1_1,1.630092360979741e-05,-0.1939907759088443,0.058245174797474694
0,relu1_1,1.6604286571875295e-05,-0.19329896907216498,0.05916520985574929
0,relu1_1,1.691329517029647e-05,-0.193176885512751,0.0593287943878807
0,relu1_1,1.7228054471313922e-05,-0.19411285946825832,0.058084036135457456
0,relu1_1,1.754867149648152e-05,-0.1949674443841563,0.05696624357395694
0,relu1_1,1.7875255259042355e-05,-0.19597124253933806,0.05567583349890102
0,relu1_1,1.8207916800994626e-05,-0.1960526315789474,0.05557226439652461
0,relu1_1,1.8546769230846977e-05,-0.1952387411828541,0.05661509339177011
0,relu1_1,1.8891927762076646e-05,-0.19588985349972873,0.05577956076809464
0,relu1_1,1.924350975230332e-05,-0.1964053174172545,0.05512528850241695
0,relu1_1,1.9601634743191856e-05,-0.1937601736299512,0.05855054480883215
0,relu1_1,1.9966424501097934e-05,-0.19693434617471517,0.05446035715255969
0,relu1_1,2.03380030584698e-05,-0.19639175257731964,0.055142425190629875
0,relu1_1,2.071649675602067e-05,-0.19511665762344008,0.05677289100395944
0,relu1_1,2.1102034285685967e-05,-0.19526587086272384,0.05658007607407162
0,relu1_1,2.1494746734379807e-05,-0.1958220293000543,0.05586612110393469
0,relu1_1,2.189476762856621e-05,-0.1954422137818774,0.056352895600100726
0,relu1_1,2.2302232979659363e-05,-0.1952387411828541,0.05661509339177011
0,relu1_1,2.2717281330269027e-05,-0.1961882799782963,0.05540000024491752
0,relu1_1,2.314005380130654e-05,-0.19575420510037986,0.05595279149487842
0,relu1_1,2.3570694139967276e-05,-0.19526587086272384,0.05658007607407162
0,relu1_1,2.4009348768606518e-05,-0.1949945740640261,0.05693104852398072
0,relu1_1,2.445616683452444e-05,-0.19472327726532832,0.057283801146551946
0,relu1_1,2.491130026067791e-05,-0.1942620727075421,0.05788758404027805
0,relu1_1,2.5374903797335716e-05,-0.1931633206728161,0.059346993220582615
0,relu1_1,2.584713507469564e-05,-0.19366521975040699,0.058676665079784515
0,relu1_1,2.63281546564802e-05,-0.1957948996201845,0.055900776048173596
0,relu1_1,2.6818126094530128e-05,-0.1967715680954965,0.05466424655612818
0,relu1_1,2.731721598441379e-05,-0.1969072164948454,0.05449429530710025
0,relu1_1,2.782559402207126e-05,-0.19881985892566473,0.05214381058399544
0,relu1_1,2.8343433061513092e-05,-0.19951166576234405,0.05131445401902282
0,relu1_1,2.8870909173592348e-05,-0.1999186109603907,0.05083169348530961
0,relu1_1,2.9408201705870607e-05,-0.19945740640260448,0.05137910648455033
0,relu1_1,2.9955493343598162e-05,-0.1990775908844276,0.05183355460232846
0,relu1_1,3.051297017182871e-05,-0.19986435160065116,0.050895844482568287
0,relu1_1,3.1080821738690636e-05,-0.19949810092240916,0.05133061084994813
0,relu1_1,3.165924111983521e-05,-0.19808735756918072,0.0530339435380821
0,relu1_1,3.224842498408439e-05,-0.19869777536625072,0.05229130643697427
0,relu1_1,3.284857366030047e-05,-0.1995523602821487,0.05126600865718366
0,relu1_1,3.345989120549975e-05,-0.1994438415626696,0.05139528007928624
0,relu1_1,3.408258547423452e-05,-0.19947097124253937,0.05136293708193402
0,relu1_1,3.4716868189265594e-05,-0.1987113402061856,0.05227490107623334
0,relu1_1,3.536295501355039e-05,-0.19914541508410205,0.05175216134492592
0,relu1_1,3.602106562357074e-05,-0.19997287032013025,0.05076760913917133
0,relu1_1,3.669142378402494e-05,-0.1995523602821487,0.05126600865718366
0,relu1_1,3.7374257423910643e-05,-0.1983450895279436,0.05271933485185202
0,relu1_1,3.806979871402284e-05,-0.1977482365708085,0.05345025220915131
0,relu1_1,3.877828414589453e-05,-0.19869777536625072,0.05229130643697427
0,relu1_1,3.949995461220647e-05,-0.19936245252306026,0.05149240972578467
0,relu1_1,4.023505548869293e-05,-0.20013564839934891,0.05057575551071216
0,relu1_1,4.098383671757261e-05,-0.20020347259902338,0.05049599309014013
0,relu1_1,4.174655289253135e-05,-0.20013564839934891,0.05057575551071216
0,relu1_1,4.252346334528678e-05,-0.1995387954422138,0.05128215292341837
0,relu1_1,4.331483223376403e-05,-0.19862995116657628,0.05237339679268487
0,relu1_1,4.41209286319119e-05,-0.1994438415626696,0.05139528007928624
0,relu1_1,4.494202662119142e-05,-0.19943027672273472,0.05141145786691969
0,relu1_1,4.577840538376616e-05,-0.19856212696690184,0.05245559313997172
0,relu1_1,4.6630349297427265e-05,-0.19682582745523608,0.05459621393608733
0,relu1_1,4.7498148032285043e-05,-0.1988334237655996,0.05212744330997191
0,relu1_1,4.838209664925957e-05,-0.19841291372761805,0.05263679867542717
0,relu1_1,4.9282495700405135e-05,-0.1985892566467716,0.05242270187582132
0,relu1_1,5.0199651331100794e-05,-0.1983722192078134,0.05268630761854561
0,relu1_1,5.113387538414321e-05,-0.19943027672273472,0.05141145786691969
0,relu1_1,5.2085485505776655e-05,-0.19787032013022252,0.0533000728102236
0,relu1_1,5.305480525369574e-05,-0.20004069451980472,0.05068759735894911
0,relu1_1,5.404216420705915e-05,-0.20033912099837226,0.0503367793571973
0,relu1_1,5.5047898078549675e-05,-0.2002984264785676,0.05038449995449186
0,relu1_1,5.607234882852027e-05,-0.2012615301139447,0.04926506994208469
0,relu1_1,5.711586478126435e-05,-0.20179055887140535,0.04865896050952258
0,relu1_1,5.8178800743449355e-05,-0.2011530113944656,0.0493901673295746
0,relu1_1,5.926151812475552e-05,-0.20084102007596313,0.04975128364987076
0,relu1_1,6.0364385060758635e-05,-0.20103092783505158,0.04953121519641678
0,relu1_1,6.148777653810017e-05,-0.20062398263700493,0.05000377770067498
0,relu1_1,6.263207452198692e-05,-0.20062398263700493,0.05000377770067498
0,relu1_1,6.379766808606283e-05,-0.20382528486163867,0.0463849045063764
0,relu1_1,6.498495354469889e-05,-0.20362181226261533,0.04660827409909364
0,relu1_1,6.619433458774387e-05,-0.20436787845903423,0.04579358388657197
0,relu1_1,6.742622241778336e-05,-0.20469343461747155,0.04544180040257326
0,relu1_1,6.868103588995308e-05,-0.20834237655995663,0.041649985631059004
0,relu1_1,6.995920165435375e-05,-0.20831524688008685,0.041677173320434455
0,relu1_1,7.126115430111745e-05,-0.20938686923494307,0.040614438074941056
0,relu1_1,7.258733650817246e-05,-0.20868149755832885,0.04131138426366259
0,relu1_1,7.393819919175873e-05,-0.20822029300054262,0.041772446674590936
0,relu1_1,7.531420165974376e-05,-0.2076776994031471,0.04232035200033398
0,relu1_1,7.671581176779303e-05,-0.20774552360282153,0.04225153841456995
0,relu1_1,7.814350607844543e-05,-0.20965816603364085,0.04034900609134076
0,relu1_1,7.959777002314978e-05,-0.20881714595767775,0.04117658754375671
0,relu1_1,8.107909806731695e-05,-0.20881714595767775,0.04117658754375671
0,relu1_1,8.258799387844272e-05,-0.21048562126966905,0.03954836237425414
0,relu1_1,8.412497049736118e-05,-0.21428377645143792,0.03604153294985968
0,relu1_1,8.569055051268347e-05,-0.21167932718393928,0.038416746235353114
0,relu1_1,8.728526623848371e-05,-0.2128594682582746,0.03732473697144048
0,relu1_1,8.890965989529168e-05,-0.21317145957677702,0.03704042921961386
0,relu1_1,9.056428379445294e-05,-0.21551817688551278,0.0349595545061901
0,relu1_1,9.224970052592174e-05,-0.21638632664134566,0.03421505635479813
0,relu1_1,9.39664831495469e-05,-0.217932718393923,0.03292193719286236
0,relu1_1,9.571521538991856e-05,-0.21832609875203476,0.03259963394040212
0,relu1_1,9.749649183484096e-05,-0.22002170374389587,0.031240662091123923
0,relu1_1,9.9310918137498e-05,-0.22140531741725453,0.030167470595324375
0,relu1_1,0.00010115911122238297,-0.22150027129679875,0.030094977427933316
0,relu1_1,0.00010304169949505875,-0.22257189365165495,0.029287001597166958
0,relu1_1,0.00010495932305582266,-0.2234671730873576,0.028626135426940764
0,relu1_1,0.00010691263391734771,-0.2231009224091156,0.028894946400503045
0,relu1_1,0.00010890229622637306,-0.22266684753119917,0.029216302942893752
0,relu1_1,0.00011092898648952228,-0.22018448182311454,0.031112754459544537
0,relu1_1,0.00011299339380332217,-0.2186516549104721,0.03233491486287293
0,relu1_1,0.00011509622008850311,-0.2210797612588172,0.030417140491576112
0,relu1_1,0.00011723818032865997,-0.22147314161692896,0.030115674714727668
0,relu1_1,0.00011942000281335325,-0.22038795442213785,0.030953492025215378
0,relu1_1,0.0001216424293857368,-0.2216766142159523,0.029960738039207485
0,relu1_1,0.00012390621569479155,-0.2221378187737385,0.029612042561612293
0,relu1_1,0.0001262121314522546,-0.22483722192078137,0.02763929453949541
0,relu1_1,0.00012856096069432965,-0.22368421052631585,0.028467842215110478
0,relu1_1,0.00013095350204826676,-0.2256511123168747,0.02706683573074158
0,relu1_1,0.00013339056900390586,-0.22525773195876292,0.02734225429870252
0,relu1_1,0.0001358729901902709,-0.22558328811720027,0.027114152900739666
0,relu1_1,0.00013840160965731301,-0.2258817145957678,0.026906481562265213
0,relu1_1,0.00014097728716289676,-0.22422680412371138,0.028075351699705202
0,relu1_1,0.00014360089846512608,-0.22635648399348893,0.026578880451423013
0,relu1_1,0.000146273335620113,-0.22381985892566472,0.02836928617527801
0,relu1_1,0.00014899550728528536,-0.2227753662506783,0.029135681463289223
0,relu1_1,0.00015176833902834038,-0.2268719479110147,0.026227043653798725
0,relu1_1,0.00015459277364194784,-0.2270889853499729,0.02608009103332125
0,relu1_1,0.00015746977146430867,-0.2283098209441129,0.025266467475570115
0,relu1_1,0.000160400310705682,-0.22706185567010315,0.02609842172724216
0,relu1_1,0.00016338538778098603,-0.2233586543678785,0.028705561309947475
0,relu1_1,0.0001664260176485902,-0.22344004340748783,0.02864597441914798
0,relu1_1,0.00016952323415541214,-0.2249321758003256,0.027571982670491806
0,relu1_1,0.0001726780903884356,-0.22443027672273472,0.027929355579543173
0,relu1_1,0.00017589165903277327,-0.22619370591427027,0.026690816856086246
0,relu1_1,0.00017916503273638994,-0.22765870862723825,0.02569766841503378
0,relu1_1,0.00018249932448161505,-0.22916440586001088,0.024709879104581722
0,relu1_1,0.00018589566796356884,-0.230371676614216,0.023941418074775157
0,relu1_1,0.00018935521797562954,-0.2314432989690722,0.023276477549842543
0,relu1_1,0.00019287915080207777,-0.22973412913727623,0.024344654249383854
0,relu1_1,0.00019646866461804445,-0.23148399348887688,0.023251540709291432
0,relu1_1,0.00020012497989690348,-0.23132121540965822,0.023351425184280735
0,relu1_1,0.00020384933982524643,-0.23172816060770488,0.02310239841046654
0,relu1_1,0.00020764301072557747,-0.23054801953336956,0.023830896043895586
0,relu1_1,0.00021150728248687948,-0.22970699945740644,0.02436194093174457
0,relu1_1,0.00021544346900318823,-0.2284454693434618,0.025177413723155278
0,relu1_1,0.00021945290862033113,-0.2296256104177971,0.02441386379633615
0,relu1_1,0.00022353696459097966,-0.2321758003255562,0.022831093217877067
0,relu1_1,0.000227697025538168,-0.23100922409115576,0.02354389504403527
0,relu1_1,0.00023193450592744275,-0.22915084102007602,0.024718631542546287
0,relu1_1,0.0002362508465477945,-0.22638361367335869,0.0265602632271793
0,relu1_1,0.00024064751500154217,-0.22563754747693981,0.02707629355047597
0,relu1_1,0.000245126006203334,-0.22466087900162782,0.027764672281449167
0,relu1_1,0.00024968784288843267,-0.22459305480195338,0.027813022805941088
0,relu1_1,0.00025433457613046484,-0.22544763971785137,0.027208998001852922
0,relu1_1,0.0002590677858688006,-0.22760444926749868,0.02573388282689779
0,relu1_1,0.0002638890814457513,-0.22721106890938692,0.025997738361510373
0,relu1_1,0.00026880010215376074,-0.22604449267498647,0.02679377687992789
0,relu1_1,0.00027380251779278577,-0.2261258817145958,0.026737575114341414
0,relu1_1,0.000278898029238044,-0.22582745523602826,0.026944139170758497
0,relu1_1,0.0002840883690183301,-0.22438958220293004,0.02795850317559753
0,relu1_1,0.00028937530190509535,-0.22679055887140537,0.026282332118472064
0,relu1_1,0.00029476062551248586,-0.22669560499186114,0.026346960548196897
0,relu1_1,0.00030024617090855494,-0.2256646771568096,0.027057380716848097
0,relu1_1,0.00030583380323784314,-0.22839120998372223,0.025213003093525935
0,relu1_1,0.0003115254223555485,-0.23134834508952798,0.023334752366310905
0,relu1_1,0.00031732296347349796,-0.23080575149213245,0.023670147271445223
0,relu1_1,0.0003232283978181381,-0.22816060770482913,0.025364736271851512
0,relu1_1,0.0003292437333007769,-0.22646500271296804,0.026504478040166455
0,relu1_1,0.0003353710152002929,-0.22424036896364627,0.02806559853069557
0,relu1_1,0.0003416123268585525,-0.2245659251220836,0.027832383006432277
0,relu1_1,0.0003479697903887695,-0.22500000000000003,0.027523987982600365
0,relu1_1,0.0003544455673970436,-0.2239690721649485,0.028261208738071007
0,relu1_1,0.0003610418597173337,-0.22342647856755296,0.028655898283239067
0,relu1_1,0.00036776091016010306,-0.2239690721649485,0.028261208738071007
0,relu1_1,0.00037460500327489893,-0.2262750949538796,0.026634798681695507
0,relu1_1,0.00038157646612712524,-0.22802495930548025,0.02545435374116693
0,relu1_1,0.00038867766908926677,-0.22646500271296804,0.026504478040166455
0,relu1_1,0.00039591102664684585,-0.22696690179055892,0.026162665472307566
0,relu1_1,0.0004032789982193705,-0.2260309278350516,0.026803153592129668
0,relu1_1,0.00041078408899656427,-0.22457948996201849,0.02782270147762768
0,relu1_1,0.00041842885079015847,-0.22555615843733048,0.027133099427711724
0,relu1_1,0.0004262158829015325,-0.2236028214867065,0.02852711501404237
0,relu1_1,0.00043414783300550926,-0.2247151383613674,0.02772604322346305
0,relu1_1,0.00044222739805058973,-0.22623440043407492,0.026662795267209927
0,relu1_1,0.0004504573251759454,-0.2261394465545307,0.026728217898679196
0,relu1_1,0.00045884041264547613,-0.2234671730873576,0.028626135426940764
0,relu1_1,0.00046737951079924635,-0.22367064568638095,0.028477713760202975
0,relu1_1,0.0004760775230226368,-0.22327726532826916,0.02876525318283999
0,relu1_1,0.00048493740673352334,-0.22122897449810097,0.03030249250257878
0,relu1_1,0.0004939621743878316,-0.22014378730330986,0.031144689838782103
0,relu1_1,0.0005031548945038057,-0.2219072164948454,0.029785958643721556
0,relu1_1,0.0005125186927053333,-0.22428106348345095,0.028036356261770874
0,relu1_1,0.0005220567527846976,-0.22405046120455782,0.02820240467902547
0,relu1_1,0.0005317723177850966,-0.22110689093868696,0.03039626817534267
0,relu1_1,0.0005416686911033147,-0.22027943570265876,0.0310383460910487
0,relu1_1,0.0005517492376129129,-0.21926207270754208,0.031843449520189915
0,relu1_1,0.0005620173848083188,-0.2156266956049919,0.03486575438124698
0,relu1_1,0.0005724766239702179,-0.2159929462832339,0.03455073858644774
0,relu1_1,0.0005831305113526219,-0.21523331524688014,0.03520678893297777
0,relu1_1,0.000593982669392035,-0.21690179055887146,0.033779351724724786
0,relu1_1,0.0006050367879391225,-0.22147314161692896,0.030115674714727668
0,relu1_1,0.0006162966255132943,-0.2219072164948454,0.029785958643721556
0,relu1_1,0.00062776601058065,-0.22443027672273472,0.027929355579543173
0,relu1_1,0.0006394488428556937,-0.2243353228431905,0.02799740676768807
0,relu1_1,0.0006513490946272796,-0.22441671188279982,0.02793906857972417
0,relu1_1,0.0006634708121092351,-0.22563754747693981,0.02707629355047597
0,relu1_1,0.000675818116816111,-0.22405046120455782,0.02820240467902547
0,relu1_1,0.0006883952069645496,-0.2221513836136734,0.029601839018869164
0,relu1_1,0.0007012063589007177,-0.21965545306565387,0.031530078175085643
0,relu1_1,0.0007142559285543119,-0.2181904503526859,0.03271047132006567
0,relu1_1,0.0007275483529196233,-0.21325284861638638,0.03696656109063791
0,relu1_1,0.0007410881515641569,-0.21218122626153016,0.037949106317020934
0,relu1_1,0.0007548799281653432,-0.21109603906673904,0.03896626513847399
0,relu1_1,0.0007689283720758305,-0.2076370048833424,0.042361684908811335
0,relu1_1,0.0007832382599179204,-0.20930548019533374,0.040694351081151714
0,relu1_1,0.0007978144572076629,-0.21120455778621816,0.03886353454948667
0,relu1_1,0.0008126619200091946,-0.20994302767227352,0.040071861757318784
0,relu1_1,0.0008277856966198472,-0.21075691806836683,0.03928876208491462
0,relu1_1,0.0008431909292866251,-0.20565653825284866,0.04441420539534936
0,relu1_1,0.0008588828559546258,-0.20713510580575153,0.04287422573615045
0,relu1_1,0.0008748668120479914,-0.202930005425936,0.04737440342184059
0,relu1_1,0.0008911482322840202,-0.2049104720564298,0.045208525307003894
0,relu1_1,0.0009077326525210223,-0.20297069994574068,0.04732905037327138
0,relu1_1,0.0009246257116405734,-0.20082745523602827,0.04976703364758977
0,relu1_1,0.0009418331534647961,-0.20206185567010312,0.048350532859503075
0,relu1_1,0.0009593608287093146,-0.19997287032013025,0.05076760913917133
0,relu1_1,0.0009772146969725724,-0.20008138903960937,0.05063964020153701
0,relu1_1,0.0009954008287621518,-0.1989826370048834,0.05194768216922475
0,relu1_1,0.0010139254075588143,-0.19671730873575696,0.054732348728804926
0,relu1_1,0.0010327947319189526,-0.19781606077048294,0.053366776341234476
0,relu1_1,0.0010520152176161591,-0.19791101465002717,0.05325009014100237
0,relu1_1,0.001071593399822671,-0.1946147585458492,0.057425402063168624
0,relu1_1,0.0010915359353313911,-0.19465545306565388,0.05737226819663657
0,relu1_1,0.0011118496048192698,-0.1936516549104721,0.05869470036775295
0,relu1_1,0.0011325413151528126,-0.19092512208355944,0.06241281460780393
0,relu1_1,0.0011536181017364785,-0.19059956592512212,0.06286930265575726
0,relu1_1,0.0011750871309048076,-0.19058600108518722,0.06288838177286103
0,relu1_1,0.0011969557023590429,-0.19100651112316877,0.06229911507916827
0,relu1_1,0.0012192312516491094,-0.191711882799783,0.0613207650930534
0,relu1_1,0.0012419213527017847,-0.19019262072707546,0.0634437280534372
0,relu1_1,0.0012650337203959038,-0.18559413998914817,0.07023593037830778
0,relu1_1,0.0012885762131855181,-0.18600108518719483,0.06961210804841178
0,relu1_1,0.0013125568357718427,-0.1846852957135106,0.07164543306499012
0,relu1_1,0.0013369837418249451,-0.1844818231144873,0.07196409678494878
0,relu1_1,0.0013618652367560827,-0.1846988605534455,0.07162422932910346
0,relu1_1,0.001387209780541621,-0.18421052631578952,0.07239075755033626
0,relu1_1,0.0014130259905995337,-0.18182311448724908,0.076233866659734
0,relu1_1,0.0014393226447194064,-0.180005425935974,0.07926828650199072
0,relu1_1,0.001466108684046983,-0.1789202387411829,0.0811254643296995
0,relu1_1,0.0014933932161242535,-0.17475583288117202,0.08857707913043884
0,relu1_1,0.001521185517986105,-0.1750406945198047,0.08805064953778924
0,relu1_1,0.0015494950393146315,-0.17301953336950626,0.09183996999178823
0,relu1_1,0.0015783314056521166,-0.17411828540423227,0.08976432275614175
0,relu1_1,0.0016077044216738221,-0.17196147585458496,0.09387442623867238
0,relu1_1,0.001637624074521689,-0.1681497558328812,0.1014998613304983
0,relu1_1,0.0016681005372000592,-0.16919424850786763,0.09936362358274527
0,relu1_1,0.001699144172034626,-0.16642702116115032,0.10510169465026065
0,relu1_1,0.001730765534195724,-0.164758545849159,0.10868448625951008
0,relu1_1,0.0017629753752872038,-0.16323928377645147,0.11202890543989068
0,relu1_1,0.0017957846470020968,-0.16064839934888772,0.11791589582482047
0,relu1_1,0.0018292045048462937,-0.16291372761801415,0.11275584970214168
0,relu1_1,0.0018632463119315598,-0.1623711340206186,0.11397554636871268
0,relu1_1,0.0018979216428390996,-0.16326641345632126,0.11196849130849006
0,relu1_1,0.0019332422875550433,-0.16360553445469347,0.11121544633009729
0,relu1_1,0.0019692202554791737,-0.1620048833423766,0.11480460261233816
0,relu1_1,0.002005867779508234,-0.1581253391209984,0.12387554077866243
0,relu1_1,0.0020431973201952705,-0.15572436245252308,0.1297590382673855
0,relu1_1,0.002081221569986337,-0.15198046663049378,0.13935601801959688
0,relu1_1,0.002119953457536069,-0.14719207813347807,0.1524022159277009
0,relu1_1,0.0021594061521035676,-0.1470157352143245,0.15289955858729895
0,relu1_1,0.0021995930680300748,-0.1419424850786761,0.16773313645658822
0,relu1_1,0.0022405278693000182,-0.14093868692349434,0.17079006577016037
0,relu1_1,0.002282224474186896,-0.14179327183939233,0.1681849685200214
0,relu1_1,0.0023246970599856455,-0.142322300596853,0.16658706702241663
0,relu1_1,0.0023679600678330787,-0.1409929462832339,0.17062378375488182
0,relu1_1,0.002412028207618007,-0.13860553445469345,0.17805364158969844
0,relu1_1,0.00245691646298279,-0.13827997829625613,0.17908488335249692
0,relu1_1,0.0025026400964179166,-0.13651654910472058,0.18474680361744525
0,relu1_1,0.0025492146544514203,-0.1332338578404775,0.19563177002677892
0,relu1_1,0.0025966559729348722,-0.13315246880086817,0.19590739812870037
0,relu1_1,0.00264498018242772,-0.13170103092783508,0.20086987076627447
0,relu1_1,0.0026942037136818823,-0.1310770482908302,0.20303077930350757
0,relu1_1,0.0027443433032283623,-0.12832338578404778,0.21276592902874733
0,relu1_1,0.002795415999067859,-0.12666847531199135,0.21877376643917384
0,relu1_1,0.0028474391664672478,-0.12388768312533914,0.22913704489535633
0,relu1_1,0.0029004304938639917,-0.12160879001627783,0.23788247722402345
0,relu1_1,0.00295440799888038,-0.12084915897992406,0.2408484960504952
0,relu1_1,0.003009390034449718,-0.11493488876831255,0.2648180461617632
0,relu1_1,0.00306539529505653,-0.11531470428648945,0.2632317851478743
0,relu1_1,0.0031224428230928578,-0.11497558328811722,0.26464778027283026
0,relu1_1,0.00318055201533292,-0.11336136733586546,0.2714586620482658
0,relu1_1,0.0032397426295281955,-0.11132664134563214,0.28021073991927276
0,relu1_1,0.003300034791125282,-0.11195062398263703,0.2775069487396281
0,relu1_1,0.0033614490001087688,-0.10942756375474771,0.2885477253825495
0,relu1_1,0.003424006137971426,-0.10997015735214327,0.28614911962355405
0,relu1_1,0.0034877274748141775,-0.1127102550189908,0.27423904917594827
0,relu1_1,0.0035526346765781393,-0.11207270754205102,0.2769799981106177
0,relu1_1,0.003618749812411277,-0.10982094411285949,0.28680741093229145
0,relu1_1,0.0036860953621721615,-0.10756918068366796,0.2968637514198748
0,relu1_1,0.003754694224073337,-0.10524959305480197,0.3074627472413589
0,relu1_1,0.0038245697224669993,-0.10447639717851331,0.311049849102252
0,relu1_1,0.0038957456157755013,-0.10275366250678244,0.31913945158406215
0,relu1_1,0.003968246104569478,-0.10132935431361911,0.3259290895769163
0,relu1_1,0.00404209583979631,-0.10279435702658711,0.3189468101043053
0,relu1_1,0.004117319931161679,-0.10157352143244712,0.3247586367877401
0,relu1_1,0.004193943955667186,-0.0983315246880087,0.34051915304096597
0,relu1_1,0.004271993966306777,-0.09812805208898537,0.3415241244294738
0,relu1_1,0.004351496500925045,-0.09873846988605536,0.3385148092994267
0,relu1_1,0.0044324785912404005,-0.0996608790016278,0.3339992850160831
0,relu1_1,0.004514967772036102,-0.10264514378730333,0.31965352844151257
0,relu1_1,0.004598992090522438,-0.10172273467173089,0.32404468692789307
0,relu1_1,0.004684580115873045,-0.10386597938144332,0.313900882106483
0,relu1_1,0.004771760948938741,-0.10406945198046665,0.3129486642511989
0,relu1_1,0.004860564232142139,-0.10307921866521977,0.31760041744299883
0,relu1_1,0.004951020159556351,-0.10153282691264245,0.32495352508744246
0,relu1_1,0.005043159487171359,-0.10275366250678244,0.31913945158406215
0,relu1_1,0.005137013543351339,-0.10385241454150843,0.31396442990894796
0,relu1_1,0.005232614239486656,-0.10714867064568641,0.2987671428518185
0,relu1_1,0.005329994080844093,-0.10584644601193707,0.3047122588733301
0,relu1_1,0.005429186177618943,-0.10655181768855129,0.30148246399323464
0,relu1_1,0.0055302242561929005,-0.11067552902875748,0.2830508018675963
0,relu1_1,0.005633142670601352,-0.11421595225176345,0.2678383268816992
0,relu1_1,0.005737976414214128,-0.11357840477482369,0.2705361029657727
0,relu1_1,0.0058447611316336376,-0.11437873033098211,0.2671524583757215
0,relu1_1,0.00595353313081437,-0.11394465545306567,0.2689840849510422
0,relu1_1,0.006064329395408062,-0.11581660336408033,0.2611455692941327
0,relu1_1,0.006177187597338488,-0.11858383071079763,0.2498453823708337
0,relu1_1,0.0062921461096103375,-0.12178513293543139,0.237197582637506
0,relu1_1,0.006409244019356457,-0.12080846446011939,0.2410081099250225
0,relu1_1,0.006528521141127847,-0.1216359196961476,0.23777701948301794
0,relu1_1,0.006650018030431118,-0.12391481280520893,0.2290343072665105
0,relu1_1,0.006773775997517745,-0.12531199131850246,0.2237868723018623
0,relu1_1,0.006899837121430011,-0.1261394465545307,0.220719352430893
0,relu1_1,0.0070282442643083524,-0.12717037438958223,0.2169391877337958
0,relu1_1,0.0071590410859648885,-0.12509495387954425,0.22459640969800224
0,relu1_1,0.007292272058728313,-0.1252577319587629,0.2239890639065551
0,relu1_1,0.00742798248256491,-0.1255154639175258,0.22302979764646386
0,relu1_1,0.007566218500481048,-0.12540694519804668,0.22343334607610735
0,relu1_1,0.007707027114212304,-0.12421323928377648,0.22790632223770976
0,relu1_1,0.00785045620020451,-0.12554259359739559,0.22292899077457864
0,relu1_1,0.007996554525892346,-0.12657352143244713,0.21912207866832584
0,relu1_1,0.008145371766280737,-0.1306836679327184,0.20440162378437104
0,relu1_1,0.008296958520834915,-0.1344275637547477,0.19162131409775937
0,relu1_1,0.008451366330684721,-0.13463103635377105,0.1909436930209991
0,relu1_1,0.008608647696149245,-0.13623168746608794,0.1856735144713303
0,relu1_1,0.008768856094587427,-0.13776451437873036,0.18072660985003455
0,relu1_1,0.008932045998580959,-0.1381850244167119,0.17938648379968963
0,relu1_1,0.009098272894455568,-0.14058600108518723,0.17187381095473597
0,relu1_1,0.009267593301146883,-0.14504883342376562,0.15852944952779843
0,relu1_1,0.009440064789417604,-0.14407216494845362,0.16138170299357446
0,relu1_1,0.009615746001432095,-0.14559142702116118,0.15696117861197703
0,relu1_1,0.009794696670695385,-0.1443705914270212,0.16050616490448677
0,relu1_1,0.009976977642363211,-0.14476397178513298,0.1593574497387975
0,relu1_1,0.010162650893929951,-0.1462832338578405,0.1549784534309552
0,relu1_1,0.010351779556301762,-0.14732772653282694,0.1520204697756492
0,relu1_1,0.010544427935261684,-0.1502984264785676,0.1438388032408068
0,relu1_1,0.010740661533334323,-0.15071893651654913,0.14270803777556434
0,relu1_1,0.010940547072057435,-0.15349972870320133,0.135398739161039
0,relu1_1,0.011144152514667882,-0.154395008138904,0.13310710778734633
0,relu1_1,0.01135154708920999,-0.15529028757460664,0.13084513660945268
0,relu1_1,0.011562801312073753,-0.15649755832881176,0.12784150213815076
0,relu1_1,0.011777987011971181,-0.1570401519262073,0.12650886266932673
0,relu1_1,0.011997177354358856,-0.16071622354856216,0.11775880103336321
0,relu1_1,0.012220446866314887,-0.16205914270211616,0.11468148574039863
0,relu1_1,0.012447871461879062,-0.16314432989690725,0.11224055412984835
0,relu1_1,0.01267952846786434,-0.16257460661964193,0.11351696789239203
0,relu1_1,0.012915496650148827,-0.16131307650569726,0.1163833259598398
0,relu1_1,0.013155856240457052,-0.15816603364080306,0.12377761632985253
0,relu1_1,0.013400688963639508,-0.15782691264243084,0.12459547203067065
0,relu1_1,0.013650078065460139,-0.15588714053174177,0.12935353160099639
0,relu1_1,0.013904108340900697,-0.15554801953336952,0.13019943218402347
0,relu1_1,0.014162866162991974,-0.15725718936516553,0.1259787965728355
0,relu1_1,0.014426439512181588,-0.15751492132392841,0.12535155588544517
0,relu1_1,0.014694918006248172,-0.15744709712425398,0.12551638655544636
0,relu1_1,0.014968392930772555,-0.15826098752034728,0.12354935713419363
0,relu1_1,0.01524695727017573,-0.15853228431904506,0.12289896942552085
0,relu1_1,0.015530705739334584,-0.1591969614758546,0.12131664135402306
0,relu1_1,0.015819734815786014,-0.15983450895279439,0.11981367522393152
0,relu1_1,0.016114142772530198,-0.1587221920781335,0.12244526590191702
0,relu1_1,0.016414029711444664,-0.16062126966901794,0.1179787790204013
0,relu1_1,0.016719497597319884,-0.16003798155181773,0.11933703810990641
0,relu1_1,0.017030650292528426,-0.1621134020618557,0.11455847111099242
0,relu1_1,0.017347593592339325,-0.1624932175800326,0.11370022738857859
0,relu1_1,0.017670435260889468,-0.16481280520889857,0.10856649615537367
0,relu1_1,0.017999285067824763,-0.1633071079761259,0.1118779175240401
0,relu1_1,0.018334254825622887,-0.16204557786218127,0.11471225537123733
0,relu1_1,0.01867545842761074,-0.15666033640803043,0.12744058735590258
0,relu1_1,0.019023011886689457,-0.15527672273467177,0.13087918862524647
0,relu1_1,0.01937703337477989,-0.15139717851329357,0.1408983875882011
0,relu1_1,0.019737643263002553,-0.15130222463374934,0.14115068841194953
0,relu1_1,0.02010496416260497,-0.1524552360282149,0.13811006975107798
0,relu1_1,0.020479120966650832,-0.15138361367335867,0.14093440966265597
0,relu1_1,0.02086024089248505,-0.1499186109603907,0.14486593835387349
0,relu1_1,0.021248453524988827,-0.14900976668475316,0.14734615838360118
0,relu1_1,0.021643890860640204,-0.14960661964188826,0.1457137846923941
0,relu1_1,0.022046687352394075,-0.15188551275094958,0.13960622616172674
0,relu1_1,0.022456979955397718,-0.15470699945740643,0.13231548855200753
0,relu1_1,0.02287490817355704,-0.13096219127242723,0.20343034810621075
0,relu1_1,0.023300614106969247,-0.11515192620727077,0.26391081944046185
0,relu1_1,0.023734242500238662,-0.10815246880086817,0.29423680228958354
0,relu1_1,0.024175940791691282,-0.10320843464666865,0.31699089110079315
0,relu1_1,0.024625859163505442,-0.09535436568952584,0.3554094768798633
0,relu1_1,0.02508415059277541,-0.09402500686776417,0.3621868498533154
0,relu1_1,0.02555097090352507,-0.09000393386522408,0.3831676183450043
0,relu1_1,0.026026478819690044,-0.08878308171030772,0.3896797850822506
0,relu1_1,0.02651083601908536,-0.08874947012721378,0.3898600048354196
0,relu1_1,0.027004207188377698,-0.08589373161033895,0.405353501053954
0,relu1_1,0.027506760079080674,-0.0822176101216463,0.425821774683702
0,relu1_1,0.028018665564591955,-0.0798100890322449,0.43954213312392626
0,relu1_1,0.028540097698292376,-0.08105101806250398,0.43243918253479086
0,relu1_1,0.029071233772725753,-0.07925392116442438,0.4427468416255541
0,relu1_1,0.029612254379880375,-0.0752537568053619,0.4661798568078386
0,relu1_1,0.03016334347259197,-0.073300346984727,0.47786452132681284
0,relu1_1,0.030724688427090033,-0.07356711676693921,0.47625955895868605
0,relu1_1,0.031296480106707505,-0.07322491530164904,0.47831886681488783
0,relu1_1,0.03187891292677643,-0.07241402716244173,0.4832177043848516
0,relu1_1,0.03247218492073132,-0.07154267546887377,0.4885115515853993
0,relu1_1,0.03307649780744242,-0.07258729213922616,0.4821687082461185
0,relu1_1,0.033692057059802674,-0.07243806118631867,0.48307212268297306
0,relu1_1,0.03431907197459043,-0.07544981314499696,0.465015794454367
0,relu1_1,0.03495775574363272,-0.07781037549098806,0.4511257795872156
0,relu1_1,0.03560832552629282,-0.07699664964937768,0.4558876221447451
0,relu1_1,0.036271002523306485,-0.07485314323679698,0.46856339668300495
0,relu1_1,0.03694601205199302,-0.07871932765869727,0.44583958843326077
0,relu1_1,0.03763358362286533,-0.07886855861160476,0.4449750367892887
0,relu1_1,0.03833395101766598,-0.07851583090473252,0.4470200383567103
0,relu1_1,0.03904735236885564,-0.07772924044861411,0.4515993270429375
0,relu1_1,0.03977403024058037,-0.07424239907147279,0.47220989253433526
0,relu1_1,0.04051423171114647,-0.07333369565319549,0.47766372729841494
0,relu1_1,0.04126820845702952,-0.0722355445352621,0.4842995631883606
0,relu1_1,0.0420362168384471,-0.07178735858290583,0.48702189430953535
0,relu1_1,0.042818517986524154,-0.07215855071551339,0.4847666539341706
0,relu1_1,0.04361537789208006,-0.07265450255608939,0.4817621251848748
0,relu1_1,0.044427067496068826,-0.07450833341969217,0.4706202229386808
0,relu1_1,0.04525386278170167,-0.0726399268305766,0.48185028407147673
0,relu1_1,0.046096044868284294,-0.07353571068162632,0.47644835576697075
0,relu1_1,0.04695390010680063,-0.07603367384487004,0.4615586261981996
0,relu1_1,0.04782772017727485,-0.07664454963901737,0.4579566678378125
0,relu1_1,0.04871780218794631,-0.07773413848111302,0.451570731664767
0,relu1_1,0.04962444877628913,-0.07758504393008896,0.4524416172720724
0,relu1_1,0.050547968211912354,-0.07858349413028426,0.44662734154280426
0,relu1_1,0.051488674501374974,-0.07868906398958096,0.44601503213006893
0,relu1_1,0.05244688749495119,-0.07693727848936767,0.4562361418375172
0,relu1_1,0.053422932995383525,-0.07958046387933963,0.44086367097433493
0,relu1_1,0.054417142868658876,-0.07970305168643697,0.44015787545369045
0,relu1_1,0.05542985515684663,-0.07860246715642431,0.4465172625481733
0,relu1_1,0.05646141419303673,-0.07879953394535284,0.44537480594418194
0,relu1_1,0.057512170718416133,-0.08283672084869453,0.42233366714332415
0,relu1_1,0.05858248200152536,-0.0799491630631936,0.4387428240225047
0,relu1_1,0.0596727119597331,-0.08085470155065995,0.43355850377467753
0,relu1_1,0.060783231282972236,-0.07909927155999925,0.4436402821735646
0,relu1_1,0.06191441755977847,-0.08065807284790183,0.43468125547595216
0,relu1_1,0.06306665540567406,-0.08143484258758012,0.4302555254770157
0,relu1_1,0.0642403365939419,-0.0748992577394376,0.46828869056665784
0,relu1_1,0.0654358601888323,-0.07320648932432292,0.4784298867645112
0,relu1_1,0.06665363268124906,-0.07493581281716877,0.4680709927267046
0,relu1_1,0.06789406812696112,-0.06985115602878814,0.49887547344467953
0,relu1_1,0.06915758828738525,-0.07747240329982133,0.4531001882751607
0,relu1_1,0.07044462277299036,-0.07084265574602365,0.4927866609356542
0,relu1_1,0.07175560918936921,-0.06295029921769778,0.5423192139803649
0,relu1_1,0.07309099328602904,-0.05718302924124782,0.5799958724064433
0,relu1_1,0.07445122910795143,-0.05317529270526805,0.6068684587867257
0,relu1_1,0.0758367791499719,-0.05644060751193846,0.584932331365425
0,relu1_1,0.077248114514034,-0.043080170087474584,0.6768524692731656
0,relu1_1,0.07868571506936843,-0.04251461447545898,0.6808629744569398
0,relu1_1,0.08015006961565396,-0.05531202320007236,0.592473015206467
0,relu1_1,0.08164167604921473,-0.046627044364226745,0.6519096605676368
0,relu1_1,0.08316104153230962,-0.06369961994099387,0.537513653001953
0,relu1_1,0.08470868266557402,-0.064167409135521,0.5345243256472353
0,relu1_1,0.08628512566366887,-0.0548345144217735,0.5956766631347359
0,relu1_1,0.08789090653419963,-0.04549649234303036,0.6598202105545665
0,relu1_1,0.08952657125996401,-0.03827530785924256,0.7112014110750683
0,relu1_1,0.09119267598459298,-0.03972119096826288,0.700800463668875
0,relu1_1,0.09288978720164498,-0.03546257022124909,0.7315855466047576
0,relu1_1,0.09461848194721992,-0.025906054557128404,0.802167070092269
0,relu1_1,0.09637934799615795,-0.04523704992243022,0.661640878861585
0,relu1_1,0.09817298406188842,-0.05621079039727816,0.5864643007023302
0,relu1_1,0.1,-0.04345881500192984,0.6741724192333687
1,relu1_2,1e-09,-0.24072567982095258,0.018148297986814357
1,relu1_2,1.0186101701559773e-09,-0.2297413988958343,0.024340023830338564
1,relu1_2,1.0375666787451849e-09,-0.20895795970301828,0.041037045906612286
1,relu1_2,1.0568759711848051e-09,-0.20427719215401513,0.04589197701921185
1,relu1_2,1.0765446128423137e-09,-0.2192977094936366,0.031814953038381014
1,relu1_2,1.0965792912678099e-09,-0.2260154872528754,0.026813830306175446
1,relu1_2,1.116986818467825e-09,-0.20679931832718332,0.0432200045646512
1,relu1_2,1.1377741332214901e-09,-0.22643190465487276,0.026527151885962236
1,relu1_2,1.1589483034398119e-09,-0.23714028116308514,0.02000029528076883
1,relu1_2,1.180516528568803e-09,-0.23562100341247533,0.020832717289714527
1,relu1_2,1.2024861420374123e-09,-0.2219583061245317,0.029747353435621272
1,relu1_2,1.2248646137509333e-09,-0.18636112705037722,0.06906392460448894
1,relu1_2,1.2476595526308685e-09,-0.21912223255198232,0.03195547893959911
1,relu1_2,1.2708787092020595e-09,-0.23774991646859195,0.019674393631816674
1,relu1_2,1.2945299782279134e-09,-0.2265404351216666,0.02645286456563512
1,relu1_2,1.3186214013947485e-09,-0.2279616232439084,0.025496289567677285
1,relu1_2,1.3431611700460181e-09,-0.21817324146747788,0.03272455525158171
1,relu1_2,1.3681576279674706e-09,-0.22085031606723843,0.0305941499181426
1,relu1_2,1.3936192742241434e-09,-0.22641711946316193,0.026537285816945325
1,relu1_2,1.4195547660500987e-09,-0.21456208380506459,0.035795169127759076
1,relu1_2,1.4459729217920195e-09,-0.22405463952418542,0.02819938862028637
1,relu1_2,1.4728827239075047e-09,-0.23261823638108847,0.022565622674798627
1,relu1_2,1.5002933220192166e-09,-0.2365438556635037,0.020323610949278516
1,relu1_2,1.5282140360258708e-09,-0.23540880489961566,0.02095131442117906
1,relu1_2,1.5566543592710589e-09,-0.2087125469145116,0.04128049744505333
1,relu1_2,1.5856239617711372e-09,-0.2184356907596463,0.03251031834991074
1,relu1_2,1.615132693503093e-09,-0.2215902812369964,0.03002639479783955
1,relu1_2,1.6451905877536607e-09,-0.24362952329209253,0.016758528047731105
1,relu1_2,1.6758078645307687e-09,-0.2278382103401735,0.025578172206528898
1,relu1_2,1.7069949340384045e-09,-0.22137224256050975,0.030192756459930872
1,relu1_2,1.7387624002162505e-09,-0.22782945496339033,0.02558398976297361
1,relu1_2,1.7711210643450904e-09,-0.21836072089902844,0.032571395172783506
1,relu1_2,1.8040819287193808e-09,-0.221311280727346,0.03023940898567184
1,relu1_2,1.8376562003881724e-09,-0.22764282493953034,0.025708265197847618
1,relu1_2,1.8718552949655752e-09,-0.2231181999303029,0.028882217621577156
1,relu1_2,1.906690840512252e-09,-0.22051137602474447,0.030857223158793506
1,relu1_2,1.9421746814890284e-09,-0.217086853344826,0.03362406741030366
1,relu1_2,1.9783188827841624e-09,-0.2135819786032281,0.03666910259096267
1,relu1_2,2.0151357338155587e-09,-0.22664933452695327,0.02637850252994914
1,relu1_2,2.052637752709248e-09,-0.23485625438069502,0.021262852969764795
1,relu1_2,2.09083769055575e-09,-0.22328227565392397,0.028761575504037174
1,relu1_2,2.129748535745523e-09,-0.21153313716550898,0.038553860343795765
1,relu1_2,2.1693835183851823e-09,-0.23329524441196542,0.022164515695721875
1,relu1_2,2.2097561147959033e-09,-0.22470228705315454,0.027735188377233898
1,relu1_2,2.250880052095457e-09,-0.22904200599532493,0.02478895082752121
1,relu1_2,2.2927693128656487e-09,-0.22600118848207812,0.026823720712947637
1,relu1_2,2.3354381399064818e-09,-0.22454224071076312,0.027849293950333365
1,relu1_2,2.378901041078891e-09,-0.22677183331216336,0.026295066609242843
1,relu1_2,2.4231727942376006e-09,-0.21078028495233947,0.03926646936833007
1,relu1_2,2.4682684522556873e-09,-0.2285900509195917,0.025082789749367198
1,relu1_2,2.5142033481427964e-09,-0.23968327260276467,0.018670858028486996
1,relu1_2,2.560993100258462e-09,-0.22500705413875594,0.027519000309673004
1,relu1_2,2.6086536176225453e-09,-0.2446787773833867,0.016279478560390647
1,relu1_2,2.657201105324507e-09,-0.235055464933301,0.021150079664461405
1,relu1_2,2.7066520700332356e-09,-0.2348998024236254,0.021238156462767895
1,relu1_2,2.7570233256095828e-09,-0.21421667042626913,0.03610114905412438
1,relu1_2,2.8083319988231753e-09,-0.22569725013351966,0.027034688036948404
1,relu1_2,2.860595535175739e-09,-0.2165096145843449,0.034110417481227916
1,relu1_2,2.9138317048327884e-09,-0.21746564608251628,0.033308098855700415
1,relu1_2,2.9680586086655964e-09,-0.2263121832137919,0.026609304856008174
1,relu1_2,3.0232946844057765e-09,-0.21777175271027047,0.03305459081227672
1,relu1_2,3.0795587129142296e-09,-0.21930188613216037,0.03181161465378081
1,relu1_2,3.1368698245668734e-09,-0.22933981993161234,0.024596934443618417
1,relu1_2,3.1952475057592137e-09,-0.22909098820832494,0.024757281912232004
1,relu1_2,3.2547116055318414e-09,-0.22326702534295473,0.028772770775150187
1,relu1_2,3.3152823423194234e-09,-0.2240677575844666,0.02818992131793429
1,relu1_2,3.376980310825095e-09,-0.2334124916338192,0.022095673694209002
1,relu1_2,3.439826489022921e-09,-0.22251622473703678,0.02932851762798741
1,relu1_2,3.5038422452906756e-09,-0.22300694897273657,0.02896426220102731
1,relu1_2,3.5690493456752222e-09,-0.22056814820531392,0.030813025845398634
1,relu1_2,3.635469961293318e-09,-0.22213026598094776,0.029617725101125467
1,relu1_2,3.703126675869931e-09,-0.2232202597825445,0.028807124448606992
1,relu1_2,3.772042493416993e-09,-0.21810115511590095,0.032783607014175924
1,relu1_2,3.842240846055061e-09,-0.22230064547415715,0.029489759815897694
1,relu1_2,3.913745601980376e-09,-0.22528580716818825,0.027322519386657182
1,relu1_2,3.9865810735804386e-09,-0.2272710374956751,0.025957367039499833
1,relu1_2,4.060772025700369e-09,-0.23392902835931456,0.021794562511977686
1,relu1_2,4.13634368406327e-09,-0.22201417581239075,0.02970518470431202
1,relu1_2,4.2133217438472886e-09,-0.2277308047263286,0.025649616305757673
1,relu1_2,4.291732378422149e-09,-0.22701324520813634,0.026131293734996678
1,relu1_2,4.371602248248502e-09,-0.2298992610281644,0.024239659782138122
1,relu1_2,4.45295850994266e-09,-0.2278404677778765,0.02557667242269386
1,relu1_2,4.5358288255101815e-09,-0.22417378836360344,0.028113497796635956
1,relu1_2,4.620241371751313e-09,-0.22198404202911956,0.029727922475122678
1,relu1_2,4.706224849841272e-09,-0.2276339516022959,0.025714186652705476
1,relu1_2,4.793808495089107e-09,-0.2195725996723894,0.03159586290858132
1,relu1_2,4.883022086877885e-09,-0.2273237670343038,0.025921913175329943
1,relu1_2,4.9738959587900574e-09,-0.21975599604810941,0.03145040336960565
1,relu1_2,5.066461008921269e-09,-0.22622464161644198,0.026669512751665927
1,relu1_2,5.1607487103859185e-09,-0.22761178236075047,0.025728985952027925
1,relu1_2,5.256791122018419e-09,-0.23419359731554265,0.021641699439250123
1,relu1_2,5.354620899273613e-09,-0.2309249999912373,0.023596085139965015
1,relu1_2,5.454271305329825e-09,-0.2201743409201237,0.031120710033765136
1,relu1_2,5.555776222398878e-09,-0.22106973826526397,0.030424854781370424
1,relu1_2,5.659170163246254e-09,-0.22756242094157972,0.0257619636995329
1,relu1_2,5.7644882829258735e-09,-0.22157177521167998,0.03004048456866811
1,relu1_2,5.8717663907332614e-09,-0.22822857707103536,0.025319932752243268
1,relu1_2,5.981040962380932e-09,-0.22366787961975285,0.028479727066783377
1,relu1_2,6.092349152400712e-09,-0.22462947377591813,0.0277870515704496
1,relu1_2,6.205728806776513e-09,-0.2236219558820845,0.028513170705604978
1,relu1_2,6.321218475812448e-09,-0.2226118697904274,0.029257219418194643
1,relu1_2,6.4388574272404256e-09,-0.22151072494297727,0.030087005531336912
1,relu1_2,6.558685659571422e-09,-0.2215461252525185,0.03006002269895685
1,relu1_2,6.680743915695615e-09,-0.226864480443981,0.02623211226168843
1,relu1_2,6.8050736967352206e-09,-0.22891680989325763,0.024870051923016882
1,relu1_2,6.9317172761554e-09,-0.22347786109475598,0.02861832285591913
1,relu1_2,7.06071771413778e-09,-0.22294277083322828,0.029011681563970125
1,relu1_2,7.192118872221178e-09,-0.22863829183974127,0.025051285097501704
1,relu1_2,7.32596542821523e-09,-0.22594167953075076,0.0268649161319098
1,relu1_2,7.462302891391123e-09,-0.2145318939236922,0.035821825361634786
1,relu1_2,7.601177617955322e-09,-0.22229307387777764,0.029495436590645994
1,relu1_2,7.742636826811278e-09,-0.22605097752917594,0.026789295201285795
1,relu1_2,7.88672861561414e-09,-0.222397088633706,0.02941753279589737
1,relu1_2,8.033501977124735e-09,-0.22547144421306406,0.02719233359354962
1,relu1_2,8.183006815867407e-09,-0.22473290015536795,0.027713407917495995
1,relu1_2,8.335293965098187e-09,-0.22744231017034916,0.025842358477312508
1,relu1_2,8.490415204088756e-09,-0.2271315205658977,0.02605137333376815
1,relu1_2,8.648423275731709e-09,-0.2253265102469783,0.027293929439426566
1,relu1_2,8.80937190447399e-09,-0.22288543766933638,0.02905409895955095
1,relu1_2,8.973315814583538e-09,-0.23010476334770527,0.024109536515136733
1,relu1_2,9.140310748756223e-09,-0.22946660959999776,0.024515572059278658
1,relu1_2,9.310413487069086e-09,-0.22784973305889508,0.0255705175911517
1,relu1_2,9.483681866285909e-09,-0.2261464689388495,0.026723374853288333
1,relu1_2,9.660174799522645e-09,-0.22460607710077768,0.027803733931059206
1,relu1_2,9.839952296278247e-09,-0.22522036828013614,0.027368537123585196
1,relu1_2,1.0023075482838643e-08,-0.2294551567488645,0.024522912046202227
1,relu1_2,1.0209606623060476e-08,-0.22999389593706204,0.024179663109256004
1,relu1_2,1.0399609139541204e-08,-0.2281948848117847,0.02534213332449528
1,relu1_2,1.05931476351837e-08,-0.230660182831433,0.023760825064475254
1,relu1_2,1.0790287915161835e-08,-0.2254215684468601,0.027227259221878537
1,relu1_2,1.099109700929496e-08,-0.2305766971448294,0.02381296372386589
1,relu1_2,1.1195643194838794e-08,-0.22486672021008483,0.027618368578071827
1,relu1_2,1.1403996019700331e-08,-0.22452765616075876,0.027859711823590743
1,relu1_2,1.1616226326085019e-08,-0.2255178590252801,0.02715986568706766
1,relu1_2,1.183240627458378e-08,-0.2298663467457287,0.024260556528994677
1,relu1_2,1.2052609368708414e-08,-0.22171803031165643,0.0299292839667793
1,relu1_2,1.2276910479883604e-08,-0.22866134929751183,0.02503623889530338
1,relu1_2,1.2505385872903913e-08,-0.22709606570113733,0.02607530885908709
1,relu1_2,1.2738113231864785e-08,-0.22891831884875904,0.02486907308854801
1,relu1_2,1.2975171686575868e-08,-0.22691908626006152,0.0261950673082087
1,relu1_2,1.3216641839466038e-08,-0.2260026122654433,0.026822735748347617
1,relu1_2,1.346260579298911e-08,-0.22430756015479641,0.02801733017578698
1,relu1_2,1.3713147177539456e-08,-0.22706384012204725,0.026097080522485595
1,relu1_2,1.3968351179887397e-08,-0.2247137666773424,0.027727019209215376
1,relu1_2,1.422830457214352e-08,-0.2284805387618743,0.02515443403780334
1,relu1_2,1.4493095741262151e-08,-0.22341522326787874,0.028664134728244008
1,relu1_2,1.4762814719093911e-08,-0.22832298427368483,0.02525781395819018
1,relu1_2,1.5037553212997385e-08,-0.22432790858783133,0.028002726302113413
1,relu1_2,1.5317404637020797e-08,-0.22436784448897704,0.027974083460308417
1,relu1_2,1.560246414366368e-08,-0.2267869923219293,0.02628475717928354
1,relu1_2,1.5892828656229763e-08,-0.2284985623853399,0.025142630779018873
1,relu1_2,1.618859690178199e-08,-0.22588642289245103,0.026903215973541807
1,relu1_2,1.648986944471065e-08,-0.22560603407317112,0.027098276490351483
1,relu1_2,1.679674872092653e-08,-0.227636376263206,0.025712568485576848
1,relu1_2,1.7109339072690134e-08,-0.22561205161034273,0.027094077640810406
1,relu1_2,1.7427746784089175e-08,-0.22849623750870784,0.02514415302250779
1,relu1_2,1.775208011717636e-08,-0.22684957552286655,0.02624223159639951
1,relu1_2,1.8082449348779518e-08,-0.22458184697843692,0.02782101951381529
1,relu1_2,1.841896680799711e-08,-0.22325016712617723,0.028785150707683657
1,relu1_2,1.8761746914391196e-08,-0.22686006344019283,0.02623511073327808
1,relu1_2,1.911090621689136e-08,-0.22826639923173692,0.025295030628462056
1,relu1_2,1.946656343342263e-08,-0.22549827571285028,0.02717356051180369
1,relu1_2,1.9828839491270715e-08,-0.22922198844118918,0.02467275450971197
1,relu1_2,2.0197857568198784e-08,-0.22613508436051724,0.02673122669734125
1,relu1_2,2.0573743134329116e-08,-0.2265261759586835,0.02646261462630464
1,relu1_2,2.095662399480431e-08,-0.2247559103162733,0.027697046316294688
1,relu1_2,2.1346630333242455e-08,-0.22500686751462262,0.027519132253554467
1,relu1_2,2.17438947560008e-08,-0.226275986157862,0.026634185840251495
1,relu1_2,2.2148552337263593e-08,-0.22504908975231255,0.027489294668532244
1,relu1_2,2.256074066496859e-08,-0.224241951666703,0.028064460748673546
1,relu1_2,2.2980599887588488e-08,-0.22514022943271783,0.027424981729454057
1,relu1_2,2.3408272761782943e-08,-0.22449214921174176,0.02788508857395647
1,relu1_2,2.3843904700937205e-08,-0.22470843192739637,0.027730815287609446
1,relu1_2,2.4287643824604505e-08,-0.22739743703149307,0.02587244852378509
1,relu1_2,2.4739641008868117e-08,-0.22620585817892677,0.026682446383509566
1,relu1_2,2.5200049937640895e-08,-0.22573413972413242,0.0270090076143865
1,relu1_2,2.566902715491952e-08,-0.22565799970493441,0.027062034707949167
1,relu1_2,2.614673211801092e-08,-0.22453291597548833,0.027855954310266856
1,relu1_2,2.6633327251749808e-08,-0.22395100331127094,0.02827427768181384
1,relu1_2,2.7128978003724646e-08,-0.22633395963637387,0.02659434578631126
1,relu1_2,2.763385290053167e-08,-0.22538812662025884,0.027250698268017595
1,relu1_2,2.8148123605075813e-08,-0.22624501910840428,0.02665548753367708
1,relu1_2,2.8671964974937697e-08,-0.22804334216338157,0.025442193155237502
1,relu1_2,2.9205555121827452e-08,-0.22424645278064922,0.02806122517765988
1,relu1_2,2.9749075472144435e-08,-0.22551403491922692,0.02716253946570653
1,relu1_2,3.030271082866393e-08,-0.22393293411311116,0.028287351998092406
1,relu1_2,3.0866649433372746e-08,-0.2257310775105053,0.027011138563478348
1,relu1_2,3.144108303147265e-08,-0.22525629684208381,0.027343263410537687
1,relu1_2,3.2026206936576504e-08,-0.22739666581495804,0.0258729659297147
1,relu1_2,3.262222009711673e-08,-0.2256421387228914,0.02707309207973576
1,relu1_2,3.322932516398968e-08,-0.2252910677514836,0.027318822909415702
1,relu1_2,3.384772855945983e-08,-0.22480186391659468,0.027664395084899665
1,relu1_2,3.447764054734464e-08,-0.22708913399822392,0.026079990626421492
1,relu1_2,3.5119275304507276e-08,-0.22638604411220709,0.026558595926033688
1,relu1_2,3.577285099367877e-08,-0.22631885947360944,0.026604717914154193
1,relu1_2,3.6438589837635405e-08,-0.22439567006820516,0.027954141079751176
1,relu1_2,3.711671819475767e-08,-0.22604755899473913,0.026791657668895574
1,relu1_2,3.780746663599349e-08,-0.22485612456441428,0.027625883536408633
1,relu1_2,3.851107002325569e-08,-0.22400303872122526,0.028236655075374838
1,relu1_2,3.9227767589277236e-08,-0.22554565310882907,0.027140439042311736
1,relu1_2,3.995780301895265e-08,-0.2262465536647915,0.02665443159825486
1,relu1_2,4.070142453219439e-08,-0.22692173348027472,0.026193272547370493
1,relu1_2,4.1458884968329114e-08,-0.22543942652847496,0.027214749681431043
1,relu1_2,4.223044187206672e-08,-0.22735812589064694,0.02589883341732847
1,relu1_2,4.3016357581067994e-08,-0.22422458410604984,0.028076948174100173
1,relu1_2,4.381689931514195e-08,-0.2265494648806492,0.026446691820548
1,relu1_2,4.4632339267103976e-08,-0.2249103852122339,0.02758741749137522
1,relu1_2,4.546295469532399e-08,-0.22507087727080605,0.02747390862153572
1,relu1_2,4.630902801799737e-08,-0.22541678538136567,0.02723061057584253
1,relu1_2,4.717084690917022e-08,-0.22587121368347343,0.026913766016520277
1,relu1_2,4.804870439655134e-08,-0.22533386689250579,0.027288764823723957
1,relu1_2,4.8942898961145316e-08,-0.2253844015198293,0.027253310214271406
1,relu1_2,4.9853734638738935e-08,-0.22475362362812468,0.02769867192152311
1,relu1_2,5.0781521123276706e-08,-0.22651555232079043,0.026469880791054393
1,relu1_2,5.172657387216024e-08,-0.22474455452079933,0.02770511994171014
1,relu1_2,5.268921421350677e-08,-0.22553208808488556,0.027149918826569124
1,relu1_2,5.366976945540476e-08,-0.22628417951706387,0.026628552192077597
1,relu1_2,5.4668572997201804e-08,-0.2253964378454504,0.02724487141311734
1,relu1_2,5.568596444286409e-08,-0.22676650526374545,0.02629869095671432
1,relu1_2,5.6722289716445493e-08,-0.22554871274477373,0.027138301234202328
1,relu1_2,5.777790117970507e-08,-0.22594582131516278,0.02686204721829551
1,relu1_2,5.885315775191451e-08,-0.22557125320142543,0.027122556325668398
1,relu1_2,5.99484250318941e-08,-0.22536252528559161,0.027268653566601447
1,relu1_2,6.106407542232036e-08,-0.22689383406540636,0.02621219303397919
1,relu1_2,6.220048825634717e-08,-0.22640101741279298,0.026548326080045356
1,relu1_2,6.335804992658255e-08,-0.22619524007058567,0.026689760007090415
1,relu1_2,6.453715401646702e-08,-0.225043747222919,0.027493068605894996
1,relu1_2,6.573820143409585e-08,-0.2263444543219066,0.02658713913210578
1,relu1_2,6.696160054853215e-08,-0.22608825406656968,0.026763545760841147
1,relu1_2,6.820776732865692e-08,-0.22635277203346824,0.0265814285753697
1,relu1_2,6.94771254846024e-08,-0.225563705792486,0.027127827460522173
1,relu1_2,7.077010661181889e-08,-0.22624425184192012,0.026656015506661
1,relu1_2,7.208715033782136e-08,-0.2250904614582861,0.027460084775268484
1,relu1_2,7.342870447166758e-08,-0.22605959075120302,0.0267833435937433
1,relu1_2,7.479522515621828e-08,-0.22634368673382574,0.026587666175188065
1,relu1_2,7.618717702323e-08,-0.22587723017884417,0.02690959218514754
1,relu1_2,7.760503335133571e-08,-0.22521178250506138,0.02737457966602213
1,relu1_2,7.90492762269642e-08,-0.22527435262995876,0.02733056966640819
1,relu1_2,8.05203967082547e-08,-0.22534064935847492,0.027284004036731552
1,relu1_2,8.201889499202212e-08,-0.22564509510810404,0.02707103076574172
1,relu1_2,8.354528058382872e-08,-0.22549894026132797,0.027173095689684717
1,relu1_2,8.510007247122247e-08,-0.22620278964941992,0.026684559774243204
1,relu1_2,8.668379930019774e-08,-0.22700990583688901,0.026133553220639528
1,relu1_2,8.829699955494083e-08,-0.2268591523994068,0.026235729227211502
1,relu1_2,8.994022174092053e-08,-0.2256586599940404,0.027061574475225225
1,relu1_2,9.161402457138521e-08,-0.2264921323928378,0.026485905122643164
1,relu1_2,9.331897715733239e-08,-0.2252245836440774,0.02736557082678051
1,relu1_2,9.505565920101191e-08,-0.22460059889100562,0.027807641246422623
1,relu1_2,9.682466119303114e-08,-0.22620880500252394,0.026680416949264874
1,relu1_2,9.86265846131283e-08,-0.22547028084062448,0.027193147814449523
1,relu1_2,1.0046204213468132e-07,-0.2258568827119332,0.026923710075623605
1,relu1_2,1.023316578330245e-07,-0.22608748733692435,0.02676407518127464
1,relu1_2,1.0423606739764012e-07,-0.22589757764575516,0.02689548058374787
1,relu1_2,1.061759183482999e-07,-0.22561873046320938,0.027089417992778843
1,relu1_2,1.0815187025522893e-07,-0.22588324663600556,0.026905418930138116
1,relu1_2,1.1016459496336569e-07,-0.2251861799743259,0.027392605075400762
1,relu1_2,1.1221477682079802e-07,-0.22583500351121286,0.026938897764125044
1,relu1_2,1.1430311291144787e-07,-0.22635801925384486,0.026577826612378248
1,relu1_2,1.1643031329208756e-07,-0.22593597395550738,0.026868868671776073
1,relu1_2,1.1859710123376706e-07,-0.22593674015573542,0.026868337857502263
1,relu1_2,1.208042134677329e-07,-0.22616209471559798,0.026712601082666626
1,relu1_2,1.2305240043592615e-07,-0.22599854855748083,0.02682554707790236
1,relu1_2,1.2534242654613995e-07,-0.22524569483490706,0.027350719261962447
1,relu1_2,1.2767507043192645e-07,-0.22541449204718622,0.02723221757218607
1,relu1_2,1.3005112521734099e-07,-0.22576871035531892,0.026984960327858437
1,relu1_2,1.3247139878661174e-07,-0.22617719375867007,0.026702193994571813
1,relu1_2,1.3493671405883065e-07,-0.22592470760163647,0.026876674894464204
1,relu1_2,1.3744790926775367e-07,-0.22602491191432167,0.026807312997001634
1,relu1_2,1.400058382468096e-07,-0.22631578947368425,0.02660682708220889
1,relu1_2,1.4261137071941298e-07,-0.22593674015573542,0.026868337857502263
1,relu1_2,1.4526539259467813e-07,-0.22569180683667936,0.027038479104000986
1,relu1_2,1.4796880626863963e-07,-0.22534819603915857,0.027278707656636616
1,relu1_2,1.5072253093107556e-07,-0.2262479652740098,0.02665346029474326
1,relu1_2,1.5352750287804213e-07,-0.22574683175262664,0.027000176942096187
1,relu1_2,1.563846758302248e-07,-0.2261130836729079,0.026746405933609232
1,relu1_2,1.592950212572123e-07,-0.22606035738104305,0.026782813918443848
1,relu1_2,1.6225952870780872e-07,-0.2252848616386327,0.027323183831092782
1,relu1_2,1.6527920614648973e-07,-0.22592470760163647,0.026876674894464204
1,relu1_2,1.6835508029612007e-07,-0.22571291953778577,0.027023777361709116
1,relu1_2,1.714881969870541e-07,-0.22645143787303315,0.02651376864947881
1,relu1_2,1.7467962151272458e-07,-0.22608147155459793,0.026768229337662555
1,relu1_2,1.7793043899185772e-07,-0.22605959075120302,0.0267833435937433
1,relu1_2,1.8124175473742396e-07,-0.22578074396746747,0.02697659403064114
1,relu1_2,1.8461469463245456e-07,-0.22628264474711218,0.026629607403026636
1,relu1_2,1.8805040551285834e-07,-0.2261130836729079,0.026746405933609232
1,relu1_2,1.915500555573528e-07,-0.2257475973166229,0.02699964436770518
1,relu1_2,1.9511483468466165e-07,-0.22614098034283261,0.026727160045247944
1,relu1_2,1.9874595495809857e-07,-0.22674461981408545,0.026313582753669615
1,relu1_2,2.0244465099768018e-07,-0.22601211348941908,0.02681616364654018
1,relu1_2,2.0621218039991447e-07,-0.2264054965156288,0.026545254621305213
1,relu1_2,2.1004982416539152e-07,-0.22593674015573542,0.026868337857502263
1,relu1_2,2.1395888713434216e-07,-0.22564509510810404,0.02707103076574172
1,relu1_2,2.179406984302958e-07,-0.22631578947368425,0.02660682708220889
1,relu1_2,2.2199661191199526e-07,-0.22633690429085757,0.02659232353754589
1,relu1_2,2.2612800663372794e-07,-0.22552301113467696,0.027156263734496384
1,relu1_2,2.3033628731421313e-07,-0.2264047287205393,0.026545781100591498
1,relu1_2,2.3462288481422625e-07,-0.22645898826428465,0.026508597016925362
1,relu1_2,2.389892566231053e-07,-0.22602491191432167,0.026807312997001634
1,relu1_2,2.434368873543108e-07,-0.22628264474711218,0.026629607403026636
1,relu1_2,2.47967289250216e-07,-0.2264996829220937,0.02648073801569632
1,relu1_2,2.5258200269627846e-07,-0.22605959075120302,0.0267833435937433
1,relu1_2,2.572825967447932e-07,-0.22639193158369053,0.026554557440646383
1,relu1_2,2.620706696483855e-07,-0.22613419787686348,0.026731838179614116
1,relu1_2,2.669478494034318e-07,-0.22628264474711218,0.026629607403026636
1,relu1_2,2.7191579430360187e-07,-0.22656149323291885,0.02643847113834527
1,relu1_2,2.769761935036891e-07,-0.2262886597938145,0.026625472039830442
1,relu1_2,2.8213076759394705e-07,-0.22633690429085757,0.02659232353754589
1,relu1_2,2.8738126918510695e-07,-0.22626907986117584,0.02663893530750958
1,relu1_2,2.927294835042813e-07,-0.22600456458541715,0.02682138519531781
1,relu1_2,2.9817722900196733e-07,-0.2262886597938145,0.026625472039830442
1,relu1_2,3.0372635797033114e-07,-0.22700759631036357,0.026135115989854445
1,relu1_2,3.0937875717301365e-07,-0.2262479652740098,0.02665346029474326
1,relu1_2,3.1513634848664826e-07,-0.22628264474711218,0.026629607403026636
1,relu1_2,3.2100108955431685e-07,-0.22632333940492122,0.02660164034233182
1,relu1_2,3.2697497445117677e-07,-0.22639269934058912,0.02655403083962084
1,relu1_2,3.3306003436245885e-07,-0.2262479652740098,0.02665346029474326
1,relu1_2,3.3925833827409916e-07,-0.22635801925384486,0.026577826612378248
1,relu1_2,3.455719936762143e-07,-0.22662854933848894,0.0263926819719587
1,relu1_2,3.520031472796675e-07,-0.2262479652740098,0.02665346029474326
1,relu1_2,3.585539857459817e-07,-0.22626907986117584,0.02663893530750958
1,relu1_2,3.6522673643081754e-07,-0.22631578947368425,0.02660682708220889
1,relu1_2,3.7202366814130657e-07,-0.2263037595260918,0.02661509333174644
1,relu1_2,3.7894709190746713e-07,-0.22678531460990026,0.02628589799855012
1,relu1_2,3.8599936176797634e-07,-0.2270965379032928,0.026074989953274893
1,relu1_2,3.9318287557057704e-07,-0.22700759631036357,0.026135115989854445
1,relu1_2,4.005000757873611e-07,-0.22669637376817067,0.0263464367541849
1,relu1_2,4.079534503452449e-07,-0.2263037595260918,0.02661509333174644
1,relu1_2,4.1554553347188797e-07,-0.2271161150298427,0.02606177129086362
1,relu1_2,4.232789065573544e-07,-0.22707542051003804,0.026089255011030394
1,relu1_2,4.3115619903182285e-07,-0.2270287134736111,0.026120829762980243
1,relu1_2,4.391800892596086e-07,-0.22707542051003804,0.026089255011030394
1,relu1_2,4.473533054498463e-07,-0.2272261748978939,0.025987563862624092
1,relu1_2,4.556786265841069e-07,-0.22755250495451526,0.02576859278320553
1,relu1_2,4.6415888336127725e-07,-0.22767381765185668,0.025687591897597447
1,relu1_2,4.7279695916003907e-07,-0.2272261748978939,0.025987563862624092
1,relu1_2,4.815957910192351e-07,-0.22738741182854047,0.02587917507687753
1,relu1_2,4.905583706365046e-07,-0.22754417913919212,0.02577415991851764
1,relu1_2,4.996877453854889e-07,-0.22738741182854047,0.02587917507687753
1,relu1_2,5.089870193519674e-07,-0.2274552360282149,0.02583369646427321
1,relu1_2,5.184593543892913e-07,-0.2270694081314201,0.026093317660109618
1,relu1_2,5.281079711934331e-07,-0.22712366767516548,0.02605667319655962
1,relu1_2,5.379361503980697e-07,-0.2272261748978939,0.025987563862624092
1,relu1_2,5.479472336900293e-07,-0.22730602278893114,0.02593383930695147
1,relu1_2,5.581446249454955e-07,-0.22701514858767474,0.026130005944516754
1,relu1_2,5.685317913873753e-07,-0.2270694081314201,0.026093317660109618
1,relu1_2,5.791122647641759e-07,-0.22708297301735644,0.026084152437608945
1,relu1_2,5.898896425508493e-07,-0.22703472599023336,0.0261167633777211
1,relu1_2,6.008675891719693e-07,-0.22703472599023336,0.0261167633777211
1,relu1_2,6.12049837247669e-07,-0.2271025501899078,0.026070929793477877
1,relu1_2,6.234401888627864e-07,-0.22720659801702853,0.026000750339482223
1,relu1_2,6.350425168595962e-07,-0.2272593165345289,0.02596525348656229
1,relu1_2,6.468607661546321e-07,-0.227381400507956,0.02588320917177949
1,relu1_2,6.588989550799957e-07,-0.2273467173087358,0.02590649492589271
1,relu1_2,6.711611767496273e-07,-0.2272593165345289,0.02596525348656229
1,relu1_2,6.836516004510239e-07,-0.2273467173087358,0.02590649492589271
1,relu1_2,6.963744730628223e-07,-0.2272261748978939,0.025987563862624092
1,relu1_2,7.09334120498799e-07,-0.22736182421727655,0.02589635019540213
1,relu1_2,7.225349491787222e-07,-0.2273467173087358,0.02590649492589271
1,relu1_2,7.359814475265756e-07,-0.22743566005170138,0.0258468158880121
1,relu1_2,7.496781874966877e-07,-0.22741454150841026,0.02586097546464668
1,relu1_2,7.636298261282241e-07,-0.227381400507956,0.02588320917177949
1,relu1_2,7.778411071286482e-07,-0.2271914921048472,0.0260109291781235
1,relu1_2,7.923168624866261e-07,-0.227381400507956,0.02588320917177949
1,relu1_2,8.070620141149491e-07,-0.2273467173087358,0.02590649492589271
1,relu1_2,8.220815755240541e-07,-0.2271914921048472,0.0260109291781235
1,relu1_2,8.373806535266489e-07,-0.2273467173087358,0.02590649492589271
1,relu1_2,8.529644499741017e-07,-0.22741454150841026,0.02586097546464668
1,relu1_2,8.688382635251193e-07,-0.2273467173087358,0.02590649492589271
1,relu1_2,8.850074914473439e-07,-0.22741454150841026,0.02586097546464668
1,relu1_2,9.014776314524917e-07,-0.22741454150841026,0.02586097546464668
1,relu1_2,9.182542835656282e-07,-0.227381400507956,0.02588320917177949
1,relu1_2,9.353431520292377e-07,-0.227381400507956,0.02588320917177949
1,relu1_2,9.5275004724273e-07,-0.227381400507956,0.02588320917177949
1,relu1_2,9.704808877380307e-07,-0.22741454150841026,0.02586097546464668
1,relu1_2,9.885417021919574e-07,-0.2273467173087358,0.02590649492589271
1,relu1_2,1.0069386314760271e-06,-0.2278214867064569,0.02558928529231818
1,relu1_2,1.0256779307444208e-06,-0.2278214867064569,0.02558928529231818
1,relu1_2,1.0447659715608053e-06,-0.2278214867064569,0.02558928529231818
1,relu1_2,1.0642092440647247e-06,-0.2278214867064569,0.02558928529231818
1,relu1_2,1.084014359178331e-06,-0.22791644058600113,0.025526241663904155
1,relu1_2,1.10418805085416e-06,-0.22798426478567557,0.025481291488847577
1,relu1_2,1.1247371783647508e-06,-0.22798426478567557,0.025481291488847577
1,relu1_2,1.1456687286348725e-06,-0.22882528486163867,0.024929484109722996
1,relu1_2,1.1669898186171475e-06,-0.22882528486163867,0.024929484109722996
1,relu1_2,1.1887076977119033e-06,-0.22879214864533573,0.02495103107394777
1,relu1_2,1.2108297502320394e-06,-0.22882528486163867,0.024929484109722996
1,relu1_2,1.2333634979137747e-06,-0.22882528486163867,0.024929484109722996
1,relu1_2,1.2563166024741214e-06,-0.22882528486163867,0.024929484109722996
1,relu1_2,1.2796968682159416e-06,-0.22882528486163867,0.024929484109722996
1,relu1_2,1.303512244681509e-06,-0.22911770590780794,0.0247400224126138
1,relu1_2,1.327770829355429e-06,-0.2294085729788389,0.02455278630426276
1,relu1_2,1.352480870417874e-06,-0.2294085729788389,0.02455278630426276
1,relu1_2,1.377650769549055e-06,-0.2294085729788389,0.02455278630426276
1,relu1_2,1.4032890847858731e-06,-0.22947039294215288,0.02451314777490422
1,relu1_2,1.4294045334317611e-06,-0.2295306565382529,0.02447455970438623
1,relu1_2,1.4560059950206485e-06,-0.2295306565382529,0.02447455970438623
1,relu1_2,1.483102514336103e-06,-0.22946283233857845,0.02451799265115371
1,relu1_2,1.5107033044866557e-06,-0.22946283233857845,0.02451799265115371
1,relu1_2,1.5388177500383465e-06,-0.23011394465545312,0.02410373688012014
1,relu1_2,1.567455410205595e-06,-0.22946283233857845,0.02451799265115371
1,relu1_2,1.596626022101425e-06,-0.23011394465545312,0.02410373688012014
1,relu1_2,1.6263395040481906e-06,-0.23011394465545312,0.02410373688012014
1,relu1_2,1.6566059589499152e-06,-0.23011394465545312,0.02410373688012014
1,relu1_2,1.6874356777273756e-06,-0.23011394465545312,0.02410373688012014
1,relu1_2,1.7188391428171457e-06,-0.23011394465545312,0.02410373688012014
1,relu1_2,1.7508270317357268e-06,-0.23018176885512756,0.024060930647662
1,relu1_2,1.7834102207100063e-06,-0.23018176885512756,0.024060930647662
1,relu1_2,1.8165997883753285e-06,-0.23018176885512756,0.024060930647662
1,relu1_2,1.850407019542302e-06,-0.23018176885512756,0.024060930647662
1,relu1_2,1.8848434090337953e-06,-0.23018176885512756,0.024060930647662
1,relu1_2,1.919920665593287e-06,-0.23018176885512756,0.024060930647662
1,relu1_2,1.955650715865947e-06,-0.23018176885512756,0.024060930647662
1,relu1_2,1.992045708453871e-06,-0.23018176885512756,0.024060930647662
1,relu1_2,2.029118018046678e-06,-0.23018176885512756,0.024060930647662
1,relu1_2,2.066880249629082e-06,-0.22959848073792732,0.024431192373580428
1,relu1_2,2.1053452427667084e-06,-0.22959848073792732,0.024431192373580428
1,relu1_2,2.144526075971665e-06,-0.22959848073792732,0.024431192373580428
1,relu1_2,2.1844360711494283e-06,-0.230005425935974,0.02417236198040685
1,relu1_2,2.2250887981283694e-06,-0.230005425935974,0.02417236198040685
1,relu1_2,2.266498079273693e-06,-0.230005425935974,0.02417236198040685
1,relu1_2,2.308677994187172e-06,-0.2302631578947369,0.024009648794219022
1,relu1_2,2.351642884494346e-06,-0.2302631578947369,0.024009648794219022
1,relu1_2,2.3954073587208794e-06,-0.2302631578947369,0.024009648794219022
1,relu1_2,2.43998629725955e-06,-0.2302631578947369,0.024009648794219022
1,relu1_2,2.4853948574297983e-06,-0.2302631578947369,0.024009648794219022
1,relu1_2,2.531648478631358e-06,-0.2302631578947369,0.024009648794219022
1,relu1_2,2.5787628875937984e-06,-0.2302631578947369,0.024009648794219022
1,relu1_2,2.6267541037238384e-06,-0.2302631578947369,0.024009648794219022
1,relu1_2,2.6756384445520452e-06,-0.2302631578947369,0.024009648794219022
1,relu1_2,2.725432531281028e-06,-0.2302631578947369,0.024009648794219022
1,relu1_2,2.776153294436804e-06,-0.23038524145415087,0.02393290087960533
1,relu1_2,2.827817979625338e-06,-0.23065653825284865,0.023763099148791926
1,relu1_2,2.880444153396298e-06,-0.2308464460119371,0.023644850692899143
1,relu1_2,2.934049709215787e-06,-0.23065653825284865,0.023763099148791926
1,relu1_2,2.9886528735503824e-06,-0.23090827085140528,0.023606463226385363
1,relu1_2,3.0442722120643057e-06,-0.2309685295713511,0.023569099389523028
1,relu1_2,3.1009266359319234e-06,-0.23071079761258823,0.023729262481857114
1,relu1_2,3.158635408267819e-06,-0.23079296932094637,0.02367809770727774
1,relu1_2,3.2174181506763714e-06,-0.23075149213239288,0.023703911978443112
1,relu1_2,3.277294849923382e-06,-0.23075149213239288,0.023703911978443112
1,relu1_2,3.3382858647317643e-06,-0.23075149213239288,0.023703911978443112
1,relu1_2,3.4004119327037024e-06,-0.23075149213239288,0.023703911978443112
1,relu1_2,3.4636941773717343e-06,-0.2316874660879002,0.0231271985489617
1,relu1_2,3.5281541153808832e-06,-0.2316874660879002,0.0231271985489617
1,relu1_2,3.5938136638046257e-06,-0.2316874660879002,0.0231271985489617
1,relu1_2,3.660695147596906e-06,-0.23285404232230064,0.022425215862594033
1,relu1_2,3.72882130718283e-06,-0.23285404232230064,0.022425215862594033
1,relu1_2,3.7982153061907363e-06,-0.23285404232230064,0.022425215862594033
1,relu1_2,3.868900739327975e-06,-0.23285404232230064,0.022425215862594033
1,relu1_2,3.9409016404034476e-06,-0.23285404232230064,0.022425215862594033
1,relu1_2,4.014242490499326e-06,-0.23262344004340754,0.022562516145817394
1,relu1_2,4.088948226294856e-06,-0.23262344004340754,0.022562516145817394
1,relu1_2,4.1650442485451855e-06,-0.23262344004340754,0.022562516145817394
1,relu1_2,4.242556430717777e-06,-0.23167390124796533,0.023135470314905145
1,relu1_2,4.321511127789762e-06,-0.23259631036353776,0.022578716283236617
1,relu1_2,4.401935185208879e-06,-0.23259631036353776,0.022578716283236617
1,relu1_2,4.483855948021182e-06,-0.23197232772653287,0.022954074257466667
1,relu1_2,4.567301270168747e-06,-0.23197232772653287,0.022954074257466667
1,relu1_2,4.652299523960189e-06,-0.23274552360282152,0.022489738478551045
1,relu1_2,4.738879609717651e-06,-0.23274552360282152,0.022489738478551045
1,relu1_2,4.827070965603188e-06,-0.23274552360282152,0.022489738478551045
1,relu1_2,4.916903577628021e-06,-0.23274552360282152,0.022489738478551045
1,relu1_2,5.008407989848212e-06,-0.23274552360282152,0.022489738478551045
1,relu1_2,5.101615314749834e-06,-0.23255561584373308,0.022603035139365568
1,relu1_2,5.1965572438276574e-06,-0.23255561584373308,0.022603035139365568
1,relu1_2,5.293266058360567e-06,-0.23255561584373308,0.022603035139365568
1,relu1_2,5.391774640387494e-06,-0.23260987520347265,0.02257061497159462
1,relu1_2,5.492116483887789e-06,-0.23260987520347265,0.02257061497159462
1,relu1_2,5.594325706169378e-06,-0.23263700488334244,0.022554419805303625
1,relu1_2,5.698437059469136e-06,-0.23263700488334244,0.022554419805303625
1,relu1_2,5.804485942768984e-06,-0.23263700488334244,0.022554419805303625
1,relu1_2,5.912508413831869e-06,-0.232447097124254,0.022667994950434443
1,relu1_2,6.022541201461928e-06,-0.23252249227783015,0.022622846160330595
1,relu1_2,6.134621717992506e-06,-0.23259631036353776,0.022578716283236617
1,relu1_2,6.248788072006888e-06,-0.2324199674443842,0.02268425982203035
1,relu1_2,6.365079081295578e-06,-0.2324199674443842,0.02268425982203035
1,relu1_2,6.483534286054714e-06,-0.23202658708627244,0.022921224084927222
1,relu1_2,6.604193962330305e-06,-0.23176885512750955,0.0230776209982235
1,relu1_2,6.727099135712336e-06,-0.23172816060770488,0.02310239841046654
1,relu1_2,6.852291595284057e-06,-0.23064297341291376,0.023771564747424073
1,relu1_2,6.979813907830667e-06,-0.23072436245252312,0.023720809743952638
1,relu1_2,7.109709432312424e-06,-0.23113130765056977,0.023468420043194622
1,relu1_2,7.242022334607315e-06,-0.23113130765056977,0.023468420043194622
1,relu1_2,7.376797602527731e-06,-0.23153825284861643,0.02321832709085017
1,relu1_2,7.514081061116962e-06,-0.23153825284861643,0.02321832709085017
1,relu1_2,7.653919388230155e-06,-0.2314297341291373,0.02328479490502903
1,relu1_2,7.796360130405221e-06,-0.23213510580575153,0.022855644267749883
1,relu1_2,7.94145171902934e-06,-0.23213510580575153,0.022855644267749883
1,relu1_2,8.089243486805938e-06,-0.23213510580575153,0.022855644267749883
1,relu1_2,8.239785684528512e-06,-0.23213510580575153,0.022855644267749883
1,relu1_2,8.393129498166374e-06,-0.23213510580575153,0.022855644267749883
1,relu1_2,8.549327066268366e-06,-0.23199945740640265,0.022937644145167052
1,relu1_2,8.708431497690725e-06,-0.2318095496473142,0.023052866295844736
1,relu1_2,8.870496889654403e-06,-0.23201302224633755,0.022929432858842302
1,relu1_2,9.035578346138921e-06,-0.23201302224633755,0.022929432858842302
1,relu1_2,9.20373199661823e-06,-0.2327862181226262,0.022465523915156667
1,relu1_2,9.37501501514529e-06,-0.23438686923494306,0.021530611720376732
1,relu1_2,9.549485639791967e-06,-0.2361714465947065,0.02052775656385697
1,relu1_2,9.727203192450538e-06,-0.23841562669560504,0.01932373748181563
1,relu1_2,9.908228099003787e-06,-0.2377509495387955,0.019673845264733782
1,relu1_2,1.0092621909870484e-05,-0.23730330982094416,0.01991269174354983
1,relu1_2,1.0280447320933097e-05,-0.23811720021703747,0.019480260475504184
1,relu1_2,1.0471768194855202e-05,-0.23811720021703747,0.019480260475504184
1,relu1_2,1.0666649582795388e-05,-0.23811720021703747,0.019480260475504184
1,relu1_2,1.0865157746525373e-05,-0.23966359196961481,0.01868084723973663
1,relu1_2,1.1067360180959745e-05,-0.24040965816603369,0.018305372417290196
1,relu1_2,1.1273325637104872e-05,-0.24129137276180146,0.01787002645478692
1,relu1_2,1.148312414543511e-05,-0.24150841020075967,0.017764243480771606
1,relu1_2,1.1696827039703846e-05,-0.2405046120455779,0.01825805423526044
1,relu1_2,1.1914506981197747e-05,-0.24104720564297347,0.01798968093240546
1,relu1_2,1.2136237983442418e-05,-0.24104720564297347,0.01798968093240546
1,relu1_2,1.2362095437367691e-05,-0.2419696147585459,0.017541245960683214
1,relu1_2,1.259215613694151e-05,-0.2419696147585459,0.017541245960683214
1,relu1_2,1.28264983052806e-05,-0.2424579489962019,0.01730776676196982
1,relu1_2,1.3065201621247199e-05,-0.24161692892023878,0.017711554755965878
1,relu1_2,1.330834724654076e-05,-0.24096581660336414,0.018029718900116197
1,relu1_2,1.355601785329369e-05,-0.24045035268583836,0.018285080278107484
1,relu1_2,1.3808297652180924e-05,-0.23903960933260993,0.018999953250518814
1,relu1_2,1.4065272421052364e-05,-0.2392023874118286,0.018916259387818914
1,relu1_2,1.4327029534098295e-05,-0.23965002712967992,0.018687734962851046
1,relu1_2,1.4593657991557576e-05,-0.23924308193163327,0.018895385553497627
1,relu1_2,1.4865248449978572e-05,-0.23950081389039615,0.01876364430251297
1,relu1_2,1.514189325304352e-05,-0.23958220293000548,0.018722206376634697
1,relu1_2,1.5423686462966275e-05,-0.23879544221378193,0.019126091279938615
1,relu1_2,1.5710723892474488e-05,-0.2370048833423766,0.020073302764568136
1,relu1_2,1.6003103137387017e-05,-0.23666576234400438,0.020257164354262593
1,relu1_2,1.630092360979741e-05,-0.23811720021703747,0.019480260475504184
1,relu1_2,1.6604286571875295e-05,-0.2389310906131308,0.01905592596850718
1,relu1_2,1.691329517029647e-05,-0.2391752577319588,0.018930186297256256
1,relu1_2,1.7228054471313922e-05,-0.2399077590884428,0.01855724136485402
1,relu1_2,1.754867149648152e-05,-0.24032826912642435,0.018346014892363875
1,relu1_2,1.7875255259042355e-05,-0.2409929462832339,0.018016364387006396
1,relu1_2,1.8207916800994626e-05,-0.24226804123711346,0.0173982436205337
1,relu1_2,1.8546769230846977e-05,-0.24363809007053722,0.016754568009094653
1,relu1_2,1.8891927762076646e-05,-0.2443841562669561,0.01641278084798342
1,relu1_2,1.924350975230332e-05,-0.2443841562669561,0.01641278084798342
1,relu1_2,1.9601634743191856e-05,-0.2450895279435703,0.01609519583856999
1,relu1_2,1.9966424501097934e-05,-0.2450895279435703,0.01609519583856999
1,relu1_2,2.03380030584698e-05,-0.24561260720640152,0.015863130800747773
1,relu1_2,2.071649675602067e-05,-0.2466630493760174,0.015405832124032562
1,relu1_2,2.1102034285685967e-05,-0.24814161692892028,0.014781519211055536
1,relu1_2,2.1494746734379807e-05,-0.24888768312533918,0.014474911823001318
1,relu1_2,2.189476762856621e-05,-0.24976939772110693,0.014119684896255239
1,relu1_2,2.2302232979659363e-05,-0.25096310363537716,0.013650836747944942
1,relu1_2,2.2717281330269027e-05,-0.2500949538795443,0.013990450810067258
1,relu1_2,2.314005380130654e-05,-0.25043407487791647,0.013856925565213604
1,relu1_2,2.3570694139967276e-05,-0.2504205100379816,0.013862245242431976
1,relu1_2,2.4009348768606518e-05,-0.25130222463374935,0.013520134151983774
1,relu1_2,2.445616683452444e-05,-0.2524281063483451,0.013093971805748086
1,relu1_2,2.491130026067791e-05,-0.2533369506239827,0.012758534539441695
1,relu1_2,2.5374903797335716e-05,-0.2529842647856756,0.012887805181703495
1,relu1_2,2.584713507469564e-05,-0.25432718393922954,0.012401599281532958
1,relu1_2,2.63281546564802e-05,-0.255615843733044,0.011950145673446383
1,relu1_2,2.6818126094530128e-05,-0.25664677156809557,0.011599371134780599
1,relu1_2,2.731721598441379e-05,-0.2572843190450353,0.01138697217611918
1,relu1_2,2.782559402207126e-05,-0.25822029300054267,0.011081308223455766
1,relu1_2,2.8343433061513092e-05,-0.2582881172002171,0.011059439978516822
1,relu1_2,2.8870909173592348e-05,-0.25822029300054267,0.011081308223455766
1,relu1_2,2.9408201705870607e-05,-0.2586408030385242,0.01094633211844011
1,relu1_2,2.9955493343598162e-05,-0.2577048290830169,0.011248745582507194
1,relu1_2,3.051297017182871e-05,-0.25678241996744444,0.01155389244374103
1,relu1_2,3.1080821738690636e-05,-0.2588442756375475,0.010881538727592184
1,relu1_2,3.165924111983521e-05,-0.2606755290287575,0.010313329571980027
1,relu1_2,3.224842498408439e-05,-0.2592376559956593,0.010757221918711892
1,relu1_2,3.284857366030047e-05,-0.2589527943570266,0.010847119577397066
1,relu1_2,3.345989120549975e-05,-0.25800325556158443,0.011151540788620077
1,relu1_2,3.408258547423452e-05,-0.2594546934346175,0.010689166552474821
1,relu1_2,3.4716868189265594e-05,-0.2593326098752035,0.01072740119992442
1,relu1_2,3.536295501355039e-05,-0.25941399891481287,0.010701898166894833
1,relu1_2,3.602106562357074e-05,-0.26062126966901794,0.010329784401871234
1,relu1_2,3.669142378402494e-05,-0.2601465002712969,0.010474747492192226
1,relu1_2,3.7374257423910643e-05,-0.2598209441128595,0.01057517703084216
1,relu1_2,3.806979871402284e-05,-0.2621812262615302,0.00986577174433019
1,relu1_2,3.877828414589453e-05,-0.2626288659793815,0.009736040102733613
1,relu1_2,3.949995461220647e-05,-0.2634427563754748,0.009503993134852257
1,relu1_2,4.023505548869293e-05,-0.26389039609332615,0.009378447319802509
1,relu1_2,4.098383671757261e-05,-0.2655588714053175,0.008923235753792036
1,relu1_2,4.174655289253135e-05,-0.26706456863809014,0.00852922140215425
1,relu1_2,4.252346334528678e-05,-0.2678241996744439,0.008336311095350952
1,relu1_2,4.331483223376403e-05,-0.2694384156266957,0.007939082032192046
1,relu1_2,4.41209286319119e-05,-0.27032013022246343,0.007729230260861502
1,relu1_2,4.494202662119142e-05,-0.271473141616929,0.007462196306256356
1,relu1_2,4.577840538376616e-05,-0.27158166033640807,0.007437487873583105
1,relu1_2,4.6630349297427265e-05,-0.2720564297341292,0.007330235319652474
1,relu1_2,4.7498148032285043e-05,-0.27244981009224095,0.007242405558275618
1,relu1_2,4.838209664925957e-05,-0.2746744438415627,0.006762981691990787
1,relu1_2,4.9282495700405135e-05,-0.2747422680412372,0.0067488167430574736
1,relu1_2,5.0199651331100794e-05,-0.2749321758003256,0.006709294361905336
1,relu1_2,5.113387538414321e-05,-0.2749186109603907,0.006712110585455059
1,relu1_2,5.2085485505776655e-05,-0.27487791644058607,0.006720565529854648
1,relu1_2,5.305480525369574e-05,-0.2753255561584374,0.006628077159130669
1,relu1_2,5.404216420705915e-05,-0.2753119913185025,0.006630863208229276
1,relu1_2,5.5047898078549675e-05,-0.27518990775908847,0.006655984305985399
1,relu1_2,5.607234882852027e-05,-0.27577319587628873,0.006536716567163911
1,relu1_2,5.711586478126435e-05,-0.27681768855127514,0.0063278623590869824
1,relu1_2,5.8178800743449355e-05,-0.2776451437873034,0.006166623754193823
1,relu1_2,5.926151812475552e-05,-0.27645143787303317,0.006400414321730497
1,relu1_2,6.0364385060758635e-05,-0.27622083559414007,0.006446472098355646
1,relu1_2,6.148777653810017e-05,-0.27841833966359203,0.006019258943182799
1,relu1_2,6.263207452198692e-05,-0.2791644058600109,0.005880032717150516
1,relu1_2,6.379766808606283e-05,-0.2795713510580576,0.005805301235114278
1,relu1_2,6.498495354469889e-05,-0.28029028757460667,0.005675332516508781
1,relu1_2,6.619433458774387e-05,-0.28075149213239287,0.005593322190937804
1,relu1_2,6.742622241778336e-05,-0.280005425935974,0.0057265174270902264
1,relu1_2,6.868103588995308e-05,-0.2797748236570809,0.0057682523992728715
1,relu1_2,6.995920165435375e-05,-0.28092200529870337,0.005563269351581826
1,relu1_2,7.126115430111745e-05,-0.28186380900705377,0.005399845412208447
1,relu1_2,7.258733650817246e-05,-0.28090070537167666,0.005567015598417842
1,relu1_2,7.393819919175873e-05,-0.2815246880086816,0.005458192462771645
1,relu1_2,7.531420165974376e-05,-0.2778486163863267,0.006127536860716258
1,relu1_2,7.671581176779303e-05,-0.27790287574606626,0.0061171508349691
1,relu1_2,7.814350607844543e-05,-0.27864894194248513,0.005975916591364472
1,relu1_2,7.959777002314978e-05,-0.2812669560499187,0.005502910009042073
1,relu1_2,8.107909806731695e-05,-0.28524145415084107,0.004848261477786539
1,relu1_2,8.258799387844272e-05,-0.28501085187194797,0.004884258874853046
1,relu1_2,8.412497049736118e-05,-0.2842647856755291,0.005002356347300508
1,relu1_2,8.569055051268347e-05,-0.2825963103635378,0.005275703013551499
1,relu1_2,8.728526623848371e-05,-0.283790016277808,0.005078825521412372
1,relu1_2,8.890965989529168e-05,-0.2829218665219751,0.005221347539556426
1,relu1_2,9.056428379445294e-05,-0.28288117200217044,0.005228114638474403
1,relu1_2,9.224970052592174e-05,-0.28372219207813354,0.0050898341356609075
1,relu1_2,9.39664831495469e-05,-0.28384427563754755,0.005070033882121171
1,relu1_2,9.571521538991856e-05,-0.2852278893109062,0.004850372416071896
1,relu1_2,9.749649183484096e-05,-0.28681497558328817,0.004608872426750353
1,relu1_2,9.9310918137498e-05,-0.2871405317417255,0.004560679226609479
1,relu1_2,0.00010115911122238297,-0.28940586001085195,0.00423758718013085
1,relu1_2,0.00010304169949505875,-0.2909658166033641,0.004027135466048052
1,relu1_2,0.00010495932305582266,-0.2915084102007597,0.003956153484448726
1,relu1_2,0.00010691263391734771,-0.29107433532284327,0.004012848739764329
1,relu1_2,0.00010890229622637306,-0.2903011394465546,0.00411563721710271
1,relu1_2,0.00011092898648952228,-0.2896771568095497,0.0042002965057431445
1,relu1_2,0.00011299339380332217,-0.2892023874118286,0.004265748768088632
1,relu1_2,0.00011509622008850311,-0.2889310906131308,0.004303557268667405
1,relu1_2,0.00011723818032865997,-0.2893516006511124,0.00424508066890233
1,relu1_2,0.00011942000281335325,-0.2916033640803039,0.003943847210999436
1,relu1_2,0.0001216424293857368,-0.2931497558328812,0.0037481882314194734
1,relu1_2,0.00012390621569479155,-0.29468258274552367,0.0035628585708441835
1,relu1_2,0.0001262121314522546,-0.29418068366793276,0.0036226180654148903
1,relu1_2,0.00012856096069432965,-0.29359739555073255,0.0036931939201848827
1,relu1_2,0.00013095350204826676,-0.29469614758545853,0.0035612557674926455
1,relu1_2,0.00013339056900390586,-0.2942892023874119,0.003609621626466569
1,relu1_2,0.0001358729901902709,-0.29386869234943036,0.003660216374575083
1,relu1_2,0.00013840160965731301,-0.29336679327183945,0.003721433525083204
1,relu1_2,0.00014097728716289676,-0.2960933260987521,0.0033995831561474932
1,relu1_2,0.00014360089846512608,-0.2939229517091699,0.0036536525661617415
1,relu1_2,0.000146273335620113,-0.2947775366250679,0.003551652492822858
1,relu1_2,0.00014899550728528536,-0.2961204557786219,0.003396510031482679
1,relu1_2,0.00015176833902834038,-0.29593054801953345,0.0034180742632802705
1,relu1_2,0.00015459277364194784,-0.295618556701031,0.0034537675259510626
1,relu1_2,0.00015746977146430867,-0.2954693434617472,0.003470955912635498
1,relu1_2,0.000160400310705682,-0.296839392295171,0.0033159736425598507
1,relu1_2,0.00016338538778098603,-0.29506239826370056,0.00351822330202016
1,relu1_2,0.0001664260176485902,-0.29469614758545853,0.0035612557674926455
1,relu1_2,0.00016952323415541214,-0.294519804666305,0.0035821426336962925
1,relu1_2,0.0001726780903884356,-0.2934346174715139,0.0037131077784422818
1,relu1_2,0.00017589165903277327,-0.29371947911014656,0.0036783212766625835
1,relu1_2,0.00017916503273638994,-0.29519804666304944,0.0035024038666108285
1,relu1_2,0.00018249932448161505,-0.29616115029842655,0.0033919050101339065
1,relu1_2,0.00018589566796356884,-0.2948317959848074,0.0035452631936768084
1,relu1_2,0.00018935521797562954,-0.2953879544221379,0.0034803636450222155
1,relu1_2,0.00019287915080207777,-0.29370591427021164,0.003679971142640864
1,relu1_2,0.00019646866461804445,-0.29470971242539346,0.0035596536095361597
1,relu1_2,0.00020012497989690348,-0.29380086814975587,0.003668435969063254
1,relu1_2,0.00020384933982524643,-0.29432989690721656,0.0036047587287424804
1,relu1_2,0.00020764301072557747,-0.2957135105805752,0.003442869187168259
1,relu1_2,0.00021150728248687948,-0.29674443841562675,0.0033265115088590676
1,relu1_2,0.00021544346900318823,-0.2968122626153012,0.003318981404831956
1,relu1_2,0.00021945290862033113,-0.29628323385784056,0.0033781234838613904
1,relu1_2,0.00022353696459097966,-0.2946283233857841,0.003569276242693977
1,relu1_2,0.000227697025538168,-0.29517091698317965,0.0035055626495451905
1,relu1_2,0.00023193450592744275,-0.29397721106890945,0.0036470992905203513
1,relu1_2,0.0002362508465477945,-0.29650027129679873,0.003353746800919452
1,relu1_2,0.00024064751500154217,-0.2972599023331525,0.0032696646353075195
1,relu1_2,0.000245126006203334,-0.2989419424850787,0.0030901708049129797
1,relu1_2,0.00024968784288843267,-0.29877916440586005,0.0031071463606149627
1,relu1_2,0.00025433457613046484,-0.29724633749321766,0.003271149379207364
1,relu1_2,0.0002590677858688006,-0.29770754205100386,0.0032210056934365242
1,relu1_2,0.0002638890814457513,-0.2997151383613674,0.003010667760809977
1,relu1_2,0.00026880010215376074,-0.2988469886055345,0.003100063072447847
1,relu1_2,0.00027380251779278577,-0.297693977211069,0.0032224706154112847
1,relu1_2,0.000278898029238044,-0.29553716766142163,0.0034631335368203744
1,relu1_2,0.0002840883690183301,-0.29532013022246345,0.003488220855627064
1,relu1_2,0.00028937530190509535,-0.29659522517634296,0.003343131648745116
1,relu1_2,0.00029476062551248586,-0.2959169831795985,0.003419619247576847
1,relu1_2,0.00030024617090855494,-0.296228974498101,0.0033842424017551977
1,relu1_2,0.00030583380323784314,-0.296961475854585,0.003302468916669999
1,relu1_2,0.0003115254223555485,-0.294519804666305,0.0035821426336962925
1,relu1_2,0.00031732296347349796,-0.29324470971242544,0.0037364619539711655
1,relu1_2,0.0003232283978181381,-0.29445198046663057,0.0035902051911499817
1,relu1_2,0.0003292437333007769,-0.2927156809549648,0.0038022142377640133
1,relu1_2,0.0003353710152002929,-0.2962154096581661,0.0033857736817268958
1,relu1_2,0.0003416123268585525,-0.29553716766142163,0.0034631335368203744
1,relu1_2,0.0003479697903887695,-0.29468258274552367,0.0035628585708441835
1,relu1_2,0.0003544455673970436,-0.29618827997829633,0.0033888381037909887
1,relu1_2,0.0003610418597173337,-0.2948589256646772,0.003542072403914713
1,relu1_2,0.00036776091016010306,-0.29496744438415634,0.00352933493515957
1,relu1_2,0.00037460500327489893,-0.2955914270211612,0.0034568870061478206
1,relu1_2,0.00038157646612712524,-0.294031470428649,0.003640556533055925
1,relu1_2,0.00038867766908926677,-0.29103364080303856,0.0040182009482257
1,relu1_2,0.00039591102664684585,-0.2890396093326099,0.00428839814161632
1,relu1_2,0.0004032789982193705,-0.285743353228432,0.004770729413233098
1,relu1_2,0.00041078408899656427,-0.2857162235485622,0.004774891938575736
1,relu1_2,0.00041842885079015847,-0.2868014107433533,0.004610890287228057
1,relu1_2,0.0004262158829015325,-0.2850786760716224,0.004873646791521352
1,relu1_2,0.00043414783300550926,-0.2802767227346718,0.005677760655487746
1,relu1_2,0.00044222739805058973,-0.27830982094411294,0.006039751589302091
1,relu1_2,0.0004504573251759454,-0.27666847531199135,0.006357332189548414
1,relu1_2,0.00045884041264547613,-0.27559685295713515,0.006572573221107266
1,relu1_2,0.00046737951079924635,-0.2740775908844276,0.006888771196845217
1,relu1_2,0.0004760775230226368,-0.272083559413999,0.007324148048687581
1,relu1_2,0.00048493740673352334,-0.26969614758545857,0.007877227545778248
1,relu1_2,0.0004939621743878316,-0.2688008681497559,0.008093932774314945
1,relu1_2,0.0005031548945038057,-0.2701980466630494,0.0077579918303111554
1,relu1_2,0.0005125186927053333,-0.27021161150298434,0.00775479144765493
1,relu1_2,0.0005220567527846976,-0.268665219750407,0.008127220878594616
1,relu1_2,0.0005317723177850966,-0.2682175800325557,0.008237928634263285
1,relu1_2,0.0005416686911033147,-0.2693705914270212,0.007955430493169064
1,relu1_2,0.0005517492376129129,-0.26653553988062945,0.008665879097767646
1,relu1_2,0.0005620173848083188,-0.2620455778621813,0.009905382385259778
1,relu1_2,0.0005724766239702179,-0.26040423223005976,0.010395833823226818
1,relu1_2,0.0005831305113526219,-0.2598480737927293,0.010566775837573096
1,relu1_2,0.000593982669392035,-0.2576776994031471,0.01125761898086182
1,relu1_2,0.0006050367879391225,-0.2536760716223549,0.012635302069997304
1,relu1_2,0.0006162966255132943,-0.2511530113944656,0.013577508654760961
1,relu1_2,0.00062776601058065,-0.2475176342919154,0.01504226337750517
1,relu1_2,0.0006394488428556937,-0.24168475311991322,0.017678692776077174
1,relu1_2,0.0006513490946272796,-0.2383206728160608,0.01937342254161066
1,relu1_2,0.0006634708121092351,-0.23947368421052637,0.01877747447386912
1,relu1_2,0.000675818116816111,-0.23962289744981013,0.01870151696705753
1,relu1_2,0.0006883952069645496,-0.23350515463917532,0.022041395912690945
1,relu1_2,0.0007012063589007177,-0.23415626695604996,0.021663212436039685
1,relu1_2,0.0007142559285543119,-0.23187737384698864,0.023011658880424498
1,relu1_2,0.0007275483529196233,-0.22836408030385247,0.025230813838979894
1,relu1_2,0.0007410881515641569,-0.22915084102007602,0.024718631542546287
1,relu1_2,0.0007548799281653432,-0.229395008138904,0.02456149129156814
1,relu1_2,0.0007689283720758305,-0.22874389582202934,0.02498243604942915
1,relu1_2,0.0007832382599179204,-0.22399620184481828,0.02824159584581483
1,relu1_2,0.0007978144572076629,-0.22078133478024964,0.030647536594737252
1,relu1_2,0.0008126619200091946,-0.21649484536082478,0.03412293844170721
1,relu1_2,0.0008277856966198472,-0.21462289744981014,0.03574152409531395
1,relu1_2,0.0008431909292866251,-0.2116250678241997,0.0384675893437123
1,relu1_2,0.0008588828559546258,-0.20865436787845906,0.04133838768767301
1,relu1_2,0.0008748668120479914,-0.204761258817146,0.04536879495311727
1,relu1_2,0.0008911482322840202,-0.2034319045035269,0.04681755532352938
1,relu1_2,0.0009077326525210223,-0.2030656538252849,0.04722336628695056
1,relu1_2,0.0009246257116405734,-0.19770754205100383,0.05350038920972573
1,relu1_2,0.0009418331534647961,-0.19892837764514382,0.05201299073089856
1,relu1_2,0.0009593608287093146,-0.1980059685295714,0.05313361371502618
1,relu1_2,0.0009772146969725724,-0.19720564297341295,0.05412192884228117
1,relu1_2,0.0009954008287621518,-0.19938958220293004,0.05146001639498648
1,relu1_2,0.0010139254075588143,-0.1965680954964732,0.054919988745554704
1,relu1_2,0.0010327947319189526,-0.19310906131307654,0.059419834135704834
1,relu1_2,0.0010520152176161591,-0.191589799240369,0.06148919332529125
1,relu1_2,0.001071593399822671,-0.18704557786218126,0.06803143426652349
1,relu1_2,0.0010915359353313911,-0.18849701573521435,0.06588326224049991
1,relu1_2,0.0011118496048192698,-0.18690992946283239,0.06823506068085503
1,relu1_2,0.0011325413151528126,-0.18632664134563215,0.06911627941236408
1,relu1_2,0.0011536181017364785,-0.18624525230602282,0.06923996816753356
1,relu1_2,0.0011750871309048076,-0.1841020075963104,0.07256199141417098
1,relu1_2,0.0011969557023590429,-0.18407487791644062,0.07260485081447943
1,relu1_2,0.0012192312516491094,-0.1829083016820402,0.0744671766746194
1,relu1_2,0.0012419213527017847,-0.1803581117742811,0.07867208206605099
1,relu1_2,0.0012650337203959038,-0.17700759631036359,0.0844832033373976
1,relu1_2,0.0012885762131855181,-0.17413185024416716,0.08973893166897705
1,relu1_2,0.0013125568357718427,-0.1726397178513294,0.09256623894276252
1,relu1_2,0.0013369837418249451,-0.17352143244709717,0.09088717555030075
1,relu1_2,0.0013618652367560827,-0.16992674986435163,0.09788665687204738
1,relu1_2,0.001387209780541621,-0.16420238741182858,0.10989964722795902
1,relu1_2,0.0014130259905995337,-0.16170645686380905,0.11548357517562706
1,relu1_2,0.0014393226447194064,-0.1569180683667933,0.126807774754834
1,relu1_2,0.001466108684046983,-0.1534319045035269,0.13557356199771223
1,relu1_2,0.0014933932161242535,-0.14854856212696693,0.14861693007774962
1,relu1_2,0.001521185517986105,-0.14332609875203475,0.16358606678839938
1,relu1_2,0.0015494950393146315,-0.14251220835594142,0.16601620914795143
1,relu1_2,0.0015783314056521166,-0.13647585458491593,0.1848789842968223
1,relu1_2,0.0016077044216738221,-0.13528214867064572,0.18878696996375707
1,relu1_2,0.001637624074521689,-0.1322843190450353,0.19886486902585923
1,relu1_2,0.0016681005372000592,-0.12879815518176888,0.2110642153773557
1,relu1_2,0.001699144172034626,-0.12584102007596312,0.22182223232331202
1,relu1_2,0.001730765534195724,-0.12390124796527403,0.2290856720475777
1,relu1_2,0.0017629753752872038,-0.12154096581660338,0.238146263746708
1,relu1_2,0.0017957846470020968,-0.11736299511665765,0.2547886237696083
1,relu1_2,0.0018292045048462937,-0.11363266413456323,0.2703057940282727
1,relu1_2,0.0018632463119315598,-0.11279164405860014,0.2738904577753731
1,relu1_2,0.0018979216428390996,-0.10926478567552905,0.2892698999127215
1,relu1_2,0.0019332422875550433,-0.10265870862723822,0.3195892397017427
1,relu1_2,0.0019692202554791737,-0.10094953879544223,0.3277551503200866
1,relu1_2,0.002005867779508234,-0.09762615301139449,0.3440110297955682
1,relu1_2,0.0020431973201952705,-0.09399077590884429,0.36236241246696155
1,relu1_2,0.002081221569986337,-0.09141345632121543,0.3757312045656677
1,relu1_2,0.002119953457536069,-0.08946011937059145,0.3860602463673625
1,relu1_2,0.0021594061521035676,-0.0883071079761259,0.3922365216641196
1,relu1_2,0.0021995930680300748,-0.08795442213781879,0.39413744659648847
1,relu1_2,0.0022405278693000182,-0.08530927835051548,0.40856843291751993
1,relu1_2,0.002282224474186896,-0.08355941399891482,0.41828288555693727
1,relu1_2,0.0023246970599856455,-0.07916440586001086,0.44326386532595047
1,relu1_2,0.0023679600678330787,-0.07498643516006513,0.467769610666275
1,relu1_2,0.002412028207618007,-0.07475583288117202,0.4691433666435206
1,relu1_2,0.00245691646298279,-0.07164948453608248,0.4878609893571661
1,relu1_2,0.0025026400964179166,-0.07156809549647315,0.4883566792926777
1,relu1_2,0.0025492146544514203,-0.06806836679327186,0.5099217812555771
1,relu1_2,0.0025966559729348722,-0.06722734671730875,0.515176178703719
1,relu1_2,0.00264498018242772,-0.06943841562669562,0.5014216646788592
1,relu1_2,0.0026942037136818823,-0.06985892566467718,0.49882760756490835
1,relu1_2,0.0027443433032283623,-0.06890938686923495,0.5046951124518833
1,relu1_2,0.002795415999067859,-0.06375474769397722,0.5371609394254772
1,relu1_2,0.0028474391664672478,-0.06478567552902877,0.5305861057906308
1,relu1_2,0.0029004304938639917,-0.06551817688551276,0.5259390680036662
1,relu1_2,0.00295440799888038,-0.064514378730331,0.5323124202502723
1,relu1_2,0.003009390034449718,-0.06172002170374391,0.5502546905419136
1,relu1_2,0.00306539529505653,-0.060160065111231696,0.5603968466262236
1,relu1_2,0.0031224428230928578,-0.05751492132392839,0.5777953124857392
1,relu1_2,0.00318055201533292,-0.052835051546391766,0.6091748278338476
1,relu1_2,0.0032397426295281955,-0.05225176342919154,0.6131376190888425
1,relu1_2,0.003300034791125282,-0.05210255018990777,0.6141531523420277
1,relu1_2,0.0033614490001087688,-0.05157352143244711,0.6177595394234193
1,relu1_2,0.003424006137971426,-0.054015192620727084,0.6011915938948239
1,relu1_2,0.0034877274748141775,-0.054367878459034194,0.5988148520362055
1,relu1_2,0.0035526346765781393,-0.05217037438958221,0.6136914559018344
1,relu1_2,0.003618749812411277,-0.05462561041779708,0.5970806580787978
1,relu1_2,0.0036860953621721615,-0.052048290830168216,0.6145226178869532
1,relu1_2,0.003754694224073337,-0.05048833423765601,0.6251856195629157
1,relu1_2,0.0038245697224669993,-0.04864351600651113,0.6378959631063212
1,relu1_2,0.0038957456157755013,-0.0462696690179056,0.6544061301264592
1,relu1_2,0.003968246104569478,-0.044546934346174724,0.6664934170302816
1,relu1_2,0.00404209583979631,-0.04093868692349431,0.6920849221340223
1,relu1_2,0.004117319931161679,-0.04184753119913186,0.6856048683873435
1,relu1_2,0.004193943955667186,-0.04123711340206186,0.6899546685962272
1,relu1_2,0.004271993966306777,-0.04023331524688009,0.6971295794065251
1,relu1_2,0.004351496500925045,-0.03746608790016279,0.7170458449484393
1,relu1_2,0.0044324785912404005,-0.03863266413456322,0.7086257580402155
1,relu1_2,0.004514967772036102,-0.03855127509495389,0.7092120843013842
1,relu1_2,0.004598992090522438,-0.03784590341833967,0.7143006466412495
1,relu1_2,0.004684580115873045,-0.03323385784047749,0.7478714621598407
1,relu1_2,0.004771760948938741,-0.033260987520347264,0.7476725330114864
1,relu1_2,0.004860564232142139,-0.02913727618014108,0.7780923114147489
1,relu1_2,0.004951020159556351,-0.026546391752577326,0.7973806426364539
1,relu1_2,0.005043159487171359,-0.025420510037981556,0.8058013303979892
1,relu1_2,0.005137013543351339,-0.024986435160065115,0.8090538450198391
1,relu1_2,0.005232614239486656,-0.023914812805208904,0.817097290422567
1,relu1_2,0.005329994080844093,-0.021134020618556706,0.838056121023332
1,relu1_2,0.005429186177618943,-0.020591427021161155,0.842159352149531
1,relu1_2,0.0055302242561929005,-0.021378187737384702,0.8362110728029639
1,relu1_2,0.005633142670601352,-0.02072707542051004,0.8411331444102459
1,relu1_2,0.005737976414214128,-0.01919424850786761,0.8527443446688255
1,relu1_2,0.0058447611316336376,-0.02486435160065112,0.8099692024669983
1,relu1_2,0.00595353313081437,-0.02516277807921867,0.8077321160844038
1,relu1_2,0.006064329395408062,-0.023480737927292463,0.820360846597407
1,relu1_2,0.006177187597338488,-0.02615301139446555,0.8003202277417805
1,relu1_2,0.0062921461096103375,-0.026180141074335327,0.8001174078557609
1,relu1_2,0.006409244019356457,-0.03067010309278351,0.7667430927821941
1,relu1_2,0.006528521141127847,-0.03243353228431905,0.7537472519648369
1,relu1_2,0.006650018030431118,-0.03457677699403148,0.7380445440718084
1,relu1_2,0.006773775997517745,-0.03731687466087901,0.7181253028004386
1,relu1_2,0.006899837121430011,-0.04053174172544765,0.6949936777571918
1,relu1_2,0.0070282442643083524,-0.04184753119913186,0.6856048683873435
1,relu1_2,0.0071590410859648885,-0.04472327726532828,0.6652521473837204
1,relu1_2,0.007292272058728313,-0.04435702658708628,0.6678311744722994
1,relu1_2,0.00742798248256491,-0.046852957135105816,0.6503335073118017
1,relu1_2,0.007566218500481048,-0.04758545849158981,0.6452335804197677
1,relu1_2,0.007707027114212304,-0.04776180141074336,0.6440082567770604
1,relu1_2,0.00785045620020451,-0.04853499728703202,0.638646950326403
1,relu1_2,0.007996554525892346,-0.049362452523060235,0.6329299344866357
1,relu1_2,0.008145371766280737,-0.05184481823114488,0.6159089704391246
1,relu1_2,0.008296958520834915,-0.055398806294085744,0.5918916159452041
1,relu1_2,0.008451366330684721,-0.05751492132392839,0.5777953124857392
1,relu1_2,0.008608647696149245,-0.05819316332067283,0.5733103965281946
1,relu1_2,0.008768856094587427,-0.0535132935431362,0.6045810847283117
1,relu1_2,0.008932045998580959,-0.055317417254476406,0.5924368704813713
1,relu1_2,0.009098272894455568,-0.0559278350515464,0.5883530011484375
1,relu1_2,0.009267593301146883,-0.05965816603364082,0.5636788169558509
1,relu1_2,0.009440064789417604,-0.05741996744438417,0.5784244947928565
1,relu1_2,0.009615746001432095,-0.055941399891481294,0.5882623940368412
1,relu1_2,0.009794696670695385,-0.0585865436787846,0.5707166105077647
1,relu1_2,0.009976977642363211,-0.060431361909929475,0.5586266097521205
1,relu1_2,0.010162650893929951,-0.061055344546934356,0.5545652405859473
1,relu1_2,0.010351779556301762,-0.06639989148128053,0.5203726937544848
1,relu1_2,0.010544427935261684,-0.06540965816603365,0.526626224061656
1,relu1_2,0.010740661533334323,-0.06641345632121542,0.520287291189617
1,relu1_2,0.010940547072057435,-0.07227346717308737,0.484069589972864
1,relu1_2,0.011144152514667882,-0.07601736299511667,0.46165501415261706
1,relu1_2,0.01135154708920999,-0.08160607704829084,0.4292833726859813
1,relu1_2,0.011562801312073753,-0.0838442756375475,0.4166924076752615
1,relu1_2,0.011777987011971181,-0.0880629408572979,0.39355196316228946
1,relu1_2,0.011997177354358856,-0.08821215409658167,0.39274777017052676
1,relu1_2,0.012220446866314887,-0.0850379815518177,0.4100658310803857
1,relu1_2,0.012447871461879062,-0.08457677699403149,0.41261876104035083
1,relu1_2,0.01267952846786434,-0.08567552902875748,0.4065520351722364
1,relu1_2,0.012915496650148827,-0.08785946825827456,0.3946501698233655
1,relu1_2,0.013155856240457052,-0.08943298969072166,0.386204895802463
1,relu1_2,0.013400688963639508,-0.09309549647314164,0.366972700967335
1,relu1_2,0.013650078065460139,-0.0954422137818774,0.35496439839251337
1,relu1_2,0.013904108340900697,-0.09804666304937604,0.34192663541241736
1,relu1_2,0.014162866162991974,-0.09991861096039069,0.33274445806379005
1,relu1_2,0.014426439512181588,-0.10001356483993491,0.3322829094231659
1,relu1_2,0.014694918006248172,-0.0994167118827998,0.33519083447467357
1,relu1_2,0.014968392930772555,-0.10170916983179601,0.32410954986353757
1,relu1_2,0.01524695727017573,-0.10467986977753664,0.3101032518867483
1,relu1_2,0.015530705739334584,-0.10785404232230061,0.29557890081830196
1,relu1_2,0.015819734815786014,-0.10975311991318505,0.2871069665798869
1,relu1_2,0.016114142772530198,-0.11014650027129683,0.2853724348993915
1,relu1_2,0.016414029711444664,-0.11540965816603366,0.2628362301773271
1,relu1_2,0.016719497597319884,-0.11570808464460122,0.2615956870172698
1,relu1_2,0.017030650292528426,-0.11852957135105809,0.2500636721086439
1,relu1_2,0.017347593592339325,-0.11558600108518721,0.26210269979674194
1,relu1_2,0.017670435260889468,-0.11536896364622899,0.2630057042660361
1,relu1_2,0.017999285067824763,-0.1129408572978839,0.2732521476769526
1,relu1_2,0.018334254825622887,-0.11024145415084104,0.28495480147107005
1,relu1_2,0.01867545842761074,-0.11106890938686925,0.2813326449264646
1,relu1_2,0.019023011886689457,-0.11237113402061857,0.2756947225162415
1,relu1_2,0.01937703337477989,-0.11311720021703746,0.2724990725524824
1,relu1_2,0.019737643263002553,-0.115246880086815,0.26351457178165616
1,relu1_2,0.02010496416260497,-0.11478567552902878,0.265442989824328
1,relu1_2,0.020479120966650832,-0.11653553988062944,0.25817685073155433
1,relu1_2,0.02086024089248505,-0.11715952251763431,0.25561895918067723
1,relu1_2,0.021248453524988827,-0.11810906131307652,0.25175986187102284
1,relu1_2,0.021643890860640204,-0.12072707542051006,0.24132755751776452
1,relu1_2,0.022046687352394075,-0.12048290830168207,0.24228765963422166
1,relu1_2,0.022456979955397718,-0.12080846446011939,0.2410081099250225
1,relu1_2,0.02287490817355704,-0.12101234743811934,0.24020916689364727
1,relu1_2,0.023300614106969247,-0.1197508130460394,0.24518220286703696
1,relu1_2,0.023734242500238662,-0.12000854587882993,0.24416047383872233
1,relu1_2,0.024175940791691282,-0.12205684365521778,0.23614497680508875
1,relu1_2,0.024625859163505442,-0.12185337036617264,0.23693292496923454
1,relu1_2,0.02508415059277541,-0.12051763780552434,0.24215093693252082
1,relu1_2,0.02555097090352507,-0.1208974558997958,0.24065915878104419
1,relu1_2,0.026026478819690044,-0.12203095539586374,0.23624512744076795
1,relu1_2,0.02651083601908536,-0.1216205218256879,0.2378368696715371
1,relu1_2,0.027004207188377698,-0.121565847969581,0.23804946678407576
1,relu1_2,0.027506760079080674,-0.12166121800163761,0.23767870988608367
1,relu1_2,0.028018665564591955,-0.11966669953285262,0.24551629153307752
1,relu1_2,0.028540097698292376,-0.1227324677235713,0.23354171743195934
1,relu1_2,0.029071233772725753,-0.12281427632021254,0.23322786334061132
1,relu1_2,0.029612254379880375,-0.12195965662526877,0.23652110476032293
1,relu1_2,0.03016334347259197,-0.12120986103292482,0.2394369362337347
1,relu1_2,0.030724688427090033,-0.12138622548459285,0.23874885090093645
1,relu1_2,0.031296480106707505,-0.12026020629317388,0.24316566003303733
1,relu1_2,0.03187891292677643,-0.11910650268683075,0.24774933862851134
1,relu1_2,0.03247218492073132,-0.12126494969152926,0.23922186039706275
1,relu1_2,0.03307649780744242,-0.12145389673613831,0.2384851965495871
1,relu1_2,0.033692057059802674,-0.12203056868466762,0.23624662368549187
1,relu1_2,0.03431907197459043,-0.12106759811500481,0.2399929762705463
1,relu1_2,0.03495775574363272,-0.12061982778854975,0.24174894640053873
1,relu1_2,0.03560832552629282,-0.12313831383363777,0.23198760348109976
1,relu1_2,0.036271002523306485,-0.12118355651922867,0.23953968100791642
1,relu1_2,0.03694601205199302,-0.11910760936702998,0.24774491345490712
1,relu1_2,0.03763358362286533,-0.11992129849646022,0.2445060183185014
1,relu1_2,0.03833395101766598,-0.1174786017166945,0.254317677002102
1,relu1_2,0.03904735236885564,-0.12159702986429455,0.23792820105715595
1,relu1_2,0.03977403024058037,-0.1221330921131319,0.23585017571560504
1,relu1_2,0.04051423171114647,-0.12398825347172468,0.2287563560291108
1,relu1_2,0.04126820845702952,-0.12311552992135896,0.23207465847341083
1,relu1_2,0.0420362168384471,-0.1230781216843538,0.23221764099192463
1,relu1_2,0.042818517986524154,-0.12311552992135896,0.23207465847341083
1,relu1_2,0.04361537789208006,-0.12292104311321944,0.2328187013645172
1,relu1_2,0.044427067496068826,-0.12383000112219782,0.22935558863459368
1,relu1_2,0.04525386278170167,-0.12053071578375217,0.24209946554596082
1,relu1_2,0.046096044868284294,-0.11850752403953875,0.25015240764285174
1,relu1_2,0.04695390010680063,-0.11463359172440277,0.2660809838530532
1,relu1_2,0.04782772017727485,-0.1133935730798951,0.27132163158393385
1,relu1_2,0.04871780218794631,-0.11508248115904819,0.26420087325017677
1,relu1_2,0.04962444877628913,-0.11520630227573453,0.2636838557259249
1,relu1_2,0.050547968211912354,-0.11454737097761189,0.2664431422086
1,relu1_2,0.051488674501374974,-0.11296200176291832,0.2731617761075153
1,relu1_2,0.05244688749495119,-0.1124381337815009,0.2754067163801543
1,relu1_2,0.053422932995383525,-0.10741113759420191,0.29757817764814315
1,relu1_2,0.054417142868658876,-0.10723759456098197,0.2983639719275459
1,relu1_2,0.05542985515684663,-0.09942033602240866,0.33517312879336997
1,relu1_2,0.05646141419303673,-0.10785350927128755,0.2955813016847784
1,relu1_2,0.057512170718416133,-0.11072120203606034,0.282850958908535
1,relu1_2,0.05858248200152536,-0.11106436352796595,0.28135245989224905
1,relu1_2,0.0596727119597331,-0.09593948726621454,0.35245151483249326
1,relu1_2,0.060783231282972236,-0.09359955805474351,0.3643726010237478
1,relu1_2,0.06191441755977847,-0.09643907676037018,0.3499381127053379
1,relu1_2,0.06306665540567406,-0.09475227238141844,0.3584692730856872
1,relu1_2,0.0642403365939419,-0.09682132340011329,0.34802263099582276
1,relu1_2,0.0654358601888323,-0.09447596733148704,0.3598788762852864
1,relu1_2,0.06665363268124906,-0.09268295068555452,0.36910918025230466
1,relu1_2,0.06789406812696112,-0.09515804057067329,0.35640540104877827
1,relu1_2,0.06915758828738525,-0.10126957430543006,0.32621606496645045
1,relu1_2,0.07044462277299036,-0.11045137553351361,0.28403295342550333
1,relu1_2,0.07175560918936921,-0.13331779188878637,0.1953478161850161
1,relu1_2,0.07309099328602904,-0.11953584422589385,0.24603665721117254
1,relu1_2,0.07445122910795143,-0.12104544143007334,0.2400796570506724
1,relu1_2,0.0758367791499719,-0.11971586476859974,0.24532097505684608
1,relu1_2,0.077248114514034,-0.1187083704801598,0.2493448443948244
1,relu1_2,0.07868571506936843,-0.12605517044437412,0.2210304147019896
1,relu1_2,0.08015006961565396,-0.09992782268534384,0.33269966418705227
1,relu1_2,0.08164167604921473,-0.12605517044437412,0.2210304147019896
1,relu1_2,0.08316104153230962,-0.08062540586883009,0.4348679441170443
1,relu1_2,0.08470868266557402,-0.07808006024290184,0.44955374394405273
1,relu1_2,0.08628512566366887,-0.07543031387011469,0.46513149792638847
1,relu1_2,0.08789090653419963,-0.11528879850820212,0.2633397725254565
1,relu1_2,0.08952657125996401,-0.08725788162743951,0.39790777585778997
1,relu1_2,0.09119267598459298,-0.10299456469087935,0.31800014933256576
1,relu1_2,0.09288978720164498,-0.08948944990966151,0.38590389906303624
1,relu1_2,0.09461848194721992,-0.07343025022340507,0.4770826234655
1,relu1_2,0.09637934799615795,-0.07367890937231954,0.47558784828653355
1,relu1_2,0.09817298406188842,-0.07283908872002445,0.48064643336406093
1,relu1_2,0.1,-0.08012141639882142,0.4377539616555171
2,relu2_1,1e-09,-0.37520563698758824,0.0001654341329690435
2,relu2_1,1.0186101701559773e-09,-0.3774981422725216,0.00014970956122171823
2,relu2_1,1.0375666787451849e-09,-0.37499703498110826,0.000166938335863103
2,relu2_1,1.0568759711848051e-09,-0.3776389430130883,0.0001487904396269633
2,relu2_1,1.0765446128423137e-09,-0.37772200768656,0.00014825066270045693
2,relu2_1,1.0965792912678099e-09,-0.37275500117220217,0.00018392414340921156
2,relu2_1,1.116986818467825e-09,-0.37840019957656607,0.00014391097002055343
2,relu2_1,1.1377741332214901e-09,-0.3778104163752928,0.00014767815193497517
2,relu2_1,1.1589483034398119e-09,-0.3750084834661331,0.00016685545508842006
2,relu2_1,1.180516528568803e-09,-0.3732176573598245,0.00018029335279998138
2,relu2_1,1.2024861420374123e-09,-0.3697897470774669,0.00020884750418533895
2,relu2_1,1.2248646137509333e-09,-0.37193101722137273,0.00019055847959994772
2,relu2_1,1.2476595526308685e-09,-0.37384173312414415,0.0001755007712527715
2,relu2_1,1.2708787092020595e-09,-0.3766215723278483,0.0001555509561843675
2,relu2_1,1.2945299782279134e-09,-0.3793766650886613,0.0001378690593441526
2,relu2_1,1.3186214013947485e-09,-0.37667966957737303,0.000155157363625533
2,relu2_1,1.3431611700460181e-09,-0.37638552020696886,0.0001571596715195827
2,relu2_1,1.3681576279674706e-09,-0.37621539557139216,0.00015832862227853472
2,relu2_1,1.3936192742241434e-09,-0.376383366312926,0.00015717442115610126
2,relu2_1,1.4195547660500987e-09,-0.3759483688690259,0.0001601796451361877
2,relu2_1,1.4459729217920195e-09,-0.3781574747312741,0.00014545043841875292
2,relu2_1,1.4728827239075047e-09,-0.37908545613655675,0.00013964585862258805
2,relu2_1,1.5002933220192166e-09,-0.3771460380650798,0.00015203110163682735
2,relu2_1,1.5282140360258708e-09,-0.3750860605976915,0.00016629484164474038
2,relu2_1,1.5566543592710589e-09,-0.3772947575891038,0.00015104650679416095
2,relu2_1,1.5856239617711372e-09,-0.3772401086020559,0.00015140762100614115
2,relu2_1,1.615132693503093e-09,-0.37419748824537685,0.00017282177694053668
2,relu2_1,1.6451905877536607e-09,-0.3761412522216993,0.00015884058617710291
2,relu2_1,1.6758078645307687e-09,-0.37513481394191134,0.00016594341675675345
2,relu2_1,1.7069949340384045e-09,-0.37393548806443383,0.00017479105096634696
2,relu2_1,1.7387624002162505e-09,-0.3747002870566517,0.0001690999680331714
2,relu2_1,1.7711210643450904e-09,-0.37702805416621654,0.0001528164364338433
2,relu2_1,1.8040819287193808e-09,-0.37227064801817666,0.00018779757087986326
2,relu2_1,1.8376562003881724e-09,-0.37614588763201245,0.00015880853355248743
2,relu2_1,1.8718552949655752e-09,-0.374314938963351,0.000171945662689357
2,relu2_1,1.906690840512252e-09,-0.37440438503128537,0.0001712812055590936
2,relu2_1,1.9421746814890284e-09,-0.37322028343092667,0.00018027293472504504
2,relu2_1,1.9783188827841624e-09,-0.3726064760183235,0.0001851039885794241
2,relu2_1,2.0151357338155587e-09,-0.3738833766487886,0.00017518520334795288
2,relu2_1,2.052637752709248e-09,-0.3767376720192881,0.0001547653334839978
2,relu2_1,2.09083769055575e-09,-0.3758207640974612,0.0001610712546705545
2,relu2_1,2.129748535745523e-09,-0.3759156769330417,0.0001604076362703398
2,relu2_1,2.1693835183851823e-09,-0.37706491437853495,0.00015257068165591518
2,relu2_1,2.2097561147959033e-09,-0.3734208774345982,0.00017871959454467964
2,relu2_1,2.250880052095457e-09,-0.37557443624171183,0.00016280542354149338
2,relu2_1,2.2927693128656487e-09,-0.37909516467861265,0.0001395862820340303
2,relu2_1,2.3354381399064818e-09,-0.3736828723062128,0.0001767094289287639
2,relu2_1,2.378901041078891e-09,-0.37524036296883884,0.00016518494967903045
2,relu2_1,2.4231727942376006e-09,-0.3734904214680894,0.00017818396310128215
2,relu2_1,2.4682684522556873e-09,-0.37555915076161106,0.00016291360206325048
2,relu2_1,2.5142033481427964e-09,-0.3739948794963474,0.0001743428356123878
2,relu2_1,2.560993100258462e-09,-0.3731779619110891,0.00018060225120933648
2,relu2_1,2.6086536176225453e-09,-0.377075922112419,0.00015249736178518243
2,relu2_1,2.657201105324507e-09,-0.3739109500457889,0.00017497654556605463
2,relu2_1,2.7066520700332356e-09,-0.3742882435142213,0.0001721444335945688
2,relu2_1,2.7570233256095828e-09,-0.3742085576878579,0.00017273902935986698
2,relu2_1,2.8083319988231753e-09,-0.3731407062884392,0.0001808926088649583
2,relu2_1,2.860595535175739e-09,-0.3756676742655335,0.0001621469971903421
2,relu2_1,2.9138317048327884e-09,-0.3734976533564821,0.0001781283480820794
2,relu2_1,2.9680586086655964e-09,-0.37314622343754034,0.0001808495828609364
2,relu2_1,3.0232946844057765e-09,-0.37426960091665495,0.00017228337005799303
2,relu2_1,3.0795587129142296e-09,-0.3732729215873179,0.00017986411645342105
2,relu2_1,3.1368698245668734e-09,-0.37338614800677533,0.00017898763952520978
2,relu2_1,3.1952475057592137e-09,-0.3721376640130513,0.00018887418112471276
2,relu2_1,3.2547116055318414e-09,-0.37358157853748036,0.00017748411599548933
2,relu2_1,3.3152823423194234e-09,-0.37443365270569656,0.00017106430479116612
2,relu2_1,3.376980310825095e-09,-0.3734938533813742,0.00017815756883274455
2,relu2_1,3.439826489022921e-09,-0.37371596410406316,0.0001764570240660029
2,relu2_1,3.5038422452906756e-09,-0.3731635853708032,0.00018071424595670526
2,relu2_1,3.5690493456752222e-09,-0.37465323723514954,0.00016944506753835195
2,relu2_1,3.635469961293318e-09,-0.3722152702970007,0.0001882452057340375
2,relu2_1,3.703126675869931e-09,-0.37595168099906245,0.00016015656333165463
2,relu2_1,3.772042493416993e-09,-0.3743264005324805,0.0001718603864924169
2,relu2_1,3.842240846055061e-09,-0.37350316926620314,0.00017808594016064766
2,relu2_1,3.913745601980376e-09,-0.37320048445339965,0.00018042692732302823
2,relu2_1,3.9865810735804386e-09,-0.3733662514253254,0.00017914137071407086
2,relu2_1,4.060772025700369e-09,-0.3728342225963493,0.000183297677099344
2,relu2_1,4.13634368406327e-09,-0.373963943497814,0.0001745761705900065
2,relu2_1,4.2133217438472886e-09,-0.37439846995522647,0.00017132507269206678
2,relu2_1,4.291732378422149e-09,-0.37564181738432445,0.00016232934533495446
2,relu2_1,4.371602248248502e-09,-0.3733077404450473,0.00017959416456813816
2,relu2_1,4.45295850994266e-09,-0.3749847393825655,0.00016702739171098134
2,relu2_1,4.5358288255101815e-09,-0.37425008599554654,0.00017242891877910883
2,relu2_1,4.620241371751313e-09,-0.37420304417038286,0.00017278024006187414
2,relu2_1,4.706224849841272e-09,-0.37451123362738736,0.00017049058699390252
2,relu2_1,4.793808495089107e-09,-0.3745222584525597,0.00017040920208061857
2,relu2_1,4.883022086877885e-09,-0.37343832665300475,0.00017858506004002966
2,relu2_1,4.9738959587900574e-09,-0.3746710438449901,0.00016931438361087484
2,relu2_1,5.066461008921269e-09,-0.37518779415924713,0.00016556230305353223
2,relu2_1,5.1607487103859185e-09,-0.3741381942038492,0.00017326564339594349
2,relu2_1,5.256791122018419e-09,-0.3729389502728803,0.00018247254151016894
2,relu2_1,5.354620899273613e-09,-0.37338406655723066,0.00017900371615402322
2,relu2_1,5.454271305329825e-09,-0.37387367533988575,0.0001752586713606279
2,relu2_1,5.555776222398878e-09,-0.3731996731033457,0.0001804332404405426
2,relu2_1,5.659170163246254e-09,-0.37542009331382575,0.00016390080109394747
2,relu2_1,5.7644882829258735e-09,-0.3745006409516479,0.00017056881567274255
2,relu2_1,5.8717663907332614e-09,-0.374020742046582,0.00017414798863703716
2,relu2_1,5.981040962380932e-09,-0.37411613909602565,0.00017343101365193696
2,relu2_1,6.092349152400712e-09,-0.3735519141883206,0.0001777115807579259
2,relu2_1,6.205728806776513e-09,-0.37352351700913544,0.00017792958154627022
2,relu2_1,6.321218475812448e-09,-0.37341372933115263,0.00017877473390962484
2,relu2_1,6.4388574272404256e-09,-0.37331072493709183,0.00017957104313930322
2,relu2_1,6.558685659571422e-09,-0.37447010568554784,0.00017079450963483077
2,relu2_1,6.680743915695615e-09,-0.37334337148540014,0.00017931830384188005
2,relu2_1,6.8050736967352206e-09,-0.37327256151296984,0.00017986691008291136
2,relu2_1,6.9317172761554e-09,-0.37349087075250226,0.00017818050752456738
2,relu2_1,7.06071771413778e-09,-0.374196698981984,0.00017282767833438206
2,relu2_1,7.192118872221178e-09,-0.37425774138271695,0.0001723718088187324
2,relu2_1,7.32596542821523e-09,-0.3742632546427283,0.00017233069018487336
2,relu2_1,7.462302891391123e-09,-0.37395379756285835,0.00017465275926993365
2,relu2_1,7.601177617955322e-09,-0.37342222886255577,0.00017870917160683013
2,relu2_1,7.742636826811278e-09,-0.37359983995259505,0.0001773442223381444
2,relu2_1,7.88672861561414e-09,-0.37279398801568775,0.00018361559662372016
2,relu2_1,8.033501977124735e-09,-0.3744230606727329,0.00017114277227126812
2,relu2_1,8.183006815867407e-09,-0.3732920960822336,0.0001797154094884994
2,relu2_1,8.335293965098187e-09,-0.3739580436741173,0.0001746207028425384
2,relu2_1,8.490415204088756e-09,-0.37363628661581605,0.00017706532341908466
2,relu2_1,8.648423275731709e-09,-0.3735320150628918,0.0001778643173659641
2,relu2_1,8.80937190447399e-09,-0.3736947947981797,0.00017661845267285606
2,relu2_1,8.973315814583538e-09,-0.3742022124490061,0.00017278645754018583
2,relu2_1,9.140310748756223e-09,-0.37371342927650403,0.00017647634644445522
2,relu2_1,9.310413487069086e-09,-0.37382239435473463,0.00017564749607460925
2,relu2_1,9.483681866285909e-09,-0.3733014104379006,0.00017964321345520463
2,relu2_1,9.660174799522645e-09,-0.37410174413639935,0.0001735390265003065
2,relu2_1,9.839952296278247e-09,-0.37301953336950633,0.00018183997814846808
2,relu2_1,1.0023075482838643e-08,-0.3731984074855744,0.00018044308862465787
2,relu2_1,1.0209606623060476e-08,-0.37345062519524785,0.00017849029384466253
2,relu2_1,1.0399609139541204e-08,-0.3737613521610124,0.00017611137298264592
2,relu2_1,1.05931476351837e-08,-0.3737070924332594,0.0001765246592341545
2,relu2_1,1.0790287915161835e-08,-0.37350063591634763,0.00017810541613275062
2,relu2_1,1.099109700929496e-08,-0.37373548973200166,0.000176308250510729
2,relu2_1,1.1195643194838794e-08,-0.37355362935652464,0.00017769842159076225
2,relu2_1,1.1403996019700331e-08,-0.3733124434111382,0.00017955773104249932
2,relu2_1,1.1616226326085019e-08,-0.37400425259389164,0.00017427219593896918
2,relu2_1,1.183240627458378e-08,-0.37367996256938285,0.000176731638666366
2,relu2_1,1.2052609368708414e-08,-0.3739851735379938,0.00017441601178658065
2,relu2_1,1.2276910479883604e-08,-0.37352948158611965,0.00017788377189013624
2,relu2_1,1.2505385872903913e-08,-0.37362570284162977,0.00017714627125212017
2,relu2_1,1.2738113231864785e-08,-0.3735616787311084,0.00017763667696838435
2,relu2_1,1.2975171686575868e-08,-0.37379399686187836,0.00017586315586089053
2,relu2_1,1.3216641839466038e-08,-0.37367191288845125,0.0001767930945512972
2,relu2_1,1.346260579298911e-08,-0.3733993488876832,0.00017888571010609542
2,relu2_1,1.3713147177539456e-08,-0.3736023739409489,0.0001773248184922195
2,relu2_1,1.3968351179887397e-08,-0.37401103503685984,0.00017422109706192722
2,relu2_1,1.422830457214352e-08,-0.373640534886417,0.00017703284101554554
2,relu2_1,1.4493095741262151e-08,-0.37312931745099753,0.00018098145572794253
2,relu2_1,1.4762814719093911e-08,-0.3740055209359012,0.00017426263920532905
2,relu2_1,1.5037553212997385e-08,-0.3739660943569928,0.00017455993837893474
2,relu2_1,1.5317404637020797e-08,-0.37425647217675917,0.00017238127601268676
2,relu2_1,1.560246414366368e-08,-0.37311448724905055,0.0001810972099457686
2,relu2_1,1.5892828656229763e-08,-0.37398263700488343,0.00017443514016483682
2,relu2_1,1.618859690178199e-08,-0.3735621269669019,0.0001776332392536768
2,relu2_1,1.648986944471065e-08,-0.3731984074855744,0.00018044308862465787
2,relu2_1,1.679674872092653e-08,-0.3738495242186112,0.0001754416916339655
2,relu2_1,1.7109339072690134e-08,-0.37342222886255577,0.00017870917160683013
2,relu2_1,1.7427746784089175e-08,-0.3733692353276039,0.00017911830777267006
2,relu2_1,1.775208011717636e-08,-0.3735362640290878,0.0001778316940469283
2,relu2_1,1.8082449348779518e-08,-0.3733124434111382,0.00017955773104249932
2,relu2_1,1.841896680799711e-08,-0.3733124434111382,0.00017955773104249932
2,relu2_1,1.8761746914391196e-08,-0.3730818403502203,0.00018135227022652328
2,relu2_1,1.911090621689136e-08,-0.3733124434111382,0.00017955773104249932
2,relu2_1,1.946656343342263e-08,-0.37309540523615664,0.00018124625158132842
2,relu2_1,1.9828839491270715e-08,-0.3737329548751648,0.00017632755804021112
2,relu2_1,2.0197857568198784e-08,-0.3735621269669019,0.0001776332392536768
2,relu2_1,2.0573743134329116e-08,-0.37379399686187836,0.00017586315586089053
2,relu2_1,2.095662399480431e-08,-0.3740233315246881,0.00017412849075757651
2,relu2_1,2.1346630333242455e-08,-0.3735621269669019,0.0001776332392536768
2,relu2_1,2.17438947560008e-08,-0.37379399686187836,0.00017586315586089053
2,relu2_1,2.2148552337263593e-08,-0.3734807379272925,0.00017825845709140895
2,relu2_1,2.256074066496859e-08,-0.3740233315246881,0.00017412849075757651
2,relu2_1,2.2980599887588488e-08,-0.37353753078403107,0.00017782196904625008
2,relu2_1,2.3408272761782943e-08,-0.3740233315246881,0.00017412849075757651
2,relu2_1,2.3843904700937205e-08,-0.37352649930863757,0.00017790667526963725
2,relu2_1,2.4287643824604505e-08,-0.37379399686187836,0.00017586315586089053
2,relu2_1,2.4739641008868117e-08,-0.37379399686187836,0.00017586315586089053
2,relu2_1,2.5200049937640895e-08,-0.37304114569241126,0.00018167067042836616
2,relu2_1,2.566902715491952e-08,-0.37342222886255577,0.00017870917160683013
2,relu2_1,2.614673211801092e-08,-0.37379399686187836,0.00017586315586089053
2,relu2_1,2.6633327251749808e-08,-0.3735621269669019,0.0001776332392536768
2,relu2_1,2.7128978003724646e-08,-0.37345360824742274,0.000178467315001182
2,relu2_1,2.763385290053167e-08,-0.37393218191214117,0.00017481603314043284
2,relu2_1,2.8148123605075813e-08,-0.37352649930863757,0.00017790667526963725
2,relu2_1,2.8671964974937697e-08,-0.37379399686187836,0.00017586315586089053
2,relu2_1,2.9205555121827452e-08,-0.3735621269669019,0.0001776332392536768
2,relu2_1,2.9749075472144435e-08,-0.3735621269669019,0.0001776332392536768
2,relu2_1,3.030271082866393e-08,-0.3735905235728332,0.00017741557877931172
2,relu2_1,3.0866649433372746e-08,-0.37379399686187836,0.00017586315586089053
2,relu2_1,3.144108303147265e-08,-0.3735621269669019,0.0001776332392536768
2,relu2_1,3.2026206936576504e-08,-0.3735621269669019,0.0001776332392536768
2,relu2_1,3.262222009711673e-08,-0.37379399686187836,0.00017586315586089053
2,relu2_1,3.322932516398968e-08,-0.3735621269669019,0.0001776332392536768
2,relu2_1,3.384772855945983e-08,-0.3733124434111382,0.00017955773104249932
2,relu2_1,3.447764054734464e-08,-0.37304114569241126,0.00018167067042836616
2,relu2_1,3.5119275304507276e-08,-0.37400425259389164,0.00017427219593896918
2,relu2_1,3.577285099367877e-08,-0.37379399686187836,0.00017586315586089053
2,relu2_1,3.6438589837635405e-08,-0.3735621269669019,0.0001776332392536768
2,relu2_1,3.711671819475767e-08,-0.3733124434111382,0.00017955773104249932
2,relu2_1,3.780746663599349e-08,-0.3733124434111382,0.00017955773104249932
2,relu2_1,3.851107002325569e-08,-0.373060227889311,0.0001815213045541165
2,relu2_1,3.9227767589277236e-08,-0.3735091342572151,0.00017804009008298043
2,relu2_1,3.995780301895265e-08,-0.3735621269669019,0.0001776332392536768
2,relu2_1,4.070142453219439e-08,-0.3733124434111382,0.00017955773104249932
2,relu2_1,4.1458884968329114e-08,-0.3735621269669019,0.0001776332392536768
2,relu2_1,4.223044187206672e-08,-0.3735621269669019,0.0001776332392536768
2,relu2_1,4.3016357581067994e-08,-0.3735621269669019,0.0001776332392536768
2,relu2_1,4.381689931514195e-08,-0.3735621269669019,0.0001776332392536768
2,relu2_1,4.4632339267103976e-08,-0.3740233315246881,0.00017412849075757651
2,relu2_1,4.546295469532399e-08,-0.3740233315246881,0.00017412849075757651
2,relu2_1,4.630902801799737e-08,-0.3735621269669019,0.0001776332392536768
2,relu2_1,4.717084690917022e-08,-0.37379399686187836,0.00017586315586089053
2,relu2_1,4.804870439655134e-08,-0.37379399686187836,0.00017586315586089053
2,relu2_1,4.8942898961145316e-08,-0.3740233315246881,0.00017412849075757651
2,relu2_1,4.9853734638738935e-08,-0.3732514014244246,0.00018003115070046983
2,relu2_1,5.0781521123276706e-08,-0.3740233315246881,0.00017412849075757651
2,relu2_1,5.172657387216024e-08,-0.3733124434111382,0.00017955773104249932
2,relu2_1,5.268921421350677e-08,-0.37379399686187836,0.00017586315586089053
2,relu2_1,5.366976945540476e-08,-0.37400425259389164,0.00017427219593896918
2,relu2_1,5.4668572997201804e-08,-0.3740233315246881,0.00017412849075757651
2,relu2_1,5.568596444286409e-08,-0.37379399686187836,0.00017586315586089053
2,relu2_1,5.6722289716445493e-08,-0.3733124434111382,0.00017955773104249932
2,relu2_1,5.777790117970507e-08,-0.3733124434111382,0.00017955773104249932
2,relu2_1,5.885315775191451e-08,-0.3735621269669019,0.0001776332392536768
2,relu2_1,5.99484250318941e-08,-0.3735621269669019,0.0001776332392536768
2,relu2_1,6.106407542232036e-08,-0.3735621269669019,0.0001776332392536768
2,relu2_1,6.220048825634717e-08,-0.37379399686187836,0.00017586315586089053
2,relu2_1,6.335804992658255e-08,-0.3735621269669019,0.0001776332392536768
2,relu2_1,6.453715401646702e-08,-0.3735621269669019,0.0001776332392536768
2,relu2_1,6.573820143409585e-08,-0.3735621269669019,0.0001776332392536768
2,relu2_1,6.696160054853215e-08,-0.3735621269669019,0.0001776332392536768
2,relu2_1,6.820776732865692e-08,-0.3735621269669019,0.0001776332392536768
2,relu2_1,6.94771254846024e-08,-0.37379399686187836,0.00017586315586089053
2,relu2_1,7.077010661181889e-08,-0.3735621269669019,0.0001776332392536768
2,relu2_1,7.208715033782136e-08,-0.3740233315246881,0.00017412849075757651
2,relu2_1,7.342870447166758e-08,-0.3735621269669019,0.0001776332392536768
2,relu2_1,7.479522515621828e-08,-0.3735621269669019,0.0001776332392536768
2,relu2_1,7.618717702323e-08,-0.3735621269669019,0.0001776332392536768
2,relu2_1,7.760503335133571e-08,-0.3735621269669019,0.0001776332392536768
2,relu2_1,7.90492762269642e-08,-0.3735621269669019,0.0001776332392536768
2,relu2_1,8.05203967082547e-08,-0.3735621269669019,0.0001776332392536768
2,relu2_1,8.201889499202212e-08,-0.3735621269669019,0.0001776332392536768
2,relu2_1,8.354528058382872e-08,-0.3735621269669019,0.0001776332392536768
2,relu2_1,8.510007247122247e-08,-0.3735621269669019,0.0001776332392536768
2,relu2_1,8.668379930019774e-08,-0.3735621269669019,0.0001776332392536768
2,relu2_1,8.829699955494083e-08,-0.3735621269669019,0.0001776332392536768
2,relu2_1,8.994022174092053e-08,-0.3735621269669019,0.0001776332392536768
2,relu2_1,9.161402457138521e-08,-0.3735621269669019,0.0001776332392536768
2,relu2_1,9.331897715733239e-08,-0.3735621269669019,0.0001776332392536768
2,relu2_1,9.505565920101191e-08,-0.3735621269669019,0.0001776332392536768
2,relu2_1,9.682466119303114e-08,-0.37379399686187836,0.00017586315586089053
2,relu2_1,9.86265846131283e-08,-0.3735621269669019,0.0001776332392536768
2,relu2_1,1.0046204213468132e-07,-0.3735621269669019,0.0001776332392536768
2,relu2_1,1.023316578330245e-07,-0.3735621269669019,0.0001776332392536768
2,relu2_1,1.0423606739764012e-07,-0.3735621269669019,0.0001776332392536768
2,relu2_1,1.061759183482999e-07,-0.3735621269669019,0.0001776332392536768
2,relu2_1,1.0815187025522893e-07,-0.3735621269669019,0.0001776332392536768
2,relu2_1,1.1016459496336569e-07,-0.3735621269669019,0.0001776332392536768
2,relu2_1,1.1221477682079802e-07,-0.3735621269669019,0.0001776332392536768
2,relu2_1,1.1430311291144787e-07,-0.3735621269669019,0.0001776332392536768
2,relu2_1,1.1643031329208756e-07,-0.3735621269669019,0.0001776332392536768
2,relu2_1,1.1859710123376706e-07,-0.3735621269669019,0.0001776332392536768
2,relu2_1,1.208042134677329e-07,-0.3735621269669019,0.0001776332392536768
2,relu2_1,1.2305240043592615e-07,-0.3735621269669019,0.0001776332392536768
2,relu2_1,1.2534242654613995e-07,-0.3735621269669019,0.0001776332392536768
2,relu2_1,1.2767507043192645e-07,-0.3735621269669019,0.0001776332392536768
2,relu2_1,1.3005112521734099e-07,-0.3735621269669019,0.0001776332392536768
2,relu2_1,1.3247139878661174e-07,-0.3735621269669019,0.0001776332392536768
2,relu2_1,1.3493671405883065e-07,-0.3735621269669019,0.0001776332392536768
2,relu2_1,1.3744790926775367e-07,-0.3740233315246881,0.00017412849075757651
2,relu2_1,1.400058382468096e-07,-0.3735621269669019,0.0001776332392536768
2,relu2_1,1.4261137071941298e-07,-0.3735621269669019,0.0001776332392536768
2,relu2_1,1.4526539259467813e-07,-0.3735621269669019,0.0001776332392536768
2,relu2_1,1.4796880626863963e-07,-0.3735621269669019,0.0001776332392536768
2,relu2_1,1.5072253093107556e-07,-0.3735621269669019,0.0001776332392536768
2,relu2_1,1.5352750287804213e-07,-0.3735621269669019,0.0001776332392536768
2,relu2_1,1.563846758302248e-07,-0.3735621269669019,0.0001776332392536768
2,relu2_1,1.592950212572123e-07,-0.3735621269669019,0.0001776332392536768
2,relu2_1,1.6225952870780872e-07,-0.3735621269669019,0.0001776332392536768
2,relu2_1,1.6527920614648973e-07,-0.3735621269669019,0.0001776332392536768
2,relu2_1,1.6835508029612007e-07,-0.3735621269669019,0.0001776332392536768
2,relu2_1,1.714881969870541e-07,-0.3735621269669019,0.0001776332392536768
2,relu2_1,1.7467962151272458e-07,-0.3735621269669019,0.0001776332392536768
2,relu2_1,1.7793043899185772e-07,-0.3735621269669019,0.0001776332392536768
2,relu2_1,1.8124175473742396e-07,-0.3735621269669019,0.0001776332392536768
2,relu2_1,1.8461469463245456e-07,-0.3735621269669019,0.0001776332392536768
2,relu2_1,1.8805040551285834e-07,-0.3735621269669019,0.0001776332392536768
2,relu2_1,1.915500555573528e-07,-0.3735621269669019,0.0001776332392536768
2,relu2_1,1.9511483468466165e-07,-0.3735621269669019,0.0001776332392536768
2,relu2_1,1.9874595495809857e-07,-0.3735621269669019,0.0001776332392536768
2,relu2_1,2.0244465099768018e-07,-0.3735621269669019,0.0001776332392536768
2,relu2_1,2.0621218039991447e-07,-0.3735621269669019,0.0001776332392536768
2,relu2_1,2.1004982416539152e-07,-0.3735621269669019,0.0001776332392536768
2,relu2_1,2.1395888713434216e-07,-0.3735621269669019,0.0001776332392536768
2,relu2_1,2.179406984302958e-07,-0.37379399686187836,0.00017586315586089053
2,relu2_1,2.2199661191199526e-07,-0.3739648261400864,0.0001745695092524366
2,relu2_1,2.2612800663372794e-07,-0.3737329548751648,0.00017632755804021112
2,relu2_1,2.3033628731421313e-07,-0.3735621269669019,0.0001776332392536768
2,relu2_1,2.3462288481422625e-07,-0.37436245252306033,0.0001715924080830092
2,relu2_1,2.389892566231053e-07,-0.3739012479652741,0.0001750499384547349
2,relu2_1,2.434368873543108e-07,-0.3739012479652741,0.0001750499384547349
2,relu2_1,2.47967289250216e-07,-0.3739012479652741,0.0001750499384547349
2,relu2_1,2.5258200269627846e-07,-0.3739012479652741,0.0001750499384547349
2,relu2_1,2.572825967447932e-07,-0.3739012479652741,0.0001750499384547349
2,relu2_1,2.620706696483855e-07,-0.3739012479652741,0.0001750499384547349
2,relu2_1,2.669478494034318e-07,-0.3739012479652741,0.0001750499384547349
2,relu2_1,2.7191579430360187e-07,-0.3739012479652741,0.0001750499384547349
2,relu2_1,2.769761935036891e-07,-0.3741331190102869,0.00017330368451150822
2,relu2_1,2.8213076759394705e-07,-0.3741331190102869,0.00017330368451150822
2,relu2_1,2.8738126918510695e-07,-0.3739012479652741,0.0001750499384547349
2,relu2_1,2.927294835042813e-07,-0.3741331190102869,0.00017330368451150822
2,relu2_1,2.9817722900196733e-07,-0.3741331190102869,0.00017330368451150822
2,relu2_1,3.0372635797033114e-07,-0.3741331190102869,0.00017330368451150822
2,relu2_1,3.0937875717301365e-07,-0.37436245252306033,0.0001715924080830092
2,relu2_1,3.1513634848664826e-07,-0.3739012479652741,0.0001750499384547349
2,relu2_1,3.2100108955431685e-07,-0.3734684395994061,0.00017835310776673487
2,relu2_1,3.2697497445117677e-07,-0.37369777536625076,0.00017659571579934903
2,relu2_1,3.3306003436245885e-07,-0.37369777536625076,0.00017659571579934903
2,relu2_1,3.3925833827409916e-07,-0.37369777536625076,0.00017659571579934903
2,relu2_1,3.455719936762143e-07,-0.37369777536625076,0.00017659571579934903
2,relu2_1,3.520031472796675e-07,-0.37369777536625076,0.00017659571579934903
2,relu2_1,3.585539857459817e-07,-0.3734684395994061,0.00017835310776673487
2,relu2_1,3.6522673643081754e-07,-0.37369777536625076,0.00017659571579934903
2,relu2_1,3.7202366814130657e-07,-0.37369777536625076,0.00017659571579934903
2,relu2_1,3.7894709190746713e-07,-0.37369777536625076,0.00017659571579934903
2,relu2_1,3.8599936176797634e-07,-0.37369777536625076,0.00017659571579934903
2,relu2_1,3.9318287557057704e-07,-0.37369777536625076,0.00017659571579934903
2,relu2_1,4.005000757873611e-07,-0.373914812805209,0.0001749473330496028
2,relu2_1,4.079534503452449e-07,-0.373914812805209,0.0001749473330496028
2,relu2_1,4.1554553347188797e-07,-0.37392964572124177,0.0001748351995186329
2,relu2_1,4.232789065573544e-07,-0.3739419424850787,0.00017474228914999824
2,relu2_1,4.3115619903182285e-07,-0.3739228632782736,0.00017488646501806585
2,relu2_1,4.391800892596086e-07,-0.3739419424850787,0.00017474228914999824
2,relu2_1,4.473533054498463e-07,-0.3739419424850787,0.00017474228914999824
2,relu2_1,4.556786265841069e-07,-0.3739419424850787,0.00017474228914999824
2,relu2_1,4.6415888336127725e-07,-0.3739228632782736,0.00017488646501806585
2,relu2_1,4.7279695916003907e-07,-0.3739228632782736,0.00017488646501806585
2,relu2_1,4.815957910192351e-07,-0.37386860373452824,0.00017529708997341626
2,relu2_1,4.905583706365046e-07,-0.3741047205642974,0.00017351668771495185
2,relu2_1,4.996877453854889e-07,-0.3741047205642974,0.00017351668771495185
2,relu2_1,5.089870193519674e-07,-0.3741047205642974,0.00017351668771495185
2,relu2_1,5.184593543892913e-07,-0.3741047205642974,0.00017351668771495185
2,relu2_1,5.281079711934331e-07,-0.3741047205642974,0.00017351668771495185
2,relu2_1,5.379361503980697e-07,-0.3741047205642974,0.00017351668771495185
2,relu2_1,5.479472336900293e-07,-0.37459305480195343,0.00016988744172075667
2,relu2_1,5.581446249454955e-07,-0.37459305480195343,0.00016988744172075667
2,relu2_1,5.685317913873753e-07,-0.37459305480195343,0.00016988744172075667
2,relu2_1,5.791122647641759e-07,-0.3741725447639719,0.00017300837180462544
2,relu2_1,5.898896425508493e-07,-0.37410598923841426,0.00017350716682865442
2,relu2_1,6.008675891719693e-07,-0.3742674986435161,0.00017229904403934883
2,relu2_1,6.12049837247669e-07,-0.3742674986435161,0.00017229904403934883
2,relu2_1,6.234401888627864e-07,-0.3742674986435161,0.00017229904403934883
2,relu2_1,6.350425168595962e-07,-0.37421323928377653,0.000172704043983047
2,relu2_1,6.468607661546321e-07,-0.37421323928377653,0.000172704043983047
2,relu2_1,6.588989550799957e-07,-0.37421323928377653,0.000172704043983047
2,relu2_1,6.711611767496273e-07,-0.37421323928377653,0.000172704043983047
2,relu2_1,6.836516004510239e-07,-0.37421323928377653,0.000172704043983047
2,relu2_1,6.963744730628223e-07,-0.37421323928377653,0.000172704043983047
2,relu2_1,7.09334120498799e-07,-0.37421323928377653,0.000172704043983047
2,relu2_1,7.225349491787222e-07,-0.37421323928377653,0.000172704043983047
2,relu2_1,7.359814475265756e-07,-0.37421323928377653,0.000172704043983047
2,relu2_1,7.496781874966877e-07,-0.37451166576234407,0.00017048739631006382
2,relu2_1,7.636298261282241e-07,-0.37451166576234407,0.00017048739631006382
2,relu2_1,7.778411071286482e-07,-0.37451166576234407,0.00017048739631006382
2,relu2_1,7.923168624866261e-07,-0.37451166576234407,0.00017048739631006382
2,relu2_1,8.070620141149491e-07,-0.37451166576234407,0.00017048739631006382
2,relu2_1,8.220815755240541e-07,-0.37451166576234407,0.00017048739631006382
2,relu2_1,8.373806535266489e-07,-0.37451166576234407,0.00017048739631006382
2,relu2_1,8.529644499741017e-07,-0.37451166576234407,0.00017048739631006382
2,relu2_1,8.688382635251193e-07,-0.37451166576234407,0.00017048739631006382
2,relu2_1,8.850074914473439e-07,-0.37451166576234407,0.00017048739631006382
2,relu2_1,9.014776314524917e-07,-0.37451166576234407,0.00017048739631006382
2,relu2_1,9.182542835656282e-07,-0.37368421052631584,0.00017669921529204162
2,relu2_1,9.353431520292377e-07,-0.3740911557243625,0.00017361851657393147
2,relu2_1,9.5275004724273e-07,-0.3740911557243625,0.00017361851657393147
2,relu2_1,9.704808877380307e-07,-0.3740911557243625,0.00017361851657393147
2,relu2_1,9.885417021919574e-07,-0.3740911557243625,0.00017361851657393147
2,relu2_1,1.0069386314760271e-06,-0.375135648399349,0.00016593740779054057
2,relu2_1,1.0256779307444208e-06,-0.375135648399349,0.00016593740779054057
2,relu2_1,1.0447659715608053e-06,-0.37498092438130837,0.00016705503233776768
2,relu2_1,1.0642092440647247e-06,-0.37480458086413593,0.00016833731481515578
2,relu2_1,1.084014359178331e-06,-0.37513013812660817,0.00016597709124303528
2,relu2_1,1.10418805085416e-06,-0.37537981551817695,0.00016418777439951507
2,relu2_1,1.1247371783647508e-06,-0.37552902875746075,0.0001631269765344814
2,relu2_1,1.1456687286348725e-06,-0.37532004652971696,0.00016461447679125247
2,relu2_1,1.1669898186171475e-06,-0.374403147042865,0.00017129038581553847
2,relu2_1,1.1887076977119033e-06,-0.3735349972870321,0.0001778414194406731
2,relu2_1,1.2108297502320394e-06,-0.3735349972870321,0.0001778414194406731
2,relu2_1,1.2333634979137747e-06,-0.3734807379272925,0.00017825845709140895
2,relu2_1,1.2563166024741214e-06,-0.37428106348345097,0.00017219793145852142
2,relu2_1,1.2796968682159416e-06,-0.37428106348345097,0.00017219793145852142
2,relu2_1,1.303512244681509e-06,-0.37428106348345097,0.00017219793145852142
2,relu2_1,1.327770829355429e-06,-0.37497287032013027,0.0001671133999044252
2,relu2_1,1.352480870417874e-06,-0.37497287032013027,0.0001671133999044252
2,relu2_1,1.377650769549055e-06,-0.37497287032013027,0.0001671133999044252
2,relu2_1,1.4032890847858731e-06,-0.37497287032013027,0.0001671133999044252
2,relu2_1,1.4294045334317611e-06,-0.37512208355941407,0.00016603511380068966
2,relu2_1,1.4560059950206485e-06,-0.3753662506782421,0.00016428452651182462
2,relu2_1,1.483102514336103e-06,-0.3753662506782421,0.00016428452651182462
2,relu2_1,1.5107033044866557e-06,-0.3753662506782421,0.00016428452651182462
2,relu2_1,1.5388177500383465e-06,-0.3753662506782421,0.00016428452651182462
2,relu2_1,1.567455410205595e-06,-0.3753662506782421,0.00016428452651182462
2,relu2_1,1.596626022101425e-06,-0.37634291915355406,0.00015745163711944143
2,relu2_1,1.6263395040481906e-06,-0.37634291915355406,0.00015745163711944143
2,relu2_1,1.6566059589499152e-06,-0.3755425935973956,0.00016303085562736818
2,relu2_1,1.6874356777273756e-06,-0.3755425935973956,0.00016303085562736818
2,relu2_1,1.7188391428171457e-06,-0.3755425935973956,0.00016303085562736818
2,relu2_1,1.7508270317357268e-06,-0.3755425935973956,0.00016303085562736818
2,relu2_1,1.7834102207100063e-06,-0.37539338035811187,0.00016409107503165957
2,relu2_1,1.8165997883753285e-06,-0.37539338035811187,0.00016409107503165957
2,relu2_1,1.850407019542302e-06,-0.37539338035811187,0.00016409107503165957
2,relu2_1,1.8848434090337953e-06,-0.37441671188279985,0.0001711898210893831
2,relu2_1,1.919920665593287e-06,-0.37441671188279985,0.0001711898210893831
2,relu2_1,1.955650715865947e-06,-0.37441671188279985,0.0001711898210893831
2,relu2_1,1.992045708453871e-06,-0.37441671188279985,0.0001711898210893831
2,relu2_1,2.029118018046678e-06,-0.37441671188279985,0.0001711898210893831
2,relu2_1,2.066880249629082e-06,-0.3743760173629952,0.00017149167928526073
2,relu2_1,2.1053452427667084e-06,-0.3737655995659252,0.00017607905909902493
2,relu2_1,2.144526075971665e-06,-0.3737655995659252,0.00017607905909902493
2,relu2_1,2.1844360711494283e-06,-0.3737655995659252,0.00017607905909902493
2,relu2_1,2.2250887981283694e-06,-0.3737655995659252,0.00017607905909902493
2,relu2_1,2.266498079273693e-06,-0.3739419424850787,0.00017474228914999824
2,relu2_1,2.308677994187172e-06,-0.3739419424850787,0.00017474228914999824
2,relu2_1,2.351642884494346e-06,-0.3739419424850787,0.00017474228914999824
2,relu2_1,2.3954073587208794e-06,-0.3739419424850787,0.00017474228914999824
2,relu2_1,2.43998629725955e-06,-0.37464731416169295,0.00016948855806406775
2,relu2_1,2.4853948574297983e-06,-0.3747829625610419,0.00016849513762333718
2,relu2_1,2.531648478631358e-06,-0.3747829625610419,0.00016849513762333718
2,relu2_1,2.5787628875937984e-06,-0.3747829625610419,0.00016849513762333718
2,relu2_1,2.6267541037238384e-06,-0.37490504612045583,0.00016760566929317406
2,relu2_1,2.6756384445520452e-06,-0.37490504612045583,0.00016760566929317406
2,relu2_1,2.725432531281028e-06,-0.37645143787303315,0.00015670889367680818
2,relu2_1,2.776153294436804e-06,-0.37649213239283785,0.00015643120226799847
2,relu2_1,2.827817979625338e-06,-0.37646500271296807,0.00015661627919944638
2,relu2_1,2.880444153396298e-06,-0.37646500271296807,0.00015661627919944638
2,relu2_1,2.934049709215787e-06,-0.37646500271296807,0.00015661627919944638
2,relu2_1,2.9886528735503824e-06,-0.37646500271296807,0.00015661627919944638
2,relu2_1,3.0442722120643057e-06,-0.37596310363537716,0.00016007698408043936
2,relu2_1,3.1009266359319234e-06,-0.3758952794357027,0.00016055003906067714
2,relu2_1,3.158635408267819e-06,-0.3759495387954423,0.00016017149171900608
2,relu2_1,3.2174181506763714e-06,-0.37624796527400983,0.00015810421002491367
2,relu2_1,3.277294849923382e-06,-0.37624796527400983,0.00015810421002491367
2,relu2_1,3.3382858647317643e-06,-0.37651926207270764,0.00015624632786558174
2,relu2_1,3.4004119327037024e-06,-0.3766765351233513,0.00015517857511448144
2,relu2_1,3.4636941773717343e-06,-0.3767769940314705,0.00015450008358475656
2,relu2_1,3.5281541153808832e-06,-0.37718393922951715,0.00015177961487029983
2,relu2_1,3.5938136638046257e-06,-0.37718393922951715,0.00015177961487029983
2,relu2_1,3.660695147596906e-06,-0.3768855127509496,0.00015377024397413304
2,relu2_1,3.72882130718283e-06,-0.3768855127509496,0.00015377024397413304
2,relu2_1,3.7982153061907363e-06,-0.37608518719479117,0.00015922873547421468
2,relu2_1,3.868900739327975e-06,-0.3748779164405861,0.00016780295254997937
2,relu2_1,3.9409016404034476e-06,-0.3753119913185025,0.00016467206293050744
2,relu2_1,4.014242490499326e-06,-0.37645143787303315,0.00015670889367680818
2,relu2_1,4.088948226294856e-06,-0.3757731958762887,0.00016140480082687167
2,relu2_1,4.1650442485451855e-06,-0.3757731958762887,0.00016140480082687167
2,relu2_1,4.242556430717777e-06,-0.37624796527400983,0.00015810421002491367
2,relu2_1,4.321511127789762e-06,-0.37624796527400983,0.00015810421002491367
2,relu2_1,4.401935185208879e-06,-0.37619370591427026,0.00015847823223326315
2,relu2_1,4.483855948021182e-06,-0.37654639175257737,0.00015606165578995322
2,relu2_1,4.567301270168747e-06,-0.37558328811720026,0.0001627428073848609
2,relu2_1,4.652299523960189e-06,-0.3759766684753121,0.00015998252806911494
2,relu2_1,4.738879609717651e-06,-0.3756646771568096,0.00016216812370926554
2,relu2_1,4.827070965603188e-06,-0.37584102007596315,0.00016092941449950582
2,relu2_1,4.916903577628021e-06,-0.37619370591427026,0.00015847823223326315
2,relu2_1,5.008407989848212e-06,-0.37619370591427026,0.00015847823223326315
2,relu2_1,5.101615314749834e-06,-0.37706185567010314,0.00015259106077322284
2,relu2_1,5.1965572438276574e-06,-0.37706185567010314,0.00015259106077322284
2,relu2_1,5.293266058360567e-06,-0.37695333695062405,0.0001533157168946619
2,relu2_1,5.391774640387494e-06,-0.3767905588714054,0.0001544086785336555
2,relu2_1,5.492116483887789e-06,-0.3755697232772654,0.00016283877107863717
2,relu2_1,5.594325706169378e-06,-0.3753255561584374,0.000164575099577902
2,relu2_1,5.698437059469136e-06,-0.37578676071622363,0.00016130961968762597
2,relu2_1,5.804485942768984e-06,-0.37601736299511673,0.00015969946954136878
2,relu2_1,5.912508413831869e-06,-0.37622083559414005,0.0001582911188483865
2,relu2_1,6.022541201461928e-06,-0.37490504612045583,0.00016760566929317406
2,relu2_1,6.134621717992506e-06,-0.37490504612045583,0.00016760566929317406
2,relu2_1,6.248788072006888e-06,-0.3752441671188281,0.0001651576733558661
2,relu2_1,6.365079081295578e-06,-0.3758952794357027,0.00016055003906067714
2,relu2_1,6.483534286054714e-06,-0.3764107433532285,0.00015698704145931065
2,relu2_1,6.604193962330305e-06,-0.3760580575149214,0.00015941687473325938
2,relu2_1,6.727099135712336e-06,-0.3761530113944656,0.00015875928631002106
2,relu2_1,6.852291595284057e-06,-0.3761530113944656,0.00015875928631002106
2,relu2_1,6.979813907830667e-06,-0.3761530113944656,0.00015875928631002106
2,relu2_1,7.109709432312424e-06,-0.3761801410743354,0.0001585718657000432
2,relu2_1,7.242022334607315e-06,-0.3753662506782421,0.00016428452651182462
2,relu2_1,7.376797602527731e-06,-0.3744845360824743,0.0001706878164631085
2,relu2_1,7.514081061116962e-06,-0.37466087900162787,0.0001693889726619731
2,relu2_1,7.653919388230155e-06,-0.3747829625610419,0.00016849513762333718
2,relu2_1,7.796360130405221e-06,-0.37311448724905055,0.0001810972099457686
2,relu2_1,7.94145171902934e-06,-0.37311448724905055,0.0001810972099457686
2,relu2_1,8.089243486805938e-06,-0.37325013564839943,0.00018004097981137588
2,relu2_1,8.239785684528512e-06,-0.37468800868149765,0.000169189964284226
2,relu2_1,8.393129498166374e-06,-0.37504069451980476,0.0001666224689316092
2,relu2_1,8.549327066268366e-06,-0.37505425935973963,0.00016652444305476102
2,relu2_1,8.708431497690725e-06,-0.37479652740097674,0.00016839609252552472
2,relu2_1,8.870496889654403e-06,-0.3747829625610419,0.00016849513762333718
2,relu2_1,9.035578346138921e-06,-0.3734943027672274,0.00017815411294946264
2,relu2_1,9.20373199661823e-06,-0.3741454150841021,0.00017321153260112896
2,relu2_1,9.37501501514529e-06,-0.3735214324470972,0.00017794559415197178
2,relu2_1,9.549485639791967e-06,-0.3730059685295714,0.00018194631761902401
2,relu2_1,9.727203192450538e-06,-0.3719072164948454,0.00019075335948221854
2,relu2_1,9.908228099003787e-06,-0.372693977211069,0.00018440805755738448
2,relu2_1,1.0092621909870484e-05,-0.37247693977211077,0.00018613870117219317
2,relu2_1,1.0280447320933097e-05,-0.37247693977211077,0.00018613870117219317
2,relu2_1,1.0471768194855202e-05,-0.37276180141074344,0.00018387029096318916
2,relu2_1,1.0666649582795388e-05,-0.37174443841562677,0.000192091131001507
2,relu2_1,1.0865157746525373e-05,-0.3722192078133479,0.000188213345045898
2,relu2_1,1.1067360180959745e-05,-0.372327726532827,0.0001873372182952311
2,relu2_1,1.1273325637104872e-05,-0.372571893651655,0.0001853797046530639
2,relu2_1,1.148312414543511e-05,-0.3735892566467716,0.00017742528452856633
2,relu2_1,1.1696827039703846e-05,-0.3738605534454694,0.00017535808882170295
2,relu2_1,1.1914506981197747e-05,-0.3752034725990234,0.00016544967548858878
2,relu2_1,1.2136237983442418e-05,-0.3742539338035812,0.00017240021155500506
2,relu2_1,1.2362095437367691e-05,-0.37490504612045583,0.00016760566929317406
2,relu2_1,1.259215613694151e-05,-0.37451166576234407,0.00017048739631006382
2,relu2_1,1.28264983052806e-05,-0.3754340748779165,0.00016380129313263528
2,relu2_1,1.3065201621247199e-05,-0.3765328269126425,0.0001561539665495522
2,relu2_1,1.330834724654076e-05,-0.37619370591427026,0.00015847823223326315
2,relu2_1,1.355601785329369e-05,-0.37698046663049384,0.0001531342546891263
2,relu2_1,1.3808297652180924e-05,-0.37669560499186117,0.000155049566944671
2,relu2_1,1.4065272421052364e-05,-0.37646500271296807,0.00015661627919944638
2,relu2_1,1.4327029534098295e-05,-0.3758952794357027,0.00016055003906067714
2,relu2_1,1.4593657991557576e-05,-0.37596310363537716,0.00016007698408043936
2,relu2_1,1.4865248449978572e-05,-0.3777265328269127,0.0001482213092653573
2,relu2_1,1.514189325304352e-05,-0.37782148670645693,0.00014760660791967198
2,relu2_1,1.5423686462966275e-05,-0.3781334780249594,0.00014560346196676322
2,relu2_1,1.5710723892474488e-05,-0.37811991318502447,0.00014569002897008406
2,relu2_1,1.6003103137387017e-05,-0.3791915355398807,0.00013899617699756844
2,relu2_1,1.630092360979741e-05,-0.37849972870320137,0.0001432840875300024
2,relu2_1,1.6604286571875295e-05,-0.37855398806294094,0.000142943402420899
2,relu2_1,1.691329517029647e-05,-0.3803988062940858,0.00013179699790376165
2,relu2_1,1.7228054471313922e-05,-0.3806565382528487,0.000130305569734769
2,relu2_1,1.754867149648152e-05,-0.3804666304937602,0.0001314029900560158
2,relu2_1,1.7875255259042355e-05,-0.38095496473141627,0.00012859820680986112
2,relu2_1,1.8207916800994626e-05,-0.3822300596852958,0.00012153415955358808
2,relu2_1,1.8546769230846977e-05,-0.3823521432447098,0.00012087704423617935
2,relu2_1,1.8891927762076646e-05,-0.38323385784047753,0.0001162281719894006
2,relu2_1,1.924350975230332e-05,-0.3825963103635378,0.00011957268900182939
2,relu2_1,1.9601634743191856e-05,-0.383912099837222,0.00011276560081998791
2,relu2_1,1.9966424501097934e-05,-0.38479381443298977,0.00010840731030369281
2,relu2_1,2.03380030584698e-05,-0.383912099837222,0.00011276560081998791
2,relu2_1,2.071649675602067e-05,-0.3847124253933804,0.00010880296526361492
2,relu2_1,2.1102034285685967e-05,-0.38373575691806844,0.00011365654084594415
2,relu2_1,2.1494746734379807e-05,-0.38459034183396645,0.00010939896149207617
2,relu2_1,2.189476762856621e-05,-0.3860960390667391,0.00010225572463377826
2,relu2_1,2.2302232979659363e-05,-0.38589256646771575,0.00010319504343203828
2,relu2_1,2.2717281330269027e-05,-0.3847531199131851,0.00010860497054346712
2,relu2_1,2.314005380130654e-05,-0.3856483993488878,0.00010433280007760239
2,relu2_1,2.3570694139967276e-05,-0.3851058057514922,0.00010690297204355565
2,relu2_1,2.4009348768606518e-05,-0.384888768312534,0.00010794740092897661
2,relu2_1,2.445616683452444e-05,-0.38339663591969625,0.00011538827333883806
2,relu2_1,2.491130026067791e-05,-0.38248779164405866,0.00012015078211897877
2,relu2_1,2.5374903797335716e-05,-0.381836679327184,0.0001236741382338452
2,relu2_1,2.584713507469564e-05,-0.38134834508952803,0.00012637927658595903
2,relu2_1,2.63281546564802e-05,-0.38022246337493226,0.00013282654971297564
2,relu2_1,2.6818126094530128e-05,-0.3795035268583831,0.00013710158867517495
2,relu2_1,2.731721598441379e-05,-0.3786218122626154,0.0001425186014587051
2,relu2_1,2.782559402207126e-05,-0.3779842647856756,0.00014655832520638114
2,relu2_1,2.8343433061513092e-05,-0.3749864351600652,0.00016701510674289942
2,relu2_1,2.8870909173592348e-05,-0.37539338035811187,0.00016409107503165957
2,relu2_1,2.9408201705870607e-05,-0.3741454150841021,0.00017321153260112896
2,relu2_1,2.9955493343598162e-05,-0.37258545849158986,0.00018527151052816562
2,relu2_1,3.051297017182871e-05,-0.3725447639717852,0.00018559626822101756
2,relu2_1,3.1080821738690636e-05,-0.37429462832338584,0.00017209687378532976
2,relu2_1,3.165924111983521e-05,-0.37588171459576786,0.00016064480522178946
2,relu2_1,3.224842498408439e-05,-0.3772653282691265,0.00015124087311234273
2,relu2_1,3.284857366030047e-05,-0.3761801410743354,0.0001585718657000432
2,relu2_1,3.345989120549975e-05,-0.37622083559414005,0.0001582911188483865
2,relu2_1,3.408258547423452e-05,-0.3749864351600652,0.00016701510674289942
2,relu2_1,3.4716868189265594e-05,-0.37590884427563764,0.0001604553246556228
2,relu2_1,3.536295501355039e-05,-0.37476939772110696,0.00016859423663105163
2,relu2_1,3.602106562357074e-05,-0.37430819316332076,0.0001719958709925931
2,relu2_1,3.669142378402494e-05,-0.37301953336950633,0.00018183997814846808
2,relu2_1,3.7374257423910643e-05,-0.372693977211069,0.00018440805755738448
2,relu2_1,3.806979871402284e-05,-0.3718122626153012,0.00019153267551731904
2,relu2_1,3.877828414589453e-05,-0.3725990233315248,0.00018516337480434545
2,relu2_1,3.949995461220647e-05,-0.3725990233315248,0.00018516337480434545
2,relu2_1,4.023505548869293e-05,-0.3725990233315248,0.00018516337480434545
2,relu2_1,4.098383671757261e-05,-0.3759359739555074,0.00016026605101055656
2,relu2_1,4.174655289253135e-05,-0.3757731958762887,0.00016140480082687167
2,relu2_1,4.252346334528678e-05,-0.3759766684753121,0.00015998252806911494
2,relu2_1,4.331483223376403e-05,-0.3747287032013023,0.0001688918573811878
2,relu2_1,4.41209286319119e-05,-0.37468800868149765,0.000169189964284226
2,relu2_1,4.494202662119142e-05,-0.37805208898535003,0.0001461235796236981
2,relu2_1,4.577840538376616e-05,-0.37710255018990785,0.00015232013347920821
2,relu2_1,4.6630349297427265e-05,-0.3761801410743354,0.0001585718657000432
2,relu2_1,4.7498148032285043e-05,-0.3752306022788932,0.00016525495435762698
2,relu2_1,4.838209664925957e-05,-0.3758003255561585,0.00016121449051113807
2,relu2_1,4.9282495700405135e-05,-0.37626153011394475,0.00015801083225992988
2,relu2_1,5.0199651331100794e-05,-0.3741182854042323,0.0001734149141180478
2,relu2_1,5.113387538414321e-05,-0.37211068909386874,0.00018909325939301216
2,relu2_1,5.2085485505776655e-05,-0.37296527400976676,0.00018226568124458234
2,relu2_1,5.305480525369574e-05,-0.3713781877373848,0.00019513289341367972
2,relu2_1,5.404216420705915e-05,-0.3702658708627239,0.000204645952823813
2,relu2_1,5.5047898078549675e-05,-0.3690586001085188,0.0002154549169240545
2,relu2_1,5.607234882852027e-05,-0.3694519804666306,0.00021187629667526392
2,relu2_1,5.711586478126435e-05,-0.3681090613130766,0.00022432425680882684
2,relu2_1,5.8178800743449355e-05,-0.36812262615301145,0.00022419521239231362
2,relu2_1,5.926151812475552e-05,-0.3688144329896908,0.00021770412779815337
2,relu2_1,6.0364385060758635e-05,-0.3670916983179599,0.00023420042180993784
2,relu2_1,6.148777653810017e-05,-0.36664405860010857,0.00023867181975404669
2,relu2_1,6.263207452198692e-05,-0.36649484536082483,0.00024017970972448676
2,relu2_1,6.379766808606283e-05,-0.36317145957677704,0.0002761299077331126
2,relu2_1,6.498495354469889e-05,-0.36356483993488886,0.000271629677840349
2,relu2_1,6.619433458774387e-05,-0.3638632664134564,0.0002682609317527211
2,relu2_1,6.742622241778336e-05,-0.36017362995116664,0.0003127498161401749
2,relu2_1,6.868103588995308e-05,-0.36064839934888776,0.0003066669484971942
2,relu2_1,6.995920165435375e-05,-0.3556429734129138,0.00037664879430699105
2,relu2_1,7.126115430111745e-05,-0.3561313076505698,0.0003692253550744251
2,relu2_1,7.258733650817246e-05,-0.355615843733044,0.00037706520467817485
2,relu2_1,7.393819919175873e-05,-0.35717580032555624,0.0003537970832089712
2,relu2_1,7.531420165974376e-05,-0.3555887140531742,0.0003774820383747345
2,relu2_1,7.671581176779303e-05,-0.35615843733043956,0.0003688169144570482
2,relu2_1,7.814350607844543e-05,-0.3574199674443842,0.0003502770803232456
2,relu2_1,7.959777002314978e-05,-0.3549782962561043,0.0003869735559474744
2,relu2_1,8.107909806731695e-05,-0.3543407487791645,0.00039712078642303156
2,relu2_1,8.258799387844272e-05,-0.3500000000000001,0.00047297437895095355
2,relu2_1,8.412497049736118e-05,-0.34768041237113406,0.0005187557074018914
2,relu2_1,8.569055051268347e-05,-0.34412642430819324,0.0005968283435250543
2,relu2_1,8.728526623848371e-05,-0.3421595225176344,0.0006445257071037929
2,relu2_1,8.890965989529168e-05,-0.34191535539880635,0.0006506840635030386
2,relu2_1,9.056428379445294e-05,-0.3396907216494846,0.0007093244464037872
2,relu2_1,9.224970052592174e-05,-0.33827997829625617,0.0007489736847908823
2,relu2_1,9.39664831495469e-05,-0.33591969614758554,0.0008198617929468121
2,relu2_1,9.571521538991856e-05,-0.3331660336408031,0.0009102739646805971
2,relu2_1,9.749649183484096e-05,-0.33168746608790023,0.0009624866677280081
2,relu2_1,9.9310918137498e-05,-0.3286896364622898,0.0010768138627867796
2,relu2_1,0.00010115911122238297,-0.32759088442756384,0.0011217202990032795
2,relu2_1,0.00010304169949505875,-0.3271161150298427,0.00114164611761917
2,relu2_1,0.00010495932305582266,-0.32426749864351606,0.001268112649220498
2,relu2_1,0.00010691263391734771,-0.3230195333695063,0.0013274225247932787
2,relu2_1,0.00010890229622637306,-0.323060227889311,0.0013254494577271615
2,relu2_1,0.00011092898648952228,-0.32358925664677163,0.001300040739239675
2,relu2_1,0.00011299339380332217,-0.3202658708627239,0.001467294191229046
2,relu2_1,0.00011509622008850311,-0.3168746608790017,0.0016578487726019375
2,relu2_1,0.00011723818032865997,-0.3148128052088986,0.001784386655505575
2,relu2_1,0.00011942000281335325,-0.31509766684753127,0.0017663995785010755
2,relu2_1,0.0001216424293857368,-0.31413456321215416,0.0018278815652671664
2,relu2_1,0.00012390621569479155,-0.31172002170374397,0.001990613651489663
2,relu2_1,0.0001262121314522546,-0.3078811720021704,0.00227640647360681
2,relu2_1,0.00012856096069432965,-0.3067417254476398,0.002368080933692111
2,relu2_1,0.00013095350204826676,-0.30390667390124804,0.002610774040638896
2,relu2_1,0.00013339056900390586,-0.3033098209441129,0.002664632594648246
2,relu2_1,0.0001358729901902709,-0.30219750406945206,0.002767678056310195
2,relu2_1,0.00013840160965731301,-0.3017905588714054,0.0028062633044174945
2,relu2_1,0.00014097728716289676,-0.3005561584373305,0.0029262794348424914
2,relu2_1,0.00014360089846512608,-0.30024416711882806,0.002957333737439703
2,relu2_1,0.000146273335620113,-0.3010716223548563,0.0028756133719200815
2,relu2_1,0.00014899550728528536,-0.2978703201302225,0.0032034731407424833
2,relu2_1,0.00015176833902834038,-0.2958491589799241,0.0034273535549897045
2,relu2_1,0.00015459277364194784,-0.2950352685838308,0.003521394854228505
2,relu2_1,0.00015746977146430867,-0.29552360282148676,0.003464696747916564
2,relu2_1,0.000160400310705682,-0.2967308735756919,0.003328019365387177
2,relu2_1,0.00016338538778098603,-0.29532013022246345,0.003488220855627064
2,relu2_1,0.0001664260176485902,-0.28943298969072173,0.004233844863969097
2,relu2_1,0.00016952323415541214,-0.281226261530114,0.005510000334356474
2,relu2_1,0.0001726780903884356,-0.2763157894736843,0.006427471721295225
2,relu2_1,0.00017589165903277327,-0.27390124796527404,0.006926329920262569
2,relu2_1,0.00017916503273638994,-0.27052360282148674,0.007681503193904158
2,relu2_1,0.00018249932448161505,-0.2668475311991319,0.008585055055613324
2,relu2_1,0.00018589566796356884,-0.2610824742268042,0.010190648268793833
2,relu2_1,0.00018935521797562954,-0.2598209441128595,0.01057517703084216
2,relu2_1,0.00019287915080207777,-0.25934617471513843,0.010723147006022747
2,relu2_1,0.00019646866461804445,-0.2562398263700489,0.011736746179162968
2,relu2_1,0.00020012497989690348,-0.2545306565382529,0.012329343862965239
2,relu2_1,0.00020384933982524643,-0.2520211611502985,0.013246637928533282
2,relu2_1,0.00020764301072557747,-0.2478974498100923,0.014883079052515454
2,relu2_1,0.00021150728248687948,-0.24647314161692896,0.01548765083611583
2,relu2_1,0.00021544346900318823,-0.2438822571893652,0.016642039789677564
2,relu2_1,0.00021945290862033113,-0.24264785675529033,0.01721769619604442
2,relu2_1,0.00022353696459097966,-0.2369913185024417,0.020080629620101233
2,relu2_1,0.000227697025538168,-0.23568909386869238,0.020794783946757697
2,relu2_1,0.00023193450592744275,-0.23256918068366797,0.022594926366520544
2,relu2_1,0.0002362508465477945,-0.23404774823657085,0.021725854384395116
2,relu2_1,0.00024064751500154217,-0.2314432989690722,0.023276477549842543
2,relu2_1,0.000245126006203334,-0.228906673901248,0.02487662782423659
2,relu2_1,0.00024968784288843267,-0.2233450895279436,0.028715502661157195
2,relu2_1,0.00025433457613046484,-0.21553174172544767,0.03494781790984063
2,relu2_1,0.0002590677858688006,-0.21336136733586547,0.0368682622872474
2,relu2_1,0.0002638890814457513,-0.2086136733586544,0.041378920401457776
2,relu2_1,0.00026880010215376074,-0.20394736842105268,0.04625130888712118
2,relu2_1,0.00027380251779278577,-0.2019804666304938,0.04844289104182534
2,relu2_1,0.000278898029238044,-0.1998100922409116,0.050960062180642335
2,relu2_1,0.0002840883690183301,-0.19728703201302228,0.0540207377423792
2,relu2_1,0.00028937530190509535,-0.19711068909386872,0.05424018178330345
2,relu2_1,0.00029476062551248586,-0.1937601736299512,0.05855054480883215
2,relu2_1,0.00030024617090855494,-0.19215952251763432,0.0607064080930546
2,relu2_1,0.00030583380323784314,-0.1894194248507868,0.06454688909878133
2,relu2_1,0.0003115254223555485,-0.19222734671730876,0.06061376298954939
2,relu2_1,0.00031732296347349796,-0.1892837764514379,0.0647420227185717
2,relu2_1,0.0003232283978181381,-0.18574335322843194,0.07000667355011655
2,relu2_1,0.0003292437333007769,-0.1794085729788389,0.08028547865250212
2,relu2_1,0.0003353710152002929,-0.17589527943570268,0.08648624302534064
2,relu2_1,0.0003416123268585525,-0.16998100922409118,0.09777794222057189
2,relu2_1,0.0003479697903887695,-0.16778350515463922,0.10225739515556614
2,relu2_1,0.0003544455673970436,-0.16224905046120458,0.11425138152778855
2,relu2_1,0.0003610418597173337,-0.15911557243624527,0.12150954913909831
2,relu2_1,0.00036776091016010306,-0.1540016277807922,0.1341103715107555
2,relu2_1,0.00037460500327489893,-0.1545984807379273,0.13259042637333554
2,relu2_1,0.00038157646612712524,-0.15442213781877376,0.13303812846692267
2,relu2_1,0.00038867766908926677,-0.15094953879544223,0.14209079767792934
2,relu2_1,0.00039591102664684585,-0.15037981551817692,0.14361941948677495
2,relu2_1,0.0004032789982193705,-0.14693434617471518,0.15312951068944414
2,relu2_1,0.00041078408899656427,-0.1431633206728161,0.1640699724564952
2,relu2_1,0.00041842885079015847,-0.14188822571893656,0.1678973351261299
2,relu2_1,0.0004262158829015325,-0.1394058600108519,0.1755370049982792
2,relu2_1,0.00043414783300550926,-0.13471242539338038,0.19067313106178688
2,relu2_1,0.00044222739805058973,-0.13339663591969617,0.1950813531198108
2,relu2_1,0.0004504573251759454,-0.12782148670645688,0.21457545881072146
2,relu2_1,0.00045884041264547613,-0.12346717308735759,0.23073360619827632
2,relu2_1,0.00046737951079924635,-0.12278893109061316,0.23332506741143727
2,relu2_1,0.0004760775230226368,-0.11706456863809009,0.2560070815743882
2,relu2_1,0.00048493740673352334,-0.11581660336408033,0.2611455692941327
2,relu2_1,0.0004939621743878316,-0.11238469886055347,0.2756363961832787
2,relu2_1,0.0005031548945038057,-0.11180141074335324,0.278151911325993
2,relu2_1,0.0005125186927053333,-0.10873575691806839,0.29162523446746874
2,relu2_1,0.0005220567527846976,-0.10553445469343464,0.30614800325010716
2,relu2_1,0.0005317723177850966,-0.10659251220835596,0.3012968165183164
2,relu2_1,0.0005416686911033147,-0.1024552360282149,0.32055444474037953
2,relu2_1,0.0005517492376129129,-0.10204829083016823,0.32249047252255225
2,relu2_1,0.0005620173848083188,-0.10018990775908847,0.3314268278743134
2,relu2_1,0.0005724766239702179,-0.09791101465002715,0.34259815033187374
2,relu2_1,0.0005831305113526219,-0.09708355941399893,0.3467123371634948
2,relu2_1,0.000593982669392035,-0.09260716223548564,0.36950249703748794
2,relu2_1,0.0006050367879391225,-0.09214595767769942,0.371901517608363
2,relu2_1,0.0006162966255132943,-0.08946011937059145,0.3860602463673625
2,relu2_1,0.00062776601058065,-0.0887954422137819,0.38961352264562243
2,relu2_1,0.0006394488428556937,-0.0849158979924037,0.41074070602557744
2,relu2_1,0.0006513490946272796,-0.08404774823657082,0.41555850423386625
2,relu2_1,0.0006634708121092351,-0.08035811177428108,0.43639721417242733
2,relu2_1,0.000675818116816111,-0.07566467715680956,0.4637418923302631
2,relu2_1,0.0006883952069645496,-0.07386055344546935,0.4744975231933349
2,relu2_1,0.0007012063589007177,-0.07064568638090071,0.49399312450158117
2,relu2_1,0.0007142559285543119,-0.0658437330439501,0.5238803092682118
2,relu2_1,0.0007275483529196233,-0.061435160065111245,0.5521000799217498
2,relu2_1,0.0007410881515641569,-0.0561720021703744,0.5867230448524569
2,relu2_1,0.0007548799281653432,-0.050854584915898005,0.6226750804678362
2,relu2_1,0.0007689283720758305,-0.04773467173087358,0.6441967062600387
2,relu2_1,0.0007832382599179204,-0.04814161692892025,0.6413723327166482
2,relu2_1,0.0007978144572076629,-0.043841562669560505,0.6714674581826316
2,relu2_1,0.0008126619200091946,-0.04320401519262074,0.6759754479773106
2,relu2_1,0.0008277856966198472,-0.04320401519262074,0.6759754479773106
2,relu2_1,0.0008431909292866251,-0.03863266413456322,0.7086257580402155
2,relu2_1,0.0008588828559546258,-0.03699131850244168,0.7204824035072912
2,relu2_1,0.0008748668120479914,-0.036950623982637015,0.7207772254850041
2,relu2_1,0.0008911482322840202,-0.035702658708627245,0.7298380748049834
2,relu2_1,0.0009077326525210223,-0.03719479110146501,0.7190089076592594
2,relu2_1,0.0009246257116405734,-0.03303038524145416,0.7493639565079319
2,relu2_1,0.0009418331534647961,-0.026424308193163326,0.7982926272038615
2,relu2_1,0.0009593608287093146,-0.023467173087357573,0.8204628823686861
2,relu2_1,0.0009772146969725724,-0.022205642973412917,0.829965057462085
2,relu2_1,0.0009954008287621518,-0.022897449810092247,0.8247510643811923
2,relu2_1,0.0010139254075588143,-0.02118827997829626,0.8376460342168784
2,relu2_1,0.0010327947319189526,-0.019180683667932723,0.8528472427745886
2,relu2_1,0.0010520152176161591,-0.016277807921866526,0.8749213592650958
2,relu2_1,0.001071593399822671,-0.015830168204015196,0.8783342923364054
2,relu2_1,0.0010915359353313911,-0.016928920238741187,0.8699611934992905
2,relu2_1,0.0011118496048192698,-0.013564839934888771,0.8956386621940727
2,relu2_1,0.0011325413151528126,-0.012642430819316335,0.9026992461029625
2,relu2_1,0.0011536181017364785,-0.010987520347259904,0.9153854018741896
2,relu2_1,0.0011750871309048076,-0.011462289744981011,0.9117436192538103
2,relu2_1,0.0011969557023590429,-0.009468258274552362,0.9270504868291575
2,relu2_1,0.0012192312516491094,-0.007053716766142161,0.9456204314288733
2,relu2_1,0.0012419213527017847,-0.003431904503526859,0.9735268427147561
2,relu2_1,0.0012650337203959038,-0.0029978296256104185,0.9768742367161457
2,relu2_1,0.0012885762131855181,-0.006429734129137278,0.9504245400004885
2,relu2_1,0.0013125568357718427,-0.0074742268041237125,0.9423839665608813
2,relu2_1,0.0013369837418249451,-0.006266956049918612,0.9516780843571977
2,relu2_1,0.0013618652367560827,-0.007989690721649486,0.9384179689836156
2,relu2_1,0.001387209780541621,-0.007162235485621271,0.9447851280177552
2,relu2_1,0.0014130259905995337,-0.007637004883342378,0.941131389800368
2,relu2_1,0.0014393226447194064,-0.004652740097666848,0.9641149442445363
2,relu2_1,0.001466108684046983,-0.0036353771025501905,0.9719579061603505
2,relu2_1,0.0014933932161242535,-0.003784590341833967,0.9708074202066733
2,relu2_1,0.001521185517986105,-0.0055751492132392845,0.957006923668249
2,relu2_1,0.0015494950393146315,-0.004896907216494846,0.9622331134159301
2,relu2_1,0.0015783314056521166,-0.0037032013022246344,0.9714349507402679
2,relu2_1,0.0016077044216738221,-0.004544221378187738,0.9649513772511961
2,relu2_1,0.001637624074521689,-0.004408572978838851,0.9659969717694878
2,relu2_1,0.0016681005372000592,-0.0031606077048290837,0.9756189138861191
2,relu2_1,0.001699144172034626,-0.006429734129137278,0.9504245400004885
2,relu2_1,0.001730765534195724,-0.008857840477482367,0.931741840000611
2,relu2_1,0.0017629753752872038,-0.009658166033640805,0.9255914559261632
2,relu2_1,0.0017957846470020968,-0.009007053716766144,0.9305948430874758
2,relu2_1,0.0018292045048462937,-0.010784047748236573,0.9169467054360623
2,relu2_1,0.0018632463119315598,-0.012655995659251223,0.9025953577335757
2,relu2_1,0.0018979216428390996,-0.01574877916440586,0.8789550666122667
2,relu2_1,0.0019332422875550433,-0.01597938144329897,0.8771963975767648
2,relu2_1,0.0019692202554791737,-0.010661964188822573,0.9178836392706263
2,relu2_1,0.002005867779508234,-0.00838307107976126,0.9353922923587374
2,relu2_1,0.0020431973201952705,-0.007921866521975043,0.9389397270051335
2,relu2_1,0.002081221569986337,-0.008518719479110148,0.9343491662524935
2,relu2_1,0.002119953457536069,-0.01313076505697233,0.8989603110631329
2,relu2_1,0.0021594061521035676,-0.011245252306022791,0.9134082124542685
2,relu2_1,0.0021995930680300748,-0.013632664134563216,0.8951198156464162
2,relu2_1,0.0022405278693000182,-0.011991318502441674,0.907687783755713
2,relu2_1,0.002282224474186896,-0.016047205642973416,0.8766792550759471
2,relu2_1,0.0023246970599856455,-0.016901790558871407,0.8701677679759945
2,relu2_1,0.0023679600678330787,-0.023480737927292463,0.820360846597407
2,relu2_1,0.002412028207618007,-0.025786760716223555,0.8030595876648321
2,relu2_1,0.00245691646298279,-0.03076505697232773,0.7660416333413159
2,relu2_1,0.0025026400964179166,-0.038293543136191,0.711069901062015
2,relu2_1,0.0025492146544514203,-0.04305480195333696,0.6770321694769141
2,relu2_1,0.0025966559729348722,-0.04548290830168205,0.6599154891490285
2,relu2_1,0.00264498018242772,-0.04599837221920782,0.6563038366990543
2,relu2_1,0.0026942037136818823,-0.0494031470428649,0.6326493220364158
2,relu2_1,0.0027443433032283623,-0.05826098752034727,0.5728627998587036
2,relu2_1,0.002795415999067859,-0.06285946825827457,0.5429031622934584
2,relu2_1,0.0028474391664672478,-0.06653553988062942,0.519518988132222
2,relu2_1,0.0029004304938639917,-0.06960119370591428,0.5004166804434723
2,relu2_1,0.00295440799888038,-0.09428920238741184,0.36083361714816636
2,relu2_1,0.003009390034449718,-0.09979652740097669,0.33333847594440225
2,relu2_1,0.00306539529505653,-0.11081117742810637,0.2824575454696233
2,relu2_1,0.0031224428230928578,-0.12132392837764516,0.23899174586078115
2,relu2_1,0.00318055201533292,-0.12622083559414002,0.22041923959992493
2,relu2_1,0.0032397426295281955,-0.13067010309278354,0.20444901215114958
2,relu2_1,0.003300034791125282,-0.1328676071622355,0.19687430146321028
2,relu2_1,0.0033614490001087688,-0.13368149755832884,0.19412081403557674
2,relu2_1,0.003424006137971426,-0.13484807379272928,0.19022281177911263
2,relu2_1,0.0034877274748141775,-0.13593326098752037,0.1866479768649309
2,relu2_1,0.0035526346765781393,-0.1392837764514379,0.17591920190216773
2,relu2_1,0.003618749812411277,-0.14266868783549155,0.16554692476629723
2,relu2_1,0.0036860953621721615,-0.1432718393922952,0.16374725092795908
2,relu2_1,0.003754694224073337,-0.14160336408030388,0.16876132698393959
2,relu2_1,0.0038245697224669993,-0.14363809007053718,0.16266154082869666
2,relu2_1,0.0038957456157755013,-0.1443705914270212,0.16050616490448677
2,relu2_1,0.003968246104569478,-0.14552360282148674,0.15715657718170795
2,relu2_1,0.00404209583979631,-0.1480873575691807,0.1498959186675031
2,relu2_1,0.004117319931161679,-0.14888768312533915,0.14768174095355113
2,relu2_1,0.004193943955667186,-0.1505018990775909,0.14329081743247948
2,relu2_1,0.004271993966306777,-0.14697504069451983,0.15301450230663638
2,relu2_1,0.004351496500925045,-0.1486842105263158,0.14824232191028572
2,relu2_1,0.0044324785912404005,-0.14864351600651116,0.14835462976580255
2,relu2_1,0.004514967772036102,-0.14929513461539531,0.14656397843715105
2,relu2_1,0.004598992090522438,-0.1465274009766685,0.1542831548900633
2,relu2_1,0.004684580115873045,-0.1461611502984265,0.15532697945718235
2,relu2_1,0.004771760948938741,-0.14662285208593565,0.15401198008176523
2,relu2_1,0.004860564232142139,-0.14959305480195337,0.14575073218288942
2,relu2_1,0.004951020159556351,-0.1489419424850787,0.14753252226094313
2,relu2_1,0.005043159487171359,-0.14763343608819324,0.15116275895479037
2,relu2_1,0.005137013543351339,-0.1570265870862724,0.1265420484432832
2,relu2_1,0.005232614239486656,-0.1587221920781335,0.12244526590191702
2,relu2_1,0.005329994080844093,-0.16028947466680163,0.11874993399829976
2,relu2_1,0.005429186177618943,-0.16058790215740118,0.11805615622197059
2,relu2_1,0.0055302242561929005,-0.1600661968715389,0.11927105894588105
2,relu2_1,0.005633142670601352,-0.16281530419751736,0.11297634099575168
2,relu2_1,0.005737976414214128,-0.162327510533305,0.11407404982287209
2,relu2_1,0.0058447611316336376,-0.1610111437760827,0.11707758341801984
2,relu2_1,0.00595353313081437,-0.16353591917299892,0.11136971084937297
2,relu2_1,0.006064329395408062,-0.1625731712669466,0.11352019781775248
2,relu2_1,0.006177187597338488,-0.1596784866094661,0.12018015226338757
2,relu2_1,0.0062921461096103375,-0.17774883722068074,0.08316902149697714
2,relu2_1,0.006409244019356457,-0.18191376570692325,0.07608501022393012
2,relu2_1,0.006528521141127847,-0.1839088295327342,0.07286761811859371
2,relu2_1,0.006650018030431118,-0.18704524259944885,0.06803193693400825
2,relu2_1,0.006773775997517745,-0.18719449886847997,0.06780845037454764
2,relu2_1,0.006899837121430011,-0.18662163563535655,0.06866946584765662
2,relu2_1,0.0070282442643083524,-0.18818183225106677,0.06634500580981328
2,relu2_1,0.0071590410859648885,-0.18884688164019786,0.06537376439902275
2,relu2_1,0.007292272058728313,-0.18724533413167813,0.06773246876585522
2,relu2_1,0.00742798248256491,-0.18920859597389728,0.06485037782557752
2,relu2_1,0.007566218500481048,-0.1892092385864673,0.06484945102618843
2,relu2_1,0.007707027114212304,-0.18819321254829977,0.06632828816029872
2,relu2_1,0.00785045620020451,-0.18777844080977557,0.06693979706462086
2,relu2_1,0.007996554525892346,-0.18953873784122807,0.06437564940162649
2,relu2_1,0.008145371766280737,-0.1906626067495547,0.06278069672531168
2,relu2_1,0.008296958520834915,-0.18980391347798878,0.06399638670173084
2,relu2_1,0.008451366330684721,-0.1886077919426761,0.06572159541870477
2,relu2_1,0.008608647696149245,-0.1890165655719459,0.06512781316933947
2,relu2_1,0.008768856094587427,-0.1884731661129767,0.06591811053825634
2,relu2_1,0.008932045998580959,-0.18750779318862965,0.06734127642692993
2,relu2_1,0.009098272894455568,-0.19725833571728696,0.0540563981373422
2,relu2_1,0.009267593301146883,-0.19796282106681953,0.0531865151314773
2,relu2_1,0.009440064789417604,-0.19697333287927035,0.05441161671033022
2,relu2_1,0.009615746001432095,-0.19932823429359506,0.05153329085833195
2,relu2_1,0.009794696670695385,-0.19614895099051102,0.055449900228350356
2,relu2_1,0.009976977642363211,-0.20774733636254258,0.042249700489891635
2,relu2_1,0.010162650893929951,-0.20380331891861678,0.046408975658650674
2,relu2_1,0.010351779556301762,-0.2044260309695162,0.04573058144345265
2,relu2_1,0.010544427935261684,-0.19759686405662846,0.053636943669666856
2,relu2_1,0.010740661533334323,-0.1968423633954847,0.05457549431370422
2,relu2_1,0.010940547072057435,-0.1965021346978404,0.05500310442655842
2,relu2_1,0.011144152514667882,-0.2036758533703478,0.046548861774228255
2,relu2_1,0.01135154708920999,-0.1963237459551732,0.05522840496471462
2,relu2_1,0.011562801312073753,-0.20007783731357573,0.05064382430397666
2,relu2_1,0.011777987011971181,-0.19639325017988635,0.05514053302982569
2,relu2_1,0.011997177354358856,-0.20170581385433806,0.04875563660158176
2,relu2_1,0.012220446866314887,-0.1950280786084369,0.056887607995902485
2,relu2_1,0.012447871461879062,-0.2054945150281168,0.0445857156619847
2,relu2_1,0.01267952846786434,-0.19271293110970278,0.0599538366752192
2,relu2_1,0.012915496650148827,-0.19292152274733276,0.05967215910513159
2,relu2_1,0.013155856240457052,-0.1875905159727236,0.06721835888420526
2,relu2_1,0.013400688963639508,-0.17789299289540098,0.08291534374831903
2,relu2_1,0.013650078065460139,-0.18448612394801295,0.07195734934070912
2,relu2_1,0.013904108340900697,-0.19002128699098875,0.06368684793154174
2,relu2_1,0.014162866162991974,-0.15467033614168638,0.13240832832565635
2,relu2_1,0.014426439512181588,-0.15680930103154153,0.12707453845920844
2,relu2_1,0.014694918006248172,-0.1731916445398322,0.09151235218417794
2,relu2_1,0.014968392930772555,-0.15636871141650627,0.128159529755312
2,relu2_1,0.01524695727017573,-0.15356943101336104,0.13521925391773182
2,relu2_1,0.015530705739334584,-0.15297037975931144,0.13676774104233608
2,relu2_1,0.015819734815786014,-0.1774291964342283,0.08373371567656901
2,relu2_1,0.016114142772530198,-0.1775633718130479,0.08349630354741239
2,relu2_1,0.016414029711444664,-0.17806885274052295,0.08260671040931553
2,relu2_1,0.016719497597319884,-0.1953484477568571,0.05647360005088562
2,relu2_1,0.017030650292528426,-0.1748246101818969,0.08844974940946002
2,relu2_1,0.017347593592339325,-0.17447528907708065,0.08909796566926563
2,relu2_1,0.017670435260889468,-0.18796515930428043,0.06666395025848797
2,relu2_1,0.017999285067824763,-0.16844275862650257,0.10089700133077045
2,relu2_1,0.018334254825622887,-0.161163794466292,0.11672618297995473
2,relu2_1,0.01867545842761074,-0.16224087917552674,0.11426986214587767
2,relu2_1,0.019023011886689457,-0.15785007410931523,0.12453948207891186
2,relu2_1,0.01937703337477989,-0.16323594907256686,0.11203633312035129
2,relu2_1,0.019737643263002553,-0.15071530960626878,0.1427177618704995
2,relu2_1,0.02010496416260497,-0.19612672880931717,0.055478111662334316
2,relu2_1,0.020479120966650832,-0.20775547211979775,0.042241452610587135
2,relu2_1,0.02086024089248505,-0.20814187693447442,0.041851263266158865
2,relu2_1,0.021248453524988827,-0.1802427868544156,0.07886663893816089
2,relu2_1,0.021643890860640204,-0.17975154957466075,0.07969969018513604
2,relu2_1,0.022046687352394075,-0.1461968905972347,0.15522488694705336
2,relu2_1,0.022456979955397718,-0.13004734686841193,0.20663306640689022
2,relu2_1,0.02287490817355704,-0.13004734686841193,0.20663306640689022
2,relu2_1,0.023300614106969247,-0.08379150551773264,0.41698677573641957
2,relu2_1,0.023734242500238662,-0.08014944085411127,0.437593199835462
2,relu2_1,0.024175940791691282,-0.08010452393822139,0.43785088112132975
2,relu2_1,0.024625859163505442,-0.11207519723590201,0.27696925880243944
2,relu2_1,0.02508415059277541,-0.11212188678300712,0.2767679148931525
2,relu2_1,0.02555097090352507,-0.07003980649358771,0.4977139462118909
2,relu2_1,0.026026478819690044,-0.07003980649358771,0.4977139462118909
2,relu2_1,0.02651083601908536,-0.10399660940298329,0.31328934007899334
2,relu2_1,0.027004207188377698,-0.11612335129737424,0.25987608064176604
2,relu2_1,0.027506760079080674,-0.11612335129737424,0.25987608064176604
2,relu2_1,0.028018665564591955,-0.06258398543514575,0.544676112140303
2,relu2_1,0.028540097698292376,-0.06258398543514575,0.544676112140303
2,relu2_1,0.029071233772725753,-0.07974386920479484,0.4399230114571427
2,relu2_1,0.029612254379880375,-0.07974386920479484,0.4399230114571427
2,relu2_1,0.03016334347259197,-0.07982043139787723,0.4394826634878023
2,relu2_1,0.030724688427090033,-0.07974386920479484,0.4399230114571427
2,relu2_1,0.031296480106707505,-0.07857159147214231,0.4466964069511772
2,relu2_1,0.03187891292677643,-0.15376956901851638,0.13470489866994734
2,relu2_1,0.03247218492073132,-0.15634787231813116,0.1282110228644617
2,relu2_1,0.03307649780744242,-0.1059777818819578,0.30410918526768765
2,relu2_1,0.033692057059802674,-0.1059777818819578,0.30410918526768765
2,relu2_1,0.03431907197459043,-0.15282783002879893,0.137138192897435
2,relu2_1,0.03495775574363272,-0.15282783002879893,0.137138192897435
2,relu2_1,0.03560832552629282,-0.09375508667697942,0.36357263090184894
2,relu2_1,0.036271002523306485,-0.09375508667697942,0.36357263090184894
2,relu2_1,0.03694601205199302,-0.17586311452816475,0.08654472151586802
2,relu2_1,0.03763358362286533,-0.17586311452816475,0.08654472151586802
2,relu2_1,0.03833395101766598,-0.17586311452816475,0.08654472151586802
2,relu2_1,0.03904735236885564,-0.17586311452816475,0.08654472151586802
2,relu2_1,0.03977403024058037,-0.17586311452816475,0.08654472151586802
2,relu2_1,0.04051423171114647,-0.17586311452816475,0.08654472151586802
2,relu2_1,0.04126820845702952,-0.17586311452816475,0.08654472151586802
2,relu2_1,0.0420362168384471,-0.17586311452816475,0.08654472151586802
2,relu2_1,0.042818517986524154,,
2,relu2_1,0.04361537789208006,,
2,relu2_1,0.044427067496068826,,
2,relu2_1,0.04525386278170167,,
2,relu2_1,0.046096044868284294,,
2,relu2_1,0.04695390010680063,,
2,relu2_1,0.04782772017727485,,
2,relu2_1,0.04871780218794631,,
2,relu2_1,0.04962444877628913,,
2,relu2_1,0.050547968211912354,,
2,relu2_1,0.051488674501374974,,
2,relu2_1,0.05244688749495119,,
2,relu2_1,0.053422932995383525,,
2,relu2_1,0.054417142868658876,,
2,relu2_1,0.05542985515684663,,
2,relu2_1,0.05646141419303673,,
2,relu2_1,0.057512170718416133,,
2,relu2_1,0.05858248200152536,,
2,relu2_1,0.0596727119597331,,
2,relu2_1,0.060783231282972236,,
2,relu2_1,0.06191441755977847,,
2,relu2_1,0.06306665540567406,,
2,relu2_1,0.0642403365939419,,
2,relu2_1,0.0654358601888323,,
2,relu2_1,0.06665363268124906,,
2,relu2_1,0.06789406812696112,,
2,relu2_1,0.06915758828738525,,
2,relu2_1,0.07044462277299036,,
2,relu2_1,0.07175560918936921,,
2,relu2_1,0.07309099328602904,,
2,relu2_1,0.07445122910795143,,
2,relu2_1,0.0758367791499719,,
2,relu2_1,0.077248114514034,,
2,relu2_1,0.07868571506936843,,
2,relu2_1,0.08015006961565396,,
2,relu2_1,0.08164167604921473,,
2,relu2_1,0.08316104153230962,,
2,relu2_1,0.08470868266557402,,
2,relu2_1,0.08628512566366887,,
2,relu2_1,0.08789090653419963,,
2,relu2_1,0.08952657125996401,,
2,relu2_1,0.09119267598459298,,
2,relu2_1,0.09288978720164498,,
2,relu2_1,0.09461848194721992,,
2,relu2_1,0.09637934799615795,,
2,relu2_1,0.09817298406188842,,
2,relu2_1,0.1,,
3,relu2_2,1e-09,-0.45143545294619625,3.905120337687831e-06
3,relu2_2,1.0186101701559773e-09,-0.4482694328586824,4.6485792856194e-06
3,relu2_2,1.0375666787451849e-09,-0.45014007611576906,4.1946213704208626e-06
3,relu2_2,1.0568759711848051e-09,-0.4492038475728258,4.416325703783937e-06
3,relu2_2,1.0765446128423137e-09,-0.4466074752655877,5.09036110110979e-06
3,relu2_2,1.0965792912678099e-09,-0.4491058391113935,4.440162729296565e-06
3,relu2_2,1.116986818467825e-09,-0.45102474981621676,3.9948025816938625e-06
3,relu2_2,1.1377741332214901e-09,-0.4518069852446671,3.825630136303638e-06
3,relu2_2,1.1589483034398119e-09,-0.4505814655036869,4.093776683332567e-06
3,relu2_2,1.180516528568803e-09,-0.45062455039313226,4.084056438913039e-06
3,relu2_2,1.2024861420374123e-09,-0.45016397916216117,4.189100777731741e-06
3,relu2_2,1.2248646137509333e-09,-0.4501956918206057,4.181787065987983e-06
3,relu2_2,1.2476595526308685e-09,-0.44890622582710055,4.489086953337567e-06
3,relu2_2,1.2708787092020595e-09,-0.4494170162547701,4.364895913723129e-06
3,relu2_2,1.2945299782279134e-09,-0.44760225294581585,4.821401667448451e-06
3,relu2_2,1.3186214013947485e-09,-0.4520518222431708,3.7740834267026107e-06
3,relu2_2,1.3431611700460181e-09,-0.4462494889034798,5.190562421997955e-06
3,relu2_2,1.3681576279674706e-09,-0.4531327386416318,3.554242161142658e-06
3,relu2_2,1.3936192742241434e-09,-0.4519969084620529,3.78558738942866e-06
3,relu2_2,1.4195547660500987e-09,-0.4491918051473681,4.419248076726312e-06
3,relu2_2,1.4459729217920195e-09,-0.4496311762613435,4.313795779709101e-06
3,relu2_2,1.4728827239075047e-09,-0.44909822305600205,4.442020128866604e-06
3,relu2_2,1.5002933220192166e-09,-0.4494373647568191,4.360016192982513e-06
3,relu2_2,1.5282140360258708e-09,-0.4504790506433232,4.116969786072379e-06
3,relu2_2,1.5566543592710589e-09,-0.4496264421886797,4.314919243493399e-06
3,relu2_2,1.5856239617711372e-09,-0.4511525539625891,3.966688894767224e-06
3,relu2_2,1.615132693503093e-09,-0.44901766077382954,4.461712510216158e-06
3,relu2_2,1.6451905877536607e-09,-0.45259138257441806,3.6627900633426256e-06
3,relu2_2,1.6758078645307687e-09,-0.4489964805457569,4.466903378693443e-06
3,relu2_2,1.7069949340384045e-09,-0.4515067866422723,3.8897385360339536e-06
3,relu2_2,1.7387624002162505e-09,-0.4490182116734098,4.461577571163424e-06
3,relu2_2,1.7711210643450904e-09,-0.4487696029179899,4.522864932235365e-06
3,relu2_2,1.8040819287193808e-09,-0.44929630032280493,4.393950499250582e-06
3,relu2_2,1.8376562003881724e-09,-0.44855629387274104,4.576081734127567e-06
3,relu2_2,1.8718552949655752e-09,-0.4494236464817752,4.363305371333994e-06
3,relu2_2,1.906690840512252e-09,-0.4523623004633196,3.7096585829847835e-06
3,relu2_2,1.9421746814890284e-09,-0.45026096365634466,4.166771657539421e-06
3,relu2_2,1.9783188827841624e-09,-0.4485381647173125,4.5806317380556835e-06
3,relu2_2,2.0151357338155587e-09,-0.4481494432962766,4.679223789181071e-06
3,relu2_2,2.052637752709248e-09,-0.4510877865196065,3.980912701167983e-06
3,relu2_2,2.09083769055575e-09,-0.44884642950423714,4.503841341423381e-06
3,relu2_2,2.129748535745523e-09,-0.4500590098277673,4.213395369340154e-06
3,relu2_2,2.1693835183851823e-09,-0.4496240755761217,4.315480978209246e-06
3,relu2_2,2.2097561147959033e-09,-0.4515647683379063,3.877277956782251e-06
3,relu2_2,2.250880052095457e-09,-0.4519036751150356,3.8051947354061905e-06
3,relu2_2,2.2927693128656487e-09,-0.4517072049537303,3.846827172772336e-06
3,relu2_2,2.3354381399064818e-09,-0.4499399732405212,4.241106443984377e-06
3,relu2_2,2.378901041078891e-09,-0.45093770161923497,4.014058427222869e-06
3,relu2_2,2.4231727942376006e-09,-0.45016600623450825,4.1886329249460016e-06
3,relu2_2,2.4682684522556873e-09,-0.449019043193714,4.461373903283919e-06
3,relu2_2,2.5142033481427964e-09,-0.450304714088195,4.156735590740462e-06
3,relu2_2,2.560993100258462e-09,-0.4494222748199775,4.3636343780234815e-06
3,relu2_2,2.6086536176225453e-09,-0.4498765567731807,4.2559395084917915e-06
3,relu2_2,2.657201105324507e-09,-0.448979730383264,4.471012552864926e-06
3,relu2_2,2.7066520700332356e-09,-0.45049902852221274,4.112435847251582e-06
3,relu2_2,2.7570233256095828e-09,-0.4512037552017205,3.955478338320884e-06
3,relu2_2,2.8083319988231753e-09,-0.4507847582988703,4.048102988593718e-06
3,relu2_2,2.860595535175739e-09,-0.4513131484206764,3.931626612415683e-06
3,relu2_2,2.9138317048327884e-09,-0.4502579096006122,4.167473090480712e-06
3,relu2_2,2.9680586086655964e-09,-0.45189777275916565,3.8064392422094144e-06
3,relu2_2,3.0232946844057765e-09,-0.45079067950424306,4.0467799022508896e-06
3,relu2_2,3.0795587129142296e-09,-0.4513536337253714,3.922833766269172e-06
3,relu2_2,3.1368698245668734e-09,-0.45159627511264744,3.870522773885053e-06
3,relu2_2,3.1952475057592137e-09,-0.450486134920237,4.11536148491838e-06
3,relu2_2,3.2547116055318414e-09,-0.44984264375328165,4.263891792882329e-06
3,relu2_2,3.3152823423194234e-09,-0.4494138155658208,4.3656639308814096e-06
3,relu2_2,3.376980310825095e-09,-0.45231215837257455,3.7199924588368477e-06
3,relu2_2,3.439826489022921e-09,-0.4517124556758442,3.845708969506257e-06
3,relu2_2,3.5038422452906756e-09,-0.45069046925075856,4.069226797950339e-06
3,relu2_2,3.5690493456752222e-09,-0.4505554877718893,4.099647971840893e-06
3,relu2_2,3.635469961293318e-09,-0.4504651156173255,4.120135101219738e-06
3,relu2_2,3.703126675869931e-09,-0.44922085635961967,4.412201231363482e-06
3,relu2_2,3.772042493416993e-09,-0.45085086036617816,4.0333556693639e-06
3,relu2_2,3.842240846055061e-09,-0.4508729333467614,4.028442496097895e-06
3,relu2_2,3.913745601980376e-09,-0.44992556087847385,4.244473199442029e-06
3,relu2_2,3.9865810735804386e-09,-0.45138229485669973,3.916620179623885e-06
3,relu2_2,4.060772025700369e-09,-0.45035201241273654,4.145911297145929e-06
3,relu2_2,4.13634368406327e-09,-0.4493776921226279,4.374340720221211e-06
3,relu2_2,4.2133217438472886e-09,-0.4499277658507191,4.243957950505535e-06
3,relu2_2,4.291732378422149e-09,-0.4510641761697711,3.986109803338328e-06
3,relu2_2,4.371602248248502e-09,-0.45074845536573266,4.0562237556558e-06
3,relu2_2,4.45295850994266e-09,-0.4507182680592115,4.062988183783401e-06
3,relu2_2,4.5358288255101815e-09,-0.45107774119371463,3.983123093551566e-06
3,relu2_2,4.620241371751313e-09,-0.45051632053954305,4.108515260151947e-06
3,relu2_2,4.706224849841272e-09,-0.4501402279827502,4.1945862739333466e-06
3,relu2_2,4.793808495089107e-09,-0.4503347193292382,4.149865760347127e-06
3,relu2_2,4.883022086877885e-09,-0.4501047891095735,4.202783713188563e-06
3,relu2_2,4.9738959587900574e-09,-0.4499993217902052,4.227269017389866e-06
3,relu2_2,5.066461008921269e-09,-0.45015379296069086,4.191452521418997e-06
3,relu2_2,5.1607487103859185e-09,-0.45096090914815995,4.008916175036546e-06
3,relu2_2,5.256791122018419e-09,-0.45137004883342385,3.919273918494913e-06
3,relu2_2,5.354620899273613e-09,-0.45034743064363225,4.1469586784821495e-06
3,relu2_2,5.454271305329825e-09,-0.45120660892117803,3.954854393653663e-06
3,relu2_2,5.555776222398878e-09,-0.4501130980268689,4.200860406117685e-06
3,relu2_2,5.659170163246254e-09,-0.45060143723273255,4.0892682166094596e-06
3,relu2_2,5.7644882829258735e-09,-0.45052835772400224,4.105788172066778e-06
3,relu2_2,5.8717663907332614e-09,-0.450535140235974,4.104252309721785e-06
3,relu2_2,5.981040962380932e-09,-0.4504205100379816,4.130282608139815e-06
3,relu2_2,6.092349152400712e-09,-0.4502027971493579,4.1801500554878884e-06
3,relu2_2,6.205728806776513e-09,-0.45007918558201726,4.208715512288344e-06
3,relu2_2,6.321218475812448e-09,-0.45058108976582156,4.093861548206098e-06
3,relu2_2,6.4388574272404256e-09,-0.45113944655453075,3.969563585696865e-06
3,relu2_2,6.558685659571422e-09,-0.4512103310625422,3.954040714411106e-06
3,relu2_2,6.680743915695615e-09,-0.45089767164118966,4.0229427628276e-06
3,relu2_2,6.8050736967352206e-09,-0.4511418437283011,3.969037695538377e-06
3,relu2_2,6.9317172761554e-09,-0.44984858095702607,4.262498563757907e-06
3,relu2_2,7.06071771413778e-09,-0.4500844417116661,4.207497134132081e-06
3,relu2_2,7.192118872221178e-09,-0.4503979625636227,4.1354209864553056e-06
3,relu2_2,7.32596542821523e-09,-0.45066773378501157,4.074335808081732e-06
3,relu2_2,7.462302891391123e-09,-0.45038439758568205,4.138515232745104e-06
3,relu2_2,7.601177617955322e-09,-0.45108299394962587,3.981967122968675e-06
3,relu2_2,7.742636826811278e-09,-0.4504568053727939,4.122023849685125e-06
3,relu2_2,7.88672861561414e-09,-0.4501590488373266,4.19023891324829e-06
3,relu2_2,8.033501977124735e-09,-0.45042881995925027,4.1283903658936086e-06
3,relu2_2,8.183006815867407e-09,-0.45073861559512673,4.058427502589031e-06
3,relu2_2,8.335293965098187e-09,-0.4507189365165492,4.062838279535548e-06
3,relu2_2,8.490415204088756e-09,-0.4505780337045501,4.094551857662821e-06
3,relu2_2,8.648423275731709e-09,-0.45085611386624513,4.0321857930052725e-06
3,relu2_2,8.80937190447399e-09,-0.45042881995925027,4.1283903658936086e-06
3,relu2_2,8.973315814583538e-09,-0.4509035909670223,4.02162784847158e-06
3,relu2_2,9.140310748756223e-09,-0.4497415863352784,4.287671945015571e-06
3,relu2_2,9.310413487069086e-09,-0.45107993448419476,3.982640379070238e-06
3,relu2_2,9.483681866285909e-09,-0.45006782419967456,4.211350233004827e-06
3,relu2_2,9.660174799522645e-09,-0.4494521481718336,4.356474246421855e-06
3,relu2_2,9.839952296278247e-09,-0.45086442529811643,4.030335614112411e-06
3,relu2_2,1.0023075482838643e-08,-0.45042881995925027,4.1283903658936086e-06
3,relu2_2,1.0209606623060476e-08,-0.45078676071622364,4.0476555051697895e-06
3,relu2_2,1.0399609139541204e-08,-0.4507189365165492,4.062838279535548e-06
3,relu2_2,1.05931476351837e-08,-0.4508033831043942,4.043942673346411e-06
3,relu2_2,1.0790287915161835e-08,-0.4503609955295686,4.143858502106171e-06
3,relu2_2,1.099109700929496e-08,-0.45040694519804675,4.133373198429954e-06
3,relu2_2,1.1195643194838794e-08,-0.4505999091253202,4.089613009850812e-06
3,relu2_2,1.1403996019700331e-08,-0.45037456041550494,4.1407605106948215e-06
3,relu2_2,1.1616226326085019e-08,-0.45092546749183865,4.01677172982951e-06
3,relu2_2,1.183240627458378e-08,-0.45015226637135747,4.191805080614648e-06
3,relu2_2,1.2052609368708414e-08,-0.45037456041550494,4.1407605106948215e-06
3,relu2_2,1.2276910479883604e-08,-0.45112215900494346,3.973358060930992e-06
3,relu2_2,1.2505385872903913e-08,-0.4512969726591763,3.935144956255529e-06
3,relu2_2,1.2738113231864785e-08,-0.45075065199007974,4.055731946607547e-06
3,relu2_2,1.2975171686575868e-08,-0.45089002608108597,4.0246417413938585e-06
3,relu2_2,1.3216641839466038e-08,-0.45006782419967456,4.211350233004827e-06
3,relu2_2,1.346260579298911e-08,-0.4504100000781845,4.132676989536037e-06
3,relu2_2,1.3713147177539456e-08,-0.4501590488373266,4.19023891324829e-06
3,relu2_2,1.3968351179887397e-08,-0.45076794210765886,4.05186277083531e-06
3,relu2_2,1.422830457214352e-08,-0.4504100000781845,4.132676989536037e-06
3,relu2_2,1.4493095741262151e-08,-0.4503391209983723,4.14885887976155e-06
3,relu2_2,1.4762814719093911e-08,-0.4503421754184932,4.148160317372554e-06
3,relu2_2,1.5037553212997385e-08,-0.45006782419967456,4.211350233004827e-06
3,relu2_2,1.5317404637020797e-08,-0.4511289414709126,3.971868957845535e-06
3,relu2_2,1.560246414366368e-08,-0.45078676071622364,4.0476555051697895e-06
3,relu2_2,1.5892828656229763e-08,-0.45112588171459583,3.9725406679094854e-06
3,relu2_2,1.618859690178199e-08,-0.4509578505107677,4.009593542890921e-06
3,relu2_2,1.648986944471065e-08,-0.45068129871694984,4.071286831261046e-06
3,relu2_2,1.679674872092653e-08,-0.45078676071622364,4.0476555051697895e-06
3,relu2_2,1.7109339072690134e-08,-0.45089002608108597,4.0246417413938585e-06
3,relu2_2,1.7427746784089175e-08,-0.45056446881861373,4.097617247002308e-06
3,relu2_2,1.775208011717636e-08,-0.4502389115561415,4.171838921394066e-06
3,relu2_2,1.8082449348779518e-08,-0.4507543772217225,4.054898021436964e-06
3,relu2_2,1.841896680799711e-08,-0.4509510680677995,4.011095972148048e-06
3,relu2_2,1.8761746914391196e-08,-0.45042881995925027,4.1283903658936086e-06
3,relu2_2,1.911090621689136e-08,-0.45006782419967456,4.211350233004827e-06
3,relu2_2,1.946656343342263e-08,-0.45042881995925027,4.1283903658936086e-06
3,relu2_2,1.9828839491270715e-08,-0.45006782419967456,4.211350233004827e-06
3,relu2_2,2.0197857568198784e-08,-0.4509578505107677,4.009593542890921e-06
3,relu2_2,2.0573743134329116e-08,-0.45042881995925027,4.1283903658936086e-06
3,relu2_2,2.095662399480431e-08,-0.45112588171459583,3.9725406679094854e-06
3,relu2_2,2.1346630333242455e-08,-0.4505999091253202,4.089613009850812e-06
3,relu2_2,2.17438947560008e-08,-0.4502389115561415,4.171838921394066e-06
3,relu2_2,2.2148552337263593e-08,-0.4502389115561415,4.171838921394066e-06
3,relu2_2,2.256074066496859e-08,-0.4503964351462463,4.13576928978947e-06
3,relu2_2,2.2980599887588488e-08,-0.45042881995925027,4.1283903658936086e-06
3,relu2_2,2.3408272761782943e-08,-0.45040321761221536,4.134222867100541e-06
3,relu2_2,2.3843904700937205e-08,-0.4509510680677995,4.011095972148048e-06
3,relu2_2,2.4287643824604505e-08,-0.45078676071622364,4.0476555051697895e-06
3,relu2_2,2.4739641008868117e-08,-0.45042881995925027,4.1283903658936086e-06
3,relu2_2,2.5200049937640895e-08,-0.45078676071622364,4.0476555051697895e-06
3,relu2_2,2.566902715491952e-08,-0.45006782419967456,4.211350233004827e-06
3,relu2_2,2.614673211801092e-08,-0.45042881995925027,4.1283903658936086e-06
3,relu2_2,2.6633327251749808e-08,-0.45078676071622364,4.0476555051697895e-06
3,relu2_2,2.7128978003724646e-08,-0.45003543826709635,4.218869112241925e-06
3,relu2_2,2.763385290053167e-08,-0.45042881995925027,4.1283903658936086e-06
3,relu2_2,2.8148123605075813e-08,-0.45078676071622364,4.0476555051697895e-06
3,relu2_2,2.8671964974937697e-08,-0.45006782419967456,4.211350233004827e-06
3,relu2_2,2.9205555121827452e-08,-0.45042881995925027,4.1283903658936086e-06
3,relu2_2,2.9749075472144435e-08,-0.45006782419967456,4.211350233004827e-06
3,relu2_2,3.030271082866393e-08,-0.45078676071622364,4.0476555051697895e-06
3,relu2_2,3.0866649433372746e-08,-0.45006782419967456,4.211350233004827e-06
3,relu2_2,3.144108303147265e-08,-0.45042881995925027,4.1283903658936086e-06
3,relu2_2,3.2026206936576504e-08,-0.45042881995925027,4.1283903658936086e-06
3,relu2_2,3.262222009711673e-08,-0.45042881995925027,4.1283903658936086e-06
3,relu2_2,3.322932516398968e-08,-0.45006782419967456,4.211350233004827e-06
3,relu2_2,3.384772855945983e-08,-0.45078676071622364,4.0476555051697895e-06
3,relu2_2,3.447764054734464e-08,-0.45078676071622364,4.0476555051697895e-06
3,relu2_2,3.5119275304507276e-08,-0.45078676071622364,4.0476555051697895e-06
3,relu2_2,3.577285099367877e-08,-0.45078676071622364,4.0476555051697895e-06
3,relu2_2,3.6438589837635405e-08,-0.45078676071622364,4.0476555051697895e-06
3,relu2_2,3.711671819475767e-08,-0.45006782419967456,4.211350233004827e-06
3,relu2_2,3.780746663599349e-08,-0.45078676071622364,4.0476555051697895e-06
3,relu2_2,3.851107002325569e-08,-0.45078676071622364,4.0476555051697895e-06
3,relu2_2,3.9227767589277236e-08,-0.45078676071622364,4.0476555051697895e-06
3,relu2_2,3.995780301895265e-08,-0.45078676071622364,4.0476555051697895e-06
3,relu2_2,4.070142453219439e-08,-0.45042881995925027,4.1283903658936086e-06
3,relu2_2,4.1458884968329114e-08,-0.45078676071622364,4.0476555051697895e-06
3,relu2_2,4.223044187206672e-08,-0.45042881995925027,4.1283903658936086e-06
3,relu2_2,4.3016357581067994e-08,-0.45078676071622364,4.0476555051697895e-06
3,relu2_2,4.381689931514195e-08,-0.45006782419967456,4.211350233004827e-06
3,relu2_2,4.4632339267103976e-08,-0.45078676071622364,4.0476555051697895e-06
3,relu2_2,4.546295469532399e-08,-0.45006782419967456,4.211350233004827e-06
3,relu2_2,4.630902801799737e-08,-0.45042881995925027,4.1283903658936086e-06
3,relu2_2,4.717084690917022e-08,-0.45078676071622364,4.0476555051697895e-06
3,relu2_2,4.804870439655134e-08,-0.45078676071622364,4.0476555051697895e-06
3,relu2_2,4.8942898961145316e-08,-0.45006782419967456,4.211350233004827e-06
3,relu2_2,4.9853734638738935e-08,-0.45078676071622364,4.0476555051697895e-06
3,relu2_2,5.0781521123276706e-08,-0.45006782419967456,4.211350233004827e-06
3,relu2_2,5.172657387216024e-08,-0.45078676071622364,4.0476555051697895e-06
3,relu2_2,5.268921421350677e-08,-0.45042881995925027,4.1283903658936086e-06
3,relu2_2,5.366976945540476e-08,-0.45042881995925027,4.1283903658936086e-06
3,relu2_2,5.4668572997201804e-08,-0.45006782419967456,4.211350233004827e-06
3,relu2_2,5.568596444286409e-08,-0.45006782419967456,4.211350233004827e-06
3,relu2_2,5.6722289716445493e-08,-0.45078676071622364,4.0476555051697895e-06
3,relu2_2,5.777790117970507e-08,-0.45006782419967456,4.211350233004827e-06
3,relu2_2,5.885315775191451e-08,-0.45042881995925027,4.1283903658936086e-06
3,relu2_2,5.99484250318941e-08,-0.45042881995925027,4.1283903658936086e-06
3,relu2_2,6.106407542232036e-08,-0.45006782419967456,4.211350233004827e-06
3,relu2_2,6.220048825634717e-08,-0.45042881995925027,4.1283903658936086e-06
3,relu2_2,6.335804992658255e-08,-0.45006782419967456,4.211350233004827e-06
3,relu2_2,6.453715401646702e-08,-0.45042881995925027,4.1283903658936086e-06
3,relu2_2,6.573820143409585e-08,-0.45006782419967456,4.211350233004827e-06
3,relu2_2,6.696160054853215e-08,-0.45006782419967456,4.211350233004827e-06
3,relu2_2,6.820776732865692e-08,-0.45078676071622364,4.0476555051697895e-06
3,relu2_2,6.94771254846024e-08,-0.45006782419967456,4.211350233004827e-06
3,relu2_2,7.077010661181889e-08,-0.45006782419967456,4.211350233004827e-06
3,relu2_2,7.208715033782136e-08,-0.45078676071622364,4.0476555051697895e-06
3,relu2_2,7.342870447166758e-08,-0.45006782419967456,4.211350233004827e-06
3,relu2_2,7.479522515621828e-08,-0.45006782419967456,4.211350233004827e-06
3,relu2_2,7.618717702323e-08,-0.45042881995925027,4.1283903658936086e-06
3,relu2_2,7.760503335133571e-08,-0.45042881995925027,4.1283903658936086e-06
3,relu2_2,7.90492762269642e-08,-0.45042881995925027,4.1283903658936086e-06
3,relu2_2,8.05203967082547e-08,-0.45006782419967456,4.211350233004827e-06
3,relu2_2,8.201889499202212e-08,-0.45006782419967456,4.211350233004827e-06
3,relu2_2,8.354528058382872e-08,-0.45042881995925027,4.1283903658936086e-06
3,relu2_2,8.510007247122247e-08,-0.45078676071622364,4.0476555051697895e-06
3,relu2_2,8.668379930019774e-08,-0.45042881995925027,4.1283903658936086e-06
3,relu2_2,8.829699955494083e-08,-0.45078676071622364,4.0476555051697895e-06
3,relu2_2,8.994022174092053e-08,-0.45042881995925027,4.1283903658936086e-06
3,relu2_2,9.161402457138521e-08,-0.45042881995925027,4.1283903658936086e-06
3,relu2_2,9.331897715733239e-08,-0.45006782419967456,4.211350233004827e-06
3,relu2_2,9.505565920101191e-08,-0.45006782419967456,4.211350233004827e-06
3,relu2_2,9.682466119303114e-08,-0.45078676071622364,4.0476555051697895e-06
3,relu2_2,9.86265846131283e-08,-0.45006782419967456,4.211350233004827e-06
3,relu2_2,1.0046204213468132e-07,-0.45078676071622364,4.0476555051697895e-06
3,relu2_2,1.023316578330245e-07,-0.45006782419967456,4.211350233004827e-06
3,relu2_2,1.0423606739764012e-07,-0.45042881995925027,4.1283903658936086e-06
3,relu2_2,1.061759183482999e-07,-0.45006782419967456,4.211350233004827e-06
3,relu2_2,1.0815187025522893e-07,-0.45078676071622364,4.0476555051697895e-06
3,relu2_2,1.1016459496336569e-07,-0.45078676071622364,4.0476555051697895e-06
3,relu2_2,1.1221477682079802e-07,-0.45006782419967456,4.211350233004827e-06
3,relu2_2,1.1430311291144787e-07,-0.45078676071622364,4.0476555051697895e-06
3,relu2_2,1.1643031329208756e-07,-0.45006782419967456,4.211350233004827e-06
3,relu2_2,1.1859710123376706e-07,-0.45006782419967456,4.211350233004827e-06
3,relu2_2,1.208042134677329e-07,-0.45078676071622364,4.0476555051697895e-06
3,relu2_2,1.2305240043592615e-07,-0.45006782419967456,4.211350233004827e-06
3,relu2_2,1.2534242654613995e-07,-0.45006782419967456,4.211350233004827e-06
3,relu2_2,1.2767507043192645e-07,-0.45078676071622364,4.0476555051697895e-06
3,relu2_2,1.3005112521734099e-07,-0.45006782419967456,4.211350233004827e-06
3,relu2_2,1.3247139878661174e-07,-0.45006782419967456,4.211350233004827e-06
3,relu2_2,1.3493671405883065e-07,-0.45006782419967456,4.211350233004827e-06
3,relu2_2,1.3744790926775367e-07,-0.45006782419967456,4.211350233004827e-06
3,relu2_2,1.400058382468096e-07,-0.45006782419967456,4.211350233004827e-06
3,relu2_2,1.4261137071941298e-07,-0.45006782419967456,4.211350233004827e-06
3,relu2_2,1.4526539259467813e-07,-0.45042881995925027,4.1283903658936086e-06
3,relu2_2,1.4796880626863963e-07,-0.45006782419967456,4.211350233004827e-06
3,relu2_2,1.5072253093107556e-07,-0.45006782419967456,4.211350233004827e-06
3,relu2_2,1.5352750287804213e-07,-0.45006782419967456,4.211350233004827e-06
3,relu2_2,1.563846758302248e-07,-0.45006782419967456,4.211350233004827e-06
3,relu2_2,1.592950212572123e-07,-0.45006782419967456,4.211350233004827e-06
3,relu2_2,1.6225952870780872e-07,-0.45006782419967456,4.211350233004827e-06
3,relu2_2,1.6527920614648973e-07,-0.45006782419967456,4.211350233004827e-06
3,relu2_2,1.6835508029612007e-07,-0.45006782419967456,4.211350233004827e-06
3,relu2_2,1.714881969870541e-07,-0.45006782419967456,4.211350233004827e-06
3,relu2_2,1.7467962151272458e-07,-0.45006782419967456,4.211350233004827e-06
3,relu2_2,1.7793043899185772e-07,-0.45006782419967456,4.211350233004827e-06
3,relu2_2,1.8124175473742396e-07,-0.45006782419967456,4.211350233004827e-06
3,relu2_2,1.8461469463245456e-07,-0.45006782419967456,4.211350233004827e-06
3,relu2_2,1.8805040551285834e-07,-0.45006782419967456,4.211350233004827e-06
3,relu2_2,1.915500555573528e-07,-0.45006782419967456,4.211350233004827e-06
3,relu2_2,1.9511483468466165e-07,-0.45006782419967456,4.211350233004827e-06
3,relu2_2,1.9874595495809857e-07,-0.45006782419967456,4.211350233004827e-06
3,relu2_2,2.0244465099768018e-07,-0.45006782419967456,4.211350233004827e-06
3,relu2_2,2.0621218039991447e-07,-0.45006782419967456,4.211350233004827e-06
3,relu2_2,2.1004982416539152e-07,-0.45006782419967456,4.211350233004827e-06
3,relu2_2,2.1395888713434216e-07,-0.45006782419967456,4.211350233004827e-06
3,relu2_2,2.179406984302958e-07,-0.45006782419967456,4.211350233004827e-06
3,relu2_2,2.2199661191199526e-07,-0.45006782419967456,4.211350233004827e-06
3,relu2_2,2.2612800663372794e-07,-0.45006782419967456,4.211350233004827e-06
3,relu2_2,2.3033628731421313e-07,-0.45006782419967456,4.211350233004827e-06
3,relu2_2,2.3462288481422625e-07,-0.45006782419967456,4.211350233004827e-06
3,relu2_2,2.389892566231053e-07,-0.45006782419967456,4.211350233004827e-06
3,relu2_2,2.434368873543108e-07,-0.45006782419967456,4.211350233004827e-06
3,relu2_2,2.47967289250216e-07,-0.45006782419967456,4.211350233004827e-06
3,relu2_2,2.5258200269627846e-07,-0.45006782419967456,4.211350233004827e-06
3,relu2_2,2.572825967447932e-07,-0.45006782419967456,4.211350233004827e-06
3,relu2_2,2.620706696483855e-07,-0.45006782419967456,4.211350233004827e-06
3,relu2_2,2.669478494034318e-07,-0.45006782419967456,4.211350233004827e-06
3,relu2_2,2.7191579430360187e-07,-0.45006782419967456,4.211350233004827e-06
3,relu2_2,2.769761935036891e-07,-0.45006782419967456,4.211350233004827e-06
3,relu2_2,2.8213076759394705e-07,-0.45006782419967456,4.211350233004827e-06
3,relu2_2,2.8738126918510695e-07,-0.4501085187194792,4.201920298885904e-06
3,relu2_2,2.927294835042813e-07,-0.4501085187194792,4.201920298885904e-06
3,relu2_2,2.9817722900196733e-07,-0.4501085187194792,4.201920298885904e-06
3,relu2_2,3.0372635797033114e-07,-0.4500761329249054,4.209423275110467e-06
3,relu2_2,3.0937875717301365e-07,-0.45104449267498653,3.990447416449866e-06
3,relu2_2,3.1513634848664826e-07,-0.45104449267498653,3.990447416449866e-06
3,relu2_2,3.2100108955431685e-07,-0.4510121100545131,3.997593195691865e-06
3,relu2_2,3.2697497445117677e-07,-0.4510121100545131,3.997593195691865e-06
3,relu2_2,3.3306003436245885e-07,-0.4509766684753121,4.005427813752642e-06
3,relu2_2,3.3925833827409916e-07,-0.4509766684753121,4.005427813752642e-06
3,relu2_2,3.455719936762143e-07,-0.4509766684753121,4.005427813752642e-06
3,relu2_2,3.520031472796675e-07,-0.4509766684753121,4.005427813752642e-06
3,relu2_2,3.585539857459817e-07,-0.4513157894736843,3.931052446240666e-06
3,relu2_2,3.6522673643081754e-07,-0.4513157894736843,3.931052446240666e-06
3,relu2_2,3.7202366814130657e-07,-0.4513157894736843,3.931052446240666e-06
3,relu2_2,3.7894709190746713e-07,-0.4508628963092133,4.030675916915486e-06
3,relu2_2,3.8599936176797634e-07,-0.45089527943570273,4.023474280459899e-06
3,relu2_2,3.9318287557057704e-07,-0.45089527943570273,4.023474280459899e-06
3,relu2_2,4.005000757873611e-07,-0.45089527943570273,4.023474280459899e-06
3,relu2_2,4.079534503452449e-07,-0.45110706425606745,3.976674030840311e-06
3,relu2_2,4.1554553347188797e-07,-0.4513157894736843,3.931052446240666e-06
3,relu2_2,4.232789065573544e-07,-0.4513157894736843,3.931052446240666e-06
3,relu2_2,4.3115619903182285e-07,-0.4513157894736843,3.931052446240666e-06
3,relu2_2,4.391800892596086e-07,-0.4513157894736843,3.931052446240666e-06
3,relu2_2,4.473533054498463e-07,-0.4513157894736843,3.931052446240666e-06
3,relu2_2,4.556786265841069e-07,-0.4513157894736843,3.931052446240666e-06
3,relu2_2,4.6415888336127725e-07,-0.45116132379981283,3.964766607451308e-06
3,relu2_2,4.7279695916003907e-07,-0.4510037981551819,3.999429303321394e-06
3,relu2_2,4.815957910192351e-07,-0.4510037981551819,3.999429303321394e-06
3,relu2_2,4.905583706365046e-07,-0.4510037981551819,3.999429303321394e-06
3,relu2_2,4.996877453854889e-07,-0.4510037981551819,3.999429303321394e-06
3,relu2_2,5.089870193519674e-07,-0.4510037981551819,3.999429303321394e-06
3,relu2_2,5.184593543892913e-07,-0.4510037981551819,3.999429303321394e-06
3,relu2_2,5.281079711934331e-07,-0.4510037981551819,3.999429303321394e-06
3,relu2_2,5.379361503980697e-07,-0.4510037981551819,3.999429303321394e-06
3,relu2_2,5.479472336900293e-07,-0.4510037981551819,3.999429303321394e-06
3,relu2_2,5.581446249454955e-07,-0.4510037981551819,3.999429303321394e-06
3,relu2_2,5.685317913873753e-07,-0.45099023331524696,4.002427499018681e-06
3,relu2_2,5.791122647641759e-07,-0.45099023331524696,4.002427499018681e-06
3,relu2_2,5.898896425508493e-07,-0.45099023331524696,4.002427499018681e-06
3,relu2_2,6.008675891719693e-07,-0.45099023331524696,4.002427499018681e-06
3,relu2_2,6.12049837247669e-07,-0.4510580575149214,3.987457682903688e-06
3,relu2_2,6.234401888627864e-07,-0.4510580575149214,3.987457682903688e-06
3,relu2_2,6.350425168595962e-07,-0.4510580575149214,3.987457682903688e-06
3,relu2_2,6.468607661546321e-07,-0.4509495387954423,4.011434805936781e-06
3,relu2_2,6.588989550799957e-07,-0.4509495387954423,4.011434805936781e-06
3,relu2_2,6.711611767496273e-07,-0.4509495387954423,4.011434805936781e-06
3,relu2_2,6.836516004510239e-07,-0.4509495387954423,4.011434805936781e-06
3,relu2_2,6.963744730628223e-07,-0.4509495387954423,4.011434805936781e-06
3,relu2_2,7.09334120498799e-07,-0.4509495387954423,4.011434805936781e-06
3,relu2_2,7.225349491787222e-07,-0.4509495387954423,4.011434805936781e-06
3,relu2_2,7.359814475265756e-07,-0.45112588171459583,3.9725406679094854e-06
3,relu2_2,7.496781874966877e-07,-0.45112588171459583,3.9725406679094854e-06
3,relu2_2,7.636298261282241e-07,-0.4511816711287174,3.960309996944518e-06
3,relu2_2,7.778411071286482e-07,-0.451234400434075,3.948782835383081e-06
3,relu2_2,7.923168624866261e-07,-0.4518176885512752,3.823362909391064e-06
3,relu2_2,8.070620141149491e-07,-0.4518176885512752,3.823362909391064e-06
3,relu2_2,8.220815755240541e-07,-0.4518176885512752,3.823362909391064e-06
3,relu2_2,8.373806535266489e-07,-0.4515328269126425,3.884137677601826e-06
3,relu2_2,8.529644499741017e-07,-0.4515328269126425,3.884137677601826e-06
3,relu2_2,8.688382635251193e-07,-0.4515328269126425,3.884137677601826e-06
3,relu2_2,8.850074914473439e-07,-0.4515328269126425,3.884137677601826e-06
3,relu2_2,9.014776314524917e-07,-0.4515328269126425,3.884137677601826e-06
3,relu2_2,9.182542835656282e-07,-0.451356483993489,3.922215426766074e-06
3,relu2_2,9.353431520292377e-07,-0.451356483993489,3.922215426766074e-06
3,relu2_2,9.5275004724273e-07,-0.451356483993489,3.922215426766074e-06
3,relu2_2,9.704808877380307e-07,-0.451356483993489,3.922215426766074e-06
3,relu2_2,9.885417021919574e-07,-0.451356483993489,3.922215426766074e-06
3,relu2_2,1.0069386314760271e-06,-0.4508410200759632,4.035547816820754e-06
3,relu2_2,1.0256779307444208e-06,-0.4508410200759632,4.035547816820754e-06
3,relu2_2,1.0447659715608053e-06,-0.4508545849158981,4.032526234506937e-06
3,relu2_2,1.0642092440647247e-06,-0.4508545849158981,4.032526234506937e-06
3,relu2_2,1.084014359178331e-06,-0.4501899077590885,4.183120113360208e-06
3,relu2_2,1.10418805085416e-06,-0.45126153011394476,3.942864344594462e-06
3,relu2_2,1.1247371783647508e-06,-0.45126153011394476,3.942864344594462e-06
3,relu2_2,1.1456687286348725e-06,-0.45126153011394476,3.942864344594462e-06
3,relu2_2,1.1669898186171475e-06,-0.45126153011394476,3.942864344594462e-06
3,relu2_2,1.1887076977119033e-06,-0.45126153011394476,3.942864344594462e-06
3,relu2_2,1.2108297502320394e-06,-0.4514514378730332,3.901668503803885e-06
3,relu2_2,1.2333634979137747e-06,-0.4514514378730332,3.901668503803885e-06
3,relu2_2,1.2563166024741214e-06,-0.4514514378730332,3.901668503803885e-06
3,relu2_2,1.2796968682159416e-06,-0.45113944655453075,3.969563585696865e-06
3,relu2_2,1.303512244681509e-06,-0.45113944655453075,3.969563585696865e-06
3,relu2_2,1.327770829355429e-06,-0.45113944655453075,3.969563585696865e-06
3,relu2_2,1.352480870417874e-06,-0.451234400434075,3.948782835383081e-06
3,relu2_2,1.377650769549055e-06,-0.451234400434075,3.948782835383081e-06
3,relu2_2,1.4032890847858731e-06,-0.4520347259902334,3.7776614050685867e-06
3,relu2_2,1.4294045334317611e-06,-0.4520347259902334,3.7776614050685867e-06
3,relu2_2,1.4560059950206485e-06,-0.4525094953879545,3.6794790738366393e-06
3,relu2_2,1.483102514336103e-06,-0.4531606077048292,3.548737055457433e-06
3,relu2_2,1.5107033044866557e-06,-0.4531606077048292,3.548737055457433e-06
3,relu2_2,1.5388177500383465e-06,-0.4531606077048292,3.548737055457433e-06
3,relu2_2,1.567455410205595e-06,-0.45317417254476405,3.5460604404777976e-06
3,relu2_2,1.596626022101425e-06,-0.45317417254476405,3.5460604404777976e-06
3,relu2_2,1.6263395040481906e-06,-0.45317417254476405,3.5460604404777976e-06
3,relu2_2,1.6566059589499152e-06,-0.45317417254476405,3.5460604404777976e-06
3,relu2_2,1.6874356777273756e-06,-0.45283505154639186,3.61355041269655e-06
3,relu2_2,1.7188391428171457e-06,-0.45283505154639186,3.61355041269655e-06
3,relu2_2,1.7508270317357268e-06,-0.4529842647856756,3.5837069188474183e-06
3,relu2_2,1.7834102207100063e-06,-0.4529842647856756,3.5837069188474183e-06
3,relu2_2,1.8165997883753285e-06,-0.452577319587629,3.665651082377053e-06
3,relu2_2,1.850407019542302e-06,-0.4534725990233316,3.487654455971305e-06
3,relu2_2,1.8848434090337953e-06,-0.4534725990233316,3.487654455971305e-06
3,relu2_2,1.919920665593287e-06,-0.4524281063483452,3.6961376025254907e-06
3,relu2_2,1.955650715865947e-06,-0.45305208898535004,3.5702186820861817e-06
3,relu2_2,1.992045708453871e-06,-0.45305208898535004,3.5702186820861817e-06
3,relu2_2,2.029118018046678e-06,-0.4522517634291916,3.7324754064566657e-06
3,relu2_2,2.066880249629082e-06,-0.4528621812262616,3.6081069467918282e-06
3,relu2_2,2.1053452427667084e-06,-0.45172273467173096,3.8435208232364615e-06
3,relu2_2,2.144526075971665e-06,-0.4518463505395982,3.817297824231491e-06
3,relu2_2,2.1844360711494283e-06,-0.4510716223548563,3.984470061400654e-06
3,relu2_2,2.2250887981283694e-06,-0.4510716223548563,3.984470061400654e-06
3,relu2_2,2.266498079273693e-06,-0.4510716223548563,3.984470061400654e-06
3,relu2_2,2.308677994187172e-06,-0.4523738469886056,3.7072827762472894e-06
3,relu2_2,2.351642884494346e-06,-0.4534725990233316,3.487654455971305e-06
3,relu2_2,2.3954073587208794e-06,-0.4534725990233316,3.487654455971305e-06
3,relu2_2,2.43998629725955e-06,-0.4524145415084103,3.6989209297678577e-06
3,relu2_2,2.4853948574297983e-06,-0.4524145415084103,3.6989209297678577e-06
3,relu2_2,2.531648478631358e-06,-0.45352685838307116,3.4771331591580477e-06
3,relu2_2,2.5787628875937984e-06,-0.45352685838307116,3.4771331591580477e-06
3,relu2_2,2.6267541037238384e-06,-0.45352685838307116,3.4771331591580477e-06
3,relu2_2,2.6756384445520452e-06,-0.45352685838307116,3.4771331591580477e-06
3,relu2_2,2.725432531281028e-06,-0.4541508410200761,3.3582705813040425e-06
3,relu2_2,2.776153294436804e-06,-0.4547069994574065,3.2555686057739918e-06
3,relu2_2,2.827817979625338e-06,-0.4547069994574065,3.2555686057739918e-06
3,relu2_2,2.880444153396298e-06,-0.4553174172544765,3.146260928906987e-06
3,relu2_2,2.934049709215787e-06,-0.4557514921323929,3.070648079411767e-06
3,relu2_2,2.9886528735503824e-06,-0.4557514921323929,3.070648079411767e-06
3,relu2_2,3.0442722120643057e-06,-0.45558871405317425,3.098799679297509e-06
3,relu2_2,3.1009266359319234e-06,-0.4559007053716767,3.0450546172825934e-06
3,relu2_2,3.158635408267819e-06,-0.4555751492132394,3.1011566067951145e-06
3,relu2_2,3.2174181506763714e-06,-0.4555751492132394,3.1011566067951145e-06
3,relu2_2,3.277294849923382e-06,-0.4553988062940858,3.131951012503459e-06
3,relu2_2,3.3382858647317643e-06,-0.45670103092783515,2.911181126466097e-06
3,relu2_2,3.4004119327037024e-06,-0.45670103092783515,2.911181126466097e-06
3,relu2_2,3.4636941773717343e-06,-0.45617200217037446,2.9990360074130834e-06
3,relu2_2,3.5281541153808832e-06,-0.4565382528486165,2.9379512667009605e-06
3,relu2_2,3.5938136638046257e-06,-0.4565382528486165,2.9379512667009605e-06
3,relu2_2,3.660695147596906e-06,-0.4553174172544765,3.146260928906987e-06
3,relu2_2,3.72882130718283e-06,-0.45535811177428115,3.1390982763390426e-06
3,relu2_2,3.7982153061907363e-06,-0.4555480195333696,3.1058755376609863e-06
3,relu2_2,3.868900739327975e-06,-0.45594139989148136,3.0381095994118087e-06
3,relu2_2,3.9409016404034476e-06,-0.45743353228431916,2.7935393308197845e-06
3,relu2_2,4.014242490499326e-06,-0.45632121540965825,2.974006341918961e-06
3,relu2_2,4.088948226294856e-06,-0.45754205100379824,2.7764974116269493e-06
3,relu2_2,4.1650442485451855e-06,-0.45827455236028225,2.6640059210679062e-06
3,relu2_2,4.242556430717777e-06,-0.4575284861638634,2.7786222716786436e-06
3,relu2_2,4.321511127789762e-06,-0.4582881172002171,2.661963905604162e-06
3,relu2_2,4.401935185208879e-06,-0.4582881172002171,2.661963905604162e-06
3,relu2_2,4.483855948021182e-06,-0.45717580032555627,2.834410475988952e-06
3,relu2_2,4.567301270168747e-06,-0.4566332067281607,2.922307250932971e-06
3,relu2_2,4.652299523960189e-06,-0.4566332067281607,2.922307250932971e-06
3,relu2_2,4.738879609717651e-06,-0.45732501356484,2.810679957913125e-06
3,relu2_2,4.827070965603188e-06,-0.4573792729245796,2.8020972724664874e-06
3,relu2_2,4.916903577628021e-06,-0.4563754747693978,2.9649536257539442e-06
3,relu2_2,5.008407989848212e-06,-0.4562533912099838,2.9853589228838227e-06
3,relu2_2,5.101615314749834e-06,-0.4573657080846447,2.8042406214812202e-06
3,relu2_2,5.1965572438276574e-06,-0.4575827455236029,2.7701320312044007e-06
3,relu2_2,5.293266058360567e-06,-0.4567552902875747,2.9023090265633896e-06
3,relu2_2,5.391774640387494e-06,-0.4567552902875747,2.9023090265633896e-06
3,relu2_2,5.492116483887789e-06,-0.4564161692892025,2.958181162557297e-06
3,relu2_2,5.594325706169378e-06,-0.4568909386869236,2.880240297956395e-06
3,relu2_2,5.698437059469136e-06,-0.45477482365708094,3.2432486856016064e-06
3,relu2_2,5.804485942768984e-06,-0.45562940857297896,3.091739034909848e-06
3,relu2_2,5.912508413831869e-06,-0.4563754747693978,2.9649536257539442e-06
3,relu2_2,6.022541201461928e-06,-0.45619913185024424,2.9944704220793085e-06
3,relu2_2,6.134621717992506e-06,-0.4557243624525231,3.075323191417651e-06
3,relu2_2,6.248788072006888e-06,-0.4558735756918069,3.049692949812332e-06
3,relu2_2,6.365079081295578e-06,-0.45611774281063494,3.0081868937679968e-06
3,relu2_2,6.483534286054714e-06,-0.4566467715680956,2.920078820314755e-06
3,relu2_2,6.604193962330305e-06,-0.4572571893651656,2.821443212829589e-06
3,relu2_2,6.727099135712336e-06,-0.45720448048445383,2.8298346200822475e-06
3,relu2_2,6.852291595284057e-06,-0.4573657080846447,2.8042406214812202e-06
3,relu2_2,6.979813907830667e-06,-0.458179598480738,2.678341493549853e-06
3,relu2_2,7.109709432312424e-06,-0.45870862723819866,2.5993894909087467e-06
3,relu2_2,7.242022334607315e-06,-0.4591020075963105,2.54211169162493e-06
3,relu2_2,7.376797602527731e-06,-0.4584644601193707,2.6355518248698037e-06
3,relu2_2,7.514081061116962e-06,-0.458667932718394,2.6053838322820686e-06
3,relu2_2,7.653919388230155e-06,-0.458667932718394,2.6053838322820686e-06
3,relu2_2,7.796360130405221e-06,-0.45915626695605,2.5343054799910714e-06
3,relu2_2,7.94145171902934e-06,-0.4584644601193707,2.6355518248698037e-06
3,relu2_2,8.089243486805938e-06,-0.45929191535539887,2.5148888623347926e-06
3,relu2_2,8.239785684528512e-06,-0.45812533912099845,2.6865659168474275e-06
3,relu2_2,8.393129498166374e-06,-0.45812533912099845,2.6865659168474275e-06
3,relu2_2,8.549327066268366e-06,-0.4581117742810636,2.688625744981624e-06
3,relu2_2,8.708431497690725e-06,-0.4584508952794358,2.6375747062695914e-06
3,relu2_2,8.870496889654403e-06,-0.4573792729245796,2.8020972724664874e-06
3,relu2_2,9.035578346138921e-06,-0.4573792729245796,2.8020972724664874e-06
3,relu2_2,9.20373199661823e-06,-0.45756918068366803,2.7722522924274195e-06
3,relu2_2,9.37501501514529e-06,-0.4581660336408031,2.6803953680075724e-06
3,relu2_2,9.549485639791967e-06,-0.4588985349972871,2.57158767025378e-06
3,relu2_2,9.727203192450538e-06,-0.45850515463917535,2.6294919659011935e-06
3,relu2_2,9.908228099003787e-06,-0.45850515463917535,2.6294919659011935e-06
3,relu2_2,1.0092621909870484e-05,-0.45908844275637556,2.5440667891230146e-06
3,relu2_2,1.0280447320933097e-05,-0.45908844275637556,2.5440667891230146e-06
3,relu2_2,1.0471768194855202e-05,-0.4597938144329898,2.444261878749941e-06
3,relu2_2,1.0666649582795388e-05,-0.46045849158979935,2.353608470136857e-06
3,relu2_2,1.0865157746525373e-05,-0.4614894194248509,2.2192602725976795e-06
3,relu2_2,1.1067360180959745e-05,-0.4612588171459578,2.2486673692530967e-06
3,relu2_2,1.1273325637104872e-05,-0.4613266413456322,2.239980232431284e-06
3,relu2_2,1.148312414543511e-05,-0.4610010851871949,2.281969606186976e-06
3,relu2_2,1.1696827039703846e-05,-0.4604720564297342,2.3517918966352657e-06
3,relu2_2,1.1914506981197747e-05,-0.46016006511123175,2.3939099803988948e-06
3,relu2_2,1.2136237983442418e-05,-0.4601736299511667,2.3920640415756354e-06
3,relu2_2,1.2362095437367691e-05,-0.46068909386869245,2.3229062138588916e-06
3,relu2_2,1.259215613694151e-05,-0.4602143244709713,2.3865342877635417e-06
3,relu2_2,1.28264983052806e-05,-0.460499186109604,2.3481627216890287e-06
3,relu2_2,1.3065201621247199e-05,-0.46177428106348356,2.1834353409630155e-06
3,relu2_2,1.330834724654076e-05,-0.4610824742268042,2.271403108824558e-06
3,relu2_2,1.355601785329369e-05,-0.460743353228432,2.3157373330781743e-06
3,relu2_2,1.3808297652180924e-05,-0.4606483993488878,2.328296625277304e-06
3,relu2_2,1.4065272421052364e-05,-0.4597938144329898,2.444261878749941e-06
3,relu2_2,1.4327029534098295e-05,-0.45961747151383625,2.468860545612742e-06
3,relu2_2,1.4593657991557576e-05,-0.4612588171459578,2.2486673692530967e-06
3,relu2_2,1.4865248449978572e-05,-0.4621540965816604,2.136518038914015e-06
3,relu2_2,1.514189325304352e-05,-0.4607569180683669,2.3139483809189597e-06
3,relu2_2,1.5423686462966275e-05,-0.46045849158979935,2.353608470136857e-06
3,relu2_2,1.5710723892474488e-05,-0.4602414541508411,2.382854494928259e-06
3,relu2_2,1.6003103137387017e-05,-0.4610960390667391,2.269646525551543e-06
3,relu2_2,1.630092360979741e-05,-0.4600651112316876,2.4068692722912655e-06
3,relu2_2,1.6604286571875295e-05,-0.459400434074878,2.4994567990138986e-06
3,relu2_2,1.691329517029647e-05,-0.45960390667390133,2.4707624022123447e-06
3,relu2_2,1.7228054471313922e-05,-0.46053988062940865,2.3427288758379725e-06
3,relu2_2,1.754867149648152e-05,-0.46043136190992956,2.3572455937274355e-06
3,relu2_2,1.7875255259042355e-05,-0.46045849158979935,2.353608470136857e-06
3,relu2_2,1.8207916800994626e-05,-0.46177428106348356,2.1834353409630155e-06
3,relu2_2,1.8546769230846977e-05,-0.4617471513836138,2.186823555297593e-06
3,relu2_2,1.8891927762076646e-05,-0.4617471513836138,2.186823555297593e-06
3,relu2_2,1.924350975230332e-05,-0.4625610417797071,2.0873072481193083e-06
3,relu2_2,1.9601634743191856e-05,-0.4623033098209442,2.1183481657120907e-06
3,relu2_2,1.9966424501097934e-05,-0.4630358111774282,2.031248433127547e-06
3,relu2_2,2.03380030584698e-05,-0.4634020618556702,1.988978351210712e-06
3,relu2_2,2.071649675602067e-05,-0.46502984264785685,1.8109684067943418e-06
3,relu2_2,2.1102034285685967e-05,-0.4648670645686382,1.8280674860333525e-06
3,relu2_2,2.1494746734379807e-05,-0.46540965816603375,1.7716566294688508e-06
3,relu2_2,2.189476762856621e-05,-0.4665626695604993,1.6572002925119065e-06
3,relu2_2,2.2302232979659363e-05,-0.46649484536082486,1.6637347168738417e-06
3,relu2_2,2.2717281330269027e-05,-0.46517905588714065,1.7954271620087872e-06
3,relu2_2,2.314005380130654e-05,-0.46450081389039616,1.8671000477424194e-06
3,relu2_2,2.3570694139967276e-05,-0.46417525773195883,1.9024557322626598e-06
3,relu2_2,2.4009348768606518e-05,-0.4632935431361911,2.0014153594935237e-06
3,relu2_2,2.445616683452444e-05,-0.4628594682582746,2.051902116260397e-06
3,relu2_2,2.491130026067791e-05,-0.46319858925664686,2.0123579914589256e-06
3,relu2_2,2.5374903797335716e-05,-0.46345632121540975,1.982787269501176e-06
3,relu2_2,2.584713507469564e-05,-0.46345632121540975,1.982787269501176e-06
3,relu2_2,2.63281546564802e-05,-0.46235756918068377,2.111777211816611e-06
3,relu2_2,2.6818126094530128e-05,-0.46393109061313087,1.929386740686377e-06
3,relu2_2,2.731721598441379e-05,-0.46488062940857305,1.8266367545050533e-06
3,relu2_2,2.782559402207126e-05,-0.465626695604992,1.7495563941674548e-06
3,relu2_2,2.8343433061513092e-05,-0.4642566467715682,1.8935579612110931e-06
3,relu2_2,2.8870909173592348e-05,-0.46403960933260996,1.9173732231319334e-06
3,relu2_2,2.9408201705870607e-05,-0.4632935431361911,2.0014153594935237e-06
3,relu2_2,2.9955493343598162e-05,-0.4631714595767771,2.0154948267567868e-06
3,relu2_2,3.051297017182871e-05,-0.46319858925664686,2.0123579914589256e-06
3,relu2_2,3.1080821738690636e-05,-0.46482637004883354,1.8323660389430448e-06
3,relu2_2,3.165924111983521e-05,-0.4653960933260988,1.7730466202153765e-06
3,relu2_2,3.224842498408439e-05,-0.4642566467715682,1.8935579612110931e-06
3,relu2_2,3.284857366030047e-05,-0.46513836136733594,1.7996531334936053e-06
3,relu2_2,3.345989120549975e-05,-0.46456863809007065,1.8598128728446025e-06
3,relu2_2,3.408258547423452e-05,-0.4626288659793815,2.0792103034038663e-06
3,relu2_2,3.4716868189265594e-05,-0.4633749321758004,1.992080738196195e-06
3,relu2_2,3.536295501355039e-05,-0.4645822029300055,1.8583586674628954e-06
3,relu2_2,3.602106562357074e-05,-0.46295442213781884,2.0407563714724642e-06
3,relu2_2,3.669142378402494e-05,-0.461109603906674,2.267891225536047e-06
3,relu2_2,3.7374257423910643e-05,-0.4602414541508411,2.382854494928259e-06
3,relu2_2,3.806979871402284e-05,-0.45984807379272935,2.4367397452413607e-06
3,relu2_2,3.877828414589453e-05,-0.45870862723819866,2.5993894909087467e-06
3,relu2_2,3.949995461220647e-05,-0.45789473684210535,2.7217864529494773e-06
3,relu2_2,4.023505548869293e-05,-0.4575013564839936,2.782876597878734e-06
3,relu2_2,4.098383671757261e-05,-0.45740640260444937,2.7978152128512447e-06
3,relu2_2,4.174655289253135e-05,-0.45743353228431916,2.7935393308197845e-06
3,relu2_2,4.252346334528678e-05,-0.4568638090070538,2.8846413327831e-06
3,relu2_2,4.331483223376403e-05,-0.4561313076505698,3.0058967049510086e-06
3,relu2_2,4.41209286319119e-05,-0.4558057514921325,3.06131796868533e-06
3,relu2_2,4.494202662119142e-05,-0.45562940857297896,3.091739034909848e-06
3,relu2_2,4.577840538376616e-05,-0.4532555615843734,3.5300406962523314e-06
3,relu2_2,4.6630349297427265e-05,-0.45208898534997294,3.766316790421015e-06
3,relu2_2,4.7498148032285043e-05,-0.4507731958762887,4.0506877740907426e-06
3,relu2_2,4.838209664925957e-05,-0.448304395008139,4.639685837617597e-06
3,relu2_2,4.9282495700405135e-05,-0.44819587628865987,4.66734261389482e-06
3,relu2_2,5.0199651331100794e-05,-0.4476532826912643,4.8079723269103675e-06
3,relu2_2,5.113387538414321e-05,-0.4462425393380359,5.192525883889222e-06
3,relu2_2,5.2085485505776655e-05,-0.445008138903961,5.552600195636635e-06
3,relu2_2,5.305480525369574e-05,-0.44461475854584925,5.672204154412508e-06
3,relu2_2,5.404216420705915e-05,-0.44475040694519813,5.6306900065949065e-06
3,relu2_2,5.5047898078549675e-05,-0.4403282691264244,7.1426998981299345e-06
3,relu2_2,5.607234882852027e-05,-0.4387683125339122,7.761754194226659e-06
3,relu2_2,5.711586478126435e-05,-0.4382799782962562,7.965690833400257e-06
3,relu2_2,5.8178800743449355e-05,-0.43768312533912107,8.221791090530223e-06
3,relu2_2,5.926151812475552e-05,-0.4362995116657624,8.845566735770373e-06
3,relu2_2,6.0364385060758635e-05,-0.4349294628323387,9.506857065247747e-06
3,relu2_2,6.148777653810017e-05,-0.43483450895279446,9.554369518122957e-06
3,relu2_2,6.263207452198692e-05,-0.4334644601193707,1.026522932617924e-05
3,relu2_2,6.379766808606283e-05,-0.4321893651654911,1.0971200806417986e-05
3,relu2_2,6.498495354469889e-05,-0.43316603364080314,1.0426523759119142e-05
3,relu2_2,6.619433458774387e-05,-0.43288117200217047,1.0582705085371537e-05
3,relu2_2,6.742622241778336e-05,-0.4326234400434076,1.072590318980047e-05
3,relu2_2,6.868103588995308e-05,-0.4317417254476398,1.1229676095502166e-05
3,relu2_2,6.995920165435375e-05,-0.4294763971785134,1.2627764146296908e-05
3,relu2_2,7.126115430111745e-05,-0.4316196418882258,1.1301155604545766e-05
3,relu2_2,7.258733650817246e-05,-0.43011394465545316,1.2218602819251643e-05
3,relu2_2,7.393819919175873e-05,-0.4283640803038525,1.3372573288168961e-05
3,relu2_2,7.531420165974376e-05,-0.42839120998372227,1.3353926796123327e-05
3,relu2_2,7.671581176779303e-05,-0.4264514378730332,1.4750501926131516e-05
3,relu2_2,7.814350607844543e-05,-0.4249050461204559,1.596080147373991e-05
3,relu2_2,7.959777002314978e-05,-0.42227346717308745,1.8236942328074034e-05
3,relu2_2,8.107909806731695e-05,-0.42067281606077056,1.9766626498342787e-05
3,relu2_2,8.258799387844272e-05,-0.4196554530656539,2.08005049934301e-05
3,relu2_2,8.412497049736118e-05,-0.41813619099294635,2.24391075394003e-05
3,relu2_2,8.569055051268347e-05,-0.4176207270754206,2.3021988615978288e-05
3,relu2_2,8.728526623848371e-05,-0.4176207270754206,2.3021988615978288e-05
3,relu2_2,8.890965989529168e-05,-0.41475854584915905,2.6524893338957942e-05
3,relu2_2,9.056428379445294e-05,-0.4139582202930006,2.759012185198311e-05
3,relu2_2,9.224970052592174e-05,-0.41466359196961483,2.664923391529475e-05
3,relu2_2,9.39664831495469e-05,-0.4141074335322844,2.7388533733887978e-05
3,relu2_2,9.571521538991856e-05,-0.412086272381986,3.023993578878946e-05
3,relu2_2,9.749649183484096e-05,-0.41211340206185576,3.0199889073261233e-05
3,relu2_2,9.9310918137498e-05,-0.4106348345089529,3.24562845227603e-05
3,relu2_2,0.00010115911122238297,-0.4085322843190451,3.593735839752357e-05
3,relu2_2,0.00010304169949505875,-0.4060906131307651,4.041663771308047e-05
3,relu2_2,0.00010495932305582266,-0.40564297341291383,4.1292371765541295e-05
3,relu2_2,0.00010691263391734771,-0.4044085729788389,4.3799912660509265e-05
3,relu2_2,0.00010890229622637306,-0.4018176885512752,4.9532009159781765e-05
3,relu2_2,0.00011092898648952228,-0.39981009224091163,5.444668842028027e-05
3,relu2_2,0.00011299339380332217,-0.3943841562669561,7.009787014873486e-05
3,relu2_2,0.00011509622008850311,-0.3926342919153555,7.597835291329894e-05
3,relu2_2,0.00011723818032865997,-0.3899348887683126,8.595599428862504e-05
3,relu2_2,0.00011942000281335325,-0.3875203472599024,9.589951811815512e-05
3,relu2_2,0.0001216424293857368,-0.38624525230602286,0.0001015719434904514
3,relu2_2,0.00012390621569479155,-0.38368149755832887,0.00011393198757533114
3,relu2_2,0.0001262121314522546,-0.38324742268041245,0.00011615796438551535
3,relu2_2,0.00012856096069432965,-0.38332881172002176,0.00011573754438440301
3,relu2_2,0.00013095350204826676,-0.38023602821486713,0.0001327470895137919
3,relu2_2,0.00013339056900390586,-0.3767769940314705,0.00015450008358475656
3,relu2_2,0.0001358729901902709,-0.37550189907759096,0.00016331937574468958
3,relu2_2,0.00013840160965731301,-0.3739962018448183,0.0001743328682236921
3,relu2_2,0.00014097728716289676,-0.3702658708627239,0.000204645952823813
3,relu2_2,0.00014360089846512608,-0.3676207270754206,0.0002290157961999663
3,relu2_2,0.000146273335620113,-0.3648263700488335,0.0002576501186827329
3,relu2_2,0.00014899550728528536,-0.3655181768855128,0.00025026870508134964
3,relu2_2,0.00015176833902834038,-0.3635377102550191,0.0002719378538365911
3,relu2_2,0.00015459277364194784,-0.36291372761801416,0.00027911550028837667
3,relu2_2,0.00015746977146430867,-0.358179598480738,0.00033953101337773036
3,relu2_2,0.000160400310705682,-0.35522246337493224,0.0003831509232785436
3,relu2_2,0.00016338538778098603,-0.35412371134020626,0.00040063058518139706
3,relu2_2,0.0001664260176485902,-0.3521432447097125,0.0004340000427053558
3,relu2_2,0.00016952323415541214,-0.34945740640260453,0.000483338183581986
3,relu2_2,0.0001726780903884356,-0.3485214324470972,0.0005017067372111804
3,relu2_2,0.00017589165903277327,-0.3488605534454694,0.0004949787516671783
3,relu2_2,0.00017916503273638994,-0.34894194248507876,0.0004933763996484649
3,relu2_2,0.00018249932448161505,-0.34782962561041786,0.0005156926496808758
3,relu2_2,0.00018589566796356884,-0.34643244709712434,0.0005450348408424696
3,relu2_2,0.00018935521797562954,-0.34481823114487253,0.0005808358141733423
3,relu2_2,0.00019287915080207777,-0.3395686380900706,0.0007126782109656362
3,relu2_2,0.00019646866461804445,-0.33821215409658173,0.000750929956017809
3,relu2_2,0.00020012497989690348,-0.33927021161150306,0.0007209374140216834
3,relu2_2,0.00020384933982524643,-0.3339256646771569,0.0008844655511663414
3,relu2_2,0.00020764301072557747,-0.32830982094411293,0.001092148616812982
3,relu2_2,0.00021150728248687948,-0.3263157894736843,0.00117596522549814
3,relu2_2,0.00021544346900318823,-0.32470157352143253,0.0012480541882214395
3,relu2_2,0.00021945290862033113,-0.3218936516549105,0.0013830792018669404
3,relu2_2,0.00022353696459097966,-0.3184346174715139,0.00156757303072455
3,relu2_2,0.000227697025538168,-0.31751220835594146,0.0016203996517074558
3,relu2_2,0.00023193450592744275,-0.3140938686923495,0.001830521486807019
3,relu2_2,0.0002362508465477945,-0.31086543678784595,0.0020512725638141705
3,relu2_2,0.00024064751500154217,-0.3120455778621813,0.0019679348884625992
3,relu2_2,0.000245126006203334,-0.30565653825284866,0.0024584679766527966
3,relu2_2,0.00024968784288843267,-0.30242810634834516,0.0027460253469343884
3,relu2_2,0.00025433457613046484,-0.29857569180683674,0.003128483417339533
3,relu2_2,0.0002590677858688006,-0.2944926749864352,0.003585365710139961
3,relu2_2,0.0002638890814457513,-0.29146771568095503,0.003961438095797112
3,relu2_2,0.00026880010215376074,-0.2850786760716224,0.004873646791521352
3,relu2_2,0.00027380251779278577,-0.281958762886598,0.0053836078391892766
3,relu2_2,0.000278898029238044,-0.27946283233857844,0.0058251467964552765
3,relu2_2,0.0002840883690183301,-0.2779435702658709,0.00610937155567177
3,relu2_2,0.00028937530190509535,-0.27206999457406406,0.007327191126155949
3,relu2_2,0.00029476062551248586,-0.267688551275095,0.008370475066690931
3,relu2_2,0.00030024617090855494,-0.2635784047748237,0.009465794133699032
3,relu2_2,0.00030583380323784314,-0.2606755290287575,0.010313329571980027
3,relu2_2,0.0003115254223555485,-0.2573521432447098,0.011364577716421706
3,relu2_2,0.00031732296347349796,-0.25672816060770487,0.011572065204332745
3,relu2_2,0.0003232283978181381,-0.2532419967444385,0.012793226623331403
3,relu2_2,0.0003292437333007769,-0.24941671188279982,0.014260856934070814
3,relu2_2,0.0003353710152002929,-0.24757189365165497,0.015019432807415651
3,relu2_2,0.0003416123268585525,-0.24336679327183944,0.01688036962138621
3,relu2_2,0.0003479697903887695,-0.23986706456863813,0.01857779331295022
3,relu2_2,0.0003544455673970436,-0.23680141074335329,0.020183446967384125
3,relu2_2,0.0003610418597173337,-0.2337628865979382,0.021891027968547836
3,relu2_2,0.00036776091016010306,-0.22995116657623443,0.024206736981510137
3,relu2_2,0.00037460500327489893,-0.22029300054259365,0.031027728601756455
3,relu2_2,0.00038157646612712524,-0.21772924579489966,0.03308969627290748
3,relu2_2,0.00038867766908926677,-0.21310363537710258,0.03710208042173745
3,relu2_2,0.00039591102664684585,-0.20834237655995663,0.041649985631059004
3,relu2_2,0.0004032789982193705,-0.2019669017905589,0.04845829823660718
3,relu2_2,0.00041078408899656427,-0.19818231144872495,0.05291785598043878
3,relu2_2,0.00041842885079015847,-0.19548290830168208,0.056300575583888575
3,relu2_2,0.0004262158829015325,-0.1926614215952252,0.06002356076875335
3,relu2_2,0.00043414783300550926,-0.18571622354856215,0.0700483116041506
3,relu2_2,0.00044222739805058973,-0.18174172544763975,0.07636771289884674
3,relu2_2,0.0004504573251759454,-0.1778214867064569,0.08304109944673693
3,relu2_2,0.00045884041264547613,-0.17620727075420514,0.08592064461763449
3,relu2_2,0.00046737951079924635,-0.1676749864351601,0.1024826976797597
3,relu2_2,0.0004760775230226368,-0.16250678241996747,0.11366966822945158
3,relu2_2,0.00048493740673352334,-0.1587493217580033,0.12238055637313089
3,relu2_2,0.0004939621743878316,-0.15758274552360285,0.12518689125996899
3,relu2_2,0.0005031548945038057,-0.15352685838307112,0.13532885802442943
3,relu2_2,0.0005125186927053333,-0.14610689093868695,0.15548206770584153
3,relu2_2,0.0005220567527846976,-0.140735214324471,0.17141468705013319
3,relu2_2,0.0005317723177850966,-0.13388497015735218,0.19343680902540736
3,relu2_2,0.0005416686911033147,-0.12958491589799243,0.20826559520731114
3,relu2_2,0.0005517492376129129,-0.1274552360282149,0.2159027982075303
3,relu2_2,0.0005620173848083188,-0.1259902333152469,0.2212703078152736
3,relu2_2,0.0005724766239702179,-0.1239283776451438,0.22898295055179832
3,relu2_2,0.0005831305113526219,-0.12193434617471516,0.23661912825586043
3,relu2_2,0.000593982669392035,-0.11771568095496475,0.253353752107507
3,relu2_2,0.0006050367879391225,-0.11431090613130768,0.26743809236128546
3,relu2_2,0.0006162966255132943,-0.11177428106348347,0.27826928502457526
3,relu2_2,0.00062776601058065,-0.10979381443298972,0.28692720826560125
3,relu2_2,0.0006394488428556937,-0.10983450895279438,0.28674752472819837
3,relu2_2,0.0006513490946272796,-0.10610417797069997,0.3035295313897088
3,relu2_2,0.0006634708121092351,-0.10246880086814977,0.32049003947644455
3,relu2_2,0.000675818116816111,-0.0996608790016278,0.3339992850160831
3,relu2_2,0.0006883952069645496,-0.09928106348345092,0.3358539690464447
3,relu2_2,0.0007012063589007177,-0.09792457948996204,0.3425309615336443
3,relu2_2,0.0007142559285543119,-0.0970021703743896,0.34711867618631637
3,relu2_2,0.0007275483529196233,-0.0976125881714596,0.3440784009335175
3,relu2_2,0.0007410881515641569,-0.0966359196961476,0.3489508896243402
3,relu2_2,0.0007548799281653432,-0.09587628865979383,0.3527702618943815
3,relu2_2,0.0007689283720758305,-0.09694791101465004,0.3473897344536308
3,relu2_2,0.0007832382599179204,-0.0988062940857298,0.338181478007035
3,relu2_2,0.0007978144572076629,-0.09926749864351603,0.33592032817303885
3,relu2_2,0.0008126619200091946,-0.10008138903960935,0.3319534810943739
3,relu2_2,0.0008277856966198472,-0.1012344004340749,0.3263849934799312
3,relu2_2,0.0008431909292866251,-0.10080032555615846,0.32847431509274705
3,relu2_2,0.0008588828559546258,-0.10217037438958222,0.321908877768687
3,relu2_2,0.0008748668120479914,-0.09989148128052092,0.3328764038811396
3,relu2_2,0.0008911482322840202,-0.09862995116657626,0.3390485708678717
3,relu2_2,0.0009077326525210223,-0.09865708084644603,0.33891508069009973
3,relu2_2,0.0009246257116405734,-0.09617471513836139,0.3512667015820698
3,relu2_2,0.0009418331534647961,-0.0954422137818774,0.35496439839251337
3,relu2_2,0.0009593608287093146,-0.0947097124253934,0.3586861748887067
3,relu2_2,0.0009772146969725724,-0.09517091698317962,0.35634002819869054
3,relu2_2,0.0009954008287621518,-0.09477753662506784,0.35834055524361696
3,relu2_2,0.0010139254075588143,-0.09304123711340208,0.3672532636713817
3,relu2_2,0.0010327947319189526,-0.09629679869777538,0.35065276204851337
3,relu2_2,0.0010520152176161591,-0.09500813890396095,0.35716699090592874
3,relu2_2,0.001071593399822671,-0.09807379272924581,0.3417924319183861
3,relu2_2,0.0010915359353313911,-0.09801953336950626,0.3420608720712901
3,relu2_2,0.0011118496048192698,-0.09907759088442758,0.33685022771236023
3,relu2_2,0.0011325413151528126,-0.09960661964188824,0.33426384122917085
3,relu2_2,0.0011536181017364785,-0.10103092783505156,0.32736330270816133
3,relu2_2,0.0011750871309048076,-0.09985078676071624,0.33307438491834634
3,relu2_2,0.0011969557023590429,-0.09891481280520892,0.33764857948683297
3,relu2_2,0.0012192312516491094,-0.10189907759088444,0.32320222587875197
3,relu2_2,0.0012419213527017847,-0.10374389582202932,0.31447311207749123
3,relu2_2,0.0012650337203959038,-0.10450352685838309,0.31092352788817673
3,relu2_2,0.0012885762131855181,-0.10443570265870865,0.3112393933761611
3,relu2_2,0.0013125568357718427,-0.10294357026587088,0.3182410989644158
3,relu2_2,0.0013369837418249451,-0.1024552360282149,0.32055444474037953
3,relu2_2,0.0013618652367560827,-0.10189907759088444,0.32320222587875197
3,relu2_2,0.001387209780541621,-0.102685838307108,0.3194606871927686
3,relu2_2,0.0014130259905995337,-0.10218393922951712,0.3218442977370185
3,relu2_2,0.0014393226447194064,-0.10221106890938689,0.32171516263894695
3,relu2_2,0.001466108684046983,-0.10218393922951712,0.3218442977370185
3,relu2_2,0.0014933932161242535,-0.10061041779707001,0.3293910707444689
3,relu2_2,0.001521185517986105,-0.09674443841562672,0.3484073825512604
3,relu2_2,0.0015494950393146315,-0.09632392837764517,0.3505164220065315
3,relu2_2,0.0015783314056521166,-0.09622897449810094,0.35099375687557444
3,relu2_2,0.0016077044216738221,-0.09622897449810094,0.35099375687557444
3,relu2_2,0.001637624074521689,-0.09621540965816605,0.35106198064901634
3,relu2_2,0.0016681005372000592,-0.09667661421595226,0.3487470124082476
3,relu2_2,0.001699144172034626,-0.09678513293543138,0.3482037039466438
3,relu2_2,0.001730765534195724,-0.09599837221920783,0.35215468546917256
3,relu2_2,0.0017629753752872038,-0.09800596852957137,0.34212800283717887
3,relu2_2,0.0017957846470020968,-0.09610689093868695,0.3516080685017467
3,relu2_2,0.0018292045048462937,-0.0955507325013565,0.35441507125797544
3,relu2_2,0.0018632463119315598,-0.09451980466630495,0.3596550065876717
3,relu2_2,0.0018979216428390996,-0.12125610417797072,0.239256385802736
3,relu2_2,0.0019332422875550433,-0.12784861638632666,0.2144773681634179
3,relu2_2,0.0019692202554791737,-0.12847259902333155,0.21223005762991126
3,relu2_2,0.002005867779508234,-0.13091427021161153,0.20359722407990452
3,relu2_2,0.0020431973201952705,-0.1348209441128595,0.19031281392331373
3,relu2_2,0.002081221569986337,-0.13171459576776998,0.20082307859677315
3,relu2_2,0.002119953457536069,-0.13159251220835597,0.20124448993725627
3,relu2_2,0.0021594061521035676,-0.13114487249050463,0.20279509426307546
3,relu2_2,0.0021995930680300748,-0.13218936516549107,0.19919028002886685
3,relu2_2,0.0022405278693000182,-0.1314161692892024,0.20185431511220023
3,relu2_2,0.002282224474186896,-0.1329896907216495,0.19645949416422342
3,relu2_2,0.0023246970599856455,-0.13315246880086817,0.19590739812870037
3,relu2_2,0.0023679600678330787,-0.13189093868692353,0.20021549244199208
3,relu2_2,0.002412028207618007,-0.13140260444926752,0.20190127958692203
3,relu2_2,0.00245691646298279,-0.12935431361909933,0.20908312387023056
3,relu2_2,0.0025026400964179166,-0.128174172544764,0.21330276106942822
3,relu2_2,0.0025492146544514203,-0.1258952794357027,0.2216214203395121
3,relu2_2,0.0025966559729348722,-0.12437601736299514,0.22729270184727446
3,relu2_2,0.00264498018242772,-0.12243624525230605,0.23468062255729574
3,relu2_2,0.0026942037136818823,-0.1210526315789474,0.24005152556659032
3,relu2_2,0.0027443433032283623,-0.1205507325013565,0.24202069982455715
3,relu2_2,0.002795415999067859,-0.12049647314161695,0.24223425137489762
3,relu2_2,0.0028474391664672478,-0.11969614758545852,0.24539929172114266
3,relu2_2,0.0029004304938639917,-0.11720021703743898,0.2554527442475439
3,relu2_2,0.00295440799888038,-0.11526044492674989,0.2634579979621125
3,relu2_2,0.003009390034449718,-0.11140803038524148,0.27985707632859835
3,relu2_2,0.00306539529505653,-0.1117335865436788,0.2784454077552459
3,relu2_2,0.0031224428230928578,-0.11067552902875748,0.2830508018675963
3,relu2_2,0.00318055201533292,-0.11079761258817149,0.28251683375638637
3,relu2_2,0.0032397426295281955,-0.10883071079761261,0.291201550907765
3,relu2_2,0.003300034791125282,-0.10860725924933332,0.29219923899131706
3,relu2_2,0.0033614490001087688,-0.10687737384698863,0.2999993819776605
3,relu2_2,0.003424006137971426,-0.10556230034358607,0.3060196820862114
3,relu2_2,0.0034877274748141775,-0.10421937208169774,0.3122482619134495
3,relu2_2,0.0035526346765781393,-0.10356825534866097,0.3152975570890361
3,relu2_2,0.003618749812411277,-0.10293888239140683,0.3182632551653491
3,relu2_2,0.0036860953621721615,-0.10318270455065368,0.3171122026278133
3,relu2_2,0.003754694224073337,-0.10258584147299263,0.319934681541427
3,relu2_2,0.0038245697224669993,-0.10268079696262052,0.3194845728101723
3,relu2_2,0.0038957456157755013,-0.10190793357915845,0.323159954342005
3,relu2_2,0.003968246104569478,-0.10123242433391792,0.3263944856969601
3,relu2_2,0.00404209583979631,-0.10720378241860891,0.29851723019422477
3,relu2_2,0.004117319931161679,-0.11391885642015416,0.2690932132092157
3,relu2_2,0.004193943955667186,-0.11494315459839367,0.264783455915031
3,relu2_2,0.004271993966306777,-0.11567473054980508,0.26173414023754205
3,relu2_2,0.004351496500925045,-0.11909478412000704,0.2477961998527344
3,relu2_2,0.0044324785912404005,-0.12129990085024865,0.2390854744491798
3,relu2_2,0.004514967772036102,-0.12083860711623955,0.24088987600796863
3,relu2_2,0.004598992090522438,-0.12060022932352324,0.24182600615917238
3,relu2_2,0.004684580115873045,-0.12023423634185923,0.24326818936927377
3,relu2_2,0.004771760948938741,-0.1185510974873747,0.24997705506296208
3,relu2_2,0.004860564232142139,-0.11593161498107395,0.26066909559329055
3,relu2_2,0.004951020159556351,-0.1137874975554612,0.26964931650325796
3,relu2_2,0.005043159487171359,-0.11433108816931874,0.26735307639784717
3,relu2_2,0.005137013543351339,-0.1147353711195795,0.26565390279574513
3,relu2_2,0.005232614239486656,-0.11153234499365333,0.2793174626244729
3,relu2_2,0.005329994080844093,-0.11315316074248995,0.27234567427980966
3,relu2_2,0.005429186177618943,-0.11266511450459209,0.27443251570538174
3,relu2_2,0.0055302242561929005,-0.1123924048182204,0.2756032656633623
3,relu2_2,0.005633142670601352,-0.11046432007232039,0.28397617391755675
3,relu2_2,0.005737976414214128,-0.10890395310443879,0.29087502258224457
3,relu2_2,0.0058447611316336376,-0.10714848887702039,0.2987679673365933
3,relu2_2,0.00595353313081437,-0.10937784545867953,0.28876817657394727
3,relu2_2,0.006064329395408062,-0.10830060571594749,0.29357208892765274
3,relu2_2,0.006177187597338488,-0.10777771564002255,0.29592280766458595
3,relu2_2,0.0062921461096103375,-0.10365977180967535,0.314867810564647
3,relu2_2,0.006409244019356457,-0.09985280200740729,0.3330645788746109
3,relu2_2,0.006528521141127847,-0.10228235069294637,0.32137602570294793
3,relu2_2,0.006650018030431118,-0.10935358975563936,0.28887576701512196
3,relu2_2,0.006773775997517745,-0.10629650585391899,0.3026489004035173
3,relu2_2,0.006899837121430011,-0.10816525894314774,0.2941793718034248
3,relu2_2,0.0070282442643083524,-0.10938740227368118,0.2887257929366324
3,relu2_2,0.0071590410859648885,-0.10480199912300113,0.30953598034283164
3,relu2_2,0.007292272058728313,-0.10561364828089258,0.305783147294981
3,relu2_2,0.00742798248256491,-0.13523060616972296,0.18895705068693025
3,relu2_2,0.007566218500481048,-0.12681650295847471,0.2182315484914621
3,relu2_2,0.007707027114212304,-0.1300895013947212,0.2064847034113763
3,relu2_2,0.00785045620020451,-0.13863031616494265,0.17797532077663866
3,relu2_2,0.007996554525892346,-0.15490147070228077,0.1318238728662281
3,relu2_2,0.008145371766280737,-0.1529828326833108,0.1367354150589325
3,relu2_2,0.008296958520834915,-0.1456017523721212,0.15693144762569008
3,relu2_2,0.008451366330684721,-0.14641941084338664,0.15459038305113243
3,relu2_2,0.008608647696149245,-0.14510839253206806,0.1583567363509558
3,relu2_2,0.008768856094587427,-0.14685892758583022,0.15334282515823974
3,relu2_2,0.008932045998580959,-0.193756574078261,0.05855532178631843
3,relu2_2,0.009098272894455568,-0.20727176896441174,0.04273415650980816
3,relu2_2,0.009267593301146883,-0.19872334276098494,0.05226038867959216
3,relu2_2,0.009440064789417604,-0.20854641476983374,0.04144598415832722
3,relu2_2,0.009615746001432095,-0.20462824060311519,0.04551206653675603
3,relu2_2,0.009794696670695385,-0.20725979389151522,0.042746414801906094
3,relu2_2,0.009976977642363211,-0.20778209975388112,0.042214467381900114
3,relu2_2,0.010162650893929951,-0.20684557107248408,0.04317223832310381
3,relu2_2,0.010351779556301762,-0.20707265757866025,0.042938357363955605
3,relu2_2,0.010544427935261684,-0.2046573910579165,0.045480637037759813
3,relu2_2,0.010740661533334323,-0.19492498557330587,0.05702136069157876
3,relu2_2,0.010940547072057435,-0.18635133856907637,0.06907878182348616
3,relu2_2,0.011144152514667882,-0.18640754588874037,0.06899350401070502
3,relu2_2,0.01135154708920999,-0.18602181941024737,0.06958044396671983
3,relu2_2,0.011562801312073753,-0.18516545318525385,0.07089795460277891
3,relu2_2,0.011777987011971181,-0.207779610682653,0.04221698927183218
3,relu2_2,0.011997177354358856,-0.2084072847628065,0.041584998591409
3,relu2_2,0.012220446866314887,-0.2073871928792335,0.04261615260390115
3,relu2_2,0.012447871461879062,-0.17390558186997862,0.09016321252271507
3,relu2_2,0.01267952846786434,-0.16799557485927236,0.10181822357218115
3,relu2_2,0.012915496650148827,-0.14811961540598514,0.14980619509885698
3,relu2_2,0.013155856240457052,-0.14756801251528076,0.15134600810895776
3,relu2_2,0.013400688963639508,-0.14814282354869412,0.14974166774181552
3,relu2_2,0.013650078065460139,-0.13757461694802942,0.1813341869533627
3,relu2_2,0.013904108340900697,-0.13378888520947838,0.1937595962756742
3,relu2_2,0.014162866162991974,-0.13735013590416167,0.18205433663907233
3,relu2_2,0.014426439512181588,-0.13029793785579888,0.2057522290521507
3,relu2_2,0.014694918006248172,-0.13067655961789326,0.20442645549127172
3,relu2_2,0.014968392930772555,-0.18688197648270732,0.06827708305518917
3,relu2_2,0.01524695727017573,-0.17382061096215895,0.09032295299773138
3,relu2_2,0.015530705739334584,-0.18584856370649744,0.06984538775867881
3,relu2_2,0.015819734815786014,-0.1853448445616562,0.07062030918249945
3,relu2_2,0.016114142772530198,-0.1862086674276772,0.06929562527606754
3,relu2_2,0.016414029711444664,-0.1957754718998987,0.05592560347706014
3,relu2_2,0.016719497597319884,-0.1960336148952394,0.05559644933700216
3,relu2_2,0.017030650292528426,-0.13424021361437768,0.19224678038329202
3,relu2_2,0.017347593592339325,-0.13424021361437768,0.19224678038329202
3,relu2_2,0.017670435260889468,-0.18233006181320177,0.07540441233485713
3,relu2_2,0.017999285067824763,-0.16880988412386533,0.10014559840702271
3,relu2_2,0.018334254825622887,-0.16880988412386533,0.10014559840702271
3,relu2_2,0.01867545842761074,-0.23263827125549275,0.022553664082424367
3,relu2_2,0.019023011886689457,-0.23263827125549275,0.022553664082424367
3,relu2_2,0.01937703337477989,-0.23263827125549275,0.022553664082424367
3,relu2_2,0.019737643263002553,-0.12437418291651992,0.22729961065081783
3,relu2_2,0.02010496416260497,-0.12437418291651992,0.22729961065081783
3,relu2_2,0.020479120966650832,-0.12437418291651992,0.22729961065081783
3,relu2_2,0.02086024089248505,-0.12437418291651992,0.22729961065081783
3,relu2_2,0.021248453524988827,-0.12437418291651992,0.22729961065081783
3,relu2_2,0.021643890860640204,-0.12437418291651992,0.22729961065081783
3,relu2_2,0.022046687352394075,-0.12437418291651992,0.22729961065081783
3,relu2_2,0.022456979955397718,-0.12437418291651992,0.22729961065081783
3,relu2_2,0.02287490817355704,-0.12437418291651992,0.22729961065081783
3,relu2_2,0.023300614106969247,-0.12437418291651992,0.22729961065081783
3,relu2_2,0.023734242500238662,-0.12437418291651992,0.22729961065081783
3,relu2_2,0.024175940791691282,-0.12437418291651992,0.22729961065081783
3,relu2_2,0.024625859163505442,-0.12437418291651992,0.22729961065081783
3,relu2_2,0.02508415059277541,-0.12437418291651992,0.22729961065081783
3,relu2_2,0.02555097090352507,-0.12437418291651992,0.22729961065081783
3,relu2_2,0.026026478819690044,-0.11966113075576454,0.24553842112219038
3,relu2_2,0.02651083601908536,-0.11966113075576454,0.24553842112219038
3,relu2_2,0.027004207188377698,-0.11966113075576454,0.24553842112219038
3,relu2_2,0.027506760079080674,-0.11966113075576454,0.24553842112219038
3,relu2_2,0.028018665564591955,-0.11966113075576454,0.24553842112219038
3,relu2_2,0.028540097698292376,-0.11966113075576454,0.24553842112219038
3,relu2_2,0.029071233772725753,-0.11966113075576454,0.24553842112219038
3,relu2_2,0.029612254379880375,-0.11966113075576454,0.24553842112219038
3,relu2_2,0.03016334347259197,-0.16341347125189307,0.11164145335396758
3,relu2_2,0.030724688427090033,-0.16341347125189307,0.11164145335396758
3,relu2_2,0.031296480106707505,-0.16341347125189307,0.11164145335396758
3,relu2_2,0.03187891292677643,-0.16341347125189307,0.11164145335396758
3,relu2_2,0.03247218492073132,-0.1314345382263126,0.20179073028270655
3,relu2_2,0.03307649780744242,-0.1314345382263126,0.20179073028270655
3,relu2_2,0.033692057059802674,-0.1314345382263126,0.20179073028270655
3,relu2_2,0.03431907197459043,-0.1314345382263126,0.20179073028270655
3,relu2_2,0.03495775574363272,-0.1314345382263126,0.20179073028270655
3,relu2_2,0.03560832552629282,-0.1314345382263126,0.20179073028270655
3,relu2_2,0.036271002523306485,-0.1314345382263126,0.20179073028270655
3,relu2_2,0.03694601205199302,,
3,relu2_2,0.03763358362286533,,
3,relu2_2,0.03833395101766598,,
3,relu2_2,0.03904735236885564,,
3,relu2_2,0.03977403024058037,,
3,relu2_2,0.04051423171114647,,
3,relu2_2,0.04126820845702952,,
3,relu2_2,0.0420362168384471,,
3,relu2_2,0.042818517986524154,,
3,relu2_2,0.04361537789208006,,
3,relu2_2,0.044427067496068826,,
3,relu2_2,0.04525386278170167,,
3,relu2_2,0.046096044868284294,,
3,relu2_2,0.04695390010680063,,
3,relu2_2,0.04782772017727485,,
3,relu2_2,0.04871780218794631,,
3,relu2_2,0.04962444877628913,,
3,relu2_2,0.050547968211912354,,
3,relu2_2,0.051488674501374974,,
3,relu2_2,0.05244688749495119,,
3,relu2_2,0.053422932995383525,,
3,relu2_2,0.054417142868658876,,
3,relu2_2,0.05542985515684663,,
3,relu2_2,0.05646141419303673,,
3,relu2_2,0.057512170718416133,,
3,relu2_2,0.05858248200152536,,
3,relu2_2,0.0596727119597331,,
3,relu2_2,0.060783231282972236,,
3,relu2_2,0.06191441755977847,,
3,relu2_2,0.06306665540567406,,
3,relu2_2,0.0642403365939419,,
3,relu2_2,0.0654358601888323,,
3,relu2_2,0.06665363268124906,,
3,relu2_2,0.06789406812696112,,
3,relu2_2,0.06915758828738525,,
3,relu2_2,0.07044462277299036,,
3,relu2_2,0.07175560918936921,,
3,relu2_2,0.07309099328602904,,
3,relu2_2,0.07445122910795143,,
3,relu2_2,0.0758367791499719,,
3,relu2_2,0.077248114514034,,
3,relu2_2,0.07868571506936843,,
3,relu2_2,0.08015006961565396,,
3,relu2_2,0.08164167604921473,,
3,relu2_2,0.08316104153230962,,
3,relu2_2,0.08470868266557402,,
3,relu2_2,0.08628512566366887,,
3,relu2_2,0.08789090653419963,,
3,relu2_2,0.08952657125996401,,
3,relu2_2,0.09119267598459298,,
3,relu2_2,0.09288978720164498,,
3,relu2_2,0.09461848194721992,,
3,relu2_2,0.09637934799615795,,
3,relu2_2,0.09817298406188842,,
3,relu2_2,0.1,,
4,relu3_1,1e-09,-0.3599712416671077,0.00031537649333054446
4,relu3_1,1.0186101701559773e-09,-0.35920114236169587,0.00032555798981787006
4,relu3_1,1.0375666787451849e-09,-0.35845505339363026,0.00033570987529656077
4,relu3_1,1.0568759711848051e-09,-0.3605644503851612,0.0003077345289352414
4,relu3_1,1.0765446128423137e-09,-0.3579710588278432,0.0003424504784399168
4,relu3_1,1.0965792912678099e-09,-0.3586394006199788,0.0003331747464878662
4,relu3_1,1.116986818467825e-09,-0.35906983694619005,0.0003273238847503973
4,relu3_1,1.1377741332214901e-09,-0.3583416702507517,0.0003372779183242766
4,relu3_1,1.1589483034398119e-09,-0.36049295638817114,0.0003086464176029744
4,relu3_1,1.180516528568803e-09,-0.35844219268344857,0.0003358873956920917
4,relu3_1,1.2024861420374123e-09,-0.3595489614760206,0.0003209225618257438
4,relu3_1,1.2248646137509333e-09,-0.3583169704576931,0.00033762039952946237
4,relu3_1,1.2476595526308685e-09,-0.35865123426199147,0.00033301261467151615
4,relu3_1,1.2708787092020595e-09,-0.3588823588935224,0.0003298605207734865
4,relu3_1,1.2945299782279134e-09,-0.35841870917235485,0.00033621176888992053
4,relu3_1,1.3186214013947485e-09,-0.36025624069740764,0.00031168346320712364
4,relu3_1,1.3431611700460181e-09,-0.3593060087424904,0.0003241539721198702
4,relu3_1,1.3681576279674706e-09,-0.36038199110737124,0.0003100666838797692
4,relu3_1,1.3936192742241434e-09,-0.35960756520680776,0.0003201475523063374
4,relu3_1,1.4195547660500987e-09,-0.3592868795374684,0.00032440966956988804
4,relu3_1,1.4459729217920195e-09,-0.3583915788484451,0.0003365868737963358
4,relu3_1,1.4728827239075047e-09,-0.3593793981016851,0.0003231747074118052
4,relu3_1,1.5002933220192166e-09,-0.3580296736419743,0.0003416275707061728
4,relu3_1,1.5282140360258708e-09,-0.3608708924651254,0.00030385398200426716
4,relu3_1,1.5566543592710589e-09,-0.35797419935739727,0.0003424063415621256
4,relu3_1,1.5856239617711372e-09,-0.35984115004910905,0.0003170755864395569
4,relu3_1,1.615132693503093e-09,-0.35677054199483454,0.00035971135169621227
4,relu3_1,1.6451905877536607e-09,-0.360325836427681,0.0003107877104014315
4,relu3_1,1.6758078645307687e-09,-0.3598665201975177,0.00031674357320126594
4,relu3_1,1.7069949340384045e-09,-0.35975365756886146,0.00031822304037298774
4,relu3_1,1.7387624002162505e-09,-0.358439761536741,0.00033592096327844466
4,relu3_1,1.7711210643450904e-09,-0.358443408275353,0.0003358706128007255
4,relu3_1,1.8040819287193808e-09,-0.35787924418979267,0.000343743154338368
4,relu3_1,1.8376562003881724e-09,-0.3601562713281857,0.00031297431085861504
4,relu3_1,1.8718552949655752e-09,-0.3595736527619561,0.00032059581965441104
4,relu3_1,1.906690840512252e-09,-0.3593849618475229,0.00032310057923983865
4,relu3_1,1.9421746814890284e-09,-0.3582307199458311,0.0003388188398836036
4,relu3_1,1.9783188827841624e-09,-0.35932635641641636,0.00032388219125753796
4,relu3_1,2.0151357338155587e-09,-0.35912044388062436,0.0003266422423846422
4,relu3_1,2.052637752709248e-09,-0.35751420098399433,0.0003489272152964803
4,relu3_1,2.09083769055575e-09,-0.3588084483299235,0.0003308655179953469
4,relu3_1,2.129748535745523e-09,-0.35912479059962343,0.00032658375591086144
4,relu3_1,2.1693835183851823e-09,-0.3587350572792101,0.00033186623977057644
4,relu3_1,2.2097561147959033e-09,-0.3595174872907017,0.00032133950734787787
4,relu3_1,2.250880052095457e-09,-0.35851001780316616,0.000334952157286016
4,relu3_1,2.2927693128656487e-09,-0.36037154222786655,0.0003102007307812945
4,relu3_1,2.3354381399064818e-09,-0.3601821802264918,0.00031263929210308735
4,relu3_1,2.378901041078891e-09,-0.35952495609180224,0.0003212405213646083
4,relu3_1,2.4231727942376006e-09,-0.3584477595928816,0.0003358105433002578
4,relu3_1,2.4682684522556873e-09,-0.3597715650299131,0.00031798787526670155
4,relu3_1,2.5142033481427964e-09,-0.35891018600949987,0.00032948287100971994
4,relu3_1,2.560993100258462e-09,-0.35767576883063995,0.00034662394286157555
4,relu3_1,2.6086536176225453e-09,-0.35941765551563853,0.000322665303700317
4,relu3_1,2.657201105324507e-09,-0.3604418113501581,0.0003093002867507017
4,relu3_1,2.7066520700332356e-09,-0.35839471509964627,0.0003365434921824039
4,relu3_1,2.7570233256095828e-09,-0.35977468724666745,0.00031794688995041007
4,relu3_1,2.8083319988231753e-09,-0.35898914128024073,0.0003284135123816134
4,relu3_1,2.860595535175739e-09,-0.3589644461052739,0.0003287476362961623
4,relu3_1,2.9138317048327884e-09,-0.3594145296700955,0.0003227068970895819
4,relu3_1,2.9680586086655964e-09,-0.3583990667409262,0.000336483307435424
4,relu3_1,3.0232946844057765e-09,-0.35796256104177976,0.0003425699322429371
4,relu3_1,3.0795587129142296e-09,-0.3593738343222436,0.0003232488516917771
4,relu3_1,3.1368698245668734e-09,-0.3588423608897823,0.0003304040432616
4,relu3_1,3.1952475057592137e-09,-0.3587653199032594,0.0003314532574188464
4,relu3_1,3.2547116055318414e-09,-0.35939174435949467,0.0003230102341011467
4,relu3_1,3.3152823423194234e-09,-0.3603943339273658,0.0003099084086790984
4,relu3_1,3.376980310825095e-09,-0.3590637484059012,0.00032740598161684484
4,relu3_1,3.439826489022921e-09,-0.35920061586858804,0.00032556505294701287
4,relu3_1,3.5038422452906756e-09,-0.3578872404075325,0.0003436303957854287
4,relu3_1,3.5690493456752222e-09,-0.35887870759004536,0.0003299101032243464
4,relu3_1,3.635469961293318e-09,-0.35852914946052555,0.0003346887852632737
4,relu3_1,3.703126675869931e-09,-0.3589496637766859,0.00032894778983639806
4,relu3_1,3.772042493416993e-09,-0.35896201141636425,0.00032878059440269127
4,relu3_1,3.842240846055061e-09,-0.35867593148582366,0.0003326744738638889
4,relu3_1,3.913745601980376e-09,-0.358598190458799,0.00033373993106420804
4,relu3_1,3.9865810735804386e-09,-0.3578496869974264,0.00034416025031626905
4,relu3_1,4.060772025700369e-09,-0.3585223669715552,0.00033478213318165743
4,relu3_1,4.13634368406327e-09,-0.3590649660891815,0.0003273895610611538
4,relu3_1,4.2133217438472886e-09,-0.35888862137595295,0.00032977549609574086
4,relu3_1,4.291732378422149e-09,-0.36025868414795925,0.0003116519738036785
4,relu3_1,4.371602248248502e-09,-0.3587350572792101,0.00033186623977057644
4,relu3_1,4.45295850994266e-09,-0.3582849798575937,0.00033806444904972824
4,relu3_1,4.5358288255101815e-09,-0.3584514064376003,0.0003357602065936007
4,relu3_1,4.620241371751313e-09,-0.3596458208302722,0.0003196425680603959
4,relu3_1,4.706224849841272e-09,-0.35825471225631605,0.00033848507713963157
4,relu3_1,4.793808495089107e-09,-0.35889540386492325,0.0003296834341363131
4,relu3_1,4.883022086877885e-09,-0.3580303852414542,0.0003416175915781936
4,relu3_1,4.9738959587900574e-09,-0.358807231508309,0.00033088208726143946
4,relu3_1,5.066461008921269e-09,-0.3585211511283706,0.000334798869458171
4,relu3_1,5.1607487103859185e-09,-0.3594515679604902,0.00032221437225845624
4,relu3_1,5.256791122018419e-09,-0.35843541017147684,0.0003359810516197972
4,relu3_1,5.354620899273613e-09,-0.35949226289431213,0.0003216740205527575
4,relu3_1,5.454271305329825e-09,-0.3586907127775989,0.00033247224777428985
4,relu3_1,5.555776222398878e-09,-0.3576641345632122,0.00034678932952633245
4,relu3_1,5.659170163246254e-09,-0.35874740572217767,0.00033169766815653167
4,relu3_1,5.7644882829258735e-09,-0.3587764514378731,0.00033130146872337976
4,relu3_1,5.8717663907332614e-09,-0.3594491299841952,0.0003222467704915154
4,relu3_1,5.981040962380932e-09,-0.3594491299841952,0.0003222467704915154
4,relu3_1,6.092349152400712e-09,-0.35899592374620987,0.000328321800855182
4,relu3_1,6.205728806776513e-09,-0.35823385784047757,0.00033877517067194536
4,relu3_1,6.321218475812448e-09,-0.3589065345467415,0.0003295324033569295
4,relu3_1,6.4388574272404256e-09,-0.3581333360483699,0.0003401766830104813
4,relu3_1,6.558685659571422e-09,-0.35909087826977776,0.0003270403129493607
4,relu3_1,6.680743915695615e-09,-0.35839228427495706,0.00033657711566607824
4,relu3_1,6.8050736967352206e-09,-0.3582757673507015,0.00033819242406208657
4,relu3_1,6.9317172761554e-09,-0.35892009943267783,0.0003293484292971508
4,relu3_1,7.06071771413778e-09,-0.3586364530498458,0.0003332151422216923
4,relu3_1,7.192118872221178e-09,-0.3584872387985249,0.0003352659885686866
4,relu3_1,7.32596542821523e-09,-0.35800568371471647,0.00034196415090857507
4,relu3_1,7.462302891391123e-09,-0.3586623665998873,0.00033286015767514294
4,relu3_1,7.601177617955322e-09,-0.35930791718079,0.00032412847247111895
4,relu3_1,7.742636826811278e-09,-0.3580790765046245,0.00034093540568121594
4,relu3_1,7.88672861561414e-09,-0.3583639391092877,0.00033696941801233813
4,relu3_1,8.033501977124735e-09,-0.3582781973686234,0.00033815866327801755
4,relu3_1,8.183006815867407e-09,-0.3597068628169857,0.0003188383166785219
4,relu3_1,8.335293965098187e-09,-0.3586623665998873,0.00033286015767514294
4,relu3_1,8.490415204088756e-09,-0.3587924497671359,0.00033108342889083303
4,relu3_1,8.648423275731709e-09,-0.3596039066739013,0.00032019588436844475
4,relu3_1,8.80937190447399e-09,-0.35918026840167705,0.00032583813099792063
4,relu3_1,8.973315814583538e-09,-0.35854584915897997,0.0003344590481426049
4,relu3_1,9.140310748756223e-09,-0.35823385784047757,0.00033877517067194536
4,relu3_1,9.310413487069086e-09,-0.3587764514378731,0.00033130146872337976
4,relu3_1,9.483681866285909e-09,-0.35850637041161937,0.00033500238999912744
4,relu3_1,9.660174799522645e-09,-0.3587641032444099,0.00033146985156006154
4,relu3_1,9.839952296278247e-09,-0.3583639391092877,0.00033696941801233813
4,relu3_1,1.0023075482838643e-08,-0.35800325556158447,0.0003419982350548144
4,relu3_1,1.0209606623060476e-08,-0.35892009943267783,0.0003293484292971508
4,relu3_1,1.0399609139541204e-08,-0.35850637041161937,0.00033500238999912744
4,relu3_1,1.05931476351837e-08,-0.35867593148582366,0.0003326744738638889
4,relu3_1,1.0790287915161835e-08,-0.3587764514378731,0.00033130146872337976
4,relu3_1,1.099109700929496e-08,-0.35854584915897997,0.0003344590481426049
4,relu3_1,1.1195643194838794e-08,-0.3589065345467415,0.0003295324033569295
4,relu3_1,1.1403996019700331e-08,-0.35854584915897997,0.0003344590481426049
4,relu3_1,1.1616226326085019e-08,-0.3588035811177429,0.0003309317986317273
4,relu3_1,1.183240627458378e-08,-0.3583639391092877,0.00033696941801233813
4,relu3_1,1.2052609368708414e-08,-0.3590773133378395,0.0003272231002534947
4,relu3_1,1.2276910479883604e-08,-0.3586500179817841,0.00033302927548319234
4,relu3_1,1.2505385872903913e-08,-0.3587764514378731,0.00033130146872337976
4,relu3_1,1.2738113231864785e-08,-0.35854584915897997,0.0003344590481426049
4,relu3_1,1.2975171686575868e-08,-0.35892009943267783,0.0003293484292971508
4,relu3_1,1.3216641839466038e-08,-0.3587924497671359,0.00033108342889083303
4,relu3_1,1.346260579298911e-08,-0.3586623665998873,0.00033286015767514294
4,relu3_1,1.3713147177539456e-08,-0.35850637041161937,0.00033500238999912744
4,relu3_1,1.3968351179887397e-08,-0.3587764514378731,0.00033130146872337976
4,relu3_1,1.422830457214352e-08,-0.3587924497671359,0.00033108342889083303
4,relu3_1,1.4493095741262151e-08,-0.35867593148582366,0.0003326744738638889
4,relu3_1,1.4762814719093911e-08,-0.3586623665998873,0.00033286015767514294
4,relu3_1,1.5037553212997385e-08,-0.3587764514378731,0.00033130146872337976
4,relu3_1,1.5317404637020797e-08,-0.3587764514378731,0.00033130146872337976
4,relu3_1,1.560246414366368e-08,-0.3589065345467415,0.0003295324033569295
4,relu3_1,1.5892828656229763e-08,-0.3587764514378731,0.00033130146872337976
4,relu3_1,1.618859690178199e-08,-0.3588035811177429,0.0003309317986317273
4,relu3_1,1.648986944471065e-08,-0.3587764514378731,0.00033130146872337976
4,relu3_1,1.679674872092653e-08,-0.3587764514378731,0.00033130146872337976
4,relu3_1,1.7109339072690134e-08,-0.3586623665998873,0.00033286015767514294
4,relu3_1,1.7427746784089175e-08,-0.3587764514378731,0.00033130146872337976
4,relu3_1,1.775208011717636e-08,-0.3586623665998873,0.00033286015767514294
4,relu3_1,1.8082449348779518e-08,-0.3587764514378731,0.00033130146872337976
4,relu3_1,1.841896680799711e-08,-0.3589065345467415,0.0003295324033569295
4,relu3_1,1.8761746914391196e-08,-0.35854584915897997,0.0003344590481426049
4,relu3_1,1.911090621689136e-08,-0.3587764514378731,0.00033130146872337976
4,relu3_1,1.946656343342263e-08,-0.3589065345467415,0.0003295324033569295
4,relu3_1,1.9828839491270715e-08,-0.3587924497671359,0.00033108342889083303
4,relu3_1,2.0197857568198784e-08,-0.35854584915897997,0.0003344590481426049
4,relu3_1,2.0573743134329116e-08,-0.3587924497671359,0.00033108342889083303
4,relu3_1,2.095662399480431e-08,-0.35854584915897997,0.0003344590481426049
4,relu3_1,2.1346630333242455e-08,-0.3587764514378731,0.00033130146872337976
4,relu3_1,2.17438947560008e-08,-0.35854584915897997,0.0003344590481426049
4,relu3_1,2.2148552337263593e-08,-0.3587764514378731,0.00033130146872337976
4,relu3_1,2.256074066496859e-08,-0.3587764514378731,0.00033130146872337976
4,relu3_1,2.2980599887588488e-08,-0.35854584915897997,0.0003344590481426049
4,relu3_1,2.3408272761782943e-08,-0.3587764514378731,0.00033130146872337976
4,relu3_1,2.3843904700937205e-08,-0.3587764514378731,0.00033130146872337976
4,relu3_1,2.4287643824604505e-08,-0.35892009943267783,0.0003293484292971508
4,relu3_1,2.4739641008868117e-08,-0.35854584915897997,0.0003344590481426049
4,relu3_1,2.5200049937640895e-08,-0.35854584915897997,0.0003344590481426049
4,relu3_1,2.566902715491952e-08,-0.3587764514378731,0.00033130146872337976
4,relu3_1,2.614673211801092e-08,-0.35854584915897997,0.0003344590481426049
4,relu3_1,2.6633327251749808e-08,-0.3586623665998873,0.00033286015767514294
4,relu3_1,2.7128978003724646e-08,-0.3587764514378731,0.00033130146872337976
4,relu3_1,2.763385290053167e-08,-0.35854584915897997,0.0003344590481426049
4,relu3_1,2.8148123605075813e-08,-0.3586623665998873,0.00033286015767514294
4,relu3_1,2.8671964974937697e-08,-0.3587764514378731,0.00033130146872337976
4,relu3_1,2.9205555121827452e-08,-0.3586623665998873,0.00033286015767514294
4,relu3_1,2.9749075472144435e-08,-0.3586623665998873,0.00033286015767514294
4,relu3_1,3.030271082866393e-08,-0.3586623665998873,0.00033286015767514294
4,relu3_1,3.0866649433372746e-08,-0.3587764514378731,0.00033130146872337976
4,relu3_1,3.144108303147265e-08,-0.3587764514378731,0.00033130146872337976
4,relu3_1,3.2026206936576504e-08,-0.35854584915897997,0.0003344590481426049
4,relu3_1,3.262222009711673e-08,-0.35854584915897997,0.0003344590481426049
4,relu3_1,3.322932516398968e-08,-0.35854584915897997,0.0003344590481426049
4,relu3_1,3.384772855945983e-08,-0.35854584915897997,0.0003344590481426049
4,relu3_1,3.447764054734464e-08,-0.3586623665998873,0.00033286015767514294
4,relu3_1,3.5119275304507276e-08,-0.35854584915897997,0.0003344590481426049
4,relu3_1,3.577285099367877e-08,-0.35854584915897997,0.0003344590481426049
4,relu3_1,3.6438589837635405e-08,-0.35854584915897997,0.0003344590481426049
4,relu3_1,3.711671819475767e-08,-0.35854584915897997,0.0003344590481426049
4,relu3_1,3.780746663599349e-08,-0.35854584915897997,0.0003344590481426049
4,relu3_1,3.851107002325569e-08,-0.3586623665998873,0.00033286015767514294
4,relu3_1,3.9227767589277236e-08,-0.35854584915897997,0.0003344590481426049
4,relu3_1,3.995780301895265e-08,-0.35854584915897997,0.0003344590481426049
4,relu3_1,4.070142453219439e-08,-0.3586623665998873,0.00033286015767514294
4,relu3_1,4.1458884968329114e-08,-0.35854584915897997,0.0003344590481426049
4,relu3_1,4.223044187206672e-08,-0.35854584915897997,0.0003344590481426049
4,relu3_1,4.3016357581067994e-08,-0.35854584915897997,0.0003344590481426049
4,relu3_1,4.381689931514195e-08,-0.35854584915897997,0.0003344590481426049
4,relu3_1,4.4632339267103976e-08,-0.3587764514378731,0.00033130146872337976
4,relu3_1,4.546295469532399e-08,-0.35854584915897997,0.0003344590481426049
4,relu3_1,4.630902801799737e-08,-0.3586623665998873,0.00033286015767514294
4,relu3_1,4.717084690917022e-08,-0.35854584915897997,0.0003344590481426049
4,relu3_1,4.804870439655134e-08,-0.35854584915897997,0.0003344590481426049
4,relu3_1,4.8942898961145316e-08,-0.35854584915897997,0.0003344590481426049
4,relu3_1,4.9853734638738935e-08,-0.35854584915897997,0.0003344590481426049
4,relu3_1,5.0781521123276706e-08,-0.35854584915897997,0.0003344590481426049
4,relu3_1,5.172657387216024e-08,-0.358492805525683,0.0003351892695810163
4,relu3_1,5.268921421350677e-08,-0.358492805525683,0.0003351892695810163
4,relu3_1,5.366976945540476e-08,-0.35854584915897997,0.0003344590481426049
4,relu3_1,5.4668572997201804e-08,-0.35854584915897997,0.0003344590481426049
4,relu3_1,5.568596444286409e-08,-0.35854584915897997,0.0003344590481426049
4,relu3_1,5.6722289716445493e-08,-0.3584373304395009,0.0003359545332696938
4,relu3_1,5.777790117970507e-08,-0.3584373304395009,0.0003359545332696938
4,relu3_1,5.885315775191451e-08,-0.3584373304395009,0.0003359545332696938
4,relu3_1,5.99484250318941e-08,-0.3584373304395009,0.0003359545332696938
4,relu3_1,6.106407542232036e-08,-0.3584373304395009,0.0003359545332696938
4,relu3_1,6.220048825634717e-08,-0.3584373304395009,0.0003359545332696938
4,relu3_1,6.335804992658255e-08,-0.3584373304395009,0.0003359545332696938
4,relu3_1,6.453715401646702e-08,-0.3584373304395009,0.0003359545332696938
4,relu3_1,6.573820143409585e-08,-0.3584373304395009,0.0003359545332696938
4,relu3_1,6.696160054853215e-08,-0.3584373304395009,0.0003359545332696938
4,relu3_1,6.820776732865692e-08,-0.3584373304395009,0.0003359545332696938
4,relu3_1,6.94771254846024e-08,-0.3584373304395009,0.0003359545332696938
4,relu3_1,7.077010661181889e-08,-0.3584373304395009,0.0003359545332696938
4,relu3_1,7.208715033782136e-08,-0.3584373304395009,0.0003359545332696938
4,relu3_1,7.342870447166758e-08,-0.3584373304395009,0.0003359545332696938
4,relu3_1,7.479522515621828e-08,-0.35860132461317373,0.0003336969161192501
4,relu3_1,7.618717702323e-08,-0.35858097728426924,0.00033397626562784176
4,relu3_1,7.760503335133571e-08,-0.3586408030385242,0.0003331555282646295
4,relu3_1,7.90492762269642e-08,-0.3586408030385242,0.0003331555282646295
4,relu3_1,8.05203967082547e-08,-0.3586408030385242,0.0003331555282646295
4,relu3_1,8.201889499202212e-08,-0.3586408030385242,0.0003331555282646295
4,relu3_1,8.354528058382872e-08,-0.3586408030385242,0.0003331555282646295
4,relu3_1,8.510007247122247e-08,-0.3586408030385242,0.0003331555282646295
4,relu3_1,8.668379930019774e-08,-0.3586408030385242,0.0003331555282646295
4,relu3_1,8.829699955494083e-08,-0.3586408030385242,0.0003331555282646295
4,relu3_1,8.994022174092053e-08,-0.3586408030385242,0.0003331555282646295
4,relu3_1,9.161402457138521e-08,-0.3586408030385242,0.0003331555282646295
4,relu3_1,9.331897715733239e-08,-0.3586408030385242,0.0003331555282646295
4,relu3_1,9.505565920101191e-08,-0.3586408030385242,0.0003331555282646295
4,relu3_1,9.682466119303114e-08,-0.3586408030385242,0.0003331555282646295
4,relu3_1,9.86265846131283e-08,-0.3586408030385242,0.0003331555282646295
4,relu3_1,1.0046204213468132e-07,-0.3586408030385242,0.0003331555282646295
4,relu3_1,1.023316578330245e-07,-0.35821472536398796,0.0003390415125804954
4,relu3_1,1.0423606739764012e-07,-0.35821472536398796,0.0003390415125804954
4,relu3_1,1.061759183482999e-07,-0.35778621812262623,0.00034505746502018806
4,relu3_1,1.0815187025522893e-07,-0.35778621812262623,0.00034505746502018806
4,relu3_1,1.1016459496336569e-07,-0.35778621812262623,0.00034505746502018806
4,relu3_1,1.1221477682079802e-07,-0.35778621812262623,0.00034505746502018806
4,relu3_1,1.1430311291144787e-07,-0.35778621812262623,0.00034505746502018806
4,relu3_1,1.1643031329208756e-07,-0.35778621812262623,0.00034505746502018806
4,relu3_1,1.1859710123376706e-07,-0.35778621812262623,0.00034505746502018806
4,relu3_1,1.208042134677329e-07,-0.35778621812262623,0.00034505746502018806
4,relu3_1,1.2305240043592615e-07,-0.35778621812262623,0.00034505746502018806
4,relu3_1,1.2534242654613995e-07,-0.35778621812262623,0.00034505746502018806
4,relu3_1,1.2767507043192645e-07,-0.35778621812262623,0.00034505746502018806
4,relu3_1,1.3005112521734099e-07,-0.35778621812262623,0.00034505746502018806
4,relu3_1,1.3247139878661174e-07,-0.35778621812262623,0.00034505746502018806
4,relu3_1,1.3493671405883065e-07,-0.35788117200217046,0.0003437159662041579
4,relu3_1,1.3744790926775367e-07,-0.35788117200217046,0.0003437159662041579
4,relu3_1,1.400058382468096e-07,-0.35788117200217046,0.0003437159662041579
4,relu3_1,1.4261137071941298e-07,-0.35788117200217046,0.0003437159662041579
4,relu3_1,1.4526539259467813e-07,-0.3574335322843191,0.0003500824727475988
4,relu3_1,1.4796880626863963e-07,-0.3574335322843191,0.0003500824727475988
4,relu3_1,1.5072253093107556e-07,-0.3574335322843191,0.0003500824727475988
4,relu3_1,1.5352750287804213e-07,-0.3574335322843191,0.0003500824727475988
4,relu3_1,1.563846758302248e-07,-0.3574335322843191,0.0003500824727475988
4,relu3_1,1.592950212572123e-07,-0.3574335322843191,0.0003500824727475988
4,relu3_1,1.6225952870780872e-07,-0.3574335322843191,0.0003500824727475988
4,relu3_1,1.6527920614648973e-07,-0.35735214324470976,0.00035125161226704475
4,relu3_1,1.6835508029612007e-07,-0.35735214324470976,0.00035125161226704475
4,relu3_1,1.714881969870541e-07,-0.3575963103635378,0.0003477549294634025
4,relu3_1,1.7467962151272458e-07,-0.3575963103635378,0.0003477549294634025
4,relu3_1,1.7793043899185772e-07,-0.3575963103635378,0.0003477549294634025
4,relu3_1,1.8124175473742396e-07,-0.3575963103635378,0.0003477549294634025
4,relu3_1,1.8461469463245456e-07,-0.3576776994031471,0.0003465965058747094
4,relu3_1,1.8805040551285834e-07,-0.3576776994031471,0.0003465965058747094
4,relu3_1,1.915500555573528e-07,-0.3576776994031471,0.0003465965058747094
4,relu3_1,1.9511483468466165e-07,-0.3576776994031471,0.0003465965058747094
4,relu3_1,1.9874595495809857e-07,-0.3575963103635378,0.0003477549294634025
4,relu3_1,2.0244465099768018e-07,-0.3575963103635378,0.0003477549294634025
4,relu3_1,2.0621218039991447e-07,-0.3575963103635378,0.0003477549294634025
4,relu3_1,2.1004982416539152e-07,-0.3575963103635378,0.0003477549294634025
4,relu3_1,2.1395888713434216e-07,-0.3575963103635378,0.0003477549294634025
4,relu3_1,2.179406984302958e-07,-0.3575963103635378,0.0003477549294634025
4,relu3_1,2.2199661191199526e-07,-0.358423765599566,0.00033614190108870304
4,relu3_1,2.2612800663372794e-07,-0.3579705574171338,0.0003424575257308678
4,relu3_1,2.3033628731421313e-07,-0.3579705574171338,0.0003424575257308678
4,relu3_1,2.3462288481422625e-07,-0.3583830710797613,0.00033670458185415476
4,relu3_1,2.389892566231053e-07,-0.3583830710797613,0.00033670458185415476
4,relu3_1,2.434368873543108e-07,-0.3583830710797613,0.00033670458185415476
4,relu3_1,2.47967289250216e-07,-0.3583830710797613,0.00033670458185415476
4,relu3_1,2.5258200269627846e-07,-0.3583830710797613,0.00033670458185415476
4,relu3_1,2.572825967447932e-07,-0.3583830710797613,0.00033670458185415476
4,relu3_1,2.620706696483855e-07,-0.3583830710797613,0.00033670458185415476
4,relu3_1,2.669478494034318e-07,-0.3583830710797613,0.00033670458185415476
4,relu3_1,2.7191579430360187e-07,-0.3583830710797613,0.00033670458185415476
4,relu3_1,2.769761935036891e-07,-0.3583830710797613,0.00033670458185415476
4,relu3_1,2.8213076759394705e-07,-0.3592376559956593,0.00032506848793998803
4,relu3_1,2.8738126918510695e-07,-0.3592376559956593,0.00032506848793998803
4,relu3_1,2.927294835042813e-07,-0.3592376559956593,0.00032506848793998803
4,relu3_1,2.9817722900196733e-07,-0.3592376559956593,0.00032506848793998803
4,relu3_1,3.0372635797033114e-07,-0.3592376559956593,0.00032506848793998803
4,relu3_1,3.0937875717301365e-07,-0.3592376559956593,0.00032506848793998803
4,relu3_1,3.1513634848664826e-07,-0.3592376559956593,0.00032506848793998803
4,relu3_1,3.2100108955431685e-07,-0.3592376559956593,0.00032506848793998803
4,relu3_1,3.2697497445117677e-07,-0.3592376559956593,0.00032506848793998803
4,relu3_1,3.3306003436245885e-07,-0.3592376559956593,0.00032506848793998803
4,relu3_1,3.3925833827409916e-07,-0.3592376559956593,0.00032506848793998803
4,relu3_1,3.455719936762143e-07,-0.3592376559956593,0.00032506848793998803
4,relu3_1,3.520031472796675e-07,-0.3592376559956593,0.00032506848793998803
4,relu3_1,3.585539857459817e-07,-0.35973955507325023,0.0003184083504744704
4,relu3_1,3.6522673643081754e-07,-0.35973955507325023,0.0003184083504744704
4,relu3_1,3.7202366814130657e-07,-0.35872219207813355,0.0003320419496616163
4,relu3_1,3.7894709190746713e-07,-0.35798969072164954,0.00034218870314253226
4,relu3_1,3.8599936176797634e-07,-0.35798969072164954,0.00034218870314253226
4,relu3_1,3.9318287557057704e-07,-0.35798969072164954,0.00034218870314253226
4,relu3_1,4.005000757873611e-07,-0.35798969072164954,0.00034218870314253226
4,relu3_1,4.079534503452449e-07,-0.35834237655995665,0.00033726812952072867
4,relu3_1,4.1554553347188797e-07,-0.35834237655995665,0.00033726812952072867
4,relu3_1,4.232789065573544e-07,-0.35834237655995665,0.00033726812952072867
4,relu3_1,4.3115619903182285e-07,-0.35847802495930553,0.00033539300649605973
4,relu3_1,4.391800892596086e-07,-0.3588849701573522,0.0003298250656277803
4,relu3_1,4.473533054498463e-07,-0.3592647856755291,0.0003247052263011647
4,relu3_1,4.556786265841069e-07,-0.3592647856755291,0.0003247052263011647
4,relu3_1,4.6415888336127725e-07,-0.3592647856755291,0.0003247052263011647
4,relu3_1,4.7279695916003907e-07,-0.3585594139989149,0.00033427254401140416
4,relu3_1,4.815957910192351e-07,-0.3585594139989149,0.00033427254401140416
4,relu3_1,4.905583706365046e-07,-0.35860010851871954,0.0003337136058959652
4,relu3_1,4.996877453854889e-07,-0.35823385784047757,0.00033877517067194536
4,relu3_1,5.089870193519674e-07,-0.35823385784047757,0.00033877517067194536
4,relu3_1,5.184593543892913e-07,-0.35823385784047757,0.00033877517067194536
4,relu3_1,5.281079711934331e-07,-0.3581660336408031,0.000339720216429304
4,relu3_1,5.379361503980697e-07,-0.35846446011937066,0.00033558008601798807
4,relu3_1,5.479472336900293e-07,-0.3575161337382663,0.000348899579381847
4,relu3_1,5.581446249454955e-07,-0.35737927292457955,0.0003508615004922028
4,relu3_1,5.685317913873753e-07,-0.35651112316874667,0.0003635448688674274
4,relu3_1,5.791122647641759e-07,-0.3564026044492676,0.00036515960591221297
4,relu3_1,5.898896425508493e-07,-0.35676885512750955,0.00035973615850577436
4,relu3_1,6.008675891719693e-07,-0.35676885512750955,0.00035973615850577436
4,relu3_1,6.12049837247669e-07,-0.35676885512750955,0.00035973615850577436
4,relu3_1,6.234401888627864e-07,-0.35712154096581666,0.00035458371304423797
4,relu3_1,6.350425168595962e-07,-0.35712154096581666,0.00035458371304423797
4,relu3_1,6.468607661546321e-07,-0.35712154096581666,0.00035458371304423797
4,relu3_1,6.588989550799957e-07,-0.356470428648942,0.0003641496239436551
4,relu3_1,6.711611767496273e-07,-0.35629408572978843,0.00036678093799957226
4,relu3_1,6.836516004510239e-07,-0.35629408572978843,0.00036678093799957226
4,relu3_1,6.963744730628223e-07,-0.35689093868692356,0.00035794487577488584
4,relu3_1,7.09334120498799e-07,-0.35689093868692356,0.00035794487577488584
4,relu3_1,7.225349491787222e-07,-0.35689093868692356,0.00035794487577488584
4,relu3_1,7.359814475265756e-07,-0.35577862181226266,0.0003745730787509385
4,relu3_1,7.496781874966877e-07,-0.35577862181226266,0.0003745730787509385
4,relu3_1,7.636298261282241e-07,-0.35577862181226266,0.0003745730787509385
4,relu3_1,7.778411071286482e-07,-0.35603635377102555,0.0003706581757497278
4,relu3_1,7.923168624866261e-07,-0.35603635377102555,0.0003706581757497278
4,relu3_1,8.070620141149491e-07,-0.35580575149213245,0.00037415920018791723
4,relu3_1,8.220815755240541e-07,-0.3557107976125882,0.0003756096178798754
4,relu3_1,8.373806535266489e-07,-0.3557107976125882,0.0003756096178798754
4,relu3_1,8.529644499741017e-07,-0.3557107976125882,0.0003756096178798754
4,relu3_1,8.688382635251193e-07,-0.3555615843733045,0.00037789929578531563
4,relu3_1,8.850074914473439e-07,-0.3555615843733045,0.00037789929578531563
4,relu3_1,9.014776314524917e-07,-0.3555615843733045,0.00037789929578531563
4,relu3_1,9.182542835656282e-07,-0.35533098209441133,0.00038146314627684997
4,relu3_1,9.353431520292377e-07,-0.35516820401519267,0.0003839973841577292
4,relu3_1,9.5275004724273e-07,-0.35448996201844823,0.0003947242190840634
4,relu3_1,9.704808877380307e-07,-0.3540965816603365,0.0004010713090398174
4,relu3_1,9.885417021919574e-07,-0.3540965816603365,0.0004010713090398174
4,relu3_1,1.0069386314760271e-06,-0.35379815518176894,0.0004059487691701815
4,relu3_1,1.0256779307444208e-06,-0.35379815518176894,0.0004059487691701815
4,relu3_1,1.0447659715608053e-06,-0.35379815518176894,0.0004059487691701815
4,relu3_1,1.0642092440647247e-06,-0.35379815518176894,0.0004059487691701815
4,relu3_1,1.084014359178331e-06,-0.3539473684210527,0.00040350326586118765
4,relu3_1,1.10418805085416e-06,-0.35318773738469894,0.00041609560709106953
4,relu3_1,1.1247371783647508e-06,-0.3529978296256105,0.0004192996098509423
4,relu3_1,1.1456687286348725e-06,-0.3529435702658709,0.0004202191936447311
4,relu3_1,1.1669898186171475e-06,-0.3522110689093869,0.0004328162736737795
4,relu3_1,1.1887076977119033e-06,-0.3522110689093869,0.0004328162736737795
4,relu3_1,1.2108297502320394e-06,-0.35208898534997296,0.0004349491982023674
4,relu3_1,1.2333634979137747e-06,-0.3523331524688009,0.00043069296006862534
4,relu3_1,1.2563166024741214e-06,-0.3528893109061314,0.00042114063000718625
4,relu3_1,1.2796968682159416e-06,-0.353174172544764,0.0004163237162526822
4,relu3_1,1.303512244681509e-06,-0.35196690179055895,0.00043709177285369697
4,relu3_1,1.327770829355429e-06,-0.35100379815518185,0.0004543372307344034
4,relu3_1,1.352480870417874e-06,-0.35100379815518185,0.0004543372307344034
4,relu3_1,1.377650769549055e-06,-0.35097666847531206,0.00045483194220281164
4,relu3_1,1.4032890847858731e-06,-0.35082745523602826,0.0004575617065198873
4,relu3_1,1.4294045334317611e-06,-0.35082745523602826,0.0004575617065198873
4,relu3_1,1.4560059950206485e-06,-0.3500271296798698,0.000472461582239181
4,relu3_1,1.483102514336103e-06,-0.3506375474769398,0.00046105770381065143
4,relu3_1,1.5107033044866557e-06,-0.3506375474769398,0.00046105770381065143
4,relu3_1,1.5388177500383465e-06,-0.349647314161693,0.00047968738221964826
4,relu3_1,1.567455410205595e-06,-0.34986435160065116,0.00047554603303936354
4,relu3_1,1.596626022101425e-06,-0.3508952794357027,0.00045631904542518136
4,relu3_1,1.6263395040481906e-06,-0.3498507867607163,0.0004758039029465632
4,relu3_1,1.6566059589499152e-06,-0.34698860553445476,0.0005331763283312582
4,relu3_1,1.6874356777273756e-06,-0.3471649484536083,0.0005294659939570363
4,relu3_1,1.7188391428171457e-06,-0.3472327726532828,0.0005280452564788887
4,relu3_1,1.7508270317357268e-06,-0.3454557786218123,0.0005664461478297381
4,relu3_1,1.7834102207100063e-06,-0.3459441128594683,0.0005556459925779754
4,relu3_1,1.8165997883753285e-06,-0.3460933260987521,0.0005523837820106762
4,relu3_1,1.850407019542302e-06,-0.3449267498643517,0.0005783631028574448
4,relu3_1,1.8848434090337953e-06,-0.34564568638090076,0.0005622234370155649
4,relu3_1,1.919920665593287e-06,-0.34564568638090076,0.0005622234370155649
4,relu3_1,1.955650715865947e-06,-0.3469343461747152,0.0005343227559211969
4,relu3_1,1.992045708453871e-06,-0.3469343461747152,0.0005343227559211969
4,relu3_1,2.029118018046678e-06,-0.3458084644601194,0.0005586269488295373
4,relu3_1,2.066880249629082e-06,-0.3448453608247423,0.000580216730161994
4,relu3_1,2.1053452427667084e-06,-0.34401790558871415,0.0005993732492451531
4,relu3_1,2.144526075971665e-06,-0.34401790558871415,0.0005993732492451531
4,relu3_1,2.1844360711494283e-06,-0.34359739555073254,0.000609328897420525
4,relu3_1,2.2250887981283694e-06,-0.34359739555073254,0.000609328897420525
4,relu3_1,2.266498079273693e-06,-0.34407216494845366,0.0005980995568896454
4,relu3_1,2.308677994187172e-06,-0.34517091698317964,0.000572834719794274
4,relu3_1,2.351642884494346e-06,-0.34450623982637013,0.0005879988987937567
4,relu3_1,2.3954073587208794e-06,-0.3437059142702117,0.0006067453060213478
4,relu3_1,2.43998629725955e-06,-0.3427156809549648,0.0006306969379368097
4,relu3_1,2.4853948574297983e-06,-0.3424850786760717,0.0006363975243759113
4,relu3_1,2.531648478631358e-06,-0.34276994031470437,0.0006293624334898102
4,relu3_1,2.5787628875937984e-06,-0.34267498643516014,0.0006316995153235589
4,relu3_1,2.6267541037238384e-06,-0.34301410743353233,0.0006233890869597093
4,relu3_1,2.6756384445520452e-06,-0.3434346174715139,0.0006132231742430211
4,relu3_1,2.725432531281028e-06,-0.3435838307107977,0.0006096525535773606
4,relu3_1,2.776153294436804e-06,-0.3435702658708628,0.0006099763671254591
4,relu3_1,2.827817979625338e-06,-0.34385512750949543,0.0006032092436593991
4,relu3_1,2.880444153396298e-06,-0.34412642430819324,0.0005968283435250543
4,relu3_1,2.934049709215787e-06,-0.3434753119913186,0.0006122474746878848
4,relu3_1,2.9886528735503824e-06,-0.3440586001085188,0.0005984177474038237
4,relu3_1,3.0442722120643057e-06,-0.3438008681497559,0.0006044928954137126
4,relu3_1,3.1009266359319234e-06,-0.3440450352685839,0.0005987360929226302
4,relu3_1,3.158635408267819e-06,-0.34361096039066746,0.0006090053985863261
4,relu3_1,3.2174181506763714e-06,-0.3439636462289746,0.0006006494249285091
4,relu3_1,3.277294849923382e-06,-0.3448724905046121,0.0005795982506254311
4,relu3_1,3.3382858647317643e-06,-0.34519804666304943,0.0005722234527376982
4,relu3_1,3.4004119327037024e-06,-0.34519804666304943,0.0005722234527376982
4,relu3_1,3.4636941773717343e-06,-0.3453608247422681,0.0005685683820137516
4,relu3_1,3.5281541153808832e-06,-0.3463646228974499,0.0005464974204945126
4,relu3_1,3.5938136638046257e-06,-0.3471649484536083,0.0005294659939570363
4,relu3_1,3.660695147596906e-06,-0.3480466630493761,0.0005112668928150715
4,relu3_1,3.72882130718283e-06,-0.3489962018448183,0.0004923108101941957
4,relu3_1,3.7982153061907363e-06,-0.3484536082474228,0.0005030623591747461
4,relu3_1,3.868900739327975e-06,-0.3483857840477483,0.0005044213401552598
4,relu3_1,3.9409016404034476e-06,-0.3484536082474228,0.0005030623591747461
4,relu3_1,4.014242490499326e-06,-0.34796527400976673,0.000512922453324527
4,relu3_1,4.088948226294856e-06,-0.3484943027672274,0.0005022485833930462
4,relu3_1,4.1650442485451855e-06,-0.348304395008139,0.0005060565617749194
4,relu3_1,4.242556430717777e-06,-0.3468529571351059,0.0005360466348103357
4,relu3_1,4.321511127789762e-06,-0.348304395008139,0.0005060565617749194
4,relu3_1,4.401935185208879e-06,-0.3487249050461205,0.0004976599507840658
4,relu3_1,4.483855948021182e-06,-0.3468258274552361,0.0005366223931088565
4,relu3_1,4.567301270168747e-06,-0.34625610417797076,0.0005488450316280404
4,relu3_1,4.652299523960189e-06,-0.34686652197504075,0.0005357589680679425
4,relu3_1,4.738879609717651e-06,-0.34727346717308744,0.0005271944925664215
4,relu3_1,4.827070965603188e-06,-0.34660879001627787,0.0005412489077662281
4,relu3_1,4.916903577628021e-06,-0.3454829083016821,0.0005658411296437704
4,relu3_1,5.008407989848212e-06,-0.345008138903961,0.000576514901531838
4,relu3_1,5.101615314749834e-06,-0.3447775366250679,0.0005817655747407466
4,relu3_1,5.1965572438276574e-06,-0.3439636462289746,0.0006006494249285091
4,relu3_1,5.293266058360567e-06,-0.34491318502441676,0.0005786716635517524
4,relu3_1,5.391774640387494e-06,-0.344153553988063,0.000596193665110856
4,relu3_1,5.492116483887789e-06,-0.343787303309821,0.0006048141989225529
4,relu3_1,5.594325706169378e-06,-0.3440857297883886,0.000597781521312366
4,relu3_1,5.698437059469136e-06,-0.3439229517091699,0.000601608188987577
4,relu3_1,5.804485942768984e-06,-0.3459712425393381,0.0005550515533862987
4,relu3_1,5.912508413831869e-06,-0.34582202930005435,0.0005583281951206007
4,relu3_1,6.022541201461928e-06,-0.3455778621812263,0.0005637282255872485
4,relu3_1,6.134621717992506e-06,-0.3460390667390125,0.0005535680041209223
4,relu3_1,6.248788072006888e-06,-0.34430276722734676,0.0005927139683292479
4,relu3_1,6.365079081295578e-06,-0.34424850786760725,0.0005939771548459556
4,relu3_1,6.483534286054714e-06,-0.3456592512208357,0.0005619229213188349
4,relu3_1,6.604193962330305e-06,-0.3457677699403148,0.0005595240890769056
4,relu3_1,6.727099135712336e-06,-0.3456049918610961,0.000563125867881638
4,relu3_1,6.852291595284057e-06,-0.3457677699403148,0.0005595240890769056
4,relu3_1,6.979813907830667e-06,-0.3456049918610961,0.000563125867881638
4,relu3_1,7.109709432312424e-06,-0.34434346174715147,0.0005917681934669639
4,relu3_1,7.242022334607315e-06,-0.3411692892023875,0.0006698363654950708
4,relu3_1,7.376797602527731e-06,-0.34316332067281613,0.0006197643019708462
4,relu3_1,7.514081061116962e-06,-0.3435702658708628,0.0006099763671254591
4,relu3_1,7.653919388230155e-06,-0.3439365165491048,0.0006012884453752212
4,relu3_1,7.796360130405221e-06,-0.34270211611502993,0.000631030968467432
4,relu3_1,7.94145171902934e-06,-0.34278350515463923,0.0006290292114456049
4,relu3_1,8.089243486805938e-06,-0.3435295713510581,0.0006109487528040317
4,relu3_1,8.239785684528512e-06,-0.34386869234943035,0.0006028887209502019
4,relu3_1,8.393129498166374e-06,-0.3442349430276723,0.0005942933364537327
4,relu3_1,8.549327066268366e-06,-0.34323114487249057,0.0006181230592613836
4,relu3_1,8.708431497690725e-06,-0.3424579489962019,0.0006370712725965068
4,relu3_1,8.870496889654403e-06,-0.3440043407487792,0.0005996920601844513
4,relu3_1,9.035578346138921e-06,-0.3436516549104721,0.0006080358453336445
4,relu3_1,9.20373199661823e-06,-0.34165762344004347,0.0006572429200973865
4,relu3_1,9.37501501514529e-06,-0.33963646228974503,0.0007108132231992349
4,relu3_1,9.549485639791967e-06,-0.338551275094954,0.00074119507433004
4,relu3_1,9.727203192450538e-06,-0.3352414541508411,0.0008413358315463678
4,relu3_1,9.908228099003787e-06,-0.3318231144872491,0.0009575852451126867
4,relu3_1,1.0092621909870484e-05,-0.33081931633206735,0.0009944009113149201
4,relu3_1,1.0280447320933097e-05,-0.3301953336950625,0.001017931422409814
4,relu3_1,1.0471768194855202e-05,-0.3296120455778622,0.0010403846955406722
4,relu3_1,1.0666649582795388e-05,-0.32863537710255025,0.0010789924777672454
4,relu3_1,1.0865157746525373e-05,-0.32848616386326646,0.0010850043675442343
4,relu3_1,1.1067360180959745e-05,-0.3266413456321216,0.001161893315340202
4,relu3_1,1.1273325637104872e-05,-0.3239283776451439,0.001283986569880117
4,relu3_1,1.148312414543511e-05,-0.3243081931633207,0.0012662198060715286
4,relu3_1,1.1696827039703846e-05,-0.32296527400976677,0.0013300574284007957
4,relu3_1,1.1914506981197747e-05,-0.321717308735757,0.0013919857917409995
4,relu3_1,1.2136237983442418e-05,-0.32173087357569186,0.001391298826514285
4,relu3_1,1.2362095437367691e-05,-0.3208491589799241,0.0014365969801613501
4,relu3_1,1.259215613694151e-05,-0.3198724905046121,0.0014883314702547857
4,relu3_1,1.28264983052806e-05,-0.3199131850244168,0.0014861425906291677
4,relu3_1,1.3065201621247199e-05,-0.3187466087900163,0.0015500614499097955
4,relu3_1,1.330834724654076e-05,-0.31654910472056436,0.0016772723544110062
4,relu3_1,1.355601785329369e-05,-0.31436516549104726,0.001812986918192739
4,relu3_1,1.3808297652180924e-05,-0.31672544763971794,0.001666725829723692
4,relu3_1,1.4065272421052364e-05,-0.31852957135105814,0.0015622245411641006
4,relu3_1,1.4327029534098295e-05,-0.31802767227346723,0.0015906835175951003
4,relu3_1,1.4593657991557576e-05,-0.31753933803581125,0.0016188231992036743
4,relu3_1,1.4865248449978572e-05,-0.31576234400434083,0.0017250658293486442
4,relu3_1,1.514189325304352e-05,-0.3134156266956051,0.0018750306173326442
4,relu3_1,1.5423686462966275e-05,-0.31330710797612593,0.0018822421493442788
4,relu3_1,1.5710723892474488e-05,-0.3122761801410744,0.0019520122328684393
4,relu3_1,1.6003103137387017e-05,-0.31136733586543686,0.0020154484078981558
4,relu3_1,1.630092360979741e-05,-0.3075420510037982,0.0023033503881292714
4,relu3_1,1.6604286571875295e-05,-0.3065653825284862,0.0023825620443817426
4,relu3_1,1.691329517029647e-05,-0.30329625610417804,0.002665868179461056
4,relu3_1,1.7228054471313922e-05,-0.30579218665219754,0.002447002242838707
4,relu3_1,1.754867149648152e-05,-0.3032284319045036,0.002672053834653061
4,relu3_1,1.7875255259042355e-05,-0.30120727075420517,0.0028624118197677676
4,relu3_1,1.8207916800994626e-05,-0.2994709712425394,0.0030355733595907415
4,relu3_1,1.8546769230846977e-05,-0.2977211068909387,0.0032195413685293162
4,relu3_1,1.8891927762076646e-05,-0.2966766142159523,0.003334056917749563
4,relu3_1,1.924350975230332e-05,-0.29831795984807385,0.0031556989782588383
4,relu3_1,1.9601634743191856e-05,-0.2943434617471514,0.003603139066099171
4,relu3_1,1.9966424501097934e-05,-0.293176885512751,0.0037448345128717696
4,relu3_1,2.03380030584698e-05,-0.2902740097666848,0.004119286135463087
4,relu3_1,2.071649675602067e-05,-0.28803581117742816,0.00443045537661518
4,relu3_1,2.1102034285685967e-05,-0.2869099294628324,0.0045947694205103855
4,relu3_1,2.1494746734379807e-05,-0.2865708084644602,0.004645314558688562
4,relu3_1,2.189476762856621e-05,-0.2830710797612589,0.005196601408399796
4,relu3_1,2.2302232979659363e-05,-0.28148399348887687,0.005465231601320268
4,relu3_1,2.2717281330269027e-05,-0.28260987520347264,0.005273428200774855
4,relu3_1,2.314005380130654e-05,-0.28214867064568644,0.005351262768223683
4,relu3_1,2.3570694139967276e-05,-0.28331524688008686,0.005156332581188901
4,relu3_1,2.4009348768606518e-05,-0.282691264243082,0.00525979762132788
4,relu3_1,2.445616683452444e-05,-0.28052088985349977,0.0056341949138986975
4,relu3_1,2.491130026067791e-05,-0.27892023874118294,0.0059252799919592486
4,relu3_1,2.5374903797335716e-05,-0.2775094953879545,0.006192804250371787
4,relu3_1,2.584713507469564e-05,-0.2789880629408574,0.005912680439498445
4,relu3_1,2.63281546564802e-05,-0.27742810634834514,0.006208559768926836
4,relu3_1,2.6818126094530128e-05,-0.2760444926749865,0.006481890452895906
4,relu3_1,2.731721598441379e-05,-0.2723141616928921,0.007272586150387484
4,relu3_1,2.782559402207126e-05,-0.2712154096581661,0.007521169333169152
4,relu3_1,2.8343433061513092e-05,-0.2681497558328812,0.00825481784499182
4,relu3_1,2.8870909173592348e-05,-0.268421052631579,0.008187443398216214
4,relu3_1,2.9408201705870607e-05,-0.2680683667932719,0.008275125130244388
4,relu3_1,2.9955493343598162e-05,-0.26386326641345637,0.00938601451033871
4,relu3_1,3.051297017182871e-05,-0.2597259902333153,0.010604627255419077
4,relu3_1,3.1080821738690636e-05,-0.25533098209441135,0.012048687211590373
4,relu3_1,3.165924111983521e-05,-0.25467986977753665,0.012276590010466198
4,relu3_1,3.224842498408439e-05,-0.254517091698318,0.012334149450278926
4,relu3_1,3.284857366030047e-05,-0.2527129679869778,0.01298801854554687
4,relu3_1,3.345989120549975e-05,-0.24971513836136738,0.014141324376595862
4,relu3_1,3.408258547423452e-05,-0.24815518176885518,0.01477589465986142
4,relu3_1,3.4716868189265594e-05,-0.24537438958220298,0.015968454983709152
4,relu3_1,3.536295501355039e-05,-0.2433260987520348,0.016899310043718686
4,relu3_1,3.602106562357074e-05,-0.24264785675529033,0.01721769619604442
4,relu3_1,3.669142378402494e-05,-0.24285132935431367,0.017121641209997675
4,relu3_1,3.7374257423910643e-05,-0.24154910472056434,0.01774446939393739
4,relu3_1,3.806979871402284e-05,-0.2397721106890939,0.018625824077349987
4,relu3_1,3.877828414589453e-05,-0.23752034725990237,0.01979657814897585
4,relu3_1,3.949995461220647e-05,-0.2361502984264786,0.02053940208335004
4,relu3_1,4.023505548869293e-05,-0.23465816603364084,0.02137550156567063
4,relu3_1,4.098383671757261e-05,-0.2318231144872491,0.023044619772190248
4,relu3_1,4.174655289253135e-05,-0.23030385241454154,0.02398404285725133
4,relu3_1,4.252346334528678e-05,-0.23007325013564844,0.024129451790708176
4,relu3_1,4.331483223376403e-05,-0.2275908844275638,0.025742943212605715
4,relu3_1,4.41209286319119e-05,-0.22308735756918072,0.02890494328439624
4,relu3_1,4.494202662119142e-05,-0.21770211611502988,0.033112118447305536
4,relu3_1,4.577840538376616e-05,-0.21703743895822034,0.03366547162098954
4,relu3_1,4.6630349297427265e-05,-0.2138361367335866,0.036440776689780706
4,relu3_1,4.7498148032285043e-05,-0.21543678784590345,0.03503004363777872
4,relu3_1,4.838209664925957e-05,-0.21458220293000546,0.03577741413830276
4,relu3_1,4.9282495700405135e-05,-0.2140396093326099,0.036258844952135716
4,relu3_1,5.0199651331100794e-05,-0.20931904503526863,0.04068102314774819
4,relu3_1,5.113387538414321e-05,-0.2086272381985893,0.041365405818840004
4,relu3_1,5.2085485505776655e-05,-0.2029435702658709,0.04735928174544159
4,relu3_1,5.305480525369574e-05,-0.1995659251220836,0.05124986857762365
4,relu3_1,5.404216420705915e-05,-0.20023060227889314,0.05046411717314899
4,relu3_1,5.5047898078549675e-05,-0.19829083016820406,0.052785440397551585
4,relu3_1,5.607234882852027e-05,-0.19552360282148676,0.056248295365244685
4,relu3_1,5.711586478126435e-05,-0.19431633206728163,0.05781628176742164
4,relu3_1,5.8178800743449355e-05,-0.19118285404232233,0.06205334442320268
4,relu3_1,5.926151812475552e-05,-0.18521432447097128,0.07082222900259422
4,relu3_1,6.0364385060758635e-05,-0.17965274009766688,0.07986810065072156
4,relu3_1,6.148777653810017e-05,-0.17898806294085734,0.08100838165195796
4,relu3_1,6.263207452198692e-05,-0.17508138903960938,0.0879756483703071
4,relu3_1,6.379766808606283e-05,-0.17151383613673363,0.09474579135778904
4,relu3_1,6.498495354469889e-05,-0.1694655453065654,0.09881457219345263
4,relu3_1,6.619433458774387e-05,-0.16919424850786763,0.09936362358274527
4,relu3_1,6.742622241778336e-05,-0.16561313076505702,0.10683770122787016
4,relu3_1,6.868103588995308e-05,-0.16135377102550194,0.11628999775893306
4,relu3_1,6.995920165435375e-05,-0.15911557243624527,0.12150954913909831
4,relu3_1,7.126115430111745e-05,-0.15554801953336952,0.13019943218402347
4,relu3_1,7.258733650817246e-05,-0.15150569723277268,0.1406104616721308
4,relu3_1,7.393819919175873e-05,-0.14704286489419427,0.15282296535649512
4,relu3_1,7.531420165974376e-05,-0.1454422137818774,0.1573912948583393
4,relu3_1,7.671581176779303e-05,-0.1415491047205643,0.16892626836015778
4,relu3_1,7.814350607844543e-05,-0.13897178513293545,0.17689870066768384
4,relu3_1,7.959777002314978e-05,-0.13410200759631039,0.19270912520534114
4,relu3_1,8.107909806731695e-05,-0.12832338578404778,0.21276592902874733
4,relu3_1,8.258799387844272e-05,-0.12616657623440045,0.22061928280478774
4,relu3_1,8.412497049736118e-05,-0.12065925122083562,0.24159398779887864
4,relu3_1,8.569055051268347e-05,-0.11707813347802498,0.25595161086886703
4,relu3_1,8.728526623848371e-05,-0.11085187194791103,0.28227973041025456
4,relu3_1,8.890965989529168e-05,-0.10765056972327729,0.29649627680700164
4,relu3_1,9.056428379445294e-05,-0.1052088985349973,0.30765086758137844
4,relu3_1,9.224970052592174e-05,-0.10172273467173089,0.32404468692789307
4,relu3_1,9.39664831495469e-05,-0.09907759088442758,0.33685022771236023
4,relu3_1,9.571521538991856e-05,-0.09895550732501358,0.3374488794863458
4,relu3_1,9.749649183484096e-05,-0.09670374389582205,0.34861113563910306
4,relu3_1,9.9310918137498e-05,-0.09496744438415629,0.35737391724933215
4,relu3_1,0.00010115911122238297,-0.09290558871405319,0.3679552456017447
4,relu3_1,0.00010304169949505875,-0.08936516549104723,0.38656666180116206
4,relu3_1,0.00010495932305582266,-0.08381714595767771,0.41684373035939026
4,relu3_1,0.00010691263391734771,-0.08236570808464462,0.4249858799243562
4,relu3_1,0.00010890229622637306,-0.07665491047205644,0.4578957105271671
4,relu3_1,0.00011092898648952228,-0.07548833423765601,0.46478726690319877
4,relu3_1,0.00011299339380332217,-0.0746473141616929,0.4697905989807071
4,relu3_1,0.00011509622008850311,-0.07508138903960934,0.46720458455401054
4,relu3_1,0.00011723818032865997,-0.0712696690179056,0.49017649277407627
4,relu3_1,0.00011942000281335325,-0.06880086814975585,0.5053679562752321
4,relu3_1,0.0001216424293857368,-0.0665626695604992,0.5193483323864986
4,relu3_1,0.00012390621569479155,-0.06825827455236029,0.5087391348868018
4,relu3_1,0.0001262121314522546,-0.0658437330439501,0.5238803092682118
4,relu3_1,0.00012856096069432965,-0.06592512208355943,0.5233662556234732
4,relu3_1,0.00013095350204826676,-0.06383613673358655,0.5366404124973246
4,relu3_1,0.00013339056900390586,-0.06405317417254477,0.5352535623110914
4,relu3_1,0.0001358729901902709,-0.062561041779707,0.5448239002797273
4,relu3_1,0.00013840160965731301,-0.06389039609332611,0.5362935332915009
4,relu3_1,0.00014097728716289676,-0.0629408572978839,0.5423799013204726
4,relu3_1,0.00014360089846512608,-0.06070265870862725,0.556859050728143
4,relu3_1,0.000146273335620113,-0.060322843190450365,0.5593343836111514
4,relu3_1,0.00014899550728528536,-0.06184210526315791,0.5494647253581245
4,relu3_1,0.00015176833902834038,-0.06314432989690723,0.5410728322758811
4,relu3_1,0.00015459277364194784,-0.06375474769397722,0.5371609394254772
4,relu3_1,0.00015746977146430867,-0.06174715138361368,0.5500790951755291
4,relu3_1,0.000160400310705682,-0.060268583830710806,0.5596884310506112
4,relu3_1,0.00016338538778098603,-0.060485621269669027,0.5582728834615979
4,relu3_1,0.0001664260176485902,-0.056266956049918625,0.5860897294483651
4,relu3_1,0.00016952323415541214,-0.055371676614215964,0.5920733422659707
4,relu3_1,0.0001726780903884356,-0.05373033098209442,0.6031143235163996
4,relu3_1,0.00017589165903277327,-0.055344546934346185,0.5922550937810029
4,relu3_1,0.00017916503273638994,-0.054015192620727084,0.6011915938948239
4,relu3_1,0.00018249932448161505,-0.05284861638632665,0.6090828034054604
4,relu3_1,0.00018589566796356884,-0.050366250678242006,0.6260234194467017
4,relu3_1,0.00018935521797562954,-0.04911828540423224,0.6346146998249137
4,relu3_1,0.00019287915080207777,-0.04800596852957136,0.6423132258278746
4,relu3_1,0.00019646866461804445,-0.0479652740097667,0.6425956040247455
4,relu3_1,0.00020012497989690348,-0.04823657080846447,0.6407140444849776
4,relu3_1,0.00020384933982524643,-0.04610689093868693,0.6555444913334297
4,relu3_1,0.00020764301072557747,-0.04249864351600652,0.6809763584192007
4,relu3_1,0.00021150728248687948,-0.04164405860010853,0.6870536715219986
4,relu3_1,0.00021544346900318823,-0.039215952251763435,0.7044287418694516
4,relu3_1,0.00021945290862033113,-0.03807650569723278,0.7126356896384978
4,relu3_1,0.00022353696459097966,-0.03606890938686924,0.727174997596654
4,relu3_1,0.000227697025538168,-0.035702658708627245,0.7298380748049834
4,relu3_1,0.00023193450592744275,-0.03686923494302768,0.721366991933133
4,relu3_1,0.0002362508465477945,-0.035241454150841026,0.7331961416509748
4,relu3_1,0.00024064751500154217,-0.03343733043950082,0.746379897060077
4,relu3_1,0.000245126006203334,-0.0323792729245795,0.7541461231740116
4,relu3_1,0.00024968784288843267,-0.03033098209441129,0.7692498371892688
4,relu3_1,0.00025433457613046484,-0.026980466630493766,0.7941402423431589
4,relu3_1,0.0002590677858688006,-0.027455236028214872,0.7906000548802494
4,relu3_1,0.0002638890814457513,-0.026627780792186657,0.7967728040020624
4,relu3_1,0.00026880010215376074,-0.02638361367335866,0.7985966823168835
4,relu3_1,0.00027380251779278577,-0.027862181226261537,0.7875689854248389
4,relu3_1,0.000278898029238044,-0.02612588171459577,0.8005230608765852
4,relu3_1,0.0002840883690183301,-0.02539338035811178,0.8060045163660662
4,relu3_1,0.00028937530190509535,-0.026329354313619106,0.7990021358808397
4,relu3_1,0.00029476062551248586,-0.027943570265870868,0.7869631496716947
4,relu3_1,0.00030024617090855494,-0.026858383071079767,0.7950512542347857
4,relu3_1,0.00030583380323784314,-0.026193705914270216,0.800016002885076
4,relu3_1,0.0003115254223555485,-0.02680412371134021,0.7954562367692832
4,relu3_1,0.00031732296347349796,-0.028838849701573528,0.7803074037980016
4,relu3_1,0.0003232283978181381,-0.028228431904503533,0.7848437257180375
4,relu3_1,0.0003292437333007769,-0.03069723277265329,0.7665426565776318
4,relu3_1,0.0003353710152002929,-0.029964731416169295,0.7719597885131227
4,relu3_1,0.0003416123268585525,-0.028431904503526863,0.783330810974979
4,relu3_1,0.0003479697903887695,-0.02692620727075421,0.7945451024843337
4,relu3_1,0.0003544455673970436,-0.025203472599023335,0.8074271782428303
4,relu3_1,0.0003610418597173337,-0.02658708627238199,0.7970767081826035
4,relu3_1,0.00036776091016010306,-0.026424308193163326,0.7982926272038615
4,relu3_1,0.00037460500327489893,-0.028391209983722198,0.7836333296422002
4,relu3_1,0.00038157646612712524,-0.030290287574606625,0.7695508066278831
4,relu3_1,0.00038867766908926677,-0.03160607704829084,0.7598370038796113
4,relu3_1,0.00039591102664684585,-0.028635377102550194,0.7818187018878181
4,relu3_1,0.0004032789982193705,-0.028513293543136198,0.7827258703620882
4,relu3_1,0.00041078408899656427,-0.02913727618014108,0.7780923114147489
4,relu3_1,0.00041842885079015847,-0.028323385784047753,0.7841375989186405
4,relu3_1,0.0004262158829015325,-0.03236570808464461,0.7542458510650638
4,relu3_1,0.00043414783300550926,-0.03544492674986436,0.7317140178907591
4,relu3_1,0.00044222739805058973,-0.03746608790016279,0.7170458449484393
4,relu3_1,0.0004504573251759454,-0.03517362995116658,0.7336904007742713
4,relu3_1,0.00045884041264547613,-0.03495659251220836,0.7352727590110723
4,relu3_1,0.00046737951079924635,-0.0350379815518177,0.7346792447096476
4,relu3_1,0.0004760775230226368,-0.06573521432447098,0.5245661101507696
4,relu3_1,0.00048493740673352334,-0.07094411285946828,0.49216582947506526
4,relu3_1,0.0004939621743878316,-0.0761123168746609,0.46109404534432086
4,relu3_1,0.0005031548945038057,-0.077197504069452,0.4547096628085088
4,relu3_1,0.0005125186927053333,-0.07721106890938688,0.4546301693942412
4,relu3_1,0.0005220567527846976,-0.07741454150841022,0.4534386931632464
4,relu3_1,0.0005317723177850966,-0.07925935973955509,0.4427154403675721
4,relu3_1,0.0005416686911033147,-0.07969343461747153,0.44021322236740756
4,relu3_1,0.0005517492376129129,-0.08053445469343463,0.43538796119760836
4,relu3_1,0.0005620173848083188,-0.07856755290287576,0.44671984218755206
4,relu3_1,0.0005724766239702179,-0.07784861638632666,0.45090268120214505
4,relu3_1,0.0005831305113526219,-0.07715707120592118,0.4549466553857847
4,relu3_1,0.000593982669392035,-0.07818800253708327,0.44892538855549086
4,relu3_1,0.0006050367879391225,-0.07752332312620246,0.4528024116464058
4,relu3_1,0.0006162966255132943,-0.07308760542501816,0.4791465173645756
4,relu3_1,0.00062776601058065,-0.07103954856069908,0.4915822209530735
4,relu3_1,0.0006394488428556937,-0.06935726179252373,0.5019230972223376
4,relu3_1,0.0006513490946272796,-0.0672547044723905,0.5150048228185619
4,relu3_1,0.0006634708121092351,-0.06637298688652819,0.5205421028067311
4,relu3_1,0.000675818116816111,-0.06561357578539267,0.5253353612350331
4,relu3_1,0.0006883952069645496,-0.06532849066942975,0.5271404829833817
4,relu3_1,0.0007012063589007177,-0.06417547536484056,0.5344728522695918
4,relu3_1,0.0007142559285543119,-0.06325306312116921,0.5403749862173768
4,relu3_1,0.0007275483529196233,-0.06052652104796419,0.5580063214675963
4,relu3_1,0.0007410881515641569,-0.05816682266979365,0.5734842720870765
4,relu3_1,0.0007548799281653432,-0.0582476202106585,0.5729510027063907
4,relu3_1,0.0007689283720758305,-0.057298661137408675,0.5792287539767841
4,relu3_1,0.0007832382599179204,-0.056484759700797756,0.5846382209795596
4,relu3_1,0.0007978144572076629,-0.05584758236877142,0.5888891832150063
4,relu3_1,0.0008126619200091946,-0.05438236541688957,0.598717314453964
4,relu3_1,0.0008277856966198472,-0.052850587924955374,0.6090694289133827
4,relu3_1,0.0008431909292866251,-0.05198293467974184,0.6149677720590936
4,relu3_1,0.0008588828559546258,-0.05226727804796023,0.6130320697266654
4,relu3_1,0.0008748668120479914,-0.05354296533949401,0.604380466786106
4,relu3_1,0.0008911482322840202,-0.05548508775056206,0.5913138330398698
4,relu3_1,0.0009077326525210223,-0.05245181104938888,0.611777257096466
4,relu3_1,0.0009246257116405734,-0.051339801619466344,0.6193557051159795
4,relu3_1,0.0009418331534647961,-0.05157027587739464,0.617781692480812
4,relu3_1,0.0009593608287093146,-0.05009634134576131,0.6278773611412628
4,relu3_1,0.0009772146969725724,-0.04987804015737703,0.629378511730086
4,relu3_1,0.0009954008287621518,-0.045983727137059845,0.6564063405051414
4,relu3_1,0.0010139254075588143,-0.043667194449852724,0.6726992396910629
4,relu3_1,0.0010327947319189526,-0.04128437682201338,0.6896175098942506
4,relu3_1,0.0010520152176161591,-0.04178648454582583,0.686039424905066
4,relu3_1,0.001071593399822671,-0.03891512120158613,0.7065922580986288
4,relu3_1,0.0010915359353313911,-0.04256536163658507,0.6805027480129454
4,relu3_1,0.0011118496048192698,-0.04421670269364683,0.6688203186687783
4,relu3_1,0.0011325413151528126,-0.04125716018032469,0.6898116553424521
4,relu3_1,0.0011536181017364785,-0.04257983994664159,0.6803999875240957
4,relu3_1,0.0011750871309048076,-0.039776628835919925,0.7004027536947295
4,relu3_1,0.0011969557023590429,-0.03860521966643788,0.7088234488967816
4,relu3_1,0.0012192312516491094,-0.0632703325835213,0.5402641921797948
4,relu3_1,0.0012419213527017847,-0.05925799980676344,0.5663020579705335
4,relu3_1,0.0012650337203959038,-0.06816948830685157,0.50929187313392
4,relu3_1,0.0012885762131855181,-0.05369043130916825,0.6033838513940161
4,relu3_1,0.0013125568357718427,-0.055916909611245735,0.588425982854277
4,relu3_1,0.0013369837418249451,-0.054335052787593825,0.5990358864736289
4,relu3_1,0.0013618652367560827,-0.06569078941099486,0.5248469907551834
4,relu3_1,0.001387209780541621,-0.05794384414737862,0.5749571456456467
4,relu3_1,0.0014130259905995337,-0.0666741186553853,0.5186475750967109
4,relu3_1,0.0014393226447194064,-0.07262726627025522,0.4819268664016747
4,relu3_1,0.001466108684046983,-0.0895441572954404,0.38561238141667975
4,relu3_1,0.0014933932161242535,-0.11350102210257279,0.2708647898971852
4,relu3_1,0.001521185517986105,-0.10207433179828196,0.32236635921259077
4,relu3_1,0.0015494950393146315,-0.1200306775171619,0.2440728748513691
4,relu3_1,0.0015783314056521166,-0.10495590607317375,0.30882206814173535
4,relu3_1,0.0016077044216738221,-0.10684805122725678,0.30013276567378405
4,relu3_1,0.001637624074521689,-0.10551403668010582,0.306242117917938
4,relu3_1,0.0016681005372000592,-0.10626596920701034,0.30278860984161315
4,relu3_1,0.001699144172034626,-0.11030585236641469,0.2846717918952421
4,relu3_1,0.001730765534195724,-0.10682535488510861,0.30023603424564554
4,relu3_1,0.0017629753752872038,-0.08713352407346243,0.39858315816109524
4,relu3_1,0.0017957846470020968,-0.10591033330419335,0.3044188010074777
4,relu3_1,0.0018292045048462937,-0.11345467827105925,0.2710617666060288
4,relu3_1,0.0018632463119315598,-0.11198477471056013,0.2773594759365677
4,relu3_1,0.0018979216428390996,-0.10891088135269077,0.29084414766520506
4,relu3_1,0.0019332422875550433,-0.10931812886565748,0.2890331078629101
4,relu3_1,0.0019692202554791737,-0.09151473651682919,0.3752002654306285
4,relu3_1,0.002005867779508234,-0.07968141510114984,0.44028240105787103
4,relu3_1,0.0020431973201952705,-0.09022386629108468,0.38200148563742153
4,relu3_1,0.002081221569986337,-0.09375655925512057,0.3635650617842388
4,relu3_1,0.002119953457536069,-0.07126940068539817,0.49017813068694616
4,relu3_1,0.0021594061521035676,-0.07474302512578396,0.4692197299805369
4,relu3_1,0.0021995930680300748,-0.0710637583699845,0.49143423124496416
4,relu3_1,0.0022405278693000182,-0.07190824146170009,0.4862868382866215
4,relu3_1,0.002282224474186896,-0.08115075408765174,0.43187115734068177
4,relu3_1,0.0023246970599856455,-0.07168220610066263,0.48766177800050925
4,relu3_1,0.0023679600678330787,-0.07425268134741476,0.4721483743675166
4,relu3_1,0.002412028207618007,-0.07550030666572703,0.4647162526329452
4,relu3_1,0.00245691646298279,-0.09941034415300302,0.3352219453616465
4,relu3_1,0.0025026400964179166,-0.09951172120568894,0.33472686374144056
4,relu3_1,0.0025492146544514203,-0.09990806320800276,0.33279575334966316
4,relu3_1,0.0025966559729348722,-0.06577202659792032,0.5243334185766405
4,relu3_1,0.00264498018242772,-0.08067735836534662,0.43457106198085615
4,relu3_1,0.0026942037136818823,-0.06967318190157223,0.49997256413238517
4,relu3_1,0.0027443433032283623,-0.06438311467368733,0.533148682339532
4,relu3_1,0.002795415999067859,-0.06345561550100602,0.5390761942269586
4,relu3_1,0.0028474391664672478,-0.09485643397095038,0.3579387683156124
4,relu3_1,0.0029004304938639917,-0.1537564903619709,0.134738465345143
4,relu3_1,0.00295440799888038,-0.11365034609033828,0.270230769894563
4,relu3_1,0.003009390034449718,-0.15419156050142066,0.1336252575766094
4,relu3_1,0.00306539529505653,-0.1183215520601609,0.2509017646627014
4,relu3_1,0.0031224428230928578,-0.14171467524943343,0.16842332776831717
4,relu3_1,0.00318055201533292,-0.15643640914439325,0.12799235882441504
4,relu3_1,0.0032397426295281955,-0.15643640914439325,0.12799235882441504
4,relu3_1,0.003300034791125282,-0.15643640914439325,0.12799235882441504
4,relu3_1,0.0033614490001087688,-0.15795120902407486,0.1242952272631711
4,relu3_1,0.003424006137971426,-0.15795120902407486,0.1242952272631711
4,relu3_1,0.0034877274748141775,-0.14818948213029198,0.14961200249083734
4,relu3_1,0.0035526346765781393,-0.14818948213029198,0.14961200249083734
4,relu3_1,0.003618749812411277,-0.14871521488859996,0.14815679963888861
4,relu3_1,0.0036860953621721615,-0.16333951775231187,0.11180582377940183
4,relu3_1,0.003754694224073337,-0.16333951775231187,0.11180582377940183
4,relu3_1,0.0038245697224669993,-0.2349130867271178,0.021230627703646164
4,relu3_1,0.0038957456157755013,-0.2349130867271178,0.021230627703646164
4,relu3_1,0.003968246104569478,-0.2349130867271178,0.021230627703646164
4,relu3_1,0.00404209583979631,-0.2349130867271178,0.021230627703646164
4,relu3_1,0.004117319931161679,-0.23469129470413755,0.02135662646925422
4,relu3_1,0.004193943955667186,-0.2367019832951643,0.020237457692386628
4,relu3_1,0.004271993966306777,-0.21685654510724137,0.03381740838246734
4,relu3_1,0.004351496500925045,-0.21685654510724137,0.03381740838246734
4,relu3_1,0.0044324785912404005,-0.2620484258709353,0.009904549308697467
4,relu3_1,0.004514967772036102,-0.2620484258709353,0.009904549308697467
4,relu3_1,0.004598992090522438,-0.2620484258709353,0.009904549308697467
4,relu3_1,0.004684580115873045,-0.2620484258709353,0.009904549308697467
4,relu3_1,0.004771760948938741,-0.2620484258709353,0.009904549308697467
4,relu3_1,0.004860564232142139,-0.2620484258709353,0.009904549308697467
4,relu3_1,0.004951020159556351,-0.19482964941909142,0.05714527860024978
4,relu3_1,0.005043159487171359,-0.19482964941909142,0.05714527860024978
4,relu3_1,0.005137013543351339,-0.19482964941909142,0.05714527860024978
4,relu3_1,0.005232614239486656,-0.19482964941909142,0.05714527860024978
4,relu3_1,0.005329994080844093,-0.19482964941909142,0.05714527860024978
4,relu3_1,0.005429186177618943,-0.19482964941909142,0.05714527860024978
4,relu3_1,0.0055302242561929005,-0.19482964941909142,0.05714527860024978
4,relu3_1,0.005633142670601352,-0.19482964941909142,0.05714527860024978
4,relu3_1,0.005737976414214128,-0.19482964941909142,0.05714527860024978
4,relu3_1,0.0058447611316336376,-0.14254168230177564,0.1659277411568338
4,relu3_1,0.00595353313081437,-0.14254168230177564,0.1659277411568338
4,relu3_1,0.006064329395408062,-0.14254168230177564,0.1659277411568338
4,relu3_1,0.006177187597338488,-0.14254168230177564,0.1659277411568338
4,relu3_1,0.0062921461096103375,-0.14254168230177564,0.1659277411568338
4,relu3_1,0.006409244019356457,-0.14254168230177564,0.1659277411568338
4,relu3_1,0.006528521141127847,-0.14254168230177564,0.1659277411568338
4,relu3_1,0.006650018030431118,-0.14254168230177564,0.1659277411568338
4,relu3_1,0.006773775997517745,-0.14254168230177564,0.1659277411568338
4,relu3_1,0.006899837121430011,-0.14254168230177564,0.1659277411568338
4,relu3_1,0.0070282442643083524,-0.14254168230177564,0.1659277411568338
4,relu3_1,0.0071590410859648885,-0.14254168230177564,0.1659277411568338
4,relu3_1,0.007292272058728313,,
4,relu3_1,0.00742798248256491,,
4,relu3_1,0.007566218500481048,,
4,relu3_1,0.007707027114212304,,
4,relu3_1,0.00785045620020451,,
4,relu3_1,0.007996554525892346,,
4,relu3_1,0.008145371766280737,,
4,relu3_1,0.008296958520834915,,
4,relu3_1,0.008451366330684721,,
4,relu3_1,0.008608647696149245,,
4,relu3_1,0.008768856094587427,,
4,relu3_1,0.008932045998580959,,
4,relu3_1,0.009098272894455568,,
4,relu3_1,0.009267593301146883,,
4,relu3_1,0.009440064789417604,,
4,relu3_1,0.009615746001432095,,
4,relu3_1,0.009794696670695385,,
4,relu3_1,0.009976977642363211,,
4,relu3_1,0.010162650893929951,,
4,relu3_1,0.010351779556301762,,
4,relu3_1,0.010544427935261684,,
4,relu3_1,0.010740661533334323,,
4,relu3_1,0.010940547072057435,,
4,relu3_1,0.011144152514667882,,
4,relu3_1,0.01135154708920999,,
4,relu3_1,0.011562801312073753,,
4,relu3_1,0.011777987011971181,,
4,relu3_1,0.011997177354358856,,
4,relu3_1,0.012220446866314887,,
4,relu3_1,0.012447871461879062,,
4,relu3_1,0.01267952846786434,,
4,relu3_1,0.012915496650148827,,
4,relu3_1,0.013155856240457052,,
4,relu3_1,0.013400688963639508,,
4,relu3_1,0.013650078065460139,,
4,relu3_1,0.013904108340900697,,
4,relu3_1,0.014162866162991974,,
4,relu3_1,0.014426439512181588,,
4,relu3_1,0.014694918006248172,,
4,relu3_1,0.014968392930772555,,
4,relu3_1,0.01524695727017573,,
4,relu3_1,0.015530705739334584,,
4,relu3_1,0.015819734815786014,,
4,relu3_1,0.016114142772530198,,
4,relu3_1,0.016414029711444664,,
4,relu3_1,0.016719497597319884,,
4,relu3_1,0.017030650292528426,,
4,relu3_1,0.017347593592339325,,
4,relu3_1,0.017670435260889468,,
4,relu3_1,0.017999285067824763,,
4,relu3_1,0.018334254825622887,,
4,relu3_1,0.01867545842761074,,
4,relu3_1,0.019023011886689457,,
4,relu3_1,0.01937703337477989,,
4,relu3_1,0.019737643263002553,,
4,relu3_1,0.02010496416260497,,
4,relu3_1,0.020479120966650832,,
4,relu3_1,0.02086024089248505,,
4,relu3_1,0.021248453524988827,,
4,relu3_1,0.021643890860640204,,
4,relu3_1,0.022046687352394075,,
4,relu3_1,0.022456979955397718,,
4,relu3_1,0.02287490817355704,,
4,relu3_1,0.023300614106969247,,
4,relu3_1,0.023734242500238662,,
4,relu3_1,0.024175940791691282,,
4,relu3_1,0.024625859163505442,,
4,relu3_1,0.02508415059277541,,
4,relu3_1,0.02555097090352507,,
4,relu3_1,0.026026478819690044,,
4,relu3_1,0.02651083601908536,,
4,relu3_1,0.027004207188377698,,
4,relu3_1,0.027506760079080674,,
4,relu3_1,0.028018665564591955,,
4,relu3_1,0.028540097698292376,,
4,relu3_1,0.029071233772725753,,
4,relu3_1,0.029612254379880375,,
4,relu3_1,0.03016334347259197,,
4,relu3_1,0.030724688427090033,,
4,relu3_1,0.031296480106707505,,
4,relu3_1,0.03187891292677643,,
4,relu3_1,0.03247218492073132,,
4,relu3_1,0.03307649780744242,,
4,relu3_1,0.033692057059802674,,
4,relu3_1,0.03431907197459043,,
4,relu3_1,0.03495775574363272,,
4,relu3_1,0.03560832552629282,,
4,relu3_1,0.036271002523306485,,
4,relu3_1,0.03694601205199302,,
4,relu3_1,0.03763358362286533,,
4,relu3_1,0.03833395101766598,,
4,relu3_1,0.03904735236885564,,
4,relu3_1,0.03977403024058037,,
4,relu3_1,0.04051423171114647,,
4,relu3_1,0.04126820845702952,,
4,relu3_1,0.0420362168384471,,
4,relu3_1,0.042818517986524154,,
4,relu3_1,0.04361537789208006,,
4,relu3_1,0.044427067496068826,,
4,relu3_1,0.04525386278170167,,
4,relu3_1,0.046096044868284294,,
4,relu3_1,0.04695390010680063,,
4,relu3_1,0.04782772017727485,,
4,relu3_1,0.04871780218794631,,
4,relu3_1,0.04962444877628913,,
4,relu3_1,0.050547968211912354,,
4,relu3_1,0.051488674501374974,,
4,relu3_1,0.05244688749495119,,
4,relu3_1,0.053422932995383525,,
4,relu3_1,0.054417142868658876,,
4,relu3_1,0.05542985515684663,,
4,relu3_1,0.05646141419303673,,
4,relu3_1,0.057512170718416133,,
4,relu3_1,0.05858248200152536,,
4,relu3_1,0.0596727119597331,,
4,relu3_1,0.060783231282972236,,
4,relu3_1,0.06191441755977847,,
4,relu3_1,0.06306665540567406,,
4,relu3_1,0.0642403365939419,,
4,relu3_1,0.0654358601888323,,
4,relu3_1,0.06665363268124906,,
4,relu3_1,0.06789406812696112,,
4,relu3_1,0.06915758828738525,,
4,relu3_1,0.07044462277299036,,
4,relu3_1,0.07175560918936921,,
4,relu3_1,0.07309099328602904,,
4,relu3_1,0.07445122910795143,,
4,relu3_1,0.0758367791499719,,
4,relu3_1,0.077248114514034,,
4,relu3_1,0.07868571506936843,,
4,relu3_1,0.08015006961565396,,
4,relu3_1,0.08164167604921473,,
4,relu3_1,0.08316104153230962,,
4,relu3_1,0.08470868266557402,,
4,relu3_1,0.08628512566366887,,
4,relu3_1,0.08789090653419963,,
4,relu3_1,0.08952657125996401,,
4,relu3_1,0.09119267598459298,,
4,relu3_1,0.09288978720164498,,
4,relu3_1,0.09461848194721992,,
4,relu3_1,0.09637934799615795,,
4,relu3_1,0.09817298406188842,,
4,relu3_1,0.1,,
5,relu3_2,1e-09,-0.40249328537019197,4.7973408406645955e-05
5,relu3_2,1.0186101701559773e-09,-0.40457150632007893,4.3460979774895236e-05
5,relu3_2,1.0375666787451849e-09,-0.4080306578125555,3.681790260977088e-05
5,relu3_2,1.0568759711848051e-09,-0.40697268294057454,3.874152754769074e-05
5,relu3_2,1.0765446128423137e-09,-0.40198867999850235,4.9133129510059915e-05
5,relu3_2,1.0965792912678099e-09,-0.4034618294435987,4.581863033325756e-05
5,relu3_2,1.116986818467825e-09,-0.40523208307871306,4.211177246201212e-05
5,relu3_2,1.1377741332214901e-09,-0.40539495672296805,4.178516959864678e-05
5,relu3_2,1.1589483034398119e-09,-0.4050462918190463,4.248723954226493e-05
5,relu3_2,1.180516528568803e-09,-0.40435438751043973,4.3913174363611634e-05
5,relu3_2,1.2024861420374123e-09,-0.4047044142676117,4.318631977149358e-05
5,relu3_2,1.2248646137509333e-09,-0.4056472922241089,4.128383874174746e-05
5,relu3_2,1.2476595526308685e-09,-0.4046746185018753,4.324775276205103e-05
5,relu3_2,1.2708787092020595e-09,-0.40446702312831817,4.36780423337682e-05
5,relu3_2,1.2945299782279134e-09,-0.4067554048910308,3.914802702520099e-05
5,relu3_2,1.3186214013947485e-09,-0.4053039424067187,4.196738370761046e-05
5,relu3_2,1.3431611700460181e-09,-0.4063376437780374,3.994081800403011e-05
5,relu3_2,1.3681576279674706e-09,-0.4058235439242812,4.093700503097395e-05
5,relu3_2,1.3936192742241434e-09,-0.4052402399820171,4.2095359293234503e-05
5,relu3_2,1.4195547660500987e-09,-0.40464199853367494,4.3315102212024795e-05
5,relu3_2,1.4459729217920195e-09,-0.4083506854620175,3.625383605910281e-05
5,relu3_2,1.4728827239075047e-09,-0.4068056418654814,3.9053687658692074e-05
5,relu3_2,1.5002933220192166e-09,-0.40185299492166254,4.944940178991507e-05
5,relu3_2,1.5282140360258708e-09,-0.40450634691412596,4.35962291936581e-05
5,relu3_2,1.5566543592710589e-09,-0.40511944007308476,4.2339042272380416e-05
5,relu3_2,1.5856239617711372e-09,-0.4051764483295685,4.2223879073361656e-05
5,relu3_2,1.615132693503093e-09,-0.40296396784088845,4.691471358905068e-05
5,relu3_2,1.6451905877536607e-09,-0.4055183267451895,4.153935685774909e-05
5,relu3_2,1.6758078645307687e-09,-0.4084280638525302,3.611866948374805e-05
5,relu3_2,1.7069949340384045e-09,-0.4043774778755544,4.386487612638693e-05
5,relu3_2,1.7387624002162505e-09,-0.4034930055688153,4.5750794714952165e-05
5,relu3_2,1.7711210643450904e-09,-0.40410480416946826,4.443840589810947e-05
5,relu3_2,1.8040819287193808e-09,-0.40495940647435835,4.2663896984565205e-05
5,relu3_2,1.8376562003881724e-09,-0.40624003821644994,4.0128193157887775e-05
5,relu3_2,1.8718552949655752e-09,-0.4063986870068344,3.982404774391759e-05
5,relu3_2,1.906690840512252e-09,-0.40478031447449686,4.303019627921501e-05
5,relu3_2,1.9421746814890284e-09,-0.4035933748794393,4.553303865570775e-05
5,relu3_2,1.9783188827841624e-09,-0.40453477214626254,4.3537179567649134e-05
5,relu3_2,2.0151357338155587e-09,-0.4054490331688018,4.167725650525591e-05
5,relu3_2,2.052637752709248e-09,-0.4045212839601567,4.3565190162356775e-05
5,relu3_2,2.09083769055575e-09,-0.4034753355717841,4.5789231058741704e-05
5,relu3_2,2.129748535745523e-09,-0.40327322919778147,4.623100750144714e-05
5,relu3_2,2.1693835183851823e-09,-0.40548432060210854,4.1606978440386574e-05
5,relu3_2,2.2097561147959033e-09,-0.40385515366605557,4.4969638325252284e-05
5,relu3_2,2.250880052095457e-09,-0.40551420099089475,4.1547555493176164e-05
5,relu3_2,2.2927693128656487e-09,-0.4027537092567124,4.7384920802845545e-05
5,relu3_2,2.3354381399064818e-09,-0.407146030399839,3.842004689186159e-05
5,relu3_2,2.378901041078891e-09,-0.40509093624182946,4.239673314388325e-05
5,relu3_2,2.4231727942376006e-09,-0.4029069747933838,4.7041736898204904e-05
5,relu3_2,2.4682684522556873e-09,-0.40328679417572216,4.620123230671981e-05
5,relu3_2,2.5142033481427964e-09,-0.4041467997027283,4.4349620867707566e-05
5,relu3_2,2.560993100258462e-09,-0.4047301720863818,4.3133277873025935e-05
5,relu3_2,2.6086536176225453e-09,-0.40505702379697783,4.246546645237493e-05
5,relu3_2,2.657201105324507e-09,-0.4049959813962449,4.2589448558682116e-05
5,relu3_2,2.7066520700332356e-09,-0.4033858530240845,4.598433936667925e-05
5,relu3_2,2.7570233256095828e-09,-0.40378869835952647,4.511204414773905e-05
5,relu3_2,2.8083319988231753e-09,-0.4025393552680438,4.7868809068276144e-05
5,relu3_2,2.860595535175739e-09,-0.4034523103589748,4.583936144549662e-05
5,relu3_2,2.9138317048327884e-09,-0.4032502018645781,4.6281593605122284e-05
5,relu3_2,2.9680586086655964e-09,-0.40303584208382,4.675497996321886e-05
5,relu3_2,3.0232946844057765e-09,-0.4039568906555926,4.47524403993728e-05
5,relu3_2,3.0795587129142296e-09,-0.4043136923005992,4.3998417569311236e-05
5,relu3_2,3.1368698245668734e-09,-0.40429197361253033,4.40439743139577e-05
5,relu3_2,3.1952475057592137e-09,-0.40497159819302103,4.263906719878517e-05
5,relu3_2,3.2547116055318414e-09,-0.40385515366605557,4.4969638325252284e-05
5,relu3_2,3.3152823423194234e-09,-0.40302769281782136,4.6773065393003506e-05
5,relu3_2,3.376980310825095e-09,-0.40311586487542006,4.657773390916584e-05
5,relu3_2,3.439826489022921e-09,-0.4041739295666048,4.429235218766935e-05
5,relu3_2,3.5038422452906756e-09,-0.40456731259281453,4.346967276504778e-05
5,relu3_2,3.5690493456752222e-09,-0.4042186652197505,4.419806996725873e-05
5,relu3_2,3.635469961293318e-09,-0.40567010309278356,4.123879676749178e-05
5,relu3_2,3.703126675869931e-09,-0.4035160303675989,4.570075560026242e-05
5,relu3_2,3.772042493416993e-09,-0.40422277765362746,4.418941225006152e-05
5,relu3_2,3.842240846055061e-09,-0.403406142860916,4.594003140647971e-05
5,relu3_2,3.913745601980376e-09,-0.4037480034257045,4.519945615462066e-05
5,relu3_2,3.9865810735804386e-09,-0.4044981161787916,4.3613341396495015e-05
5,relu3_2,4.060772025700369e-09,-0.4051858910874141,4.220483187059688e-05
5,relu3_2,4.13634368406327e-09,-0.40374526500932456,4.5205343896298074e-05
5,relu3_2,4.2133217438472886e-09,-0.4041739295666048,4.429235218766935e-05
5,relu3_2,4.291732378422149e-09,-0.40292595582828433,4.69993973113923e-05
5,relu3_2,4.371602248248502e-09,-0.4045008597014109,4.360763674862255e-05
5,relu3_2,4.45295850994266e-09,-0.40379821964261925,4.509161537900002e-05
5,relu3_2,4.5358288255101815e-09,-0.4031470428648943,4.650884622911004e-05
5,relu3_2,4.620241371751313e-09,-0.40356892149215207,4.5586002183194604e-05
5,relu3_2,4.706224849841272e-09,-0.40362318103589745,4.546855921687244e-05
5,relu3_2,4.793808495089107e-09,-0.40348616386326647,4.576567343960312e-05
5,relu3_2,4.883022086877885e-09,-0.4044357026587087,4.374330705133541e-05
5,relu3_2,4.9738959587900574e-09,-0.4044113158755245,4.37941865493216e-05
5,relu3_2,5.066461008921269e-09,-0.4041115169296058,4.442420296095334e-05
5,relu3_2,5.1607487103859185e-09,-0.40282285276565316,4.722981028125329e-05
5,relu3_2,5.256791122018419e-09,-0.4037005260029122,4.530163655411021e-05
5,relu3_2,5.354620899273613e-09,-0.40357707256132114,4.5568341420813884e-05
5,relu3_2,5.454271305329825e-09,-0.40321081939898795,4.636822811319658e-05
5,relu3_2,5.555776222398878e-09,-0.4043285551045873,4.396726695444342e-05
5,relu3_2,5.659170163246254e-09,-0.4043285551045873,4.396726695444342e-05
5,relu3_2,5.7644882829258735e-09,-0.40398943295617873,4.468317284416501e-05
5,relu3_2,5.8717663907332614e-09,-0.40385515366605557,4.4969638325252284e-05
5,relu3_2,5.981040962380932e-09,-0.4031470428648943,4.650884622911004e-05
5,relu3_2,6.092349152400712e-09,-0.40374526500932456,4.5205343896298074e-05
5,relu3_2,6.205728806776513e-09,-0.4036381147550433,4.543628525581149e-05
5,relu3_2,6.321218475812448e-09,-0.40374526500932456,4.5205343896298074e-05
5,relu3_2,6.4388574272404256e-09,-0.4042186652197505,4.419806996725873e-05
5,relu3_2,6.558685659571422e-09,-0.4039568906555926,4.47524403993728e-05
5,relu3_2,6.680743915695615e-09,-0.403250146672648,4.628171491194118e-05
5,relu3_2,6.8050736967352206e-09,-0.4043285551045873,4.396726695444342e-05
5,relu3_2,6.9317172761554e-09,-0.40426751311787373,4.4095334925680374e-05
5,relu3_2,7.06071771413778e-09,-0.4044357026587087,4.374330705133541e-05
5,relu3_2,7.192118872221178e-09,-0.4037480034257045,4.519945615462066e-05
5,relu3_2,7.32596542821523e-09,-0.40368696102497154,4.5330870514842923e-05
5,relu3_2,7.462302891391123e-09,-0.4044357026587087,4.374330705133541e-05
5,relu3_2,7.601177617955322e-09,-0.40321081939898795,4.636822811319658e-05
5,relu3_2,7.742636826811278e-09,-0.40374526500932456,4.5205343896298074e-05
5,relu3_2,7.88672861561414e-09,-0.4030331084976665,4.676104580450185e-05
5,relu3_2,8.033501977124735e-09,-0.4044357026587087,4.374330705133541e-05
5,relu3_2,8.183006815867407e-09,-0.4033179711023297,4.613286659285762e-05
5,relu3_2,8.335293965098187e-09,-0.4039433257236543,4.4781343461150725e-05
5,relu3_2,8.490415204088756e-09,-0.4034088789771881,4.593405945726904e-05
5,relu3_2,8.648423275731709e-09,-0.4032691264243083,4.6240016635231805e-05
5,relu3_2,8.80937190447399e-09,-0.4044357026587087,4.374330705133541e-05
5,relu3_2,8.973315814583538e-09,-0.4032691264243083,4.6240016635231805e-05
5,relu3_2,9.140310748756223e-09,-0.40426751311787373,4.4095334925680374e-05
5,relu3_2,9.310413487069086e-09,-0.4032718615927101,4.6234010394631815e-05
5,relu3_2,9.483681866285909e-09,-0.40405321542936923,4.4547699453357245e-05
5,relu3_2,9.660174799522645e-09,-0.40321081939898795,4.636822811319658e-05
5,relu3_2,9.839952296278247e-09,-0.4037723947811972,4.514704499496492e-05
5,relu3_2,1.0023075482838643e-08,-0.40426751311787373,4.4095334925680374e-05
5,relu3_2,1.0209606623060476e-08,-0.4033790130890433,4.599928506767981e-05
5,relu3_2,1.0399609139541204e-08,-0.40385515366605557,4.4969638325252284e-05
5,relu3_2,1.05931476351837e-08,-0.4044357026587087,4.374330705133541e-05
5,relu3_2,1.0790287915161835e-08,-0.40346992137792104,4.5801014215012255e-05
5,relu3_2,1.099109700929496e-08,-0.4037941114723334,4.510042876872809e-05
5,relu3_2,1.1195643194838794e-08,-0.4044357026587087,4.374330705133541e-05
5,relu3_2,1.1403996019700331e-08,-0.4044357026587087,4.374330705133541e-05
5,relu3_2,1.1616226326085019e-08,-0.4033179711023297,4.613286659285762e-05
5,relu3_2,1.183240627458378e-08,-0.40374526500932456,4.5205343896298074e-05
5,relu3_2,1.2052609368708414e-08,-0.40293000542593604,4.699036877650344e-05
5,relu3_2,1.2276910479883604e-08,-0.4033790130890433,4.599928506767981e-05
5,relu3_2,1.2505385872903913e-08,-0.40348616386326647,4.576567343960312e-05
5,relu3_2,1.2738113231864785e-08,-0.40348616386326647,4.576567343960312e-05
5,relu3_2,1.2975171686575868e-08,-0.40409658166033646,4.4455808953666146e-05
5,relu3_2,1.3216641839466038e-08,-0.40348616386326647,4.576567343960312e-05
5,relu3_2,1.346260579298911e-08,-0.4044357026587087,4.374330705133541e-05
5,relu3_2,1.3713147177539456e-08,-0.4043285551045873,4.396726695444342e-05
5,relu3_2,1.3968351179887397e-08,-0.40405047494289226,4.4553512333131023e-05
5,relu3_2,1.422830457214352e-08,-0.40385515366605557,4.4969638325252284e-05
5,relu3_2,1.4493095741262151e-08,-0.40396230318430604,4.474091267914513e-05
5,relu3_2,1.4762814719093911e-08,-0.4043285551045873,4.396726695444342e-05
5,relu3_2,1.5037553212997385e-08,-0.4037941114723334,4.510042876872809e-05
5,relu3_2,1.5317404637020797e-08,-0.40348616386326647,4.576567343960312e-05
5,relu3_2,1.560246414366368e-08,-0.4037941114723334,4.510042876872809e-05
5,relu3_2,1.5892828656229763e-08,-0.40396230318430604,4.474091267914513e-05
5,relu3_2,1.618859690178199e-08,-0.40405047494289226,4.4553512333131023e-05
5,relu3_2,1.648986944471065e-08,-0.4033790130890433,4.599928506767981e-05
5,relu3_2,1.679674872092653e-08,-0.40348616386326647,4.576567343960312e-05
5,relu3_2,1.7109339072690134e-08,-0.40348616386326647,4.576567343960312e-05
5,relu3_2,1.7427746784089175e-08,-0.4033790130890433,4.599928506767981e-05
5,relu3_2,1.775208011717636e-08,-0.4037941114723334,4.510042876872809e-05
5,relu3_2,1.8082449348779518e-08,-0.4033790130890433,4.599928506767981e-05
5,relu3_2,1.841896680799711e-08,-0.40348616386326647,4.576567343960312e-05
5,relu3_2,1.8761746914391196e-08,-0.40348616386326647,4.576567343960312e-05
5,relu3_2,1.911090621689136e-08,-0.40396230318430604,4.474091267914513e-05
5,relu3_2,1.946656343342263e-08,-0.40396230318430604,4.474091267914513e-05
5,relu3_2,1.9828839491270715e-08,-0.4044357026587087,4.374330705133541e-05
5,relu3_2,2.0197857568198784e-08,-0.4044357026587087,4.374330705133541e-05
5,relu3_2,2.0573743134329116e-08,-0.40362318103589745,4.546855921687244e-05
5,relu3_2,2.095662399480431e-08,-0.4031470428648943,4.650884622911004e-05
5,relu3_2,2.1346630333242455e-08,-0.4030398909406347,4.674599687852779e-05
5,relu3_2,2.17438947560008e-08,-0.4044357026587087,4.374330705133541e-05
5,relu3_2,2.2148552337263593e-08,-0.4033790130890433,4.599928506767981e-05
5,relu3_2,2.256074066496859e-08,-0.4044357026587087,4.374330705133541e-05
5,relu3_2,2.2980599887588488e-08,-0.40348616386326647,4.576567343960312e-05
5,relu3_2,2.3408272761782943e-08,-0.40348616386326647,4.576567343960312e-05
5,relu3_2,2.3843904700937205e-08,-0.40396230318430604,4.474091267914513e-05
5,relu3_2,2.4287643824604505e-08,-0.40348616386326647,4.576567343960312e-05
5,relu3_2,2.4739641008868117e-08,-0.4037941114723334,4.510042876872809e-05
5,relu3_2,2.5200049937640895e-08,-0.40348616386326647,4.576567343960312e-05
5,relu3_2,2.566902715491952e-08,-0.40348616386326647,4.576567343960312e-05
5,relu3_2,2.614673211801092e-08,-0.40348616386326647,4.576567343960312e-05
5,relu3_2,2.6633327251749808e-08,-0.4033179711023297,4.613286659285762e-05
5,relu3_2,2.7128978003724646e-08,-0.40348616386326647,4.576567343960312e-05
5,relu3_2,2.763385290053167e-08,-0.4044357026587087,4.374330705133541e-05
5,relu3_2,2.8148123605075813e-08,-0.40396230318430604,4.474091267914513e-05
5,relu3_2,2.8671964974937697e-08,-0.40348616386326647,4.576567343960312e-05
5,relu3_2,2.9205555121827452e-08,-0.40348616386326647,4.576567343960312e-05
5,relu3_2,2.9749075472144435e-08,-0.40348616386326647,4.576567343960312e-05
5,relu3_2,3.030271082866393e-08,-0.40396230318430604,4.474091267914513e-05
5,relu3_2,3.0866649433372746e-08,-0.4033179711023297,4.613286659285762e-05
5,relu3_2,3.144108303147265e-08,-0.40348616386326647,4.576567343960312e-05
5,relu3_2,3.2026206936576504e-08,-0.40348616386326647,4.576567343960312e-05
5,relu3_2,3.262222009711673e-08,-0.40348616386326647,4.576567343960312e-05
5,relu3_2,3.322932516398968e-08,-0.40348616386326647,4.576567343960312e-05
5,relu3_2,3.384772855945983e-08,-0.40348616386326647,4.576567343960312e-05
5,relu3_2,3.447764054734464e-08,-0.40348616386326647,4.576567343960312e-05
5,relu3_2,3.5119275304507276e-08,-0.40396230318430604,4.474091267914513e-05
5,relu3_2,3.577285099367877e-08,-0.40348616386326647,4.576567343960312e-05
5,relu3_2,3.6438589837635405e-08,-0.40348616386326647,4.576567343960312e-05
5,relu3_2,3.711671819475767e-08,-0.40348616386326647,4.576567343960312e-05
5,relu3_2,3.780746663599349e-08,-0.40348616386326647,4.576567343960312e-05
5,relu3_2,3.851107002325569e-08,-0.40348616386326647,4.576567343960312e-05
5,relu3_2,3.9227767589277236e-08,-0.40348616386326647,4.576567343960312e-05
5,relu3_2,3.995780301895265e-08,-0.40348616386326647,4.576567343960312e-05
5,relu3_2,4.070142453219439e-08,-0.40348616386326647,4.576567343960312e-05
5,relu3_2,4.1458884968329114e-08,-0.40348616386326647,4.576567343960312e-05
5,relu3_2,4.223044187206672e-08,-0.40348616386326647,4.576567343960312e-05
5,relu3_2,4.3016357581067994e-08,-0.40348616386326647,4.576567343960312e-05
5,relu3_2,4.381689931514195e-08,-0.40348616386326647,4.576567343960312e-05
5,relu3_2,4.4632339267103976e-08,-0.40348616386326647,4.576567343960312e-05
5,relu3_2,4.546295469532399e-08,-0.40348616386326647,4.576567343960312e-05
5,relu3_2,4.630902801799737e-08,-0.40348616386326647,4.576567343960312e-05
5,relu3_2,4.717084690917022e-08,-0.40348616386326647,4.576567343960312e-05
5,relu3_2,4.804870439655134e-08,-0.40348616386326647,4.576567343960312e-05
5,relu3_2,4.8942898961145316e-08,-0.40348616386326647,4.576567343960312e-05
5,relu3_2,4.9853734638738935e-08,-0.40348616386326647,4.576567343960312e-05
5,relu3_2,5.0781521123276706e-08,-0.40348616386326647,4.576567343960312e-05
5,relu3_2,5.172657387216024e-08,-0.40348616386326647,4.576567343960312e-05
5,relu3_2,5.268921421350677e-08,-0.40348616386326647,4.576567343960312e-05
5,relu3_2,5.366976945540476e-08,-0.40348616386326647,4.576567343960312e-05
5,relu3_2,5.4668572997201804e-08,-0.40348616386326647,4.576567343960312e-05
5,relu3_2,5.568596444286409e-08,-0.4034129253038841,4.592522912152995e-05
5,relu3_2,5.6722289716445493e-08,-0.4034129253038841,4.592522912152995e-05
5,relu3_2,5.777790117970507e-08,-0.4033369506239827,4.6091293946926834e-05
5,relu3_2,5.885315775191451e-08,-0.4031009329273482,4.6610759705074405e-05
5,relu3_2,5.99484250318941e-08,-0.4033369506239827,4.6091293946926834e-05
5,relu3_2,6.106407542232036e-08,-0.4031009329273482,4.6610759705074405e-05
5,relu3_2,6.220048825634717e-08,-0.4028621812262616,4.7141795682923596e-05
5,relu3_2,6.335804992658255e-08,-0.4028621812262616,4.7141795682923596e-05
5,relu3_2,6.453715401646702e-08,-0.4028621812262616,4.7141795682923596e-05
5,relu3_2,6.573820143409585e-08,-0.4028621812262616,4.7141795682923596e-05
5,relu3_2,6.696160054853215e-08,-0.4028621812262616,4.7141795682923596e-05
5,relu3_2,6.820776732865692e-08,-0.4028621812262616,4.7141795682923596e-05
5,relu3_2,6.94771254846024e-08,-0.4028621812262616,4.7141795682923596e-05
5,relu3_2,7.077010661181889e-08,-0.4028621812262616,4.7141795682923596e-05
5,relu3_2,7.208715033782136e-08,-0.4028621812262616,4.7141795682923596e-05
5,relu3_2,7.342870447166758e-08,-0.4028621812262616,4.7141795682923596e-05
5,relu3_2,7.479522515621828e-08,-0.4028621812262616,4.7141795682923596e-05
5,relu3_2,7.618717702323e-08,-0.4028621812262616,4.7141795682923596e-05
5,relu3_2,7.760503335133571e-08,-0.4028621812262616,4.7141795682923596e-05
5,relu3_2,7.90492762269642e-08,-0.4028621812262616,4.7141795682923596e-05
5,relu3_2,8.05203967082547e-08,-0.4028621812262616,4.7141795682923596e-05
5,relu3_2,8.201889499202212e-08,-0.4028621812262616,4.7141795682923596e-05
5,relu3_2,8.354528058382872e-08,-0.4028621812262616,4.7141795682923596e-05
5,relu3_2,8.510007247122247e-08,-0.4028621812262616,4.7141795682923596e-05
5,relu3_2,8.668379930019774e-08,-0.4028621812262616,4.7141795682923596e-05
5,relu3_2,8.829699955494083e-08,-0.40276181077893963,4.736672200941106e-05
5,relu3_2,8.994022174092053e-08,-0.4028621812262616,4.7141795682923596e-05
5,relu3_2,9.161402457138521e-08,-0.4033369506239827,4.6091293946926834e-05
5,relu3_2,9.331897715733239e-08,-0.40316875735702995,4.646092428199121e-05
5,relu3_2,9.505565920101191e-08,-0.4033369506239827,4.6091293946926834e-05
5,relu3_2,9.682466119303114e-08,-0.4033369506239827,4.6091293946926834e-05
5,relu3_2,9.86265846131283e-08,-0.4033369506239827,4.6091293946926834e-05
5,relu3_2,1.0046204213468132e-07,-0.4033369506239827,4.6091293946926834e-05
5,relu3_2,1.023316578330245e-07,-0.4033369506239827,4.6091293946926834e-05
5,relu3_2,1.0423606739764012e-07,-0.4029978296256105,4.68393956991235e-05
5,relu3_2,1.061759183482999e-07,-0.4033369506239827,4.6091293946926834e-05
5,relu3_2,1.0815187025522893e-07,-0.4033369506239827,4.6091293946926834e-05
5,relu3_2,1.1016459496336569e-07,-0.40316875735702995,4.646092428199121e-05
5,relu3_2,1.1221477682079802e-07,-0.4029978296256105,4.68393956991235e-05
5,relu3_2,1.1430311291144787e-07,-0.40316875735702995,4.646092428199121e-05
5,relu3_2,1.1643031329208756e-07,-0.4033369506239827,4.6091293946926834e-05
5,relu3_2,1.1859710123376706e-07,-0.4033369506239827,4.6091293946926834e-05
5,relu3_2,1.208042134677329e-07,-0.4029978296256105,4.68393956991235e-05
5,relu3_2,1.2305240043592615e-07,-0.4029978296256105,4.68393956991235e-05
5,relu3_2,1.2534242654613995e-07,-0.4033369506239827,4.6091293946926834e-05
5,relu3_2,1.2767507043192645e-07,-0.4029978296256105,4.68393956991235e-05
5,relu3_2,1.3005112521734099e-07,-0.4029978296256105,4.68393956991235e-05
5,relu3_2,1.3247139878661174e-07,-0.4029978296256105,4.68393956991235e-05
5,relu3_2,1.3493671405883065e-07,-0.4029978296256105,4.68393956991235e-05
5,relu3_2,1.3744790926775367e-07,-0.4029978296256105,4.68393956991235e-05
5,relu3_2,1.400058382468096e-07,-0.4022246337493218,4.8587626622639215e-05
5,relu3_2,1.4261137071941298e-07,-0.4022246337493218,4.8587626622639215e-05
5,relu3_2,1.4526539259467813e-07,-0.4022246337493218,4.8587626622639215e-05
5,relu3_2,1.4796880626863963e-07,-0.4032284319045036,4.6329465010769294e-05
5,relu3_2,1.5072253093107556e-07,-0.4032284319045036,4.6329465010769294e-05
5,relu3_2,1.5352750287804213e-07,-0.4032284319045036,4.6329465010769294e-05
5,relu3_2,1.563846758302248e-07,-0.4032284319045036,4.6329465010769294e-05
5,relu3_2,1.592950212572123e-07,-0.4032284319045036,4.6329465010769294e-05
5,relu3_2,1.6225952870780872e-07,-0.4032284319045036,4.6329465010769294e-05
5,relu3_2,1.6527920614648973e-07,-0.4032284319045036,4.6329465010769294e-05
5,relu3_2,1.6835508029612007e-07,-0.4032284319045036,4.6329465010769294e-05
5,relu3_2,1.714881969870541e-07,-0.4032284319045036,4.6329465010769294e-05
5,relu3_2,1.7467962151272458e-07,-0.4032284319045036,4.6329465010769294e-05
5,relu3_2,1.7793043899185772e-07,-0.4032284319045036,4.6329465010769294e-05
5,relu3_2,1.8124175473742396e-07,-0.4032284319045036,4.6329465010769294e-05
5,relu3_2,1.8461469463245456e-07,-0.4032284319045036,4.6329465010769294e-05
5,relu3_2,1.8805040551285834e-07,-0.4032284319045036,4.6329465010769294e-05
5,relu3_2,1.915500555573528e-07,-0.4032284319045036,4.6329465010769294e-05
5,relu3_2,1.9511483468466165e-07,-0.4032284319045036,4.6329465010769294e-05
5,relu3_2,1.9874595495809857e-07,-0.4032284319045036,4.6329465010769294e-05
5,relu3_2,2.0244465099768018e-07,-0.4032284319045036,4.6329465010769294e-05
5,relu3_2,2.0621218039991447e-07,-0.4032284319045036,4.6329465010769294e-05
5,relu3_2,2.1004982416539152e-07,-0.4032284319045036,4.6329465010769294e-05
5,relu3_2,2.1395888713434216e-07,-0.4030113944655454,4.680925543267251e-05
5,relu3_2,2.179406984302958e-07,-0.4031212802562527,4.656576181391846e-05
5,relu3_2,2.2199661191199526e-07,-0.4030113944655454,4.680925543267251e-05
5,relu3_2,2.2612800663372794e-07,-0.4030113944655454,4.680925543267251e-05
5,relu3_2,2.3033628731421313e-07,-0.4030113944655454,4.680925543267251e-05
5,relu3_2,2.3462288481422625e-07,-0.4030113944655454,4.680925543267251e-05
5,relu3_2,2.389892566231053e-07,-0.4030113944655454,4.680925543267251e-05
5,relu3_2,2.434368873543108e-07,-0.4030113944655454,4.680925543267251e-05
5,relu3_2,2.47967289250216e-07,-0.4030113944655454,4.680925543267251e-05
5,relu3_2,2.5258200269627846e-07,-0.4030113944655454,4.680925543267251e-05
5,relu3_2,2.572825967447932e-07,-0.4030113944655454,4.680925543267251e-05
5,relu3_2,2.620706696483855e-07,-0.4030113944655454,4.680925543267251e-05
5,relu3_2,2.669478494034318e-07,-0.4030113944655454,4.680925543267251e-05
5,relu3_2,2.7191579430360187e-07,-0.4030113944655454,4.680925543267251e-05
5,relu3_2,2.769761935036891e-07,-0.4025366250678243,4.7875001913299006e-05
5,relu3_2,2.8213076759394705e-07,-0.40294357026587097,4.696013789489684e-05
5,relu3_2,2.8738126918510695e-07,-0.40294357026587097,4.696013789489684e-05
5,relu3_2,2.927294835042813e-07,-0.40294357026587097,4.696013789489684e-05
5,relu3_2,2.9817722900196733e-07,-0.40294357026587097,4.696013789489684e-05
5,relu3_2,3.0372635797033114e-07,-0.40294357026587097,4.696013789489684e-05
5,relu3_2,3.0937875717301365e-07,-0.40294357026587097,4.696013789489684e-05
5,relu3_2,3.1513634848664826e-07,-0.40294357026587097,4.696013789489684e-05
5,relu3_2,3.2100108955431685e-07,-0.40294357026587097,4.696013789489684e-05
5,relu3_2,3.2697497445117677e-07,-0.4027129679869778,4.747653855812639e-05
5,relu3_2,3.3306003436245885e-07,-0.4027129679869778,4.747653855812639e-05
5,relu3_2,3.3925833827409916e-07,-0.4027129679869778,4.747653855812639e-05
5,relu3_2,3.455719936762143e-07,-0.4027129679869778,4.747653855812639e-05
5,relu3_2,3.520031472796675e-07,-0.4023602821486707,4.8276582775137545e-05
5,relu3_2,3.585539857459817e-07,-0.4023602821486707,4.8276582775137545e-05
5,relu3_2,3.6522673643081754e-07,-0.4023602821486707,4.8276582775137545e-05
5,relu3_2,3.7202366814130657e-07,-0.4023602821486707,4.8276582775137545e-05
5,relu3_2,3.7894709190746713e-07,-0.4023602821486707,4.8276582775137545e-05
5,relu3_2,3.8599936176797634e-07,-0.4023602821486707,4.8276582775137545e-05
5,relu3_2,3.9318287557057704e-07,-0.4023602821486707,4.8276582775137545e-05
5,relu3_2,4.005000757873611e-07,-0.4023602821486707,4.8276582775137545e-05
5,relu3_2,4.079534503452449e-07,-0.4023602821486707,4.8276582775137545e-05
5,relu3_2,4.1554553347188797e-07,-0.4025094953879545,4.793658010876139e-05
5,relu3_2,4.232789065573544e-07,-0.4027672273467174,4.7354558180053984e-05
5,relu3_2,4.3115619903182285e-07,-0.4032148670645687,4.635931698926606e-05
5,relu3_2,4.391800892596086e-07,-0.4035675529028758,4.558896810490184e-05
5,relu3_2,4.473533054498463e-07,-0.4035675529028758,4.558896810490184e-05
5,relu3_2,4.556786265841069e-07,-0.40305208898535005,4.671894315093423e-05
5,relu3_2,4.6415888336127725e-07,-0.40305208898535005,4.671894315093423e-05
5,relu3_2,4.7279695916003907e-07,-0.40305208898535005,4.671894315093423e-05
5,relu3_2,4.815957910192351e-07,-0.4040016277807923,4.465724146223217e-05
5,relu3_2,4.905583706365046e-07,-0.40442213781877384,4.3771601317046996e-05
5,relu3_2,4.996877453854889e-07,-0.40442213781877384,4.3771601317046996e-05
5,relu3_2,5.089870193519674e-07,-0.40442213781877384,4.3771601317046996e-05
5,relu3_2,5.184593543892913e-07,-0.40535811177428116,4.185884543741191e-05
5,relu3_2,5.281079711934331e-07,-0.40535811177428116,4.185884543741191e-05
5,relu3_2,5.379361503980697e-07,-0.40535811177428116,4.185884543741191e-05
5,relu3_2,5.479472336900293e-07,-0.40535811177428116,4.185884543741191e-05
5,relu3_2,5.581446249454955e-07,-0.40520889853499736,4.215845659135868e-05
5,relu3_2,5.685317913873753e-07,-0.40520889853499736,4.215845659135868e-05
5,relu3_2,5.791122647641759e-07,-0.40497829625610426,4.262543159208479e-05
5,relu3_2,5.898896425508493e-07,-0.40497829625610426,4.262543159208479e-05
5,relu3_2,6.008675891719693e-07,-0.40497829625610426,4.262543159208479e-05
5,relu3_2,6.12049837247669e-07,-0.40497829625610426,4.262543159208479e-05
5,relu3_2,6.234401888627864e-07,-0.40497829625610426,4.262543159208479e-05
5,relu3_2,6.350425168595962e-07,-0.40497829625610426,4.262543159208479e-05
5,relu3_2,6.468607661546321e-07,-0.4051546391752578,4.226790148594082e-05
5,relu3_2,6.588989550799957e-07,-0.4051546391752578,4.226790148594082e-05
5,relu3_2,6.711611767496273e-07,-0.4051546391752578,4.226790148594082e-05
5,relu3_2,6.836516004510239e-07,-0.4051546391752578,4.226790148594082e-05
5,relu3_2,6.963744730628223e-07,-0.4051546391752578,4.226790148594082e-05
5,relu3_2,7.09334120498799e-07,-0.40508681497558335,4.240508052747655e-05
5,relu3_2,7.225349491787222e-07,-0.40508681497558335,4.240508052747655e-05
5,relu3_2,7.359814475265756e-07,-0.4056836679327185,4.121203360763613e-05
5,relu3_2,7.496781874966877e-07,-0.40604991861096046,4.049552757668803e-05
5,relu3_2,7.636298261282241e-07,-0.4056294085729789,4.13191836218944e-05
5,relu3_2,7.778411071286482e-07,-0.40531741725447645,4.194035985901521e-05
5,relu3_2,7.923168624866261e-07,-0.40531741725447645,4.194035985901521e-05
5,relu3_2,8.070620141149491e-07,-0.40512750949538806,4.232272332391711e-05
5,relu3_2,8.220815755240541e-07,-0.40512750949538806,4.232272332391711e-05
5,relu3_2,8.373806535266489e-07,-0.40512750949538806,4.232272332391711e-05
5,relu3_2,8.529644499741017e-07,-0.40512750949538806,4.232272332391711e-05
5,relu3_2,8.688382635251193e-07,-0.40512750949538806,4.232272332391711e-05
5,relu3_2,8.850074914473439e-07,-0.404028757460662,4.459960258760445e-05
5,relu3_2,9.014776314524917e-07,-0.4037303309820945,4.523746544765266e-05
5,relu3_2,9.182542835656282e-07,-0.4037981551817689,4.5091753656523236e-05
5,relu3_2,9.353431520292377e-07,-0.4037981551817689,4.5091753656523236e-05
5,relu3_2,9.5275004724273e-07,-0.4037981551817689,4.5091753656523236e-05
5,relu3_2,9.704808877380307e-07,-0.4029978296256105,4.68393956991235e-05
5,relu3_2,9.885417021919574e-07,-0.40345903418339674,4.5824717075655155e-05
5,relu3_2,1.0069386314760271e-06,-0.40345903418339674,4.5824717075655155e-05
5,relu3_2,1.0256779307444208e-06,-0.40316060770482914,4.6478904434980106e-05
5,relu3_2,1.0447659715608053e-06,-0.40316060770482914,4.6478904434980106e-05
5,relu3_2,1.0642092440647247e-06,-0.4038524145415085,4.497549964622967e-05
5,relu3_2,1.084014359178331e-06,-0.4038524145415085,4.497549964622967e-05
5,relu3_2,1.10418805085416e-06,-0.4026451437873034,4.762942618512839e-05
5,relu3_2,1.1247371783647508e-06,-0.40255018990775915,4.7844240490737775e-05
5,relu3_2,1.1456687286348725e-06,-0.40255018990775915,4.7844240490737775e-05
5,relu3_2,1.1669898186171475e-06,-0.40255018990775915,4.7844240490737775e-05
5,relu3_2,1.1887076977119033e-06,-0.4030113944655454,4.680925543267251e-05
5,relu3_2,1.2108297502320394e-06,-0.4026044492674987,4.772137906382249e-05
5,relu3_2,1.2333634979137747e-06,-0.40307921866521984,4.665882529435063e-05
5,relu3_2,1.2563166024741214e-06,-0.40249593054801963,4.7967396902065654e-05
5,relu3_2,1.2796968682159416e-06,-0.4018041237113403,4.956378142738115e-05
5,relu3_2,1.303512244681509e-06,-0.4013022246337494,5.075280451472804e-05
5,relu3_2,1.327770829355429e-06,-0.4013022246337494,5.075280451472804e-05
5,relu3_2,1.352480870417874e-06,-0.4013022246337494,5.075280451472804e-05
5,relu3_2,1.377650769549055e-06,-0.4015599565925123,5.013894224569469e-05
5,relu3_2,1.4032890847858731e-06,-0.40040694519804676,5.294004736700566e-05
5,relu3_2,1.4294045334317611e-06,-0.40122083559414007,5.0948107002405506e-05
5,relu3_2,1.4560059950206485e-06,-0.4016684753119914,4.98825511002292e-05
5,relu3_2,1.483102514336103e-06,-0.4008138903960934,5.1935174350996026e-05
5,relu3_2,1.5107033044866557e-06,-0.4006782419967445,5.2268139111939194e-05
5,relu3_2,1.5388177500383465e-06,-0.3997151383613674,5.4690034199778493e-05
5,relu3_2,1.567455410205595e-06,-0.3996201844818232,5.493439337855414e-05
5,relu3_2,1.596626022101425e-06,-0.39883342376559966,5.699858435101349e-05
5,relu3_2,1.6263395040481906e-06,-0.39883342376559966,5.699858435101349e-05
5,relu3_2,1.6566059589499152e-06,-0.39883342376559966,5.699858435101349e-05
5,relu3_2,1.6874356777273756e-06,-0.3977618014107434,5.9926571465961644e-05
5,relu3_2,1.7188391428171457e-06,-0.3982772653282692,5.850111156814709e-05
5,relu3_2,1.7508270317357268e-06,-0.3985756918068368,5.769034976188669e-05
5,relu3_2,1.7834102207100063e-06,-0.3985756918068368,5.769034976188669e-05
5,relu3_2,1.8165997883753285e-06,-0.3971920781334781,6.15396889827351e-05
5,relu3_2,1.850407019542302e-06,-0.3981144872490505,5.8947807332555216e-05
5,relu3_2,1.8848434090337953e-06,-0.3977075420510039,6.007848740531297e-05
5,relu3_2,1.919920665593287e-06,-0.3973005968529572,6.122934413277919e-05
5,relu3_2,1.955650715865947e-06,-0.3973005968529572,6.122934413277919e-05
5,relu3_2,1.992045708453871e-06,-0.39666304937601743,6.307371189615007e-05
5,relu3_2,2.029118018046678e-06,-0.39612045577862187,6.468400547875632e-05
5,relu3_2,2.066880249629082e-06,-0.3962154096581661,6.439946881492322e-05
5,relu3_2,2.1053452427667084e-06,-0.3955507325013566,6.641595647122622e-05
5,relu3_2,2.144526075971665e-06,-0.3955778621812263,6.633251310701924e-05
5,relu3_2,2.1844360711494283e-06,-0.3955778621812263,6.633251310701924e-05
5,relu3_2,2.2250887981283694e-06,-0.3960933260987521,6.476551642186005e-05
5,relu3_2,2.266498079273693e-06,-0.3956456863809008,6.612433152369528e-05
5,relu3_2,2.308677994187172e-06,-0.3956456863809008,6.612433152369528e-05
5,relu3_2,2.351642884494346e-06,-0.395984807379273,6.509251757557502e-05
5,relu3_2,2.3954073587208794e-06,-0.395862723819859,6.546223112992547e-05
5,relu3_2,2.43998629725955e-06,-0.3963103635377103,6.411609800566994e-05
5,relu3_2,2.4853948574297983e-06,-0.3960797612588172,6.480630775004305e-05
5,relu3_2,2.531648478631358e-06,-0.3967037438958221,6.295445751376101e-05
5,relu3_2,2.5787628875937984e-06,-0.3972192078133479,6.146196570984376e-05
5,relu3_2,2.6267541037238384e-06,-0.3972192078133479,6.146196570984376e-05
5,relu3_2,2.6756384445520452e-06,-0.3972192078133479,6.146196570984376e-05
5,relu3_2,2.725432531281028e-06,-0.3970428648941943,6.196880589985373e-05
5,relu3_2,2.776153294436804e-06,-0.3968258274552361,6.259795308550709e-05
5,relu3_2,2.827817979625338e-06,-0.3968258274552361,6.259795308550709e-05
5,relu3_2,2.880444153396298e-06,-0.3977618014107434,5.9926571465961644e-05
5,relu3_2,2.934049709215787e-06,-0.39835865436787854,5.827894824264495e-05
5,relu3_2,2.9886528735503824e-06,-0.39845360824742276,5.802075128033757e-05
5,relu3_2,3.0442722120643057e-06,-0.39799240368963656,5.928491229909124e-05
5,relu3_2,3.1009266359319234e-06,-0.3969207813347803,6.232197273987562e-05
5,relu3_2,3.158635408267819e-06,-0.396228974498101,6.435891599458056e-05
5,relu3_2,3.2174181506763714e-06,-0.3958491589799241,6.550343088471272e-05
5,relu3_2,3.277294849923382e-06,-0.396106890938687,6.472474900239487e-05
5,relu3_2,3.3382858647317643e-06,-0.3966087900162779,6.32330450158352e-05
5,relu3_2,3.4004119327037024e-06,-0.3952794357026588,6.725578200767883e-05
5,relu3_2,3.4636941773717343e-06,-0.3952129517553645,6.746309232725878e-05
5,relu3_2,3.5281541153808832e-06,-0.3954286489419426,6.679266239229208e-05
5,relu3_2,3.5938136638046257e-06,-0.3933939229517093,7.337136888499617e-05
5,relu3_2,3.660695147596906e-06,-0.39289202387411837,7.508433362881862e-05
5,relu3_2,3.72882130718283e-06,-0.39279706999457414,7.541256430997145e-05
5,relu3_2,3.7982153061907363e-06,-0.39279706999457414,7.541256430997145e-05
5,relu3_2,3.868900739327975e-06,-0.3917661421595226,7.90631694039981e-05
5,relu3_2,3.9409016404034476e-06,-0.3916711882799784,7.940754732112334e-05
5,relu3_2,4.014242490499326e-06,-0.3899348887683126,8.595599428862504e-05
5,relu3_2,4.088948226294856e-06,-0.3903960933260988,8.416926034293451e-05
5,relu3_2,4.1650442485451855e-06,-0.39023331524688015,8.479589177839165e-05
5,relu3_2,4.242556430717777e-06,-0.39002984264785684,8.558528006984827e-05
5,relu3_2,4.321511127789762e-06,-0.38979924036896374,8.648817594506597e-05
5,relu3_2,4.401935185208879e-06,-0.3897178513293544,8.680895339443978e-05
5,relu3_2,4.483855948021182e-06,-0.38840206185567017,9.215074978813749e-05
5,relu3_2,4.567301270168747e-06,-0.388673358654368,9.10249679521685e-05
5,relu3_2,4.652299523960189e-06,-0.3900162778079219,8.563814809169124e-05
5,relu3_2,4.738879609717651e-06,-0.39035539880629416,8.432551331483992e-05
5,relu3_2,4.827070965603188e-06,-0.3909115572436246,8.22132151789138e-05
5,relu3_2,4.916903577628021e-06,-0.38988062940857304,8.616850060986256e-05
5,relu3_2,5.008407989848212e-06,-0.38928377645143797,8.85385242805795e-05
5,relu3_2,5.101615314749834e-06,-0.38979924036896374,8.648817594506597e-05
5,relu3_2,5.1965572438276574e-06,-0.39023331524688015,8.479589177839165e-05
5,relu3_2,5.293266058360567e-06,-0.38939229517091706,8.810315419234251e-05
5,relu3_2,5.391774640387494e-06,-0.3890803038524146,8.936023735826856e-05
5,relu3_2,5.492116483887789e-06,-0.3897314161692893,8.675541380270902e-05
5,relu3_2,5.594325706169378e-06,-0.3891074335322844,8.925026760153018e-05
5,relu3_2,5.698437059469136e-06,-0.38889039609332615,9.013355872689092e-05
5,relu3_2,5.804485942768984e-06,-0.39046391752577325,8.390943676500487e-05
5,relu3_2,5.912508413831869e-06,-0.3889853499728704,8.974612396606376e-05
5,relu3_2,6.022541201461928e-06,-0.38845632121540974,9.192456366030231e-05
5,relu3_2,6.134621717992506e-06,-0.3900976668475313,8.532139476257608e-05
5,relu3_2,6.248788072006888e-06,-0.38928377645143797,8.85385242805795e-05
5,relu3_2,6.365079081295578e-06,-0.3885105805751493,9.169889349138236e-05
5,relu3_2,6.483534286054714e-06,-0.38832067281606086,9.249099876951244e-05
5,relu3_2,6.604193962330305e-06,-0.3882528486163864,9.277543089074232e-05
5,relu3_2,6.727099135712336e-06,-0.3882664134563213,9.271847953129369e-05
5,relu3_2,6.852291595284057e-06,-0.38589256646771575,0.00010319504343203828
5,relu3_2,6.979813907830667e-06,-0.38670645686380906,9.948518907152649e-05
5,relu3_2,7.109709432312424e-06,-0.3841427021161151,0.00011161030330087074
5,relu3_2,7.242022334607315e-06,-0.3847802495930549,0.00010847315991775714
5,relu3_2,7.376797602527731e-06,-0.3860960390667391,0.00010225572463377826
5,relu3_2,7.514081061116962e-06,-0.3854856212696691,0.0001050977630433837
5,relu3_2,7.653919388230155e-06,-0.38395279435702667,0.00011256092175722123
5,relu3_2,7.796360130405221e-06,-0.3841698317959849,0.00011147511050554475
5,relu3_2,7.94145171902934e-06,-0.38232501356484,0.00012102278441543688
5,relu3_2,8.089243486805938e-06,-0.3811584373304396,0.00012744601363428635
5,relu3_2,8.239785684528512e-06,-0.37936787845903425,0.00013792236262644868
5,relu3_2,8.393129498166374e-06,-0.3777265328269127,0.0001482213092653573
5,relu3_2,8.549327066268366e-06,-0.3764107433532285,0.00015698704145931065
5,relu3_2,8.708431497690725e-06,-0.3763836136733587,0.000157172727193116
5,relu3_2,8.870496889654403e-06,-0.3754205100379816,0.00016389783442442664
5,relu3_2,9.035578346138921e-06,-0.37491861096039075,0.00016750710818259242
5,relu3_2,9.20373199661823e-06,-0.37392837764514386,0.00017484478329052577
5,relu3_2,9.37501501514529e-06,-0.3763022246337494,0.0001577310052461498
5,relu3_2,9.549485639791967e-06,-0.3783505154639176,0.0001442248544845288
5,relu3_2,9.727203192450538e-06,-0.37779435702658715,0.00014778199547661565
5,relu3_2,9.908228099003787e-06,-0.3785811177428107,0.00014277334145451596
5,relu3_2,1.0092621909870484e-05,-0.3757731958762887,0.00016140480082687167
5,relu3_2,1.0280447320933097e-05,-0.3750813890396094,0.0001663285514065775
5,relu3_2,1.0471768194855202e-05,-0.3750813890396094,0.0001663285514065775
5,relu3_2,1.0666649582795388e-05,-0.3729517091698319,0.00018237225095224047
5,relu3_2,1.0865157746525373e-05,-0.37128323385784057,0.00019592873476636098
5,relu3_2,1.1067360180959745e-05,-0.36958762886597946,0.00021065507823956334
5,relu3_2,1.1273325637104872e-05,-0.36943841562669566,0.00021199877758807428
5,relu3_2,1.148312414543511e-05,-0.3694519804666306,0.00021187629667526392
5,relu3_2,1.1696827039703846e-05,-0.3673765599565926,0.0002313953879748548
5,relu3_2,1.1914506981197747e-05,-0.36781063483450904,0.00022718064645065055
5,relu3_2,1.2136237983442418e-05,-0.36813619099294637,0.00022406623653425245
5,relu3_2,1.2362095437367691e-05,-0.36763429191535546,0.0002288842615093304
5,relu3_2,1.259215613694151e-05,-0.3659929462832339,0.00024531647328599707
5,relu3_2,1.28264983052806e-05,-0.36633206728160617,0.0002418347059694106
5,relu3_2,1.3065201621247199e-05,-0.36565382528486173,0.0002488444508248954
5,relu3_2,1.330834724654076e-05,-0.3652061855670104,0.0002535730814744522
5,relu3_2,1.355601785329369e-05,-0.36413456321215415,0.00026523191281491095
5,relu3_2,1.3808297652180924e-05,-0.36306294085729796,0.00027738339216895315
5,relu3_2,1.4065272421052364e-05,-0.3619370591427022,0.0002907014406067163
5,relu3_2,1.4327029534098295e-05,-0.3618149755832882,0.0002921804397066296
5,relu3_2,1.4593657991557576e-05,-0.36414812805208907,0.00026508129312395574
5,relu3_2,1.4865248449978572e-05,-0.36452794357026597,0.00026089583518421056
5,relu3_2,1.514189325304352e-05,-0.36285946825827464,0.00027974782615252216
5,relu3_2,1.5423686462966275e-05,-0.3596039066739013,0.00032019588436844475
5,relu3_2,1.5710723892474488e-05,-0.3587764514378731,0.00033130146872337976
5,relu3_2,1.6003103137387017e-05,-0.3585865436787847,0.00033389982293253665
5,relu3_2,1.630092360979741e-05,-0.35737927292457955,0.0003508615004922028
5,relu3_2,1.6604286571875295e-05,-0.35676885512750955,0.00035973615850577436
5,relu3_2,1.691329517029647e-05,-0.3548969072164949,0.0003882555383648152
5,relu3_2,1.7228054471313922e-05,-0.35401519262072717,0.0004023961557048807
5,relu3_2,1.754867149648152e-05,-0.35115301139446564,0.00045162513708758845
5,relu3_2,1.7875255259042355e-05,-0.3460119370591428,0.0005541609872255057
5,relu3_2,1.8207916800994626e-05,-0.3455100379815519,0.0005652367035859467
5,relu3_2,1.8546769230846977e-05,-0.34498100922409125,0.0005771303666349844
5,relu3_2,1.8891927762076646e-05,-0.34395008138903965,0.0006009688573781885
5,relu3_2,1.924350975230332e-05,-0.3433532284319046,0.0006151788452091637
5,relu3_2,1.9601634743191856e-05,-0.34024688008681503,0.0006942279999718933
5,relu3_2,1.9966424501097934e-05,-0.3392430819316333,0.0007216925721060608
5,relu3_2,2.03380030584698e-05,-0.3387276180141075,0.0007361786378030702
5,relu3_2,2.071649675602067e-05,-0.33655724362452527,0.0008001335799729208
5,relu3_2,2.1102034285685967e-05,-0.3358518719479111,0.0008219864584836736
5,relu3_2,2.1494746734379807e-05,-0.33293543136191,0.0009182434369261419
5,relu3_2,2.189476762856621e-05,-0.33317959848073797,0.0009098071419999954
5,relu3_2,2.2302232979659363e-05,-0.3296798697775367,0.0010377508806873354
5,relu3_2,2.2717281330269027e-05,-0.33020889853499735,0.0010174145441071935
5,relu3_2,2.314005380130654e-05,-0.32889310906131314,0.0010686796629440195
5,relu3_2,2.3570694139967276e-05,-0.3261665762344005,0.001182466483649857
5,relu3_2,2.4009348768606518e-05,-0.3205507325013566,0.0014522289998169604
5,relu3_2,2.445616683452444e-05,-0.31677970699945746,0.001663492842934292
5,relu3_2,2.491130026067791e-05,-0.31243895822029305,0.001940842872720489
5,relu3_2,2.5374903797335716e-05,-0.31040423223005975,0.002084697748290256
5,relu3_2,2.584713507469564e-05,-0.3067281606077049,0.002369192043943491
5,relu3_2,2.63281546564802e-05,-0.30496473141616937,0.002517699009275651
5,relu3_2,2.6818126094530128e-05,-0.2986435160065112,0.003121356507251647
5,relu3_2,2.731721598441379e-05,-0.2975447639717852,0.003238624223963263
5,relu3_2,2.782559402207126e-05,-0.2961747151383614,0.0033903712463187207
5,relu3_2,2.8343433061513092e-05,-0.2940721649484537,0.0036356563587406133
5,relu3_2,2.8870909173592348e-05,-0.2914948453608248,0.003957914321315502
5,relu3_2,2.9408201705870607e-05,-0.2867878459034184,0.004612908934819712
5,relu3_2,2.9955493343598162e-05,-0.28602821486706465,0.004727217581694348
5,relu3_2,3.051297017182871e-05,-0.2852821486706457,0.004841933568819597
5,relu3_2,3.1080821738690636e-05,-0.28823928377645147,0.004401325513883827
5,relu3_2,3.165924111983521e-05,-0.2883749321758004,0.004382000610828866
5,relu3_2,3.224842498408439e-05,-0.2879951166576235,0.0044363019348892824
5,relu3_2,3.284857366030047e-05,-0.28323385784047755,0.00516972458880484
5,relu3_2,3.345989120549975e-05,-0.281348345089528,0.0054887536599307184
5,relu3_2,3.408258547423452e-05,-0.2790558871405318,0.00590010464966305
5,relu3_2,3.4716868189265594e-05,-0.27692620727075423,0.006306505798658669
5,relu3_2,3.536295501355039e-05,-0.2737113402061856,0.006966980070257172
5,relu3_2,3.602106562357074e-05,-0.2691671188279979,0.008004653990643516
5,relu3_2,3.669142378402494e-05,-0.26881443298969077,0.00809061057790989
5,relu3_2,3.7374257423910643e-05,-0.26475854584915903,0.009139107657459724
5,relu3_2,3.806979871402284e-05,-0.26595225176342924,0.008818781358838944
5,relu3_2,3.877828414589453e-05,-0.26593868692349437,0.008822365263721911
5,relu3_2,3.949995461220647e-05,-0.2641752577319588,0.009299314543249225
5,relu3_2,4.023505548869293e-05,-0.2635512750949539,0.00947342313777134
5,relu3_2,4.098383671757261e-05,-0.2623711340206186,0.009810550150967046
5,relu3_2,4.174655289253135e-05,-0.26342919153553995,0.009507820463881088
5,relu3_2,4.252346334528678e-05,-0.2608790016277808,0.010251828203627397
5,relu3_2,4.331483223376403e-05,-0.2576641345632122,0.011262057972897062
5,relu3_2,4.41209286319119e-05,-0.2577997829625611,0.011217736792668834
5,relu3_2,4.494202662119142e-05,-0.2568502441671189,0.011531211535595573
5,relu3_2,4.577840538376616e-05,-0.25695876288659797,0.011495002940189264
5,relu3_2,4.6630349297427265e-05,-0.2540830168204016,0.012488792637498273
5,relu3_2,4.7498148032285043e-05,-0.2510037981551818,0.013635094675974546
5,relu3_2,4.838209664925957e-05,-0.25503255561584376,0.012152680552697397
5,relu3_2,4.9282495700405135e-05,-0.2506782419967445,0.01376147418154343
5,relu3_2,5.0199651331100794e-05,-0.251587086272382,0.01341118607035551
5,relu3_2,5.113387538414321e-05,-0.25177699403147047,0.013338978835344264
5,relu3_2,5.2085485505776655e-05,-0.24845360824742274,0.014652623185700037
5,relu3_2,5.305480525369574e-05,-0.2464460119370592,0.015499369883378558
5,relu3_2,5.404216420705915e-05,-0.24567281606077054,0.015836605755275325
5,relu3_2,5.5047898078549675e-05,-0.241711882799783,0.017665562713225134
5,relu3_2,5.607234882852027e-05,-0.241101465002713,0.017963031544200977
5,relu3_2,5.711586478126435e-05,-0.23927021161150303,0.0188814806773345
5,relu3_2,5.8178800743449355e-05,-0.2361774281063484,0.02052446379307554
5,relu3_2,5.926151812475552e-05,-0.2363809007053717,0.020412723472501896
5,relu3_2,6.0364385060758635e-05,-0.23252848616386332,0.022619260150469882
5,relu3_2,6.148777653810017e-05,-0.23187737384698864,0.023011658880424498
5,relu3_2,6.263207452198692e-05,-0.23161964188822576,0.02316858266043543
5,relu3_2,6.379766808606283e-05,-0.22750949538795448,0.025797362550673338
5,relu3_2,6.498495354469889e-05,-0.22482365708084648,0.027648921894527594
5,relu3_2,6.619433458774387e-05,-0.22025230602278897,0.031059590274468085
5,relu3_2,6.742622241778336e-05,-0.21886869234943032,0.0321594440677279
5,relu3_2,6.868103588995308e-05,-0.21808193163320677,0.03279936967778455
5,relu3_2,6.995920165435375e-05,-0.21507053716766147,0.035348723821577284
5,relu3_2,7.126115430111745e-05,-0.20935973955507328,0.0406410611881694
5,relu3_2,7.258733650817246e-05,-0.202685838307108,0.04764727740888025
5,relu3_2,7.393819919175873e-05,-0.20409658166033645,0.04608845840324354
5,relu3_2,7.531420165974376e-05,-0.2029571351058058,0.047344164062840186
5,relu3_2,7.671581176779303e-05,-0.20359468258274557,0.046638123900720786
5,relu3_2,7.814350607844543e-05,-0.1999457406402605,0.05079964298395589
5,relu3_2,7.959777002314978e-05,-0.1959576776994032,0.05569311038869052
5,relu3_2,8.107909806731695e-05,-0.18986706456863814,0.06390633415784919
5,relu3_2,8.258799387844272e-05,-0.18897178513293547,0.06519264787540345
5,relu3_2,8.412497049736118e-05,-0.1870048833423766,0.06809247049882815
5,relu3_2,8.569055051268347e-05,-0.18343733043950086,0.07361792953366635
5,relu3_2,8.728526623848371e-05,-0.18187737384698865,0.07614474046841307
5,relu3_2,8.890965989529168e-05,-0.18149755832881176,0.0767703833057696
5,relu3_2,9.056428379445294e-05,-0.1785539880629409,0.08176004815142843
5,relu3_2,9.224970052592174e-05,-0.17726532826912647,0.08402439586179493
5,relu3_2,9.39664831495469e-05,-0.1720293000542594,0.09374295463706013
5,relu3_2,9.571521538991856e-05,-0.16909929462832343,0.09955635639087208
5,relu3_2,9.749649183484096e-05,-0.16810906131307654,0.10158381398622746
5,relu3_2,9.9310918137498e-05,-0.16664405860010856,0.10464250030529237
5,relu3_2,0.00010115911122238297,-0.16104177970699948,0.11700699432622703
5,relu3_2,0.00010304169949505875,-0.15664677156809553,0.1274739601191735
5,relu3_2,0.00010495932305582266,-0.15420510037981555,0.13359072596810093
5,relu3_2,0.00010691263391734771,-0.1508952794357027,0.14223584883473644
5,relu3_2,0.00010890229622637306,-0.15018990775908847,0.14413170810013612
5,relu3_2,0.00011092898648952228,-0.14637818773738473,0.15470778186735443
5,relu3_2,0.00011299339380332217,-0.1437466087900163,0.1623408773519767
5,relu3_2,0.00011509622008850311,-0.14077590884427565,0.17128962837244013
5,relu3_2,0.00011723818032865997,-0.13583830710797615,0.18695881131797884
5,relu3_2,0.00011942000281335325,-0.13502441671188284,0.1896385495741296
5,relu3_2,0.0001216424293857368,-0.13199945740640262,0.19984225025218025
5,relu3_2,0.00012390621569479155,-0.12737384698860557,0.21619855086458792
5,relu3_2,0.0001262121314522546,-0.12211068909386871,0.23593676641119046
5,relu3_2,0.00012856096069432965,-0.11775637547476941,0.2531885470075152
5,relu3_2,0.00013095350204826676,-0.1165762344004341,0.25800950137304773
5,relu3_2,0.00013339056900390586,-0.11535539880629411,0.2630622121185566
5,relu3_2,0.0001358729901902709,-0.11432447097124256,0.26738094904419196
5,relu3_2,0.00013840160965731301,-0.11184210526315792,0.2779759129581214
5,relu3_2,0.00014097728716289676,-0.1119777536625068,0.277389790579428
5,relu3_2,0.00014360089846512608,-0.11112316874660881,0.28109620549112263
5,relu3_2,0.000146273335620113,-0.11155724362452525,0.2792094686092896
5,relu3_2,0.00014899550728528536,-0.10979381443298972,0.28692720826560125
5,relu3_2,0.00015176833902834038,-0.1088442756375475,0.291141057945672
5,relu3_2,0.00015459277364194784,-0.10853228431904506,0.2925344999153124
5,relu3_2,0.00015746977146430867,-0.10579218665219753,0.30496163713977614
5,relu3_2,0.000160400310705682,-0.10305208898535,0.31772848715023516
5,relu3_2,0.00016338538778098603,-0.09982365708084646,0.3332064138160443
5,relu3_2,0.0001664260176485902,-0.09995930548019535,0.3325466016510388
5,relu3_2,0.00016952323415541214,-0.09662235485621272,0.3490188652456356
5,relu3_2,0.0001726780903884356,-0.09396364622897452,0.3625015915234336
5,relu3_2,0.00017589165903277327,-0.09194248507867608,0.3729629230388974
5,relu3_2,0.00017916503273638994,-0.09019262072707544,0.3821670262103147
5,relu3_2,0.00018249932448161505,-0.0864894194248508,0.40209212765681357
5,relu3_2,0.00018589566796356884,-0.0839663591969615,0.4160118502652994
5,relu3_2,0.00018935521797562954,-0.08343733043950083,0.41896559407558887
5,relu3_2,0.00019287915080207777,-0.08037167661421597,0.436319532265114
5,relu3_2,0.00019646866461804445,-0.07970699945740642,0.4401351568889745
5,relu3_2,0.00020012497989690348,-0.07691264243081933,0.4563808033236119
5,relu3_2,0.00020384933982524643,-0.07799782962561043,0.4500327552223045
5,relu3_2,0.00020764301072557747,-0.07864894194248509,0.4462476861741113
5,relu3_2,0.00021150728248687948,-0.07504069451980468,0.4674466929942054
5,relu3_2,0.00021544346900318823,-0.07362995116657625,0.4758819528284311
5,relu3_2,0.00021945290862033113,-0.07099837221920782,0.4918339777254745
5,relu3_2,0.00022353696459097966,-0.07436245252306024,0.4714918916420915
5,relu3_2,0.000227697025538168,-0.0716359196961476,0.48794358579274927
5,relu3_2,0.00023193450592744275,-0.0686109603906674,0.5065465504822472
5,relu3_2,0.0002362508465477945,-0.06456863809007055,0.531966933632303
5,relu3_2,0.00024064751500154217,-0.06361909929462833,0.5380290387933828
5,relu3_2,0.000245126006203334,-0.06272381985892568,0.5437758134204153
5,relu3_2,0.00024968784288843267,-0.061787845903418355,0.5498157530602127
5,relu3_2,0.00025433457613046484,-0.06330710797612589,0.5400282930725773
5,relu3_2,0.0002590677858688006,-0.06526044492674987,0.5275717996370257
5,relu3_2,0.0002638890814457513,-0.06345632121540967,0.5390716717873657
5,relu3_2,0.00026880010215376074,-0.0611231687466088,0.5541246451106977
5,relu3_2,0.00027380251779278577,-0.05926478567552904,0.5662575260378007
5,relu3_2,0.000278898029238044,-0.060431361909929475,0.5586266097521205
5,relu3_2,0.0002840883690183301,-0.0597938144329897,0.5627908998267073
5,relu3_2,0.00028937530190509535,-0.05769126424308194,0.57662767260428
5,relu3_2,0.00029476062551248586,-0.053472599023331534,0.6048562776741295
5,relu3_2,0.00030024617090855494,-0.04830439500813891,0.6402440087716295
5,relu3_2,0.00030583380323784314,-0.04812805208898536,0.6414663965595969
5,relu3_2,0.0003115254223555485,-0.04791101465002714,0.6429721873504274
5,relu3_2,0.00031732296347349796,-0.045550732501356495,0.6594398236965076
5,relu3_2,0.0003232283978181381,-0.046446011937059155,0.6531737972809813
5,relu3_2,0.0003292437333007769,-0.045632121540965825,0.6588692039745255
5,relu3_2,0.0003353710152002929,-0.043326098752034733,0.6751113244732816
5,relu3_2,0.0003416123268585525,-0.04420781334780251,0.6688829988110992
5,relu3_2,0.0003479697903887695,-0.04061313076505698,0.6944115714572001
5,relu3_2,0.0003544455673970436,-0.03522788931090614,0.7332949847767034
5,relu3_2,0.0003610418597173337,-0.032935431361909934,0.7500607704372094
5,relu3_2,0.00036776091016010306,-0.03323385784047749,0.7478714621598407
5,relu3_2,0.00037460500327489893,-0.030860010851871955,0.7653403625751241
5,relu3_2,0.00038157646612712524,-0.02948996201844819,0.7754767618696049
5,relu3_2,0.00038867766908926677,-0.02982908301682041,0.7729641711594057
5,relu3_2,0.00039591102664684585,-0.028214867064568643,0.7849446152154531
5,relu3_2,0.0004032789982193705,-0.026505697232772657,0.7976846073202203
5,relu3_2,0.00041078408899656427,-0.027685838307107982,0.7888820630790585
5,relu3_2,0.00041842885079015847,-0.026193705914270216,0.800016002885076
5,relu3_2,0.0004262158829015325,-0.026342919153553992,0.7989007674861156
5,relu3_2,0.00043414783300550926,-0.027468800868149762,0.7904989687327744
5,relu3_2,0.00044222739805058973,-0.027400976668475317,0.7910044341162359
5,relu3_2,0.0004504573251759454,-0.02537981551817689,0.8061061141834153
5,relu3_2,0.00045884041264547613,-0.025746066196418886,0.8033641086586225
5,relu3_2,0.00046737951079924635,-0.027862181226261537,0.7875689854248389
5,relu3_2,0.0004760775230226368,-0.028499728703201308,0.7828266848313132
5,relu3_2,0.00048493740673352334,-0.06170645686380902,0.5503424984090228
5,relu3_2,0.0004939621743878316,-0.06751220835594142,0.513393370426017
5,relu3_2,0.0005031548945038057,-0.06877373846988608,0.5055362398298179
5,relu3_2,0.0005125186927053333,-0.06758003255561586,0.5129693586101556
5,relu3_2,0.0005220567527846976,-0.06592512208355943,0.5233662556234732
5,relu3_2,0.0005317723177850966,-0.07622083559414,0.460453397374728
5,relu3_2,0.0005416686911033147,-0.07757731958762888,0.45248676184263437
5,relu3_2,0.0005517492376129129,-0.07712967986977755,0.4551072454373725
5,relu3_2,0.0005620173848083188,-0.07612588171459578,0.4610139375530749
5,relu3_2,0.0005724766239702179,-0.0784047748236571,0.44766499281506866
5,relu3_2,0.0005831305113526219,-0.07468800868149757,0.46954782997145794
5,relu3_2,0.000593982669392035,-0.07327726532826914,0.4780035237436795
5,relu3_2,0.0006050367879391225,-0.07334508952794358,0.47759513460795217
5,relu3_2,0.0006162966255132943,-0.07311448724905048,0.47898442364969573
5,relu3_2,0.00062776601058065,-0.07365708084644602,0.47571896574028644
5,relu3_2,0.0006394488428556937,-0.07244981009224093,0.48300096436450557
5,relu3_2,0.0006513490946272796,-0.07412531919914843,0.4729106798597547
5,relu3_2,0.0006634708121092351,-0.07478296256104179,0.46898163441885976
5,relu3_2,0.000675818116816111,-0.07136462289744983,0.48959707221993226
5,relu3_2,0.0006883952069645496,-0.0715683382001477,0.4883552007386962
5,relu3_2,0.0007012063589007177,-0.07215162829541047,0.4848086612552798
5,relu3_2,0.0007142559285543119,-0.06943210412601455,0.5014606527564109
5,relu3_2,0.0007275483529196233,-0.0678992668169905,0.5109760376658248
5,relu3_2,0.0007410881515641569,-0.06557966345554701,0.5255499264962329
5,relu3_2,0.0007548799281653432,-0.06492854672251025,0.5296781139701823
5,relu3_2,0.0007689283720758305,-0.06518694362954923,0.5280378958755285
5,relu3_2,0.0007832382599179204,-0.0650718612152044,0.5287680863226246
5,relu3_2,0.0007978144572076629,-0.06334553141457694,0.5397818766109987
5,relu3_2,0.0008126619200091946,-0.0621771850285658,0.5472993589241683
5,relu3_2,0.0008277856966198472,-0.07080018197948884,0.49304668693152603
5,relu3_2,0.0008431909292866251,-0.07102060803708786,0.4916980169849072
5,relu3_2,0.0008588828559546258,-0.07125850514680958,0.4902446399575492
5,relu3_2,0.0008748668120479914,-0.07040452654059597,0.49547237540376965
5,relu3_2,0.0008911482322840202,-0.07259456784978345,0.4821246856647175
5,relu3_2,0.0009077326525210223,-0.07338242298065008,0.4773704192463862
5,relu3_2,0.0009246257116405734,-0.07315650378756937,0.47873112870094897
5,relu3_2,0.0009418331534647961,-0.07013259044511293,0.49714319241071336
5,relu3_2,0.0009593608287093146,-0.06960570158780266,0.5003888639565182
5,relu3_2,0.0009772146969725724,-0.06885365875781908,0.5050405829504246
5,relu3_2,0.0009954008287621518,-0.0690516462326102,0.5038137723303974
5,relu3_2,0.0010139254075588143,-0.06825048744842352,0.5087876010760713
5,relu3_2,0.0010327947319189526,-0.08513361760604103,0.40953761059806815
5,relu3_2,0.0010520152176161591,-0.08602676564849508,0.40462379780856
5,relu3_2,0.001071593399822671,-0.08532939995674721,0.4084575012882176
5,relu3_2,0.0010915359353313911,-0.08842992147328996,0.3915758613685651
5,relu3_2,0.0011118496048192698,-0.09515062754296995,0.35644303996286475
5,relu3_2,0.0011325413151528126,-0.09283490072893961,0.368321382278988
5,relu3_2,0.0011536181017364785,-0.09066498449935358,0.37966903965292154
5,relu3_2,0.0011750871309048076,-0.08910555221376308,0.3879532863887576
5,relu3_2,0.0011969557023590429,-0.08614480591241606,0.4039769844471903
5,relu3_2,0.0012192312516491094,-0.0841378880620848,0.41505675058275
5,relu3_2,0.0012419213527017847,-0.077705375565684,0.4517386678824529
5,relu3_2,0.0012650337203959038,-0.07772474050321014,0.45162559922281914
5,relu3_2,0.0012885762131855181,-0.07605920659664159,0.46140776419555346
5,relu3_2,0.0013125568357718427,-0.07680959111559628,0.4569861895523381
5,relu3_2,0.0013369837418249451,-0.06676873769867228,0.5180530174805646
5,relu3_2,0.0013618652367560827,-0.07995070452803728,0.43873396927018654
5,relu3_2,0.001387209780541621,-0.07401085357755302,0.4735963635976377
5,relu3_2,0.0014130259905995337,-0.08643838500606936,0.4023709315302086
5,relu3_2,0.0014393226447194064,-0.09437965095453096,0.3603710497282912
5,relu3_2,0.001466108684046983,-0.11092026280057828,0.2819810642393953
5,relu3_2,0.0014933932161242535,-0.10574833589396478,0.3051632743819528
5,relu3_2,0.001521185517986105,-0.10615976614395117,0.3032748322755395
5,relu3_2,0.0015494950393146315,-0.12707899926458924,0.21727237539873245
5,relu3_2,0.0015783314056521166,-0.11720673811016204,0.255426116092726
5,relu3_2,0.0016077044216738221,-0.1120784621742682,0.2769551758958929
5,relu3_2,0.001637624074521689,-0.1152712691189525,0.26341286026393457
5,relu3_2,0.0016681005372000592,-0.11334046250731493,0.27154763382223474
5,relu3_2,0.001699144172034626,-0.11106282218262685,0.28135917868126464
5,relu3_2,0.001730765534195724,-0.08966483848354492,0.3849697793536375
5,relu3_2,0.0017629753752872038,-0.09561843556856957,0.3540726227399802
5,relu3_2,0.0017957846470020968,-0.08654614497027868,0.4017823666758247
5,relu3_2,0.0018292045048462937,-0.10196111284882778,0.32290619283962146
5,relu3_2,0.0018632463119315598,-0.09735990643056508,0.3453348848086523
5,relu3_2,0.0018979216428390996,-0.15055557807741363,0.1431465139396747
5,relu3_2,0.0019332422875550433,-0.1418855013871194,0.16790558257869337
5,relu3_2,0.0019692202554791737,-0.12698349568919803,0.2176210038120868
5,relu3_2,0.002005867779508234,-0.14582545861535695,0.15628833516164203
5,relu3_2,0.0020431973201952705,-0.14715792283537904,0.15249844992130301
5,relu3_2,0.002081221569986337,-0.17553991351048245,0.08713407341705859
5,relu3_2,0.002119953457536069,-0.1696469727780187,0.09844873027909916
5,relu3_2,0.0021594061521035676,-0.1693167757603008,0.09911535666850779
5,relu3_2,0.0021995930680300748,-0.1414891482314906,0.1691086666338715
5,relu3_2,0.0022405278693000182,-0.15820364119729183,0.12368717299653886
5,relu3_2,0.002282224474186896,-0.15825849171325312,0.12355535265315752
5,relu3_2,0.0023246970599856455,-0.14773797541200714,0.1508702932592334
5,relu3_2,0.0023679600678330787,-0.15947750776521588,0.12065349846192062
5,relu3_2,0.002412028207618007,-0.15907162658129564,0.12161380741021748
5,relu3_2,0.00245691646298279,-0.1565973218204099,0.12759567501358657
5,relu3_2,0.0025026400964179166,-0.05327000167738961,0.6062271452849638
5,relu3_2,0.0025492146544514203,-0.05327000167738961,0.6062271452849638
5,relu3_2,0.0025966559729348722,-0.05254325246089251,0.611155876140611
5,relu3_2,0.00264498018242772,-0.052204585051665905,0.6134586324550206
5,relu3_2,0.0026942037136818823,-0.05113990096722661,0.6207223090311097
5,relu3_2,0.0027443433032283623,-0.12291101038256882,0.23285712841791845
5,relu3_2,0.002795415999067859,-0.12071708907831978,0.24136677356448313
5,relu3_2,0.0028474391664672478,-0.10697833670904729,0.29954041631823436
5,relu3_2,0.0029004304938639917,-0.10697833670904729,0.29954041631823436
5,relu3_2,0.00295440799888038,-0.11380367340067789,0.2695807947581552
5,relu3_2,0.003009390034449718,-0.11357203499818824,0.2705631487582348
5,relu3_2,0.00306539529505653,-0.11380367340067789,0.2695807947581552
5,relu3_2,0.0031224428230928578,-0.11380367340067789,0.2695807947581552
5,relu3_2,0.00318055201533292,-0.1367989986857312,0.18383126929152555
5,relu3_2,0.0032397426295281955,-0.1367989986857312,0.18383126929152555
5,relu3_2,0.003300034791125282,-0.1367989986857312,0.18383126929152555
5,relu3_2,0.0033614490001087688,-0.1367989986857312,0.18383126929152555
5,relu3_2,0.003424006137971426,-0.1367989986857312,0.18383126929152555
5,relu3_2,0.0034877274748141775,-0.1367989986857312,0.18383126929152555
5,relu3_2,0.0035526346765781393,-0.13825042729786338,0.17917870590875556
5,relu3_2,0.003618749812411277,-0.13825042729786338,0.17917870590875556
5,relu3_2,0.0036860953621721615,-0.12623669378320776,0.22036079786868693
5,relu3_2,0.003754694224073337,-0.12623669378320776,0.22036079786868693
5,relu3_2,0.0038245697224669993,-0.17500282738543524,0.08812048531021441
5,relu3_2,0.0038957456157755013,-0.17500282738543524,0.08812048531021441
5,relu3_2,0.003968246104569478,-0.17500282738543524,0.08812048531021441
5,relu3_2,0.00404209583979631,-0.17500282738543524,0.08812048531021441
5,relu3_2,0.004117319931161679,-0.17500282738543524,0.08812048531021441
5,relu3_2,0.004193943955667186,-0.1500535013340537,0.14450052308514635
5,relu3_2,0.004271993966306777,-0.1500535013340537,0.14450052308514635
5,relu3_2,0.004351496500925045,-0.1500535013340537,0.14450052308514635
5,relu3_2,0.0044324785912404005,-0.1500535013340537,0.14450052308514635
5,relu3_2,0.004514967772036102,-0.1500535013340537,0.14450052308514635
5,relu3_2,0.004598992090522438,-0.14254168230177564,0.1659277411568338
5,relu3_2,0.004684580115873045,-0.14254168230177564,0.1659277411568338
5,relu3_2,0.004771760948938741,-0.14254168230177564,0.1659277411568338
5,relu3_2,0.004860564232142139,-0.14254168230177564,0.1659277411568338
5,relu3_2,0.004951020159556351,-0.14254168230177564,0.1659277411568338
5,relu3_2,0.005043159487171359,-0.14254168230177564,0.1659277411568338
5,relu3_2,0.005137013543351339,-0.14254168230177564,0.1659277411568338
5,relu3_2,0.005232614239486656,-0.14254168230177564,0.1659277411568338
5,relu3_2,0.005329994080844093,-0.14254168230177564,0.1659277411568338
5,relu3_2,0.005429186177618943,-0.14254168230177564,0.1659277411568338
5,relu3_2,0.0055302242561929005,-0.14254168230177564,0.1659277411568338
5,relu3_2,0.005633142670601352,-0.14254168230177564,0.1659277411568338
5,relu3_2,0.005737976414214128,-0.14254168230177564,0.1659277411568338
5,relu3_2,0.0058447611316336376,-0.14254168230177564,0.1659277411568338
5,relu3_2,0.00595353313081437,-0.14254168230177564,0.1659277411568338
5,relu3_2,0.006064329395408062,-0.14254168230177564,0.1659277411568338
5,relu3_2,0.006177187597338488,-0.14254168230177564,0.1659277411568338
5,relu3_2,0.0062921461096103375,-0.14254168230177564,0.1659277411568338
5,relu3_2,0.006409244019356457,-0.14254168230177564,0.1659277411568338
5,relu3_2,0.006528521141127847,-0.14254168230177564,0.1659277411568338
5,relu3_2,0.006650018030431118,-0.14254168230177564,0.1659277411568338
5,relu3_2,0.006773775997517745,-0.14254168230177564,0.1659277411568338
5,relu3_2,0.006899837121430011,-0.14254168230177564,0.1659277411568338
5,relu3_2,0.0070282442643083524,-0.14254168230177564,0.1659277411568338
5,relu3_2,0.0071590410859648885,-0.14254168230177564,0.1659277411568338
5,relu3_2,0.007292272058728313,-0.14254168230177564,0.1659277411568338
5,relu3_2,0.00742798248256491,-0.14254168230177564,0.1659277411568338
5,relu3_2,0.007566218500481048,-0.14254168230177564,0.1659277411568338
5,relu3_2,0.007707027114212304,,
5,relu3_2,0.00785045620020451,,
5,relu3_2,0.007996554525892346,,
5,relu3_2,0.008145371766280737,,
5,relu3_2,0.008296958520834915,,
5,relu3_2,0.008451366330684721,,
5,relu3_2,0.008608647696149245,,
5,relu3_2,0.008768856094587427,,
5,relu3_2,0.008932045998580959,,
5,relu3_2,0.009098272894455568,,
5,relu3_2,0.009267593301146883,,
5,relu3_2,0.009440064789417604,,
5,relu3_2,0.009615746001432095,,
5,relu3_2,0.009794696670695385,,
5,relu3_2,0.009976977642363211,,
5,relu3_2,0.010162650893929951,,
5,relu3_2,0.010351779556301762,,
5,relu3_2,0.010544427935261684,,
5,relu3_2,0.010740661533334323,,
5,relu3_2,0.010940547072057435,,
5,relu3_2,0.011144152514667882,,
5,relu3_2,0.01135154708920999,,
5,relu3_2,0.011562801312073753,,
5,relu3_2,0.011777987011971181,,
5,relu3_2,0.011997177354358856,,
5,relu3_2,0.012220446866314887,,
5,relu3_2,0.012447871461879062,,
5,relu3_2,0.01267952846786434,,
5,relu3_2,0.012915496650148827,,
5,relu3_2,0.013155856240457052,,
5,relu3_2,0.013400688963639508,,
5,relu3_2,0.013650078065460139,,
5,relu3_2,0.013904108340900697,,
5,relu3_2,0.014162866162991974,,
5,relu3_2,0.014426439512181588,,
5,relu3_2,0.014694918006248172,,
5,relu3_2,0.014968392930772555,,
5,relu3_2,0.01524695727017573,,
5,relu3_2,0.015530705739334584,,
5,relu3_2,0.015819734815786014,,
5,relu3_2,0.016114142772530198,,
5,relu3_2,0.016414029711444664,,
5,relu3_2,0.016719497597319884,,
5,relu3_2,0.017030650292528426,,
5,relu3_2,0.017347593592339325,,
5,relu3_2,0.017670435260889468,,
5,relu3_2,0.017999285067824763,,
5,relu3_2,0.018334254825622887,,
5,relu3_2,0.01867545842761074,,
5,relu3_2,0.019023011886689457,,
5,relu3_2,0.01937703337477989,,
5,relu3_2,0.019737643263002553,,
5,relu3_2,0.02010496416260497,,
5,relu3_2,0.020479120966650832,,
5,relu3_2,0.02086024089248505,,
5,relu3_2,0.021248453524988827,,
5,relu3_2,0.021643890860640204,,
5,relu3_2,0.022046687352394075,,
5,relu3_2,0.022456979955397718,,
5,relu3_2,0.02287490817355704,,
5,relu3_2,0.023300614106969247,,
5,relu3_2,0.023734242500238662,,
5,relu3_2,0.024175940791691282,,
5,relu3_2,0.024625859163505442,,
5,relu3_2,0.02508415059277541,,
5,relu3_2,0.02555097090352507,,
5,relu3_2,0.026026478819690044,,
5,relu3_2,0.02651083601908536,,
5,relu3_2,0.027004207188377698,,
5,relu3_2,0.027506760079080674,,
5,relu3_2,0.028018665564591955,,
5,relu3_2,0.028540097698292376,,
5,relu3_2,0.029071233772725753,,
5,relu3_2,0.029612254379880375,,
5,relu3_2,0.03016334347259197,,
5,relu3_2,0.030724688427090033,,
5,relu3_2,0.031296480106707505,,
5,relu3_2,0.03187891292677643,,
5,relu3_2,0.03247218492073132,,
5,relu3_2,0.03307649780744242,,
5,relu3_2,0.033692057059802674,,
5,relu3_2,0.03431907197459043,,
5,relu3_2,0.03495775574363272,,
5,relu3_2,0.03560832552629282,,
5,relu3_2,0.036271002523306485,,
5,relu3_2,0.03694601205199302,,
5,relu3_2,0.03763358362286533,,
5,relu3_2,0.03833395101766598,,
5,relu3_2,0.03904735236885564,,
5,relu3_2,0.03977403024058037,,
5,relu3_2,0.04051423171114647,,
5,relu3_2,0.04126820845702952,,
5,relu3_2,0.0420362168384471,,
5,relu3_2,0.042818517986524154,,
5,relu3_2,0.04361537789208006,,
5,relu3_2,0.044427067496068826,,
5,relu3_2,0.04525386278170167,,
5,relu3_2,0.046096044868284294,,
5,relu3_2,0.04695390010680063,,
5,relu3_2,0.04782772017727485,,
5,relu3_2,0.04871780218794631,,
5,relu3_2,0.04962444877628913,,
5,relu3_2,0.050547968211912354,,
5,relu3_2,0.051488674501374974,,
5,relu3_2,0.05244688749495119,,
5,relu3_2,0.053422932995383525,,
5,relu3_2,0.054417142868658876,,
5,relu3_2,0.05542985515684663,,
5,relu3_2,0.05646141419303673,,
5,relu3_2,0.057512170718416133,,
5,relu3_2,0.05858248200152536,,
5,relu3_2,0.0596727119597331,,
5,relu3_2,0.060783231282972236,,
5,relu3_2,0.06191441755977847,,
5,relu3_2,0.06306665540567406,,
5,relu3_2,0.0642403365939419,,
5,relu3_2,0.0654358601888323,,
5,relu3_2,0.06665363268124906,,
5,relu3_2,0.06789406812696112,,
5,relu3_2,0.06915758828738525,,
5,relu3_2,0.07044462277299036,,
5,relu3_2,0.07175560918936921,,
5,relu3_2,0.07309099328602904,,
5,relu3_2,0.07445122910795143,,
5,relu3_2,0.0758367791499719,,
5,relu3_2,0.077248114514034,,
5,relu3_2,0.07868571506936843,,
5,relu3_2,0.08015006961565396,,
5,relu3_2,0.08164167604921473,,
5,relu3_2,0.08316104153230962,,
5,relu3_2,0.08470868266557402,,
5,relu3_2,0.08628512566366887,,
5,relu3_2,0.08789090653419963,,
5,relu3_2,0.08952657125996401,,
5,relu3_2,0.09119267598459298,,
5,relu3_2,0.09288978720164498,,
5,relu3_2,0.09461848194721992,,
5,relu3_2,0.09637934799615795,,
5,relu3_2,0.09817298406188842,,
5,relu3_2,0.1,,
6,relu3_3,1e-09,-0.4496807039406409,4.3020586660900214e-06
6,relu3_3,1.0186101701559773e-09,-0.45194984923043524,3.79547219508429e-06
6,relu3_3,1.0375666787451849e-09,-0.4496739212216458,4.303664260089537e-06
6,relu3_3,1.0568759711848051e-09,-0.4478381348301247,4.759619850680154e-06
6,relu3_3,1.0765446128423137e-09,-0.4499272547926794,4.244077367218081e-06
6,relu3_3,1.0965792912678099e-09,-0.4524486981159321,3.6919162166193536e-06
6,relu3_3,1.116986818467825e-09,-0.4497069916736854,4.295841210677884e-06
6,relu3_3,1.1377741332214901e-09,-0.44943347755177016,4.360947975908562e-06
6,relu3_3,1.1589483034398119e-09,-0.4526793074333342,3.6449500388096306e-06
6,relu3_3,1.180516528568803e-09,-0.45118799776832297,3.95892525617441e-06
6,relu3_3,1.2024861420374123e-09,-0.4508781868982814,4.027273951923884e-06
6,relu3_3,1.2248646137509333e-09,-0.451369600970434,3.919371003470596e-06
6,relu3_3,1.2476595526308685e-09,-0.4493641268226574,4.377603278136581e-06
6,relu3_3,1.2708787092020595e-09,-0.45278040652142576,3.6245382484123784e-06
6,relu3_3,1.2945299782279134e-09,-0.44921186158315884,4.414381928386464e-06
6,relu3_3,1.3186214013947485e-09,-0.45094228967373934,4.013041327418087e-06
6,relu3_3,1.3431611700460181e-09,-0.45224828684192114,3.7331951785764167e-06
6,relu3_3,1.3681576279674706e-09,-0.4492496572038135,4.4052255721287945e-06
6,relu3_3,1.3936192742241434e-09,-0.4505804194939421,4.094012941214224e-06
6,relu3_3,1.4195547660500987e-09,-0.4513890774606795,3.915151104298859e-06
6,relu3_3,1.4459729217920195e-09,-0.4497463243910215,4.286554230069975e-06
6,relu3_3,1.4728827239075047e-09,-0.4509543256986608,4.0103742839363015e-06
6,relu3_3,1.5002933220192166e-09,-0.44867825356174595,4.5455831635178626e-06
6,relu3_3,1.5282140360258708e-09,-0.45055634518783844,4.099454058617854e-06
6,relu3_3,1.5566543592710589e-09,-0.4482789028250177,4.646168791141163e-06
6,relu3_3,1.5856239617711372e-09,-0.44983586114930185,4.26548392961517e-06
6,relu3_3,1.615132693503093e-09,-0.44892629959716723,4.4841440910945136e-06
6,relu3_3,1.6451905877536607e-09,-0.45009512655303424,4.20502139791452e-06
6,relu3_3,1.6758078645307687e-09,-0.4495849048020487,4.3247884976867715e-06
6,relu3_3,1.7069949340384045e-09,-0.450190083330788,4.183079643616525e-06
6,relu3_3,1.7387624002162505e-09,-0.4483195987249292,4.635823417716707e-06
6,relu3_3,1.7711210643450904e-09,-0.45048546336025785,4.1155139197600825e-06
6,relu3_3,1.8040819287193808e-09,-0.4500852910825883,4.207300279980286e-06
6,relu3_3,1.8376562003881724e-09,-0.44906790393597085,4.4494216026899485e-06
6,relu3_3,1.8718552949655752e-09,-0.4495109809282386,4.3424054085399575e-06
6,relu3_3,1.906690840512252e-09,-0.449388895712747,4.371647899690911e-06
6,relu3_3,1.9421746814890284e-09,-0.45062417145766254,4.084141834411642e-06
6,relu3_3,1.9783188827841624e-09,-0.4507696641304683,4.05147760785934e-06
6,relu3_3,2.0151357338155587e-09,-0.44968580122173823,4.300852417774964e-06
6,relu3_3,2.052637752709248e-09,-0.4503438830594152,4.147769818990882e-06
6,relu3_3,2.09083769055575e-09,-0.44814991912194463,4.679101891519949e-06
6,relu3_3,2.129748535745523e-09,-0.45039508962041513,4.136076138549777e-06
6,relu3_3,2.1693835183851823e-09,-0.45002424785379125,4.2214700746335525e-06
6,relu3_3,2.2097561147959033e-09,-0.44880864378479157,4.513188295340771e-06
6,relu3_3,2.250880052095457e-09,-0.4499721917423181,4.233589241725589e-06
6,relu3_3,2.2927693128656487e-09,-0.44983891232162476,4.264767633366722e-06
6,relu3_3,2.3354381399064818e-09,-0.44872877488709834,4.53300544831636e-06
6,relu3_3,2.378901041078891e-09,-0.4498531577129906,4.2614248713357584e-06
6,relu3_3,2.4231727942376006e-09,-0.4492939405451424,4.394520276060513e-06
6,relu3_3,2.4682684522556873e-09,-0.4492600279852836,4.402716281069255e-06
6,relu3_3,2.5142033481427964e-09,-0.4487882961108656,4.5182292157670375e-06
6,relu3_3,2.560993100258462e-09,-0.4486601238581482,4.550104721461257e-06
6,relu3_3,2.6086536176225453e-09,-0.45020890436819166,4.178743484262467e-06
6,relu3_3,2.657201105324507e-09,-0.4500927505599579,4.2055718097524614e-06
6,relu3_3,2.7066520700332356e-09,-0.4474038503954457,4.873951226832378e-06
6,relu3_3,2.7570233256095828e-09,-0.450138025147954,4.195095376577701e-06
6,relu3_3,2.8083319988231753e-09,-0.44985841464712123,4.260191925861823e-06
6,relu3_3,2.860595535175739e-09,-0.44925850441660753,4.40308483589622e-06
6,relu3_3,2.9138317048327884e-09,-0.44910029377773025,4.441515049872309e-06
6,relu3_3,2.9680586086655964e-09,-0.4497378542274102,4.288552548658286e-06
6,relu3_3,3.0232946844057765e-09,-0.4495464180383439,4.3339519131274716e-06
6,relu3_3,3.0795587129142296e-09,-0.44957507283600256,4.327127678205122e-06
6,relu3_3,3.1368698245668734e-09,-0.4491175952338767,4.437297089298162e-06
6,relu3_3,3.1952475057592137e-09,-0.4497008912634478,4.297283296878459e-06
6,relu3_3,3.2547116055318414e-09,-0.44939041973395516,4.371281716820752e-06
6,relu3_3,3.3152823423194234e-09,-0.4491092896592603,4.439321452471679e-06
6,relu3_3,3.376980310825095e-09,-0.45006782419967456,4.211350233004827e-06
6,relu3_3,3.439826489022921e-09,-0.44977176701728677,4.280556969372824e-06
6,relu3_3,3.5038422452906756e-09,-0.44977397357835247,4.2800372182010795e-06
6,relu3_3,3.5690493456752222e-09,-0.4497159814126794,4.293716942585141e-06
6,relu3_3,3.635469961293318e-09,-0.4502675682928327,4.165255134032051e-06
6,relu3_3,3.703126675869931e-09,-0.4503316648768213,4.150564600870788e-06
6,relu3_3,3.772042493416993e-09,-0.4488447725894175,4.504250825334923e-06
6,relu3_3,3.842240846055061e-09,-0.44967223624379754,4.304063212831683e-06
6,relu3_3,3.913745601980376e-09,-0.4496028866278577,4.320513419470981e-06
6,relu3_3,3.9865810735804386e-09,-0.44941754987384885,4.364767882236729e-06
6,relu3_3,4.060772025700369e-09,-0.449645948237867,4.310291948625221e-06
6,relu3_3,4.13634368406327e-09,-0.45014328111600493,4.1938807529932065e-06
6,relu3_3,4.2133217438472886e-09,-0.44948606038667444,4.348359489695568e-06
6,relu3_3,4.291732378422149e-09,-0.4494521481718336,4.356474246421855e-06
6,relu3_3,4.371602248248502e-09,-0.44917406801013854,4.4235557225544716e-06
6,relu3_3,4.45295850994266e-09,-0.4498100922409116,4.271537989103175e-06
6,relu3_3,4.5358288255101815e-09,-0.4495606672593243,4.3305571469719295e-06
6,relu3_3,4.620241371751313e-09,-0.449587797031197,4.324100617455816e-06
6,relu3_3,4.706224849841272e-09,-0.4494536723765368,4.356109217703989e-06
6,relu3_3,4.793808495089107e-09,-0.4494401074445985,4.359358869611415e-06
6,relu3_3,4.883022086877885e-09,-0.4500128868141487,4.224112241579088e-06
6,relu3_3,4.9738959587900574e-09,-0.44957423214526065,4.327327747189209e-06
6,relu3_3,5.066461008921269e-09,-0.44955540936607374,4.3318095072772225e-06
6,relu3_3,5.1607487103859185e-09,-0.44898415960702975,4.469925622923729e-06
6,relu3_3,5.256791122018419e-09,-0.4501914344553643,4.182768218156912e-06
6,relu3_3,5.354620899273613e-09,-0.44950793210428985,4.3431334287769356e-06
6,relu3_3,5.454271305329825e-09,-0.4490587664796796,4.4516545079076e-06
6,relu3_3,5.555776222398878e-09,-0.449495891530569,4.34600968854713e-06
6,relu3_3,5.659170163246254e-09,-0.44994200992631433,4.240630873328055e-06
6,relu3_3,5.7644882829258735e-09,-0.4492554573257566,4.403822021536767e-06
6,relu3_3,5.8717663907332614e-09,-0.4490874192142036,4.444656220352556e-06
6,relu3_3,5.981040962380932e-09,-0.4491364196151416,4.4327121399463594e-06
6,relu3_3,6.092349152400712e-09,-0.44921323928377654,4.414047852258013e-06
6,relu3_3,6.205728806776513e-09,-0.4490685947254383,4.449252838524564e-06
6,relu3_3,6.321218475812448e-09,-0.4492366334655245,4.4083786759701965e-06
6,relu3_3,6.4388574272404256e-09,-0.45004527313716564,4.216584462997121e-06
6,relu3_3,6.558685659571422e-09,-0.44963679895770337,4.312461790902472e-06
6,relu3_3,6.680743915695615e-09,-0.4496232340257651,4.315680743635802e-06
6,relu3_3,6.8050736967352206e-09,-0.4497212387993631,4.292475085233185e-06
6,relu3_3,6.9317172761554e-09,-0.4494302767227348,4.361715371897401e-06
6,relu3_3,7.06071771413778e-09,-0.4498455298639875,4.263214482157822e-06
6,relu3_3,7.192118872221178e-09,-0.4493873717070438,4.372014107747751e-06
6,relu3_3,7.32596542821523e-09,-0.449568974298012,4.3285792162469325e-06
6,relu3_3,7.462302891391123e-09,-0.4493707588562155,4.376007937133017e-06
6,relu3_3,7.601177617955322e-09,-0.4493232817554383,4.3874406828123636e-06
6,relu3_3,7.742636826811278e-09,-0.4494302767227348,4.361715371897401e-06
6,relu3_3,7.88672861561414e-09,-0.4489909420499979,4.468261696466972e-06
6,relu3_3,8.033501977124735e-09,-0.4502170374389583,4.176871025932724e-06
6,relu3_3,8.183006815867407e-09,-0.4493707588562155,4.376007937133017e-06
6,relu3_3,8.335293965098187e-09,-0.4496232340257651,4.315680743635802e-06
6,relu3_3,8.490415204088756e-09,-0.44921323928377654,4.414047852258013e-06
6,relu3_3,8.648423275731709e-09,-0.4495486269001046,4.333425504750489e-06
6,relu3_3,8.80937190447399e-09,-0.44921323928377654,4.414047852258013e-06
6,relu3_3,8.973315814583538e-09,-0.4497114060833638,4.294797965462706e-06
6,relu3_3,9.140310748756223e-09,-0.44936245252306034,4.37800611890749e-06
6,relu3_3,9.310413487069086e-09,-0.4493978886280882,4.36948755276147e-06
6,relu3_3,9.483681866285909e-09,-0.44930445812521586,4.391981304875028e-06
6,relu3_3,9.660174799522645e-09,-0.4494302767227348,4.361715371897401e-06
6,relu3_3,9.839952296278247e-09,-0.4493232817554383,4.3874406828123636e-06
6,relu3_3,1.0023075482838643e-08,-0.4492908931932776,4.395256173166927e-06
6,relu3_3,1.0209606623060476e-08,-0.4498372219207814,4.265164459540618e-06
6,relu3_3,1.0399609139541204e-08,-0.4491454150841021,4.4305227408423345e-06
6,relu3_3,1.05931476351837e-08,-0.4491808504531067,4.421908069567478e-06
6,relu3_3,1.0790287915161835e-08,-0.44921323928377654,4.414047852258013e-06
6,relu3_3,1.099109700929496e-08,-0.44921323928377654,4.414047852258013e-06
6,relu3_3,1.1195643194838794e-08,-0.4492908931932776,4.395256173166927e-06
6,relu3_3,1.1403996019700331e-08,-0.4494302767227348,4.361715371897401e-06
6,relu3_3,1.1616226326085019e-08,-0.4493978886280882,4.36948755276147e-06
6,relu3_3,1.183240627458378e-08,-0.4491454150841021,4.4305227408423345e-06
6,relu3_3,1.2052609368708414e-08,-0.4497114060833638,4.294797965462706e-06
6,relu3_3,1.2276910479883604e-08,-0.44936245252306034,4.37800611890749e-06
6,relu3_3,1.2505385872903913e-08,-0.44965562146087873,4.307998967319389e-06
6,relu3_3,1.2738113231864785e-08,-0.44921323928377654,4.414047852258013e-06
6,relu3_3,1.2975171686575868e-08,-0.4496608790016279,4.306753180176683e-06
6,relu3_3,1.3216641839466038e-08,-0.4494302767227348,4.361715371897401e-06
6,relu3_3,1.346260579298911e-08,-0.4491454150841021,4.4305227408423345e-06
6,relu3_3,1.3713147177539456e-08,-0.45005425935973964,4.214497975038445e-06
6,relu3_3,1.3968351179887397e-08,-0.4494302767227348,4.361715371897401e-06
6,relu3_3,1.422830457214352e-08,-0.4493232817554383,4.3874406828123636e-06
6,relu3_3,1.4493095741262151e-08,-0.4494302767227348,4.361715371897401e-06
6,relu3_3,1.4762814719093911e-08,-0.44943858328589725,4.359724143965743e-06
6,relu3_3,1.5037553212997385e-08,-0.4494302767227348,4.361715371897401e-06
6,relu3_3,1.5317404637020797e-08,-0.4491808504531067,4.421908069567478e-06
6,relu3_3,1.560246414366368e-08,-0.44936245252306034,4.37800611890749e-06
6,relu3_3,1.5892828656229763e-08,-0.4492908931932776,4.395256173166927e-06
6,relu3_3,1.618859690178199e-08,-0.4493232817554383,4.3874406828123636e-06
6,relu3_3,1.648986944471065e-08,-0.4493232817554383,4.3874406828123636e-06
6,relu3_3,1.679674872092653e-08,-0.4492908931932776,4.395256173166927e-06
6,relu3_3,1.7109339072690134e-08,-0.44936245252306034,4.37800611890749e-06
6,relu3_3,1.7427746784089175e-08,-0.4493978886280882,4.36948755276147e-06
6,relu3_3,1.775208011717636e-08,-0.44921323928377654,4.414047852258013e-06
6,relu3_3,1.8082449348779518e-08,-0.44921323928377654,4.414047852258013e-06
6,relu3_3,1.841896680799711e-08,-0.4493232817554383,4.3874406828123636e-06
6,relu3_3,1.8761746914391196e-08,-0.44936245252306034,4.37800611890749e-06
6,relu3_3,1.911090621689136e-08,-0.4494302767227348,4.361715371897401e-06
6,relu3_3,1.946656343342263e-08,-0.44936245252306034,4.37800611890749e-06
6,relu3_3,1.9828839491270715e-08,-0.4494302767227348,4.361715371897401e-06
6,relu3_3,2.0197857568198784e-08,-0.4494302767227348,4.361715371897401e-06
6,relu3_3,2.0573743134329116e-08,-0.4493978886280882,4.36948755276147e-06
6,relu3_3,2.095662399480431e-08,-0.44936245252306034,4.37800611890749e-06
6,relu3_3,2.1346630333242455e-08,-0.44936245252306034,4.37800611890749e-06
6,relu3_3,2.17438947560008e-08,-0.44936245252306034,4.37800611890749e-06
6,relu3_3,2.2148552337263593e-08,-0.4494302767227348,4.361715371897401e-06
6,relu3_3,2.256074066496859e-08,-0.4494302767227348,4.361715371897401e-06
6,relu3_3,2.2980599887588488e-08,-0.4493978886280882,4.36948755276147e-06
6,relu3_3,2.3408272761782943e-08,-0.44936245252306034,4.37800611890749e-06
6,relu3_3,2.3843904700937205e-08,-0.4494302767227348,4.361715371897401e-06
6,relu3_3,2.4287643824604505e-08,-0.4494302767227348,4.361715371897401e-06
6,relu3_3,2.4739641008868117e-08,-0.4494302767227348,4.361715371897401e-06
6,relu3_3,2.5200049937640895e-08,-0.4494302767227348,4.361715371897401e-06
6,relu3_3,2.566902715491952e-08,-0.4493978886280882,4.36948755276147e-06
6,relu3_3,2.614673211801092e-08,-0.4491808504531067,4.421908069567478e-06
6,relu3_3,2.6633327251749808e-08,-0.4494302767227348,4.361715371897401e-06
6,relu3_3,2.7128978003724646e-08,-0.4493978886280882,4.36948755276147e-06
6,relu3_3,2.763385290053167e-08,-0.4493978886280882,4.36948755276147e-06
6,relu3_3,2.8148123605075813e-08,-0.4494302767227348,4.361715371897401e-06
6,relu3_3,2.8671964974937697e-08,-0.4494302767227348,4.361715371897401e-06
6,relu3_3,2.9205555121827452e-08,-0.44936245252306034,4.37800611890749e-06
6,relu3_3,2.9749075472144435e-08,-0.4493978886280882,4.36948755276147e-06
6,relu3_3,3.030271082866393e-08,-0.4494302767227348,4.361715371897401e-06
6,relu3_3,3.0866649433372746e-08,-0.44936245252306034,4.37800611890749e-06
6,relu3_3,3.144108303147265e-08,-0.44936245252306034,4.37800611890749e-06
6,relu3_3,3.2026206936576504e-08,-0.4494302767227348,4.361715371897401e-06
6,relu3_3,3.262222009711673e-08,-0.4494302767227348,4.361715371897401e-06
6,relu3_3,3.322932516398968e-08,-0.4494302767227348,4.361715371897401e-06
6,relu3_3,3.384772855945983e-08,-0.4494302767227348,4.361715371897401e-06
6,relu3_3,3.447764054734464e-08,-0.4494302767227348,4.361715371897401e-06
6,relu3_3,3.5119275304507276e-08,-0.44936245252306034,4.37800611890749e-06
6,relu3_3,3.577285099367877e-08,-0.44936245252306034,4.37800611890749e-06
6,relu3_3,3.6438589837635405e-08,-0.4493978886280882,4.36948755276147e-06
6,relu3_3,3.711671819475767e-08,-0.44936245252306034,4.37800611890749e-06
6,relu3_3,3.780746663599349e-08,-0.4493978886280882,4.36948755276147e-06
6,relu3_3,3.851107002325569e-08,-0.4494302767227348,4.361715371897401e-06
6,relu3_3,3.9227767589277236e-08,-0.44936245252306034,4.37800611890749e-06
6,relu3_3,3.995780301895265e-08,-0.4493978886280882,4.36948755276147e-06
6,relu3_3,4.070142453219439e-08,-0.4493978886280882,4.36948755276147e-06
6,relu3_3,4.1458884968329114e-08,-0.44936245252306034,4.37800611890749e-06
6,relu3_3,4.223044187206672e-08,-0.4494302767227348,4.361715371897401e-06
6,relu3_3,4.3016357581067994e-08,-0.44936245252306034,4.37800611890749e-06
6,relu3_3,4.381689931514195e-08,-0.44936245252306034,4.37800611890749e-06
6,relu3_3,4.4632339267103976e-08,-0.44936245252306034,4.37800611890749e-06
6,relu3_3,4.546295469532399e-08,-0.4493978886280882,4.36948755276147e-06
6,relu3_3,4.630902801799737e-08,-0.44936245252306034,4.37800611890749e-06
6,relu3_3,4.717084690917022e-08,-0.44936245252306034,4.37800611890749e-06
6,relu3_3,4.804870439655134e-08,-0.4494302767227348,4.361715371897401e-06
6,relu3_3,4.8942898961145316e-08,-0.44936245252306034,4.37800611890749e-06
6,relu3_3,4.9853734638738935e-08,-0.44936245252306034,4.37800611890749e-06
6,relu3_3,5.0781521123276706e-08,-0.44936245252306034,4.37800611890749e-06
6,relu3_3,5.172657387216024e-08,-0.44936245252306034,4.37800611890749e-06
6,relu3_3,5.268921421350677e-08,-0.44936245252306034,4.37800611890749e-06
6,relu3_3,5.366976945540476e-08,-0.44936245252306034,4.37800611890749e-06
6,relu3_3,5.4668572997201804e-08,-0.44936245252306034,4.37800611890749e-06
6,relu3_3,5.568596444286409e-08,-0.44936245252306034,4.37800611890749e-06
6,relu3_3,5.6722289716445493e-08,-0.44936245252306034,4.37800611890749e-06
6,relu3_3,5.777790117970507e-08,-0.44936245252306034,4.37800611890749e-06
6,relu3_3,5.885315775191451e-08,-0.44936245252306034,4.37800611890749e-06
6,relu3_3,5.99484250318941e-08,-0.44936245252306034,4.37800611890749e-06
6,relu3_3,6.106407542232036e-08,-0.44936245252306034,4.37800611890749e-06
6,relu3_3,6.220048825634717e-08,-0.44936245252306034,4.37800611890749e-06
6,relu3_3,6.335804992658255e-08,-0.44936245252306034,4.37800611890749e-06
6,relu3_3,6.453715401646702e-08,-0.44936245252306034,4.37800611890749e-06
6,relu3_3,6.573820143409585e-08,-0.4496759687897832,4.303179503644347e-06
6,relu3_3,6.696160054853215e-08,-0.4496759687897832,4.303179503644347e-06
6,relu3_3,6.820776732865692e-08,-0.44936245252306034,4.37800611890749e-06
6,relu3_3,6.94771254846024e-08,-0.44936245252306034,4.37800611890749e-06
6,relu3_3,7.077010661181889e-08,-0.4499864351600652,4.230269980915121e-06
6,relu3_3,7.208715033782136e-08,-0.4496759687897832,4.303179503644347e-06
6,relu3_3,7.342870447166758e-08,-0.4499864351600652,4.230269980915121e-06
6,relu3_3,7.479522515621828e-08,-0.4499864351600652,4.230269980915121e-06
6,relu3_3,7.618717702323e-08,-0.4499864351600652,4.230269980915121e-06
6,relu3_3,7.760503335133571e-08,-0.4496759687897832,4.303179503644347e-06
6,relu3_3,7.90492762269642e-08,-0.4502170374389583,4.176871025932724e-06
6,relu3_3,8.05203967082547e-08,-0.4501032626967781,4.20313712991207e-06
6,relu3_3,8.201889499202212e-08,-0.4502170374389583,4.176871025932724e-06
6,relu3_3,8.354528058382872e-08,-0.4502170374389583,4.176871025932724e-06
6,relu3_3,8.510007247122247e-08,-0.4502170374389583,4.176871025932724e-06
6,relu3_3,8.668379930019774e-08,-0.4502170374389583,4.176871025932724e-06
6,relu3_3,8.829699955494083e-08,-0.4502170374389583,4.176871025932724e-06
6,relu3_3,8.994022174092053e-08,-0.4502170374389583,4.176871025932724e-06
6,relu3_3,9.161402457138521e-08,-0.4502170374389583,4.176871025932724e-06
6,relu3_3,9.331897715733239e-08,-0.4502170374389583,4.176871025932724e-06
6,relu3_3,9.505565920101191e-08,-0.4502170374389583,4.176871025932724e-06
6,relu3_3,9.682466119303114e-08,-0.4502170374389583,4.176871025932724e-06
6,relu3_3,9.86265846131283e-08,-0.4501303924686507,4.1968598347401715e-06
6,relu3_3,1.0046204213468132e-07,-0.4502170374389583,4.176871025932724e-06
6,relu3_3,1.023316578330245e-07,-0.4500406945198048,4.217647934836248e-06
6,relu3_3,1.0423606739764012e-07,-0.4500406945198048,4.217647934836248e-06
6,relu3_3,1.061759183482999e-07,-0.4500406945198048,4.217647934836248e-06
6,relu3_3,1.0815187025522893e-07,-0.4500406945198048,4.217647934836248e-06
6,relu3_3,1.1016459496336569e-07,-0.44971513836136745,4.293916112850459e-06
6,relu3_3,1.1221477682079802e-07,-0.44971513836136745,4.293916112850459e-06
6,relu3_3,1.1430311291144787e-07,-0.44971513836136745,4.293916112850459e-06
6,relu3_3,1.1643031329208756e-07,-0.44971513836136745,4.293916112850459e-06
6,relu3_3,1.1859710123376706e-07,-0.4496827512327514,4.301574145438868e-06
6,relu3_3,1.208042134677329e-07,-0.44964731416169296,4.30996809458108e-06
6,relu3_3,1.2305240043592615e-07,-0.44928936954059745,4.395624159658531e-06
6,relu3_3,1.2534242654613995e-07,-0.4489283776451439,4.483632696296719e-06
6,relu3_3,1.2767507043192645e-07,-0.4489283776451439,4.483632696296719e-06
6,relu3_3,1.3005112521734099e-07,-0.4489283776451439,4.483632696296719e-06
6,relu3_3,1.3247139878661174e-07,-0.4489283776451439,4.483632696296719e-06
6,relu3_3,1.3493671405883065e-07,-0.4489283776451439,4.483632696296719e-06
6,relu3_3,1.3744790926775367e-07,-0.4489283776451439,4.483632696296719e-06
6,relu3_3,1.400058382468096e-07,-0.4489283776451439,4.483632696296719e-06
6,relu3_3,1.4261137071941298e-07,-0.4489283776451439,4.483632696296719e-06
6,relu3_3,1.4526539259467813e-07,-0.4489283776451439,4.483632696296719e-06
6,relu3_3,1.4796880626863963e-07,-0.4489283776451439,4.483632696296719e-06
6,relu3_3,1.5072253093107556e-07,-0.44918610960390676,4.42063086678869e-06
6,relu3_3,1.5352750287804213e-07,-0.44918610960390676,4.42063086678869e-06
6,relu3_3,1.563846758302248e-07,-0.44918610960390676,4.42063086678869e-06
6,relu3_3,1.592950212572123e-07,-0.44918610960390676,4.42063086678869e-06
6,relu3_3,1.6225952870780872e-07,-0.44967444384156274,4.303540526287751e-06
6,relu3_3,1.6527920614648973e-07,-0.44943180084292905,4.3613499495283485e-06
6,relu3_3,1.6835508029612007e-07,-0.44967444384156274,4.303540526287751e-06
6,relu3_3,1.714881969870541e-07,-0.44967444384156274,4.303540526287751e-06
6,relu3_3,1.7467962151272458e-07,-0.44967444384156274,4.303540526287751e-06
6,relu3_3,1.7793043899185772e-07,-0.44967444384156274,4.303540526287751e-06
6,relu3_3,1.8124175473742396e-07,-0.44967444384156274,4.303540526287751e-06
6,relu3_3,1.8461469463245456e-07,-0.44967444384156274,4.303540526287751e-06
6,relu3_3,1.8805040551285834e-07,-0.44967444384156274,4.303540526287751e-06
6,relu3_3,1.915500555573528e-07,-0.44967444384156274,4.303540526287751e-06
6,relu3_3,1.9511483468466165e-07,-0.44967444384156274,4.303540526287751e-06
6,relu3_3,1.9874595495809857e-07,-0.44967444384156274,4.303540526287751e-06
6,relu3_3,2.0244465099768018e-07,-0.44967444384156274,4.303540526287751e-06
6,relu3_3,2.0621218039991447e-07,-0.44967444384156274,4.303540526287751e-06
6,relu3_3,2.1004982416539152e-07,-0.44944384156266964,4.358464086300713e-06
6,relu3_3,2.1395888713434216e-07,-0.44944384156266964,4.358464086300713e-06
6,relu3_3,2.179406984302958e-07,-0.44944384156266964,4.358464086300713e-06
6,relu3_3,2.2199661191199526e-07,-0.44910472056429745,4.440435474106196e-06
6,relu3_3,2.2612800663372794e-07,-0.4489012479652741,4.490313470837833e-06
6,relu3_3,2.3033628731421313e-07,-0.4489012479652741,4.490313470837833e-06
6,relu3_3,2.3462288481422625e-07,-0.4489012479652741,4.490313470837833e-06
6,relu3_3,2.389892566231053e-07,-0.4489012479652741,4.490313470837833e-06
6,relu3_3,2.434368873543108e-07,-0.4489012479652741,4.490313470837833e-06
6,relu3_3,2.47967289250216e-07,-0.4489012479652741,4.490313470837833e-06
6,relu3_3,2.5258200269627846e-07,-0.4489012479652741,4.490313470837833e-06
6,relu3_3,2.572825967447932e-07,-0.4489012479652741,4.490313470837833e-06
6,relu3_3,2.620706696483855e-07,-0.4489012479652741,4.490313470837833e-06
6,relu3_3,2.669478494034318e-07,-0.4489012479652741,4.490313470837833e-06
6,relu3_3,2.7191579430360187e-07,-0.4489012479652741,4.490313470837833e-06
6,relu3_3,2.769761935036891e-07,-0.4489012479652741,4.490313470837833e-06
6,relu3_3,2.8213076759394705e-07,-0.4489012479652741,4.490313470837833e-06
6,relu3_3,2.8738126918510695e-07,-0.44924036896364633,4.407474078091504e-06
6,relu3_3,2.927294835042813e-07,-0.44924036896364633,4.407474078091504e-06
6,relu3_3,2.9817722900196733e-07,-0.44924036896364633,4.407474078091504e-06
6,relu3_3,3.0372635797033114e-07,-0.4492554573257566,4.403822021536767e-06
6,relu3_3,3.0937875717301365e-07,-0.4492674986435161,4.400909532157223e-06
6,relu3_3,3.1513634848664826e-07,-0.449525230602279,4.3390042931871685e-06
6,relu3_3,3.2100108955431685e-07,-0.449525230602279,4.3390042931871685e-06
6,relu3_3,3.2697497445117677e-07,-0.449525230602279,4.3390042931871685e-06
6,relu3_3,3.3306003436245885e-07,-0.449525230602279,4.3390042931871685e-06
6,relu3_3,3.3925833827409916e-07,-0.449525230602279,4.3390042931871685e-06
6,relu3_3,3.455719936762143e-07,-0.449525230602279,4.3390042931871685e-06
6,relu3_3,3.520031472796675e-07,-0.44979652740097675,4.274728119461728e-06
6,relu3_3,3.585539857459817e-07,-0.44979652740097675,4.274728119461728e-06
6,relu3_3,3.6522673643081754e-07,-0.44979652740097675,4.274728119461728e-06
6,relu3_3,3.7202366814130657e-07,-0.44967444384156274,4.303540526287751e-06
6,relu3_3,3.7894709190746713e-07,-0.449525230602279,4.3390042931871685e-06
6,relu3_3,3.8599936176797634e-07,-0.449525230602279,4.3390042931871685e-06
6,relu3_3,3.9318287557057704e-07,-0.44934362908434283,4.382537491696374e-06
6,relu3_3,4.005000757873611e-07,-0.44915897992403697,4.427223133830177e-06
6,relu3_3,4.079534503452449e-07,-0.44915897992403697,4.427223133830177e-06
6,relu3_3,4.1554553347188797e-07,-0.44915897992403697,4.427223133830177e-06
6,relu3_3,4.232789065573544e-07,-0.44915897992403697,4.427223133830177e-06
6,relu3_3,4.3115619903182285e-07,-0.44915897992403697,4.427223133830177e-06
6,relu3_3,4.391800892596086e-07,-0.44915897992403697,4.427223133830177e-06
6,relu3_3,4.473533054498463e-07,-0.448914812805209,4.486971911718285e-06
6,relu3_3,4.556786265841069e-07,-0.4487384698860554,4.53059554959183e-06
6,relu3_3,4.6415888336127725e-07,-0.44833152468800874,4.632795813732895e-06
6,relu3_3,4.7279695916003907e-07,-0.44833152468800874,4.632795813732895e-06
6,relu3_3,4.815957910192351e-07,-0.44833152468800874,4.632795813732895e-06
6,relu3_3,4.905583706365046e-07,-0.44833152468800874,4.632795813732895e-06
6,relu3_3,4.996877453854889e-07,-0.44833152468800874,4.632795813732895e-06
6,relu3_3,5.089870193519674e-07,-0.4481687466087901,4.674281041517135e-06
6,relu3_3,5.184593543892913e-07,-0.4481687466087901,4.674281041517135e-06
6,relu3_3,5.281079711934331e-07,-0.4481687466087901,4.674281041517135e-06
6,relu3_3,5.379361503980697e-07,-0.4481687466087901,4.674281041517135e-06
6,relu3_3,5.479472336900293e-07,-0.4481687466087901,4.674281041517135e-06
6,relu3_3,5.581446249454955e-07,-0.448670645686381,4.547480055899185e-06
6,relu3_3,5.685317913873753e-07,-0.44883342376559965,4.50705647577854e-06
6,relu3_3,5.791122647641759e-07,-0.4478567552902877,4.754774710522638e-06
6,relu3_3,5.898896425508493e-07,-0.4478567552902877,4.754774710522638e-06
6,relu3_3,6.008675891719693e-07,-0.4478567552902877,4.754774710522638e-06
6,relu3_3,6.12049837247669e-07,-0.44849430276722746,4.591657727640509e-06
6,relu3_3,6.234401888627864e-07,-0.44849430276722746,4.591657727640509e-06
6,relu3_3,6.350425168595962e-07,-0.4489283776451439,4.483632696296719e-06
6,relu3_3,6.468607661546321e-07,-0.4489283776451439,4.483632696296719e-06
6,relu3_3,6.588989550799957e-07,-0.44872490504612056,4.53396771711082e-06
6,relu3_3,6.711611767496273e-07,-0.44872490504612056,4.53396771711082e-06
6,relu3_3,6.836516004510239e-07,-0.44872490504612056,4.53396771711082e-06
6,relu3_3,6.963744730628223e-07,-0.44872490504612056,4.53396771711082e-06
6,relu3_3,7.09334120498799e-07,-0.44872490504612056,4.53396771711082e-06
6,relu3_3,7.225349491787222e-07,-0.44845360824742275,4.601909853591927e-06
6,relu3_3,7.359814475265756e-07,-0.4493488876831254,4.381271142649892e-06
6,relu3_3,7.496781874966877e-07,-0.4493488876831254,4.381271142649892e-06
6,relu3_3,7.636298261282241e-07,-0.4493488876831254,4.381271142649892e-06
6,relu3_3,7.778411071286482e-07,-0.4493488876831254,4.381271142649892e-06
6,relu3_3,7.923168624866261e-07,-0.4493488876831254,4.381271142649892e-06
6,relu3_3,8.070620141149491e-07,-0.44883342376559965,4.50705647577854e-06
6,relu3_3,8.220815755240541e-07,-0.44936245252306034,4.37800611890749e-06
6,relu3_3,8.373806535266489e-07,-0.4490233315246881,4.460323682868662e-06
6,relu3_3,8.529644499741017e-07,-0.44884698860553457,4.503703175075882e-06
6,relu3_3,8.688382635251193e-07,-0.44884698860553457,4.503703175075882e-06
6,relu3_3,8.850074914473439e-07,-0.44884698860553457,4.503703175075882e-06
6,relu3_3,9.014776314524917e-07,-0.44884698860553457,4.503703175075882e-06
6,relu3_3,9.182542835656282e-07,-0.448670645686381,4.547480055899185e-06
6,relu3_3,9.353431520292377e-07,-0.44862995116657634,4.557639205631032e-06
6,relu3_3,9.5275004724273e-07,-0.44862995116657634,4.557639205631032e-06
6,relu3_3,9.704808877380307e-07,-0.44862995116657634,4.557639205631032e-06
6,relu3_3,9.885417021919574e-07,-0.44862995116657634,4.557639205631032e-06
6,relu3_3,1.0069386314760271e-06,-0.4488876831253392,4.493657375193676e-06
6,relu3_3,1.0256779307444208e-06,-0.44872490504612056,4.53396771711082e-06
6,relu3_3,1.0447659715608053e-06,-0.4481551817688552,4.677753899091599e-06
6,relu3_3,1.0642092440647247e-06,-0.4490504612045579,4.453684970555288e-06
6,relu3_3,1.084014359178331e-06,-0.4490504612045579,4.453684970555288e-06
6,relu3_3,1.10418805085416e-06,-0.44884698860553457,4.503703175075882e-06
6,relu3_3,1.1247371783647508e-06,-0.44833152468800874,4.632795813732895e-06
6,relu3_3,1.1456687286348725e-06,-0.44835865436787853,4.625915432628328e-06
6,relu3_3,1.1669898186171475e-06,-0.4482772653282692,4.646585516917813e-06
6,relu3_3,1.1887076977119033e-06,-0.44819587628865987,4.66734261389482e-06
6,relu3_3,1.2108297502320394e-06,-0.4485349972870321,4.581427128092327e-06
6,relu3_3,1.2333634979137747e-06,-0.4492674986435161,4.400909532157223e-06
6,relu3_3,1.2563166024741214e-06,-0.4492674986435161,4.400909532157223e-06
6,relu3_3,1.2796968682159416e-06,-0.44956592512208365,4.329305135207319e-06
6,relu3_3,1.303512244681509e-06,-0.44956592512208365,4.329305135207319e-06
6,relu3_3,1.327770829355429e-06,-0.44956592512208365,4.329305135207319e-06
6,relu3_3,1.352480870417874e-06,-0.4498372219207814,4.265164459540618e-06
6,relu3_3,1.377650769549055e-06,-0.45029842647856766,4.158176524334632e-06
6,relu3_3,1.4032890847858731e-06,-0.4497422680412372,4.287511112569267e-06
6,relu3_3,1.4294045334317611e-06,-0.4497422680412372,4.287511112569267e-06
6,relu3_3,1.4560059950206485e-06,-0.45000000000000007,4.227111135435415e-06
6,relu3_3,1.483102514336103e-06,-0.4496201844818232,4.316404710888052e-06
6,relu3_3,1.5107033044866557e-06,-0.4494845360824743,4.348723930072382e-06
6,relu3_3,1.5388177500383465e-06,-0.4494845360824743,4.348723930072382e-06
6,relu3_3,1.567455410205595e-06,-0.4494845360824743,4.348723930072382e-06
6,relu3_3,1.596626022101425e-06,-0.4494845360824743,4.348723930072382e-06
6,relu3_3,1.6263395040481906e-06,-0.4486977753662508,4.540719149658246e-06
6,relu3_3,1.6566059589499152e-06,-0.4486977753662508,4.540719149658246e-06
6,relu3_3,1.6874356777273756e-06,-0.4488876831253392,4.493657375193676e-06
6,relu3_3,1.7188391428171457e-06,-0.4488876831253392,4.493657375193676e-06
6,relu3_3,1.7508270317357268e-06,-0.4483179598480739,4.636239619538385e-06
6,relu3_3,1.7834102207100063e-06,-0.4485214324470972,4.58483493873005e-06
6,relu3_3,1.8165997883753285e-06,-0.448182311448725,4.670810613648047e-06
6,relu3_3,1.850407019542302e-06,-0.448182311448725,4.670810613648047e-06
6,relu3_3,1.8848434090337953e-06,-0.4480873575691808,4.69515468824368e-06
6,relu3_3,1.919920665593287e-06,-0.44834508952794366,4.629354418622208e-06
6,relu3_3,1.955650715865947e-06,-0.44839934888768324,4.6156129135821e-06
6,relu3_3,1.992045708453871e-06,-0.4489283776451439,4.483632696296719e-06
6,relu3_3,2.029118018046678e-06,-0.4491454150841021,4.4305227408423345e-06
6,relu3_3,2.066880249629082e-06,-0.44932175800325563,4.387808076531535e-06
6,relu3_3,2.1053452427667084e-06,-0.448914812805209,4.486971911718285e-06
6,relu3_3,2.144526075971665e-06,-0.448914812805209,4.486971911718285e-06
6,relu3_3,2.1844360711494283e-06,-0.4486570808464461,4.550864065538527e-06
6,relu3_3,2.2250887981283694e-06,-0.44835865436787853,4.625915432628328e-06
6,relu3_3,2.266498079273693e-06,-0.44758545849158987,4.82582913647442e-06
6,relu3_3,2.308677994187172e-06,-0.44849430276722746,4.591657727640509e-06
6,relu3_3,2.351642884494346e-06,-0.447693977211069,4.797288144096287e-06
6,relu3_3,2.3954073587208794e-06,-0.4468122626153012,5.033862864725874e-06
6,relu3_3,2.43998629725955e-06,-0.44702930005425945,4.974630087631127e-06
6,relu3_3,2.4853948574297983e-06,-0.44578133478024967,5.3244053286628135e-06
6,relu3_3,2.531648478631358e-06,-0.4453608247422681,5.447392044599847e-06
6,relu3_3,2.5787628875937984e-06,-0.4448317959848075,5.60591903201373e-06
6,relu3_3,2.6267541037238384e-06,-0.44451980466630503,5.70143536469575e-06
6,relu3_3,2.6756384445520452e-06,-0.4427021161150299,6.289106666213228e-06
6,relu3_3,2.725432531281028e-06,-0.44271568095496483,6.284517208970762e-06
6,relu3_3,2.776153294436804e-06,-0.4433260987520348,6.081224170305793e-06
6,relu3_3,2.827817979625338e-06,-0.44340748779164413,6.054590995655417e-06
6,relu3_3,2.880444153396298e-06,-0.4438686923494304,5.905732015251425e-06
6,relu3_3,2.934049709215787e-06,-0.44484536082474235,5.601800526643079e-06
6,relu3_3,2.9886528735503824e-06,-0.44428920238741193,5.773017101056187e-06
6,relu3_3,3.0442722120643057e-06,-0.4447775366250679,5.62242158516941e-06
6,relu3_3,3.1009266359319234e-06,-0.44451980466630503,5.70143536469575e-06
6,relu3_3,3.158635408267819e-06,-0.44451980466630503,5.70143536469575e-06
6,relu3_3,3.2174181506763714e-06,-0.4447775366250679,5.62242158516941e-06
6,relu3_3,3.277294849923382e-06,-0.4429055887140533,6.220594922088462e-06
6,relu3_3,3.3382858647317643e-06,-0.44222734671730884,6.451739668538186e-06
6,relu3_3,3.4004119327037024e-06,-0.44195604991861104,6.546441644787667e-06
6,relu3_3,3.4636941773717343e-06,-0.44195604991861104,6.546441644787667e-06
6,relu3_3,3.5281541153808832e-06,-0.4411828540423224,6.823570773821502e-06
6,relu3_3,3.5938136638046257e-06,-0.4411014650027131,6.853375907276247e-06
6,relu3_3,3.660695147596906e-06,-0.44074877916440597,6.98395279050596e-06
6,relu3_3,3.72882130718283e-06,-0.4411014650027131,6.853375907276247e-06
6,relu3_3,3.7982153061907363e-06,-0.44070808464460126,6.999169085241396e-06
6,relu3_3,3.868900739327975e-06,-0.44111502984264794,6.848399892500062e-06
6,relu3_3,3.9409016404034476e-06,-0.44059956592512217,7.0398985171779775e-06
6,relu3_3,4.014242490499326e-06,-0.43979924036896373,7.3472378877308535e-06
6,relu3_3,4.088948226294856e-06,-0.4390124796527402,7.66163719984589e-06
6,relu3_3,4.1650442485451855e-06,-0.4377509495387955,8.192303611054023e-06
6,relu3_3,4.242556430717777e-06,-0.43783233857840487,8.15704990828149e-06
6,relu3_3,4.321511127789762e-06,-0.43844275637547486,7.897158544590445e-06
6,relu3_3,4.401935185208879e-06,-0.4373440043407489,8.370731551650133e-06
6,relu3_3,4.483855948021182e-06,-0.4368014107433533,8.614324128533322e-06
6,relu3_3,4.567301270168747e-06,-0.4361231687466089,8.92819029850614e-06
6,relu3_3,4.652299523960189e-06,-0.435255018990776,9.345637543100772e-06
6,relu3_3,4.738879609717651e-06,-0.4341155724362453,9.921415299907072e-06
6,relu3_3,4.827070965603188e-06,-0.4342919153553989,9.830178373752208e-06
6,relu3_3,4.916903577628021e-06,-0.4339663591969616,9.999236648517765e-06
6,relu3_3,5.008407989848212e-06,-0.43505154639175264,9.44609586228474e-06
6,relu3_3,5.101615314749834e-06,-0.4334102007596311,1.0294380121003753e-05
6,relu3_3,5.1965572438276574e-06,-0.43217580032555625,1.097895060027265e-05
6,relu3_3,5.293266058360567e-06,-0.43182311448724914,1.1182259214143023e-05
6,relu3_3,5.391774640387494e-06,-0.4317417254476398,1.1229676095502166e-05
6,relu3_3,5.492116483887789e-06,-0.43147042864894203,1.138909973430289e-05
6,relu3_3,5.594325706169378e-06,-0.4315518176885514,1.1341050851498678e-05
6,relu3_3,5.698437059469136e-06,-0.43118556701030936,1.1558780572661863e-05
6,relu3_3,5.804485942768984e-06,-0.4302767227346718,1.2116148936576909e-05
6,relu3_3,5.912508413831869e-06,-0.4308735756918069,1.1747343941893037e-05
6,relu3_3,6.022541201461928e-06,-0.4295713510580576,1.2566020703679083e-05
6,relu3_3,6.134621717992506e-06,-0.4293407487791645,1.2716463224778688e-05
6,relu3_3,6.248788072006888e-06,-0.42783505154639184,1.3741100206563981e-05
6,relu3_3,6.365079081295578e-06,-0.42562398263700496,1.5386976246795505e-05
6,relu3_3,6.483534286054714e-06,-0.4247287032013023,1.610458421358581e-05
6,relu3_3,6.604193962330305e-06,-0.42206999457406413,1.8425044793956963e-05
6,relu3_3,6.727099135712336e-06,-0.42166304937601745,1.880671713729541e-05
6,relu3_3,6.852291595284057e-06,-0.42095767769940323,1.948588700298603e-05
6,relu3_3,6.979813907830667e-06,-0.4211204557786219,1.932714617875565e-05
6,relu3_3,7.109709432312424e-06,-0.4193163320672817,2.1156239011962252e-05
6,relu3_3,7.242022334607315e-06,-0.41608790016277813,2.4840144475488735e-05
6,relu3_3,7.376797602527731e-06,-0.4160336408030386,2.4906902391232977e-05
6,relu3_3,7.514081061116962e-06,-0.4152333152468802,2.5911290566245906e-05
6,relu3_3,7.653919388230155e-06,-0.41564026044492686,2.5395942123494222e-05
6,relu3_3,7.796360130405221e-06,-0.4129137276180142,2.9040578672574254e-05
6,relu3_3,7.94145171902934e-06,-0.4122761801410744,2.9960648159413238e-05
6,relu3_3,8.089243486805938e-06,-0.4110146500271298,3.186208158753745e-05
6,relu3_3,8.239785684528512e-06,-0.4110146500271298,3.186208158753745e-05
6,relu3_3,8.393129498166374e-06,-0.4102007596310364,3.3148049844034724e-05
6,relu3_3,8.549327066268366e-06,-0.41062126966901796,3.247769639288128e-05
6,relu3_3,8.708431497690725e-06,-0.41052631578947374,3.262794955105136e-05
6,relu3_3,8.870496889654403e-06,-0.40930548019533375,3.4618554039459154e-05
6,relu3_3,9.035578346138921e-06,-0.4069994574064027,3.8691709617810096e-05
6,relu3_3,9.20373199661823e-06,-0.4056565382528487,4.126557615043429e-05
6,relu3_3,9.37501501514529e-06,-0.40584644601193715,4.0892137792377234e-05
6,relu3_3,9.549485639791967e-06,-0.40415084102007603,4.4341085636273214e-05
6,relu3_3,9.727203192450538e-06,-0.4039744981009225,4.4714949836109544e-05
6,relu3_3,9.908228099003787e-06,-0.40427292457949005,4.4083967466037666e-05
6,relu3_3,1.0092621909870484e-05,-0.4041779706999458,4.428382762924119e-05
6,relu3_3,1.0280447320933097e-05,-0.40170916983179605,4.978672002324657e-05
6,relu3_3,1.0471768194855202e-05,-0.40122083559414007,5.0948107002405506e-05
6,relu3_3,1.0666649582795388e-05,-0.40062398263700494,5.240188139811862e-05
6,relu3_3,1.0865157746525373e-05,-0.39966087900162783,5.482954367758045e-05
6,relu3_3,1.1067360180959745e-05,-0.399158979924037,5.61358226726484e-05
6,relu3_3,1.1273325637104872e-05,-0.3968122626153012,6.263747163489874e-05
6,relu3_3,1.148312414543511e-05,-0.3956321215409659,6.616591911260337e-05
6,relu3_3,1.1696827039703846e-05,-0.39513022246337504,6.772188957616587e-05
6,relu3_3,1.1914506981197747e-05,-0.3927156809549648,7.569496683125946e-05
6,relu3_3,1.2136237983442418e-05,-0.3915084102007597,8.000115699502814e-05
6,relu3_3,1.2362095437367691e-05,-0.38860553445469354,9.130520897579361e-05
6,relu3_3,1.259215613694151e-05,-0.38711340206185574,9.767707198987534e-05
6,relu3_3,1.28264983052806e-05,-0.3837764514378731,0.00011345036146455561
6,relu3_3,1.3065201621247199e-05,-0.38313890396093336,0.00011672072868494959
6,relu3_3,1.330834724654076e-05,-0.3806565382528487,0.000130305569734769
6,relu3_3,1.355601785329369e-05,-0.37849972870320137,0.0001432840875300024
6,relu3_3,1.3808297652180924e-05,-0.37803852414541517,0.00014621043304980223
6,relu3_3,1.4065272421052364e-05,-0.3768583830710798,0.00015395240395589023
6,relu3_3,1.4327029534098295e-05,-0.37466087900162787,0.0001693889726619731
6,relu3_3,1.4593657991557576e-05,-0.37288388497015745,0.00018290596451130212
6,relu3_3,1.4865248449978572e-05,-0.3754340748779165,0.00016380129313263528
6,relu3_3,1.514189325304352e-05,-0.3750949538795443,0.00016623068558224398
6,relu3_3,1.5423686462966275e-05,-0.37246337493217585,0.0001862473635409433
6,relu3_3,1.5710723892474488e-05,-0.37002170374389587,0.00020679074683595258
6,relu3_3,1.6003103137387017e-05,-0.3684617471513837,0.00022099129760774853
6,relu3_3,1.630092360979741e-05,-0.36593868692349435,0.0002458778299846933
6,relu3_3,1.6604286571875295e-05,-0.3631307650569724,0.0002765993510892408
6,relu3_3,1.691329517029647e-05,-0.3624932175800326,0.00028405068823270454
6,relu3_3,1.7228054471313922e-05,-0.3633478024959306,0.0002741041295913024
6,relu3_3,1.754867149648152e-05,-0.3605805751492133,0.000307529204762307
6,relu3_3,1.7875255259042355e-05,-0.35752848616386335,0.0003487230030590554
6,relu3_3,1.8207916800994626e-05,-0.35666033640803047,0.0003613353293680618
6,relu3_3,1.8546769230846977e-05,-0.3534047748236572,0.0004124614437614312
6,relu3_3,1.8891927762076646e-05,-0.35170916983179606,0.0004416468537425882
6,relu3_3,1.924350975230332e-05,-0.3509088442756376,0.00045607088531150096
6,relu3_3,1.9601634743191856e-05,-0.34867064568638095,0.000498736155835074
6,relu3_3,1.9966424501097934e-05,-0.3477753662506783,0.0005168045646617541
6,relu3_3,2.03380030584698e-05,-0.3457677699403148,0.0005595240890769056
6,relu3_3,2.071649675602067e-05,-0.34362452523060233,0.00060868205700616
6,relu3_3,2.1102034285685967e-05,-0.34135919696147593,0.0006649129178425696
6,relu3_3,2.1494746734379807e-05,-0.3405046120455779,0.0006873321989019218
6,relu3_3,2.189476762856621e-05,-0.33829354313619103,0.0007485829897453983
6,relu3_3,2.2302232979659363e-05,-0.33623168746608795,0.0008101527487085552
6,relu3_3,2.2717281330269027e-05,-0.33501085187194796,0.0008487531180517349
6,relu3_3,2.314005380130654e-05,-0.3344818231144873,0.000865995221289009
6,relu3_3,2.3570694139967276e-05,-0.335255018990776,0.0008409013681807409
6,relu3_3,2.4009348768606518e-05,-0.33445469343461753,0.0008668879852412565
6,relu3_3,2.445616683452444e-05,-0.3331389039609333,0.0009112082652757252
6,relu3_3,2.491130026067791e-05,-0.33198589256646777,0.0009517335667208334
6,relu3_3,2.5374903797335716e-05,-0.3301953336950625,0.001017931422409814
6,relu3_3,2.584713507469564e-05,-0.3252441671188281,0.0012233865973132999
6,relu3_3,2.63281546564802e-05,-0.3236299511665763,0.0012981046620414174
6,relu3_3,2.6818126094530128e-05,-0.3221920781334781,0.001368124236439748
6,relu3_3,2.731721598441379e-05,-0.3191671188279979,0.0015267393242864701
6,relu3_3,2.782559402207126e-05,-0.3151926207270755,0.001760440430155308
6,relu3_3,2.8343433061513092e-05,-0.31218122626153016,0.001958554473645374
6,relu3_3,2.8870909173592348e-05,-0.3086950623982638,0.0022128964426021613
6,relu3_3,2.9408201705870607e-05,-0.3032148670645687,0.0026732925132272713
6,relu3_3,2.9955493343598162e-05,-0.30195333695062404,0.0027907715800811615
6,relu3_3,3.051297017182871e-05,-0.29746337493217584,0.0032474658449486975
6,relu3_3,3.1080821738690636e-05,-0.29534725990233324,0.0034850760675433877
6,relu3_3,3.165924111983521e-05,-0.29712425393380365,0.0032845392921728236
6,relu3_3,3.224842498408439e-05,-0.29598480737927296,0.0034119005760823665
6,relu3_3,3.284857366030047e-05,-0.2915762344004341,0.0039473597942693145
6,relu3_3,3.345989120549975e-05,-0.28844275637547484,0.004372366565079291
6,relu3_3,3.408258547423452e-05,-0.2871134020618557,0.004564678104418853
6,relu3_3,3.4716868189265594e-05,-0.2858111774281064,0.0047603372324756575
6,relu3_3,3.536295501355039e-05,-0.28336950623982643,0.005147421720798431
6,relu3_3,3.602106562357074e-05,-0.2830439500813891,0.005201092934853847
6,relu3_3,3.669142378402494e-05,-0.27944926749864357,0.0058276317179171595
6,relu3_3,3.7374257423910643e-05,-0.2763157894736843,0.006427471721295225
6,relu3_3,3.806979871402284e-05,-0.2741047205642974,0.0068830089384094755
6,relu3_3,3.877828414589453e-05,-0.26945198046663055,0.0079358158947072
6,relu3_3,3.949995461220647e-05,-0.2694655453065654,0.0079325509412847
6,relu3_3,4.023505548869293e-05,-0.26851600651112323,0.008163976996910982
6,relu3_3,4.098383671757261e-05,-0.2679598480737928,0.008302269914450842
6,relu3_3,4.174655289253135e-05,-0.2659115572436246,0.008829536914427585
6,relu3_3,4.252346334528678e-05,-0.2631172002170375,0.009596223072679573
6,relu3_3,4.331483223376403e-05,-0.25822029300054267,0.011081308223455766
6,relu3_3,4.41209286319119e-05,-0.2576370048833424,0.011270940544856738
6,relu3_3,4.494202662119142e-05,-0.2572843190450353,0.01138697217611918
6,relu3_3,4.577840538376616e-05,-0.2537032013022247,0.012625488409561045
6,relu3_3,4.6630349297427265e-05,-0.25313347802495934,0.012832975264200528
6,relu3_3,4.7498148032285043e-05,-0.2505425935973956,0.013814431953979791
6,relu3_3,4.838209664925957e-05,-0.2494574064026045,0.014244505571875975
6,relu3_3,4.9282495700405135e-05,-0.24865708084644605,0.014569086743968396
6,relu3_3,5.0199651331100794e-05,-0.24770754205100384,0.014962487726167352
6,relu3_3,5.113387538414321e-05,-0.24648670645686385,0.01548179419014922
6,relu3_3,5.2085485505776655e-05,-0.24055887140531745,0.01823106260902823
6,relu3_3,5.305480525369574e-05,-0.24133206728160614,0.017850150886996725
6,relu3_3,5.404216420705915e-05,-0.2402875746066197,0.01836636525795174
6,relu3_3,5.5047898078549675e-05,-0.24081660336408034,0.018103321307674215
6,relu3_3,5.607234882852027e-05,-0.23540423223005974,0.020953876431375456
6,relu3_3,5.711586478126435e-05,-0.23319316332067286,0.02222460224741931
6,relu3_3,5.8178800743449355e-05,-0.23113130765056977,0.023468420043194622
6,relu3_3,5.926151812475552e-05,-0.228906673901248,0.02487662782423659
6,relu3_3,6.0364385060758635e-05,-0.2256782419967445,0.02704792850814973
6,relu3_3,6.148777653810017e-05,-0.22632935431361914,0.026597508765169
6,relu3_3,6.263207452198692e-05,-0.22657352143244713,0.026430252732769072
6,relu3_3,6.379766808606283e-05,-0.22413185024416715,0.02814370439446347
6,relu3_3,6.498495354469889e-05,-0.22326370048833427,0.028775212044924336
6,relu3_3,6.619433458774387e-05,-0.22186652197504073,0.029816739240729438
6,relu3_3,6.742622241778336e-05,-0.21767498643516012,0.0331345534150311
6,relu3_3,6.868103588995308e-05,-0.21714595767769945,0.03357460030307684
6,relu3_3,6.995920165435375e-05,-0.21317145957677702,0.03704042921961386
6,relu3_3,7.126115430111745e-05,-0.20904774823657085,0.04094827450987535
6,relu3_3,7.258733650817246e-05,-0.20733857840477488,0.04266582063504252
6,relu3_3,7.393819919175873e-05,-0.20447639717851335,0.045676072762189
6,relu3_3,7.531420165974376e-05,-0.20349972870320135,0.04674272289626697
6,relu3_3,7.671581176779303e-05,-0.19929462832338582,0.05157346652381837
6,relu3_3,7.814350607844543e-05,-0.19881985892566473,0.05214381058399544
6,relu3_3,7.959777002314978e-05,-0.19772110689093872,0.05348367258438705
6,relu3_3,8.107909806731695e-05,-0.19382799782962565,0.05846059459568608
6,relu3_3,8.258799387844272e-05,-0.19192892023874122,0.06102226535663761
6,relu3_3,8.412497049736118e-05,-0.19051817688551279,0.06298384801676868
6,relu3_3,8.569055051268347e-05,-0.18501085187194793,0.07113793816692321
6,relu3_3,8.728526623848371e-05,-0.18225718936516552,0.0755231963476442
6,relu3_3,8.890965989529168e-05,-0.17927292457948998,0.08051810758246564
6,relu3_3,9.056428379445294e-05,-0.1725040694519805,0.09282671760822193
6,relu3_3,9.224970052592174e-05,-0.17183939229517095,0.09411144172116043
6,relu3_3,9.39664831495469e-05,-0.165368963646229,0.10736283946412163
6,relu3_3,9.571521538991856e-05,-0.16458220293000547,0.10906864353718927
6,relu3_3,9.749649183484096e-05,-0.1640531741725448,0.1102274566608465
6,relu3_3,9.9310918137498e-05,-0.1621269669017906,0.1145277334233096
6,relu3_3,0.00010115911122238297,-0.15976668475311995,0.11997287985753534
6,relu3_3,0.00010304169949505875,-0.15771839392295173,0.12485805977356423
6,relu3_3,0.00010495932305582266,-0.15466630493760178,0.13241853927094693
6,relu3_3,0.00010691263391734771,-0.15090884427563758,0.14219957556147353
6,relu3_3,0.00010890229622637306,-0.14933532284319048,0.1464540759484124
6,relu3_3,0.00011092898648952228,-0.14917254476397182,0.1468996076115224
6,relu3_3,0.00011299339380332217,-0.15000000000000002,0.14464537385167064
6,relu3_3,0.00011509622008850311,-0.15020347259902336,0.14409507040813885
6,relu3_3,0.00011723818032865997,-0.14892837764514383,0.1475698162995161
6,relu3_3,0.00011942000281335325,-0.14693434617471518,0.15312951068944414
6,relu3_3,0.0001216424293857368,-0.14503526858383073,0.158568805298184
6,relu3_3,0.00012390621569479155,-0.14176614215952255,0.16826721630538236
6,relu3_3,0.0001262121314522546,-0.14209169831795987,0.1672822020124641
6,relu3_3,0.00012856096069432965,-0.13988062940857302,0.17405647675847374
6,relu3_3,0.00013095350204826676,-0.14031470428648946,0.17271090038107184
6,relu3_3,0.00013339056900390586,-0.14046391752577322,0.17225013076029688
6,relu3_3,0.0001358729901902709,-0.139148128052089,0.17634458083825755
6,relu3_3,0.00013840160965731301,-0.1382121540965817,0.17930027435448798
6,relu3_3,0.00014097728716289676,-0.13851058057514923,0.17835397015004573
6,relu3_3,0.00014360089846512608,-0.1372219207813348,0.18246659442811994
6,relu3_3,0.000146273335620113,-0.1363944655453066,0.18514355218299755
6,relu3_3,0.00014899550728528536,-0.13826641345632124,0.17912794639959123
6,relu3_3,0.00015176833902834038,-0.13982637004883344,0.17422521400873378
6,relu3_3,0.00015459277364194784,-0.14184753119913188,0.16802056204409022
6,relu3_3,0.00015746977146430867,-0.14046391752577322,0.17225013076029688
6,relu3_3,0.000160400310705682,-0.1378459034183397,0.18046666137471581
6,relu3_3,0.00016338538778098603,-0.13846988605534458,0.17848279586855498
6,relu3_3,0.0001664260176485902,-0.13958220293000545,0.17498601926017823
6,relu3_3,0.00016952323415541214,-0.138781877373847,0.177496871465621
6,relu3_3,0.0001726780903884356,-0.13648941942485082,0.1848349164224555
6,relu3_3,0.00017589165903277327,-0.13373575691806838,0.19393824214193697
6,relu3_3,0.00017916503273638994,-0.13125339120998375,0.20241840618593673
6,relu3_3,0.00018249932448161505,-0.12470157352143248,0.22606893981162218
6,relu3_3,0.00018589566796356884,-0.12125610417797072,0.239256385802736
6,relu3_3,0.00018935521797562954,-0.11675257731958766,0.2572851761905896
6,relu3_3,0.00019287915080207777,-0.11618285404232233,0.25963031376470763
6,relu3_3,0.00019646866461804445,-0.11395822029300057,0.2689267185389172
6,relu3_3,0.00020012497989690348,-0.1129544221378188,0.2731941691575958
6,relu3_3,0.00020384933982524643,-0.11155724362452525,0.2792094686092896
6,relu3_3,0.00020764301072557747,-0.11090613130765059,0.28204275986204436
6,relu3_3,0.00021150728248687948,-0.1118692349430277,0.27785862216457025
6,relu3_3,0.00021544346900318823,-0.11177428106348347,0.27826928502457526
6,relu3_3,0.00021945290862033113,-0.11157080846446014,0.2791506449421026
6,relu3_3,0.00022353696459097966,-0.11249321758003258,0.275170083747058
6,relu3_3,0.000227697025538168,-0.11322571893651658,0.27203633690551815
6,relu3_3,0.00023193450592744275,-0.1129408572978839,0.2732521476769526
6,relu3_3,0.0002362508465477945,-0.11207270754205102,0.2769799981106177
6,relu3_3,0.00024064751500154217,-0.11333423765599568,0.2715741308311982
6,relu3_3,0.000245126006203334,-0.11441942485078678,0.2669811770989843
6,relu3_3,0.00024968784288843267,-0.11474498100922412,0.26561360232036507
6,relu3_3,0.00025433457613046484,-0.11628498468930368,0.2592088481894227
6,relu3_3,0.0002590677858688006,-0.11658979924036898,0.2579537347048319
6,relu3_3,0.0002638890814457513,-0.11923494302767229,0.24723612024980712
6,relu3_3,0.00026880010215376074,-0.11979110146500274,0.2450222933616066
6,relu3_3,0.00027380251779278577,-0.11988605534454695,0.24464569504927372
6,relu3_3,0.000278898029238044,-0.11981823114487251,0.2449146530269588
6,relu3_3,0.0002840883690183301,-0.11930276722734674,0.2469654059255688
6,relu3_3,0.00028937530190509535,-0.11937059142702118,0.2466948959614086
6,relu3_3,0.00029476062551248586,-0.11969614758545852,0.24539929172114266
6,relu3_3,0.00030024617090855494,-0.12045577862181228,0.24239450060105033
6,relu3_3,0.00030583380323784314,-0.12098480737927295,0.24031697892983708
6,relu3_3,0.0003115254223555485,-0.12238198589256649,0.23488965558816957
6,relu3_3,0.00031732296347349796,-0.12326370048833427,0.23150892212149463
6,relu3_3,0.0003232283978181381,-0.12292457948996205,0.23280515749924918
6,relu3_3,0.0003292437333007769,-0.12437601736299514,0.22729270184727446
6,relu3_3,0.0003353710152002929,-0.12452523060227892,0.2267312353498176
6,relu3_3,0.0003416123268585525,-0.12859468258274556,0.21179233152496518
6,relu3_3,0.0003479697903887695,-0.12995116657623443,0.20697185830802994
6,relu3_3,0.0003544455673970436,-0.1308464460119371,0.20383357649791506
6,relu3_3,0.0003610418597173337,-0.13488876831253394,0.19008786640132377
6,relu3_3,0.00036776091016010306,-0.13488876831253394,0.19008786640132377
6,relu3_3,0.00037460500327489893,-0.13522788931090615,0.18896601890178646
6,relu3_3,0.00038157646612712524,-0.13598752034725992,0.18647052592962185
6,relu3_3,0.00038867766908926677,-0.14934888768312538,0.1464169942747025
6,relu3_3,0.00039591102664684585,-0.15237384698860557,0.13832305883447232
6,relu3_3,0.0004032789982193705,-0.15587357569180688,0.12938728679265876
6,relu3_3,0.00041078408899656427,-0.15565653825284864,0.12992828568807602
6,relu3_3,0.00041842885079015847,-0.15686380900705374,0.12694079806689754
6,relu3_3,0.0004262158829015325,-0.1576370048833424,0.12505527904966013
6,relu3_3,0.00043414783300550926,-0.15790830168204018,0.12439880948540684
6,relu3_3,0.00044222739805058973,-0.15756918068366796,0.1252198109059291
6,relu3_3,0.0004504573251759454,-0.15811177428106352,0.12390819547760445
6,relu3_3,0.00045884041264547613,-0.15846446011937063,0.12306131913730894
6,relu3_3,0.00046737951079924635,-0.15865490591147224,0.12260586994043293
6,relu3_3,0.0004760775230226368,-0.15994357007542487,0.11955801607025345
6,relu3_3,0.00048493740673352334,-0.16144358496072508,0.11608422459324982
6,relu3_3,0.0004939621743878316,-0.1624536248926737,0.11378945904267293
6,relu3_3,0.0005031548945038057,-0.16276104373371483,0.11309803989879905
6,relu3_3,0.0005125186927053333,-0.16306404682989567,0.11241974405469907
6,relu3_3,0.0005220567527846976,-0.16387282749282478,0.11062467763794087
6,relu3_3,0.0005317723177850966,-0.1651976627836905,0.10773246098955142
6,relu3_3,0.0005416686911033147,-0.16452107397266666,0.10920205730176734
6,relu3_3,0.0005517492376129129,-0.16705840188791504,0.10377021240167535
6,relu3_3,0.0005620173848083188,-0.16796679046937626,0.101877745878567
6,relu3_3,0.0005724766239702179,-0.16920134163105247,0.09934923806925669
6,relu3_3,0.0005831305113526219,-0.16890345164077816,0.09995479569069664
6,relu3_3,0.000593982669392035,-0.18476211286668567,0.0715254239324937
6,relu3_3,0.0006050367879391225,-0.18719051570119163,0.0678144067821188
6,relu3_3,0.0006162966255132943,-0.1866300383475445,0.06865677296046194
6,relu3_3,0.00062776601058065,-0.18775670971357122,0.06697196127252772
6,relu3_3,0.0006394488428556937,-0.19083089562861613,0.06254465872767107
6,relu3_3,0.0006513490946272796,-0.19090459811902408,0.06244151299089637
6,relu3_3,0.0006634708121092351,-0.19096444334037144,0.06235786220787734
6,relu3_3,0.000675818116816111,-0.19183799190555037,0.061147178043411556
6,relu3_3,0.0006883952069645496,-0.19347858179171606,0.058925209515721146
6,relu3_3,0.0007012063589007177,-0.1946610826687198,0.057364920926092765
6,relu3_3,0.0007142559285543119,-0.19049504073597526,0.06301644035275972
6,relu3_3,0.0007275483529196233,-0.191256815728668,0.06195049862083102
6,relu3_3,0.0007410881515641569,-0.19017948380361321,0.0634623423940195
6,relu3_3,0.0007548799281653432,-0.23803740992061448,0.01952229421579475
6,relu3_3,0.0007689283720758305,-0.23642206203508212,0.020390182652997278
6,relu3_3,0.0007832382599179204,-0.24044554401295132,0.018287477091243818
6,relu3_3,0.0007978144572076629,-0.23960771914764276,0.018709231431322786
6,relu3_3,0.0008126619200091946,-0.24163026864684684,0.017705087273438388
6,relu3_3,0.0008277856966198472,-0.23318120342710436,0.022231651143413217
6,relu3_3,0.0008431909292866251,-0.2334929786121409,0.022048521557742836
6,relu3_3,0.0008588828559546258,-0.238573946575018,0.0192411394785912
6,relu3_3,0.0008748668120479914,-0.2376438789681266,0.019730749618891142
6,relu3_3,0.0008911482322840202,-0.23722230738340666,0.019956177163825778
6,relu3_3,0.0009077326525210223,-0.23518180870887367,0.02107882232065139
6,relu3_3,0.0009246257116405734,-0.23845372134952125,0.0193038350921511
6,relu3_3,0.0009418331534647961,-0.2341463280290278,0.02166894319558581
6,relu3_3,0.0009593608287093146,-0.23295331854206514,0.022366327363214557
6,relu3_3,0.0009772146969725724,-0.2363345766304983,0.020438117094151265
6,relu3_3,0.0009954008287621518,-0.23302791617178772,0.022322164759943475
6,relu3_3,0.0010139254075588143,-0.22999407593300317,0.024179549116167362
6,relu3_3,0.0010327947319189526,-0.22714949550562655,0.026039245619803975
6,relu3_3,0.0010520152176161591,-0.21638919586805264,0.03421261807558697
6,relu3_3,0.001071593399822671,-0.214181960080455,0.036132017708614045
6,relu3_3,0.0010915359353313911,-0.21227641565193878,0.03786095405669735
6,relu3_3,0.0011118496048192698,-0.21640343612409063,0.03420051881660504
6,relu3_3,0.0011325413151528126,-0.2105109818492656,0.03952403463286023
6,relu3_3,0.0011536181017364785,-0.21437378837213447,0.03596169725024275
6,relu3_3,0.0011750871309048076,-0.21522557351342003,0.03521352850689136
6,relu3_3,0.0011969557023590429,-0.20837308366949114,0.04161923068861646
6,relu3_3,0.0012192312516491094,-0.16757326230643363,0.10269424620895598
6,relu3_3,0.0012419213527017847,-0.1912120625162536,0.06201271262407173
6,relu3_3,0.0012650337203959038,-0.18426936552341752,0.07229805017118388
6,relu3_3,0.0012885762131855181,-0.192754813694636,0.05989719247122226
6,relu3_3,0.0013125568357718427,-0.19340616065595773,0.0590218835186584
6,relu3_3,0.0013369837418249451,-0.19311932821898609,0.059406045649012286
6,relu3_3,0.0013618652367560827,-0.1924472353455386,0.06031419650184029
6,relu3_3,0.001387209780541621,-0.19444163665178407,0.0576518933401142
6,relu3_3,0.0014130259905995337,-0.2027781836078626,0.047543922553940035
6,relu3_3,0.0014393226447194064,-0.2114286057390356,0.038652152861392924
6,relu3_3,0.001466108684046983,-0.2015566182392517,0.04892622269629878
6,relu3_3,0.0014933932161242535,-0.20854305677095492,0.04144933480211111
6,relu3_3,0.001521185517986105,-0.19218642594375673,0.060669645299832306
6,relu3_3,0.0015494950393146315,-0.19308922689820132,0.05944647921638008
6,relu3_3,0.0015783314056521166,-0.16947430721103623,0.09879687962614461
6,relu3_3,0.0016077044216738221,-0.19182817118301745,0.06116068170794749
6,relu3_3,0.001637624074521689,-0.17726821334746823,0.0840192711777402
6,relu3_3,0.0016681005372000592,-0.17058896763121087,0.09656631038711387
6,relu3_3,0.001699144172034626,-0.0985462198186894,0.3394607758873062
6,relu3_3,0.001730765534195724,-0.0985462198186894,0.3394607758873062
6,relu3_3,0.0017629753752872038,-0.10705008890141712,0.2992145193306007
6,relu3_3,0.0017957846470020968,-0.0985462198186894,0.3394607758873062
6,relu3_3,0.0018292045048462937,-0.10418687275174596,0.3124000071538838
6,relu3_3,0.0018632463119315598,-0.10418687275174596,0.3124000071538838
6,relu3_3,0.0018979216428390996,-0.10384359445827138,0.3140057542080617
6,relu3_3,0.0019332422875550433,-0.12252422424591237,0.23434196091176868
6,relu3_3,0.0019692202554791737,-0.12252422424591237,0.23434196091176868
6,relu3_3,0.002005867779508234,-0.1218833585176316,0.23681668143361423
6,relu3_3,0.0020431973201952705,-0.1118792872142971,0.2778151712113407
6,relu3_3,0.002081221569986337,-0.11337008252237889,0.2714215756742147
6,relu3_3,0.002119953457536069,-0.06449326000936291,0.5324469200844585
6,relu3_3,0.0021594061521035676,-0.07942447251837836,0.44176270851902893
6,relu3_3,0.0021995930680300748,-0.10319951093394976,0.31703296097572564
6,relu3_3,0.0022405278693000182,-0.14748356998900292,0.1515827747840489
6,relu3_3,0.002282224474186896,-0.1810539918349741,0.07750625072483876
6,relu3_3,0.0023246970599856455,-0.1810539918349741,0.07750625072483876
6,relu3_3,0.0023679600678330787,-0.1810539918349741,0.07750625072483876
6,relu3_3,0.002412028207618007,-0.1391442920337118,0.17635662114244943
6,relu3_3,0.00245691646298279,-0.1680275017231994,0.10175223491207537
6,relu3_3,0.0025026400964179166,-0.16778830798668068,0.10224743266364517
6,relu3_3,0.0025492146544514203,-0.16902896767476439,0.09969929170382286
6,relu3_3,0.0025966559729348722,-0.16876740842497226,0.10023230901898678
6,relu3_3,0.00264498018242772,-0.11655426319074853,0.2580998450771359
6,relu3_3,0.0026942037136818823,-0.13291869763786004,0.19670063297142326
6,relu3_3,0.0027443433032283623,-0.12626902486113917,0.2202416829480563
6,relu3_3,0.002795415999067859,-0.12529909252319674,0.22383492662037602
6,relu3_3,0.0028474391664672478,-0.12529909252319674,0.22383492662037602
6,relu3_3,0.0029004304938639917,-0.12529909252319674,0.22383492662037602
6,relu3_3,0.00295440799888038,-0.1229136967045333,0.2328468389170056
6,relu3_3,0.003009390034449718,-0.1229136967045333,0.2328468389170056
6,relu3_3,0.00306539529505653,-0.1229136967045333,0.2328468389170056
6,relu3_3,0.0031224428230928578,-0.11822105697457444,0.25130734133259547
6,relu3_3,0.00318055201533292,-0.11822105697457444,0.25130734133259547
6,relu3_3,0.0032397426295281955,-0.11822105697457444,0.25130734133259547
6,relu3_3,0.003300034791125282,-0.11822105697457444,0.25130734133259547
6,relu3_3,0.0033614490001087688,-0.11822105697457444,0.25130734133259547
6,relu3_3,0.003424006137971426,-0.11822105697457444,0.25130734133259547
6,relu3_3,0.0034877274748141775,-0.11822105697457444,0.25130734133259547
6,relu3_3,0.0035526346765781393,-0.11822105697457444,0.25130734133259547
6,relu3_3,0.003618749812411277,-0.11822105697457444,0.25130734133259547
6,relu3_3,0.0036860953621721615,-0.11822105697457444,0.25130734133259547
6,relu3_3,0.003754694224073337,-0.11822105697457444,0.25130734133259547
6,relu3_3,0.0038245697224669993,-0.11822105697457444,0.25130734133259547
6,relu3_3,0.0038957456157755013,-0.11822105697457444,0.25130734133259547
6,relu3_3,0.003968246104569478,-0.11822105697457444,0.25130734133259547
6,relu3_3,0.00404209583979631,-0.11890052955400539,0.2485738912486483
6,relu3_3,0.004117319931161679,-0.11890052955400539,0.2485738912486483
6,relu3_3,0.004193943955667186,-0.08007561642791136,0.4380167643767938
6,relu3_3,0.004271993966306777,-0.1314345382263126,0.20179073028270655
6,relu3_3,0.004351496500925045,-0.1314345382263126,0.20179073028270655
6,relu3_3,0.0044324785912404005,-0.1314345382263126,0.20179073028270655
6,relu3_3,0.004514967772036102,-0.1314345382263126,0.20179073028270655
6,relu3_3,0.004598992090522438,-0.1314345382263126,0.20179073028270655
6,relu3_3,0.004684580115873045,-0.1314345382263126,0.20179073028270655
6,relu3_3,0.004771760948938741,-0.1314345382263126,0.20179073028270655
6,relu3_3,0.004860564232142139,,
6,relu3_3,0.004951020159556351,,
6,relu3_3,0.005043159487171359,,
6,relu3_3,0.005137013543351339,,
6,relu3_3,0.005232614239486656,,
6,relu3_3,0.005329994080844093,,
6,relu3_3,0.005429186177618943,,
6,relu3_3,0.0055302242561929005,,
6,relu3_3,0.005633142670601352,,
6,relu3_3,0.005737976414214128,,
6,relu3_3,0.0058447611316336376,,
6,relu3_3,0.00595353313081437,,
6,relu3_3,0.006064329395408062,,
6,relu3_3,0.006177187597338488,,
6,relu3_3,0.0062921461096103375,,
6,relu3_3,0.006409244019356457,,
6,relu3_3,0.006528521141127847,,
6,relu3_3,0.006650018030431118,,
6,relu3_3,0.006773775997517745,,
6,relu3_3,0.006899837121430011,,
6,relu3_3,0.0070282442643083524,,
6,relu3_3,0.0071590410859648885,,
6,relu3_3,0.007292272058728313,,
6,relu3_3,0.00742798248256491,,
6,relu3_3,0.007566218500481048,,
6,relu3_3,0.007707027114212304,,
6,relu3_3,0.00785045620020451,,
6,relu3_3,0.007996554525892346,,
6,relu3_3,0.008145371766280737,,
6,relu3_3,0.008296958520834915,,
6,relu3_3,0.008451366330684721,,
6,relu3_3,0.008608647696149245,,
6,relu3_3,0.008768856094587427,,
6,relu3_3,0.008932045998580959,,
6,relu3_3,0.009098272894455568,,
6,relu3_3,0.009267593301146883,,
6,relu3_3,0.009440064789417604,,
6,relu3_3,0.009615746001432095,,
6,relu3_3,0.009794696670695385,,
6,relu3_3,0.009976977642363211,,
6,relu3_3,0.010162650893929951,,
6,relu3_3,0.010351779556301762,,
6,relu3_3,0.010544427935261684,,
6,relu3_3,0.010740661533334323,,
6,relu3_3,0.010940547072057435,,
6,relu3_3,0.011144152514667882,,
6,relu3_3,0.01135154708920999,,
6,relu3_3,0.011562801312073753,,
6,relu3_3,0.011777987011971181,,
6,relu3_3,0.011997177354358856,,
6,relu3_3,0.012220446866314887,,
6,relu3_3,0.012447871461879062,,
6,relu3_3,0.01267952846786434,,
6,relu3_3,0.012915496650148827,,
6,relu3_3,0.013155856240457052,,
6,relu3_3,0.013400688963639508,,
6,relu3_3,0.013650078065460139,,
6,relu3_3,0.013904108340900697,,
6,relu3_3,0.014162866162991974,,
6,relu3_3,0.014426439512181588,,
6,relu3_3,0.014694918006248172,,
6,relu3_3,0.014968392930772555,,
6,relu3_3,0.01524695727017573,,
6,relu3_3,0.015530705739334584,,
6,relu3_3,0.015819734815786014,,
6,relu3_3,0.016114142772530198,,
6,relu3_3,0.016414029711444664,,
6,relu3_3,0.016719497597319884,,
6,relu3_3,0.017030650292528426,,
6,relu3_3,0.017347593592339325,,
6,relu3_3,0.017670435260889468,,
6,relu3_3,0.017999285067824763,,
6,relu3_3,0.018334254825622887,,
6,relu3_3,0.01867545842761074,,
6,relu3_3,0.019023011886689457,,
6,relu3_3,0.01937703337477989,,
6,relu3_3,0.019737643263002553,,
6,relu3_3,0.02010496416260497,,
6,relu3_3,0.020479120966650832,,
6,relu3_3,0.02086024089248505,,
6,relu3_3,0.021248453524988827,,
6,relu3_3,0.021643890860640204,,
6,relu3_3,0.022046687352394075,,
6,relu3_3,0.022456979955397718,,
6,relu3_3,0.02287490817355704,,
6,relu3_3,0.023300614106969247,,
6,relu3_3,0.023734242500238662,,
6,relu3_3,0.024175940791691282,,
6,relu3_3,0.024625859163505442,,
6,relu3_3,0.02508415059277541,,
6,relu3_3,0.02555097090352507,,
6,relu3_3,0.026026478819690044,,
6,relu3_3,0.02651083601908536,,
6,relu3_3,0.027004207188377698,,
6,relu3_3,0.027506760079080674,,
6,relu3_3,0.028018665564591955,,
6,relu3_3,0.028540097698292376,,
6,relu3_3,0.029071233772725753,,
6,relu3_3,0.029612254379880375,,
6,relu3_3,0.03016334347259197,,
6,relu3_3,0.030724688427090033,,
6,relu3_3,0.031296480106707505,,
6,relu3_3,0.03187891292677643,,
6,relu3_3,0.03247218492073132,,
6,relu3_3,0.03307649780744242,,
6,relu3_3,0.033692057059802674,,
6,relu3_3,0.03431907197459043,,
6,relu3_3,0.03495775574363272,,
6,relu3_3,0.03560832552629282,,
6,relu3_3,0.036271002523306485,,
6,relu3_3,0.03694601205199302,,
6,relu3_3,0.03763358362286533,,
6,relu3_3,0.03833395101766598,,
6,relu3_3,0.03904735236885564,,
6,relu3_3,0.03977403024058037,,
6,relu3_3,0.04051423171114647,,
6,relu3_3,0.04126820845702952,,
6,relu3_3,0.0420362168384471,,
6,relu3_3,0.042818517986524154,,
6,relu3_3,0.04361537789208006,,
6,relu3_3,0.044427067496068826,,
6,relu3_3,0.04525386278170167,,
6,relu3_3,0.046096044868284294,,
6,relu3_3,0.04695390010680063,,
6,relu3_3,0.04782772017727485,,
6,relu3_3,0.04871780218794631,,
6,relu3_3,0.04962444877628913,,
6,relu3_3,0.050547968211912354,,
6,relu3_3,0.051488674501374974,,
6,relu3_3,0.05244688749495119,,
6,relu3_3,0.053422932995383525,,
6,relu3_3,0.054417142868658876,,
6,relu3_3,0.05542985515684663,,
6,relu3_3,0.05646141419303673,,
6,relu3_3,0.057512170718416133,,
6,relu3_3,0.05858248200152536,,
6,relu3_3,0.0596727119597331,,
6,relu3_3,0.060783231282972236,,
6,relu3_3,0.06191441755977847,,
6,relu3_3,0.06306665540567406,,
6,relu3_3,0.0642403365939419,,
6,relu3_3,0.0654358601888323,,
6,relu3_3,0.06665363268124906,,
6,relu3_3,0.06789406812696112,,
6,relu3_3,0.06915758828738525,,
6,relu3_3,0.07044462277299036,,
6,relu3_3,0.07175560918936921,,
6,relu3_3,0.07309099328602904,,
6,relu3_3,0.07445122910795143,,
6,relu3_3,0.0758367791499719,,
6,relu3_3,0.077248114514034,,
6,relu3_3,0.07868571506936843,,
6,relu3_3,0.08015006961565396,,
6,relu3_3,0.08164167604921473,,
6,relu3_3,0.08316104153230962,,
6,relu3_3,0.08470868266557402,,
6,relu3_3,0.08628512566366887,,
6,relu3_3,0.08789090653419963,,
6,relu3_3,0.08952657125996401,,
6,relu3_3,0.09119267598459298,,
6,relu3_3,0.09288978720164498,,
6,relu3_3,0.09461848194721992,,
6,relu3_3,0.09637934799615795,,
6,relu3_3,0.09817298406188842,,
6,relu3_3,0.1,,
7,relu4_1,1e-09,-0.39283086059059746,7.529560638490147e-05
7,relu4_1,1.0186101701559773e-09,-0.3934561881482184,7.316141387122119e-05
7,relu4_1,1.0375666787451849e-09,-0.3926219335172542,7.602146946253751e-05
7,relu4_1,1.0568759711848051e-09,-0.3932147980547846,7.397849919534118e-05
7,relu4_1,1.0765446128423137e-09,-0.3934548538081522,7.316590732904704e-05
7,relu4_1,1.0965792912678099e-09,-0.3930682493146672,7.447868808366974e-05
7,relu4_1,1.116986818467825e-09,-0.3938984936233683,7.168599612024116e-05
7,relu4_1,1.1377741332214901e-09,-0.3927969479157304,7.541298716242163e-05
7,relu4_1,1.1589483034398119e-09,-0.3937234847275592,7.226643891968861e-05
7,relu4_1,1.180516528568803e-09,-0.3930520183194967,7.45342795894921e-05
7,relu4_1,1.2024861420374123e-09,-0.3929284811856192,7.495866374996918e-05
7,relu4_1,1.2248646137509333e-09,-0.39366244232682623,7.246992167956165e-05
7,relu4_1,1.2476595526308685e-09,-0.39304656876335614,7.455295309102269e-05
7,relu4_1,1.2708787092020595e-09,-0.3930884798950539,7.440945191952142e-05
7,relu4_1,1.2945299782279134e-09,-0.3934548538081522,7.316590732904704e-05
7,relu4_1,1.3186214013947485e-09,-0.39388081773588235,7.174442323005662e-05
7,relu4_1,1.3431611700460181e-09,-0.39270611138200995,7.572823575871725e-05
7,relu4_1,1.3681576279674706e-09,-0.3933165353893395,7.363309712904537e-05
7,relu4_1,1.3936192742241434e-09,-0.39237922124628255,7.687288220805739e-05
7,relu4_1,1.4195547660500987e-09,-0.3916086762253435,7.963502648256631e-05
7,relu4_1,1.4459729217920195e-09,-0.3936854599972485,7.239313052581247e-05
7,relu4_1,1.4728827239075047e-09,-0.39315775559730437,7.417281944482673e-05
7,relu4_1,1.5002933220192166e-09,-0.3923736402323077,7.689256382242218e-05
7,relu4_1,1.5282140360258708e-09,-0.39291358351019295,7.50099929981689e-05
7,relu4_1,1.5566543592710589e-09,-0.3920262629234906,7.8126867204745e-05
7,relu4_1,1.5856239617711372e-09,-0.39334777993911735,7.352732225784754e-05
7,relu4_1,1.615132693503093e-09,-0.3932920729687901,7.371601067281525e-05
7,relu4_1,1.6451905877536607e-09,-0.392623265041634,7.601682288501782e-05
7,relu4_1,1.6758078645307687e-09,-0.39317688551275104,7.410759880735231e-05
7,relu4_1,1.7069949340384045e-09,-0.39374660879001633,7.218949459351904e-05
7,relu4_1,1.7387624002162505e-09,-0.39276582180652314,7.552087270394413e-05
7,relu4_1,1.7711210643450904e-09,-0.3939039402625074,7.16680013460381e-05
7,relu4_1,1.8040819287193808e-09,-0.39331786924222645,7.362857863015413e-05
7,relu4_1,1.8376562003881724e-09,-0.3929896431835045,7.474827521109858e-05
7,relu4_1,1.8718552949655752e-09,-0.39350777957743566,7.298787388757711e-05
7,relu4_1,1.906690840512252e-09,-0.39386180590655745,7.180731571906543e-05
7,relu4_1,1.9421746814890284e-09,-0.3936204125186339,7.261033639890791e-05
7,relu4_1,1.9783188827841624e-09,-0.3926424058704275,7.59500569449437e-05
7,relu4_1,2.0151357338155587e-09,-0.3931374079233784,7.424225046086037e-05
7,relu4_1,2.052637752709248e-09,-0.3939934481469362,7.137288394326298e-05
7,relu4_1,2.09083769055575e-09,-0.3940761741540163,7.110113316383316e-05
7,relu4_1,2.129748535745523e-09,-0.39414944486422626,7.086124699532972e-05
7,relu4_1,2.1693835183851823e-09,-0.39415756402166024,7.083471151826242e-05
7,relu4_1,2.2097561147959033e-09,-0.39361096039066745,7.264194926257119e-05
7,relu4_1,2.250880052095457e-09,-0.393808986060953,7.198231692196747e-05
7,relu4_1,2.2927693128656487e-09,-0.394422081091503,6.997524389371266e-05
7,relu4_1,2.3354381399064818e-09,-0.393525457995066,7.292849651113805e-05
7,relu4_1,2.378901041078891e-09,-0.3936881302550936,7.238422696098362e-05
7,relu4_1,2.4231727942376006e-09,-0.39267898142612867,7.582262788339594e-05
7,relu4_1,2.4682684522556873e-09,-0.3928349786724462,7.528136418864655e-05
7,relu4_1,2.5142033481427964e-09,-0.3945062398263701,6.970383753358392e-05
7,relu4_1,2.560993100258462e-09,-0.39360551277190786,7.266017476851623e-05
7,relu4_1,2.6086536176225453e-09,-0.3929026833427333,7.504756973223306e-05
7,relu4_1,2.657201105324507e-09,-0.39320256653870655,7.402012701462436e-05
7,relu4_1,2.7066520700332356e-09,-0.3926424058704275,7.59500569449437e-05
7,relu4_1,2.7570233256095828e-09,-0.3933558963458377,7.34998682283257e-05
7,relu4_1,2.8083319988231753e-09,-0.39417523798123427,7.077698048381876e-05
7,relu4_1,2.860595535175739e-09,-0.39309949574228903,7.437177699994732e-05
7,relu4_1,2.9138317048327884e-09,-0.3936733372015896,7.243356494400746e-05
7,relu4_1,2.9680586086655964e-09,-0.3947449631905607,6.893929242917907e-05
7,relu4_1,3.0232946844057765e-09,-0.3929095860511198,7.502377162095015e-05
7,relu4_1,3.0795587129142296e-09,-0.39372893197414,7.224830657201737e-05
7,relu4_1,3.1368698245668734e-09,-0.394393613639115,7.006727194476669e-05
7,relu4_1,3.1952475057592137e-09,-0.39365432484847956,7.249702114462759e-05
7,relu4_1,3.2547116055318414e-09,-0.3939581998062528,7.148896637483609e-05
7,relu4_1,3.3152823423194234e-09,-0.39348064952954864,7.307908441741793e-05
7,relu4_1,3.376980310825095e-09,-0.3930819316332068,7.44318558183402e-05
7,relu4_1,3.439826489022921e-09,-0.3934996625915384,7.301515187604214e-05
7,relu4_1,3.5038422452906756e-09,-0.39280239833237285,7.539411034799614e-05
7,relu4_1,3.5690493456752222e-09,-0.3936394249867487,7.254678752214115e-05
7,relu4_1,3.635469961293318e-09,-0.39431633206728167,7.031767196322463e-05
7,relu4_1,3.703126675869931e-09,-0.39400567690703,7.133265229198666e-05
7,relu4_1,3.772042493416993e-09,-0.3935118930631277,7.297405370513842e-05
7,relu4_1,3.842240846055061e-09,-0.39400567690703,7.133265229198666e-05
7,relu4_1,3.913745601980376e-09,-0.39348342879848075,7.306973571241023e-05
7,relu4_1,3.9865810735804386e-09,-0.39408028377967985,7.108765838843828e-05
7,relu4_1,4.060772025700369e-09,-0.3937072494164304,7.23205068143209e-05
7,relu4_1,4.13634368406327e-09,-0.3930764822203905,7.445050495396115e-05
7,relu4_1,4.2133217438472886e-09,-0.39414944486422626,7.086124699532972e-05
7,relu4_1,4.291732378422149e-09,-0.39357838300003517,7.275100327462168e-05
7,relu4_1,4.371602248248502e-09,-0.39434346174715146,7.022967437530024e-05
7,relu4_1,4.45295850994266e-09,-0.39423761692182496,7.057357287015338e-05
7,relu4_1,4.5358288255101815e-09,-0.3940938486656162,7.104319826229241e-05
7,relu4_1,4.620241371751313e-09,-0.39348342879848075,7.306973571241023e-05
7,relu4_1,4.706224849841272e-09,-0.3935661527908808,7.279198366616934e-05
7,relu4_1,4.793808495089107e-09,-0.39370036023532984,7.234346098914702e-05
7,relu4_1,4.883022086877885e-09,-0.39382933338985754,7.191485579019402e-05
7,relu4_1,4.9738959587900574e-09,-0.39411285946825836,7.098093220365594e-05
7,relu4_1,5.066461008921269e-09,-0.3942457363782745,7.054713669233912e-05
7,relu4_1,5.1607487103859185e-09,-0.39348342879848075,7.306973571241023e-05
7,relu4_1,5.256791122018419e-09,-0.3939242875914119,7.160081439149477e-05
7,relu4_1,5.354620899273613e-09,-0.3940938486656162,7.104319826229241e-05
7,relu4_1,5.454271305329825e-09,-0.3939242875914119,7.160081439149477e-05
7,relu4_1,5.555776222398878e-09,-0.3936462074297169,7.252412984009248e-05
7,relu4_1,5.659170163246254e-09,-0.393830668963677,7.191042978220853e-05
7,relu4_1,5.7644882829258735e-09,-0.3945903051522199,6.94337108252575e-05
7,relu4_1,5.8717663907332614e-09,-0.39384156266956055,7.187433818815459e-05
7,relu4_1,5.981040962380932e-09,-0.39406805527259664,7.112776060536402e-05
7,relu4_1,6.092349152400712e-09,-0.3945062398263701,6.970383753358392e-05
7,relu4_1,6.205728806776513e-09,-0.3933572303231615,7.34953569161329e-05
7,relu4_1,6.321218475812448e-09,-0.39384156266956055,7.187433818815459e-05
7,relu4_1,6.4388574272404256e-09,-0.39384156266956055,7.187433818815459e-05
7,relu4_1,6.558685659571422e-09,-0.39384156266956055,7.187433818815459e-05
7,relu4_1,6.680743915695615e-09,-0.3940938486656162,7.104319826229241e-05
7,relu4_1,6.8050736967352206e-09,-0.39384156266956055,7.187433818815459e-05
7,relu4_1,6.9317172761554e-09,-0.3939242875914119,7.160081439149477e-05
7,relu4_1,7.06071771413778e-09,-0.39384156266956055,7.187433818815459e-05
7,relu4_1,7.192118872221178e-09,-0.39400434074877927,7.133704711948255e-05
7,relu4_1,7.32596542821523e-09,-0.39384156266956055,7.187433818815459e-05
7,relu4_1,7.462302891391123e-09,-0.39384156266956055,7.187433818815459e-05
7,relu4_1,7.601177617955322e-09,-0.39384156266956055,7.187433818815459e-05
7,relu4_1,7.742636826811278e-09,-0.39400434074877927,7.133704711948255e-05
7,relu4_1,7.88672861561414e-09,-0.3941765747281028,7.077261585406416e-05
7,relu4_1,8.033501977124735e-09,-0.39384156266956055,7.187433818815459e-05
7,relu4_1,8.183006815867407e-09,-0.39384156266956055,7.187433818815459e-05
7,relu4_1,8.335293965098187e-09,-0.39400434074877927,7.133704711948255e-05
7,relu4_1,8.490415204088756e-09,-0.39384156266956055,7.187433818815459e-05
7,relu4_1,8.648423275731709e-09,-0.39384156266956055,7.187433818815459e-05
7,relu4_1,8.80937190447399e-09,-0.3939242875914119,7.160081439149477e-05
7,relu4_1,8.973315814583538e-09,-0.39400434074877927,7.133704711948255e-05
7,relu4_1,9.140310748756223e-09,-0.39384156266956055,7.187433818815459e-05
7,relu4_1,9.310413487069086e-09,-0.3940938486656162,7.104319826229241e-05
7,relu4_1,9.483681866285909e-09,-0.393988001797402,7.13908087972172e-05
7,relu4_1,9.660174799522645e-09,-0.3936882371783252,7.23838704631026e-05
7,relu4_1,9.839952296278247e-09,-0.39388359293360287,7.173524696648244e-05
7,relu4_1,1.0023075482838643e-08,-0.3938008681497559,7.200924811279761e-05
7,relu4_1,1.0209606623060476e-08,-0.39388359293360287,7.173524696648244e-05
7,relu4_1,1.0399609139541204e-08,-0.39388359293360287,7.173524696648244e-05
7,relu4_1,1.05931476351837e-08,-0.3938008681497559,7.200924811279761e-05
7,relu4_1,1.0790287915161835e-08,-0.39396364622897456,7.147101834514891e-05
7,relu4_1,1.099109700929496e-08,-0.3938008681497559,7.200924811279761e-05
7,relu4_1,1.1195643194838794e-08,-0.39396364622897456,7.147101834514891e-05
7,relu4_1,1.1403996019700331e-08,-0.39396364622897456,7.147101834514891e-05
7,relu4_1,1.1616226326085019e-08,-0.39396364622897456,7.147101834514891e-05
7,relu4_1,1.183240627458378e-08,-0.39396364622897456,7.147101834514891e-05
7,relu4_1,1.2052609368708414e-08,-0.39388359293360287,7.173524696648244e-05
7,relu4_1,1.2276910479883604e-08,-0.39396364622897456,7.147101834514891e-05
7,relu4_1,1.2505385872903913e-08,-0.39388359293360287,7.173524696648244e-05
7,relu4_1,1.2738113231864785e-08,-0.39327183939229526,7.37846564990697e-05
7,relu4_1,1.2975171686575868e-08,-0.3938008681497559,7.200924811279761e-05
7,relu4_1,1.3216641839466038e-08,-0.3938008681497559,7.200924811279761e-05
7,relu4_1,1.346260579298911e-08,-0.3938008681497559,7.200924811279761e-05
7,relu4_1,1.3713147177539456e-08,-0.39385646316173023,7.182499913318124e-05
7,relu4_1,1.3968351179887397e-08,-0.39343995445771807,7.321609909262167e-05
7,relu4_1,1.422830457214352e-08,-0.39386458129352264,7.179813134372724e-05
7,relu4_1,1.4493095741262151e-08,-0.39334777993911735,7.352732225784754e-05
7,relu4_1,1.4762814719093911e-08,-0.39414132576639344,7.088779152847773e-05
7,relu4_1,1.5037553212997385e-08,-0.3940586001085188,7.115878234137472e-05
7,relu4_1,1.5317404637020797e-08,-0.39334777993911735,7.352732225784754e-05
7,relu4_1,1.560246414366368e-08,-0.39369768991264487,7.235236010389351e-05
7,relu4_1,1.5892828656229763e-08,-0.39331520155002286,7.363761583997035e-05
7,relu4_1,1.618859690178199e-08,-0.39348342879848075,7.306973571241023e-05
7,relu4_1,1.648986944471065e-08,-0.39276994031470436,7.550658939302971e-05
7,relu4_1,1.679674872092653e-08,-0.39314152393096075,7.422820080469451e-05
7,relu4_1,1.7109339072690134e-08,-0.39276994031470436,7.550658939302971e-05
7,relu4_1,1.7427746784089175e-08,-0.3926071622354857,7.607303405318843e-05
7,relu4_1,1.775208011717636e-08,-0.39314152393096075,7.422820080469451e-05
7,relu4_1,1.8082449348779518e-08,-0.39268988297120466,7.578468544543631e-05
7,relu4_1,1.841896680799711e-08,-0.3933260987520348,7.360070642570163e-05
7,relu4_1,1.8761746914391196e-08,-0.39312262615301147,7.429272722898212e-05
7,relu4_1,1.911090621689136e-08,-0.3933260987520348,7.360070642570163e-05
7,relu4_1,1.946656343342263e-08,-0.3931633206728161,7.415384063101249e-05
7,relu4_1,1.9828839491270715e-08,-0.3933070852813083,7.366511727184681e-05
7,relu4_1,2.0197857568198784e-08,-0.39328540423223013,7.373862892038317e-05
7,relu4_1,2.0573743134329116e-08,-0.3932460432945947,7.387226037109281e-05
7,relu4_1,2.095662399480431e-08,-0.3933070852813083,7.366511727184681e-05
7,relu4_1,2.1346630333242455e-08,-0.3933070852813083,7.366511727184681e-05
7,relu4_1,2.17438947560008e-08,-0.3933260987520348,7.360070642570163e-05
7,relu4_1,2.2148552337263593e-08,-0.3933884745969264,7.338976710385542e-05
7,relu4_1,2.256074066496859e-08,-0.39328673795240376,7.373410484641068e-05
7,relu4_1,2.2980599887588488e-08,-0.3933667932718395,7.346302399405789e-05
7,relu4_1,2.3408272761782943e-08,-0.3933884745969264,7.338976710385542e-05
7,relu4_1,2.3843904700937205e-08,-0.3933667932718395,7.346302399405789e-05
7,relu4_1,2.4287643824604505e-08,-0.3933667932718395,7.346302399405789e-05
7,relu4_1,2.4739641008868117e-08,-0.3933667932718395,7.346302399405789e-05
7,relu4_1,2.5200049937640895e-08,-0.3933396635919697,7.355478562712407e-05
7,relu4_1,2.566902715491952e-08,-0.3933260987520348,7.360070642570163e-05
7,relu4_1,2.614673211801092e-08,-0.39331386772427646,7.364213476293465e-05
7,relu4_1,2.6633327251749808e-08,-0.3933260987520348,7.360070642570163e-05
7,relu4_1,2.7128978003724646e-08,-0.3928513293543137,7.522484083561398e-05
7,relu4_1,2.763385290053167e-08,-0.3928513293543137,7.522484083561398e-05
7,relu4_1,2.8148123605075813e-08,-0.39283909671650447,7.526712462930904e-05
7,relu4_1,2.8671964974937697e-08,-0.39274414251495005,7.559609964426273e-05
7,relu4_1,2.9205555121827452e-08,-0.3928513293543137,7.522484083561398e-05
7,relu4_1,2.9749075472144435e-08,-0.39283909671650447,7.526712462930904e-05
7,relu4_1,3.030271082866393e-08,-0.3933667932718395,7.346302399405789e-05
7,relu4_1,3.0866649433372746e-08,-0.3933396635919697,7.355478562712407e-05
7,relu4_1,3.144108303147265e-08,-0.3933396635919697,7.355478562712407e-05
7,relu4_1,3.2026206936576504e-08,-0.3933545623820855,7.35043797522734e-05
7,relu4_1,3.262222009711673e-08,-0.3933396635919697,7.355478562712407e-05
7,relu4_1,3.322932516398968e-08,-0.3933396635919697,7.355478562712407e-05
7,relu4_1,3.384772855945983e-08,-0.3933396635919697,7.355478562712407e-05
7,relu4_1,3.447764054734464e-08,-0.3933396635919697,7.355478562712407e-05
7,relu4_1,3.5119275304507276e-08,-0.3933396635919697,7.355478562712407e-05
7,relu4_1,3.577285099367877e-08,-0.3933396635919697,7.355478562712407e-05
7,relu4_1,3.6438589837635405e-08,-0.3933396635919697,7.355478562712407e-05
7,relu4_1,3.711671819475767e-08,-0.3933396635919697,7.355478562712407e-05
7,relu4_1,3.780746663599349e-08,-0.3933396635919697,7.355478562712407e-05
7,relu4_1,3.851107002325569e-08,-0.39338035811177435,7.341718313113206e-05
7,relu4_1,3.9227767589277236e-08,-0.39338035811177435,7.341718313113206e-05
7,relu4_1,3.995780301895265e-08,-0.39302767227346724,7.461773770476047e-05
7,relu4_1,4.070142453219439e-08,-0.39302767227346724,7.461773770476047e-05
7,relu4_1,4.1458884968329114e-08,-0.39302767227346724,7.461773770476047e-05
7,relu4_1,4.223044187206672e-08,-0.39290558871405323,7.503755217776149e-05
7,relu4_1,4.3016357581067994e-08,-0.39290558871405323,7.503755217776149e-05
7,relu4_1,4.381689931514195e-08,-0.39230873575691816,7.712179590458011e-05
7,relu4_1,4.4632339267103976e-08,-0.3917525773195877,7.911228105956519e-05
7,relu4_1,4.546295469532399e-08,-0.3917525773195877,7.911228105956519e-05
7,relu4_1,4.630902801799737e-08,-0.3917525773195877,7.911228105956519e-05
7,relu4_1,4.717084690917022e-08,-0.3917525773195877,7.911228105956519e-05
7,relu4_1,4.804870439655134e-08,-0.3917525773195877,7.911228105956519e-05
7,relu4_1,4.8942898961145316e-08,-0.3917525773195877,7.911228105956519e-05
7,relu4_1,4.9853734638738935e-08,-0.3917525773195877,7.911228105956519e-05
7,relu4_1,5.0781521123276706e-08,-0.3922544763971786,7.731391883676184e-05
7,relu4_1,5.172657387216024e-08,-0.3918610960390668,7.872018095384405e-05
7,relu4_1,5.268921421350677e-08,-0.3918610960390668,7.872018095384405e-05
7,relu4_1,5.366976945540476e-08,-0.3918610960390668,7.872018095384405e-05
7,relu4_1,5.4668572997201804e-08,-0.3918610960390668,7.872018095384405e-05
7,relu4_1,5.568596444286409e-08,-0.3918610960390668,7.872018095384405e-05
7,relu4_1,5.6722289716445493e-08,-0.3918610960390668,7.872018095384405e-05
7,relu4_1,5.777790117970507e-08,-0.39203743895822035,7.808687119024252e-05
7,relu4_1,5.885315775191451e-08,-0.39203743895822035,7.808687119024252e-05
7,relu4_1,5.99484250318941e-08,-0.39203743895822035,7.808687119024252e-05
7,relu4_1,6.106407542232036e-08,-0.39203743895822035,7.808687119024252e-05
7,relu4_1,6.220048825634717e-08,-0.39203743895822035,7.808687119024252e-05
7,relu4_1,6.335804992658255e-08,-0.39146771568095506,8.015020286921253e-05
7,relu4_1,6.453715401646702e-08,-0.39146771568095506,8.015020286921253e-05
7,relu4_1,6.573820143409585e-08,-0.3912371134020619,8.099968537804323e-05
7,relu4_1,6.696160054853215e-08,-0.3924036896364624,7.678664898825754e-05
7,relu4_1,6.820776732865692e-08,-0.3924036896364624,7.678664898825754e-05
7,relu4_1,6.94771254846024e-08,-0.39274281063483457,7.560072352806482e-05
7,relu4_1,7.077010661181889e-08,-0.39274281063483457,7.560072352806482e-05
7,relu4_1,7.208715033782136e-08,-0.39194248507867613,7.842729285178754e-05
7,relu4_1,7.342870447166758e-08,-0.39197772645954665,7.830078728651085e-05
7,relu4_1,7.479522515621828e-08,-0.39197772645954665,7.830078728651085e-05
7,relu4_1,7.618717702323e-08,-0.39201030927835057,7.818399401305434e-05
7,relu4_1,7.760503335133571e-08,-0.39201030927835057,7.818399401305434e-05
7,relu4_1,7.90492762269642e-08,-0.39201030927835057,7.818399401305434e-05
7,relu4_1,8.05203967082547e-08,-0.39201030927835057,7.818399401305434e-05
7,relu4_1,8.201889499202212e-08,-0.39201030927835057,7.818399401305434e-05
7,relu4_1,8.354528058382872e-08,-0.39201030927835057,7.818399401305434e-05
7,relu4_1,8.510007247122247e-08,-0.3916576234400435,7.945685789338001e-05
7,relu4_1,8.668379930019774e-08,-0.3916576234400435,7.945685789338001e-05
7,relu4_1,8.829699955494083e-08,-0.39122354856212704,8.104991473969834e-05
7,relu4_1,8.994022174092053e-08,-0.39122354856212704,8.104991473969834e-05
7,relu4_1,9.161402457138521e-08,-0.39154910472056437,7.98523689123092e-05
7,relu4_1,9.331897715733239e-08,-0.39157623440043415,7.97533198724098e-05
7,relu4_1,9.505565920101191e-08,-0.3916711882799784,7.940754732112334e-05
7,relu4_1,9.682466119303114e-08,-0.3916711882799784,7.940754732112334e-05
7,relu4_1,9.86265846131283e-08,-0.3916711882799784,7.940754732112334e-05
7,relu4_1,1.0046204213468132e-07,-0.3919696147585459,7.832988893625275e-05
7,relu4_1,1.023316578330245e-07,-0.3919696147585459,7.832988893625275e-05
7,relu4_1,1.0423606739764012e-07,-0.3919696147585459,7.832988893625275e-05
7,relu4_1,1.061759183482999e-07,-0.39125067824199683,8.094948496486417e-05
7,relu4_1,1.0815187025522893e-07,-0.3914134563212155,8.034933241923632e-05
7,relu4_1,1.1016459496336569e-07,-0.3912371134020619,8.099968537804323e-05
7,relu4_1,1.1221477682079802e-07,-0.3912371134020619,8.099968537804323e-05
7,relu4_1,1.1430311291144787e-07,-0.39134563212154105,8.059889134410935e-05
7,relu4_1,1.1643031329208756e-07,-0.39134563212154105,8.059889134410935e-05
7,relu4_1,1.1859710123376706e-07,-0.39134563212154105,8.059889134410935e-05
7,relu4_1,1.208042134677329e-07,-0.39134563212154105,8.059889134410935e-05
7,relu4_1,1.2305240043592615e-07,-0.39084373304395015,8.246815237044208e-05
7,relu4_1,1.2534242654613995e-07,-0.39081660336408036,8.257033290968492e-05
7,relu4_1,1.2767507043192645e-07,-0.39081660336408036,8.257033290968492e-05
7,relu4_1,1.3005112521734099e-07,-0.39081660336408036,8.257033290968492e-05
7,relu4_1,1.3247139878661174e-07,-0.39081660336408036,8.257033290968492e-05
7,relu4_1,1.3493671405883065e-07,-0.39081660336408036,8.257033290968492e-05
7,relu4_1,1.3744790926775367e-07,-0.39081660336408036,8.257033290968492e-05
7,relu4_1,1.400058382468096e-07,-0.3908030385241455,8.262146731201075e-05
7,relu4_1,1.4261137071941298e-07,-0.3908030385241455,8.262146731201075e-05
7,relu4_1,1.4526539259467813e-07,-0.39078947368421063,8.267263115687574e-05
7,relu4_1,1.4796880626863963e-07,-0.39064026044492683,8.323738111372226e-05
7,relu4_1,1.5072253093107556e-07,-0.39122354856212704,8.104991473969834e-05
7,relu4_1,1.5352750287804213e-07,-0.39192892023874126,7.847603704438241e-05
7,relu4_1,1.563846758302248e-07,-0.39192892023874126,7.847603704438241e-05
7,relu4_1,1.592950212572123e-07,-0.3922409115572437,7.736201908199688e-05
7,relu4_1,1.6225952870780872e-07,-0.3922409115572437,7.736201908199688e-05
7,relu4_1,1.6527920614648973e-07,-0.3921459576776995,7.769950099182497e-05
7,relu4_1,1.6835508029612007e-07,-0.3927021161150299,7.574212945725409e-05
7,relu4_1,1.714881969870541e-07,-0.39290558871405323,7.503755217776149e-05
7,relu4_1,1.7467962151272458e-07,-0.39282419967444393,7.531864816281946e-05
7,relu4_1,1.7793043899185772e-07,-0.39399077590884435,7.138167820563565e-05
7,relu4_1,1.8124175473742396e-07,-0.39419424850786766,7.071493250877704e-05
7,relu4_1,1.8461469463245456e-07,-0.39470971242539343,6.905169459833638e-05
7,relu4_1,1.8805040551285834e-07,-0.39498100922409124,6.819100281508618e-05
7,relu4_1,1.915500555573528e-07,-0.3957270754205101,6.58753166227803e-05
7,relu4_1,1.9511483468466165e-07,-0.39580846446011947,6.562717505210602e-05
7,relu4_1,1.9874595495809857e-07,-0.39580846446011947,6.562717505210602e-05
7,relu4_1,2.0244465099768018e-07,-0.3946690179055888,6.918166709224168e-05
7,relu4_1,2.0621218039991447e-07,-0.3946690179055888,6.918166709224168e-05
7,relu4_1,2.1004982416539152e-07,-0.39510309278350525,6.78069588094163e-05
7,relu4_1,2.1395888713434216e-07,-0.39510309278350525,6.78069588094163e-05
7,relu4_1,2.179406984302958e-07,-0.39495387954422145,6.827662044478483e-05
7,relu4_1,2.2199661191199526e-07,-0.39384156266956055,7.187433818815459e-05
7,relu4_1,2.2612800663372794e-07,-0.39384156266956055,7.187433818815459e-05
7,relu4_1,2.3033628731421313e-07,-0.39384156266956055,7.187433818815459e-05
7,relu4_1,2.3462288481422625e-07,-0.3937194791101466,7.227977519222332e-05
7,relu4_1,2.389892566231053e-07,-0.3933125339120999,7.364665389794548e-05
7,relu4_1,2.434368873543108e-07,-0.39352957135105815,7.291468722611071e-05
7,relu4_1,2.47967289250216e-07,-0.39338035811177435,7.341718313113206e-05
7,relu4_1,2.5258200269627846e-07,-0.39358383071079767,7.273275626153241e-05
7,relu4_1,2.572825967447932e-07,-0.39282419967444393,7.531864816281946e-05
7,relu4_1,2.620706696483855e-07,-0.39282419967444393,7.531864816281946e-05
7,relu4_1,2.669478494034318e-07,-0.3944112859468259,7.001012860787372e-05
7,relu4_1,2.7191579430360187e-07,-0.3941264243081932,7.093653435284771e-05
7,relu4_1,2.769761935036891e-07,-0.39423494302767237,7.058228083302469e-05
7,relu4_1,2.8213076759394705e-07,-0.39317688551275104,7.410759880735231e-05
7,relu4_1,2.8738126918510695e-07,-0.39317688551275104,7.410759880735231e-05
7,relu4_1,2.927294835042813e-07,-0.39317688551275104,7.410759880735231e-05
7,relu4_1,2.9817722900196733e-07,-0.3933667932718395,7.346302399405789e-05
7,relu4_1,3.0372635797033114e-07,-0.3931633206728161,7.415384063101249e-05
7,relu4_1,3.0937875717301365e-07,-0.3930954964731417,7.438545271005693e-05
7,relu4_1,3.1513634848664826e-07,-0.3934346174715139,7.323408570534955e-05
7,relu4_1,3.2100108955431685e-07,-0.3923765599565926,7.688226674194848e-05
7,relu4_1,3.2697497445117677e-07,-0.3919153553988064,7.852480941345992e-05
7,relu4_1,3.3306003436245885e-07,-0.3912778079218666,8.08491709226672e-05
7,relu4_1,3.3925833827409916e-07,-0.3897314161692893,8.675541380270902e-05
7,relu4_1,3.455719936762143e-07,-0.3899348887683126,8.595599428862504e-05
7,relu4_1,3.520031472796675e-07,-0.38928377645143797,8.85385242805795e-05
7,relu4_1,3.585539857459817e-07,-0.38928377645143797,8.85385242805795e-05
7,relu4_1,3.6522673643081754e-07,-0.38929734129137283,8.848399387924118e-05
7,relu4_1,3.7202366814130657e-07,-0.38924308193163326,8.870230294294249e-05
7,relu4_1,3.7894709190746713e-07,-0.38939229517091706,8.810315419234251e-05
7,relu4_1,3.8599936176797634e-07,-0.3894601193705915,8.783205920568659e-05
7,relu4_1,3.9318287557057704e-07,-0.38688279978296264,9.869788850457252e-05
7,relu4_1,4.005000757873611e-07,-0.38688279978296264,9.869788850457252e-05
7,relu4_1,4.079534503452449e-07,-0.38705914270211617,9.791637796405215e-05
7,relu4_1,4.1554553347188797e-07,-0.38705914270211617,9.791637796405215e-05
7,relu4_1,4.232789065573544e-07,-0.3869234943027673,9.851702743645502e-05
7,relu4_1,4.3115619903182285e-07,-0.38723548562126975,9.714061839820068e-05
7,relu4_1,4.391800892596086e-07,-0.386109603906674,0.00010219338653450753
7,relu4_1,4.473533054498463e-07,-0.386353771025502,0.00010107731768318707
7,relu4_1,4.556786265841069e-07,-0.38457677699403153,0.00010946537001474657
7,relu4_1,4.6415888336127725e-07,-0.38457677699403153,0.00010946537001474657
7,relu4_1,4.7279695916003907e-07,-0.3849158979924038,0.00010781633129522705
7,relu4_1,4.815957910192351e-07,-0.38449538795442223,0.00010986460753256048
7,relu4_1,4.905583706365046e-07,-0.3847124253933804,0.00010880296526361492
7,relu4_1,4.996877453854889e-07,-0.38361367335865443,0.00011427716705969335
7,relu4_1,5.089870193519674e-07,-0.38322029300054267,0.00011629841896244257
7,relu4_1,5.184593543892913e-07,-0.38243353228431914,0.00012044079987484006
7,relu4_1,5.281079711934331e-07,-0.38225718936516556,0.00012138784823740017
7,relu4_1,5.379361503980697e-07,-0.38293543136191,0.00011778273553112379
7,relu4_1,5.479472336900293e-07,-0.382569180683668,0.00011971696989558503
7,relu4_1,5.581446249454955e-07,-0.38170103092783514,0.0001244201282467289
7,relu4_1,5.685317913873753e-07,-0.38144329896907225,0.0001258490184520462
7,relu4_1,5.791122647641759e-07,-0.38094139989148135,0.0001286753620451479
7,relu4_1,5.898896425508493e-07,-0.3813347802495931,0.0001264551966474683
7,relu4_1,6.008675891719693e-07,-0.3803852414541509,0.0001318759307808896
7,relu4_1,6.12049837247669e-07,-0.37840477482365714,0.0001438820972760337
7,relu4_1,6.234401888627864e-07,-0.37736028214867073,0.0001506145796896828
7,relu4_1,6.350425168595962e-07,-0.37753662506782426,0.00014945783169976665
7,relu4_1,6.468607661546321e-07,-0.37811991318502447,0.00014569002897008406
7,relu4_1,6.588989550799957e-07,-0.3774688008681498,0.00014990175747821026
7,relu4_1,6.711611767496273e-07,-0.3774688008681498,0.00014990175747821026
7,relu4_1,6.836516004510239e-07,-0.3780113944655454,0.00014638428338956328
7,relu4_1,6.963744730628223e-07,-0.3762072707542052,0.00015838464995788885
7,relu4_1,7.09334120498799e-07,-0.37490504612045583,0.00016760566929317406
7,relu4_1,7.225349491787222e-07,-0.37490504612045583,0.00016760566929317406
7,relu4_1,7.359814475265756e-07,-0.3754612045577863,0.00016360836844175324
7,relu4_1,7.496781874966877e-07,-0.3762072707542052,0.00015838464995788885
7,relu4_1,7.636298261282241e-07,-0.3747558328811721,0.00016869338957542008
7,relu4_1,7.778411071286482e-07,-0.37535268583830717,0.0001643813313948256
7,relu4_1,7.923168624866261e-07,-0.373060227889311,0.0001815213045541165
7,relu4_1,8.070620141149491e-07,-0.37368421052631584,0.00017669921529204162
7,relu4_1,8.220815755240541e-07,-0.37395550732501365,0.0001746398506005266
7,relu4_1,8.373806535266489e-07,-0.3730330982094412,0.0001817336961663402
7,relu4_1,8.529644499741017e-07,-0.37116115029842656,0.00019695636841726515
7,relu4_1,8.688382635251193e-07,-0.37166304937601746,0.0001927632647089549
7,relu4_1,8.850074914473439e-07,-0.3717851329354314,0.000191755877328656
7,relu4_1,9.014776314524917e-07,-0.37131036353771035,0.00019570104588744288
7,relu4_1,9.182542835656282e-07,-0.37101193705914276,0.00019821913087712803
7,relu4_1,9.353431520292377e-07,-0.36996744438415635,0.00020727017993291103
7,relu4_1,9.5275004724273e-07,-0.36996744438415635,0.00020727017993291103
7,relu4_1,9.704808877380307e-07,-0.36804123711340214,0.00022497050842795646
7,relu4_1,9.885417021919574e-07,-0.3665084102007597,0.00024004226633527175
7,relu4_1,1.0069386314760271e-06,-0.36641345632121547,0.00024100589663252775
7,relu4_1,1.0256779307444208e-06,-0.3655317417254477,0.0002501259419200801
7,relu4_1,1.0447659715608053e-06,-0.3648128052088986,0.0002577968394058028
7,relu4_1,1.0642092440647247e-06,-0.36634563212154103,0.00024169638864634017
7,relu4_1,1.084014359178331e-06,-0.36504340748779174,0.00025531303914695083
7,relu4_1,1.10418805085416e-06,-0.3652875746066197,0.0002527072113458148
7,relu4_1,1.1247371783647508e-06,-0.36489419424850794,0.0002569176698802633
7,relu4_1,1.1456687286348725e-06,-0.36489419424850794,0.0002569176698802633
7,relu4_1,1.1669898186171475e-06,-0.3642295170916984,0.00026417923039153784
7,relu4_1,1.1887076977119033e-06,-0.3649484536082475,0.0002563330944138459
7,relu4_1,1.2108297502320394e-06,-0.3645686380900706,0.0002604510275935703
7,relu4_1,1.2333634979137747e-06,-0.3631443298969073,0.0002764427882736143
7,relu4_1,1.2563166024741214e-06,-0.36283233857840486,0.00028006448408204074
7,relu4_1,1.2796968682159416e-06,-0.36189636462289754,0.0002911936719106576
7,relu4_1,1.303512244681509e-06,-0.3611909929462833,0.00029984865698236816
7,relu4_1,1.327770829355429e-06,-0.3608925664677157,0.00030358123344851164
7,relu4_1,1.352480870417874e-06,-0.36115029842647867,0.0003003551425959212
7,relu4_1,1.377650769549055e-06,-0.35884427563754756,0.0003303780054722957
7,relu4_1,1.4032890847858731e-06,-0.3593868692349431,0.00032307516990326136
7,relu4_1,1.4294045334317611e-06,-0.358912099837222,0.0003294569125410225
7,relu4_1,1.4560059950206485e-06,-0.3568502441671189,0.000358541056165658
7,relu4_1,1.483102514336103e-06,-0.3565789473684211,0.0003625389964813103
7,relu4_1,1.5107033044866557e-06,-0.3557650569723278,0.00037478017588330376
7,relu4_1,1.5388177500383465e-06,-0.3550189907759089,0.0003863340252356024
7,relu4_1,1.567455410205595e-06,-0.35392023874118295,0.00040394689324649774
7,relu4_1,1.596626022101425e-06,-0.35330982094411295,0.00041404778632532654
7,relu4_1,1.6263395040481906e-06,-0.3510580575149214,0.0004533492895361478
7,relu4_1,1.6566059589499152e-06,-0.3515735214324472,0.0004440617359184106
7,relu4_1,1.6874356777273756e-06,-0.3517769940314705,0.0004404439405821101
7,relu4_1,1.7188391428171457e-06,-0.35245523602821494,0.00042857921832687015
7,relu4_1,1.7508270317357268e-06,-0.3527129679869778,0.00042414813319542757
7,relu4_1,1.7834102207100063e-06,-0.3514243081931634,0.00044673210698859727
7,relu4_1,1.8165997883753285e-06,-0.3500678241996745,0.00047169334384101206
7,relu4_1,1.850407019542302e-06,-0.3491454150841021,0.0004893913167204872
7,relu4_1,1.8848434090337953e-06,-0.3501763429191536,0.00046965030968327973
7,relu4_1,1.919920665593287e-06,-0.35077319587628875,0.0004585580713775452
7,relu4_1,1.955650715865947e-06,-0.35115301139446564,0.00045162513708758845
7,relu4_1,1.992045708453871e-06,-0.35207542051003804,0.00043518678478494607
7,relu4_1,2.029118018046678e-06,-0.3518719479110147,0.00043876491667225336
7,relu4_1,2.066880249629082e-06,-0.35103092783505163,0.0004538430133270369
7,relu4_1,2.1053452427667084e-06,-0.34975583288117207,0.00047761258848519176
7,relu4_1,2.144526075971665e-06,-0.3483993488876832,0.0005041492748787045
7,relu4_1,2.1844360711494283e-06,-0.344886055344547,0.0005792892373695816
7,relu4_1,2.2250887981283694e-06,-0.34495387954422146,0.0005777464335674229
7,relu4_1,2.266498079273693e-06,-0.34270211611502993,0.000631030968467432
7,relu4_1,2.308677994187172e-06,-0.34328540423223014,0.0006168129308360581
7,relu4_1,2.351642884494346e-06,-0.3425935973955508,0.0006337090473201329
7,relu4_1,2.3954073587208794e-06,-0.3413185024416713,0.0006659651469491337
7,relu4_1,2.43998629725955e-06,-0.3370320130222464,0.000785724986853064
7,relu4_1,2.4853948574297983e-06,-0.33589256646771576,0.0008207110568887495
7,relu4_1,2.531648478631358e-06,-0.3338035811177429,0.0008885678007540794
7,relu4_1,2.5787628875937984e-06,-0.33279978296256113,0.0009229610239736558
7,relu4_1,2.6267541037238384e-06,-0.3322300596852958,0.0009430171331017545
7,relu4_1,2.6756384445520452e-06,-0.33312533912099845,0.0009116757433723659
7,relu4_1,2.725432531281028e-06,-0.3314839934888769,0.0009698816746005159
7,relu4_1,2.776153294436804e-06,-0.33043950081389045,0.0010086641017018547
7,relu4_1,2.827817979625338e-06,-0.3296663049376018,0.0010382771575127205
7,relu4_1,2.880444153396298e-06,-0.328418339663592,0.001087747107750937
7,relu4_1,2.934049709215787e-06,-0.3286760716223549,0.00107735814091108
7,relu4_1,2.9886528735503824e-06,-0.32852685838307116,0.0010833617456174223
7,relu4_1,3.0442722120643057e-06,-0.32886597938144335,0.0010697609821427726
7,relu4_1,3.1009266359319234e-06,-0.32779435702658716,0.0011132779176939132
7,relu4_1,3.158635408267819e-06,-0.32863537710255025,0.0010789924777672454
7,relu4_1,3.2174181506763714e-06,-0.3275773195876289,0.0011222851896499765
7,relu4_1,3.277294849923382e-06,-0.32657352143244717,0.0011648122742191802
7,relu4_1,3.3382858647317643e-06,-0.32612588171459583,0.001184245215606397
7,relu4_1,3.4004119327037024e-06,-0.32344004340748783,0.0013071621423363675
7,relu4_1,3.4636941773717343e-06,-0.32379272924579494,0.0012903865067688898
7,relu4_1,3.5281541153808832e-06,-0.3239690721649485,0.0012820722177864052
7,relu4_1,3.5938136638046257e-06,-0.3234943027672274,0.001304568453344174
7,relu4_1,3.660695147596906e-06,-0.3215680954964732,0.0013995627457668708
7,relu4_1,3.72882130718283e-06,-0.32080846446011946,0.001438719594863775
7,relu4_1,3.7982153061907363e-06,-0.3218122626153012,0.0013871834905128495
7,relu4_1,3.868900739327975e-06,-0.31981823114487257,0.0014912545224523037
7,relu4_1,3.9409016404034476e-06,-0.3187194791101466,0.001551577129696093
7,relu4_1,4.014242490499326e-06,-0.31512479652740105,0.0017646951056837815
7,relu4_1,4.088948226294856e-06,-0.31593868692349436,0.0017142476238188598
7,relu4_1,4.1650442485451855e-06,-0.3165355398806295,0.0016780861220366862
7,relu4_1,4.242556430717777e-06,-0.31363266413456325,0.0018606824170598916
7,relu4_1,4.321511127789762e-06,-0.31172002170374397,0.001990613651489663
7,relu4_1,4.401935185208879e-06,-0.30944112859468265,0.002156087149771286
7,relu4_1,4.483855948021182e-06,-0.30746066196418886,0.00230985954073873
7,relu4_1,4.567301270168747e-06,-0.30676885512750957,0.002365860121257762
7,relu4_1,4.652299523960189e-06,-0.3049376017362996,0.002520047745644296
7,relu4_1,4.738879609717651e-06,-0.3010580575149214,0.002876936530135535
7,relu4_1,4.827070965603188e-06,-0.30058328811720025,0.0029235929477390375
7,relu4_1,4.916903577628021e-06,-0.30009495387954427,0.0029722901174389113
7,relu4_1,5.008407989848212e-06,-0.2982772653282692,0.0031600155275421375
7,relu4_1,5.101615314749834e-06,-0.2954693434617472,0.003470955912635498
7,relu4_1,5.1965572438276574e-06,-0.2947504069451981,0.0035548510057919545
7,relu4_1,5.293266058360567e-06,-0.2957135105805752,0.003442869187168259
7,relu4_1,5.391774640387494e-06,-0.2930683667932719,0.0037582655082659053
7,relu4_1,5.492116483887789e-06,-0.2965816603364081,0.003344646253631377
7,relu4_1,5.594325706169378e-06,-0.29616115029842655,0.0033919050101339065
7,relu4_1,5.698437059469136e-06,-0.292566467715681,0.0038209458413035087
7,relu4_1,5.804485942768984e-06,-0.2923901247965275,0.0038431895193096924
7,relu4_1,5.912508413831869e-06,-0.2939229517091699,0.0036536525661617415
7,relu4_1,6.022541201461928e-06,-0.293054801953337,0.0037599474078516618
7,relu4_1,6.134621717992506e-06,-0.293421052631579,0.003714771593740947
7,relu4_1,6.248788072006888e-06,-0.29278350515463925,0.0037937270455859827
7,relu4_1,6.365079081295578e-06,-0.2920103092783506,0.0038914925543432678
7,relu4_1,6.483534286054714e-06,-0.2915084102007597,0.003956153484448726
7,relu4_1,6.604193962330305e-06,-0.2896771568095497,0.0042002965057431445
7,relu4_1,6.727099135712336e-06,-0.2851058057514922,0.0048694077077058385
7,relu4_1,6.852291595284057e-06,-0.2859332609875204,0.00474168209434727
7,relu4_1,6.979813907830667e-06,-0.2842919153553989,0.0049980177816491556
7,relu4_1,7.109709432312424e-06,-0.27863537710255026,0.00597845846153411
7,relu4_1,7.242022334607315e-06,-0.2797883884970158,0.005765789951714581
7,relu4_1,7.376797602527731e-06,-0.28007325013564843,0.005714293533086575
7,relu4_1,7.514081061116962e-06,-0.27683125339121006,0.006325189291467685
7,relu4_1,7.653919388230155e-06,-0.2745794899620185,0.00678285678528278
7,relu4_1,7.796360130405221e-06,-0.27160879001627786,0.0074313220572595155
7,relu4_1,7.94145171902934e-06,-0.2692620727075421,0.00798164973327514
7,relu4_1,8.089243486805938e-06,-0.26714595767769944,0.008508366283671765
7,relu4_1,8.239785684528512e-06,-0.26726804123711345,0.008477167721062969
7,relu4_1,8.393129498166374e-06,-0.2643109061313077,0.009261838728797003
7,relu4_1,8.549327066268366e-06,-0.26752577319587634,0.008411634437734404
7,relu4_1,8.708431497690725e-06,-0.26703743895822035,0.008536183094495598
7,relu4_1,8.870496889654403e-06,-0.265124796527401,0.009039756089518371
7,relu4_1,9.035578346138921e-06,-0.2648670645686381,0.009109570656490078
7,relu4_1,9.20373199661823e-06,-0.26144872490504617,0.01008132994904092
7,relu4_1,9.37501501514529e-06,-0.2584915897992404,0.010994061415713663
7,relu4_1,9.549485639791967e-06,-0.25774552360282155,0.011235446942747303
7,relu4_1,9.727203192450538e-06,-0.2587493217580033,0.01091173378894851
7,relu4_1,9.908228099003787e-06,-0.2573114487249051,0.011378009771224683
7,relu4_1,1.0092621909870484e-05,-0.2549104720564298,0.012195448324663275
7,relu4_1,1.0280447320933097e-05,-0.25462561041779713,0.012295750420610096
7,relu4_1,1.0471768194855202e-05,-0.25493760173629954,0.012185933052358348
7,relu4_1,1.0666649582795388e-05,-0.2524959305480196,0.013068676858158145
7,relu4_1,1.0865157746525373e-05,-0.24913185024416717,0.014375773321700674
7,relu4_1,1.1067360180959745e-05,-0.24834508952794362,0.014697345582162773
7,relu4_1,1.1273325637104872e-05,-0.24898263700488338,0.014436287698331161
7,relu4_1,1.148312414543511e-05,-0.2490775908844276,0.014397753031502914
7,relu4_1,1.1696827039703846e-05,-0.24833152468800873,0.014702944196566493
7,relu4_1,1.1914506981197747e-05,-0.2444926749864352,0.016363571851035666
7,relu4_1,1.2136237983442418e-05,-0.24344818231144877,0.016842543767275116
7,relu4_1,1.2362095437367691e-05,-0.24035539880629414,0.01833245877380635
7,relu4_1,1.259215613694151e-05,-0.23815789473684215,0.019458852466389003
7,relu4_1,1.28264983052806e-05,-0.23586543678784594,0.020696818180753983
7,relu4_1,1.3065201621247199e-05,-0.2365165491047206,0.02033852031207122
7,relu4_1,1.330834724654076e-05,-0.23444112859468264,0.02149951278908287
7,relu4_1,1.355601785329369e-05,-0.23629951166576238,0.02045735679416602
7,relu4_1,1.3808297652180924e-05,-0.2359332609875204,0.020659244594288726
7,relu4_1,1.4065272421052364e-05,-0.23597395550732506,0.02063672854150913
7,relu4_1,1.4327029534098295e-05,-0.23293543136190997,0.022376927869739095
7,relu4_1,1.4593657991557576e-05,-0.23680141074335329,0.020183446967384125
7,relu4_1,1.4865248449978572e-05,-0.23231144872490508,0.02274941912832809
7,relu4_1,1.514189325304352e-05,-0.22977482365708088,0.02431874383926133
7,relu4_1,1.5423686462966275e-05,-0.22917797069994578,0.02470112930806118
7,relu4_1,1.5710723892474488e-05,-0.22893380358111778,0.024859030295545318
7,relu4_1,1.6003103137387017e-05,-0.22742810634834512,0.025851879742760518
7,relu4_1,1.630092360979741e-05,-0.22637004883342382,0.026569570453434072
7,relu4_1,1.6604286571875295e-05,-0.22923223005968535,0.024666156523950253
7,relu4_1,1.691329517029647e-05,-0.22814704286489423,0.025373685913158646
7,relu4_1,1.7228054471313922e-05,-0.22586814975583291,0.026915891770464752
7,relu4_1,1.754867149648152e-05,-0.22537981551817693,0.027256526094618486
7,relu4_1,1.7875255259042355e-05,-0.22618014107433537,0.02670016294501128
7,relu4_1,1.8207916800994626e-05,-0.22811991318502448,0.025391593261777104
7,relu4_1,1.8546769230846977e-05,-0.23174172544763977,0.023094136748722495
7,relu4_1,1.8891927762076646e-05,-0.23323385784047754,0.02220063212153935
7,relu4_1,1.924350975230332e-05,-0.23007325013564844,0.024129451790708176
7,relu4_1,1.9601634743191856e-05,-0.23317959848073797,0.022232597208760092
7,relu4_1,1.9966424501097934e-05,-0.23335594139989152,0.02212885442743142
7,relu4_1,2.03380030584698e-05,-0.23269126424308198,0.022522059283860255
7,relu4_1,2.071649675602067e-05,-0.23115843733043956,0.023451675907769313
7,relu4_1,2.1102034285685967e-05,-0.23232501356483998,0.02274126547446819
7,relu4_1,2.1494746734379807e-05,-0.22714324470971248,0.026043462494775765
7,relu4_1,2.189476762856621e-05,-0.22828269126424314,0.025284310376768503
7,relu4_1,2.2302232979659363e-05,-0.22825556158437335,0.02530216400661272
7,relu4_1,2.2717281330269027e-05,-0.22561041779707003,0.0270952176100507
7,relu4_1,2.314005380130654e-05,-0.22476939772110693,0.027687459775052038
7,relu4_1,2.3570694139967276e-05,-0.2238605534454694,0.02833977582198228
7,relu4_1,2.4009348768606518e-05,-0.22582745523602826,0.026944139170758497
7,relu4_1,2.445616683452444e-05,-0.22272110689093874,0.02917596862491048
7,relu4_1,2.491130026067791e-05,-0.22257189365165495,0.029287001597166958
7,relu4_1,2.5374903797335716e-05,-0.22091698317959851,0.030542628944403103
7,relu4_1,2.584713507469564e-05,-0.21650841020075967,0.034111438381339405
7,relu4_1,2.63281546564802e-05,-0.21010580575149218,0.039914208141742284
7,relu4_1,2.6818126094530128e-05,-0.21131307650569728,0.0387610304428961
7,relu4_1,2.731721598441379e-05,-0.21315789473684216,0.037052752589199996
7,relu4_1,2.782559402207126e-05,-0.21340206185567015,0.036831456750744125
7,relu4_1,2.8343433061513092e-05,-0.21470428648941947,0.035669834645310275
7,relu4_1,2.8870909173592348e-05,-0.21290016277807927,0.03728755002326459
7,relu4_1,2.9408201705870607e-05,-0.21336136733586547,0.0368682622872474
7,relu4_1,2.9955493343598162e-05,-0.21378187737384702,0.036489420878590376
7,relu4_1,3.051297017182871e-05,-0.2144329896907217,0.03590926980754788
7,relu4_1,3.1080821738690636e-05,-0.21486706456863813,0.03552681775270884
7,relu4_1,3.165924111983521e-05,-0.21620998372219213,0.034365193920586366
7,relu4_1,3.224842498408439e-05,-0.21511123168746613,0.03531319513538524
7,relu4_1,3.284857366030047e-05,-0.21275094953879548,0.03742405404176993
7,relu4_1,3.345989120549975e-05,-0.2102007596310364,0.03982248287822059
7,relu4_1,3.408258547423452e-05,-0.2122219207813348,0.03791139925270773
7,relu4_1,3.4716868189265594e-05,-0.21307650569723283,0.037126764960573044
7,relu4_1,3.536295501355039e-05,-0.21215409658166037,0.03797426179151326
7,relu4_1,3.602106562357074e-05,-0.21390396093326103,0.03638004792369106
7,relu4_1,3.669142378402494e-05,-0.2157487791644059,0.03476048207487304
7,relu4_1,3.7374257423910643e-05,-0.21749864351600656,0.033280692925679166
7,relu4_1,3.806979871402284e-05,-0.2185295713510581,0.03243397138052992
7,relu4_1,3.877828414589453e-05,-0.21534183396635925,0.03511243180700173
7,relu4_1,3.949995461220647e-05,-0.21317145957677702,0.03704042921961386
7,relu4_1,4.023505548869293e-05,-0.20940043407487796,0.04060113197406366
7,relu4_1,4.098383671757261e-05,-0.20832881172002174,0.04166357762846061
7,relu4_1,4.174655289253135e-05,-0.20807107976125885,0.041922528393737064
7,relu4_1,4.252346334528678e-05,-0.20636190992946288,0.04367390231399576
7,relu4_1,4.331483223376403e-05,-0.20545306565382532,0.04462968024736947
7,relu4_1,4.41209286319119e-05,-0.20132935431361915,0.049187016994782756
7,relu4_1,4.494202662119142e-05,-0.20120727075420514,0.049327585898571336
7,relu4_1,4.577840538376616e-05,-0.20241454150841023,0.047951994093035515
7,relu4_1,4.6630349297427265e-05,-0.2014921323928378,0.04900010642953684
7,relu4_1,4.7498148032285043e-05,-0.20043407487791648,0.05022557621843507
7,relu4_1,4.838209664925957e-05,-0.20124796527400982,0.04928069279567136
7,relu4_1,4.9282495700405135e-05,-0.20229245794899625,0.04808964132368748
7,relu4_1,5.0199651331100794e-05,-0.2019669017905589,0.04845829823660718
7,relu4_1,5.113387538414321e-05,-0.20348616386326646,0.04675768145371675
7,relu4_1,5.2085485505776655e-05,-0.20394736842105268,0.04625130888712118
7,relu4_1,5.305480525369574e-05,-0.20347259902333156,0.046772643974404934
7,relu4_1,5.404216420705915e-05,-0.20287574606619646,0.04743493008071552
7,relu4_1,5.5047898078549675e-05,-0.20458491589799244,0.04555881173032216
7,relu4_1,5.607234882852027e-05,-0.20470699945740645,0.04542719152459046
7,relu4_1,5.711586478126435e-05,-0.2031877373846989,0.04708777376854204
7,relu4_1,5.8178800743449355e-05,-0.2023331524688009,0.0480437226658602
7,relu4_1,5.926151812475552e-05,-0.20116657623440048,0.04937451583088665
7,relu4_1,6.0364385060758635e-05,-0.2010173629951167,0.04954690768229445
7,relu4_1,6.148777653810017e-05,-0.2010037981551818,0.04956260427113852
7,relu4_1,6.263207452198692e-05,-0.2016142159522518,0.04886030875688706
7,relu4_1,6.379766808606283e-05,-0.20244167118828002,0.04792145009968386
7,relu4_1,6.498495354469889e-05,-0.2048969072164949,0.04522307584247798
7,relu4_1,6.619433458774387e-05,-0.20538524145415088,0.0447016977327576
7,relu4_1,6.742622241778336e-05,-0.20675529028757464,0.043265514115400715
7,relu4_1,6.868103588995308e-05,-0.2071758003255562,0.042832477115025955
7,relu4_1,6.995920165435375e-05,-0.2085187194791102,0.04147362553353063
7,relu4_1,7.126115430111745e-05,-0.20777265328269132,0.042224039071151076
7,relu4_1,7.258733650817246e-05,-0.20880358111774286,0.041190050697943
7,relu4_1,7.393819919175873e-05,-0.21112316874660883,0.038940561238121764
7,relu4_1,7.531420165974376e-05,-0.21155724362452527,0.03853122235042497
7,relu4_1,7.671581176779303e-05,-0.21100108518719482,0.039056340483214234
7,relu4_1,7.814350607844543e-05,-0.21048562126966905,0.03954836237425414
7,relu4_1,7.959777002314978e-05,-0.21148941942485083,0.03859494335433572
7,relu4_1,8.107909806731695e-05,-0.2110282148670646,0.0390305869328041
7,relu4_1,8.258799387844272e-05,-0.21268312533912104,0.037486239516006895
7,relu4_1,8.412497049736118e-05,-0.21326641345632125,0.03695426174386873
7,relu4_1,8.569055051268347e-05,-0.21303581117742815,0.03716381756319275
7,relu4_1,8.728526623848371e-05,-0.21408030385241458,0.03622255016294764
7,relu4_1,8.890965989529168e-05,-0.2128323385784048,0.03734954552157449
7,relu4_1,9.056428379445294e-05,-0.21106890938686929,0.03899198321727256
7,relu4_1,9.224970052592174e-05,-0.21129951166576239,0.038773831083197936
7,relu4_1,9.39664831495469e-05,-0.2113944655453066,0.038684300767942305
7,relu4_1,9.571521538991856e-05,-0.21091434424212901,0.039138776870740744
7,relu4_1,9.749649183484096e-05,-0.21003798155181774,0.03997983411122028
7,relu4_1,9.9310918137498e-05,-0.21039816331565409,0.039632354451165246
7,relu4_1,0.00010115911122238297,-0.21079904232065375,0.03924858191672129
7,relu4_1,0.00010304169949505875,-0.2108147520438715,0.03923360600746433
7,relu4_1,0.00010495932305582266,-0.2102314540361573,0.03979286980693547
7,relu4_1,0.00010691263391734771,-0.21047562529520047,0.03955795468678245
7,relu4_1,0.00010890229622637306,-0.2093904196994531,0.04061095498150044
7,relu4_1,0.00011092898648952228,-0.20960746081860257,0.0403985049074324
7,relu4_1,0.00011299339380332217,-0.20924049432872366,0.04075825250796268
7,relu4_1,0.00011509622008850311,-0.21022538444499275,0.03979872411356931
7,relu4_1,0.00011723818032865997,-0.2104206514118095,0.03961074332341983
7,relu4_1,0.00011942000281335325,-0.21086045298739534,0.03919006693541253
7,relu4_1,0.0001216424293857368,-0.21071730172800163,0.039326581434736274
7,relu4_1,0.00012390621569479155,-0.21126134854202455,0.03880986317680212
7,relu4_1,0.0001262121314522546,-0.21237227393715064,0.03777235560259601
7,relu4_1,0.00012856096069432965,-0.21129454553085883,0.038778518325591836
7,relu4_1,0.00013095350204826676,-0.20912824956165424,0.04086882128486472
7,relu4_1,0.00013339056900390586,-0.20908754993475284,0.040908974935762316
7,relu4_1,0.0001358729901902709,-0.2081866386759922,0.04180625773905211
7,relu4_1,0.00013840160965731301,-0.20916917631211884,0.04082847669978512
7,relu4_1,0.00014097728716289676,-0.20894641916840678,0.041048467334765644
7,relu4_1,0.00014360089846512608,-0.20788163857057132,0.042113718868139666
7,relu4_1,0.000146273335620113,-0.20556944724162138,0.04450632768793643
7,relu4_1,0.00014899550728528536,-0.2053069460366369,0.044784953737383226
7,relu4_1,0.00015176833902834038,-0.2075912850069937,0.042408162080230856
7,relu4_1,0.00015459277364194784,-0.21021840670949873,0.0398054552417255
7,relu4_1,0.00015746977146430867,-0.20661313461919287,0.043412725277338124
7,relu4_1,0.000160400310705682,-0.20937118918229838,0.040629823574297085
7,relu4_1,0.00016338538778098603,-0.2062391546645601,0.04380199465689705
7,relu4_1,0.0001664260176485902,-0.20954477977059438,0.04045976463330322
7,relu4_1,0.00016952323415541214,-0.20646157468814202,0.04357013348204209
7,relu4_1,0.0001726780903884356,-0.2078862039247079,0.04210910283645274
7,relu4_1,0.00017589165903277327,-0.20331482367324968,0.04694696741342547
7,relu4_1,0.00017916503273638994,-0.20726550689754628,0.04274056631428942
7,relu4_1,0.00018249932448161505,-0.2016699123807054,0.04879664038855494
7,relu4_1,0.00018589566796356884,-0.2069155705058707,0.04310003183516583
7,relu4_1,0.00018935521797562954,-0.20501316666581113,0.04509849428048559
7,relu4_1,0.00019287915080207777,-0.20608838448711725,0.0439597468896032
7,relu4_1,0.00019646866461804445,-0.21014671748716285,0.03987466588301926
7,relu4_1,0.00020012497989690348,-0.2167513628082968,0.03390601827905018
7,relu4_1,0.00020384933982524643,-0.2167896952952335,0.03387370282180941
7,relu4_1,0.00020764301072557747,-0.2777109915819488,0.006153950347431783
7,relu4_1,0.00021150728248687948,-0.25808204153615766,0.011126001073854573
7,relu4_1,0.00021544346900318823,-0.26120635452058766,0.01015355689621678
7,relu4_1,0.00021945290862033113,-0.2995475862071378,0.0030277386272794557
7,relu4_1,0.00022353696459097966,-0.3018213884059925,0.0028033233145117625
7,relu4_1,0.000227697025538168,-0.30238490642372773,0.002750070034662293
7,relu4_1,0.00023193450592744275,-0.3035561935578652,0.0026422806055269887
7,relu4_1,0.0002362508465477945,-0.30577180395063097,0.0024487220192228455
7,relu4_1,0.00024064751500154217,-0.2946308449747904,0.003568977765882595
7,relu4_1,0.000245126006203334,-0.29615463145877025,0.0033926423103530848
7,relu4_1,0.00024968784288843267,-0.2945782361511225,0.0035752096266759878
7,relu4_1,0.00025433457613046484,-0.29882114223094647,0.003102760654364418
7,relu4_1,0.0002590677858688006,-0.30053214212341517,0.0029286594736439636
7,relu4_1,0.0002638890814457513,-0.2964158607250436,0.0033632086317900056
7,relu4_1,0.00026880010215376074,-0.297170738766307,0.003279435136196529
7,relu4_1,0.00027380251779278577,-0.2946667288273624,0.00356473266687022
7,relu4_1,0.000278898029238044,-0.3032504877385128,0.0026700408993893133
7,relu4_1,0.0002840883690183301,-0.2572623244406205,0.011394242712276627
7,relu4_1,0.00028937530190509535,-0.22938448437175019,0.024568246538404993
7,relu4_1,0.00029476062551248586,-0.23191709657033419,0.022987554098484558
7,relu4_1,0.00030024617090855494,-0.24578030811782794,0.015789345481408444
7,relu4_1,0.00030583380323784314,-0.24456408438369553,0.016331260099863878
7,relu4_1,0.0003115254223555485,-0.2034209317904255,0.0468296711555243
7,relu4_1,0.00031732296347349796,-0.17730552370843639,0.08395302024957775
7,relu4_1,0.0003232283978181381,-0.1771029498367054,0.08431322566919967
7,relu4_1,0.0003292437333007769,-0.17137480377081515,0.09501772255464833
7,relu4_1,0.0003353710152002929,-0.17176670936589825,0.09425277386375883
7,relu4_1,0.0003416123268585525,-0.16899997067277883,0.09975827324289112
7,relu4_1,0.0003479697903887695,-0.17007790179085258,0.097584043339279
7,relu4_1,0.0003544455673970436,-0.1926049685630455,0.06010005245752532
7,relu4_1,0.0003610418597173337,-0.19100583487949285,0.06230005908856514
7,relu4_1,0.00036776091016010306,-0.22183141708694576,0.02984331355502637
7,relu4_1,0.00037460500327489893,-0.2215541312627737,0.030053923194021573
7,relu4_1,0.00038157646612712524,-0.2211303158164358,0.030378255902230297
7,relu4_1,0.00038867766908926677,-0.19203088754095837,0.060882435360591965
7,relu4_1,0.00039591102664684585,-0.16156140543940725,0.11581471254461033
7,relu4_1,0.0004032789982193705,-0.14616970828125708,0.15530252893034122
7,relu4_1,0.00041078408899656427,-0.14616970828125708,0.15530252893034122
7,relu4_1,0.00041842885079015847,-0.0980406830357027,0.3419562214508533
7,relu4_1,0.0004262158829015325,-0.04605084632397329,0.655936612415344
7,relu4_1,0.00043414783300550926,-0.04605084632397329,0.655936612415344
7,relu4_1,0.00044222739805058973,-0.04243069708405651,0.6814588154353468
7,relu4_1,0.0004504573251759454,-0.04243069708405651,0.6814588154353468
7,relu4_1,0.00045884041264547613,-0.08562320969036598,0.4068397216573802
7,relu4_1,0.00046737951079924635,-0.08562320969036598,0.4068397216573802
7,relu4_1,0.0004760775230226368,-0.08562320969036598,0.4068397216573802
7,relu4_1,0.00048493740673352334,-0.08650955927370826,0.401982133923088
7,relu4_1,0.0004939621743878316,-0.05877772450770867,0.5694580328683045
7,relu4_1,0.0005031548945038057,-0.05877772450770867,0.5694580328683045
7,relu4_1,0.0005125186927053333,-0.11633577296065542,0.25899943242084866
7,relu4_1,0.0005220567527846976,-0.11633577296065542,0.25899943242084866
7,relu4_1,0.0005317723177850966,-0.11633577296065542,0.25899943242084866
7,relu4_1,0.0005416686911033147,-0.11633577296065542,0.25899943242084866
7,relu4_1,0.0005517492376129129,-0.08499676644723268,0.4102935946284072
7,relu4_1,0.0005620173848083188,-0.08499676644723268,0.4102935946284072
7,relu4_1,0.0005724766239702179,-0.08499676644723268,0.4102935946284072
7,relu4_1,0.0005831305113526219,-0.10293841273827505,0.3182654749317039
7,relu4_1,0.000593982669392035,-0.08499676644723268,0.4102935946284072
7,relu4_1,0.0006050367879391225,-0.10293841273827505,0.3182654749317039
7,relu4_1,0.0006162966255132943,-0.10293841273827505,0.3182654749317039
7,relu4_1,0.00062776601058065,-0.10293841273827505,0.3182654749317039
7,relu4_1,0.0006394488428556937,-0.10293841273827505,0.3182654749317039
7,relu4_1,0.0006513490946272796,-0.10293841273827505,0.3182654749317039
7,relu4_1,0.0006634708121092351,-0.10293841273827505,0.3182654749317039
7,relu4_1,0.000675818116816111,-0.10293841273827505,0.3182654749317039
7,relu4_1,0.0006883952069645496,-0.10293841273827505,0.3182654749317039
7,relu4_1,0.0007012063589007177,-0.10293841273827505,0.3182654749317039
7,relu4_1,0.0007142559285543119,-0.10293841273827505,0.3182654749317039
7,relu4_1,0.0007275483529196233,-0.10293841273827505,0.3182654749317039
7,relu4_1,0.0007410881515641569,-0.14756823435346425,0.15134538646669402
7,relu4_1,0.0007548799281653432,-0.14756823435346425,0.15134538646669402
7,relu4_1,0.0007689283720758305,-0.14598747956814598,0.1558237856977435
7,relu4_1,0.0007832382599179204,-0.14598747956814598,0.1558237856977435
7,relu4_1,0.0007978144572076629,-0.14598747956814598,0.1558237856977435
7,relu4_1,0.0008126619200091946,-0.14598747956814598,0.1558237856977435
7,relu4_1,0.0008277856966198472,-0.14598747956814598,0.1558237856977435
7,relu4_1,0.0008431909292866251,-0.14598747956814598,0.1558237856977435
7,relu4_1,0.0008588828559546258,-0.14598747956814598,0.1558237856977435
7,relu4_1,0.0008748668120479914,-0.14598747956814598,0.1558237856977435
7,relu4_1,0.0008911482322840202,-0.14598747956814598,0.1558237856977435
7,relu4_1,0.0009077326525210223,-0.14598747956814598,0.1558237856977435
7,relu4_1,0.0009246257116405734,-0.14598747956814598,0.1558237856977435
7,relu4_1,0.0009418331534647961,-0.14598747956814598,0.1558237856977435
7,relu4_1,0.0009593608287093146,-0.14598747956814598,0.1558237856977435
7,relu4_1,0.0009772146969725724,-0.14598747956814598,0.1558237856977435
7,relu4_1,0.0009954008287621518,-0.07782768744910659,0.45102477355629866
7,relu4_1,0.0010139254075588143,-0.07782768744910659,0.45102477355629866
7,relu4_1,0.0010327947319189526,-0.07782768744910659,0.45102477355629866
7,relu4_1,0.0010520152176161591,-0.07782768744910659,0.45102477355629866
7,relu4_1,0.001071593399822671,-0.07782768744910659,0.45102477355629866
7,relu4_1,0.0010915359353313911,-0.07782768744910659,0.45102477355629866
7,relu4_1,0.0011118496048192698,-0.07782768744910659,0.45102477355629866
7,relu4_1,0.0011325413151528126,-0.07782768744910659,0.45102477355629866
7,relu4_1,0.0011536181017364785,0.020363097471682235,0.8438873066427579
7,relu4_1,0.0011750871309048076,0.020363097471682235,0.8438873066427579
7,relu4_1,0.0011969557023590429,0.020363097471682235,0.8438873066427579
7,relu4_1,0.0012192312516491094,0.020363097471682235,0.8438873066427579
7,relu4_1,0.0012419213527017847,0.020363097471682235,0.8438873066427579
7,relu4_1,0.0012650337203959038,0.020363097471682235,0.8438873066427579
7,relu4_1,0.0012885762131855181,0.020363097471682235,0.8438873066427579
7,relu4_1,0.0013125568357718427,0.020363097471682235,0.8438873066427579
7,relu4_1,0.0013369837418249451,0.020363097471682235,0.8438873066427579
7,relu4_1,0.0013618652367560827,0.020363097471682235,0.8438873066427579
7,relu4_1,0.001387209780541621,0.020363097471682235,0.8438873066427579
7,relu4_1,0.0014130259905995337,0.020363097471682235,0.8438873066427579
7,relu4_1,0.0014393226447194064,0.020363097471682235,0.8438873066427579
7,relu4_1,0.001466108684046983,0.020363097471682235,0.8438873066427579
7,relu4_1,0.0014933932161242535,,
7,relu4_1,0.001521185517986105,,
7,relu4_1,0.0015494950393146315,,
7,relu4_1,0.0015783314056521166,,
7,relu4_1,0.0016077044216738221,,
7,relu4_1,0.001637624074521689,,
7,relu4_1,0.0016681005372000592,,
7,relu4_1,0.001699144172034626,,
7,relu4_1,0.001730765534195724,,
7,relu4_1,0.0017629753752872038,,
7,relu4_1,0.0017957846470020968,,
7,relu4_1,0.0018292045048462937,,
7,relu4_1,0.0018632463119315598,,
7,relu4_1,0.0018979216428390996,,
7,relu4_1,0.0019332422875550433,,
7,relu4_1,0.0019692202554791737,,
7,relu4_1,0.002005867779508234,,
7,relu4_1,0.0020431973201952705,,
7,relu4_1,0.002081221569986337,,
7,relu4_1,0.002119953457536069,,
7,relu4_1,0.0021594061521035676,,
7,relu4_1,0.0021995930680300748,,
7,relu4_1,0.0022405278693000182,,
7,relu4_1,0.002282224474186896,,
7,relu4_1,0.0023246970599856455,,
7,relu4_1,0.0023679600678330787,,
7,relu4_1,0.002412028207618007,,
7,relu4_1,0.00245691646298279,,
7,relu4_1,0.0025026400964179166,,
7,relu4_1,0.0025492146544514203,,
7,relu4_1,0.0025966559729348722,,
7,relu4_1,0.00264498018242772,,
7,relu4_1,0.0026942037136818823,,
7,relu4_1,0.0027443433032283623,,
7,relu4_1,0.002795415999067859,,
7,relu4_1,0.0028474391664672478,,
7,relu4_1,0.0029004304938639917,,
7,relu4_1,0.00295440799888038,,
7,relu4_1,0.003009390034449718,,
7,relu4_1,0.00306539529505653,,
7,relu4_1,0.0031224428230928578,,
7,relu4_1,0.00318055201533292,,
7,relu4_1,0.0032397426295281955,,
7,relu4_1,0.003300034791125282,,
7,relu4_1,0.0033614490001087688,,
7,relu4_1,0.003424006137971426,,
7,relu4_1,0.0034877274748141775,,
7,relu4_1,0.0035526346765781393,,
7,relu4_1,0.003618749812411277,,
7,relu4_1,0.0036860953621721615,,
7,relu4_1,0.003754694224073337,,
7,relu4_1,0.0038245697224669993,,
7,relu4_1,0.0038957456157755013,,
7,relu4_1,0.003968246104569478,,
7,relu4_1,0.00404209583979631,,
7,relu4_1,0.004117319931161679,,
7,relu4_1,0.004193943955667186,,
7,relu4_1,0.004271993966306777,,
7,relu4_1,0.004351496500925045,,
7,relu4_1,0.0044324785912404005,,
7,relu4_1,0.004514967772036102,,
7,relu4_1,0.004598992090522438,,
7,relu4_1,0.004684580115873045,,
7,relu4_1,0.004771760948938741,,
7,relu4_1,0.004860564232142139,,
7,relu4_1,0.004951020159556351,,
7,relu4_1,0.005043159487171359,,
7,relu4_1,0.005137013543351339,,
7,relu4_1,0.005232614239486656,,
7,relu4_1,0.005329994080844093,,
7,relu4_1,0.005429186177618943,,
7,relu4_1,0.0055302242561929005,,
7,relu4_1,0.005633142670601352,,
7,relu4_1,0.005737976414214128,,
7,relu4_1,0.0058447611316336376,,
7,relu4_1,0.00595353313081437,,
7,relu4_1,0.006064329395408062,,
7,relu4_1,0.006177187597338488,,
7,relu4_1,0.0062921461096103375,,
7,relu4_1,0.006409244019356457,,
7,relu4_1,0.006528521141127847,,
7,relu4_1,0.006650018030431118,,
7,relu4_1,0.006773775997517745,,
7,relu4_1,0.006899837121430011,,
7,relu4_1,0.0070282442643083524,,
7,relu4_1,0.0071590410859648885,,
7,relu4_1,0.007292272058728313,,
7,relu4_1,0.00742798248256491,,
7,relu4_1,0.007566218500481048,,
7,relu4_1,0.007707027114212304,,
7,relu4_1,0.00785045620020451,,
7,relu4_1,0.007996554525892346,,
7,relu4_1,0.008145371766280737,,
7,relu4_1,0.008296958520834915,,
7,relu4_1,0.008451366330684721,,
7,relu4_1,0.008608647696149245,,
7,relu4_1,0.008768856094587427,,
7,relu4_1,0.008932045998580959,,
7,relu4_1,0.009098272894455568,,
7,relu4_1,0.009267593301146883,,
7,relu4_1,0.009440064789417604,,
7,relu4_1,0.009615746001432095,,
7,relu4_1,0.009794696670695385,,
7,relu4_1,0.009976977642363211,,
7,relu4_1,0.010162650893929951,,
7,relu4_1,0.010351779556301762,,
7,relu4_1,0.010544427935261684,,
7,relu4_1,0.010740661533334323,,
7,relu4_1,0.010940547072057435,,
7,relu4_1,0.011144152514667882,,
7,relu4_1,0.01135154708920999,,
7,relu4_1,0.011562801312073753,,
7,relu4_1,0.011777987011971181,,
7,relu4_1,0.011997177354358856,,
7,relu4_1,0.012220446866314887,,
7,relu4_1,0.012447871461879062,,
7,relu4_1,0.01267952846786434,,
7,relu4_1,0.012915496650148827,,
7,relu4_1,0.013155856240457052,,
7,relu4_1,0.013400688963639508,,
7,relu4_1,0.013650078065460139,,
7,relu4_1,0.013904108340900697,,
7,relu4_1,0.014162866162991974,,
7,relu4_1,0.014426439512181588,,
7,relu4_1,0.014694918006248172,,
7,relu4_1,0.014968392930772555,,
7,relu4_1,0.01524695727017573,,
7,relu4_1,0.015530705739334584,,
7,relu4_1,0.015819734815786014,,
7,relu4_1,0.016114142772530198,,
7,relu4_1,0.016414029711444664,,
7,relu4_1,0.016719497597319884,,
7,relu4_1,0.017030650292528426,,
7,relu4_1,0.017347593592339325,,
7,relu4_1,0.017670435260889468,,
7,relu4_1,0.017999285067824763,,
7,relu4_1,0.018334254825622887,,
7,relu4_1,0.01867545842761074,,
7,relu4_1,0.019023011886689457,,
7,relu4_1,0.01937703337477989,,
7,relu4_1,0.019737643263002553,,
7,relu4_1,0.02010496416260497,,
7,relu4_1,0.020479120966650832,,
7,relu4_1,0.02086024089248505,,
7,relu4_1,0.021248453524988827,,
7,relu4_1,0.021643890860640204,,
7,relu4_1,0.022046687352394075,,
7,relu4_1,0.022456979955397718,,
7,relu4_1,0.02287490817355704,,
7,relu4_1,0.023300614106969247,,
7,relu4_1,0.023734242500238662,,
7,relu4_1,0.024175940791691282,,
7,relu4_1,0.024625859163505442,,
7,relu4_1,0.02508415059277541,,
7,relu4_1,0.02555097090352507,,
7,relu4_1,0.026026478819690044,,
7,relu4_1,0.02651083601908536,,
7,relu4_1,0.027004207188377698,,
7,relu4_1,0.027506760079080674,,
7,relu4_1,0.028018665564591955,,
7,relu4_1,0.028540097698292376,,
7,relu4_1,0.029071233772725753,,
7,relu4_1,0.029612254379880375,,
7,relu4_1,0.03016334347259197,,
7,relu4_1,0.030724688427090033,,
7,relu4_1,0.031296480106707505,,
7,relu4_1,0.03187891292677643,,
7,relu4_1,0.03247218492073132,,
7,relu4_1,0.03307649780744242,,
7,relu4_1,0.033692057059802674,,
7,relu4_1,0.03431907197459043,,
7,relu4_1,0.03495775574363272,,
7,relu4_1,0.03560832552629282,,
7,relu4_1,0.036271002523306485,,
7,relu4_1,0.03694601205199302,,
7,relu4_1,0.03763358362286533,,
7,relu4_1,0.03833395101766598,,
7,relu4_1,0.03904735236885564,,
7,relu4_1,0.03977403024058037,,
7,relu4_1,0.04051423171114647,,
7,relu4_1,0.04126820845702952,,
7,relu4_1,0.0420362168384471,,
7,relu4_1,0.042818517986524154,,
7,relu4_1,0.04361537789208006,,
7,relu4_1,0.044427067496068826,,
7,relu4_1,0.04525386278170167,,
7,relu4_1,0.046096044868284294,,
7,relu4_1,0.04695390010680063,,
7,relu4_1,0.04782772017727485,,
7,relu4_1,0.04871780218794631,,
7,relu4_1,0.04962444877628913,,
7,relu4_1,0.050547968211912354,,
7,relu4_1,0.051488674501374974,,
7,relu4_1,0.05244688749495119,,
7,relu4_1,0.053422932995383525,,
7,relu4_1,0.054417142868658876,,
7,relu4_1,0.05542985515684663,,
7,relu4_1,0.05646141419303673,,
7,relu4_1,0.057512170718416133,,
7,relu4_1,0.05858248200152536,,
7,relu4_1,0.0596727119597331,,
7,relu4_1,0.060783231282972236,,
7,relu4_1,0.06191441755977847,,
7,relu4_1,0.06306665540567406,,
7,relu4_1,0.0642403365939419,,
7,relu4_1,0.0654358601888323,,
7,relu4_1,0.06665363268124906,,
7,relu4_1,0.06789406812696112,,
7,relu4_1,0.06915758828738525,,
7,relu4_1,0.07044462277299036,,
7,relu4_1,0.07175560918936921,,
7,relu4_1,0.07309099328602904,,
7,relu4_1,0.07445122910795143,,
7,relu4_1,0.0758367791499719,,
7,relu4_1,0.077248114514034,,
7,relu4_1,0.07868571506936843,,
7,relu4_1,0.08015006961565396,,
7,relu4_1,0.08164167604921473,,
7,relu4_1,0.08316104153230962,,
7,relu4_1,0.08470868266557402,,
7,relu4_1,0.08628512566366887,,
7,relu4_1,0.08789090653419963,,
7,relu4_1,0.08952657125996401,,
7,relu4_1,0.09119267598459298,,
7,relu4_1,0.09288978720164498,,
7,relu4_1,0.09461848194721992,,
7,relu4_1,0.09637934799615795,,
7,relu4_1,0.09817298406188842,,
7,relu4_1,0.1,,
8,relu4_2,1e-09,-0.3964757710368254,6.362524374290913e-05
8,relu4_2,1.0186101701559773e-09,-0.39725850869781765,6.134953554750062e-05
8,relu4_2,1.0375666787451849e-09,-0.3976871556315669,6.013565818110078e-05
8,relu4_2,1.0568759711848051e-09,-0.39685559557156264,6.251131078822382e-05
8,relu4_2,1.0765446128423137e-09,-0.39718255410242664,6.15669958904071e-05
8,relu4_2,1.0965792912678099e-09,-0.39721781362598707,6.146595765947235e-05
8,relu4_2,1.116986818467825e-09,-0.39793672505826577,5.94392512790675e-05
8,relu4_2,1.1377741332214901e-09,-0.39861365927516595,5.758795421637628e-05
8,relu4_2,1.1589483034398119e-09,-0.39681764541965336,6.2621787090932e-05
8,relu4_2,1.180516528568803e-09,-0.39739959374947714,6.094750218610245e-05
8,relu4_2,1.2024861420374123e-09,-0.39766002549167323,6.021181935034489e-05
8,relu4_2,1.2248646137509333e-09,-0.3974578973536562,6.078207904052501e-05
8,relu4_2,1.2476595526308685e-09,-0.39883612884889713,5.699136493538636e-05
8,relu4_2,1.2708787092020595e-09,-0.3978621161614592,5.964665110400861e-05
8,relu4_2,1.2945299782279134e-09,-0.3974443322377056,6.082052957919045e-05
8,relu4_2,1.3186214013947485e-09,-0.3996649450655668,5.481907769232749e-05
8,relu4_2,1.3431611700460181e-09,-0.39838170362896524,5.8216174880148265e-05
8,relu4_2,1.3681576279674706e-09,-0.39602140547170694,6.498206455712386e-05
8,relu4_2,1.3936192742241434e-09,-0.3965924775620081,6.328101992624157e-05
8,relu4_2,1.4195547660500987e-09,-0.39738059391330927,6.100150040990409e-05
8,relu4_2,1.4459729217920195e-09,-0.39684337625500593,6.254686248759005e-05
8,relu4_2,1.4728827239075047e-09,-0.3979516744955303,5.939777530816916e-05
8,relu4_2,1.5002933220192166e-09,-0.39690856249740747,6.23574227518249e-05
8,relu4_2,1.5282140360258708e-09,-0.39719611908036734,6.152810635599097e-05
8,relu4_2,1.5566543592710589e-09,-0.3951668147595962,6.760730624098337e-05
8,relu4_2,1.5856239617711372e-09,-0.3973968543318784,6.095528496241534e-05
8,relu4_2,1.615132693503093e-09,-0.3955329922809599,6.647057329887185e-05
8,relu4_2,1.6451905877536607e-09,-0.3980100177568067,5.923616458724524e-05
8,relu4_2,1.6758078645307687e-09,-0.39679729788373813,6.268109545396891e-05
8,relu4_2,1.7069949340384045e-09,-0.39641069470134793,6.38179416627463e-05
8,relu4_2,1.7387624002162505e-09,-0.3958396212863016,6.553241365986868e-05
8,relu4_2,1.7711210643450904e-09,-0.3957975840947256,6.566029699707406e-05
8,relu4_2,1.8040819287193808e-09,-0.39620453205287354,6.443200519143295e-05
8,relu4_2,1.8376562003881724e-09,-0.3956090166613105,6.623681097733854e-05
8,relu4_2,1.8718552949655752e-09,-0.39814431732004557,5.88657105494872e-05
8,relu4_2,1.906690840512252e-09,-0.39721781362598707,6.146595765947235e-05
8,relu4_2,1.9421746814890284e-09,-0.39682173645606467,6.260986897773452e-05
8,relu4_2,1.9783188827841624e-09,-0.3977699327543653,5.9903836098980576e-05
8,relu4_2,2.0151357338155587e-09,-0.3976681961098427,6.0188872906960656e-05
8,relu4_2,2.052637752709248e-09,-0.3951993868694282,6.750546337276389e-05
8,relu4_2,2.09083769055575e-09,-0.39721103111401534,6.14853813398392e-05
8,relu4_2,2.129748535745523e-09,-0.39680408039570986,6.266132018957196e-05
8,relu4_2,2.1693835183851823e-09,-0.39762206744042233,6.031852801826324e-05
8,relu4_2,2.2097561147959033e-09,-0.3961570547910896,6.457419533730846e-05
8,relu4_2,2.250880052095457e-09,-0.39708759925684206,6.183986435378004e-05
8,relu4_2,2.2927693128656487e-09,-0.39646361027157184,6.366121183926813e-05
8,relu4_2,2.3354381399064818e-09,-0.39690856249740747,6.23574227518249e-05
8,relu4_2,2.378901041078891e-09,-0.396228974498101,6.435891599458056e-05
8,relu4_2,2.4231727942376006e-09,-0.396734909830385,6.286326846453693e-05
8,relu4_2,2.4682684522556873e-09,-0.3960783516147318,6.481054811442573e-05
8,relu4_2,2.5142033481427964e-09,-0.3944899059812063,6.975643635679748e-05
8,relu4_2,2.560993100258462e-09,-0.39717846550856034,6.157872199959359e-05
8,relu4_2,2.6086536176225453e-09,-0.3963971296774044,6.385817752432036e-05
8,relu4_2,2.657201105324507e-09,-0.39607432201232234,6.482267102633839e-05
8,relu4_2,2.7066520700332356e-09,-0.39684752051069394,6.253480280233586e-05
8,relu4_2,2.7570233256095828e-09,-0.39626966901790567,6.423740016279312e-05
8,relu4_2,2.8083319988231753e-09,-0.3967742591942807,6.274831105410525e-05
8,relu4_2,2.860595535175739e-09,-0.39690581807528624,6.236538761360109e-05
8,relu4_2,2.9138317048327884e-09,-0.3956361466171918,6.615357634458706e-05
8,relu4_2,2.9680586086655964e-09,-0.3951355824506575,6.770509427954701e-05
8,relu4_2,3.0232946844057765e-09,-0.3946106525501273,6.936847525174023e-05
8,relu4_2,3.0795587129142296e-09,-0.39553850901783677,6.645358443937657e-05
8,relu4_2,3.1368698245668734e-09,-0.39579489962018455,6.566847145230455e-05
8,relu4_2,3.1952475057592137e-09,-0.39604987844438183,6.489625387213409e-05
8,relu4_2,3.2547116055318414e-09,-0.39579080162875646,6.568095201501166e-05
8,relu4_2,3.3152823423194234e-09,-0.39684752051069394,6.253480280233586e-05
8,relu4_2,3.376980310825095e-09,-0.39710929343443896,6.177742345258382e-05
8,relu4_2,3.439826489022921e-09,-0.39543811339836155,6.676338751044943e-05
8,relu4_2,3.5038422452906756e-09,-0.39487382960695594,6.852983089221585e-05
8,relu4_2,3.5690493456752222e-09,-0.3948399173921151,6.863736388559697e-05
8,relu4_2,3.635469961293318e-09,-0.3960404097974815,6.492477837767405e-05
8,relu4_2,3.703126675869931e-09,-0.3963374932175801,6.403534843833737e-05
8,relu4_2,3.772042493416993e-09,-0.3945903051522199,6.94337108252575e-05
8,relu4_2,3.842240846055061e-09,-0.39526855174913317,6.728967971641355e-05
8,relu4_2,3.913745601980376e-09,-0.3963374932175801,6.403534843833737e-05
8,relu4_2,3.9865810735804386e-09,-0.3966576121075851,6.308966161305554e-05
8,relu4_2,4.060772025700369e-09,-0.39581658917953183,6.560245197486601e-05
8,relu4_2,4.13634368406327e-09,-0.3955832282407935,6.6316020163705e-05
8,relu4_2,4.2133217438472886e-09,-0.39630492507324017,6.413229661423753e-05
8,relu4_2,4.291732378422149e-09,-0.39566871724131203,6.60537783905364e-05
8,relu4_2,4.371602248248502e-09,-0.39545033725925055,6.672559508350513e-05
8,relu4_2,4.45295850994266e-09,-0.3953757303866007,6.695656718865807e-05
8,relu4_2,4.5358288255101815e-09,-0.3961421464420041,6.461890475255362e-05
8,relu4_2,4.620241371751313e-09,-0.39535538305769613,6.701968863763501e-05
8,relu4_2,4.706224849841272e-09,-0.39525498681719495,6.733194950683615e-05
8,relu4_2,4.793808495089107e-09,-0.39528755862801446,6.723049378888205e-05
8,relu4_2,4.883022086877885e-09,-0.39451980466630504,6.966018361924136e-05
8,relu4_2,4.9738959587900574e-09,-0.3953879544221379,6.691867242399658e-05
8,relu4_2,5.066461008921269e-09,-0.3949090810527692,6.841821754768285e-05
8,relu4_2,5.1607487103859185e-09,-0.39495655831455306,6.826816215474317e-05
8,relu4_2,5.256791122018419e-09,-0.3945876288659795,6.944229548573574e-05
8,relu4_2,5.354620899273613e-09,-0.39451980466630504,6.966018361924136e-05
8,relu4_2,5.454271305329825e-09,-0.39530790595691895,6.716718751824335e-05
8,relu4_2,5.555776222398878e-09,-0.3949891311374149,6.816539059133523e-05
8,relu4_2,5.659170163246254e-09,-0.39535538305769613,6.701968863763501e-05
8,relu4_2,5.7644882829258735e-09,-0.3945876288659795,6.944229548573574e-05
8,relu4_2,5.8717663907332614e-09,-0.39535538305769613,6.701968863763501e-05
8,relu4_2,5.981040962380932e-09,-0.3958762886597939,6.542105550396393e-05
8,relu4_2,6.092349152400712e-09,-0.3953879544221379,6.691867242399658e-05
8,relu4_2,6.205728806776513e-09,-0.3954096426014415,6.685148775090313e-05
8,relu4_2,6.321218475812448e-09,-0.3954096426014415,6.685148775090313e-05
8,relu4_2,6.4388574272404256e-09,-0.39532013022246343,6.712918107527436e-05
8,relu4_2,6.558685659571422e-09,-0.3954096426014415,6.685148775090313e-05
8,relu4_2,6.680743915695615e-09,-0.3955941101156516,6.628258571387233e-05
8,relu4_2,6.8050736967352206e-09,-0.39544221378187744,6.6750708162241e-05
8,relu4_2,6.9317172761554e-09,-0.3958979784951499,6.535526682496032e-05
8,relu4_2,7.06071771413778e-09,-0.39565515230937376,6.60953249477481e-05
8,relu4_2,7.192118872221178e-09,-0.39536216550066433,6.699864200192375e-05
8,relu4_2,7.32596542821523e-09,-0.39596170608776754,6.516232722808356e-05
8,relu4_2,7.462302891391123e-09,-0.39518037969153447,6.75648755455762e-05
8,relu4_2,7.601177617955322e-09,-0.39590476093811805,6.533470725591413e-05
8,relu4_2,7.742636826811278e-09,-0.39564702810532754,6.612021933814187e-05
8,relu4_2,7.88672861561414e-09,-0.39561989833345484,6.620341433198443e-05
8,relu4_2,8.033501977124735e-09,-0.39535538305769613,6.701968863763501e-05
8,relu4_2,8.183006815867407e-09,-0.3962154096581661,6.439946881492322e-05
8,relu4_2,8.335293965098187e-09,-0.39561989833345484,6.620341433198443e-05
8,relu4_2,8.490415204088756e-09,-0.39589253861829343,6.537176103646312e-05
8,relu4_2,8.648423275731709e-09,-0.3950569555670966,6.795185753209289e-05
8,relu4_2,8.80937190447399e-09,-0.395496473141617,6.658313645928183e-05
8,relu4_2,8.973315814583538e-09,-0.3948290304297227,6.86719188872184e-05
8,relu4_2,9.140310748756223e-09,-0.3945333695062399,6.961655515228946e-05
8,relu4_2,9.310413487069086e-09,-0.39437059142702124,7.014177928850991e-05
8,relu4_2,9.483681866285909e-09,-0.3939365165491048,7.156046253366352e-05
8,relu4_2,9.660174799522645e-09,-0.393808986060953,7.198231692196747e-05
8,relu4_2,9.839952296278247e-09,-0.3938917111573992,7.170841011820857e-05
8,relu4_2,1.0023075482838643e-08,-0.39384156266956055,7.187433818815459e-05
8,relu4_2,1.0209606623060476e-08,-0.39400434074877927,7.133704711948255e-05
8,relu4_2,1.0399609139541204e-08,-0.39384156266956055,7.187433818815459e-05
8,relu4_2,1.05931476351837e-08,-0.39384156266956055,7.187433818815459e-05
8,relu4_2,1.0790287915161835e-08,-0.3937737384698861,7.209931893775022e-05
8,relu4_2,1.099109700929496e-08,-0.39348887683125344,7.305141324009548e-05
8,relu4_2,1.1195643194838794e-08,-0.39348887683125344,7.305141324009548e-05
8,relu4_2,1.1403996019700331e-08,-0.39348887683125344,7.305141324009548e-05
8,relu4_2,1.1616226326085019e-08,-0.39348887683125344,7.305141324009548e-05
8,relu4_2,1.183240627458378e-08,-0.39348887683125344,7.305141324009548e-05
8,relu4_2,1.2052609368708414e-08,-0.39348887683125344,7.305141324009548e-05
8,relu4_2,1.2276910479883604e-08,-0.39345629902660806,7.316104049417783e-05
8,relu4_2,1.2505385872903913e-08,-0.393421052631579,7.327982018629678e-05
8,relu4_2,1.2738113231864785e-08,-0.39348887683125344,7.305141324009548e-05
8,relu4_2,1.2975171686575868e-08,-0.39348887683125344,7.305141324009548e-05
8,relu4_2,1.3216641839466038e-08,-0.39348887683125344,7.305141324009548e-05
8,relu4_2,1.346260579298911e-08,-0.39345629902660806,7.316104049417783e-05
8,relu4_2,1.3713147177539456e-08,-0.39348887683125344,7.305141324009548e-05
8,relu4_2,1.3968351179887397e-08,-0.39374116163127126,7.220761291355161e-05
8,relu4_2,1.422830457214352e-08,-0.3937737384698861,7.209931893775022e-05
8,relu4_2,1.4493095741262151e-08,-0.3937737384698861,7.209931893775022e-05
8,relu4_2,1.4762814719093911e-08,-0.39374116163127126,7.220761291355161e-05
8,relu4_2,1.5037553212997385e-08,-0.3937737384698861,7.209931893775022e-05
8,relu4_2,1.5317404637020797e-08,-0.3937059142702117,7.232495488024339e-05
8,relu4_2,1.560246414366368e-08,-0.39374116163127126,7.220761291355161e-05
8,relu4_2,1.5892828656229763e-08,-0.3937059142702117,7.232495488024339e-05
8,relu4_2,1.618859690178199e-08,-0.3937737384698861,7.209931893775022e-05
8,relu4_2,1.648986944471065e-08,-0.39374116163127126,7.220761291355161e-05
8,relu4_2,1.679674872092653e-08,-0.3937737384698861,7.209931893775022e-05
8,relu4_2,1.7109339072690134e-08,-0.3937059142702117,7.232495488024339e-05
8,relu4_2,1.7427746784089175e-08,-0.3937059142702117,7.232495488024339e-05
8,relu4_2,1.775208011717636e-08,-0.39374116163127126,7.220761291355161e-05
8,relu4_2,1.8082449348779518e-08,-0.3937059142702117,7.232495488024339e-05
8,relu4_2,1.841896680799711e-08,-0.39374116163127126,7.220761291355161e-05
8,relu4_2,1.8761746914391196e-08,-0.39382255094688934,7.193733629415691e-05
8,relu4_2,1.911090621689136e-08,-0.3938361158328257,7.189238182386203e-05
8,relu4_2,1.946656343342263e-08,-0.3938008681497559,7.200924811279761e-05
8,relu4_2,1.9828839491270715e-08,-0.3938008681497559,7.200924811279761e-05
8,relu4_2,2.0197857568198784e-08,-0.3938008681497559,7.200924811279761e-05
8,relu4_2,2.0573743134329116e-08,-0.39386869234943034,7.17845289504296e-05
8,relu4_2,2.095662399480431e-08,-0.3938361158328257,7.189238182386203e-05
8,relu4_2,2.1346630333242455e-08,-0.3938008681497559,7.200924811279761e-05
8,relu4_2,2.17438947560008e-08,-0.3926831005282365,7.580828941907593e-05
8,relu4_2,2.2148552337263593e-08,-0.39256646771568104,7.621526158218593e-05
8,relu4_2,2.256074066496859e-08,-0.39256646771568104,7.621526158218593e-05
8,relu4_2,2.2980599887588488e-08,-0.3926152760985548,7.604470560438161e-05
8,relu4_2,2.3408272761782943e-08,-0.39260171121261844,7.609207107051342e-05
8,relu4_2,2.3843904700937205e-08,-0.3926152760985548,7.604470560438161e-05
8,relu4_2,2.4287643824604505e-08,-0.3924850786760717,7.650045903626736e-05
8,relu4_2,2.4739641008868117e-08,-0.39262205854152293,7.602103315815532e-05
8,relu4_2,2.5200049937640895e-08,-0.3925800325556159,7.616782494382518e-05
8,relu4_2,2.566902715491952e-08,-0.3926152760985548,7.604470560438161e-05
8,relu4_2,2.614673211801092e-08,-0.3924850786760717,7.650045903626736e-05
8,relu4_2,2.6633327251749808e-08,-0.3924850786760717,7.650045903626736e-05
8,relu4_2,2.7128978003724646e-08,-0.3924850786760717,7.650045903626736e-05
8,relu4_2,2.763385290053167e-08,-0.3924850786760717,7.650045903626736e-05
8,relu4_2,2.8148123605075813e-08,-0.3924850786760717,7.650045903626736e-05
8,relu4_2,2.8671964974937697e-08,-0.3924850786760717,7.650045903626736e-05
8,relu4_2,2.9205555121827452e-08,-0.3924850786760717,7.650045903626736e-05
8,relu4_2,2.9749075472144435e-08,-0.3924850786760717,7.650045903626736e-05
8,relu4_2,3.030271082866393e-08,-0.3924850786760717,7.650045903626736e-05
8,relu4_2,3.0866649433372746e-08,-0.3924850786760717,7.650045903626736e-05
8,relu4_2,3.144108303147265e-08,-0.3924850786760717,7.650045903626736e-05
8,relu4_2,3.2026206936576504e-08,-0.3926356234274593,7.597370883025942e-05
8,relu4_2,3.262222009711673e-08,-0.3927835051546393,7.54595632272604e-05
8,relu4_2,3.322932516398968e-08,-0.3927835051546393,7.54595632272604e-05
8,relu4_2,3.384772855945983e-08,-0.3924850786760717,7.650045903626736e-05
8,relu4_2,3.447764054734464e-08,-0.3924850786760717,7.650045903626736e-05
8,relu4_2,3.5119275304507276e-08,-0.39259359739555083,7.612041577236278e-05
8,relu4_2,3.577285099367877e-08,-0.39259359739555083,7.612041577236278e-05
8,relu4_2,3.6438589837635405e-08,-0.39259359739555083,7.612041577236278e-05
8,relu4_2,3.711671819475767e-08,-0.39259359739555083,7.612041577236278e-05
8,relu4_2,3.780746663599349e-08,-0.3923765599565926,7.688226674194848e-05
8,relu4_2,3.851107002325569e-08,-0.3923765599565926,7.688226674194848e-05
8,relu4_2,3.9227767589277236e-08,-0.3916169289202388,7.960496053247831e-05
8,relu4_2,3.995780301895265e-08,-0.3916169289202388,7.960496053247831e-05
8,relu4_2,4.070142453219439e-08,-0.3916169289202388,7.960496053247831e-05
8,relu4_2,4.1458884968329114e-08,-0.3918610960390668,7.872018095384405e-05
8,relu4_2,4.223044187206672e-08,-0.3918610960390668,7.872018095384405e-05
8,relu4_2,4.3016357581067994e-08,-0.3918610960390668,7.872018095384405e-05
8,relu4_2,4.381689931514195e-08,-0.39116928920238747,8.125112197770327e-05
8,relu4_2,4.4632339267103976e-08,-0.39154910472056437,7.98523689123092e-05
8,relu4_2,4.546295469532399e-08,-0.39154910472056437,7.98523689123092e-05
8,relu4_2,4.630902801799737e-08,-0.3917525773195877,7.911228105956519e-05
8,relu4_2,4.717084690917022e-08,-0.39192892023874126,7.847603704438241e-05
8,relu4_2,4.804870439655134e-08,-0.39192892023874126,7.847603704438241e-05
8,relu4_2,4.8942898961145316e-08,-0.39192892023874126,7.847603704438241e-05
8,relu4_2,4.9853734638738935e-08,-0.3915355398806295,7.990193632167439e-05
8,relu4_2,5.0781521123276706e-08,-0.3915355398806295,7.990193632167439e-05
8,relu4_2,5.172657387216024e-08,-0.39169831795984816,7.930901154720224e-05
8,relu4_2,5.268921421350677e-08,-0.39169831795984816,7.930901154720224e-05
8,relu4_2,5.366976945540476e-08,-0.3910336408030386,8.175617398856973e-05
8,relu4_2,5.4668572997201804e-08,-0.3910336408030386,8.175617398856973e-05
8,relu4_2,5.568596444286409e-08,-0.3910336408030386,8.175617398856973e-05
8,relu4_2,5.6722289716445493e-08,-0.3915219750406946,7.995153234419251e-05
8,relu4_2,5.777790117970507e-08,-0.39064026044492683,8.323738111372226e-05
8,relu4_2,5.885315775191451e-08,-0.39064026044492683,8.323738111372226e-05
8,relu4_2,5.99484250318941e-08,-0.39049104720564304,8.380571628067637e-05
8,relu4_2,6.106407542232036e-08,-0.39049104720564304,8.380571628067637e-05
8,relu4_2,6.220048825634717e-08,-0.3902875746066197,8.458653434524079e-05
8,relu4_2,6.335804992658255e-08,-0.38956863809007064,8.739991939443257e-05
8,relu4_2,6.453715401646702e-08,-0.3890938686923495,8.930523674861876e-05
8,relu4_2,6.573820143409585e-08,-0.3890938686923495,8.930523674861876e-05
8,relu4_2,6.696160054853215e-08,-0.38936516549104727,8.821180978049795e-05
8,relu4_2,6.820776732865692e-08,-0.3895550732501357,8.745382858757798e-05
8,relu4_2,6.94771254846024e-08,-0.3895550732501357,8.745382858757798e-05
8,relu4_2,7.077010661181889e-08,-0.3895550732501357,8.745382858757798e-05
8,relu4_2,7.208715033782136e-08,-0.3895550732501357,8.745382858757798e-05
8,relu4_2,7.342870447166758e-08,-0.3895550732501357,8.745382858757798e-05
8,relu4_2,7.479522515621828e-08,-0.38906673901247973,8.941526944699739e-05
8,relu4_2,7.618717702323e-08,-0.3892566467715682,8.864767879601668e-05
8,relu4_2,7.760503335133571e-08,-0.3892566467715682,8.864767879601668e-05
8,relu4_2,7.90492762269642e-08,-0.3892566467715682,8.864767879601668e-05
8,relu4_2,8.05203967082547e-08,-0.3891074335322844,8.925026760153018e-05
8,relu4_2,8.201889499202212e-08,-0.3891074335322844,8.925026760153018e-05
8,relu4_2,8.354528058382872e-08,-0.38956863809007064,8.739991939443257e-05
8,relu4_2,8.510007247122247e-08,-0.38977211068909395,8.659497913247439e-05
8,relu4_2,8.668379930019774e-08,-0.39049104720564304,8.380571628067637e-05
8,relu4_2,8.829699955494083e-08,-0.39049104720564304,8.380571628067637e-05
8,relu4_2,8.994022174092053e-08,-0.3893516006511124,8.826618426712879e-05
8,relu4_2,9.161402457138521e-08,-0.3893516006511124,8.826618426712879e-05
8,relu4_2,9.331897715733239e-08,-0.3893516006511124,8.826618426712879e-05
8,relu4_2,9.505565920101191e-08,-0.3893516006511124,8.826618426712879e-05
8,relu4_2,9.682466119303114e-08,-0.38954150841020085,8.750776868626876e-05
8,relu4_2,9.86265846131283e-08,-0.38989419424850796,8.611532829313001e-05
8,relu4_2,1.0046204213468132e-07,-0.38989419424850796,8.611532829313001e-05
8,relu4_2,1.023316578330245e-07,-0.38856483993488883,9.147373820176778e-05
8,relu4_2,1.0423606739764012e-07,-0.38856483993488883,9.147373820176778e-05
8,relu4_2,1.061759183482999e-07,-0.38856483993488883,9.147373820176778e-05
8,relu4_2,1.0815187025522893e-07,-0.38864754696217435,9.113152425901071e-05
8,relu4_2,1.1016459496336569e-07,-0.38830710797612594,9.254782029252471e-05
8,relu4_2,1.1221477682079802e-07,-0.3875339120998373,9.584078713431151e-05
8,relu4_2,1.1430311291144787e-07,-0.3866386326641346,9.978954701290282e-05
8,relu4_2,1.1643031329208756e-07,-0.386720021703744,9.942442103367833e-05
8,relu4_2,1.1859710123376706e-07,-0.386720021703744,9.942442103367833e-05
8,relu4_2,1.208042134677329e-07,-0.3860824742268042,0.00010231809804165888
8,relu4_2,1.2305240043592615e-07,-0.38650298426478574,0.00010040085884734994
8,relu4_2,1.2534242654613995e-07,-0.3864975125412639,0.00010042559048601286
8,relu4_2,1.2767507043192645e-07,-0.3855670103092784,0.00010471463302831485
8,relu4_2,1.3005112521734099e-07,-0.3855941399891482,0.00010458721145874092
8,relu4_2,1.3247139878661174e-07,-0.38575691806836687,0.00010382570017963559
8,relu4_2,1.3493671405883065e-07,-0.3857026587086273,0.00010407896338103295
8,relu4_2,1.3744790926775367e-07,-0.38269126424308203,0.00011906897514622045
8,relu4_2,1.400058382468096e-07,-0.38269126424308203,0.00011906897514622045
8,relu4_2,1.4261137071941298e-07,-0.38275908844275647,0.0001187103854824444
8,relu4_2,1.4526539259467813e-07,-0.38275908844275647,0.0001187103854824444
8,relu4_2,1.4796880626863963e-07,-0.38228431904503535,0.00012124170031175241
8,relu4_2,1.5072253093107556e-07,-0.38228431904503535,0.00012124170031175241
8,relu4_2,1.5352750287804213e-07,-0.38155181768855134,0.00012524553577785845
8,relu4_2,1.563846758302248e-07,-0.38114487249050466,0.00012752252771127204
8,relu4_2,1.592950212572123e-07,-0.38114487249050466,0.00012752252771127204
8,relu4_2,1.6225952870780872e-07,-0.3810227889310907,0.00012821307364077763
8,relu4_2,1.6527920614648973e-07,-0.3811313076505698,0.00012759908438011127
8,relu4_2,1.6835508029612007e-07,-0.38086001085187204,0.00012913919549979898
8,relu4_2,1.714881969870541e-07,-0.38141616928920247,0.00012600030986658652
8,relu4_2,1.7467962151272458e-07,-0.38149755832881177,0.00012554694086104896
8,relu4_2,1.7793043899185772e-07,-0.3810227889310907,0.00012821307364077763
8,relu4_2,1.8124175473742396e-07,-0.38086001085187204,0.00012913919549979898
8,relu4_2,1.8461469463245456e-07,-0.3810499186109605,0.00012805932003663405
8,relu4_2,1.8805040551285834e-07,-0.38007325013564847,0.00013370352666927288
8,relu4_2,1.915500555573528e-07,-0.3800325556158438,0.00013394363198139032
8,relu4_2,1.9511483468466165e-07,-0.3800325556158438,0.00013394363198139032
8,relu4_2,1.9874595495809857e-07,-0.3799104720564298,0.00013466634808081556
8,relu4_2,2.0244465099768018e-07,-0.3796663049376018,0.00013612263587726997
8,relu4_2,2.0621218039991447e-07,-0.3797218520160604,0.00013579005924056146
8,relu4_2,2.1004982416539152e-07,-0.3785891840403757,0.00014272281445910624
8,relu4_2,2.1395888713434216e-07,-0.37901519262072714,0.00014007773442566477
8,relu4_2,2.179406984302958e-07,-0.3790830168204016,0.0001396608312198468
8,relu4_2,2.2199661191199526e-07,-0.37925935973955516,0.00013858225790648796
8,relu4_2,2.2612800663372794e-07,-0.3788931090613131,0.00014083106761128154
8,relu4_2,2.3033628731421313e-07,-0.37948996201844826,0.00013718346189857194
8,relu4_2,2.3462288481422625e-07,-0.3789609332609876,0.0001404120869816651
8,relu4_2,2.389892566231053e-07,-0.37837764514378736,0.0001440533814329526
8,relu4_2,2.434368873543108e-07,-0.37695333695062405,0.0001533157168946619
8,relu4_2,2.47967289250216e-07,-0.3770889853499729,0.0001524103930386774
8,relu4_2,2.5258200269627846e-07,-0.3753391209983723,0.00016447818907476514
8,relu4_2,2.572825967447932e-07,-0.37622083559414005,0.0001582911188483865
8,relu4_2,2.620706696483855e-07,-0.3749593054801954,0.00016721174660256402
8,relu4_2,2.669478494034318e-07,-0.3749864351600652,0.00016701510674289942
8,relu4_2,2.7191579430360187e-07,-0.37467444384156273,0.00016928944141097522
8,relu4_2,2.769761935036891e-07,-0.3726532826912643,0.00018473141534575255
8,relu4_2,2.8213076759394705e-07,-0.37217851329354323,0.00018854286826765527
8,relu4_2,2.8738126918510695e-07,-0.37065925122083565,0.00020123364972255531
8,relu4_2,2.927294835042813e-07,-0.37129679869777543,0.00019581485973345708
8,relu4_2,2.9817722900196733e-07,-0.3709441128594683,0.00019879558413689872
8,relu4_2,3.0372635797033114e-07,-0.3700352685838308,0.00020667104878710924
8,relu4_2,3.0937875717301365e-07,-0.3689907759088443,0.00021607753471841076
8,relu4_2,3.1513634848664826e-07,-0.368909386869235,0.00021682686986809757
8,relu4_2,3.2100108955431685e-07,-0.3686109603906675,0.00021959501701307856
8,relu4_2,3.2697497445117677e-07,-0.36909929462832347,0.00021508214218875143
8,relu4_2,3.3306003436245885e-07,-0.3702116115029843,0.00020512078935257152
8,relu4_2,3.3925833827409916e-07,-0.3702116115029843,0.00020512078935257152
8,relu4_2,3.455719936762143e-07,-0.3682311448724906,0.00022316532238523436
8,relu4_2,3.520031472796675e-07,-0.36728160607704835,0.0002323269340441601
8,relu4_2,3.585539857459817e-07,-0.3669831795984808,0.0002352772384956565
8,relu4_2,3.6522673643081754e-07,-0.3669831795984808,0.0002352772384956565
8,relu4_2,3.7202366814130657e-07,-0.3670645686380901,0.00023446919859755228
8,relu4_2,3.7894709190746713e-07,-0.3660472056429735,0.0002447562995568114
8,relu4_2,3.8599936176797634e-07,-0.3655588714053175,0.00024984064100578576
8,relu4_2,3.9318287557057704e-07,-0.36469072164948463,0.00025912079861817625
8,relu4_2,4.005000757873611e-07,-0.36451437873033105,0.0002610442600275733
8,relu4_2,4.079534503452449e-07,-0.3646500271296799,0.00025956351030856367
8,relu4_2,4.1554553347188797e-07,-0.3642973412913728,0.00026342967513343253
8,relu4_2,4.232789065573544e-07,-0.3633478024959306,0.0002741041295913024
8,relu4_2,4.3115619903182285e-07,-0.36296798697775373,0.0002784844923387071
8,relu4_2,4.391800892596086e-07,-0.36296798697775373,0.0002784844923387071
8,relu4_2,4.473533054498463e-07,-0.36283233857840486,0.00028006448408204074
8,relu4_2,4.556786265841069e-07,-0.3626424308193164,0.0002822903587158477
8,relu4_2,4.6415888336127725e-07,-0.3627916440586002,0.0002805400906012679
8,relu4_2,4.7279695916003907e-07,-0.36222192078133486,0.00028727723551765037
8,relu4_2,4.815957910192351e-07,-0.3605127509495389,0.00030839369389407465
8,relu4_2,4.905583706365046e-07,-0.35953608247422686,0.00032109311256597027
8,relu4_2,4.996877453854889e-07,-0.35851871947911024,0.0003348323438109437
8,relu4_2,5.089870193519674e-07,-0.35834237655995665,0.00033726812952072867
8,relu4_2,5.184593543892913e-07,-0.3585051546391753,0.0003350191354371002
8,relu4_2,5.281079711934331e-07,-0.35694519804666314,0.0003571513872974266
8,relu4_2,5.379361503980697e-07,-0.3568502441671189,0.000358541056165658
8,relu4_2,5.479472336900293e-07,-0.35740640260444934,0.000350471787441872
8,relu4_2,5.581446249454955e-07,-0.35750135648399356,0.0003491109264043863
8,relu4_2,5.685317913873753e-07,-0.3584373304395009,0.0003359545332696938
8,relu4_2,5.791122647641759e-07,-0.3599701573521433,0.0003153906205662834
8,relu4_2,5.898896425508493e-07,-0.35860010851871954,0.0003337136058959652
8,relu4_2,6.008675891719693e-07,-0.3581524688008682,0.0003399095165208861
8,relu4_2,6.12049837247669e-07,-0.3581524688008682,0.0003399095165208861
8,relu4_2,6.234401888627864e-07,-0.35644329896907223,0.00036455330796803973
8,relu4_2,6.350425168595962e-07,-0.35476125881714604,0.00039040085564412576
8,relu4_2,6.468607661546321e-07,-0.3533233857840478,0.0004138208232510089
8,relu4_2,6.588989550799957e-07,-0.3537167661421596,0.0004072884140668463
8,relu4_2,6.711611767496273e-07,-0.35326912642430824,0.000414729362003437
8,relu4_2,6.836516004510239e-07,-0.3531470428648943,0.0004167802793141563
8,relu4_2,6.963744730628223e-07,-0.35103092783505163,0.0004538430133270369
8,relu4_2,7.09334120498799e-07,-0.35042051003798164,0.00046508314419254157
8,relu4_2,7.225349491787222e-07,-0.3481958762886599,0.0005082444206434908
8,relu4_2,7.359814475265756e-07,-0.347205642973413,0.0005286131315167
8,relu4_2,7.496781874966877e-07,-0.3456592512208357,0.0005619229213188349
8,relu4_2,7.636298261282241e-07,-0.3457135105805752,0.0005607223297645074
8,relu4_2,7.778411071286482e-07,-0.34450623982637013,0.0005879988987937567
8,relu4_2,7.923168624866261e-07,-0.3452251763429192,0.0005716127832985233
8,relu4_2,8.070620141149491e-07,-0.3457677699403148,0.0005595240890769056
8,relu4_2,8.220815755240541e-07,-0.3440586001085188,0.0005984177474038237
8,relu4_2,8.373806535266489e-07,-0.3417254476397179,0.0006555110663062756
8,relu4_2,8.529644499741017e-07,-0.3403282691264244,0.0006920435747930803
8,relu4_2,8.688382635251193e-07,-0.3395957677699404,0.0007119316797535256
8,relu4_2,8.850074914473439e-07,-0.3385784047748237,0.0007404212873658207
8,relu4_2,9.014776314524917e-07,-0.3358518719479111,0.0008219864584836736
8,relu4_2,9.182542835656282e-07,-0.3349837221920782,0.0008496296514414481
8,relu4_2,9.353431520292377e-07,-0.33539066739012485,0.0008365679811978495
8,relu4_2,9.5275004724273e-07,-0.33483450895279443,0.0008544653664518788
8,relu4_2,9.704808877380307e-07,-0.3346174715138362,0.0008615439696638844
8,relu4_2,9.885417021919574e-07,-0.33332881172002177,0.0009046864796519966
8,relu4_2,1.0069386314760271e-06,-0.3337764514378731,0.0008894817650026009
8,relu4_2,1.0256779307444208e-06,-0.3344682582745524,0.0008664414983695913
8,relu4_2,1.0447659715608053e-06,-0.3340070537167662,0.0008817403221746264
8,relu4_2,1.0642092440647247e-06,-0.3338307107976127,0.0008876546930599254
8,relu4_2,1.084014359178331e-06,-0.3329896907216495,0.0009163625653670606
8,relu4_2,1.10418805085416e-06,-0.33303038524145423,0.0009149542174718497
8,relu4_2,1.1247371783647508e-06,-0.3324335322843191,0.0009358090847105696
8,relu4_2,1.1456687286348725e-06,-0.33228431904503536,0.0009410900555761643
8,relu4_2,1.1669898186171475e-06,-0.33385784047748246,0.0008867424412043381
8,relu4_2,1.1887076977119033e-06,-0.3346310363537711,0.0008610999944887952
8,relu4_2,1.2108297502320394e-06,-0.3346310363537711,0.0008610999944887952
8,relu4_2,1.2333634979137747e-06,-0.3336001085187195,0.0008954434606494659
8,relu4_2,1.2563166024741214e-06,-0.3314161692892025,0.000972358157092699
8,relu4_2,1.2796968682159416e-06,-0.33132121540965825,0.0009758349119139462
8,relu4_2,1.303512244681509e-06,-0.3304801953336951,0.001007127040054583
8,relu4_2,1.327770829355429e-06,-0.33117200217037446,0.0009813212717990289
8,relu4_2,1.352480870417874e-06,-0.33010037981551826,0.0010215562711327064
8,relu4_2,1.377650769549055e-06,-0.33058871405317425,0.0010030386321501523
8,relu4_2,1.4032890847858731e-06,-0.3317010309278351,0.0009619954987873733
8,relu4_2,1.4294045334317611e-06,-0.3335729788388498,0.0008963638719235394
8,relu4_2,1.4560059950206485e-06,-0.3346310363537711,0.0008610999944887952
8,relu4_2,1.483102514336103e-06,-0.33526858383071084,0.0008404671095582336
8,relu4_2,1.5107033044866557e-06,-0.332813347802496,0.0009224882729568411
8,relu4_2,1.5388177500383465e-06,-0.33096852957135114,0.000988847959562925
8,relu4_2,1.567455410205595e-06,-0.3306836679327185,0.0009994736812507766
8,relu4_2,1.596626022101425e-06,-0.3309956592512209,0.0009878413720111688
8,relu4_2,1.6263395040481906e-06,-0.3304530656538254,0.0010081515106041715
8,relu4_2,1.6566059589499152e-06,-0.32901519262072715,0.001063826026134833
8,relu4_2,1.6874356777273756e-06,-0.32782148670645694,0.0011121566447598516
8,relu4_2,1.7188391428171457e-06,-0.32721106890938695,0.0011376353895223366
8,relu4_2,1.7508270317357268e-06,-0.3281199131850245,0.0010998902700887453
8,relu4_2,1.7834102207100063e-06,-0.3283505154639176,0.0010904961553486932
8,relu4_2,1.8165997883753285e-06,-0.3292322300596854,0.0010552468511826002
8,relu4_2,1.850407019542302e-06,-0.3280927835051547,0.0011010002870364003
8,relu4_2,1.8848434090337953e-06,-0.3257867607162236,0.0011991628380785232
8,relu4_2,1.919920665593287e-06,-0.32417254476397184,0.0012725392819329918
8,relu4_2,1.955650715865947e-06,-0.3238198589256647,0.0012891042066812098
8,relu4_2,1.992045708453871e-06,-0.3218936516549105,0.0013830792018669404
8,relu4_2,2.029118018046678e-06,-0.3214867064568639,0.0014037113817415006
8,relu4_2,2.066880249629082e-06,-0.3200217037438959,0.0014803198377964432
8,relu4_2,2.1053452427667084e-06,-0.32117471513836143,0.001419718036650316
8,relu4_2,2.144526075971665e-06,-0.3227753662506783,0.001339317022927648
8,relu4_2,2.1844360711494283e-06,-0.3203472599023332,0.0014629754570953646
8,relu4_2,2.2250887981283694e-06,-0.32088985349972876,0.0014344772058988652
8,relu4_2,2.266498079273693e-06,-0.31995387954422144,0.0014839566296288437
8,relu4_2,2.308677994187172e-06,-0.31733586543678793,0.0016306805225986217
8,relu4_2,2.351642884494346e-06,-0.31705100379815526,0.0016474128981473545
8,relu4_2,2.3954073587208794e-06,-0.3167932718393924,0.0016626854837123524
8,relu4_2,2.43998629725955e-06,-0.3154232230059686,0.001746043846828578
8,relu4_2,2.4853948574297983e-06,-0.3125746066196419,0.0019315792094330908
8,relu4_2,2.531648478631358e-06,-0.3118963646228975,0.0019783001945811894
8,relu4_2,2.5787628875937984e-06,-0.31185567010309284,0.0019811356402246504
8,relu4_2,2.6267541037238384e-06,-0.3127509495387955,0.0019195961682016527
8,relu4_2,2.6756384445520452e-06,-0.3121134020618557,0.001963239620960182
8,relu4_2,2.725432531281028e-06,-0.3124253933803582,0.0019417714428220031
8,relu4_2,2.776153294436804e-06,-0.3119370591427022,0.0019754684143358106
8,relu4_2,2.827817979625338e-06,-0.3125339120998373,0.001934354105471473
8,relu4_2,2.880444153396298e-06,-0.3125067824199675,0.0019362060363017706
8,relu4_2,2.934049709215787e-06,-0.3143380358111775,0.0018147335155392903
8,relu4_2,2.9886528735503824e-06,-0.31294085729788396,0.0019067665020477916
8,relu4_2,3.0442722120643057e-06,-0.3120184481823115,0.001969815833410917
8,relu4_2,3.1009266359319234e-06,-0.3109196961475855,0.0020473721622926706
8,relu4_2,3.158635408267819e-06,-0.3079218665219751,0.00227319236777751
8,relu4_2,3.2174181506763714e-06,-0.30632121540965823,0.0024027444904688063
8,relu4_2,3.277294849923382e-06,-0.30595496473141626,0.002433306927676927
8,relu4_2,3.3382858647317643e-06,-0.3046798697775367,0.002542459285177509
8,relu4_2,3.4004119327037024e-06,-0.304395008138904,0.002567438460516941
8,relu4_2,3.4636941773717343e-06,-0.3055480195333696,0.0024676753633441
8,relu4_2,3.5281541153808832e-06,-0.3038659793814434,0.0026144148682659524
8,relu4_2,3.5938136638046257e-06,-0.3029028757460663,0.0027019249942208147
8,relu4_2,3.660695147596906e-06,-0.3028621812262616,0.0027056799203430165
8,relu4_2,3.72882130718283e-06,-0.3013022246337494,0.0028532031503166527
8,relu4_2,3.7982153061907363e-06,-0.3004612045577863,0.0029356996039540677
8,relu4_2,3.868900739327975e-06,-0.29936245252306026,0.003046701740457675
8,relu4_2,3.9409016404034476e-06,-0.2989962018448183,0.003084530803849162
8,relu4_2,4.014242490499326e-06,-0.2983315246880087,0.0031542613040509283
8,relu4_2,4.088948226294856e-06,-0.29978296256104187,0.0030037821635653214
8,relu4_2,4.1650442485451855e-06,-0.29639175257731964,0.003365915372438636
8,relu4_2,4.242556430717777e-06,-0.2961475854584916,0.003393439395454365
8,relu4_2,4.321511127789762e-06,-0.29628323385784056,0.0033781234838613904
8,relu4_2,4.401935185208879e-06,-0.293054801953337,0.0037599474078516618
8,relu4_2,4.483855948021182e-06,-0.29371947911014656,0.0036783212766625835
8,relu4_2,4.567301270168747e-06,-0.2900569723277266,0.004148581617230095
8,relu4_2,4.652299523960189e-06,-0.28997558328811723,0.004159615281409506
8,relu4_2,4.738879609717651e-06,-0.28901247965274013,0.004292183450478057
8,relu4_2,4.827070965603188e-06,-0.2854856212696691,0.004810404174979025
8,relu4_2,4.916903577628021e-06,-0.2873168746608791,0.004534762531987502
8,relu4_2,5.008407989848212e-06,-0.28651654910472063,0.0046534475862707765
8,relu4_2,5.101615314749834e-06,-0.28803581117742816,0.00443045537661518
8,relu4_2,5.1965572438276574e-06,-0.2906402604449268,0.004070268616366965
8,relu4_2,5.293266058360567e-06,-0.29371947911014656,0.0036783212766625835
8,relu4_2,5.391774640387494e-06,-0.2927428106348346,0.003798817325953909
8,relu4_2,5.492116483887789e-06,-0.29222734671730877,0.003863824807008572
8,relu4_2,5.594325706169378e-06,-0.2903011394465546,0.00411563721710271
8,relu4_2,5.698437059469136e-06,-0.2877780792186653,0.004467599911628835
8,relu4_2,5.804485942768984e-06,-0.28983993488876836,0.004178062942662418
8,relu4_2,5.912508413831869e-06,-0.28785946825827463,0.0044558401765058386
8,relu4_2,6.022541201461928e-06,-0.28882257189365174,0.004318764181989152
8,relu4_2,6.134621717992506e-06,-0.29080303852414546,0.004048650742537795
8,relu4_2,6.248788072006888e-06,-0.28952794357026596,0.004220769971477091
8,relu4_2,6.365079081295578e-06,-0.2877780792186653,0.004467599911628835
8,relu4_2,6.483534286054714e-06,-0.2865301139446555,0.004651413141055754
8,relu4_2,6.604193962330305e-06,-0.2837628865979382,0.005083226423421016
8,relu4_2,6.727099135712336e-06,-0.28232501356483997,0.005321382780494439
8,relu4_2,6.852291595284057e-06,-0.28057514921323934,0.005624554026537719
8,relu4_2,6.979813907830667e-06,-0.28016820401519266,0.005697218980151088
8,relu4_2,7.109709432312424e-06,-0.28081931633206736,0.0055813509998366906
8,relu4_2,7.242022334607315e-06,-0.27892023874118294,0.0059252799919592486
8,relu4_2,7.376797602527731e-06,-0.28273195876288665,0.005252994081282919
8,relu4_2,7.514081061116962e-06,-0.28104991861096046,0.005540818906340996
8,relu4_2,7.653919388230155e-06,-0.2795713510580576,0.005805301235114278
8,relu4_2,7.796360130405221e-06,-0.284400434074878,0.0049806969762299
8,relu4_2,7.94145171902934e-06,-0.2853228431904504,0.004835613012995645
8,relu4_2,8.089243486805938e-06,-0.2885919696147586,0.004351238128913675
8,relu4_2,8.239785684528512e-06,-0.2883613673358655,0.0043839296901442585
8,relu4_2,8.393129498166374e-06,-0.28537710255018994,0.0048271970308159315
8,relu4_2,8.549327066268366e-06,-0.28334237655995664,0.005151875438025104
8,relu4_2,8.708431497690725e-06,-0.2821893651654911,0.0053443541868572085
8,relu4_2,8.870496889654403e-06,-0.2825963103635378,0.005275703013551499
8,relu4_2,9.035578346138921e-06,-0.28204015192620735,0.005369724459156003
8,relu4_2,9.20373199661823e-06,-0.2803852414541509,0.005658361331401875
8,relu4_2,9.37501501514529e-06,-0.2772110689093869,0.006250748216716695
8,relu4_2,9.549485639791967e-06,-0.27892023874118294,0.0059252799919592486
8,relu4_2,9.727203192450538e-06,-0.28075149213239287,0.005593322190937804
8,relu4_2,9.908228099003787e-06,-0.2812940857297884,0.0054981876277281965
8,relu4_2,1.0092621909870484e-05,-0.27833695062398267,0.0060346226388895375
8,relu4_2,1.0280447320933097e-05,-0.27894736842105267,0.005920237317020621
8,relu4_2,1.0471768194855202e-05,-0.27618014107433536,0.006454630324909273
8,relu4_2,1.0666649582795388e-05,-0.27489148128052093,0.00671774616910168
8,relu4_2,1.0865157746525373e-05,-0.2741861096039067,0.00686574771789969
8,relu4_2,1.1067360180959745e-05,-0.27270754205100384,0.007185366966310542
8,relu4_2,1.1273325637104872e-05,-0.27487791644058607,0.006720565529854648
8,relu4_2,1.148312414543511e-05,-0.27512208355941403,0.006669976816376489
8,relu4_2,1.1696827039703846e-05,-0.2745659251220836,0.0067857002962073915
8,relu4_2,1.1914506981197747e-05,-0.2717715680954965,0.0073944217967998995
8,relu4_2,1.2136237983442418e-05,-0.2718529571351059,0.0073760323800818465
8,relu4_2,1.2362095437367691e-05,-0.27344004340748784,0.0070254174104937405
8,relu4_2,1.259215613694151e-05,-0.27437601736299516,0.006825620265270331
8,relu4_2,1.28264983052806e-05,-0.27487791644058607,0.006720565529854648
8,relu4_2,1.3065201621247199e-05,-0.27551546391752585,0.0065891810619698715
8,relu4_2,1.330834724654076e-05,-0.27779435702658717,0.006137938508544065
8,relu4_2,1.355601785329369e-05,-0.27486435160065115,0.006723385936998287
8,relu4_2,1.3808297652180924e-05,-0.2706863809007054,0.0076435088451585025
8,relu4_2,1.4065272421052364e-05,-0.2689229517091699,0.008064076215384516
8,relu4_2,1.4327029534098295e-05,-0.2707813347802496,0.007621422096036815
8,relu4_2,1.4593657991557576e-05,-0.27181226261530117,0.007385222036778193
8,relu4_2,1.4865248449978572e-05,-0.2713239283776452,0.007496288655589111
8,relu4_2,1.514189325304352e-05,-0.2711611502984265,0.007533636970453264
8,relu4_2,1.5423686462966275e-05,-0.2691128594682583,0.008017825488877861
8,relu4_2,1.5710723892474488e-05,-0.26711882799782966,0.008515312999740959
8,relu4_2,1.6003103137387017e-05,-0.2651519262072708,0.009032434602216201
8,relu4_2,1.630092360979741e-05,-0.2643109061313077,0.009261838728797003
8,relu4_2,1.6604286571875295e-05,-0.2628865979381444,0.009662026760833196
8,relu4_2,1.691329517029647e-05,-0.2618014107433533,0.009977032927687287
8,relu4_2,1.7228054471313922e-05,-0.2625881714595768,0.00974777175426474
8,relu4_2,1.754867149648152e-05,-0.2631172002170375,0.009596223072679573
8,relu4_2,1.7875255259042355e-05,-0.26193705914270216,0.009937171197151892
8,relu4_2,1.8207916800994626e-05,-0.26123168746608794,0.0101459864642398
8,relu4_2,1.8546769230846977e-05,-0.26109603906673906,0.010186581001028833
8,relu4_2,1.8891927762076646e-05,-0.2598616386326642,0.010562577431602995
8,relu4_2,1.924350975230332e-05,-0.25998372219207816,0.010524857422138012
8,relu4_2,1.9601634743191856e-05,-0.2579625610417798,0.011164752613082756
8,relu4_2,1.9966424501097934e-05,-0.25515463917525777,0.012110043608462476
8,relu4_2,2.03380030584698e-05,-0.2529706999457407,0.012892799816891655
8,relu4_2,2.071649675602067e-05,-0.2537710255018991,0.012600983298277262
8,relu4_2,2.1102034285685967e-05,-0.2556294085729789,0.011945470805998922
8,relu4_2,2.1494746734379807e-05,-0.25383884970157355,0.012576519626387754
8,relu4_2,2.189476762856621e-05,-0.2524281063483451,0.013093971805748086
8,relu4_2,2.2302232979659363e-05,-0.255982094411286,0.011824482913781362
8,relu4_2,2.2717281330269027e-05,-0.25446283233857847,0.012353388128043569
8,relu4_2,2.314005380130654e-05,-0.2549918610960391,0.012166921923998552
8,relu4_2,2.3570694139967276e-05,-0.25733857840477486,0.011369053528266808
8,relu4_2,2.4009348768606518e-05,-0.2588849701573522,0.010868620370523814
8,relu4_2,2.445616683452444e-05,-0.25782691264243085,0.011208890868217565
8,relu4_2,2.491130026067791e-05,-0.2560770482908302,0.011792092498736377
8,relu4_2,2.5374903797335716e-05,-0.2549647314161693,0.01217642425334342
8,relu4_2,2.584713507469564e-05,-0.2561177428106349,0.01177823461049642
8,relu4_2,2.63281546564802e-05,-0.2532148670645687,0.012803153720699817
8,relu4_2,2.6818126094530128e-05,-0.25604991861096044,0.011801338993255408
8,relu4_2,2.731721598441379e-05,-0.255249593054802,0.012076971778778192
8,relu4_2,2.782559402207126e-05,-0.2555208898534998,0.011982914453217641
8,relu4_2,2.8343433061513092e-05,-0.25710797612588177,0.011445378246775651
8,relu4_2,2.8870909173592348e-05,-0.25693163320672824,0.011504045768991047
8,relu4_2,2.9408201705870607e-05,-0.2564432989690722,0.011667882185352944
8,relu4_2,2.9955493343598162e-05,-0.25725718936516556,0.011395940746447135
8,relu4_2,3.051297017182871e-05,-0.25919696147585464,0.01077002440803061
8,relu4_2,3.1080821738690636e-05,-0.26049918610960393,0.010366891843302996
8,relu4_2,3.165924111983521e-05,-0.2627509495387955,0.009700919404087783
8,relu4_2,3.224842498408439e-05,-0.2627102550189908,0.009712613938513002
8,relu4_2,3.284857366030047e-05,-0.2629679869777537,0.009638756877928817
8,relu4_2,3.345989120549975e-05,-0.2659115572436246,0.008829536914427585
8,relu4_2,3.408258547423452e-05,-0.26747151383613677,0.008425393750618683
8,relu4_2,3.4716868189265594e-05,-0.2681904503526859,0.008244680664380298
8,relu4_2,3.536295501355039e-05,-0.268543136190993,0.008157283198446833
8,relu4_2,3.602106562357074e-05,-0.26886869234943034,0.008077333799564369
8,relu4_2,3.669142378402494e-05,-0.2666711882799783,0.008630656354987335
8,relu4_2,3.7374257423910643e-05,-0.26677970699945747,0.008602568876055157
8,relu4_2,3.806979871402284e-05,-0.2689365165491048,0.008060764815699215
8,relu4_2,3.877828414589453e-05,-0.2690179055887141,0.008040921559017344
8,relu4_2,3.949995461220647e-05,-0.27030656538252856,0.007732421341401078
8,relu4_2,4.023505548869293e-05,-0.27224633749321764,0.007287718043894349
8,relu4_2,4.098383671757261e-05,-0.2725583288117201,0.0072183407624818825
8,relu4_2,4.174655289253135e-05,-0.26874660879001633,0.008107233578139073
8,relu4_2,4.252346334528678e-05,-0.26702387411828543,0.008539665814762492
8,relu4_2,4.331483223376403e-05,-0.26505697232772657,0.009058082621530805
8,relu4_2,4.41209286319119e-05,-0.2628730330982095,0.009665909861284818
8,relu4_2,4.494202662119142e-05,-0.26048562126966907,0.010371022087882775
8,relu4_2,4.577840538376616e-05,-0.26112316874660885,0.01017845073102606
8,relu4_2,4.6630349297427265e-05,-0.2624796527400977,0.00977911678137159
8,relu4_2,4.7498148032285043e-05,-0.26243895822029306,0.009790893931230442
8,relu4_2,4.838209664925957e-05,-0.2620184481823115,0.009913321220214875
8,relu4_2,4.9282495700405135e-05,-0.26257460661964194,0.009751685058485683
8,relu4_2,5.0199651331100794e-05,-0.26342919153553995,0.009507820463881088
8,relu4_2,5.113387538414321e-05,-0.26150298426478574,0.010065222337269175
8,relu4_2,5.2085485505776655e-05,-0.26074335322843195,0.010292793314744642
8,relu4_2,5.305480525369574e-05,-0.26144872490504617,0.01008132994904092
8,relu4_2,5.404216420705915e-05,-0.26115029842647863,0.010170326145643381
8,relu4_2,5.5047898078549675e-05,-0.26208627238198595,0.009893484581667129
8,relu4_2,5.607234882852027e-05,-0.2629679869777537,0.009638756877928817
8,relu4_2,5.711586478126435e-05,-0.26741725447639725,0.008439172864467508
8,relu4_2,5.8178800743449355e-05,-0.26848887683125344,0.008170675631877183
8,relu4_2,5.926151812475552e-05,-0.2688822571893652,0.008074017604976145
8,relu4_2,6.0364385060758635e-05,-0.26992674986435167,0.007822244473950406
8,relu4_2,6.148777653810017e-05,-0.2731958762886598,0.007078380856349621
8,relu4_2,6.263207452198692e-05,-0.27428106348345094,0.006845657999327439
8,relu4_2,6.379766808606283e-05,-0.27356212696690185,0.0069990672278210635
8,relu4_2,6.498495354469889e-05,-0.2728838849701574,0.007146569486205117
8,relu4_2,6.619433458774387e-05,-0.27417254476397185,0.006868621927966343
8,relu4_2,6.742622241778336e-05,-0.2725311991318503,0.007224350332560888
8,relu4_2,6.868103588995308e-05,-0.2723286500580298,0.007269357326932089
8,relu4_2,6.995920165435375e-05,-0.2716766142159523,0.007415927246766773
8,relu4_2,7.126115430111745e-05,-0.2724362452523061,0.007245418632994697
8,relu4_2,7.258733650817246e-05,-0.2740911557243625,0.00688588953484764
8,relu4_2,7.393819919175873e-05,-0.2728974498100923,0.00714359274262518
8,relu4_2,7.531420165974376e-05,-0.2740775908844276,0.006888771196845217
8,relu4_2,7.671581176779303e-05,-0.27504069451980473,0.006686802168800871
8,relu4_2,7.814350607844543e-05,-0.2762750949538796,0.006435608661394554
8,relu4_2,7.959777002314978e-05,-0.2775094953879545,0.006192804250371787
8,relu4_2,8.107909806731695e-05,-0.27814798612472114,0.006070427310498234
8,relu4_2,8.258799387844272e-05,-0.2806294085729789,0.005614927784808349
8,relu4_2,8.412497049736118e-05,-0.28293543136190996,0.005219093570762986
8,relu4_2,8.569055051268347e-05,-0.2837086272381986,0.0050920384033173345
8,relu4_2,8.728526623848371e-05,-0.2856890938686924,0.004779057697449212
8,relu4_2,8.890965989529168e-05,-0.28494399397882914,0.004894739889186679
8,relu4_2,9.056428379445294e-05,-0.3061083303093665,0.0024204667192083825
8,relu4_2,9.224970052592174e-05,-0.3552544120567225,0.0003826533179473392
8,relu4_2,9.39664831495469e-05,-0.36500766427211,0.0002556965752817694
8,relu4_2,9.571521538991856e-05,-0.36860239561714153,0.00021967494194045676
8,relu4_2,9.749649183484096e-05,-0.3692610304968773,0.00021360647221822936
8,relu4_2,9.9310918137498e-05,-0.3713907825922452,0.0001950275563501815
8,relu4_2,0.00010115911122238297,-0.3703598197944875,0.00020382618487594634
8,relu4_2,0.00010304169949505875,-0.372231831190416,0.00018811123572530646
8,relu4_2,0.00010495932305582266,-0.37548667250453815,0.00016342745209556322
8,relu4_2,0.00010691263391734771,-0.3754052779442207,0.0001640063043763967
8,relu4_2,0.00010890229622637306,-0.3774956853353534,0.00014972564624220517
8,relu4_2,0.00011092898648952228,-0.3792321085115105,0.00013874842986122128
8,relu4_2,0.00011299339380332217,-0.3806781580029558,0.00013018117583224733
8,relu4_2,0.00011509622008850311,-0.3811720187786236,0.00012736944852490876
8,relu4_2,0.00011723818032865997,-0.3828486943349577,0.00011823817101471355
8,relu4_2,0.00011942000281335325,-0.3836029001994495,0.00011433208440848219
8,relu4_2,0.0001216424293857368,-0.3856255269577657,0.00010443997404981335
8,relu4_2,0.00012390621569479155,-0.3846730420770227,0.00010899489944366338
8,relu4_2,0.0001262121314522546,-0.38563395464509526,0.00010440047225012571
8,relu4_2,0.00012856096069432965,-0.38663044932616314,9.9826327767159e-05
8,relu4_2,0.00013095350204826676,-0.38666718181644383,9.96613287813582e-05
8,relu4_2,0.00013339056900390586,-0.38943920949895483,8.791555369368197e-05
8,relu4_2,0.0001358729901902709,-0.3902699506819534,8.46544827577822e-05
8,relu4_2,0.00013840160965731301,-0.3902481053725847,8.47387769996717e-05
8,relu4_2,0.00014097728716289676,-0.3914965821996736,8.004445109398205e-05
8,relu4_2,0.00014360089846512608,-0.39243846988231057,7.66642288502177e-05
8,relu4_2,0.000146273335620113,-0.3944859770341676,6.976909400099957e-05
8,relu4_2,0.00014899550728528536,-0.39514078690164467,6.768879005986452e-05
8,relu4_2,0.00015176833902834038,-0.39514078690164467,6.768879005986452e-05
8,relu4_2,0.00015459277364194784,-0.3950917301756433,6.784261754046522e-05
8,relu4_2,0.00015746977146430867,-0.3955890326888871,6.629818410250834e-05
8,relu4_2,0.000160400310705682,-0.39688336374544764,6.243059016791638e-05
8,relu4_2,0.00016338538778098603,-0.39318488234461274,7.408035060142895e-05
8,relu4_2,0.0001664260176485902,-0.3987597629055566,5.719550074390688e-05
8,relu4_2,0.00016952323415541214,-0.39860994635574004,5.759796021883315e-05
8,relu4_2,0.0001726780903884356,-0.3984969187434765,5.790333641389199e-05
8,relu4_2,0.00017589165903277327,-0.39817595616105794,5.877875217800545e-05
8,relu4_2,0.00017916503273638994,-0.40519646505097706,4.218351240527149e-05
8,relu4_2,0.00018249932448161505,-0.40278093415117944,4.732379022085076e-05
8,relu4_2,0.00018589566796356884,-0.41352779025751807,2.8179439421096094e-05
8,relu4_2,0.00018935521797562954,-0.4006379789088693,5.236735190245394e-05
8,relu4_2,0.00019287915080207777,-0.4104567624390348,3.2738421364449114e-05
8,relu4_2,0.00019646866461804445,-0.4112239213720227,3.1539047044961816e-05
8,relu4_2,0.00020012497989690348,-0.4086093920563662,3.5803762599163873e-05
8,relu4_2,0.00020384933982524643,-0.3921100316669428,7.782754470599552e-05
8,relu4_2,0.00020764301072557747,-0.3771273300325847,0.00015215537782556243
8,relu4_2,0.00021150728248687948,-0.38101623864927336,0.00012825022207523244
8,relu4_2,0.00021544346900318823,-0.3770265497037932,0.0001528264747832001
8,relu4_2,0.00021945290862033113,-0.3844581339646058,0.00011004779996826554
8,relu4_2,0.00022353696459097966,-0.3997298505819656,5.465226378777944e-05
8,relu4_2,0.000227697025538168,-0.40226786682000026,4.8488290191480025e-05
8,relu4_2,0.00023193450592744275,-0.4106028737430372,3.250675514341681e-05
8,relu4_2,0.0002362508465477945,-0.400957291430503,5.1585330827184124e-05
8,relu4_2,0.00024064751500154217,-0.4082798319842308,3.63780190210844e-05
8,relu4_2,0.000245126006203334,-0.39850011318430617,5.7894685049209564e-05
8,relu4_2,0.00024968784288843267,-0.39178439211915855,7.899713995583332e-05
8,relu4_2,0.00025433457613046484,-0.38533640126402424,0.00010580358233811493
8,relu4_2,0.0002590677858688006,-0.3871197465459666,9.76491257213291e-05
8,relu4_2,0.0002638890814457513,-0.38019056433480947,0.0001330135818817531
8,relu4_2,0.00026880010215376074,-0.3306471594686591,0.0010008429881640144
8,relu4_2,0.00027380251779278577,-0.33446344186303795,0.0008666000065882425
8,relu4_2,0.000278898029238044,-0.2906138580682331,0.004073784703973569
8,relu4_2,0.0002840883690183301,-0.3224649676762882,0.001354577598897657
8,relu4_2,0.00028937530190509535,-0.27351078712008964,0.007010137621343099
8,relu4_2,0.00029476062551248586,-0.25338304605107564,0.012741722798805363
8,relu4_2,0.00030024617090855494,-0.27467737189158964,0.006762369632030828
8,relu4_2,0.00030583380323784314,-0.2726956717430309,0.007187985240365482
8,relu4_2,0.0003115254223555485,-0.2757618377611104,0.00653902084094375
8,relu4_2,0.00031732296347349796,-0.2622180635318782,0.009855038909376671
8,relu4_2,0.0003232283978181381,-0.267892646818571,0.008319118851699874
8,relu4_2,0.0003292437333007769,-0.26713862037251146,0.008510244552329776
8,relu4_2,0.0003353710152002929,-0.268977312848592,0.008050812987478947
8,relu4_2,0.0003416123268585525,-0.27017866386816164,0.007762566876575923
8,relu4_2,0.0003479697903887695,-0.2584797717049846,0.010997849469735192
8,relu4_2,0.0003544455673970436,-0.329109849787602,0.0010600765899165582
8,relu4_2,0.0003610418597173337,-0.2805173301804841,0.005634827914517223
8,relu4_2,0.00036776091016010306,-0.2806718079856464,0.005607415817112592
8,relu4_2,0.00037460500327489893,-0.280185213275595,0.005694165170504577
8,relu4_2,0.00038157646612712524,-0.30510029708433123,0.0025059919822712673
8,relu4_2,0.00038867766908926677,-0.2851602729232865,0.004860906976164301
8,relu4_2,0.00039591102664684585,-0.2851602729232865,0.004860906976164301
8,relu4_2,0.0004032789982193705,-0.21898281858884414,0.03206749764695611
8,relu4_2,0.00041078408899656427,-0.18402372817508744,0.07268571250513829
8,relu4_2,0.00041842885079015847,-0.18402372817508744,0.07268571250513829
8,relu4_2,0.0004262158829015325,-0.18402372817508744,0.07268571250513829
8,relu4_2,0.00043414783300550926,-0.18402372817508744,0.07268571250513829
8,relu4_2,0.00044222739805058973,-0.18317138656166962,0.07404386864650318
8,relu4_2,0.0004504573251759454,-0.2160995378322461,0.0344595088373684
8,relu4_2,0.00045884041264547613,-0.2160995378322461,0.0344595088373684
8,relu4_2,0.00046737951079924635,-0.2160995378322461,0.0344595088373684
8,relu4_2,0.0004760775230226368,-0.21058399875288844,0.03945406121026979
8,relu4_2,0.00048493740673352334,-0.21058399875288844,0.03945406121026979
8,relu4_2,0.0004939621743878316,-0.21058399875288844,0.03945406121026979
8,relu4_2,0.0005031548945038057,-0.16499847758214226,0.10816349520274489
8,relu4_2,0.0005125186927053333,-0.16499847758214226,0.10816349520274489
8,relu4_2,0.0005220567527846976,-0.16499847758214226,0.10816349520274489
8,relu4_2,0.0005317723177850966,-0.1019520076880794,0.3229496318858369
8,relu4_2,0.0005416686911033147,-0.1019520076880794,0.3229496318858369
8,relu4_2,0.0005517492376129129,-0.1464712184071223,0.15444293532237904
8,relu4_2,0.0005620173848083188,-0.1464712184071223,0.15444293532237904
8,relu4_2,0.0005724766239702179,-0.1464712184071223,0.15444293532237904
8,relu4_2,0.0005831305113526219,-0.1464712184071223,0.15444293532237904
8,relu4_2,0.000593982669392035,-0.1464712184071223,0.15444293532237904
8,relu4_2,0.0006050367879391225,-0.1464712184071223,0.15444293532237904
8,relu4_2,0.0006162966255132943,-0.1464712184071223,0.15444293532237904
8,relu4_2,0.00062776601058065,-0.1464712184071223,0.15444293532237904
8,relu4_2,0.0006394488428556937,-0.1464712184071223,0.15444293532237904
8,relu4_2,0.0006513490946272796,-0.14702388576598663,0.15287654471492979
8,relu4_2,0.0006634708121092351,-0.14702388576598663,0.15287654471492979
8,relu4_2,0.000675818116816111,-0.08676444531670328,0.4005916097889402
8,relu4_2,0.0006883952069645496,-0.08676444531670328,0.4005916097889402
8,relu4_2,0.0007012063589007177,-0.07782768744910659,0.45102477355629866
8,relu4_2,0.0007142559285543119,-0.07782768744910659,0.45102477355629866
8,relu4_2,0.0007275483529196233,-0.07782768744910659,0.45102477355629866
8,relu4_2,0.0007410881515641569,-0.07782768744910659,0.45102477355629866
8,relu4_2,0.0007548799281653432,-0.07782768744910659,0.45102477355629866
8,relu4_2,0.0007689283720758305,-0.07782768744910659,0.45102477355629866
8,relu4_2,0.0007832382599179204,-0.07782768744910659,0.45102477355629866
8,relu4_2,0.0007978144572076629,-0.07782768744910659,0.45102477355629866
8,relu4_2,0.0008126619200091946,-0.07782768744910659,0.45102477355629866
8,relu4_2,0.0008277856966198472,-0.07782768744910659,0.45102477355629866
8,relu4_2,0.0008431909292866251,-0.07782768744910659,0.45102477355629866
8,relu4_2,0.0008588828559546258,-0.07782768744910659,0.45102477355629866
8,relu4_2,0.0008748668120479914,-0.07782768744910659,0.45102477355629866
8,relu4_2,0.0008911482322840202,-0.07782768744910659,0.45102477355629866
8,relu4_2,0.0009077326525210223,-0.07782768744910659,0.45102477355629866
8,relu4_2,0.0009246257116405734,-0.07782768744910659,0.45102477355629866
8,relu4_2,0.0009418331534647961,-0.07782768744910659,0.45102477355629866
8,relu4_2,0.0009593608287093146,-0.07782768744910659,0.45102477355629866
8,relu4_2,0.0009772146969725724,-0.07782768744910659,0.45102477355629866
8,relu4_2,0.0009954008287621518,-0.07782768744910659,0.45102477355629866
8,relu4_2,0.0010139254075588143,-0.07782768744910659,0.45102477355629866
8,relu4_2,0.0010327947319189526,-0.07782768744910659,0.45102477355629866
8,relu4_2,0.0010520152176161591,-0.07782768744910659,0.45102477355629866
8,relu4_2,0.001071593399822671,-0.07782768744910659,0.45102477355629866
8,relu4_2,0.0010915359353313911,-0.07782768744910659,0.45102477355629866
8,relu4_2,0.0011118496048192698,-0.07782768744910659,0.45102477355629866
8,relu4_2,0.0011325413151528126,-0.07782768744910659,0.45102477355629866
8,relu4_2,0.0011536181017364785,-0.07782768744910659,0.45102477355629866
8,relu4_2,0.0011750871309048076,-0.07782768744910659,0.45102477355629866
8,relu4_2,0.0011969557023590429,-0.07782768744910659,0.45102477355629866
8,relu4_2,0.0012192312516491094,0.020363097471682235,0.8438873066427579
8,relu4_2,0.0012419213527017847,0.020363097471682235,0.8438873066427579
8,relu4_2,0.0012650337203959038,0.020363097471682235,0.8438873066427579
8,relu4_2,0.0012885762131855181,,
8,relu4_2,0.0013125568357718427,,
8,relu4_2,0.0013369837418249451,,
8,relu4_2,0.0013618652367560827,,
8,relu4_2,0.001387209780541621,,
8,relu4_2,0.0014130259905995337,,
8,relu4_2,0.0014393226447194064,,
8,relu4_2,0.001466108684046983,,
8,relu4_2,0.0014933932161242535,,
8,relu4_2,0.001521185517986105,,
8,relu4_2,0.0015494950393146315,,
8,relu4_2,0.0015783314056521166,,
8,relu4_2,0.0016077044216738221,,
8,relu4_2,0.001637624074521689,,
8,relu4_2,0.0016681005372000592,,
8,relu4_2,0.001699144172034626,,
8,relu4_2,0.001730765534195724,,
8,relu4_2,0.0017629753752872038,,
8,relu4_2,0.0017957846470020968,,
8,relu4_2,0.0018292045048462937,,
8,relu4_2,0.0018632463119315598,,
8,relu4_2,0.0018979216428390996,,
8,relu4_2,0.0019332422875550433,,
8,relu4_2,0.0019692202554791737,,
8,relu4_2,0.002005867779508234,,
8,relu4_2,0.0020431973201952705,,
8,relu4_2,0.002081221569986337,,
8,relu4_2,0.002119953457536069,,
8,relu4_2,0.0021594061521035676,,
8,relu4_2,0.0021995930680300748,,
8,relu4_2,0.0022405278693000182,,
8,relu4_2,0.002282224474186896,,
8,relu4_2,0.0023246970599856455,,
8,relu4_2,0.0023679600678330787,,
8,relu4_2,0.002412028207618007,,
8,relu4_2,0.00245691646298279,,
8,relu4_2,0.0025026400964179166,,
8,relu4_2,0.0025492146544514203,,
8,relu4_2,0.0025966559729348722,,
8,relu4_2,0.00264498018242772,,
8,relu4_2,0.0026942037136818823,,
8,relu4_2,0.0027443433032283623,,
8,relu4_2,0.002795415999067859,,
8,relu4_2,0.0028474391664672478,,
8,relu4_2,0.0029004304938639917,,
8,relu4_2,0.00295440799888038,,
8,relu4_2,0.003009390034449718,,
8,relu4_2,0.00306539529505653,,
8,relu4_2,0.0031224428230928578,,
8,relu4_2,0.00318055201533292,,
8,relu4_2,0.0032397426295281955,,
8,relu4_2,0.003300034791125282,,
8,relu4_2,0.0033614490001087688,,
8,relu4_2,0.003424006137971426,,
8,relu4_2,0.0034877274748141775,,
8,relu4_2,0.0035526346765781393,,
8,relu4_2,0.003618749812411277,,
8,relu4_2,0.0036860953621721615,,
8,relu4_2,0.003754694224073337,,
8,relu4_2,0.0038245697224669993,,
8,relu4_2,0.0038957456157755013,,
8,relu4_2,0.003968246104569478,,
8,relu4_2,0.00404209583979631,,
8,relu4_2,0.004117319931161679,,
8,relu4_2,0.004193943955667186,,
8,relu4_2,0.004271993966306777,,
8,relu4_2,0.004351496500925045,,
8,relu4_2,0.0044324785912404005,,
8,relu4_2,0.004514967772036102,,
8,relu4_2,0.004598992090522438,,
8,relu4_2,0.004684580115873045,,
8,relu4_2,0.004771760948938741,,
8,relu4_2,0.004860564232142139,,
8,relu4_2,0.004951020159556351,,
8,relu4_2,0.005043159487171359,,
8,relu4_2,0.005137013543351339,,
8,relu4_2,0.005232614239486656,,
8,relu4_2,0.005329994080844093,,
8,relu4_2,0.005429186177618943,,
8,relu4_2,0.0055302242561929005,,
8,relu4_2,0.005633142670601352,,
8,relu4_2,0.005737976414214128,,
8,relu4_2,0.0058447611316336376,,
8,relu4_2,0.00595353313081437,,
8,relu4_2,0.006064329395408062,,
8,relu4_2,0.006177187597338488,,
8,relu4_2,0.0062921461096103375,,
8,relu4_2,0.006409244019356457,,
8,relu4_2,0.006528521141127847,,
8,relu4_2,0.006650018030431118,,
8,relu4_2,0.006773775997517745,,
8,relu4_2,0.006899837121430011,,
8,relu4_2,0.0070282442643083524,,
8,relu4_2,0.0071590410859648885,,
8,relu4_2,0.007292272058728313,,
8,relu4_2,0.00742798248256491,,
8,relu4_2,0.007566218500481048,,
8,relu4_2,0.007707027114212304,,
8,relu4_2,0.00785045620020451,,
8,relu4_2,0.007996554525892346,,
8,relu4_2,0.008145371766280737,,
8,relu4_2,0.008296958520834915,,
8,relu4_2,0.008451366330684721,,
8,relu4_2,0.008608647696149245,,
8,relu4_2,0.008768856094587427,,
8,relu4_2,0.008932045998580959,,
8,relu4_2,0.009098272894455568,,
8,relu4_2,0.009267593301146883,,
8,relu4_2,0.009440064789417604,,
8,relu4_2,0.009615746001432095,,
8,relu4_2,0.009794696670695385,,
8,relu4_2,0.009976977642363211,,
8,relu4_2,0.010162650893929951,,
8,relu4_2,0.010351779556301762,,
8,relu4_2,0.010544427935261684,,
8,relu4_2,0.010740661533334323,,
8,relu4_2,0.010940547072057435,,
8,relu4_2,0.011144152514667882,,
8,relu4_2,0.01135154708920999,,
8,relu4_2,0.011562801312073753,,
8,relu4_2,0.011777987011971181,,
8,relu4_2,0.011997177354358856,,
8,relu4_2,0.012220446866314887,,
8,relu4_2,0.012447871461879062,,
8,relu4_2,0.01267952846786434,,
8,relu4_2,0.012915496650148827,,
8,relu4_2,0.013155856240457052,,
8,relu4_2,0.013400688963639508,,
8,relu4_2,0.013650078065460139,,
8,relu4_2,0.013904108340900697,,
8,relu4_2,0.014162866162991974,,
8,relu4_2,0.014426439512181588,,
8,relu4_2,0.014694918006248172,,
8,relu4_2,0.014968392930772555,,
8,relu4_2,0.01524695727017573,,
8,relu4_2,0.015530705739334584,,
8,relu4_2,0.015819734815786014,,
8,relu4_2,0.016114142772530198,,
8,relu4_2,0.016414029711444664,,
8,relu4_2,0.016719497597319884,,
8,relu4_2,0.017030650292528426,,
8,relu4_2,0.017347593592339325,,
8,relu4_2,0.017670435260889468,,
8,relu4_2,0.017999285067824763,,
8,relu4_2,0.018334254825622887,,
8,relu4_2,0.01867545842761074,,
8,relu4_2,0.019023011886689457,,
8,relu4_2,0.01937703337477989,,
8,relu4_2,0.019737643263002553,,
8,relu4_2,0.02010496416260497,,
8,relu4_2,0.020479120966650832,,
8,relu4_2,0.02086024089248505,,
8,relu4_2,0.021248453524988827,,
8,relu4_2,0.021643890860640204,,
8,relu4_2,0.022046687352394075,,
8,relu4_2,0.022456979955397718,,
8,relu4_2,0.02287490817355704,,
8,relu4_2,0.023300614106969247,,
8,relu4_2,0.023734242500238662,,
8,relu4_2,0.024175940791691282,,
8,relu4_2,0.024625859163505442,,
8,relu4_2,0.02508415059277541,,
8,relu4_2,0.02555097090352507,,
8,relu4_2,0.026026478819690044,,
8,relu4_2,0.02651083601908536,,
8,relu4_2,0.027004207188377698,,
8,relu4_2,0.027506760079080674,,
8,relu4_2,0.028018665564591955,,
8,relu4_2,0.028540097698292376,,
8,relu4_2,0.029071233772725753,,
8,relu4_2,0.029612254379880375,,
8,relu4_2,0.03016334347259197,,
8,relu4_2,0.030724688427090033,,
8,relu4_2,0.031296480106707505,,
8,relu4_2,0.03187891292677643,,
8,relu4_2,0.03247218492073132,,
8,relu4_2,0.03307649780744242,,
8,relu4_2,0.033692057059802674,,
8,relu4_2,0.03431907197459043,,
8,relu4_2,0.03495775574363272,,
8,relu4_2,0.03560832552629282,,
8,relu4_2,0.036271002523306485,,
8,relu4_2,0.03694601205199302,,
8,relu4_2,0.03763358362286533,,
8,relu4_2,0.03833395101766598,,
8,relu4_2,0.03904735236885564,,
8,relu4_2,0.03977403024058037,,
8,relu4_2,0.04051423171114647,,
8,relu4_2,0.04126820845702952,,
8,relu4_2,0.0420362168384471,,
8,relu4_2,0.042818517986524154,,
8,relu4_2,0.04361537789208006,,
8,relu4_2,0.044427067496068826,,
8,relu4_2,0.04525386278170167,,
8,relu4_2,0.046096044868284294,,
8,relu4_2,0.04695390010680063,,
8,relu4_2,0.04782772017727485,,
8,relu4_2,0.04871780218794631,,
8,relu4_2,0.04962444877628913,,
8,relu4_2,0.050547968211912354,,
8,relu4_2,0.051488674501374974,,
8,relu4_2,0.05244688749495119,,
8,relu4_2,0.053422932995383525,,
8,relu4_2,0.054417142868658876,,
8,relu4_2,0.05542985515684663,,
8,relu4_2,0.05646141419303673,,
8,relu4_2,0.057512170718416133,,
8,relu4_2,0.05858248200152536,,
8,relu4_2,0.0596727119597331,,
8,relu4_2,0.060783231282972236,,
8,relu4_2,0.06191441755977847,,
8,relu4_2,0.06306665540567406,,
8,relu4_2,0.0642403365939419,,
8,relu4_2,0.0654358601888323,,
8,relu4_2,0.06665363268124906,,
8,relu4_2,0.06789406812696112,,
8,relu4_2,0.06915758828738525,,
8,relu4_2,0.07044462277299036,,
8,relu4_2,0.07175560918936921,,
8,relu4_2,0.07309099328602904,,
8,relu4_2,0.07445122910795143,,
8,relu4_2,0.0758367791499719,,
8,relu4_2,0.077248114514034,,
8,relu4_2,0.07868571506936843,,
8,relu4_2,0.08015006961565396,,
8,relu4_2,0.08164167604921473,,
8,relu4_2,0.08316104153230962,,
8,relu4_2,0.08470868266557402,,
8,relu4_2,0.08628512566366887,,
8,relu4_2,0.08789090653419963,,
8,relu4_2,0.08952657125996401,,
8,relu4_2,0.09119267598459298,,
8,relu4_2,0.09288978720164498,,
8,relu4_2,0.09461848194721992,,
8,relu4_2,0.09637934799615795,,
8,relu4_2,0.09817298406188842,,
8,relu4_2,0.1,,
9,relu4_3,1e-09,-0.3710415833073901,0.00019796764631192394
9,relu4_3,1.0186101701559773e-09,-0.37372997466779034,0.00017635026022307443
9,relu4_3,1.0375666787451849e-09,-0.3728477878503141,0.00018319060404037085
9,relu4_3,1.0568759711848051e-09,-0.37345867418892004,0.00017842829765702187
9,relu4_3,1.0765446128423137e-09,-0.37220942971367776,0.00018829247440691472
9,relu4_3,1.0965792912678099e-09,-0.3729783807233942,0.00018216276544014894
9,relu4_3,1.116986818467825e-09,-0.373686745035352,0.0001766798727701176
9,relu4_3,1.1377741332214901e-09,-0.3727138618594308,0.00018425024502433506
9,relu4_3,1.1589483034398119e-09,-0.3747842335352314,0.00016848585518380876
9,relu4_3,1.180516528568803e-09,-0.37219838920145076,0.00018838185682954714
9,relu4_3,1.2024861420374123e-09,-0.3736269699084764,0.0001771365785467589
9,relu4_3,1.2248646137509333e-09,-0.37367571457201626,0.00017676406785341786
9,relu4_3,1.2476595526308685e-09,-0.372338297004114,0.00018725207939273647
9,relu4_3,1.2708787092020595e-09,-0.3726625926740129,0.0001846573921939663
9,relu4_3,1.2945299782279134e-09,-0.372833418698948,0.00018330402422662813
9,relu4_3,1.3186214013947485e-09,-0.3728346830875183,0.00018329404140846257
9,relu4_3,1.3431611700460181e-09,-0.3714510506452798,0.00019452423174239297
9,relu4_3,1.3681576279674706e-09,-0.3726625926740129,0.0001846573921939663
9,relu4_3,1.3936192742241434e-09,-0.37402840519454766,0.00017409029362430066
9,relu4_3,1.4195547660500987e-09,-0.3733132569988345,0.00017955142893335627
9,relu4_3,1.4459729217920195e-09,-0.37375583719891264,0.00017615333851672322
9,relu4_3,1.4728827239075047e-09,-0.37280628874306665,0.00018351834651326356
9,relu4_3,1.5002933220192166e-09,-0.37433532284319054,0.00017179402993982372
9,relu4_3,1.5282140360258708e-09,-0.3724807292724909,0.00018610835551779903
9,relu4_3,1.5566543592710589e-09,-0.37373548973200166,0.000176308250510729
9,relu4_3,1.5856239617711372e-09,-0.373686745035352,0.0001766798727701176
9,relu4_3,1.615132693503093e-09,-0.37353074831806193,0.00017787404443148213
9,relu4_3,1.6451905877536607e-09,-0.37395931186802245,0.0001746111295458658
9,relu4_3,1.6758078645307687e-09,-0.3732687638537108,0.00017989637658896566
9,relu4_3,1.7069949340384045e-09,-0.3725294700487892,0.00018571845556966107
9,relu4_3,1.7387624002162505e-09,-0.37370962713187506,0.00017650533294504364
9,relu4_3,1.7711210643450904e-09,-0.37322002057025666,0.00018027497840766447
9,relu4_3,1.8040819287193808e-09,-0.373944478742179,0.0001747231316955699
9,relu4_3,1.8376562003881724e-09,-0.3737244595704705,0.00017639227944812403
9,relu4_3,1.8718552949655752e-09,-0.3725578635550421,0.00018549167116882855
9,relu4_3,1.906690840512252e-09,-0.3741602487821596,0.00017310042301530506
9,relu4_3,1.9421746814890284e-09,-0.3735659275077434,0.00017760409373072882
9,relu4_3,1.9783188827841624e-09,-0.37332727433898794,0.0001794428817281607
9,relu4_3,2.0151357338155587e-09,-0.37338026784081985,0.00017903305999345442
9,relu4_3,2.052637752709248e-09,-0.3743853390301727,0.00017142249085210453
9,relu4_3,2.09083769055575e-09,-0.3723696838385623,0.00018699948779357477
9,relu4_3,2.129748535745523e-09,-0.3739660943569928,0.00017455993837893474
9,relu4_3,2.1693835183851823e-09,-0.3720657356687292,0.0001894588732116529
9,relu4_3,2.2097561147959033e-09,-0.3730614930213158,0.00018151140575101284
9,relu4_3,2.250880052095457e-09,-0.3738469886055345,0.00017546091708635578
9,relu4_3,2.2927693128656487e-09,-0.3726897225378894,0.00018444184057931653
9,relu4_3,2.3354381399064818e-09,-0.373108970122093,0.0001811402902667364
9,relu4_3,2.378901041078891e-09,-0.37359857297775323,0.0001773539248496169
9,relu4_3,2.4231727942376006e-09,-0.37274903864957143,0.00018397137381798487
9,relu4_3,2.4682684522556873e-09,-0.3724739467835206,0.000186162671734023
9,relu4_3,2.5142033481427964e-09,-0.37287158461820696,0.0001830029114901571
9,relu4_3,2.560993100258462e-09,-0.3730831055640991,0.0001813423793098401
9,relu4_3,2.6086536176225453e-09,-0.3730424107682843,0.000181660764530982
9,relu4_3,2.657201105324507e-09,-0.3721403427943897,0.00018885243807277352
9,relu4_3,2.7066520700332356e-09,-0.37175800325556163,0.00019197931961047098
9,relu4_3,2.7570233256095828e-09,-0.3730288458363461,0.00018176700778322675
9,relu4_3,2.8083319988231753e-09,-0.3720521707367909,0.00018956932741623394
9,relu4_3,2.860595535175739e-09,-0.37394701505088657,0.0001747039757946092
9,relu4_3,2.9138317048327884e-09,-0.3731725431474644,0.0001806444564018488
9,relu4_3,2.9680586086655964e-09,-0.3726909864305711,0.00018443180440148857
9,relu4_3,3.0232946844057765e-09,-0.37224207978392665,0.0001880283734871296
9,relu4_3,3.0795587129142296e-09,-0.3724603818055799,0.0001862713481491729
9,relu4_3,3.1368698245668734e-09,-0.3721255158917081,0.0001889728136858957
9,relu4_3,3.1952475057592137e-09,-0.37211321293051314,0.0001890727519574731
9,relu4_3,3.2547116055318414e-09,-0.37249050461204564,0.0001860300974346892
9,relu4_3,3.3152823423194234e-09,-0.37249050461204564,0.0001860300974346892
9,relu4_3,3.376980310825095e-09,-0.372634199114321,0.00018488323358556652
9,relu4_3,3.439826489022921e-09,-0.37249050461204564,0.0001860300974346892
9,relu4_3,3.5038422452906756e-09,-0.3720983861198354,0.00018919325666645872
9,relu4_3,3.5690493456752222e-09,-0.37175800325556163,0.00019197931961047098
9,relu4_3,3.635469961293318e-09,-0.37249050461204564,0.0001860300974346892
9,relu4_3,3.703126675869931e-09,-0.3725472907525376,0.00018557608823354722
9,relu4_3,3.772042493416993e-09,-0.37179869777536634,0.0001916442463789105
9,relu4_3,3.842240846055061e-09,-0.3713184051784957,0.00019563360252904417
9,relu4_3,3.913745601980376e-09,-0.37093054801953346,0.0001989110605766763
9,relu4_3,3.9865810735804386e-09,-0.37088684436446373,0.00019928352824855365
9,relu4_3,4.060772025700369e-09,-0.37065372576761485,0.00020128121287191244
9,relu4_3,4.13634368406327e-09,-0.37019804666304945,0.0002052396574667269
9,relu4_3,4.2133217438472886e-09,-0.37025356163249273,0.00020475358464653372
9,relu4_3,4.291732378422149e-09,-0.3714281838676307,0.0001947150605548272
9,relu4_3,4.371602248248502e-09,-0.370374389582203,0.0002036993257841855
9,relu4_3,4.45295850994266e-09,-0.37025356163249273,0.00020475358464653372
9,relu4_3,4.5358288255101815e-09,-0.3705914270211612,0.0002018182005027496
9,relu4_3,4.620241371751313e-09,-0.369886055344547,0.00020799125571772194
9,relu4_3,4.706224849841272e-09,-0.370618556701031,0.00020158419212118475
9,relu4_3,4.793808495089107e-09,-0.369886055344547,0.00020799125571772194
9,relu4_3,4.883022086877885e-09,-0.37025356163249273,0.00020475358464653372
9,relu4_3,4.9738959587900574e-09,-0.37025356163249273,0.00020475358464653372
9,relu4_3,5.066461008921269e-09,-0.37000261124267037,0.00020695933028356623
9,relu4_3,5.1607487103859185e-09,-0.37060624866683767,0.00020169032457693987
9,relu4_3,5.256791122018419e-09,-0.3708491589799241,0.0001996052222740534
9,relu4_3,5.354620899273613e-09,-0.3703158594486929,0.00020420939008693363
9,relu4_3,5.454271305329825e-09,-0.3709712425393381,0.00019856481713593358
9,relu4_3,5.555776222398878e-09,-0.37060624866683767,0.00020169032457693987
9,relu4_3,5.659170163246254e-09,-0.3702387411828541,0.00020488324396456992
9,relu4_3,5.7644882829258735e-09,-0.3702387411828541,0.00020488324396456992
9,relu4_3,5.8717663907332614e-09,-0.37060624866683767,0.00020169032457693987
9,relu4_3,5.981040962380932e-09,-0.3709712425393381,0.00019856481713593358
9,relu4_3,6.092349152400712e-09,-0.37060624866683767,0.00020169032457693987
9,relu4_3,6.205728806776513e-09,-0.3702387411828541,0.00020488324396456992
9,relu4_3,6.321218475812448e-09,-0.3709712425393381,0.00019856481713593358
9,relu4_3,6.4388574272404256e-09,-0.37060624866683767,0.00020169032457693987
9,relu4_3,6.558685659571422e-09,-0.3709712425393381,0.00019856481713593358
9,relu4_3,6.680743915695615e-09,-0.3706142879513347,0.00020162099579778146
9,relu4_3,6.8050736967352206e-09,-0.3711691914331959,0.00019688852949791694
9,relu4_3,6.9317172761554e-09,-0.37152740097666853,0.0001938883213862411
9,relu4_3,7.06071771413778e-09,-0.37189365165491056,0.00019086451055063972
9,relu4_3,7.192118872221178e-09,-0.37152740097666853,0.0001938883213862411
9,relu4_3,7.32596542821523e-09,-0.37219334032138984,0.0001884227449195061
9,relu4_3,7.462302891391123e-09,-0.37219334032138984,0.0001884227449195061
9,relu4_3,7.601177617955322e-09,-0.37249050461204564,0.0001860300974346892
9,relu4_3,7.742636826811278e-09,-0.3721255158917081,0.0001889728136858957
9,relu4_3,7.88672861561414e-09,-0.37249050461204564,0.0001860300974346892
9,relu4_3,8.033501977124735e-09,-0.37175800325556163,0.00019197931961047098
9,relu4_3,8.183006815867407e-09,-0.3721255158917081,0.0001889728136858957
9,relu4_3,8.335293965098187e-09,-0.3711204557786219,0.0001973000186505194
9,relu4_3,8.490415204088756e-09,-0.3714879662527,0.0001942165268651567
9,relu4_3,8.648423275731709e-09,-0.37085041661369184,0.00019959447898838852
9,relu4_3,8.80937190447399e-09,-0.3715218784675408,0.0001939342529705378
9,relu4_3,8.973315814583538e-09,-0.3704829083016821,0.00020275674692994724
9,relu4_3,9.140310748756223e-09,-0.3721458632206126,0.00018880763734245283
9,relu4_3,9.310413487069086e-09,-0.37115688522886536,0.00019699235938515548
9,relu4_3,9.483681866285909e-09,-0.3702005575272176,0.0002052176500711729
9,relu4_3,9.660174799522645e-09,-0.3712370158628776,0.00019631718850745636
9,relu4_3,9.839952296278247e-09,-0.3709275392982857,0.00019893668198931542
9,relu4_3,1.0023075482838643e-08,-0.37053164179418774,0.00020233476742785686
9,relu4_3,1.0209606623060476e-08,-0.37067281606077057,0.00020111692751370244
9,relu4_3,1.0399609139541204e-08,-0.3704150841020077,0.00020334538516470692
9,relu4_3,1.05931476351837e-08,-0.37114758545849164,0.00019707085696802138
9,relu4_3,1.0790287915161835e-08,-0.3707825921840101,0.00020017462990367947
9,relu4_3,1.099109700929496e-08,-0.3704150841020077,0.00020334538516470692
9,relu4_3,1.1195643194838794e-08,-0.37114758545849164,0.00019707085696802138
9,relu4_3,1.1403996019700331e-08,-0.370374389582203,0.0002036993257841855
9,relu4_3,1.1616226326085019e-08,-0.36964188822571903,0.00021016841442013192
9,relu4_3,1.183240627458378e-08,-0.36954818756380287,0.000211009489002054
9,relu4_3,1.2052609368708414e-08,-0.36995387954422143,0.00020739019858858251
9,relu4_3,1.2276910479883604e-08,-0.3686529050920042,0.00021920398431962674
9,relu4_3,1.2505385872903913e-08,-0.3690179055887141,0.00021582828842234408
9,relu4_3,1.2738113231864785e-08,-0.3682854042322301,0.00022265201749475553
9,relu4_3,1.2975171686575868e-08,-0.3686529050920042,0.00021920398431962674
9,relu4_3,1.3216641839466038e-08,-0.3682854042322301,0.00022265201749475553
9,relu4_3,1.346260579298911e-08,-0.36824470971242546,0.0002230368938041046
9,relu4_3,1.3713147177539456e-08,-0.36840195470218184,0.0002215531102669443
9,relu4_3,1.3968351179887397e-08,-0.36897721106890946,0.00021620225755219894
9,relu4_3,1.422830457214352e-08,-0.3690734165560308,0.00021531912451766468
9,relu4_3,1.4493095741262151e-08,-0.36994031470428657,0.0002075102814592865
9,relu4_3,1.4762814719093911e-08,-0.3690721649484537,0.00021533059241481616
9,relu4_3,1.5037553212997385e-08,-0.3690721649484537,0.00021533059241481616
9,relu4_3,1.5317404637020797e-08,-0.3684629966888954,0.0002209795709432684
9,relu4_3,1.560246414366368e-08,-0.3680954964731417,0.00022445336981691545
9,relu4_3,1.5892828656229763e-08,-0.3687478592935586,0.0002183211413291411
9,relu4_3,1.618859690178199e-08,-0.3692892023874119,0.00021335039183189599
9,relu4_3,1.648986944471065e-08,-0.36789202387411835,0.0002263983184936712
9,relu4_3,1.679674872092653e-08,-0.36790558871405327,0.000226268172627656
9,relu4_3,1.7109339072690134e-08,-0.36866646997794056,0.00021907766232727194
9,relu4_3,1.7427746784089175e-08,-0.3691276760997762,0.000214822511661714
9,relu4_3,1.775208011717636e-08,-0.3687601736299512,0.00021820688886615934
9,relu4_3,1.8082449348779518e-08,-0.3687194791101466,0.00021858466323872706
9,relu4_3,1.841896680799711e-08,-0.3687194791101466,0.00021858466323872706
9,relu4_3,1.8761746914391196e-08,-0.3689229517091699,0.00021670181421112398
9,relu4_3,1.911090621689136e-08,-0.3690721649484537,0.00021533059241481616
9,relu4_3,1.946656343342263e-08,-0.36936631421301425,0.00021265090101299874
9,relu4_3,1.9828839491270715e-08,-0.3689229517091699,0.00021670181421112398
9,relu4_3,2.0197857568198784e-08,-0.3689229517091699,0.00021670181421112398
9,relu4_3,2.0573743134329116e-08,-0.36874107685059043,0.00021838409245849387
9,relu4_3,2.095662399480431e-08,-0.3680954964731417,0.00022445336981691545
9,relu4_3,2.1346630333242455e-08,-0.3677292457948997,0.000227965470067988
9,relu4_3,2.17438947560008e-08,-0.36798697775366257,0.00022548874715765016
9,relu4_3,2.2148552337263593e-08,-0.36798697775366257,0.00022548874715765016
9,relu4_3,2.256074066496859e-08,-0.36725447639717856,0.0002325937253056158
9,relu4_3,2.2980599887588488e-08,-0.36725447639717856,0.0002325937253056158
9,relu4_3,2.3408272761782943e-08,-0.36725447639717856,0.0002325937253056158
9,relu4_3,2.3843904700937205e-08,-0.36725447639717856,0.0002325937253056158
9,relu4_3,2.4287643824604505e-08,-0.36725447639717856,0.0002325937253056158
9,relu4_3,2.4739641008868117e-08,-0.36725447639717856,0.0002325937253056158
9,relu4_3,2.5200049937640895e-08,-0.36743081931633215,0.00023086462551200756
9,relu4_3,2.566902715491952e-08,-0.36634563212154103,0.00024169638864634017
9,relu4_3,2.614673211801092e-08,-0.3665706951007755,0.00023941210685621655
9,relu4_3,2.6633327251749808e-08,-0.3664541508410201,0.00024059247584647675
9,relu4_3,2.7128978003724646e-08,-0.36692892023874124,0.00023581735911678428
9,relu4_3,2.763385290053167e-08,-0.36656266956049927,0.000239493218439848
9,relu4_3,2.8148123605075813e-08,-0.36656266956049927,0.000239493218439848
9,relu4_3,2.8671964974937697e-08,-0.36656266956049927,0.000239493218439848
9,relu4_3,2.9205555121827452e-08,-0.36656266956049927,0.000239493218439848
9,relu4_3,2.9749075472144435e-08,-0.36656266956049927,0.000239493218439848
9,relu4_3,3.030271082866393e-08,-0.3661692892023875,0.0002435002221778055
9,relu4_3,3.0866649433372746e-08,-0.3664812805208899,0.000240317225749517
9,relu4_3,3.144108303147265e-08,-0.3664812805208899,0.000240317225749517
9,relu4_3,3.2026206936576504e-08,-0.3670645686380901,0.00023446919859755228
9,relu4_3,3.262222009711673e-08,-0.36574877916440596,0.00024785192709169453
9,relu4_3,3.322932516398968e-08,-0.3657759088442757,0.00024756902059548685
9,relu4_3,3.384772855945983e-08,-0.36513836136733596,0.0002542967299814398
9,relu4_3,3.447764054734464e-08,-0.36527400976668484,0.000252851333330056
9,relu4_3,3.5119275304507276e-08,-0.36466359196961484,0.00025941586227924945
9,relu4_3,3.577285099367877e-08,-0.3636597938144331,0.0002705535961863895
9,relu4_3,3.6438589837635405e-08,-0.36199131850244176,0.0002900463250471858
9,relu4_3,3.711671819475767e-08,-0.36199131850244176,0.0002900463250471858
9,relu4_3,3.780746663599349e-08,-0.36191115678164154,0.0002910146606594373
9,relu4_3,3.851107002325569e-08,-0.3618285404232231,0.0002920157646958241
9,relu4_3,3.9227767589277236e-08,-0.36197775366250684,0.00029020997625252954
9,relu4_3,3.995780301895265e-08,-0.3606890938686924,0.0003061506643405906
9,relu4_3,4.070142453219439e-08,-0.3603376300130257,0.00031063615268022554
9,relu4_3,4.1458884968329114e-08,-0.3605805751492133,0.000307529204762307
9,relu4_3,4.223044187206672e-08,-0.359400434074878,0.0003228945184218547
9,relu4_3,4.3016357581067994e-08,-0.3592376559956593,0.00032506848793998803
9,relu4_3,4.381689931514195e-08,-0.3588985349972871,0.00032964094176613434
9,relu4_3,4.4632339267103976e-08,-0.358912099837222,0.0003294569125410225
9,relu4_3,4.546295469532399e-08,-0.35888618721783694,0.00032980854185638963
9,relu4_3,4.630902801799737e-08,-0.35854584915897997,0.0003344590481426049
9,relu4_3,4.717084690917022e-08,-0.35815368337727443,0.00033989256290429274
9,relu4_3,4.804870439655134e-08,-0.35854584915897997,0.0003344590481426049
9,relu4_3,4.8942898961145316e-08,-0.3579489962018449,0.0003427606933461393
9,relu4_3,4.9853734638738935e-08,-0.3579489962018449,0.0003427606933461393
9,relu4_3,5.0781521123276706e-08,-0.35737927292457955,0.0003508615004922028
9,relu4_3,5.172657387216024e-08,-0.3580679402105432,0.00034109131934846495
9,relu4_3,5.268921421350677e-08,-0.35776030168512046,0.0003454244459729002
9,relu4_3,5.366976945540476e-08,-0.35735214324470976,0.00035125161226704475
9,relu4_3,5.4668572997201804e-08,-0.356836679327184,0.0003587399858848994
9,relu4_3,5.568596444286409e-08,-0.3573657080846447,0.0003510565065160192
9,relu4_3,5.6722289716445493e-08,-0.3569858925664678,0.0003565573333369819
9,relu4_3,5.777790117970507e-08,-0.3568773738469887,0.00035814350115744167
9,relu4_3,5.885315775191451e-08,-0.35486977753662513,0.0003886837327700669
9,relu4_3,5.99484250318941e-08,-0.3534047748236572,0.0004124614437614312
9,relu4_3,6.106407542232036e-08,-0.3525094953879545,0.0004276428398180447
9,relu4_3,6.220048825634717e-08,-0.35109875203472607,0.0004526096284090857
9,relu4_3,6.335804992658255e-08,-0.3517498643516007,0.0004409247443203022
9,relu4_3,6.453715401646702e-08,-0.35207542051003804,0.00043518678478494607
9,relu4_3,6.573820143409585e-08,-0.35155995659251227,0.0004443038898322046
9,relu4_3,6.696160054853215e-08,-0.35054259359739565,0.0004628148821214871
9,relu4_3,6.820776732865692e-08,-0.35040135106465414,0.00046544003491062286
9,relu4_3,6.94771254846024e-08,-0.3494709712425394,0.0004830765689653791
9,relu4_3,7.077010661181889e-08,-0.3493353228431905,0.0004856985719563442
9,relu4_3,7.208715033782136e-08,-0.3487384698860554,0.0004973912325916184
9,relu4_3,7.342870447166758e-08,-0.34861638632664144,0.0004998144953885429
9,relu4_3,7.479522515621828e-08,-0.34713781877373856,0.0005300352695633328
9,relu4_3,7.618717702323e-08,-0.34666304937601744,0.0005400888640210809
9,relu4_3,7.760503335133571e-08,-0.34666304937601744,0.0005400888640210809
9,relu4_3,7.90492762269642e-08,-0.3460119370591428,0.0005541609872255057
9,relu4_3,8.05203967082547e-08,-0.34506239826370055,0.0005752857747022546
9,relu4_3,8.201889499202212e-08,-0.3439580302448911,0.0006007816544037416
9,relu4_3,8.354528058382872e-08,-0.34369234943027677,0.0006070677055165297
9,relu4_3,8.510007247122247e-08,-0.34270211611502993,0.000631030968467432
9,relu4_3,8.668379930019774e-08,-0.34305480195333704,0.0006223985895700143
9,relu4_3,8.829699955494083e-08,-0.34359739555073254,0.000609328897420525
9,relu4_3,8.994022174092053e-08,-0.3429067515848245,0.0006260090373219829
9,relu4_3,9.161402457138521e-08,-0.34158979924036903,0.0006589789589855001
9,relu4_3,9.331897715733239e-08,-0.3403011394465546,0.0006927710171935951
9,relu4_3,9.505565920101191e-08,-0.3389717851329355,0.0007292840156499988
9,relu4_3,9.682466119303114e-08,-0.3391345632121542,0.0007247204398000865
9,relu4_3,9.86265846131283e-08,-0.3402740097666848,0.0006934991587193724
9,relu4_3,1.0046204213468132e-07,-0.34051817688551284,0.0006869710030667291
9,relu4_3,1.023316578330245e-07,-0.3386326641345633,0.0007388759274568395
9,relu4_3,1.0423606739764012e-07,-0.3378606140165047,0.0007611445296338827
9,relu4_3,1.061759183482999e-07,-0.33457677699403154,0.0008628771484931752
9,relu4_3,1.0815187025522893e-07,-0.3330439500813891,0.0009144852068809297
9,relu4_3,1.1016459496336569e-07,-0.3327862181226262,0.0009234339958409464
9,relu4_3,1.1221477682079802e-07,-0.33212154096581664,0.0009468820816229504
9,relu4_3,1.1430311291144787e-07,-0.3310906131307651,0.0009843256615838351
9,relu4_3,1.1643031329208756e-07,-0.33058871405317425,0.0010030386321501523
9,relu4_3,1.1859710123376706e-07,-0.3308068733296062,0.0009948652567069506
9,relu4_3,1.208042134677329e-07,-0.3289473684210527,0.0010665200082965762
9,relu4_3,1.2305240043592615e-07,-0.32982908301682046,0.0010319778433306797
9,relu4_3,1.2534242654613995e-07,-0.3290694519804667,0.0010616753014073277
9,relu4_3,1.2767507043192645e-07,-0.3270482908301683,0.0011445187916735934
9,relu4_3,1.3005112521734099e-07,-0.3248236570808465,0.0012424649142551772
9,relu4_3,1.3247139878661174e-07,-0.32500000000000007,0.0012344316611739238
9,relu4_3,1.3493671405883065e-07,-0.3243624525230603,0.0012637000072152243
9,relu4_3,1.3744790926775367e-07,-0.32429462832338585,0.0012668504684539262
9,relu4_3,1.400058382468096e-07,-0.3226804123711341,0.0013439687280164022
9,relu4_3,1.4261137071941298e-07,-0.3231144872490505,0.0013228228431050406
9,relu4_3,1.4526539259467813e-07,-0.3231687466087901,0.0013202009546776018
9,relu4_3,1.4796880626863963e-07,-0.32333152468800874,0.0013123635713343678
9,relu4_3,1.5072253093107556e-07,-0.32033369506239834,0.0014636944447870138
9,relu4_3,1.5352750287804213e-07,-0.320862723819859,0.001435890073302028
9,relu4_3,1.563846758302248e-07,-0.3186787845903419,0.001553853167169989
9,relu4_3,1.592950212572123e-07,-0.31677970699945746,0.001663492842934292
9,relu4_3,1.6225952870780872e-07,-0.31682040151926216,0.0016610718292775473
9,relu4_3,1.6527920614648973e-07,-0.3178377645143788,0.0016015736536646472
9,relu4_3,1.6835508029612007e-07,-0.3177021161150299,0.0016093936138472113
9,relu4_3,1.714881969870541e-07,-0.31768855127509504,0.0016101775085362554
9,relu4_3,1.7467962151272458e-07,-0.31893651654910476,0.001539489197597836
9,relu4_3,1.7793043899185772e-07,-0.3199945740640261,0.0014817735838171847
9,relu4_3,1.8124175473742396e-07,-0.31980466630493765,0.001491986098142999
9,relu4_3,1.8461469463245456e-07,-0.3191671188279979,0.0015267393242864701
9,relu4_3,1.8805040551285834e-07,-0.3185374340001836,0.0015617824018853922
9,relu4_3,1.915500555573528e-07,-0.31642702116115035,0.0016846091386147001
9,relu4_3,1.9511483468466165e-07,-0.31497558328811726,0.0017740881480593884
9,relu4_3,1.9874595495809857e-07,-0.3156266956049919,0.0017334295169575884
9,relu4_3,2.0244465099768018e-07,-0.3159251220835595,0.0017150776088217573
9,relu4_3,2.0621218039991447e-07,-0.3152875746066197,0.001754499472084344
9,relu4_3,2.1004982416539152e-07,-0.31502984264785683,0.0017706672770623415
9,relu4_3,2.1395888713434216e-07,-0.3146093326098753,0.001797335805508909
9,relu4_3,2.179406984302958e-07,-0.3141074335322844,0.001829641130221512
9,relu4_3,2.2199661191199526e-07,-0.3145550732501357,0.001800803233460533
9,relu4_3,2.2612800663372794e-07,-0.3149348887683126,0.0017766577227432804
9,relu4_3,2.3033628731421313e-07,-0.31508410200759635,0.0017672523731824235
9,relu4_3,2.3462288481422625e-07,-0.31486706456863817,0.0017809478280940022
9,relu4_3,2.389892566231053e-07,-0.3141074335322844,0.001829641130221512
9,relu4_3,2.434368873543108e-07,-0.31380900705371684,0.0018490976586506497
9,relu4_3,2.47967289250216e-07,-0.3128323385784048,0.0019140882202591202
9,relu4_3,2.5258200269627846e-07,-0.3109468258274553,0.002045424473079052
9,relu4_3,2.572825967447932e-07,-0.3099701573521433,0.002116604920722377
9,relu4_3,2.620706696483855e-07,-0.31016006511123173,0.002102591708605126
9,relu4_3,2.669478494034318e-07,-0.3089663591969615,0.0021920842116219807
9,relu4_3,2.7191579430360187e-07,-0.3081389039609333,0.0022561194485150493
9,relu4_3,2.769761935036891e-07,-0.3075556158437331,0.0023022671378389883
9,relu4_3,2.8213076759394705e-07,-0.30710797612588175,0.00233825782883424
9,relu4_3,2.8738126918510695e-07,-0.3061041779707,0.0024208135598015206
9,relu4_3,2.927294835042813e-07,-0.3042457948996202,0.0025806107171511407
9,relu4_3,2.9817722900196733e-07,-0.302930005425936,0.0026994243134862957
9,relu4_3,3.0372635797033114e-07,-0.3010580575149214,0.002876936530135535
9,relu4_3,3.0937875717301365e-07,-0.3013564839934889,0.0028479530095010096
9,relu4_3,3.1513634848664826e-07,-0.3010444926749865,0.002878260235135843
9,relu4_3,3.2100108955431685e-07,-0.29928106348345096,0.0030550720352839488
9,relu4_3,3.2697497445117677e-07,-0.2985078676071623,0.0031356249197479575
9,relu4_3,3.3306003436245885e-07,-0.29598480737927296,0.0034119005760823665
9,relu4_3,3.3925833827409916e-07,-0.29507596310363543,0.00351663848505913
9,relu4_3,3.455719936762143e-07,-0.29405860010851875,0.0036372890940835874
9,relu4_3,3.520031472796675e-07,-0.2894736842105264,0.004228236919383772
9,relu4_3,3.585539857459817e-07,-0.2894736842105264,0.004228236919383772
9,relu4_3,3.6522673643081754e-07,-0.2843597395550733,0.0049871860098680545
9,relu4_3,3.7202366814130657e-07,-0.28384427563754755,0.005070033882121171
9,relu4_3,3.7894709190746713e-07,-0.2814568638090071,0.00546992883827258
9,relu4_3,3.8599936176797634e-07,-0.27973412913727624,0.0057756453408517915
9,relu4_3,3.9318287557057704e-07,-0.2775366250678242,0.006187560287672878
9,relu4_3,4.005000757873611e-07,-0.2755832881172003,0.006575338619929346
9,relu4_3,4.079534503452449e-07,-0.2756375474769398,0.00656428319797857
9,relu4_3,4.1554553347188797e-07,-0.2745794899620185,0.00678285678528278
9,relu4_3,4.232789065573544e-07,-0.27224633749321764,0.007287718043894349
9,relu4_3,4.3115619903182285e-07,-0.27052360282148674,0.007681503193904158
9,relu4_3,4.391800892596086e-07,-0.26871947911014654,0.008113891196076922
9,relu4_3,4.473533054498463e-07,-0.26919424850786766,0.007998075392867286
9,relu4_3,4.556786265841069e-07,-0.2691671188279979,0.008004653990643516
9,relu4_3,4.6415888336127725e-07,-0.2681633206728161,0.008251437566238999
9,relu4_3,4.7279695916003907e-07,-0.26526044492674994,0.009003200721358925
9,relu4_3,4.815957910192351e-07,-0.26459576776994037,0.009183570869763708
9,relu4_3,4.905583706365046e-07,-0.26089256646771575,0.010247739556604088
9,relu4_3,4.996877453854889e-07,-0.2583423765599566,0.011041972551610704
9,relu4_3,5.089870193519674e-07,-0.25732501356484,0.01137353087972217
9,relu4_3,5.184593543892913e-07,-0.25628052088985354,0.01172294507318207
9,relu4_3,5.281079711934331e-07,-0.25567010309278354,0.011931455774005232
9,relu4_3,5.379361503980697e-07,-0.255737927292458,0.011908129261642654
9,relu4_3,5.479472336900293e-07,-0.25626695604991867,0.011727543867296873
9,relu4_3,5.581446249454955e-07,-0.25687737384698867,0.011522150063176783
9,relu4_3,5.685317913873753e-07,-0.2551139446554531,0.012124241407125043
9,relu4_3,5.791122647641759e-07,-0.255982094411286,0.011824482913781362
9,relu4_3,5.898896425508493e-07,-0.2556294085729789,0.011945470805998922
9,relu4_3,6.008675891719693e-07,-0.25340477482365714,0.012733804659310547
9,relu4_3,6.12049837247669e-07,-0.25349972870320137,0.01269925295569319
9,relu4_3,6.234401888627864e-07,-0.25206185567010314,0.013231301959331674
9,relu4_3,6.350425168595962e-07,-0.2520889853499729,0.013221086562073268
9,relu4_3,6.468607661546321e-07,-0.2505697232772654,0.013803826257526863
9,relu4_3,6.588989550799957e-07,-0.2506646771568096,0.01376676200898459
9,relu4_3,6.711611767496273e-07,-0.24989148128052094,0.014071101158777325
9,relu4_3,6.836516004510239e-07,-0.24967444384156273,0.014157572877017879
9,relu4_3,6.963744730628223e-07,-0.2478567552902876,0.01490006437215084
9,relu4_3,7.09334120498799e-07,-0.24732772653282697,0.015122407382180817
9,relu4_3,7.225349491787222e-07,-0.24519804666304942,0.016046811393941866
9,relu4_3,7.359814475265756e-07,-0.2432854042322301,0.016918268815312287
9,relu4_3,7.496781874966877e-07,-0.2417390124796528,0.017652441060510407
9,relu4_3,7.636298261282241e-07,-0.24011123168746615,0.018454774989228828
9,relu4_3,7.778411071286482e-07,-0.23974498100922415,0.01863956677195302
9,relu4_3,7.923168624866261e-07,-0.23809007053716771,0.019494543726005405
9,relu4_3,8.070620141149491e-07,-0.23766956049918617,0.019717087885720855
9,relu4_3,8.220815755240541e-07,-0.2371405317417255,0.020000160378641354
9,relu4_3,8.373806535266489e-07,-0.23662506782419973,0.020279324590039546
9,relu4_3,8.529644499741017e-07,-0.23549918610960396,0.020900730039747673
9,relu4_3,8.688382635251193e-07,-0.23357297883884975,0.02200173994477634
9,relu4_3,8.850074914473439e-07,-0.231592512208356,0.023185154010761374
9,relu4_3,9.014776314524917e-07,-0.23186380900705375,0.0230198953241508
9,relu4_3,9.182542835656282e-07,-0.22848616386326645,0.025150749781054756
9,relu4_3,9.353431520292377e-07,-0.22619370591427027,0.026690816856086246
9,relu4_3,9.5275004724273e-07,-0.22278893109061318,0.029125617036088437
9,relu4_3,9.704808877380307e-07,-0.21873304395008145,0.032269018965699996
9,relu4_3,9.885417021919574e-07,-0.21606077048290834,0.03449266564141121
9,relu4_3,1.0069386314760271e-06,-0.21427021161150303,0.036053577109882065
9,relu4_3,1.0256779307444208e-06,-0.21318502441671192,0.03702810928401134
9,relu4_3,1.0447659715608053e-06,-0.21157080846446016,0.03851848871221058
9,relu4_3,1.0642092440647247e-06,-0.20912913727618018,0.0408679458451494
9,relu4_3,1.084014359178331e-06,-0.20896635919696152,0.04102873476722112
9,relu4_3,1.10418805085416e-06,-0.2063212154096582,0.04371633159029927
9,relu4_3,1.1247371783647508e-06,-0.20732501356483998,0.04267968803837591
9,relu4_3,1.1456687286348725e-06,-0.20808464460119375,0.04190886607255978
9,relu4_3,1.1669898186171475e-06,-0.20770482908301685,0.04229281538049705
9,relu4_3,1.1887076977119033e-06,-0.2081389039609333,0.04185425385975918
9,relu4_3,1.2108297502320394e-06,-0.2058328811720022,0.04422815984023021
9,relu4_3,1.2333634979137747e-06,-0.20615843733043954,0.04388639135110279
9,relu4_3,1.2563166024741214e-06,-0.2065653825284862,0.043462268902365875
9,relu4_3,1.2796968682159416e-06,-0.20604991861096042,0.04400006956852058
9,relu4_3,1.303512244681509e-06,-0.206470428648942,0.04356092484441236
9,relu4_3,1.327770829355429e-06,-0.20800325556158442,0.04199089564463211
9,relu4_3,1.352480870417874e-06,-0.21086543678784594,0.039185321334589525
9,relu4_3,1.377650769549055e-06,-0.20866793271839396,0.04132488413764332
9,relu4_3,1.4032890847858731e-06,-0.2078947368421053,0.0421004763291102
9,relu4_3,1.4294045334317611e-06,-0.20949538795442219,0.04050809103959383
9,relu4_3,1.4560059950206485e-06,-0.21049918610960394,0.03953534842258157
9,relu4_3,1.483102514336103e-06,-0.20916983179598486,0.040827830810191236
9,relu4_3,1.5107033044866557e-06,-0.21072978838849707,0.039314657886306746
9,relu4_3,1.5388177500383465e-06,-0.20956321215409662,0.04044174217460951
9,relu4_3,1.567455410205595e-06,-0.21083830710797616,0.03921116016556131
9,relu4_3,1.596626022101425e-06,-0.20625339120998376,0.043787123161441066
9,relu4_3,1.6263395040481906e-06,-0.20594139989148133,0.044113992269835776
9,relu4_3,1.6566059589499152e-06,-0.20154639175257735,0.04893793340435126
9,relu4_3,1.6874356777273756e-06,-0.20008138903960937,0.05063964020153701
9,relu4_3,1.7188391428171457e-06,-0.19951166576234405,0.05131445401902282
9,relu4_3,1.7508270317357268e-06,-0.1996880086814976,0.051104796133652305
9,relu4_3,1.7834102207100063e-06,-0.19972870320130226,0.05105651390051992
9,relu4_3,1.8165997883753285e-06,-0.1979652740097667,0.05318350651388598
9,relu4_3,1.850407019542302e-06,-0.1987113402061856,0.05227490107623334
9,relu4_3,1.8848434090337953e-06,-0.19644601193705918,0.05507390464439313
9,relu4_3,1.919920665593287e-06,-0.1942620727075421,0.05788758404027805
9,relu4_3,1.955650715865947e-06,-0.19313619099294632,0.059383404559688054
9,relu4_3,1.992045708453871e-06,-0.19211882799782967,0.06076205054860762
9,relu4_3,2.029118018046678e-06,-0.19131850244167123,0.06186482770131502
9,relu4_3,2.066880249629082e-06,-0.190979381443299,0.06233699617492498
9,relu4_3,2.1053452427667084e-06,-0.19259359739555076,0.06011546957078447
9,relu4_3,2.144526075971665e-06,-0.19529300054259363,0.05654507649478563
9,relu4_3,2.1844360711494283e-06,-0.19648670645686384,0.055022560079750496
9,relu4_3,2.2250887981283694e-06,-0.19765328269126428,0.05356729864750722
9,relu4_3,2.266498079273693e-06,-0.1973684210526316,0.05391970206082878
9,relu4_3,2.308677994187172e-06,-0.1948589256646772,0.05710720191777143
9,relu4_3,2.351642884494346e-06,-0.1977346717308736,0.05346696025112345
9,relu4_3,2.3954073587208794e-06,-0.19692078133478028,0.05447732406063553
9,relu4_3,2.43998629725955e-06,-0.1968122626153012,0.054613215573291116
9,relu4_3,2.4853948574297983e-06,-0.19628323385784052,0.05527967604946858
9,relu4_3,2.531648478631358e-06,-0.19418068366793276,0.05799467226253714
9,relu4_3,2.5787628875937984e-06,-0.1971378187737385,0.054206373603578994
9,relu4_3,2.6267541037238384e-06,-0.19850786760716227,0.05252142659733083
9,relu4_3,2.6756384445520452e-06,-0.20012208355941405,0.05059172045156091
9,relu4_3,2.725432531281028e-06,-0.2017362995116658,0.04872084067553814
9,relu4_3,2.776153294436804e-06,-0.20341833966359202,0.04683253370480092
9,relu4_3,2.827817979625338e-06,-0.20252306022788935,0.04782991462648454
9,relu4_3,2.880444153396298e-06,-0.20431361909929466,0.0458524333548949
9,relu4_3,2.934049709215787e-06,-0.20438144329896912,0.04577888130580857
9,relu4_3,2.9886528735503824e-06,-0.20686380900705376,0.04315341567143834
9,relu4_3,3.0442722120643057e-06,-0.20716223548562132,0.0428463895632251
9,relu4_3,3.1009266359319234e-06,-0.20619913185024422,0.043843824972001656
9,relu4_3,3.158635408267819e-06,-0.20527672273467176,0.04481712631176898
9,relu4_3,3.2174181506763714e-06,-0.20157352143244714,0.04890687133211907
9,relu4_3,3.277294849923382e-06,-0.2018583830710798,0.04858170162417631
9,relu4_3,3.3382858647317643e-06,-0.20025773195876292,0.050432257847560634
9,relu4_3,3.4004119327037024e-06,-0.20154639175257735,0.04893793340435126
9,relu4_3,3.4636941773717343e-06,-0.2019804666304938,0.04844289104182534
9,relu4_3,3.5281541153808832e-06,-0.20193977211068914,0.04848912477399978
9,relu4_3,3.5938136638046257e-06,-0.20242810634834513,0.047936720084905356
9,relu4_3,3.660695147596906e-06,-0.20590070537167665,0.04415677639244221
9,relu4_3,3.72882130718283e-06,-0.20538524145415088,0.0447016977327576
9,relu4_3,3.7982153061907363e-06,-0.20581931633206732,0.04424244802307994
9,relu4_3,3.868900739327975e-06,-0.20344546934346178,0.046802580908548254
9,relu4_3,3.9409016404034476e-06,-0.20264514378730336,0.04769288254892216
9,relu4_3,4.014242490499326e-06,-0.20505968529571356,0.045048725557477624
9,relu4_3,4.088948226294856e-06,-0.20655181768855133,0.043476351227797895
9,relu4_3,4.1650442485451855e-06,-0.20716223548562132,0.0428463895632251
9,relu4_3,4.242556430717777e-06,-0.20701302224633752,0.042999674724975415
9,relu4_3,4.321511127789762e-06,-0.20739283776451442,0.042610388503108415
9,relu4_3,4.401935185208879e-06,-0.21025501899077595,0.03977014750026025
9,relu4_3,4.483855948021182e-06,-0.20839663591969618,0.041595654572342614
9,relu4_3,4.567301270168747e-06,-0.20992946283233863,0.040085022985082056
9,relu4_3,4.652299523960189e-06,-0.2126017362995117,0.03756097626863432
9,relu4_3,4.738879609717651e-06,-0.21093326098752038,0.039120786491946176
9,relu4_3,4.827070965603188e-06,-0.2107976125881715,0.03924994510230785
9,relu4_3,4.916903577628021e-06,-0.21106890938686929,0.03899198321727256
9,relu4_3,5.008407989848212e-06,-0.21215409658166037,0.03797426179151326
9,relu4_3,5.101615314749834e-06,-0.21401247965274015,0.03628305841805256
9,relu4_3,5.1965572438276574e-06,-0.21641345632121545,0.034192007295033244
9,relu4_3,5.293266058360567e-06,-0.21979110146500275,0.031422624303672354
9,relu4_3,5.391774640387494e-06,-0.22090341833966365,0.030553106035117357
9,relu4_3,5.492116483887789e-06,-0.22282962561041783,0.02909544141556339
9,relu4_3,5.594325706169378e-06,-0.22261258817145962,0.02925668445972659
9,relu4_3,5.698437059469136e-06,-0.22303309820944117,0.028944960120408775
9,relu4_3,5.804485942768984e-06,-0.22474226804123715,0.027706745800666663
9,relu4_3,5.912508413831869e-06,-0.22457948996201849,0.02782270147762768
9,relu4_3,6.022541201461928e-06,-0.2256782419967445,0.02704792850814973
9,relu4_3,6.134621717992506e-06,-0.22609875203472604,0.0267562978961816
9,relu4_3,6.248788072006888e-06,-0.22584102007596316,0.02693472057406691
9,relu4_3,6.365079081295578e-06,-0.22635648399348893,0.026578880451423013
9,relu4_3,6.483534286054714e-06,-0.22744167118828001,0.02584278674284756
9,relu4_3,6.604193962330305e-06,-0.2278486163863267,0.025571259318512674
9,relu4_3,6.727099135712336e-06,-0.23199945740640265,0.022937644145167052
9,relu4_3,6.852291595284057e-06,-0.23080575149213245,0.023670147271445223
9,relu4_3,6.979813907830667e-06,-0.23511937059142707,0.021114011385745073
9,relu4_3,7.109709432312424e-06,-0.23429191535539884,0.02158512757507792
9,relu4_3,7.242022334607315e-06,-0.23208084644601198,0.022888414101261034
9,relu4_3,7.376797602527731e-06,-0.2343597395550733,0.021546175630765024
9,relu4_3,7.514081061116962e-06,-0.23644872490504618,0.020375592901668786
9,relu4_3,7.653919388230155e-06,-0.23684210526315794,0.02016137671131833
9,relu4_3,7.796360130405221e-06,-0.24035539880629414,0.01833245877380635
9,relu4_3,7.94145171902934e-06,-0.2401654910472057,0.018427533045255014
9,relu4_3,8.089243486805938e-06,-0.24154910472056434,0.01774446939393739
9,relu4_3,8.239785684528512e-06,-0.24165762344004346,0.017691831253394817
9,relu4_3,8.393129498166374e-06,-0.2414812805208899,0.017777436757717466
9,relu4_3,8.549327066268366e-06,-0.24355670103092789,0.01679222318159793
9,relu4_3,8.708431497690725e-06,-0.24348887683125345,0.016823658306900233
9,relu4_3,8.870496889654403e-06,-0.24108790016277812,0.01796969069943611
9,relu4_3,9.035578346138921e-06,-0.24298697775366254,0.01705786184093728
9,relu4_3,9.20373199661823e-06,-0.2411150298426479,0.017956374515934657
9,relu4_3,9.37501501514529e-06,-0.24213239283776455,0.017463119514127427
9,relu4_3,9.549485639791967e-06,-0.24125067824199678,0.01788992109670264
9,relu4_3,9.727203192450538e-06,-0.2411150298426479,0.017956374515934657
9,relu4_3,9.908228099003787e-06,-0.24376017362995123,0.016698222012819425
9,relu4_3,1.0092621909870484e-05,-0.24481823114487253,0.01621670931675957
9,relu4_3,1.0280447320933097e-05,-0.24468258274552365,0.016277762953062023
9,relu4_3,1.0471768194855202e-05,-0.2444791101465003,0.01636971599272805
9,relu4_3,1.0666649582795388e-05,-0.24774823657080852,0.014945440735092219
9,relu4_3,1.0865157746525373e-05,-0.2467986977753663,0.01534761960701622
9,relu4_3,1.1067360180959745e-05,-0.24430276722734676,0.016449771485956066
9,relu4_3,1.1273325637104872e-05,-0.24553716766142164,0.015896419985510935
9,relu4_3,1.148312414543511e-05,-0.2475040694519805,0.01504797571715356
9,relu4_3,1.1696827039703846e-05,-0.24761258817145962,0.015002329593729139
9,relu4_3,1.1914506981197747e-05,-0.25096310363537716,0.013650836747944942
9,relu4_3,1.2136237983442418e-05,-0.251465002712968,0.01345778427496833
9,relu4_3,1.2362095437367691e-05,-0.25398806294085735,0.012522845131584867
9,relu4_3,1.259215613694151e-05,-0.25549376017363,0.01199229134548999
9,relu4_3,1.28264983052806e-05,-0.2572707542051004,0.011391455690385351
9,relu4_3,1.3065201621247199e-05,-0.25732501356484,0.01137353087972217
9,relu4_3,1.330834724654076e-05,-0.25784047748236577,0.011204470192120517
9,relu4_3,1.355601785329369e-05,-0.2589527943570266,0.010847119577397066
9,relu4_3,1.3808297652180924e-05,-0.25576505697232776,0.011898809802257153
9,relu4_3,1.4065272421052364e-05,-0.25590070537167664,0.011852307886676157
9,relu4_3,1.4327029534098295e-05,-0.25812533912099844,0.011111987257341227
9,relu4_3,1.4593657991557576e-05,-0.2579218665219751,0.011177978114026823
9,relu4_3,1.4865248449978572e-05,-0.2583423765599566,0.011041972551610704
9,relu4_3,1.514189325304352e-05,-0.25739283776451444,0.011351159514180427
9,relu4_3,1.5423686462966275e-05,-0.2567959848073793,0.011549353148682788
9,relu4_3,1.5710723892474488e-05,-0.2606483993488877,0.010321554115642957
9,relu4_3,1.6003103137387017e-05,-0.2579625610417798,0.011164752613082756
9,relu4_3,1.630092360979741e-05,-0.25732501356484,0.01137353087972217
9,relu4_3,1.6604286571875295e-05,-0.25784047748236577,0.011204470192120517
9,relu4_3,1.691329517029647e-05,-0.26037710255019,0.010404115942292097
9,relu4_3,1.7228054471313922e-05,-0.26216766142159525,0.00986972655008558
9,relu4_3,1.754867149648152e-05,-0.26290016277807926,0.009658145028659701
9,relu4_3,1.7875255259042355e-05,-0.2604720564297342,0.010375153773095152
9,relu4_3,1.8207916800994626e-05,-0.26097395550732505,0.010223237651720032
9,relu4_3,1.8546769230846977e-05,-0.259888768312534,0.010554184998888976
9,relu4_3,1.8891927762076646e-05,-0.2629137276180142,0.00965426466436323
9,relu4_3,1.924350975230332e-05,-0.2597259902333153,0.010604627255419077
9,relu4_3,1.9601634743191856e-05,-0.26185567010309285,0.00996107145057241
9,relu4_3,1.9966424501097934e-05,-0.26536896364622903,0.008974050001483718
9,relu4_3,2.03380030584698e-05,-0.26604720564297346,0.008793729837792301
9,relu4_3,2.071649675602067e-05,-0.26907216494845365,0.008027716638812887
9,relu4_3,2.1102034285685967e-05,-0.2698724905046121,0.007835151143214196
9,relu4_3,2.1494746734379807e-05,-0.2683125339120999,0.00821433485132845
9,relu4_3,2.189476762856621e-05,-0.2645415084102008,0.009198434096536921
9,relu4_3,2.2302232979659363e-05,-0.26158437330439505,0.010041103200695864
9,relu4_3,2.2717281330269027e-05,-0.2608790016277808,0.010251828203627397
9,relu4_3,2.314005380130654e-05,-0.25870862723819865,0.01092469694082123
9,relu4_3,2.3570694139967276e-05,-0.26010580575149217,0.010487255356937447
9,relu4_3,2.4009348768606518e-05,-0.2625881714595768,0.00974777175426474
9,relu4_3,2.445616683452444e-05,-0.2628594682582746,0.009669794330415739
9,relu4_3,2.491130026067791e-05,-0.2641074335322844,0.009318102321831006
9,relu4_3,2.5374903797335716e-05,-0.26272381985892573,0.009708714387407336
9,relu4_3,2.584713507469564e-05,-0.26549104720564304,0.008941354599015532
9,relu4_3,2.63281546564802e-05,-0.26496201844818235,0.009083794595287745
9,relu4_3,2.6818126094530128e-05,-0.26751220835594147,0.00841507241091853
9,relu4_3,2.731721598441379e-05,-0.2673494302767228,0.008456424638220668
9,relu4_3,2.782559402207126e-05,-0.2670916983179599,0.008522264704902471
9,relu4_3,2.8343433061513092e-05,-0.267322300596853,0.008463334031521727
9,relu4_3,2.8870909173592348e-05,-0.26922137818773745,0.00799150155878955
9,relu4_3,2.9408201705870607e-05,-0.27114758545849166,0.007536756727156854
9,relu4_3,2.9955493343598162e-05,-0.27082202930005433,0.007611973590528535
9,relu4_3,3.051297017182871e-05,-0.2732637004883343,0.007063633522065032
9,relu4_3,3.1080821738690636e-05,-0.27369777536625073,0.006969891703334412
9,relu4_3,3.165924111983521e-05,-0.2734943027672274,0.007013695416527262
9,relu4_3,3.224842498408439e-05,-0.27067281606077054,0.007646668698635485
9,relu4_3,3.284857366030047e-05,-0.2709305480195334,0.007586828065589136
9,relu4_3,3.345989120549975e-05,-0.2713103635377103,0.007499394763742104
9,relu4_3,3.408258547423452e-05,-0.2727618014107434,0.007173409516364295
9,relu4_3,3.4716868189265594e-05,-0.271595225176343,0.007434404401350592
9,relu4_3,3.536295501355039e-05,-0.27110689093868695,0.00754612283658768
9,relu4_3,3.602106562357074e-05,-0.27023874118285407,0.007748394174014197
9,relu4_3,3.669142378402494e-05,-0.27067281606077054,0.007646668698635485
9,relu4_3,3.7374257423910643e-05,-0.27209712425393384,0.007321106086902727
9,relu4_3,3.806979871402284e-05,-0.27335865436787854,0.007043032856914327
9,relu4_3,3.877828414589453e-05,-0.27426749864351607,0.006848524773744485
9,relu4_3,3.949995461220647e-05,-0.2749728703201303,0.006700851960415339
9,relu4_3,4.023505548869293e-05,-0.2772517634291916,0.00624281859529452
9,relu4_3,4.098383671757261e-05,-0.2782013022246338,0.006060306049339563
9,relu4_3,4.174655289253135e-05,-0.27900162778079224,0.005910163381740661
9,relu4_3,4.252346334528678e-05,-0.2799511665762345,0.005736313241852497
9,relu4_3,4.331483223376403e-05,-0.2800189907759089,0.005724070793780131
9,relu4_3,4.41209286319119e-05,-0.2800189907759089,0.005724070793780131
9,relu4_3,4.494202662119142e-05,-0.2819858925664678,0.0053789765067741475
9,relu4_3,4.577840538376616e-05,-0.2793407487791645,0.005847544961625366
9,relu4_3,4.6630349297427265e-05,-0.27953065653825293,0.00581273628132315
9,relu4_3,4.7498148032285043e-05,-0.2797748236570809,0.0057682523992728715
9,relu4_3,4.838209664925957e-05,-0.2813754747693978,0.005484042068775039
9,relu4_3,4.9282495700405135e-05,-0.2824335322843191,0.005303068868830657
9,relu4_3,5.0199651331100794e-05,-0.2819858925664678,0.0053789765067741475
9,relu4_3,5.113387538414321e-05,-0.2821758003255562,0.00534665616628746
9,relu4_3,5.2085485505776655e-05,-0.2809142702116116,0.005564629545501259
9,relu4_3,5.305480525369574e-05,-0.2817281606077049,0.005423117412173113
9,relu4_3,5.404216420705915e-05,-0.2803988062940858,0.005655940556781714
9,relu4_3,5.5047898078549675e-05,-0.28176885512750954,0.005416126475606693
9,relu4_3,5.607234882852027e-05,-0.2832745523602822,0.00516302472448802
9,relu4_3,5.711586478126435e-05,-0.2833830710797613,0.005145196146208831
9,relu4_3,5.8178800743449355e-05,-0.2843733043950082,0.004985022163420989
9,relu4_3,5.926151812475552e-05,-0.2841427021161151,0.005021921382584959
9,relu4_3,6.0364385060758635e-05,-0.2837357569180684,0.005087630716645426
9,relu4_3,6.148777653810017e-05,-0.2830982094411286,0.005192113330430987
9,relu4_3,6.263207452198692e-05,-0.28354584915897996,0.005118555910868572
9,relu4_3,6.379766808606283e-05,-0.2834102007596311,0.005140747563672363
9,relu4_3,6.498495354469889e-05,-0.2843597395550733,0.0049871860098680545
9,relu4_3,6.619433458774387e-05,-0.28372219207813354,0.0050898341356609075
9,relu4_3,6.742622241778336e-05,-0.2827726532826913,0.005246198364113115
9,relu4_3,6.868103588995308e-05,-0.28395279435702664,0.005052491200059052
9,relu4_3,6.995920165435375e-05,-0.2839799240368964,0.00504811397416864
9,relu4_3,7.126115430111745e-05,-0.28422409115572445,0.005008870477972597
9,relu4_3,7.258733650817246e-05,-0.28456321215409663,0.004954815897098966
9,relu4_3,7.393819919175873e-05,-0.2844411285946826,0.004974215455567444
9,relu4_3,7.531420165974376e-05,-0.2865708084644602,0.004645314558688562
9,relu4_3,7.671581176779303e-05,-0.2864080303852415,0.004669751705758446
9,relu4_3,7.814350607844543e-05,-0.28648941942485084,0.0046575188549266575
9,relu4_3,7.959777002314978e-05,-0.28699131850244175,0.004582711748321764
9,relu4_3,8.107909806731695e-05,-0.28803000552934727,0.0044312890503685224
9,relu4_3,8.258799387844272e-05,-0.28792729245794907,0.004446061486732272
9,relu4_3,8.412497049736118e-05,-0.2893729292370453,0.004242133675294449
9,relu4_3,8.569055051268347e-05,-0.2893729292370453,0.004242133675294449
9,relu4_3,8.728526623848371e-05,-0.29002404376198976,0.004153042491769214
9,relu4_3,8.890965989529168e-05,-0.29113636440876994,0.004004702824980162
9,relu4_3,9.056428379445294e-05,-0.29073915818136364,0.004057122168462119
9,relu4_3,9.224970052592174e-05,-0.29064420301375904,0.0040697438046815885
9,relu4_3,9.39664831495469e-05,-0.2913573548532459,0.003975801367389897
9,relu4_3,9.571521538991856e-05,-0.2917371768117575,0.003926562791124151
9,relu4_3,9.749649183484096e-05,-0.29204467293993197,0.0038871001405027324
9,relu4_3,9.9310918137498e-05,-0.2933649852053785,0.003721655702236355
9,relu4_3,0.00010115911122238297,-0.29357661330505835,0.003695731036397634
9,relu4_3,0.00010304169949505875,-0.2934565120866646,0.003710423668465416
9,relu4_3,0.00010495932305582266,-0.2943809869479883,0.00359866189175405
9,relu4_3,0.00010691263391734771,-0.29495697942554044,0.0035305614788828533
9,relu4_3,0.00010890229622637306,-0.29410528014518544,0.0036316731940085616
9,relu4_3,0.00011092898648952228,-0.29350766052110844,0.003704160028571598
9,relu4_3,0.00011299339380332217,-0.294056200902138,0.003637577943427678
9,relu4_3,0.00011509622008850311,-0.2953859430837318,0.0034805964237727516
9,relu4_3,0.00011723818032865997,-0.296014125536205,0.003408568883239896
9,relu4_3,0.00011942000281335325,-0.29944493043592724,0.003038240461516753
9,relu4_3,0.0001216424293857368,-0.30292178893399513,0.002700181449638639
9,relu4_3,0.00012390621569479155,-0.3028162734781726,0.0027099215071592067
9,relu4_3,0.0001262121314522546,-0.30126470428317675,0.002856838705746555
9,relu4_3,0.00012856096069432965,-0.3022016789097148,0.002767284694272569
9,relu4_3,0.00013095350204826676,-0.3048382132958739,0.002528669096287749
9,relu4_3,0.00013339056900390586,-0.30278695374947495,0.0027126335924421204
9,relu4_3,0.0001358729901902709,-0.2988250560019867,0.0031023520394758536
9,relu4_3,0.00013840160965731301,-0.2998121492861747,0.003000823443232406
9,relu4_3,0.00014097728716289676,-0.2990026845130018,0.0030838575794523175
9,relu4_3,0.00014360089846512608,-0.29982202510815575,0.002999822902619204
9,relu4_3,0.000146273335620113,-0.2996774744699162,0.0030144975604849207
9,relu4_3,0.00014899550728528536,-0.30489616651055546,0.002523638782261702
9,relu4_3,0.00015176833902834038,-0.304240174722867,0.0025811080414760604
9,relu4_3,0.00015459277364194784,-0.30366284220146006,0.002632657382470109
9,relu4_3,0.00015746977146430867,-0.30827333748078756,0.0022456024974604203
9,relu4_3,0.000160400310705682,-0.30827333748078756,0.0022456024974604203
9,relu4_3,0.00016338538778098603,-0.29187316880327707,0.003909066260085515
9,relu4_3,0.0001664260176485902,-0.30441595796726456,0.0025655939010160644
9,relu4_3,0.00016952323415541214,-0.3062901951369152,0.002405319566923871
9,relu4_3,0.0001726780903884356,-0.2982897835325361,0.003158687132968314
9,relu4_3,0.00017589165903277327,-0.29880620382635037,0.0031043207332807753
9,relu4_3,0.00017916503273638994,-0.3039584546927866,0.0026061479482100145
9,relu4_3,0.00018249932448161505,-0.30535661028924976,0.002483991380559478
9,relu4_3,0.00018589566796356884,-0.3050753925061657,0.0025081389831070364
9,relu4_3,0.00018935521797562954,-0.29721449810265027,0.0032746367440262404
9,relu4_3,0.00019287915080207777,-0.29293124243906016,0.003775298522262526
9,relu4_3,0.00019646866461804445,-0.29755005242471266,0.003238050465257616
9,relu4_3,0.00020012497989690348,-0.29293124243906016,0.003775298522262526
9,relu4_3,0.00020384933982524643,-0.3011561054087403,0.0028673849177480635
9,relu4_3,0.00020764301072557747,-0.30170451931023307,0.002814482935426844
9,relu4_3,0.00021150728248687948,-0.3012930520400187,0.0028540915499288863
9,relu4_3,0.00021544346900318823,-0.3012865160917911,0.002854724732273069
9,relu4_3,0.00021945290862033113,-0.2992260610212807,0.0030607403327399954
9,relu4_3,0.00022353696459097966,-0.29536647464287685,0.00348285029049868
9,relu4_3,0.000227697025538168,-0.2945086630538082,0.003583465972285814
9,relu4_3,0.00023193450592744275,-0.2902347785162203,0.004124567812811489
9,relu4_3,0.0002362508465477945,-0.28968045522147623,0.004199844935500994
9,relu4_3,0.00024064751500154217,-0.2911062220302768,0.00400865939945929
9,relu4_3,0.000245126006203334,-0.2823602051915278,0.0053154375988126125
9,relu4_3,0.00024968784288843267,-0.2796406145869808,0.005792665917197052
9,relu4_3,0.00025433457613046484,-0.24343319813540407,0.016849502214935346
9,relu4_3,0.0002590677858688006,-0.2548409363605998,0.012219866367297163
9,relu4_3,0.0002638890814457513,-0.24238458830202125,0.01734266941095005
9,relu4_3,0.00026880010215376074,-0.21138903187824576,0.03868941940909817
9,relu4_3,0.00027380251779278577,-0.1982132737695317,0.05288004764415406
9,relu4_3,0.000278898029238044,-0.19844124472583588,0.052602353786492535
9,relu4_3,0.0002840883690183301,-0.1998014870446823,0.050970252838537594
9,relu4_3,0.00028937530190509535,-0.17748242347970142,0.08363947058911936
9,relu4_3,0.00029476062551248586,-0.19484477122123614,0.05712560859214435
9,relu4_3,0.00030024617090855494,-0.2096453183066762,0.04036154335118643
9,relu4_3,0.00030583380323784314,-0.21030510519086046,0.03972188828877113
9,relu4_3,0.0003115254223555485,-0.2170222270151057,0.03367822630949851
9,relu4_3,0.00031732296347349796,-0.21610339502350165,0.03445621133817716
9,relu4_3,0.0003232283978181381,-0.23495060296354794,0.021209378065027516
9,relu4_3,0.0003292437333007769,-0.21671710141394093,0.03393492362569267
9,relu4_3,0.0003353710152002929,-0.21145290215392143,0.0386292878966974
9,relu4_3,0.0003416123268585525,-0.20298405463130886,0.04731417473372078
9,relu4_3,0.0003479697903887695,-0.19028610126108006,0.06331139910763045
9,relu4_3,0.0003544455673970436,-0.1760703141288111,0.08616856543403575
9,relu4_3,0.0003610418597173337,-0.17908923602651602,0.08083398077615958
9,relu4_3,0.00036776091016010306,-0.20284583106177317,0.047468327807581825
9,relu4_3,0.00037460500327489893,-0.20284583106177317,0.047468327807581825
9,relu4_3,0.00038157646612712524,-0.23788895225737502,0.019600709589002382
9,relu4_3,0.00038867766908926677,-0.25624839576629027,0.011733838783164882
9,relu4_3,0.00039591102664684585,-0.2548233140365259,0.012226061359449671
9,relu4_3,0.0004032789982193705,-0.25628303222779925,0.011722093844285852
9,relu4_3,0.00041078408899656427,-0.19852900677006557,0.05249577014998462
9,relu4_3,0.00041842885079015847,-0.13283900736258558,0.19697156709543442
9,relu4_3,0.0004262158829015325,-0.16711758923796088,0.10364607485551701
9,relu4_3,0.00043414783300550926,-0.160370975230698,0.11856015184039087
9,relu4_3,0.00044222739805058973,-0.1620705470123962,0.11465562186387825
9,relu4_3,0.0004504573251759454,-0.14674305175312202,0.15367100232233452
9,relu4_3,0.00045884041264547613,-0.14674305175312202,0.15367100232233452
9,relu4_3,0.00046737951079924635,-0.14674305175312202,0.15367100232233452
9,relu4_3,0.0004760775230226368,-0.14674305175312202,0.15367100232233452
9,relu4_3,0.00048493740673352334,-0.14674305175312202,0.15367100232233452
9,relu4_3,0.0004939621743878316,-0.1462842856718471,0.15497545323708495
9,relu4_3,0.0005031548945038057,-0.16065294588844614,0.11790536004812885
9,relu4_3,0.0005125186927053333,-0.16065294588844614,0.11790536004812885
9,relu4_3,0.0005220567527846976,-0.13188906358602612,0.20022194611239116
9,relu4_3,0.0005317723177850966,-0.12169215360912844,0.23755853204422298
9,relu4_3,0.0005416686911033147,-0.12169215360912844,0.23755853204422298
9,relu4_3,0.0005517492376129129,-0.12169215360912844,0.23755853204422298
9,relu4_3,0.0005620173848083188,-0.12169215360912844,0.23755853204422298
9,relu4_3,0.0005724766239702179,-0.12169215360912844,0.23755853204422298
9,relu4_3,0.0005831305113526219,-0.12169215360912844,0.23755853204422298
9,relu4_3,0.000593982669392035,-0.12169215360912844,0.23755853204422298
9,relu4_3,0.0006050367879391225,-0.11225134009311216,0.27621017417172045
9,relu4_3,0.0006162966255132943,-0.11225134009311216,0.27621017417172045
9,relu4_3,0.00062776601058065,-0.11225134009311216,0.27621017417172045
9,relu4_3,0.0006394488428556937,-0.11225134009311216,0.27621017417172045
9,relu4_3,0.0006513490946272796,-0.11225134009311216,0.27621017417172045
9,relu4_3,0.0006634708121092351,-0.11225134009311216,0.27621017417172045
9,relu4_3,0.000675818116816111,-0.11225134009311216,0.27621017417172045
9,relu4_3,0.0006883952069645496,-0.11998611913115206,0.24424926305175773
9,relu4_3,0.0007012063589007177,-0.11998611913115206,0.24424926305175773
9,relu4_3,0.0007142559285543119,-0.11998611913115206,0.24424926305175773
9,relu4_3,0.0007275483529196233,-0.11998611913115206,0.24424926305175773
9,relu4_3,0.0007410881515641569,-0.11998611913115206,0.24424926305175773
9,relu4_3,0.0007548799281653432,-0.11998611913115206,0.24424926305175773
9,relu4_3,0.0007689283720758305,-0.11998611913115206,0.24424926305175773
9,relu4_3,0.0007832382599179204,-0.11998611913115206,0.24424926305175773
9,relu4_3,0.0007978144572076629,-0.11998611913115206,0.24424926305175773
9,relu4_3,0.0008126619200091946,-0.11998611913115206,0.24424926305175773
9,relu4_3,0.0008277856966198472,-0.11998611913115206,0.24424926305175773
9,relu4_3,0.0008431909292866251,-0.11998611913115206,0.24424926305175773
9,relu4_3,0.0008588828559546258,-0.11998611913115206,0.24424926305175773
9,relu4_3,0.0008748668120479914,-0.11998611913115206,0.24424926305175773
9,relu4_3,0.0008911482322840202,-0.11998611913115206,0.24424926305175773
9,relu4_3,0.0009077326525210223,-0.11998611913115206,0.24424926305175773
9,relu4_3,0.0009246257116405734,-0.11998611913115206,0.24424926305175773
9,relu4_3,0.0009418331534647961,-0.11998611913115206,0.24424926305175773
9,relu4_3,0.0009593608287093146,-0.11998611913115206,0.24424926305175773
9,relu4_3,0.0009772146969725724,-0.11998611913115206,0.24424926305175773
9,relu4_3,0.0009954008287621518,-0.11998611913115206,0.24424926305175773
9,relu4_3,0.0010139254075588143,-0.08563938767514852,0.40675075158759183
9,relu4_3,0.0010327947319189526,-0.08563938767514852,0.40675075158759183
9,relu4_3,0.0010520152176161591,-0.08563938767514852,0.40675075158759183
9,relu4_3,0.001071593399822671,-0.08563938767514852,0.40675075158759183
9,relu4_3,0.0010915359353313911,-0.08563938767514852,0.40675075158759183
9,relu4_3,0.0011118496048192698,-0.08563938767514852,0.40675075158759183
9,relu4_3,0.0011325413151528126,-0.08563938767514852,0.40675075158759183
9,relu4_3,0.0011536181017364785,-0.08563938767514852,0.40675075158759183
9,relu4_3,0.0011750871309048076,-0.08620513412592631,0.4036466452769952
9,relu4_3,0.0011969557023590429,-0.08620513412592631,0.4036466452769952
9,relu4_3,0.0012192312516491094,0.020363097471682235,0.8438873066427579
9,relu4_3,0.0012419213527017847,0.020363097471682235,0.8438873066427579
9,relu4_3,0.0012650337203959038,0.020363097471682235,0.8438873066427579
9,relu4_3,0.0012885762131855181,0.020363097471682235,0.8438873066427579
9,relu4_3,0.0013125568357718427,0.020363097471682235,0.8438873066427579
9,relu4_3,0.0013369837418249451,0.020363097471682235,0.8438873066427579
9,relu4_3,0.0013618652367560827,0.020363097471682235,0.8438873066427579
9,relu4_3,0.001387209780541621,0.020363097471682235,0.8438873066427579
9,relu4_3,0.0014130259905995337,0.020363097471682235,0.8438873066427579
9,relu4_3,0.0014393226447194064,0.020363097471682235,0.8438873066427579
9,relu4_3,0.001466108684046983,0.020363097471682235,0.8438873066427579
9,relu4_3,0.0014933932161242535,0.020363097471682235,0.8438873066427579
9,relu4_3,0.001521185517986105,0.020363097471682235,0.8438873066427579
9,relu4_3,0.0015494950393146315,0.020363097471682235,0.8438873066427579
9,relu4_3,0.0015783314056521166,0.020363097471682235,0.8438873066427579
9,relu4_3,0.0016077044216738221,0.020363097471682235,0.8438873066427579
9,relu4_3,0.001637624074521689,0.020363097471682235,0.8438873066427579
9,relu4_3,0.0016681005372000592,0.020363097471682235,0.8438873066427579
9,relu4_3,0.001699144172034626,0.020363097471682235,0.8438873066427579
9,relu4_3,0.001730765534195724,0.020363097471682235,0.8438873066427579
9,relu4_3,0.0017629753752872038,0.020363097471682235,0.8438873066427579
9,relu4_3,0.0017957846470020968,0.020363097471682235,0.8438873066427579
9,relu4_3,0.0018292045048462937,0.020363097471682235,0.8438873066427579
9,relu4_3,0.0018632463119315598,0.020363097471682235,0.8438873066427579
9,relu4_3,0.0018979216428390996,0.020363097471682235,0.8438873066427579
9,relu4_3,0.0019332422875550433,0.020363097471682235,0.8438873066427579
9,relu4_3,0.0019692202554791737,0.020363097471682235,0.8438873066427579
9,relu4_3,0.002005867779508234,0.020363097471682235,0.8438873066427579
9,relu4_3,0.0020431973201952705,0.020363097471682235,0.8438873066427579
9,relu4_3,0.002081221569986337,0.020363097471682235,0.8438873066427579
9,relu4_3,0.002119953457536069,0.020363097471682235,0.8438873066427579
9,relu4_3,0.0021594061521035676,,
9,relu4_3,0.0021995930680300748,,
9,relu4_3,0.0022405278693000182,,
9,relu4_3,0.002282224474186896,,
9,relu4_3,0.0023246970599856455,,
9,relu4_3,0.0023679600678330787,,
9,relu4_3,0.002412028207618007,,
9,relu4_3,0.00245691646298279,,
9,relu4_3,0.0025026400964179166,,
9,relu4_3,0.0025492146544514203,,
9,relu4_3,0.0025966559729348722,,
9,relu4_3,0.00264498018242772,,
9,relu4_3,0.0026942037136818823,,
9,relu4_3,0.0027443433032283623,,
9,relu4_3,0.002795415999067859,,
9,relu4_3,0.0028474391664672478,,
9,relu4_3,0.0029004304938639917,,
9,relu4_3,0.00295440799888038,,
9,relu4_3,0.003009390034449718,,
9,relu4_3,0.00306539529505653,,
9,relu4_3,0.0031224428230928578,,
9,relu4_3,0.00318055201533292,,
9,relu4_3,0.0032397426295281955,,
9,relu4_3,0.003300034791125282,,
9,relu4_3,0.0033614490001087688,,
9,relu4_3,0.003424006137971426,,
9,relu4_3,0.0034877274748141775,,
9,relu4_3,0.0035526346765781393,,
9,relu4_3,0.003618749812411277,,
9,relu4_3,0.0036860953621721615,,
9,relu4_3,0.003754694224073337,,
9,relu4_3,0.0038245697224669993,,
9,relu4_3,0.0038957456157755013,,
9,relu4_3,0.003968246104569478,,
9,relu4_3,0.00404209583979631,,
9,relu4_3,0.004117319931161679,,
9,relu4_3,0.004193943955667186,,
9,relu4_3,0.004271993966306777,,
9,relu4_3,0.004351496500925045,,
9,relu4_3,0.0044324785912404005,,
9,relu4_3,0.004514967772036102,,
9,relu4_3,0.004598992090522438,,
9,relu4_3,0.004684580115873045,,
9,relu4_3,0.004771760948938741,,
9,relu4_3,0.004860564232142139,,
9,relu4_3,0.004951020159556351,,
9,relu4_3,0.005043159487171359,,
9,relu4_3,0.005137013543351339,,
9,relu4_3,0.005232614239486656,,
9,relu4_3,0.005329994080844093,,
9,relu4_3,0.005429186177618943,,
9,relu4_3,0.0055302242561929005,,
9,relu4_3,0.005633142670601352,,
9,relu4_3,0.005737976414214128,,
9,relu4_3,0.0058447611316336376,,
9,relu4_3,0.00595353313081437,,
9,relu4_3,0.006064329395408062,,
9,relu4_3,0.006177187597338488,,
9,relu4_3,0.0062921461096103375,,
9,relu4_3,0.006409244019356457,,
9,relu4_3,0.006528521141127847,,
9,relu4_3,0.006650018030431118,,
9,relu4_3,0.006773775997517745,,
9,relu4_3,0.006899837121430011,,
9,relu4_3,0.0070282442643083524,,
9,relu4_3,0.0071590410859648885,,
9,relu4_3,0.007292272058728313,,
9,relu4_3,0.00742798248256491,,
9,relu4_3,0.007566218500481048,,
9,relu4_3,0.007707027114212304,,
9,relu4_3,0.00785045620020451,,
9,relu4_3,0.007996554525892346,,
9,relu4_3,0.008145371766280737,,
9,relu4_3,0.008296958520834915,,
9,relu4_3,0.008451366330684721,,
9,relu4_3,0.008608647696149245,,
9,relu4_3,0.008768856094587427,,
9,relu4_3,0.008932045998580959,,
9,relu4_3,0.009098272894455568,,
9,relu4_3,0.009267593301146883,,
9,relu4_3,0.009440064789417604,,
9,relu4_3,0.009615746001432095,,
9,relu4_3,0.009794696670695385,,
9,relu4_3,0.009976977642363211,,
9,relu4_3,0.010162650893929951,,
9,relu4_3,0.010351779556301762,,
9,relu4_3,0.010544427935261684,,
9,relu4_3,0.010740661533334323,,
9,relu4_3,0.010940547072057435,,
9,relu4_3,0.011144152514667882,,
9,relu4_3,0.01135154708920999,,
9,relu4_3,0.011562801312073753,,
9,relu4_3,0.011777987011971181,,
9,relu4_3,0.011997177354358856,,
9,relu4_3,0.012220446866314887,,
9,relu4_3,0.012447871461879062,,
9,relu4_3,0.01267952846786434,,
9,relu4_3,0.012915496650148827,,
9,relu4_3,0.013155856240457052,,
9,relu4_3,0.013400688963639508,,
9,relu4_3,0.013650078065460139,,
9,relu4_3,0.013904108340900697,,
9,relu4_3,0.014162866162991974,,
9,relu4_3,0.014426439512181588,,
9,relu4_3,0.014694918006248172,,
9,relu4_3,0.014968392930772555,,
9,relu4_3,0.01524695727017573,,
9,relu4_3,0.015530705739334584,,
9,relu4_3,0.015819734815786014,,
9,relu4_3,0.016114142772530198,,
9,relu4_3,0.016414029711444664,,
9,relu4_3,0.016719497597319884,,
9,relu4_3,0.017030650292528426,,
9,relu4_3,0.017347593592339325,,
9,relu4_3,0.017670435260889468,,
9,relu4_3,0.017999285067824763,,
9,relu4_3,0.018334254825622887,,
9,relu4_3,0.01867545842761074,,
9,relu4_3,0.019023011886689457,,
9,relu4_3,0.01937703337477989,,
9,relu4_3,0.019737643263002553,,
9,relu4_3,0.02010496416260497,,
9,relu4_3,0.020479120966650832,,
9,relu4_3,0.02086024089248505,,
9,relu4_3,0.021248453524988827,,
9,relu4_3,0.021643890860640204,,
9,relu4_3,0.022046687352394075,,
9,relu4_3,0.022456979955397718,,
9,relu4_3,0.02287490817355704,,
9,relu4_3,0.023300614106969247,,
9,relu4_3,0.023734242500238662,,
9,relu4_3,0.024175940791691282,,
9,relu4_3,0.024625859163505442,,
9,relu4_3,0.02508415059277541,,
9,relu4_3,0.02555097090352507,,
9,relu4_3,0.026026478819690044,,
9,relu4_3,0.02651083601908536,,
9,relu4_3,0.027004207188377698,,
9,relu4_3,0.027506760079080674,,
9,relu4_3,0.028018665564591955,,
9,relu4_3,0.028540097698292376,,
9,relu4_3,0.029071233772725753,,
9,relu4_3,0.029612254379880375,,
9,relu4_3,0.03016334347259197,,
9,relu4_3,0.030724688427090033,,
9,relu4_3,0.031296480106707505,,
9,relu4_3,0.03187891292677643,,
9,relu4_3,0.03247218492073132,,
9,relu4_3,0.03307649780744242,,
9,relu4_3,0.033692057059802674,,
9,relu4_3,0.03431907197459043,,
9,relu4_3,0.03495775574363272,,
9,relu4_3,0.03560832552629282,,
9,relu4_3,0.036271002523306485,,
9,relu4_3,0.03694601205199302,,
9,relu4_3,0.03763358362286533,,
9,relu4_3,0.03833395101766598,,
9,relu4_3,0.03904735236885564,,
9,relu4_3,0.03977403024058037,,
9,relu4_3,0.04051423171114647,,
9,relu4_3,0.04126820845702952,,
9,relu4_3,0.0420362168384471,,
9,relu4_3,0.042818517986524154,,
9,relu4_3,0.04361537789208006,,
9,relu4_3,0.044427067496068826,,
9,relu4_3,0.04525386278170167,,
9,relu4_3,0.046096044868284294,,
9,relu4_3,0.04695390010680063,,
9,relu4_3,0.04782772017727485,,
9,relu4_3,0.04871780218794631,,
9,relu4_3,0.04962444877628913,,
9,relu4_3,0.050547968211912354,,
9,relu4_3,0.051488674501374974,,
9,relu4_3,0.05244688749495119,,
9,relu4_3,0.053422932995383525,,
9,relu4_3,0.054417142868658876,,
9,relu4_3,0.05542985515684663,,
9,relu4_3,0.05646141419303673,,
9,relu4_3,0.057512170718416133,,
9,relu4_3,0.05858248200152536,,
9,relu4_3,0.0596727119597331,,
9,relu4_3,0.060783231282972236,,
9,relu4_3,0.06191441755977847,,
9,relu4_3,0.06306665540567406,,
9,relu4_3,0.0642403365939419,,
9,relu4_3,0.0654358601888323,,
9,relu4_3,0.06665363268124906,,
9,relu4_3,0.06789406812696112,,
9,relu4_3,0.06915758828738525,,
9,relu4_3,0.07044462277299036,,
9,relu4_3,0.07175560918936921,,
9,relu4_3,0.07309099328602904,,
9,relu4_3,0.07445122910795143,,
9,relu4_3,0.0758367791499719,,
9,relu4_3,0.077248114514034,,
9,relu4_3,0.07868571506936843,,
9,relu4_3,0.08015006961565396,,
9,relu4_3,0.08164167604921473,,
9,relu4_3,0.08316104153230962,,
9,relu4_3,0.08470868266557402,,
9,relu4_3,0.08628512566366887,,
9,relu4_3,0.08789090653419963,,
9,relu4_3,0.08952657125996401,,
9,relu4_3,0.09119267598459298,,
9,relu4_3,0.09288978720164498,,
9,relu4_3,0.09461848194721992,,
9,relu4_3,0.09637934799615795,,
9,relu4_3,0.09817298406188842,,
9,relu4_3,0.1,,
10,relu5_1,1e-09,-0.3440892304426965,0.0005976994715752969
10,relu5_1,1.0186101701559773e-09,-0.3429904672295033,0.0006239651476749909
10,relu5_1,1.0375666787451849e-09,-0.34417528911971035,0.0005956856340921838
10,relu5_1,1.0568759711848051e-09,-0.34730413021463213,0.0005265542782126759
10,relu5_1,1.0765446128423137e-09,-0.3446804758927523,0.0005839886578724587
10,relu5_1,1.0965792912678099e-09,-0.343518543765699,0.0006112124985663268
10,relu5_1,1.116986818467825e-09,-0.3444973480695148,0.0005882042274913625
10,relu5_1,1.1377741332214901e-09,-0.3432257277828674,0.0006182539982632833
10,relu5_1,1.1589483034398119e-09,-0.34466457315343185,0.0005843536358633016
10,relu5_1,1.180516528568803e-09,-0.3435127188802186,0.0006113518538946159
10,relu5_1,1.2024861420374123e-09,-0.34306178239160295,0.0006222288317617539
10,relu5_1,1.2248646137509333e-09,-0.3427745900286884,0.0006292481944712325
10,relu5_1,1.2476595526308685e-09,-0.34343016434704965,0.0006133300295675953
10,relu5_1,1.2708787092020595e-09,-0.34453921157983997,0.0005872380870452404
10,relu5_1,1.2945299782279134e-09,-0.3443888278779667,0.0005907154757767473
10,relu5_1,1.3186214013947485e-09,-0.34301759718538466,0.0006233040904921436
10,relu5_1,1.3431611700460181e-09,-0.34503994902725543,0.0005757940215016131
10,relu5_1,1.3681576279674706e-09,-0.3439708618228828,0.0006004795714344491
10,relu5_1,1.3936192742241434e-09,-0.3449361079974804,0.0005781503203808558
10,relu5_1,1.4195547660500987e-09,-0.3433782335941748,0.0006145773974572988
10,relu5_1,1.4459729217920195e-09,-0.3444622673360646,0.0005890149535536988
10,relu5_1,1.4728827239075047e-09,-0.3440090072075483,0.000599582368088948
10,relu5_1,1.5002933220192166e-09,-0.3450853252850363,0.0005747671351498827
10,relu5_1,1.5282140360258708e-09,-0.34442835489121293,0.0005897996528532275
10,relu5_1,1.5566543592710589e-09,-0.3447155574891489,0.0005831842511455598
10,relu5_1,1.5856239617711372e-09,-0.3436076737258032,0.0006090837656304326
10,relu5_1,1.615132693503093e-09,-0.342529257979521,0.0006353017551157458
10,relu5_1,1.6451905877536607e-09,-0.3428728393699836,0.0006268387353756604
10,relu5_1,1.6758078645307687e-09,-0.3426829309668748,0.0006315036740214771
10,relu5_1,1.7069949340384045e-09,-0.3440022246955765,0.0005997418072365956
10,relu5_1,1.7387624002162505e-09,-0.3433251378195976,0.0006158551497669234
10,relu5_1,1.7711210643450904e-09,-0.3439208345519154,0.0006016581076016737
10,relu5_1,1.8040819287193808e-09,-0.3437975834169724,0.000604570684875443
10,relu5_1,1.8376562003881724e-09,-0.3436675506559693,0.0006076575107123596
10,relu5_1,1.8718552949655752e-09,-0.342969152843334,0.0006244849509009653
10,relu5_1,1.906690840512252e-09,-0.34325943861916935,0.000617439570376562
10,relu5_1,1.9421746814890284e-09,-0.34401578971952,0.0005994229677554671
10,relu5_1,1.9783188827841624e-09,-0.34402140555299326,0.0005992910156783575
10,relu5_1,2.0151357338155587e-09,-0.34433340004562835,0.0005920019071675621
10,relu5_1,2.052637752709248e-09,-0.34343132901257467,0.000613302081091506
10,relu5_1,2.09083769055575e-09,-0.34295422868560166,0.0006248491487383627
10,relu5_1,2.129748535745523e-09,-0.3436472032580619,0.0006081418377579496
10,relu5_1,2.1693835183851823e-09,-0.34405415121620986,0.0005985221388435619
10,relu5_1,2.2097561147959033e-09,-0.3440473687502407,0.0005986813187261268
10,relu5_1,2.250880052095457e-09,-0.3438586258177054,0.0006031265674375897
10,relu5_1,2.2927693128656487e-09,-0.34362569053945063,0.0006086542871732372
10,relu5_1,2.3354381399064818e-09,-0.3432334728339448,0.0006180667968177308
10,relu5_1,2.378901041078891e-09,-0.3427371905106202,0.0006301676026668196
10,relu5_1,2.4231727942376006e-09,-0.3431046059805313,0.0006211883288724335
10,relu5_1,2.4682684522556873e-09,-0.34313406316319156,0.0006204735200937157
10,relu5_1,2.5142033481427964e-09,-0.34276664509348254,0.0006294434054117332
10,relu5_1,2.560993100258462e-09,-0.34340536364206187,0.0006139254488753493
10,relu5_1,2.6086536176225453e-09,-0.3438495111574003,0.0006033419977423068
10,relu5_1,2.657201105324507e-09,-0.34342899969337365,0.0006133579789253229
10,relu5_1,2.7066520700332356e-09,-0.3436404207920928,0.000608303358631556
10,relu5_1,2.7570233256095828e-09,-0.3433160267000791,0.0006160746535939062
10,relu5_1,2.8083319988231753e-09,-0.3422544763971786,0.0006421452287189385
10,relu5_1,2.860595535175739e-09,-0.34283892715514275,0.0006276694398419883
10,relu5_1,2.9138317048327884e-09,-0.3430559653301242,0.0006223702943779327
10,relu5_1,2.9680586086655964e-09,-0.3423856645878032,0.0006388695974831956
10,relu5_1,3.0232946844057765e-09,-0.34216068285832557,0.0006444965688804604
10,relu5_1,3.0795587129142296e-09,-0.34283214471217455,0.0006278357016010692
10,relu5_1,3.1368698245668734e-09,-0.34292031647076077,0.0006256774396510889
10,relu5_1,3.1952475057592137e-09,-0.34264785675529036,0.0006323687103753823
10,relu5_1,3.2547116055318414e-09,-0.3434481823114488,0.0006128977830019546
10,relu5_1,3.3152823423194234e-09,-0.34264785675529036,0.0006323687103753823
10,relu5_1,3.376980310825095e-09,-0.3428377645143788,0.0006276979374329552
10,relu5_1,3.439826489022921e-09,-0.34264785675529036,0.0006323687103753823
10,relu5_1,3.5038422452906756e-09,-0.34252577319587635,0.0006353881246463812
10,relu5_1,3.5690493456752222e-09,-0.3428377645143788,0.0006276979374329552
10,relu5_1,3.635469961293318e-09,-0.3431520832423152,0.0006200366156447715
10,relu5_1,3.703126675869931e-09,-0.3437636709721208,0.0006053743397082276
10,relu5_1,3.772042493416993e-09,-0.3432323088472967,0.0006180949275966295
10,relu5_1,3.842240846055061e-09,-0.3430830951019969,0.0006217107885532916
10,relu5_1,3.913745601980376e-09,-0.3427598626045122,0.0006296100983354806
10,relu5_1,3.9865810735804386e-09,-0.34338035811177436,0.0006145263213758257
10,relu5_1,4.060772025700369e-09,-0.34309782351456214,0.0006213530190986836
10,relu5_1,4.13634368406327e-09,-0.34285927448404724,0.0006271708963314055
10,relu5_1,4.2133217438472886e-09,-0.3426342919153555,0.0006327035511507242
10,relu5_1,4.291732378422149e-09,-0.3424579489962019,0.0006370712725965068
10,relu5_1,4.371602248248502e-09,-0.3426342919153555,0.0006327035511507242
10,relu5_1,4.45295850994266e-09,-0.3421335530864529,0.0006451781612971115
10,relu5_1,4.5358288255101815e-09,-0.34174811278670464,0.0006549332555810522
10,relu5_1,4.620241371751313e-09,-0.34158979924036903,0.0006589789589855001
10,relu5_1,4.706224849841272e-09,-0.3422827668317526,0.000641437549308577
10,relu5_1,4.793808495089107e-09,-0.34158979924036903,0.0006589789589855001
10,relu5_1,4.883022086877885e-09,-0.34158979924036903,0.0006589789589855001
10,relu5_1,4.9738959587900574e-09,-0.340735214324471,0.0006812154261782912
10,relu5_1,5.066461008921269e-09,-0.34153553988062946,0.0006603708094531411
10,relu5_1,5.1607487103859185e-09,-0.34113653397013166,0.0006706889243234114
10,relu5_1,5.256791122018419e-09,-0.34082454159359576,0.0006788594093980908
10,relu5_1,5.354620899273613e-09,-0.34161808742087185,0.0006582543809353926
10,relu5_1,5.454271305329825e-09,-0.34129931260136775,0.0006664618626670508
10,relu5_1,5.555776222398878e-09,-0.34072280494907314,0.0006815433157704165
10,relu5_1,5.659170163246254e-09,-0.3408855835803093,0.000677253708965185
10,relu5_1,5.7644882829258735e-09,-0.340297819108283,0.0006928600951791843
10,relu5_1,5.8717663907332614e-09,-0.3408053500169952,0.0006793649599279682
10,relu5_1,5.981040962380932e-09,-0.34072280494907314,0.0006815433157704165
10,relu5_1,6.092349152400712e-09,-0.34096581660336417,0.0006751484745141304
10,relu5_1,6.205728806776513e-09,-0.34096581660336417,0.0006751484745141304
10,relu5_1,6.321218475812448e-09,-0.34096581660336417,0.0006751484745141304
10,relu5_1,6.4388574272404256e-09,-0.3412857477154314,0.0006668131847614982
10,relu5_1,6.558685659571422e-09,-0.34104157976857724,0.0006731660208992892
10,relu5_1,6.680743915695615e-09,-0.34060750341861423,0.000684596805277158
10,relu5_1,6.8050736967352206e-09,-0.3400434074877917,0.0006997166739855728
10,relu5_1,6.9317172761554e-09,-0.3406685454053278,0.000682978697083334
10,relu5_1,7.06071771413778e-09,-0.3411692892023875,0.0006698363654950708
10,relu5_1,7.192118872221178e-09,-0.34036896364622904,0.0006909537207375576
10,relu5_1,7.32596542821523e-09,-0.34036896364622904,0.0006909537207375576
10,relu5_1,7.462302891391123e-09,-0.3403362056998874,0.000691830899357989
10,relu5_1,7.601177617955322e-09,-0.3407702820498504,0.0006802896208176786
10,relu5_1,7.742636826811278e-09,-0.3407702820498504,0.0006802896208176786
10,relu5_1,7.88672861561414e-09,-0.3392837764514379,0.0007205601058797741
10,relu5_1,8.033501977124735e-09,-0.3393132075037859,0.0007197420971030114
10,relu5_1,8.183006815867407e-09,-0.3392928601058785,0.0007203075435217857
10,relu5_1,8.335293965098187e-09,-0.33967267820014996,0.0007098192087385529
10,relu5_1,8.490415204088756e-09,-0.33876831253391215,0.0007350254134342814
10,relu5_1,8.648423275731709e-09,-0.33876831253391215,0.0007350254134342814
10,relu5_1,8.80937190447399e-09,-0.33847781632660834,0.0007432939602574886
10,relu5_1,8.973315814583538e-09,-0.33903960933260996,0.0007273793434966878
10,relu5_1,9.140310748756223e-09,-0.3394352918912303,0.0007163579301635338
10,relu5_1,9.310413487069086e-09,-0.33844275637547483,0.0007442976169660806
10,relu5_1,9.483681866285909e-09,-0.3391097335247119,0.0007254148629618574
10,relu5_1,9.660174799522645e-09,-0.3380900705371677,0.0007544630124790864
10,relu5_1,9.839952296278247e-09,-0.33889039609332616,0.0007315756383987042
10,relu5_1,1.0023075482838643e-08,-0.33815904150710424,0.0007524651544264465
10,relu5_1,1.0209606623060476e-08,-0.33832974993826165,0.0007475410716695988
10,relu5_1,1.0399609139541204e-08,-0.3380222463374933,0.0007564323772060766
10,relu5_1,1.05931476351837e-08,-0.3381319117352316,0.0007532504356746759
10,relu5_1,1.0790287915161835e-08,-0.33810363537710264,0.0007540697020789464
10,relu5_1,1.099109700929496e-08,-0.3380369575336772,0.0007560048198925887
10,relu5_1,1.1195643194838794e-08,-0.33810363537710264,0.0007540697020789464
10,relu5_1,1.1403996019700331e-08,-0.33888476290469866,0.0007317344919794969
10,relu5_1,1.1616226326085019e-08,-0.3393188392546616,0.0007195856646004553
10,relu5_1,1.183240627458378e-08,-0.33935160065111236,0.0007186762710823696
10,relu5_1,1.2052609368708414e-08,-0.3393188392546616,0.0007195856646004553
10,relu5_1,1.2276910479883604e-08,-0.3384834508952795,0.0007431327755756175
10,relu5_1,1.2505385872903913e-08,-0.33843826939376775,0.000744426154553774
10,relu5_1,1.2738113231864785e-08,-0.33731801857905097,0.0007771598806927015
10,relu5_1,1.2975171686575868e-08,-0.3370048833423766,0.0007865419086026697
10,relu5_1,1.3216641839466038e-08,-0.3370048833423766,0.0007865419086026697
10,relu5_1,1.346260579298911e-08,-0.3363402061855671,0.000806800371132148
10,relu5_1,1.3713147177539456e-08,-0.3365708084644602,0.0007997185803101615
10,relu5_1,1.3968351179887397e-08,-0.33714053174172554,0.0007824650422539757
10,relu5_1,1.422830457214352e-08,-0.3368364651283108,0.0007916306503248624
10,relu5_1,1.4493095741262151e-08,-0.33590840958728113,0.0008202150084608358
10,relu5_1,1.4762814719093911e-08,-0.33640803038524153,0.000804711571302225
10,relu5_1,1.5037553212997385e-08,-0.3356077048290831,0.0008296769341784141
10,relu5_1,1.5317404637020797e-08,-0.3356077048290831,0.0008296769341784141
10,relu5_1,1.560246414366368e-08,-0.3356077048290831,0.0008296769341784141
10,relu5_1,1.5892828656229763e-08,-0.33600108518719485,0.0008173188118568152
10,relu5_1,1.618859690178199e-08,-0.33624525230602287,0.0008097330072146868
10,relu5_1,1.648986944471065e-08,-0.33530477011602833,0.0008393096592118527
10,relu5_1,1.679674872092653e-08,-0.33516006511123175,0.0008439469161717635
10,relu5_1,1.7109339072690134e-08,-0.3343597395550733,0.0008700192748860872
10,relu5_1,1.7427746784089175e-08,-0.33516006511123175,0.0008439469161717635
10,relu5_1,1.775208011717636e-08,-0.33516006511123175,0.0008439469161717635
10,relu5_1,1.8082449348779518e-08,-0.3343597395550733,0.0008700192748860872
10,relu5_1,1.841896680799711e-08,-0.3343597395550733,0.0008700192748860872
10,relu5_1,1.8761746914391196e-08,-0.33358654367878465,0.0008959035584991031
10,relu5_1,1.911090621689136e-08,-0.33358654367878465,0.0008959035584991031
10,relu5_1,1.946656343342263e-08,-0.33358654367878465,0.0008959035584991031
10,relu5_1,1.9828839491270715e-08,-0.33388723472847953,0.0008857550069264668
10,relu5_1,2.0197857568198784e-08,-0.3341833966359198,0.0008758619144953578
10,relu5_1,2.0573743134329116e-08,-0.3341427021161151,0.0008772152883419983
10,relu5_1,2.095662399480431e-08,-0.33301116729426194,0.0009156190622931339
10,relu5_1,2.1346630333242455e-08,-0.3334102007596311,0.0009019044806566549
10,relu5_1,2.17438947560008e-08,-0.33289473684210535,0.0009196563995724789
10,relu5_1,2.2148552337263593e-08,-0.3325556158437331,0.0009315083969056342
10,relu5_1,2.256074066496859e-08,-0.3319994574064027,0.0009512474008507971
10,relu5_1,2.2980599887588488e-08,-0.3323521432447098,0.0009386862562193542
10,relu5_1,2.3408272761782943e-08,-0.3319723277265329,0.0009522199590148624
10,relu5_1,2.3843904700937205e-08,-0.33191806836679333,0.0009541677943094793
10,relu5_1,2.4287643824604505e-08,-0.3302224633749322,0.0010168979048166898
10,relu5_1,2.4739641008868117e-08,-0.3289202387411829,0.0010675993385997758
10,relu5_1,2.5200049937640895e-08,-0.3295577862181227,0.0010424961275218442
10,relu5_1,2.566902715491952e-08,-0.3295577862181227,0.0010424961275218442
10,relu5_1,2.614673211801092e-08,-0.33008681497558334,0.0010220750650755523
10,relu5_1,2.6633327251749808e-08,-0.33008681497558334,0.0010220750650755523
10,relu5_1,2.7128978003724646e-08,-0.3305073250135649,0.0010061035177149423
10,relu5_1,2.763385290053167e-08,-0.3307514921323929,0.0009969343574498708
10,relu5_1,2.8148123605075813e-08,-0.33106348345089537,0.0009853289853679838
10,relu5_1,2.8671964974937697e-08,-0.33106348345089537,0.0009853289853679838
10,relu5_1,2.9205555121827452e-08,-0.33180954964731424,0.0009580743618285459
10,relu5_1,2.9749075472144435e-08,-0.33180954964731424,0.0009580743618285459
10,relu5_1,3.030271082866393e-08,-0.33163320672816066,0.000964453629412537
10,relu5_1,3.0866649433372746e-08,-0.33163320672816066,0.000964453629412537
10,relu5_1,3.144108303147265e-08,-0.33079330844366983,0.0009953716933236714
10,relu5_1,3.2026206936576504e-08,-0.3305344546934347,0.0010050809428044205
10,relu5_1,3.262222009711673e-08,-0.3307243624525231,0.0009979493809715262
10,relu5_1,3.322932516398968e-08,-0.3305073250135649,0.0010061035177149423
10,relu5_1,3.384772855945983e-08,-0.33018176885512757,0.0010184485398228968
10,relu5_1,3.447764054734464e-08,-0.33056158437330446,0.0010040593145427335
10,relu5_1,3.5119275304507276e-08,-0.3310363537710256,0.00098633324069478
10,relu5_1,3.577285099367877e-08,-0.32959848073792736,0.0010409121882281917
10,relu5_1,3.6438589837635405e-08,-0.32875746066196426,0.0010740962237721652
10,relu5_1,3.711671819475767e-08,-0.3290694519804667,0.0010616753014073277
10,relu5_1,3.780746663599349e-08,-0.32805208898535004,0.001102667223545613
10,relu5_1,3.851107002325569e-08,-0.32839120998372223,0.0010888459691822305
10,relu5_1,3.9227767589277236e-08,-0.32820130222463384,0.0010965663255952736
10,relu5_1,3.995780301895265e-08,-0.32744167118828005,0.00112794834466224
10,relu5_1,4.070142453219439e-08,-0.3265192620727076,0.0011671522400843657
10,relu5_1,4.1458884968329114e-08,-0.32573250135648407,0.0012015654445196027
10,relu5_1,4.223044187206672e-08,-0.3258138903960934,0.0011979631730340758
10,relu5_1,4.3016357581067994e-08,-0.3259370792784589,0.0011925295138454407
10,relu5_1,4.381689931514195e-08,-0.32624796527400984,0.0011789163037752852
10,relu5_1,4.4632339267103976e-08,-0.32619370591427027,0.0011812820119681275
10,relu5_1,4.546295469532399e-08,-0.32642430819316337,0.001171257466545946
10,relu5_1,4.630902801799737e-08,-0.32645143787303316,0.001170083207207822
10,relu5_1,4.717084690917022e-08,-0.32650569723277273,0.0011677378989450318
10,relu5_1,4.804870439655134e-08,-0.3250678241996745,0.001231354535158115
10,relu5_1,4.8942898961145316e-08,-0.3250678241996745,0.001231354535158115
10,relu5_1,4.9853734638738935e-08,-0.3263836136733587,0.0011730208644979122
10,relu5_1,5.0781521123276706e-08,-0.32620837699718574,0.0011806419274142607
10,relu5_1,5.172657387216024e-08,-0.32566467715680963,0.001204574854822209
10,relu5_1,5.268921421350677e-08,-0.3252034725990234,0.0012252211824161318
10,relu5_1,5.366976945540476e-08,-0.3255832881172003,0.0012081951886954107
10,relu5_1,5.4668572997201804e-08,-0.3255561584373305,0.0012094041623655094
10,relu5_1,5.568596444286409e-08,-0.3255561584373305,0.0012094041623655094
10,relu5_1,5.6722289716445493e-08,-0.32574606619641894,0.0012009643830899674
10,relu5_1,5.777790117970507e-08,-0.32516277807921873,0.0012270582670415424
10,relu5_1,5.885315775191451e-08,-0.3244845360824743,0.0012580471050782482
10,relu5_1,5.99484250318941e-08,-0.3241047205642974,0.0012757097499335377
10,relu5_1,6.106407542232036e-08,-0.32365708084644607,0.0012968153988175489
10,relu5_1,6.220048825634717e-08,-0.3239962018448183,0.0012807974234995876
10,relu5_1,6.335804992658255e-08,-0.32353499728703206,0.0013026262541311648
10,relu5_1,6.453715401646702e-08,-0.3226532826912643,0.0013453004773955925
10,relu5_1,6.573820143409585e-08,-0.3218122626153012,0.0013871834905128495
10,relu5_1,6.696160054853215e-08,-0.3220428648941943,0.0013755832781077778
10,relu5_1,6.820776732865692e-08,-0.32198860553445474,0.0013783047927527024
10,relu5_1,6.94771254846024e-08,-0.321228974498101,0.0014169224328206083
10,relu5_1,7.077010661181889e-08,-0.31934346174715145,0.0015170540701709822
10,relu5_1,7.208715033782136e-08,-0.319519804666305,0.001507424531642325
10,relu5_1,7.342870447166758e-08,-0.31925637295480974,0.001521830253005803
10,relu5_1,7.479522515621828e-08,-0.3177563754747695,0.0016062614899037628
10,relu5_1,7.618717702323e-08,-0.3168882257189366,0.0016570438935068245
10,relu5_1,7.760503335133571e-08,-0.3166440586001086,0.0016715859747367967
10,relu5_1,7.90492762269642e-08,-0.3157487791644059,0.0017259005520270361
10,relu5_1,8.05203967082547e-08,-0.3137954422137819,0.0018499864736738292
10,relu5_1,8.201889499202212e-08,-0.31375474769397727,0.0018526552363262426
10,relu5_1,8.354528058382872e-08,-0.3134834508952795,0.0018705360997789467
10,relu5_1,8.510007247122247e-08,-0.3134834508952795,0.0018705360997789467
10,relu5_1,8.668379930019774e-08,-0.3133613673358655,0.0018786332560863312
10,relu5_1,8.829699955494083e-08,-0.3125474769397722,0.0019334287402495202
10,relu5_1,8.994022174092053e-08,-0.3113130765056973,0.002019293869906803
10,relu5_1,9.161402457138521e-08,-0.3107297883884971,0.0020610529279087683
10,relu5_1,9.331897715733239e-08,-0.3092240911557244,0.0021724762612326384
10,relu5_1,9.505565920101191e-08,-0.30918339663591976,0.0021755616987628305
10,relu5_1,9.682466119303114e-08,-0.30838411687683054,0.002236969283870919
10,relu5_1,9.86265846131283e-08,-0.307202930005426,0.002330581355180209
10,relu5_1,1.0046204213468132e-07,-0.3062398263700489,0.0024095061086001493
10,relu5_1,1.023316578330245e-07,-0.3045577862181227,0.0025531377439885847
10,relu5_1,1.0423606739764012e-07,-0.30423223005968536,0.002581811204579392
10,relu5_1,1.061759183482999e-07,-0.30396093326098755,0.0026059266981227304
10,relu5_1,1.0815187025522893e-07,-0.30324199674443847,0.002670815672173788
10,relu5_1,1.1016459496336569e-07,-0.3015599565925123,0.002828342182855819
10,relu5_1,1.1221477682079802e-07,-0.3001763429191536,0.002964123695929246
10,relu5_1,1.1430311291144787e-07,-0.3001356483993489,0.0029682043854652846
10,relu5_1,1.1643031329208756e-07,-0.30014921323928384,0.002966843595616128
10,relu5_1,1.1859710123376706e-07,-0.2968258274552361,0.0033174772182437825
10,relu5_1,1.208042134677329e-07,-0.29738198589256654,0.0032563290973906217
10,relu5_1,1.2305240043592615e-07,-0.2976804123711341,0.0032239361346645566
10,relu5_1,1.2534242654613995e-07,-0.29709712425393386,0.003287521491026688
10,relu5_1,1.2767507043192645e-07,-0.29578133478024965,0.003435103525710705
10,relu5_1,1.3005112521734099e-07,-0.2955642973412914,0.003460009009182888
10,relu5_1,1.3247139878661174e-07,-0.29540151926207275,0.003478794105857017
10,relu5_1,1.3493671405883065e-07,-0.2932311448724906,0.0037381351252525727
10,relu5_1,1.3744790926775367e-07,-0.293787303309821,0.003670081868109136
10,relu5_1,1.400058382468096e-07,-0.29287845903418347,0.003781873432982236
10,relu5_1,1.4261137071941298e-07,-0.2906402604449268,0.004070268616366965
10,relu5_1,1.4526539259467813e-07,-0.28910743353228435,0.004278947896324443
10,relu5_1,1.4796880626863963e-07,-0.28867335865436794,0.004339751951426649
10,relu5_1,1.5072253093107556e-07,-0.2870320130222464,0.004576693492177366
10,relu5_1,1.5352750287804213e-07,-0.2867742810634835,0.004614928369788407
10,relu5_1,1.563846758302248e-07,-0.28602821486706465,0.004727217581694348
10,relu5_1,1.592950212572123e-07,-0.28419696147585466,0.005013217423108155
10,relu5_1,1.6225952870780872e-07,-0.28476668475311995,0.004922632866235802
10,relu5_1,1.6527920614648973e-07,-0.28501085187194797,0.004884258874853046
10,relu5_1,1.6835508029612007e-07,-0.28389853499728707,0.005061255780940907
10,relu5_1,1.714881969870541e-07,-0.28389853499728707,0.005061255780940907
10,relu5_1,1.7467962151272458e-07,-0.2840884427563755,0.0050306387824309556
10,relu5_1,1.7793043899185772e-07,-0.2821351058057516,0.005353567391304524
10,relu5_1,1.8124175473742396e-07,-0.28274552360282157,0.005250727973397124
10,relu5_1,1.8461469463245456e-07,-0.2810634834508953,0.005538442824960761
10,relu5_1,1.8805040551285834e-07,-0.278784590341834,0.005950550537324097
10,relu5_1,1.915500555573528e-07,-0.2784725990233316,0.006009035750996252
10,relu5_1,1.9511483468466165e-07,-0.2767227346717309,0.006346601857332658
10,relu5_1,1.9874595495809857e-07,-0.27740097666847535,0.006213819493621395
10,relu5_1,2.0244465099768018e-07,-0.276953336950624,0.006301176642095403
10,relu5_1,2.0621218039991447e-07,-0.27696690179055894,0.006298513559604515
10,relu5_1,2.1004982416539152e-07,-0.2762750949538796,0.006435608661394554
10,relu5_1,2.1395888713434216e-07,-0.27369777536625073,0.006969891703334412
10,relu5_1,2.179406984302958e-07,-0.27183939229517096,0.007379094476965888
10,relu5_1,2.2199661191199526e-07,-0.270252306022789,0.007745197282318246
10,relu5_1,2.2612800663372794e-07,-0.2688551275094954,0.008080651193787829
10,relu5_1,2.3033628731421313e-07,-0.269018817889562,0.00804069937733385
10,relu5_1,2.3462288481422625e-07,-0.26790558871405323,0.008315871675650564
10,relu5_1,2.389892566231053e-07,-0.26833966359196965,0.00820760470763701
10,relu5_1,2.434368873543108e-07,-0.26874660879001633,0.008107233578139073
10,relu5_1,2.47967289250216e-07,-0.2666440586001086,0.008637690813999609
10,relu5_1,2.5258200269627846e-07,-0.2653825284861639,0.008970411998912738
10,relu5_1,2.572825967447932e-07,-0.264026044492675,0.009340691633734102
10,relu5_1,2.620706696483855e-07,-0.26115029842647863,0.010170326145643381
10,relu5_1,2.669478494034318e-07,-0.25992946283233864,0.010541607291578353
10,relu5_1,2.7191579430360187e-07,-0.25830168204015197,0.011055070858995212
10,relu5_1,2.769761935036891e-07,-0.2561584373304395,0.01176439093582419
10,relu5_1,2.8213076759394705e-07,-0.2539744981009225,0.012527716370817848
10,relu5_1,2.8738126918510695e-07,-0.2538252848616387,0.012581409048375269
10,relu5_1,2.927294835042813e-07,-0.2538524145415085,0.012571631859675497
10,relu5_1,2.9817722900196733e-07,-0.2526315789473685,0.013018214497358477
10,relu5_1,3.0372635797033114e-07,-0.2529435702658709,0.0129027941423993
10,relu5_1,3.0937875717301365e-07,-0.25132935431361914,0.013509725099680955
10,relu5_1,3.1513634848664826e-07,-0.24890124796527405,0.014469388607495073
10,relu5_1,3.2100108955431685e-07,-0.24819587628865986,0.014759032139449962
10,relu5_1,3.2697497445117677e-07,-0.24781606077048296,0.01491706649327041
10,relu5_1,3.3306003436245885e-07,-0.24514378730330988,0.01607098786753308
10,relu5_1,3.3925833827409916e-07,-0.2431633206728161,0.016975255368862744
10,relu5_1,3.455719936762143e-07,-0.24215952251763434,0.01745012766615045
10,relu5_1,3.520031472796675e-07,-0.24097938144329903,0.018023040577622388
10,relu5_1,3.585539857459817e-07,-0.24144058600108523,0.017797242512568867
10,relu5_1,3.6522673643081754e-07,-0.2410065111231688,0.018009690327722386
10,relu5_1,3.7202366814130657e-07,-0.24062669560499192,0.018197371421091683
10,relu5_1,3.7894709190746713e-07,-0.2387140531741726,0.0191682970359283
10,relu5_1,3.8599936176797634e-07,-0.23657080846446016,0.020308903938509124
10,relu5_1,3.9318287557057704e-07,-0.23686923494302772,0.020146674721134433
10,relu5_1,4.005000757873611e-07,-0.23644274431343337,0.020378864663335994
10,relu5_1,4.079534503452449e-07,-0.23440043407487796,0.021522833377252356
10,relu5_1,4.1554553347188797e-07,-0.23366793271839398,0.021946324195533315
10,relu5_1,4.232789065573544e-07,-0.2330032555615844,0.02233675584628527
10,relu5_1,4.3115619903182285e-07,-0.23328811720021708,0.022168706367064753
10,relu5_1,4.391800892596086e-07,-0.2312126966901791,0.023418218240605745
10,relu5_1,4.473533054498463e-07,-0.23091427021161154,0.02360274101619875
10,relu5_1,4.556786265841069e-07,-0.23149755832881178,0.023243233502081257
10,relu5_1,4.6415888336127725e-07,-0.23178241996744442,0.023069366908254715
10,relu5_1,4.7279695916003907e-07,-0.23005968529571355,0.02413802862646181
10,relu5_1,4.815957910192351e-07,-0.23141616928920244,0.02329311479873185
10,relu5_1,4.905583706365046e-07,-0.22936787845903422,0.024578909159366967
10,relu5_1,4.996877453854889e-07,-0.22957135105805757,0.024448531436956925
10,relu5_1,5.089870193519674e-07,-0.22980195333695067,0.024301483300894065
10,relu5_1,5.184593543892913e-07,-0.23016820401519267,0.024069486701849243
10,relu5_1,5.281079711934331e-07,-0.23029028757460668,0.02399257557938449
10,relu5_1,5.379361503980697e-07,-0.2290694519804667,0.024771201675591034
10,relu5_1,5.479472336900293e-07,-0.22920510037981556,0.024683637636858324
10,relu5_1,5.581446249454955e-07,-0.23010037981551823,0.02411230591815505
10,relu5_1,5.685317913873753e-07,-0.2288117200217038,0.02493830278670269
10,relu5_1,5.791122647641759e-07,-0.2275908844275638,0.025742943212605715
10,relu5_1,5.898896425508493e-07,-0.2268719479110147,0.026227043653798725
10,relu5_1,6.008675891719693e-07,-0.2268719479110147,0.026227043653798725
10,relu5_1,6.12049837247669e-07,-0.22620727075420516,0.026681473547239164
10,relu5_1,6.234401888627864e-07,-0.22265328269126428,0.029226393895549735
10,relu5_1,6.350425168595962e-07,-0.22230059685295717,0.029489796266502038
10,relu5_1,6.468607661546321e-07,-0.22284319045035272,0.029085388760203494
10,relu5_1,6.588989550799957e-07,-0.22141888225718942,0.030157105397821418
10,relu5_1,6.711611767496273e-07,-0.218176885512751,0.03272157250051984
10,relu5_1,6.836516004510239e-07,-0.21873304395008145,0.032269018965699996
10,relu5_1,6.963744730628223e-07,-0.2175529028757461,0.033235669235930826
10,relu5_1,7.09334120498799e-07,-0.2142023874118286,0.03611384856547925
10,relu5_1,7.225349491787222e-07,-0.21361909929462836,0.036635680196823985
10,relu5_1,7.359814475265756e-07,-0.21391752577319592,0.03636791235932184
10,relu5_1,7.496781874966877e-07,-0.2131985892566468,0.0370157927816749
10,relu5_1,7.636298261282241e-07,-0.21146228974498105,0.03862045641544705
10,relu5_1,7.778411071286482e-07,-0.21113673358654372,0.038927714603042236
10,relu5_1,7.923168624866261e-07,-0.21208627238198594,0.03803721153057406
10,relu5_1,8.070620141149491e-07,-0.2110553445469344,0.039004847575410076
10,relu5_1,8.220815755240541e-07,-0.20904774823657085,0.04094827450987535
10,relu5_1,8.373806535266489e-07,-0.20812533912099843,0.04186790135365859
10,relu5_1,8.529644499741017e-07,-0.2074199674443842,0.04258269491553465
10,relu5_1,8.688382635251193e-07,-0.20649755832881175,0.04353271845977483
10,relu5_1,8.850074914473439e-07,-0.203784590341834,0.04642950734735291
10,relu5_1,9.014776314524917e-07,-0.20282148670645692,0.047495520701569344
10,relu5_1,9.182542835656282e-07,-0.20006782419967448,0.05065562176325818
10,relu5_1,9.353431520292377e-07,-0.19949810092240916,0.05133061084994813
10,relu5_1,9.5275004724273e-07,-0.19806022788931094,0.05306714983832828
10,relu5_1,9.704808877380307e-07,-0.19694791101465006,0.05444339458208656
10,relu5_1,9.885417021919574e-07,-0.19568638090070542,0.056039572039617826
10,relu5_1,1.0069386314760271e-06,-0.19511665762344008,0.05677289100395944
10,relu5_1,1.0256779307444208e-06,-0.19578133478024964,0.055918110125572774
10,relu5_1,1.0447659715608053e-06,-0.19590341833966363,0.05576226189885592
10,relu5_1,1.0642092440647247e-06,-0.19382799782962565,0.05846059459568608
10,relu5_1,1.084014359178331e-06,-0.19495387954422141,0.056983847776570104
10,relu5_1,1.10418805085416e-06,-0.19720564297341295,0.05412192884228117
10,relu5_1,1.1247371783647508e-06,-0.19489962018448187,0.05705430912299954
10,relu5_1,1.1456687286348725e-06,-0.192444384156267,0.06031807309344418
10,relu5_1,1.1669898186171475e-06,-0.1908708627238199,0.06248870807190024
10,relu5_1,1.1887076977119033e-06,-0.1908437330439501,0.06252668295668044
10,relu5_1,1.2108297502320394e-06,-0.19116928920238746,0.062072221790459396
10,relu5_1,1.2333634979137747e-06,-0.19161692892023877,0.06145173229820453
10,relu5_1,1.2563166024741214e-06,-0.19201030927835055,0.06091063372683584
10,relu5_1,1.2796968682159416e-06,-0.19118285404232233,0.06205334442320268
10,relu5_1,1.303512244681509e-06,-0.19009766684753124,0.06357837274138019
10,relu5_1,1.327770829355429e-06,-0.19103364080303856,0.06226125272198821
10,relu5_1,1.352480870417874e-06,-0.19070808464460123,0.06271683916435003
10,relu5_1,1.377650769549055e-06,-0.1879679869777537,0.06665977991231406
10,relu5_1,1.4032890847858731e-06,-0.18884970157352146,0.0653696708502226
10,relu5_1,1.4294045334317611e-06,-0.18754747693977214,0.06728228776431737
10,relu5_1,1.4560059950206485e-06,-0.18673358654367883,0.06850051181982465
10,relu5_1,1.483102514336103e-06,-0.1857026587086273,0.07006913812887205
10,relu5_1,1.5107033044866557e-06,-0.1853092783505155,0.07067528543302866
10,relu5_1,1.5388177500383465e-06,-0.18526858383071085,0.07073823109433484
10,relu5_1,1.567455410205595e-06,-0.1867471513836137,0.06848006289532756
10,relu5_1,1.596626022101425e-06,-0.18606890938686926,0.06950857415355223
10,relu5_1,1.6263395040481906e-06,-0.1861502984264786,0.06938449773547112
10,relu5_1,1.6566059589499152e-06,-0.18429191535539885,0.07226254589531537
10,relu5_1,1.6874356777273756e-06,-0.1849294628323386,0.07126453925067823
10,relu5_1,1.7188391428171457e-06,-0.1849565925122084,0.07122231871539875
10,relu5_1,1.7508270317357268e-06,-0.1849565925122084,0.07122231871539875
10,relu5_1,1.7834102207100063e-06,-0.18579761258817148,0.06992345740104045
10,relu5_1,1.8165997883753285e-06,-0.1856755290287575,0.0701108061777677
10,relu5_1,1.850407019542302e-06,-0.18559413998914817,0.07023593037830778
10,relu5_1,1.8848434090337953e-06,-0.18399348887683128,0.07273355136151448
10,relu5_1,1.919920665593287e-06,-0.18522788931090617,0.07080122198454653
10,relu5_1,1.955650715865947e-06,-0.18670645686380904,0.06854142448399098
10,relu5_1,1.992045708453871e-06,-0.1880629408572979,0.06651986148461354
10,relu5_1,2.029118018046678e-06,-0.18682854042322306,0.06835747300366708
10,relu5_1,2.066880249629082e-06,-0.18635377102550194,0.06907508953480204
10,relu5_1,2.1053452427667084e-06,-0.18525501899077595,0.07075922303122592
10,relu5_1,2.144526075971665e-06,-0.18399348887683128,0.07273355136151448
10,relu5_1,2.1844360711494283e-06,-0.18423765599565928,0.07234799998633179
10,relu5_1,2.2250887981283694e-06,-0.18380358111774284,0.07303456715515053
10,relu5_1,2.266498079273693e-06,-0.18414270211611505,0.07249774052459453
10,relu5_1,2.308677994187172e-06,-0.18332881172002174,0.07379149579234241
10,relu5_1,2.351642884494346e-06,-0.18206728160607707,0.07583345718062878
10,relu5_1,2.3954073587208794e-06,-0.18220293000542598,0.07561173809749994
10,relu5_1,2.43998629725955e-06,-0.18357297883884974,0.07340143378914755
10,relu5_1,2.4853948574297983e-06,-0.18465816603364085,0.07168785571828008
10,relu5_1,2.531648478631358e-06,-0.1850515463917526,0.07107470568689514
10,relu5_1,2.5787628875937984e-06,-0.1837086272381986,0.0731854507093462
10,relu5_1,2.6267541037238384e-06,-0.18233857840477485,0.07539053986438056
10,relu5_1,2.6756384445520452e-06,-0.18102278893109064,0.07755822778224615
10,relu5_1,2.725432531281028e-06,-0.1815789473684211,0.07663597104676692
10,relu5_1,2.776153294436804e-06,-0.1821486706456864,0.0757003631833571
10,relu5_1,2.827817979625338e-06,-0.18239283776451443,0.07530220622756419
10,relu5_1,2.880444153396298e-06,-0.18149755832881176,0.0767703833057696
10,relu5_1,2.934049709215787e-06,-0.1841291372761802,0.07251915239408172
10,relu5_1,2.9886528735503824e-06,-0.18441399891481283,0.07207057150899843
10,relu5_1,3.0442722120643057e-06,-0.18579761258817148,0.06992345740104045
10,relu5_1,3.1009266359319234e-06,-0.18475311991318505,0.07153946497172337
10,relu5_1,3.158635408267819e-06,-0.18328811720021707,0.07385666794738235
10,relu5_1,3.2174181506763714e-06,-0.18122626153011398,0.07721979032234844
10,relu5_1,3.277294849923382e-06,-0.18317959848073798,0.074030686741389
10,relu5_1,3.3382858647317643e-06,-0.18102278893109064,0.07755822778224615
10,relu5_1,3.4004119327037024e-06,-0.18201302224633753,0.07592229083345708
10,relu5_1,3.4636941773717343e-06,-0.18050732501356487,0.07842092491622907
10,relu5_1,3.5281541153808832e-06,-0.17944926749864354,0.0802157948318929
10,relu5_1,3.5938136638046257e-06,-0.17653282691264247,0.08533359425195519
10,relu5_1,3.660695147596906e-06,-0.177930005425936,0.08285031063224431
10,relu5_1,3.72882130718283e-06,-0.17832338578404777,0.08216162942363875
10,relu5_1,3.7982153061907363e-06,-0.17681768855127514,0.08482254651332134
10,relu5_1,3.868900739327975e-06,-0.1756239826370049,0.08698046889916498
10,relu5_1,3.9409016404034476e-06,-0.1733450895279436,0.09122104585076198
10,relu5_1,4.014242490499326e-06,-0.17125610417797074,0.09525037169163485
10,relu5_1,4.088948226294856e-06,-0.1696011937059143,0.09854094157500892
10,relu5_1,4.1650442485451855e-06,-0.1695062398263701,0.0987324204164206
10,relu5_1,4.242556430717777e-06,-0.1675393380358112,0.10276487207818147
10,relu5_1,4.321511127789762e-06,-0.16583016820401522,0.10637259494508004
10,relu5_1,4.401935185208879e-06,-0.16459576776994034,0.10903905551693026
10,relu5_1,4.483855948021182e-06,-0.1661285946825828,0.10573565449514336
10,relu5_1,4.567301270168747e-06,-0.16581660336408033,0.10640161773864905
10,relu5_1,4.652299523960189e-06,-0.16762072707542056,0.10259549456891812
10,relu5_1,4.738879609717651e-06,-0.1676749864351601,0.1024826976797597
10,relu5_1,4.827070965603188e-06,-0.16591155724362455,0.10619858784099731
10,relu5_1,4.916903577628021e-06,-0.16721378187737387,0.10344457143134662
10,relu5_1,5.008407989848212e-06,-0.17147314161692895,0.09482532153195962
10,relu5_1,5.101615314749834e-06,-0.17155453065653828,0.09466631378274211
10,relu5_1,5.1965572438276574e-06,-0.17377916440586005,0.09040095142405692
10,relu5_1,5.293266058360567e-06,-0.17179869777536627,0.09419055170628361
10,relu5_1,5.391774640387494e-06,-0.17398263700488337,0.09001854673558726
10,relu5_1,5.492116483887789e-06,-0.17702116115029845,0.08445900595567338
10,relu5_1,5.594325706169378e-06,-0.17451166576234403,0.08903028828843514
10,relu5_1,5.698437059469136e-06,-0.17387411828540428,0.09022233617231804
10,relu5_1,5.804485942768984e-06,-0.17316874660879006,0.0915558855775642
10,relu5_1,5.912508413831869e-06,-0.17390124796527404,0.09017135459964767
10,relu5_1,6.022541201461928e-06,-0.17740097666847535,0.08378371657994263
10,relu5_1,6.134621717992506e-06,-0.17692620727075423,0.08462850354884312
10,relu5_1,6.248788072006888e-06,-0.17476939772110692,0.08855195458728049
10,relu5_1,6.365079081295578e-06,-0.17391481280520893,0.09014587236869372
10,relu5_1,6.483534286054714e-06,-0.1734807379272925,0.09096413659127091
10,relu5_1,6.604193962330305e-06,-0.1750271296798698,0.08807566119732249
10,relu5_1,6.727099135712336e-06,-0.17717037438958225,0.08419319876009447
10,relu5_1,6.852291595284057e-06,-0.1751492132392838,0.08785075907988706
10,relu5_1,6.979813907830667e-06,-0.17676342919153556,0.08491970069016136
10,relu5_1,7.109709432312424e-06,-0.17597666847531201,0.08633841118119291
10,relu5_1,7.242022334607315e-06,-0.17948996201844822,0.08014615936857401
10,relu5_1,7.376797602527731e-06,-0.1796256104177971,0.0799143901237575
10,relu5_1,7.514081061116962e-06,-0.17429462832338583,0.08943468218590926
10,relu5_1,7.653919388230155e-06,-0.17476939772110692,0.08855195458728049
10,relu5_1,7.796360130405221e-06,-0.17213781877373852,0.093532902359641
10,relu5_1,7.94145171902934e-06,-0.17048290830168208,0.09677682627959916
10,relu5_1,8.089243486805938e-06,-0.17198860553445472,0.0938218201497007
10,relu5_1,8.239785684528512e-06,-0.17084915897992406,0.09605138637434707
10,relu5_1,8.393129498166374e-06,-0.16756646771568098,0.10270838860996198
10,relu5_1,8.549327066268366e-06,-0.16696961475854588,0.1039566494824295
10,relu5_1,8.708431497690725e-06,-0.17055073250135652,0.09664216125167381
10,relu5_1,8.870496889654403e-06,-0.16957406402604452,0.09859562002051352
10,relu5_1,9.035578346138921e-06,-0.16899077590884432,0.09977698162891657
10,relu5_1,9.20373199661823e-06,-0.1706863809007054,0.0963732736684617
10,relu5_1,9.37501501514529e-06,-0.1694791101465003,0.09878718230430059
10,relu5_1,9.549485639791967e-06,-0.16904503526858386,0.09966662109711709
10,relu5_1,9.727203192450538e-06,-0.1685160065111232,0.10074673158250519
10,relu5_1,9.908228099003787e-06,-0.16762072707542056,0.10259549456891812
10,relu5_1,1.0092621909870484e-05,-0.16372761801410746,0.11094531507808987
10,relu5_1,1.0280447320933097e-05,-0.1646500271296799,0.10892076589063754
10,relu5_1,1.0471768194855202e-05,-0.16060770482908304,0.1180102303238587
10,relu5_1,1.0666649582795388e-05,-0.16134020618556705,0.11632110072845499
10,relu5_1,1.0865157746525373e-05,-0.15864080303852418,0.12263955233105862
10,relu5_1,1.1067360180959745e-05,-0.16002441671188283,0.11936876836746721
10,relu5_1,1.1273325637104872e-05,-0.16045849158979927,0.11835662194401692
10,relu5_1,1.148312414543511e-05,-0.16337493217580035,0.1117270875990589
10,relu5_1,1.1696827039703846e-05,-0.16375474769397724,0.11088535518401182
10,relu5_1,1.1914506981197747e-05,-0.16618285404232233,0.10562016761478121
10,relu5_1,1.2136237983442418e-05,-0.16119099294628328,0.11666365797509846
10,relu5_1,1.2362095437367691e-05,-0.16242539338035814,0.11385311868490187
10,relu5_1,1.259215613694151e-05,-0.16254747693977215,0.1135780289385641
10,relu5_1,1.28264983052806e-05,-0.1618827997829626,0.11508198965149073
10,relu5_1,1.3065201621247199e-05,-0.1615029842647857,0.11594828929160782
10,relu5_1,1.330834724654076e-05,-0.16577590884427568,0.10648872317991666
10,relu5_1,1.355601785329369e-05,-0.16785132935431366,0.10211677813622942
10,relu5_1,1.3808297652180924e-05,-0.166101465002713,0.10579343488185995
10,relu5_1,1.4065272421052364e-05,-0.16626424308193166,0.10544712193310361
10,relu5_1,1.4327029534098295e-05,-0.16500271296798702,0.10815431592825062
10,relu5_1,1.4593657991557576e-05,-0.16378187737384703,0.11082542046675682
10,relu5_1,1.4865248449978572e-05,-0.16435160065111235,0.10957259630884875
10,relu5_1,1.514189325304352e-05,-0.16203201302224637,0.11474303139299794
10,relu5_1,1.5423686462966275e-05,-0.16189636462289747,0.11505114327922034
10,relu5_1,1.5710723892474488e-05,-0.1605670103092784,0.11810462306596957
10,relu5_1,1.6003103137387017e-05,-0.15686380900705374,0.12694079806689754
10,relu5_1,1.630092360979741e-05,-0.15830168204015196,0.12345163079563223
10,relu5_1,1.6604286571875295e-05,-0.15689093868692353,0.1268742730596155
10,relu5_1,1.691329517029647e-05,-0.15767769940314708,0.12495663956346238
10,relu5_1,1.7228054471313922e-05,-0.15817959848073795,0.12374498806044901
10,relu5_1,1.754867149648152e-05,-0.15796256104177975,0.124267833538784
10,relu5_1,1.7875255259042355e-05,-0.15870862723819862,0.12247763052962136
10,relu5_1,1.8207916800994626e-05,-0.15892566467715685,0.12196058516360529
10,relu5_1,1.8546769230846977e-05,-0.15855941399891485,0.12283407564950768
10,relu5_1,1.8891927762076646e-05,-0.15869506239826373,0.12251000173386017
10,relu5_1,1.924350975230332e-05,-0.16134020618556705,0.11632110072845499
10,relu5_1,1.9601634743191856e-05,-0.15914270211611506,0.12144522033546477
10,relu5_1,1.9966424501097934e-05,-0.16230330982094415,0.11412872436226089
10,relu5_1,2.03380030584698e-05,-0.16351058057514925,0.11142590133681352
10,relu5_1,2.071649675602067e-05,-0.16246608790016281,0.11376136480467357
10,relu5_1,2.1102034285685967e-05,-0.16425664677156812,0.10978063191324224
10,relu5_1,2.1494746734379807e-05,-0.16509766684753124,0.10794868333575038
10,relu5_1,2.189476762856621e-05,-0.16692892023874123,0.10404218815676398
10,relu5_1,2.2302232979659363e-05,-0.16599294628323388,0.10602480288484216
10,relu5_1,2.2717281330269027e-05,-0.16593868692349434,0.10614063484750427
10,relu5_1,2.314005380130654e-05,-0.1648941942485079,0.10838969799875321
10,relu5_1,2.3570694139967276e-05,-0.16833966359196964,0.10110880083616106
10,relu5_1,2.4009348768606518e-05,-0.16794628323385788,0.10192016874852095
10,relu5_1,2.445616683452444e-05,-0.1692620727075421,0.09922613671862107
10,relu5_1,2.491130026067791e-05,-0.16881443298969076,0.100136315764804
10,relu5_1,2.5374903797335716e-05,-0.17018448182311452,0.09737110750963446
10,relu5_1,2.584713507469564e-05,-0.16832609875203475,0.10113669450658297
10,relu5_1,2.63281546564802e-05,-0.16890938686923498,0.09994270221036515
10,relu5_1,2.6818126094530128e-05,-0.16843461747151386,0.10091371394491917
10,relu5_1,2.731721598441379e-05,-0.16840748779164408,0.10096942292143649
10,relu5_1,2.782559402207126e-05,-0.16736299511665767,0.10313260738251287
10,relu5_1,2.8343433061513092e-05,-0.1642837764514379,0.10972116185266623
10,relu5_1,2.8870909173592348e-05,-0.16125881714595772,0.11650785361324455
10,relu5_1,2.9408201705870607e-05,-0.16299511665762348,0.11257377158740603
10,relu5_1,2.9955493343598162e-05,-0.16226261530113947,0.11422070766912386
10,relu5_1,3.051297017182871e-05,-0.16132664134563215,0.11635221012850405
10,relu5_1,3.1080821738690636e-05,-0.16281877373846992,0.11296856273854824
10,relu5_1,3.165924111983521e-05,-0.16155724362452525,0.11582422436248019
10,relu5_1,3.224842498408439e-05,-0.16201844818231148,0.11477381380644372
10,relu5_1,3.284857366030047e-05,-0.16283233857840482,0.11293815612616612
10,relu5_1,3.345989120549975e-05,-0.1601736299511666,0.11902009308250612
10,relu5_1,3.408258547423452e-05,-0.16119099294628328,0.11666365797509846
10,relu5_1,3.4716868189265594e-05,-0.16142159522517638,0.11613457934263172
10,relu5_1,3.536295501355039e-05,-0.1593597395550733,0.12093153298544963
10,relu5_1,3.602106562357074e-05,-0.15645686380900709,0.12794188146382424
10,relu5_1,3.669142378402494e-05,-0.15276722734671733,0.13729591492729618
10,relu5_1,3.7374257423910643e-05,-0.15255018990775912,0.13786189690492592
10,relu5_1,3.806979871402284e-05,-0.15250949538795444,0.13796821524848651
10,relu5_1,3.877828414589453e-05,-0.15250949538795444,0.13796821524848651
10,relu5_1,3.949995461220647e-05,-0.15253662506782423,0.13789732944624297
10,relu5_1,4.023505548869293e-05,-0.1537710255018991,0.13470116096518986
10,relu5_1,4.098383671757261e-05,-0.15476125881714597,0.13217818268608714
10,relu5_1,4.174655289253135e-05,-0.15476125881714597,0.13217818268608714
10,relu5_1,4.252346334528678e-05,-0.15564297341291375,0.12996215539537737
10,relu5_1,4.331483223376403e-05,-0.1558193163320673,0.12952237487060245
10,relu5_1,4.41209286319119e-05,-0.1561991318502442,0.12857901811059722
10,relu5_1,4.494202662119142e-05,-0.15663320672816064,0.12750733957126242
10,relu5_1,4.577840538376616e-05,-0.15822029300054263,0.12364714288245242
10,relu5_1,4.6630349297427265e-05,-0.1582474226804124,0.12358194578154602
10,relu5_1,4.7498148032285043e-05,-0.15876288659793816,0.12234821147055888
10,relu5_1,4.838209664925957e-05,-0.1577590884427564,0.12475953966001546
10,relu5_1,4.9282495700405135e-05,-0.15779978296256109,0.12466107920285933
10,relu5_1,5.0199651331100794e-05,-0.15902061855670105,0.12173490644664228
10,relu5_1,5.113387538414321e-05,-0.15834237655995662,0.12335396384672039
10,relu5_1,5.2085485505776655e-05,-0.1583695062398264,0.1232888855317927
10,relu5_1,5.305480525369574e-05,-0.1592105263157895,0.12128451298468072
10,relu5_1,5.404216420705915e-05,-0.1610282148670646,0.11703824538997024
10,relu5_1,5.5047898078549675e-05,-0.16039066739012484,0.11851433181054981
10,relu5_1,5.607234882852027e-05,-0.1623575691806837,0.11400616921920256
10,relu5_1,5.711586478126435e-05,-0.1661285946825828,0.10573565449514336
10,relu5_1,5.8178800743449355e-05,-0.16397178513293548,0.11040658187832914
10,relu5_1,5.926151812475552e-05,-0.16568095496473145,0.10669218549627345
10,relu5_1,6.0364385060758635e-05,-0.16540965816603367,0.10727517700324923
10,relu5_1,6.148777653810017e-05,-0.16471785132935435,0.10877304432278319
10,relu5_1,6.263207452198692e-05,-0.1646500271296799,0.10892076589063754
10,relu5_1,6.379766808606283e-05,-0.16341562669560503,0.11163666543966452
10,relu5_1,6.498495354469889e-05,-0.16266956049918616,0.11330345456511069
10,relu5_1,6.619433458774387e-05,-0.16266956049918616,0.11330345456511069
10,relu5_1,6.742622241778336e-05,-0.16402604449267502,0.11028713994956796
10,relu5_1,6.868103588995308e-05,-0.16376831253391214,0.11085538467866725
10,relu5_1,6.995920165435375e-05,-0.1657487791644059,0.10654682436569869
10,relu5_1,7.126115430111745e-05,-0.167295738252923,0.10327313184460067
10,relu5_1,7.258733650817246e-05,-0.17098538722760837,0.09578265160019973
10,relu5_1,7.393819919175873e-05,-0.17121540965816606,0.09533023549417644
10,relu5_1,7.531420165974376e-05,-0.17253178422435153,0.09277345134712144
10,relu5_1,7.671581176779303e-05,-0.17148670645686384,0.0947988056282247
10,relu5_1,7.814350607844543e-05,-0.17251763429191538,0.09280064371805996
10,relu5_1,7.959777002314978e-05,-0.1741996744438416,0.08961206156186112
10,relu5_1,8.107909806731695e-05,-0.17405105144922198,0.0898902573697883
10,relu5_1,8.258799387844272e-05,-0.17546858202956986,0.08726457356192853
10,relu5_1,8.412497049736118e-05,-0.17433768772205877,0.08935433646142647
10,relu5_1,8.569055051268347e-05,-0.17444502472610085,0.08915430236387452
10,relu5_1,8.728526623848371e-05,-0.1761554009304898,0.08601447330389785
10,relu5_1,8.890965989529168e-05,-0.17565230366860654,0.08692877138476453
10,relu5_1,9.056428379445294e-05,-0.17589647244349532,0.08648407464146723
10,relu5_1,9.224970052592174e-05,-0.17948248390963534,0.08015895209915352
10,relu5_1,9.39664831495469e-05,-0.18086614450662594,0.07781958464893665
10,relu5_1,9.571521538991856e-05,-0.18298973455176734,0.07433594241784365
10,relu5_1,9.749649183484096e-05,-0.18261606820281995,0.07493966377487736
10,relu5_1,9.9310918137498e-05,-0.1829145048021709,0.07445717340235251
10,relu5_1,0.00010115911122238297,-0.18260250290284946,0.07496165470809159
10,relu5_1,0.00010304169949505875,-0.18105603062954304,0.07750285552114289
10,relu5_1,0.00010495932305582266,-0.1797079834262703,0.0797739091095597
10,relu5_1,0.00010691263391734771,-0.17865718953971538,0.08158083662212881
10,relu5_1,0.00010890229622637306,-0.17898278545048713,0.08101748716403351
10,relu5_1,0.00011092898648952228,-0.17841917065116022,0.08199463463925787
10,relu5_1,0.00011299339380332217,-0.17955257829433768,0.08003910633204651
10,relu5_1,0.00011509622008850311,-0.1787607573610444,0.08140130433839203
10,relu5_1,0.00011723818032865997,-0.1785410262556733,0.08178257879638408
10,relu5_1,0.00011942000281335325,-0.17765701611217558,0.08333092583240935
10,relu5_1,0.0001216424293857368,-0.17970454791346394,0.07977976417075773
10,relu5_1,0.00012390621569479155,-0.17835589220198783,0.08210492617130274
10,relu5_1,0.0001262121314522546,-0.17836388814326412,0.08209098306955445
10,relu5_1,0.00012856096069432965,-0.17763725524493484,0.0833658021715919
10,relu5_1,0.00013095350204826676,-0.1766053917021134,0.08520317959608728
10,relu5_1,0.00013339056900390586,-0.17785465703942444,0.08298274492504269
10,relu5_1,0.0001358729901902709,-0.17630793689512345,0.08573877920789241
10,relu5_1,0.00013840160965731301,-0.18099847489718796,0.07759874888607234
10,relu5_1,0.00014097728716289676,-0.17880307890161687,0.0813280318394172
10,relu5_1,0.00014360089846512608,-0.18323633153049523,0.07393966948740913
10,relu5_1,0.000146273335620113,-0.17741961506690085,0.0837506896580967
10,relu5_1,0.00014899550728528536,-0.1722509466025734,0.09331432423765657
10,relu5_1,0.00015176833902834038,-0.17272728549018768,0.09239839423707955
10,relu5_1,0.00015459277364194784,-0.17621959432951462,0.08589836414605079
10,relu5_1,0.00015746977146430867,-0.17633715261570287,0.0856860548666588
10,relu5_1,0.000160400310705682,-0.17383426206576,0.09029727460320792
10,relu5_1,0.00016338538778098603,-0.17739421674122602,0.08379569761855091
10,relu5_1,0.0001664260176485902,-0.1773275094450007,0.08391400030155872
10,relu5_1,0.00016952323415541214,-0.17832721932675005,0.0821549406782732
10,relu5_1,0.0001726780903884356,-0.1977011910103085,0.05350821738773966
10,relu5_1,0.00017589165903277327,-0.19614657197270266,0.05545291986927557
10,relu5_1,0.00017916503273638994,-0.20301690714210127,0.04727759714121241
10,relu5_1,0.00018249932448161505,-0.20277599544179317,0.04754636944975261
10,relu5_1,0.00018589566796356884,-0.202509811994834,0.04784480460215006
10,relu5_1,0.00018935521797562954,-0.2039893442952405,0.046205448539367665
10,relu5_1,0.00019287915080207777,-0.20609887426635254,0.04394875608214291
10,relu5_1,0.00019646866461804445,-0.20660711595842499,0.04341896715589219
10,relu5_1,0.00020012497989690348,-0.207321401579716,0.0426833812208496
10,relu5_1,0.00020384933982524643,-0.20635043248175747,0.04368586556490604
10,relu5_1,0.00020764301072557747,-0.20700939771704543,0.04300340383123624
10,relu5_1,0.00021150728248687948,-0.20281001675227925,0.047508337223218566
10,relu5_1,0.00021544346900318823,-0.2051847996637544,0.04491509592047412
10,relu5_1,0.00021945290862033113,-0.2048735708682943,0.04524811702691966
10,relu5_1,0.00022353696459097966,-0.20562196499489782,0.04445075699725923
10,relu5_1,0.000227697025538168,-0.20656555320374462,0.04346209174016629
10,relu5_1,0.00023193450592744275,-0.19693080300374902,0.05446478853388784
10,relu5_1,0.0002362508465477945,-0.19287383555620505,0.05973645941317225
10,relu5_1,0.00024064751500154217,-0.19022003933523637,0.06340489160446892
10,relu5_1,0.000245126006203334,-0.2064267366169424,0.04360638282391702
10,relu5_1,0.00024968784288843267,-0.17908068559182674,0.08084870829268466
10,relu5_1,0.00025433457613046484,-0.17888116751950342,0.08119297302079692
10,relu5_1,0.0002590677858688006,-0.17885184629902132,0.08124366476429555
10,relu5_1,0.0002638890814457513,-0.19027451794658332,0.0633277839966528
10,relu5_1,0.00026880010215376074,-0.18372436560896574,0.07316042480042893
10,relu5_1,0.00027380251779278577,-0.17138291425675609,0.09500184250566025
10,relu5_1,0.000278898029238044,-0.1836097783219838,0.07334279000843016
10,relu5_1,0.0002840883690183301,-0.15836967329714133,0.12328848487865787
10,relu5_1,0.00028937530190509535,-0.1541261904640433,0.13379207052396688
10,relu5_1,0.00029476062551248586,-0.1531980701112078,0.13617760608484797
10,relu5_1,0.00030024617090855494,-0.15297554572154373,0.13675433025000036
10,relu5_1,0.00030583380323784314,-0.151991532544444,0.1393268809054034
10,relu5_1,0.0003115254223555485,-0.1537783778510961,0.13468229418156086
10,relu5_1,0.00031732296347349796,-0.13705060693968743,0.18301849252031924
10,relu5_1,0.0003232283978181381,-0.1631977487297447,0.11212144738450038
10,relu5_1,0.0003292437333007769,-0.12015960391491115,0.24356300448164694
10,relu5_1,0.0003353710152002929,-0.11911401273898517,0.24771930998801608
10,relu5_1,0.0003416123268585525,-0.1330332845894242,0.196311526585932
10,relu5_1,0.0003479697903887695,-0.13217581737753564,0.19923674006865116
10,relu5_1,0.0003544455673970436,-0.11037540995158582,0.28436631880152025
10,relu5_1,0.0003610418597173337,-0.10827704160902554,0.29367775838655036
10,relu5_1,0.00036776091016010306,-0.11323920308878244,0.2719788760020347
10,relu5_1,0.00037460500327489893,-0.11842774927187091,0.2504736641596872
10,relu5_1,0.00038157646612712524,-0.07743549993699138,0.45331606528325596
10,relu5_1,0.00038867766908926677,-0.07773062563997162,0.4515912400056894
10,relu5_1,0.00039591102664684585,-0.09633066334225679,0.35048258060822446
10,relu5_1,0.0004032789982193705,-0.09605330314548224,0.35187792813100677
10,relu5_1,0.00041078408899656427,-0.09605330314548224,0.35187792813100677
10,relu5_1,0.00041842885079015847,-0.0579523885416792,0.5749006736569172
10,relu5_1,0.0004262158829015325,-0.05838694991079168,0.5720319612422439
10,relu5_1,0.00043414783300550926,-0.0579523885416792,0.5749006736569172
10,relu5_1,0.00044222739805058973,-0.08352170209041063,0.418493707054827
10,relu5_1,0.0004504573251759454,-0.057789645269563164,0.5759767270096717
10,relu5_1,0.00045884041264547613,-0.08352170209041063,0.418493707054827
10,relu5_1,0.00046737951079924635,-0.11598257356293958,0.2604581720874063
10,relu5_1,0.0004760775230226368,-0.08343166388054836,0.4189972979304733
10,relu5_1,0.00048493740673352334,-0.11470114725801914,0.26579745920497516
10,relu5_1,0.0004939621743878316,-0.14949388217360499,0.14602106992994734
10,relu5_1,0.0005031548945038057,-0.14949388217360499,0.14602106992994734
10,relu5_1,0.0005125186927053333,-0.1827529805258442,0.07471800299996104
10,relu5_1,0.0005220567527846976,-0.14891088290911159,0.14761792533401413
10,relu5_1,0.0005317723177850966,-0.14891088290911159,0.14761792533401413
10,relu5_1,0.0005416686911033147,-0.13950340955089424,0.1752320530369677
10,relu5_1,0.0005517492376129129,-0.17350816182254794,0.09091226715020585
10,relu5_1,0.0005620173848083188,-0.17350816182254794,0.09091226715020585
10,relu5_1,0.0005724766239702179,-0.17350816182254794,0.09091226715020585
10,relu5_1,0.0005831305113526219,-0.17313218422770826,0.09162543168200805
10,relu5_1,0.000593982669392035,-0.17313218422770826,0.09162543168200805
10,relu5_1,0.0006050367879391225,-0.18573853700436993,0.07001406392863484
10,relu5_1,0.0006162966255132943,-0.18573853700436993,0.07001406392863484
10,relu5_1,0.00062776601058065,-0.1646909640196751,0.10883158639953024
10,relu5_1,0.0006394488428556937,-0.1646909640196751,0.10883158639953024
10,relu5_1,0.0006513490946272796,-0.1646909640196751,0.10883158639953024
10,relu5_1,0.0006634708121092351,-0.1646909640196751,0.10883158639953024
10,relu5_1,0.000675818116816111,-0.1646909640196751,0.10883158639953024
10,relu5_1,0.0006883952069645496,-0.19489463655910927,0.057060784446083486
10,relu5_1,0.0007012063589007177,-0.19489463655910927,0.057060784446083486
10,relu5_1,0.0007142559285543119,-0.19489463655910927,0.057060784446083486
10,relu5_1,0.0007275483529196233,-0.19989532261952916,0.050859219190508315
10,relu5_1,0.0007410881515641569,-0.19989532261952916,0.050859219190508315
10,relu5_1,0.0007548799281653432,-0.19989532261952916,0.050859219190508315
10,relu5_1,0.0007689283720758305,-0.19989532261952916,0.050859219190508315
10,relu5_1,0.0007832382599179204,-0.146896677047592,0.1532360265375307
10,relu5_1,0.0007978144572076629,-0.146896677047592,0.1532360265375307
10,relu5_1,0.0008126619200091946,-0.0856410956080584,0.4067413595571705
10,relu5_1,0.0008277856966198472,-0.0856410956080584,0.4067413595571705
10,relu5_1,0.0008431909292866251,-0.0856410956080584,0.4067413595571705
10,relu5_1,0.0008588828559546258,-0.0856410956080584,0.4067413595571705
10,relu5_1,0.0008748668120479914,-0.0856410956080584,0.4067413595571705
10,relu5_1,0.0008911482322840202,-0.0856410956080584,0.4067413595571705
10,relu5_1,0.0009077326525210223,-0.0856410956080584,0.4067413595571705
10,relu5_1,0.0009246257116405734,-0.0856410956080584,0.4067413595571705
10,relu5_1,0.0009418331534647961,-0.0856410956080584,0.4067413595571705
10,relu5_1,0.0009593608287093146,-0.08507938160761472,0.40983711991517013
10,relu5_1,0.0009772146969725724,-0.0856410956080584,0.4067413595571705
10,relu5_1,0.0009954008287621518,-0.08507938160761472,0.40983711991517013
10,relu5_1,0.0010139254075588143,-0.08507938160761472,0.40983711991517013
10,relu5_1,0.0010327947319189526,-0.08507938160761472,0.40983711991517013
10,relu5_1,0.0010520152176161591,-0.08507938160761472,0.40983711991517013
10,relu5_1,0.001071593399822671,-0.08507938160761472,0.40983711991517013
10,relu5_1,0.0010915359353313911,-0.08507938160761472,0.40983711991517013
10,relu5_1,0.0011118496048192698,-0.06187817028551194,0.549231465008561
10,relu5_1,0.0011325413151528126,-0.06187817028551194,0.549231465008561
10,relu5_1,0.0011536181017364785,-0.06187817028551194,0.549231465008561
10,relu5_1,0.0011750871309048076,-0.06187817028551194,0.549231465008561
10,relu5_1,0.0011969557023590429,-0.06187817028551194,0.549231465008561
10,relu5_1,0.0012192312516491094,-0.06187817028551194,0.549231465008561
10,relu5_1,0.0012419213527017847,-0.06187817028551194,0.549231465008561
10,relu5_1,0.0012650337203959038,-0.06187817028551194,0.549231465008561
10,relu5_1,0.0012885762131855181,-0.06187817028551194,0.549231465008561
10,relu5_1,0.0013125568357718427,-0.06187817028551194,0.549231465008561
10,relu5_1,0.0013369837418249451,-0.12174454383990221,0.23735510418172368
10,relu5_1,0.0013618652367560827,-0.12174454383990221,0.23735510418172368
10,relu5_1,0.001387209780541621,-0.12174454383990221,0.23735510418172368
10,relu5_1,0.0014130259905995337,-0.12174454383990221,0.23735510418172368
10,relu5_1,0.0014393226447194064,-0.12174454383990221,0.23735510418172368
10,relu5_1,0.001466108684046983,-0.12174454383990221,0.23735510418172368
10,relu5_1,0.0014933932161242535,-0.12174454383990221,0.23735510418172368
10,relu5_1,0.001521185517986105,-0.12174454383990221,0.23735510418172368
10,relu5_1,0.0015494950393146315,-0.12174454383990221,0.23735510418172368
10,relu5_1,0.0015783314056521166,-0.12174454383990221,0.23735510418172368
10,relu5_1,0.0016077044216738221,-0.12174454383990221,0.23735510418172368
10,relu5_1,0.001637624074521689,-0.12174454383990221,0.23735510418172368
10,relu5_1,0.0016681005372000592,-0.12174454383990221,0.23735510418172368
10,relu5_1,0.001699144172034626,-0.12174454383990221,0.23735510418172368
10,relu5_1,0.001730765534195724,-0.12174454383990221,0.23735510418172368
10,relu5_1,0.0017629753752872038,-0.12174454383990221,0.23735510418172368
10,relu5_1,0.0017957846470020968,-0.12174454383990221,0.23735510418172368
10,relu5_1,0.0018292045048462937,-0.12174454383990221,0.23735510418172368
10,relu5_1,0.0018632463119315598,-0.12174454383990221,0.23735510418172368
10,relu5_1,0.0018979216428390996,-0.1314345382263126,0.20179073028270655
10,relu5_1,0.0019332422875550433,-0.1314345382263126,0.20179073028270655
10,relu5_1,0.0019692202554791737,-0.1314345382263126,0.20179073028270655
10,relu5_1,0.002005867779508234,,
10,relu5_1,0.0020431973201952705,-0.1314345382263126,0.20179073028270655
10,relu5_1,0.002081221569986337,,
10,relu5_1,0.002119953457536069,,
10,relu5_1,0.0021594061521035676,,
10,relu5_1,0.0021995930680300748,,
10,relu5_1,0.0022405278693000182,,
10,relu5_1,0.002282224474186896,,
10,relu5_1,0.0023246970599856455,,
10,relu5_1,0.0023679600678330787,,
10,relu5_1,0.002412028207618007,,
10,relu5_1,0.00245691646298279,,
10,relu5_1,0.0025026400964179166,,
10,relu5_1,0.0025492146544514203,,
10,relu5_1,0.0025966559729348722,,
10,relu5_1,0.00264498018242772,,
10,relu5_1,0.0026942037136818823,,
10,relu5_1,0.0027443433032283623,,
10,relu5_1,0.002795415999067859,,
10,relu5_1,0.0028474391664672478,,
10,relu5_1,0.0029004304938639917,,
10,relu5_1,0.00295440799888038,,
10,relu5_1,0.003009390034449718,,
10,relu5_1,0.00306539529505653,,
10,relu5_1,0.0031224428230928578,,
10,relu5_1,0.00318055201533292,,
10,relu5_1,0.0032397426295281955,,
10,relu5_1,0.003300034791125282,,
10,relu5_1,0.0033614490001087688,,
10,relu5_1,0.003424006137971426,,
10,relu5_1,0.0034877274748141775,,
10,relu5_1,0.0035526346765781393,,
10,relu5_1,0.003618749812411277,,
10,relu5_1,0.0036860953621721615,,
10,relu5_1,0.003754694224073337,,
10,relu5_1,0.0038245697224669993,,
10,relu5_1,0.0038957456157755013,,
10,relu5_1,0.003968246104569478,,
10,relu5_1,0.00404209583979631,,
10,relu5_1,0.004117319931161679,,
10,relu5_1,0.004193943955667186,,
10,relu5_1,0.004271993966306777,,
10,relu5_1,0.004351496500925045,,
10,relu5_1,0.0044324785912404005,,
10,relu5_1,0.004514967772036102,,
10,relu5_1,0.004598992090522438,,
10,relu5_1,0.004684580115873045,,
10,relu5_1,0.004771760948938741,,
10,relu5_1,0.004860564232142139,,
10,relu5_1,0.004951020159556351,,
10,relu5_1,0.005043159487171359,,
10,relu5_1,0.005137013543351339,,
10,relu5_1,0.005232614239486656,,
10,relu5_1,0.005329994080844093,,
10,relu5_1,0.005429186177618943,,
10,relu5_1,0.0055302242561929005,,
10,relu5_1,0.005633142670601352,,
10,relu5_1,0.005737976414214128,,
10,relu5_1,0.0058447611316336376,,
10,relu5_1,0.00595353313081437,,
10,relu5_1,0.006064329395408062,,
10,relu5_1,0.006177187597338488,,
10,relu5_1,0.0062921461096103375,,
10,relu5_1,0.006409244019356457,,
10,relu5_1,0.006528521141127847,,
10,relu5_1,0.006650018030431118,,
10,relu5_1,0.006773775997517745,,
10,relu5_1,0.006899837121430011,,
10,relu5_1,0.0070282442643083524,,
10,relu5_1,0.0071590410859648885,,
10,relu5_1,0.007292272058728313,,
10,relu5_1,0.00742798248256491,,
10,relu5_1,0.007566218500481048,,
10,relu5_1,0.007707027114212304,,
10,relu5_1,0.00785045620020451,,
10,relu5_1,0.007996554525892346,,
10,relu5_1,0.008145371766280737,,
10,relu5_1,0.008296958520834915,,
10,relu5_1,0.008451366330684721,,
10,relu5_1,0.008608647696149245,,
10,relu5_1,0.008768856094587427,,
10,relu5_1,0.008932045998580959,,
10,relu5_1,0.009098272894455568,,
10,relu5_1,0.009267593301146883,,
10,relu5_1,0.009440064789417604,,
10,relu5_1,0.009615746001432095,,
10,relu5_1,0.009794696670695385,,
10,relu5_1,0.009976977642363211,,
10,relu5_1,0.010162650893929951,,
10,relu5_1,0.010351779556301762,,
10,relu5_1,0.010544427935261684,,
10,relu5_1,0.010740661533334323,,
10,relu5_1,0.010940547072057435,,
10,relu5_1,0.011144152514667882,,
10,relu5_1,0.01135154708920999,,
10,relu5_1,0.011562801312073753,,
10,relu5_1,0.011777987011971181,,
10,relu5_1,0.011997177354358856,,
10,relu5_1,0.012220446866314887,,
10,relu5_1,0.012447871461879062,,
10,relu5_1,0.01267952846786434,,
10,relu5_1,0.012915496650148827,,
10,relu5_1,0.013155856240457052,,
10,relu5_1,0.013400688963639508,,
10,relu5_1,0.013650078065460139,,
10,relu5_1,0.013904108340900697,,
10,relu5_1,0.014162866162991974,,
10,relu5_1,0.014426439512181588,,
10,relu5_1,0.014694918006248172,,
10,relu5_1,0.014968392930772555,,
10,relu5_1,0.01524695727017573,,
10,relu5_1,0.015530705739334584,,
10,relu5_1,0.015819734815786014,,
10,relu5_1,0.016114142772530198,,
10,relu5_1,0.016414029711444664,,
10,relu5_1,0.016719497597319884,,
10,relu5_1,0.017030650292528426,,
10,relu5_1,0.017347593592339325,,
10,relu5_1,0.017670435260889468,,
10,relu5_1,0.017999285067824763,,
10,relu5_1,0.018334254825622887,,
10,relu5_1,0.01867545842761074,,
10,relu5_1,0.019023011886689457,,
10,relu5_1,0.01937703337477989,,
10,relu5_1,0.019737643263002553,,
10,relu5_1,0.02010496416260497,,
10,relu5_1,0.020479120966650832,,
10,relu5_1,0.02086024089248505,,
10,relu5_1,0.021248453524988827,,
10,relu5_1,0.021643890860640204,,
10,relu5_1,0.022046687352394075,,
10,relu5_1,0.022456979955397718,,
10,relu5_1,0.02287490817355704,,
10,relu5_1,0.023300614106969247,,
10,relu5_1,0.023734242500238662,,
10,relu5_1,0.024175940791691282,,
10,relu5_1,0.024625859163505442,,
10,relu5_1,0.02508415059277541,,
10,relu5_1,0.02555097090352507,,
10,relu5_1,0.026026478819690044,,
10,relu5_1,0.02651083601908536,,
10,relu5_1,0.027004207188377698,,
10,relu5_1,0.027506760079080674,,
10,relu5_1,0.028018665564591955,,
10,relu5_1,0.028540097698292376,,
10,relu5_1,0.029071233772725753,,
10,relu5_1,0.029612254379880375,,
10,relu5_1,0.03016334347259197,,
10,relu5_1,0.030724688427090033,,
10,relu5_1,0.031296480106707505,,
10,relu5_1,0.03187891292677643,,
10,relu5_1,0.03247218492073132,,
10,relu5_1,0.03307649780744242,,
10,relu5_1,0.033692057059802674,,
10,relu5_1,0.03431907197459043,,
10,relu5_1,0.03495775574363272,,
10,relu5_1,0.03560832552629282,,
10,relu5_1,0.036271002523306485,,
10,relu5_1,0.03694601205199302,,
10,relu5_1,0.03763358362286533,,
10,relu5_1,0.03833395101766598,,
10,relu5_1,0.03904735236885564,,
10,relu5_1,0.03977403024058037,,
10,relu5_1,0.04051423171114647,,
10,relu5_1,0.04126820845702952,,
10,relu5_1,0.0420362168384471,,
10,relu5_1,0.042818517986524154,,
10,relu5_1,0.04361537789208006,,
10,relu5_1,0.044427067496068826,,
10,relu5_1,0.04525386278170167,,
10,relu5_1,0.046096044868284294,,
10,relu5_1,0.04695390010680063,,
10,relu5_1,0.04782772017727485,,
10,relu5_1,0.04871780218794631,,
10,relu5_1,0.04962444877628913,,
10,relu5_1,0.050547968211912354,,
10,relu5_1,0.051488674501374974,,
10,relu5_1,0.05244688749495119,,
10,relu5_1,0.053422932995383525,,
10,relu5_1,0.054417142868658876,,
10,relu5_1,0.05542985515684663,,
10,relu5_1,0.05646141419303673,,
10,relu5_1,0.057512170718416133,,
10,relu5_1,0.05858248200152536,,
10,relu5_1,0.0596727119597331,,
10,relu5_1,0.060783231282972236,,
10,relu5_1,0.06191441755977847,,
10,relu5_1,0.06306665540567406,,
10,relu5_1,0.0642403365939419,,
10,relu5_1,0.0654358601888323,,
10,relu5_1,0.06665363268124906,,
10,relu5_1,0.06789406812696112,,
10,relu5_1,0.06915758828738525,,
10,relu5_1,0.07044462277299036,,
10,relu5_1,0.07175560918936921,,
10,relu5_1,0.07309099328602904,,
10,relu5_1,0.07445122910795143,,
10,relu5_1,0.0758367791499719,,
10,relu5_1,0.077248114514034,,
10,relu5_1,0.07868571506936843,,
10,relu5_1,0.08015006961565396,,
10,relu5_1,0.08164167604921473,,
10,relu5_1,0.08316104153230962,,
10,relu5_1,0.08470868266557402,,
10,relu5_1,0.08628512566366887,,
10,relu5_1,0.08789090653419963,,
10,relu5_1,0.08952657125996401,,
10,relu5_1,0.09119267598459298,,
10,relu5_1,0.09288978720164498,,
10,relu5_1,0.09461848194721992,,
10,relu5_1,0.09637934799615795,,
10,relu5_1,0.09817298406188842,,
10,relu5_1,0.1,,
11,relu5_2,1e-09,-0.3331434230287925,0.0009110525755060233
11,relu5_2,1.0186101701559773e-09,-0.332473081862124,0.0009344138776962493
11,relu5_2,1.0375666787451849e-09,-0.3322786420852635,0.0009412915104480864
11,relu5_2,1.0568759711848051e-09,-0.3318197078953726,0.0009577080575259297
11,relu5_2,1.0765446128423137e-09,-0.33088709082590645,0.0009918751809624789
11,relu5_2,1.0965792912678099e-09,-0.33218593909073846,0.0009445867723209644
11,relu5_2,1.116986818467825e-09,-0.3323521233485752,0.0009386869605492085
11,relu5_2,1.1377741332214901e-09,-0.3316727427352603,0.0009630200438317887
11,relu5_2,1.1589483034398119e-09,-0.33410993894917496,0.0008783062756666288
11,relu5_2,1.180516528568803e-09,-0.3325002120020177,0.0009334578930967433
11,relu5_2,1.2024861420374123e-09,-0.33095491640565966,0.0009893533983174117
11,relu5_2,1.2248646137509333e-09,-0.3311188207381196,0.00098328346030091
11,relu5_2,1.2476595526308685e-09,-0.32965154731318086,0.0010388499869131815
11,relu5_2,1.2708787092020595e-09,-0.3326279521189389,0.0009289686847788204
11,relu5_2,1.2945299782279134e-09,-0.33032189804854134,0.0010131180595397264
11,relu5_2,1.3186214013947485e-09,-0.33350515820437937,0.0008986685545253375
11,relu5_2,1.3431611700460181e-09,-0.3317756059206732,0.0009592992917644685
11,relu5_2,1.3681576279674706e-09,-0.33057963350346814,0.0010033801585321634
11,relu5_2,1.3936192742241434e-09,-0.33169084060493637,0.0009623644585798661
11,relu5_2,1.4195547660500987e-09,-0.33216786778832,0.0009452303660929771
11,relu5_2,1.4459729217920195e-09,-0.3307141621932091,0.0009983312545176727
11,relu5_2,1.4728827239075047e-09,-0.33219161823619625,0.0009443845969707633
11,relu5_2,1.5002933220192166e-09,-0.33181745733186374,0.0009577892013689741
11,relu5_2,1.5282140360258708e-09,-0.33332202913904574,0.0009049186712421711
11,relu5_2,1.5566543592710589e-09,-0.3320096175865418,0.0009508834067454095
11,relu5_2,1.5856239617711372e-09,-0.3316919654668364,0.0009623237245104942
11,relu5_2,1.615132693503093e-09,-0.3334735043043624,0.0008997460666332538
11,relu5_2,1.6451905877536607e-09,-0.3314105107537734,0.0009725650288107412
11,relu5_2,1.6758078645307687e-09,-0.3306519984612031,0.001000661396023774
11,relu5_2,1.7069949340384045e-09,-0.3304948809530702,0.0010065728775340585
11,relu5_2,1.7387624002162505e-09,-0.33156763136703604,0.0009668356964552168
11,relu5_2,1.7711210643450904e-09,-0.33178126329483504,0.0009590950346040566
11,relu5_2,1.8040819287193808e-09,-0.3324708268365241,0.0009344933781783666
11,relu5_2,1.8376562003881724e-09,-0.33142407563970977,0.0009720691741210903
11,relu5_2,1.8718552949655752e-09,-0.3329535126935833,0.0009176162666288822
11,relu5_2,1.906690840512252e-09,-0.333526632959843,0.0008979382148750251
11,relu5_2,1.9421746814890284e-09,-0.33150205513162717,0.0009692231548361413
11,relu5_2,1.9783188827841624e-09,-0.3324968292048072,0.0009335770440354375
11,relu5_2,2.0151357338155587e-09,-0.3321520498549187,0.0009457940360609997
11,relu5_2,2.052637752709248e-09,-0.331348345089528,0.000974840399502964
11,relu5_2,2.09083769055575e-09,-0.33110642368113496,0.000983741376997386
11,relu5_2,2.129748535745523e-09,-0.3317744807598616,0.0009593399199568475
11,relu5_2,2.1693835183851823e-09,-0.3320435300313934,0.0009496693932381408
11,relu5_2,2.2097561147959033e-09,-0.3315608489010669,0.0009670823795304836
11,relu5_2,2.250880052095457e-09,-0.3322311863529222,0.00094297708179368
11,relu5_2,2.2927693128656487e-09,-0.332183709252145,0.0009446661644841869
11,relu5_2,2.3354381399064818e-09,-0.3325714363304677,0.000930952402668416
11,relu5_2,2.378901041078891e-09,-0.33090294970206097,0.0009912850176017492
11,relu5_2,2.4231727942376006e-09,-0.33042251516748494,0.0010093062936579631
11,relu5_2,2.4682684522556873e-09,-0.3310646061623967,0.0009852874462012802
11,relu5_2,2.5142033481427964e-09,-0.33265169781694887,0.0009281363551944873
11,relu5_2,2.560993100258462e-09,-0.33202093062090887,0.0009504782603508045
11,relu5_2,2.6086536176225453e-09,-0.33166824358656394,0.0009631830861331102
11,relu5_2,2.657201105324507e-09,-0.3319361358978197,0.0009535187923005454
11,relu5_2,2.7066520700332356e-09,-0.3324482245279037,0.0009352905587604991
11,relu5_2,2.7570233256095828e-09,-0.3322594428958876,0.0009419731118575201
11,relu5_2,2.8083319988231753e-09,-0.3318264903843429,0.0009574635534473846
11,relu5_2,2.860595535175739e-09,-0.33185362034022425,0.0009564861058508369
11,relu5_2,2.9138317048327884e-09,-0.3329229955356757,0.0009186750136291763
11,relu5_2,2.9680586086655964e-09,-0.33296481935667743,0.0009172242814292372
11,relu5_2,3.0232946844057765e-09,-0.33221762146698586,0.0009434593957566191
11,relu5_2,3.0795587129142296e-09,-0.33241431231306284,0.000936487801060518
11,relu5_2,3.1368698245668734e-09,-0.3323736176552538,0.0009379263356326054
11,relu5_2,3.1952475057592137e-09,-0.33236570808464466,0.0009382061684237127
11,relu5_2,3.2547116055318414e-09,-0.3324278771989992,0.0009360087366140664
11,relu5_2,3.3152823423194234e-09,-0.33175529028757467,0.0009600331061087131
11,relu5_2,3.376980310825095e-09,-0.33180501767595566,0.00095823782494957
11,relu5_2,3.439826489022921e-09,-0.33219727413808137,0.0009441832882799257
11,relu5_2,3.5038422452906756e-09,-0.3325454342151977,0.0009318663795115015
11,relu5_2,3.5690493456752222e-09,-0.3324550069708719,0.0009350512777805443
11,relu5_2,3.635469961293318e-09,-0.332691264243082,0.0009267509904507238
11,relu5_2,3.703126675869931e-09,-0.33219952727771096,0.0009441031039019796
11,relu5_2,3.772042493416993e-09,-0.3325499611724263,0.0009317071977506925
11,relu5_2,3.842240846055061e-09,-0.33090294970206097,0.0009912850176017492
11,relu5_2,3.913745601980376e-09,-0.3317010309278351,0.0009619954987873733
11,relu5_2,3.9865810735804386e-09,-0.33124773212253733,0.000978533286535056
11,relu5_2,4.060772025700369e-09,-0.3307684221049717,0.0009963014199933329
11,relu5_2,4.13634368406327e-09,-0.33235552452402856,0.0009385665647911806
11,relu5_2,4.2133217438472886e-09,-0.33011506414685265,0.0010209949319923766
11,relu5_2,4.291732378422149e-09,-0.330361472766752,0.0010116172546798742
11,relu5_2,4.371602248248502e-09,-0.33068478935617907,0.0009994316475385764
11,relu5_2,4.45295850994266e-09,-0.3303886027226333,0.0010105895666396802
11,relu5_2,4.5358288255101815e-09,-0.33181745733186374,0.0009577892013689741
11,relu5_2,4.620241371751313e-09,-0.33045188644004453,0.0010081960615717794
11,relu5_2,4.706224849841272e-09,-0.3295860335953352,0.0010413964314904365
11,relu5_2,4.793808495089107e-09,-0.32830526523588305,0.0010923337498554833
11,relu5_2,4.883022086877885e-09,-0.3296425289358972,0.001039200184311313
11,relu5_2,4.9738959587900574e-09,-0.32956568626643074,0.0010421884650318293
11,relu5_2,5.066461008921269e-09,-0.32874501066728196,0.0010745946127738216
11,relu5_2,5.1607487103859185e-09,-0.32977594199844407,0.001034030500147243
11,relu5_2,5.256791122018419e-09,-0.32789042285329234,0.0011093121258438678
11,relu5_2,5.354620899273613e-09,-0.3273896323300501,0.0011301277928832394
11,relu5_2,5.454271305329825e-09,-0.32840700222542,0.001088206196919683
11,relu5_2,5.555776222398878e-09,-0.3281074610282738,0.0011003996264016352
11,relu5_2,5.659170163246254e-09,-0.3282973694313826,0.0010926546840228748
11,relu5_2,5.7644882829258735e-09,-0.3270075963103636,0.001146245549804618
11,relu5_2,5.8717663907332614e-09,-0.3281877373846989,0.0010971196808708809
11,relu5_2,5.981040962380932e-09,-0.3284273496233274,0.0010873823913231048
11,relu5_2,6.092349152400712e-09,-0.328109686428603,0.0011003085805040894
11,relu5_2,6.205728806776513e-09,-0.32809389614233747,0.0011009547432010557
11,relu5_2,6.321218475812448e-09,-0.32766882464553165,0.0011184795861622961
11,relu5_2,6.4388574272404256e-09,-0.3274303271258649,0.001128423121146903
11,relu5_2,6.558685659571422e-09,-0.3268945123143034,0.0011510563990640682
11,relu5_2,6.680743915695615e-09,-0.3263971785132936,0.001172432797176811
11,relu5_2,6.8050736967352206e-09,-0.32718393922951716,0.0011387800022302319
11,relu5_2,6.9317172761554e-09,-0.3273467173087358,0.0011319280051479308
11,relu5_2,7.06071771413778e-09,-0.32741454150841026,0.0011290840899186784
11,relu5_2,7.192118872221178e-09,-0.32677810220651216,0.001156027920771894
11,relu5_2,7.32596542821523e-09,-0.3259709914932997,0.001191037639188409
11,relu5_2,7.462302891391123e-09,-0.3259788794084704,0.0011906908753260691
11,relu5_2,7.601177617955322e-09,-0.3264864571588808,0.001168569042985784
11,relu5_2,7.742636826811278e-09,-0.3262162657173901,0.0011802978808695677
11,relu5_2,7.88672861561414e-09,-0.32547019446078546,0.0012132422199269454
11,relu5_2,8.033501977124735e-09,-0.32557871391629156,0.0012083989507432446
11,relu5_2,8.183006815867407e-09,-0.3259359739555074,0.001192578168060796
11,relu5_2,8.335293965098187e-09,-0.3257878655331591,0.0011991139621362501
11,relu5_2,8.490415204088756e-09,-0.32585111760148366,0.0011963187743039086
11,relu5_2,8.648423275731709e-09,-0.3256397561100138,0.001205682340065715
11,relu5_2,8.80937190447399e-09,-0.3254555258277187,0.0012138982389004694
11,relu5_2,8.973315814583538e-09,-0.3252520525386735,0.0012230313966685785
11,relu5_2,9.140310748756223e-09,-0.32390234638800736,0.001285212493586895
11,relu5_2,9.310413487069086e-09,-0.32388199905910287,0.0012861714767543626
11,relu5_2,9.483681866285909e-09,-0.3247151383613674,0.001247432031750323
11,relu5_2,9.660174799522645e-09,-0.3236977753662507,0.0012948836840209006
11,relu5_2,9.839952296278247e-09,-0.3242075563215751,0.0012709054555498753
11,relu5_2,1.0023075482838643e-08,-0.3242075563215751,0.0012709054555498753
11,relu5_2,1.0209606623060476e-08,-0.3236977753662507,0.0012948836840209006
11,relu5_2,1.0399609139541204e-08,-0.32370565554193037,0.0012945099246606468
11,relu5_2,1.05931476351837e-08,-0.3242132392837765,0.0012706404379628094
11,relu5_2,1.0790287915161835e-08,-0.3242132392837765,0.0012706404379628094
11,relu5_2,1.099109700929496e-08,-0.32370565554193037,0.0012945099246606468
11,relu5_2,1.1195643194838794e-08,-0.3232862404187246,0.0013145396506957679
11,relu5_2,1.1403996019700331e-08,-0.3225447639717852,0.0013506394609248736
11,relu5_2,1.1616226326085019e-08,-0.32239664404907326,0.0013579578115792109
11,relu5_2,1.183240627458378e-08,-0.3216630493760174,0.0013947367310942996
11,relu5_2,1.2052609368708414e-08,-0.3216630493760174,0.0013947367310942996
11,relu5_2,1.2276910479883604e-08,-0.32154205623508364,0.0014008888309410092
11,relu5_2,1.2505385872903913e-08,-0.3206999457406403,0.0014443938129128035
11,relu5_2,1.2738113231864785e-08,-0.3206999457406403,0.0014443938129128035
11,relu5_2,1.2975171686575868e-08,-0.3206999457406403,0.0014443938129128035
11,relu5_2,1.3216641839466038e-08,-0.3205236028214868,0.0014536577129541782
11,relu5_2,1.346260579298911e-08,-0.3205236028214868,0.0014536577129541782
11,relu5_2,1.3713147177539456e-08,-0.3205236028214868,0.0014536577129541782
11,relu5_2,1.3968351179887397e-08,-0.3202930005425937,0.001465853330550998
11,relu5_2,1.422830457214352e-08,-0.31873304395008145,0.001550819122037372
11,relu5_2,1.4493095741262151e-08,-0.3184481823114488,0.0015668079465689642
11,relu5_2,1.4762814719093911e-08,-0.31848887683125343,0.001564514723330148
11,relu5_2,1.5037553212997385e-08,-0.31846960957050185,0.0015656000954061711
11,relu5_2,1.5317404637020797e-08,-0.3172951709169832,0.0016330614026481684
11,relu5_2,1.560246414366368e-08,-0.3173494302767228,0.0016298875946139087
11,relu5_2,1.5892828656229763e-08,-0.3173494302767228,0.0016298875946139087
11,relu5_2,1.618859690178199e-08,-0.31654910472056436,0.0016772723544110062
11,relu5_2,1.648986944471065e-08,-0.31654910472056436,0.0016772723544110062
11,relu5_2,1.679674872092653e-08,-0.31657623440043414,0.0016756458906038959
11,relu5_2,1.7109339072690134e-08,-0.3140067620974449,0.0018361838260910702
11,relu5_2,1.7427746784089175e-08,-0.31441942485078683,0.0018094982825270585
11,relu5_2,1.775208011717636e-08,-0.31441942485078683,0.0018094982825270585
11,relu5_2,1.8082449348779518e-08,-0.3141074335322844,0.001829641130221512
11,relu5_2,1.841896680799711e-08,-0.3142577124872672,0.0018199136211032986
11,relu5_2,1.8761746914391196e-08,-0.31286052923582386,0.0019121837687047232
11,relu5_2,1.911090621689136e-08,-0.31237219334211547,0.001945417082809643
11,relu5_2,1.946656343342263e-08,-0.3112859468258275,0.002021219083906239
11,relu5_2,1.9828839491270715e-08,-0.3116115029842648,0.001998225520791764
11,relu5_2,2.0197857568198784e-08,-0.3091155724362453,0.002180712878134661
11,relu5_2,2.0573743134329116e-08,-0.3072707542051004,0.002325112069724535
11,relu5_2,2.095662399480431e-08,-0.30687163209492824,0.002357463892557922
11,relu5_2,2.1346630333242455e-08,-0.30507325013564845,0.002508323752213937
11,relu5_2,2.17438947560008e-08,-0.30507325013564845,0.002508323752213937
11,relu5_2,2.2148552337263593e-08,-0.30390667390124804,0.002610774040638896
11,relu5_2,2.256074066496859e-08,-0.3032284319045036,0.002672053834653061
11,relu5_2,2.2980599887588488e-08,-0.3032284319045036,0.002672053834653061
11,relu5_2,2.3408272761782943e-08,-0.3038117200217038,0.0026192764088995
11,relu5_2,2.3843904700937205e-08,-0.3027536625067825,0.002715716002123439
11,relu5_2,2.4287643824604505e-08,-0.3019804666304938,0.002788197110316411
11,relu5_2,2.4739641008868117e-08,-0.3019804666304938,0.002788197110316411
11,relu5_2,2.5200049937640895e-08,-0.3014863723781999,0.0028354202316835803
11,relu5_2,2.566902715491952e-08,-0.30097666847531207,0.0028848869687857284
11,relu5_2,2.614673211801092e-08,-0.3009380150504314,0.0028886697114027357
11,relu5_2,2.6633327251749808e-08,-0.3005697232772654,0.00292493591434519
11,relu5_2,2.7128978003724646e-08,-0.3001085187194792,0.0029709276461763164
11,relu5_2,2.763385290053167e-08,-0.29808735756918076,0.0031802295184716945
11,relu5_2,2.8148123605075813e-08,-0.29814161692892027,0.0031744422938545856
11,relu5_2,2.8671964974937697e-08,-0.2980466630493761,0.0031845761436543065
11,relu5_2,2.9205555121827452e-08,-0.2970167424621748,0.003296371618825556
11,relu5_2,2.9749075472144435e-08,-0.2962018448182312,0.0033873055823329438
11,relu5_2,3.030271082866393e-08,-0.2962018448182312,0.0033873055823329438
11,relu5_2,3.0866649433372746e-08,-0.2953763929557423,0.0034817018814649534
11,relu5_2,3.144108303147265e-08,-0.2946283233857841,0.003569276242693977
11,relu5_2,3.2026206936576504e-08,-0.2938958220293001,0.0036569331528590997
11,relu5_2,3.262222009711673e-08,-0.2927699403147043,0.0037954231277072645
11,relu5_2,3.322932516398968e-08,-0.2935644789913754,0.003697213125668823
11,relu5_2,3.384772855945983e-08,-0.29400434074877924,0.0036438265979275675
11,relu5_2,3.447764054734464e-08,-0.293054801953337,0.0037599474078516618
11,relu5_2,3.5119275304507276e-08,-0.2934346174715139,0.0037131077784422818
11,relu5_2,3.577285099367877e-08,-0.29196382245088687,0.003897441628102296
11,relu5_2,3.6438589837635405e-08,-0.29007053716766146,0.004146745215466466
11,relu5_2,3.711671819475767e-08,-0.28882257189365174,0.004318764181989152
11,relu5_2,3.780746663599349e-08,-0.28818502441671195,0.004409076730047323
11,relu5_2,3.851107002325569e-08,-0.28818502441671195,0.004409076730047323
11,relu5_2,3.9227767589277236e-08,-0.2863944655453066,0.004671793294387481
11,relu5_2,3.995780301895265e-08,-0.2854594596444102,0.004814447821310092
11,relu5_2,4.070142453219439e-08,-0.2863266413456322,0.004682013168397899
11,relu5_2,4.1458884968329114e-08,-0.28569684514829624,0.004777867159381619
11,relu5_2,4.223044187206672e-08,-0.2849294628323386,0.004897020518645709
11,relu5_2,4.3016357581067994e-08,-0.2819045035268584,0.0053928811327706855
11,relu5_2,4.381689931514195e-08,-0.28125339120998377,0.005505272550075387
11,relu5_2,4.4632339267103976e-08,-0.2792593597395551,0.005862519475318261
11,relu5_2,4.546295469532399e-08,-0.28054801953336955,0.005629372638329794
11,relu5_2,4.630902801799737e-08,-0.28042688696202683,0.00565093221533161
11,relu5_2,4.717084690917022e-08,-0.2784454693434618,0.006014145421570584
11,relu5_2,4.804870439655134e-08,-0.27854042322300604,0.005996278406694391
11,relu5_2,4.8942898961145316e-08,-0.2763700488334238,0.006416636634895466
11,relu5_2,4.9853734638738935e-08,-0.27510266923201204,0.006673986887164117
11,relu5_2,5.0781521123276706e-08,-0.27297883884970164,0.007125755267450063
11,relu5_2,5.172657387216024e-08,-0.27234899738693436,0.007264824933311408
11,relu5_2,5.268921421350677e-08,-0.27201573521432454,0.007339374599758604
11,relu5_2,5.366976945540476e-08,-0.27061855670103097,0.007659319635666499
11,relu5_2,5.4668572997201804e-08,-0.27041508410200765,0.0077069251898350165
11,relu5_2,5.568596444286409e-08,-0.26965545306565386,0.007886965718267948
11,relu5_2,5.6722289716445493e-08,-0.2688958220293001,0.008070702609659305
11,relu5_2,5.777790117970507e-08,-0.26965545306565386,0.007886965718267948
11,relu5_2,5.885315775191451e-08,-0.26807605831698617,0.008273204147194737
11,relu5_2,5.99484250318941e-08,-0.26683396635919704,0.008588555308629954
11,relu5_2,6.106407542232036e-08,-0.26401247965274016,0.009344461188853058
11,relu5_2,6.220048825634717e-08,-0.2616657623440044,0.010017034722772716
11,relu5_2,6.335804992658255e-08,-0.26158437330439505,0.010041103200695864
11,relu5_2,6.453715401646702e-08,-0.26155724362452526,0.010049137279780431
11,relu5_2,6.573820143409585e-08,-0.26060180616606093,0.01033569255228394
11,relu5_2,6.696160054853215e-08,-0.26013293543136196,0.01047891532881093
11,relu5_2,6.820776732865692e-08,-0.2589799240368964,0.010838529680888035
11,relu5_2,6.94771254846024e-08,-0.25883071079761266,0.010885847829374712
11,relu5_2,7.077010661181889e-08,-0.2594352259755354,0.010695255452571205
11,relu5_2,7.208715033782136e-08,-0.2584102007596311,0.011020172184083223
11,relu5_2,7.342870447166758e-08,-0.25756918068366796,0.011293173757738213
11,relu5_2,7.479522515621828e-08,-0.2568231144872491,0.011540279229590581
11,relu5_2,7.618717702323e-08,-0.2570537167661422,0.011463401900440429
11,relu5_2,7.760503335133571e-08,-0.2563890396093327,0.011686211345335458
11,relu5_2,7.90492762269642e-08,-0.2552716716802589,0.01206929323008451
11,relu5_2,8.05203967082547e-08,-0.25469343461747157,0.01227180397641039
11,relu5_2,8.201889499202212e-08,-0.2530792186652198,0.012852889873172806
11,relu5_2,8.354528058382872e-08,-0.2529842647856756,0.012887805181703495
11,relu5_2,8.510007247122247e-08,-0.25215680954964736,0.01319557807915683
11,relu5_2,8.668379930019774e-08,-0.25043407487791647,0.013856925565213604
11,relu5_2,8.829699955494083e-08,-0.24956592512208362,0.014200981477516016
11,relu5_2,8.994022174092053e-08,-0.2496880086814976,0.014152154910172509
11,relu5_2,9.161402457138521e-08,-0.2488605534454694,0.014485963741858194
11,relu5_2,9.331897715733239e-08,-0.24822300596852961,0.014747799731842762
11,relu5_2,9.505565920101191e-08,-0.24830439500813895,0.014714146974064195
11,relu5_2,9.682466119303114e-08,-0.24656809549647318,0.015446694569599179
11,relu5_2,9.86265846131283e-08,-0.24656809549647318,0.015446694569599179
11,relu5_2,1.0046204213468132e-07,-0.24603906673901252,0.01567607913638744
11,relu5_2,1.023316578330245e-07,-0.24537438958220298,0.015968454983709152
11,relu5_2,1.0423606739764012e-07,-0.24355670103092789,0.01679222318159793
11,relu5_2,1.061759183482999e-07,-0.2397856755290288,0.01861895600155324
11,relu5_2,1.0815187025522893e-07,-0.23769669017905593,0.0197026646137143
11,relu5_2,1.1016459496336569e-07,-0.23583830710797618,0.020711864020007707
11,relu5_2,1.1221477682079802e-07,-0.2350786760716224,0.02113697322247614
11,relu5_2,1.1430311291144787e-07,-0.2336408030385242,0.02196214506167984
11,relu5_2,1.1643031329208756e-07,-0.23151112316874664,0.023234928830343306
11,relu5_2,1.1859710123376706e-07,-0.23113130765056977,0.023468420043194622
11,relu5_2,1.208042134677329e-07,-0.2289202387411829,0.02486782773354942
11,relu5_2,1.2305240043592615e-07,-0.2284454693434618,0.025177413723155278
11,relu5_2,1.2534242654613995e-07,-0.22665491047205646,0.026374699779389114
11,relu5_2,1.2767507043192645e-07,-0.22718393922951713,0.0260160198139488
11,relu5_2,1.3005112521734099e-07,-0.22740097666847536,0.02587007390914078
11,relu5_2,1.3247139878661174e-07,-0.22654639175257738,0.026448792474067243
11,relu5_2,1.3493671405883065e-07,-0.22753662506782424,0.02577921190541217
11,relu5_2,1.3744790926775367e-07,-0.22604449267498647,0.02679377687992789
11,relu5_2,1.400058382468096e-07,-0.22502712967986982,0.027504809970532892
11,relu5_2,1.4261137071941298e-07,-0.2240911557243625,0.028173041573784197
11,relu5_2,1.4526539259467813e-07,-0.2231144872490505,0.02888495244533078
11,relu5_2,1.4796880626863963e-07,-0.21992674986435165,0.03131547968428031
11,relu5_2,1.5072253093107556e-07,-0.21824470971242543,0.03266609832566372
11,relu5_2,1.5352750287804213e-07,-0.21566739012479658,0.03483063389050619
11,relu5_2,1.563846758302248e-07,-0.21367335865436793,0.036586872586365275
11,relu5_2,1.592950212572123e-07,-0.21253391209983727,0.03762335215444402
11,relu5_2,1.6225952870780872e-07,-0.21273738469886058,0.037436484221203964
11,relu5_2,1.6527920614648973e-07,-0.21169289202387415,0.03840404424346828
11,relu5_2,1.6835508029612007e-07,-0.20778621812262618,0.042210294987368224
11,relu5_2,1.714881969870541e-07,-0.20774552360282153,0.04225153841456995
11,relu5_2,1.7467962151272458e-07,-0.20457135105805754,0.04557345569564857
11,relu5_2,1.7793043899185772e-07,-0.20225176342919157,0.04813559625675467
11,relu5_2,1.8124175473742396e-07,-0.20160065111231693,0.04887582554524262
11,relu5_2,1.8461469463245456e-07,-0.20132935431361915,0.049187016994782756
11,relu5_2,1.8805040551285834e-07,-0.20010851871947916,0.05060768954646416
11,relu5_2,1.915500555573528e-07,-0.19862995116657628,0.05237339679268487
11,relu5_2,1.9511483468466165e-07,-0.19692078133478028,0.05447732406063553
11,relu5_2,1.9874595495809857e-07,-0.19712425393380362,0.05422327553014105
11,relu5_2,2.0244465099768018e-07,-0.19297341291372766,0.05960225579249269
11,relu5_2,2.0621218039991447e-07,-0.19137276180141077,0.06178955171173568
11,relu5_2,2.1004982416539152e-07,-0.19045035268583835,0.06307943209817232
11,relu5_2,2.1395888713434216e-07,-0.1887004883342377,0.06558656167910121
11,relu5_2,2.179406984302958e-07,-0.18631307650569726,0.06913688179427997
11,relu5_2,2.2199661191199526e-07,-0.1839799240368964,0.07275501930333257
11,relu5_2,2.2612800663372794e-07,-0.18187737384698865,0.07614474046841307
11,relu5_2,2.3033628731421313e-07,-0.18125339120998377,0.07717475492411975
11,relu5_2,2.3462288481422625e-07,-0.17874389582202935,0.08143051188522032
11,relu5_2,2.389892566231053e-07,-0.17695393703959947,0.08457897650862001
11,relu5_2,2.434368873543108e-07,-0.17547476939772114,0.08725324769812261
11,relu5_2,2.47967289250216e-07,-0.17459364688667572,0.08887791505482011
11,relu5_2,2.5258200269627846e-07,-0.1722734671730874,0.09327085964671754
11,relu5_2,2.572825967447932e-07,-0.17183939229517095,0.09411144172116043
11,relu5_2,2.620706696483855e-07,-0.17232772653282694,0.09316620499443509
11,relu5_2,2.669478494034318e-07,-0.17040151926207275,0.09693861918496624
11,relu5_2,2.7191579430360187e-07,-0.1696147585458492,0.09851361128755273
11,relu5_2,2.769761935036891e-07,-0.16696961475854588,0.1039566494824295
11,relu5_2,2.8213076759394705e-07,-0.1635512750949539,0.1113356685008396
11,relu5_2,2.8738126918510695e-07,-0.16292729245794904,0.11272548749935221
11,relu5_2,2.927294835042813e-07,-0.1597124253933804,0.12010036088707009
11,relu5_2,2.9817722900196733e-07,-0.1579896907216495,0.12420238527277173
11,relu5_2,3.0372635797033114e-07,-0.15690450352685842,0.12684102056977903
11,relu5_2,3.0937875717301365e-07,-0.1561991318502442,0.12857901811059722
11,relu5_2,3.1513634848664826e-07,-0.15453065653825288,0.1327624834337265
11,relu5_2,3.2100108955431685e-07,-0.1516142159522518,0.14032298115688904
11,relu5_2,3.2697497445117677e-07,-0.14948453608247425,0.146046566186153
11,relu5_2,3.3306003436245885e-07,-0.14922680412371137,0.14675098388040173
11,relu5_2,3.3925833827409916e-07,-0.14553716766142163,0.1571174829620867
11,relu5_2,3.455719936762143e-07,-0.14418795506036203,0.16104157196185848
11,relu5_2,3.520031472796675e-07,-0.1444791101465003,0.1601886647371896
11,relu5_2,3.585539857459817e-07,-0.1421730873575692,0.16703661581829335
11,relu5_2,3.6522673643081754e-07,-0.13908030385241457,0.1765575529948398
11,relu5_2,3.7202366814130657e-07,-0.13752034725990236,0.18150809664519382
11,relu5_2,3.7894709190746713e-07,-0.13616386326641347,0.1858946575155625
11,relu5_2,3.8599936176797634e-07,-0.13591969614758548,0.18669235877248222
11,relu5_2,3.9318287557057704e-07,-0.13311177428106352,0.19604531713860518
11,relu5_2,4.005000757873611e-07,-0.13198589256646776,0.1998888781627784
11,relu5_2,4.079534503452449e-07,-0.12935431361909933,0.20908312387023056
11,relu5_2,4.1554553347188797e-07,-0.12855398806294088,0.21193816883538502
11,relu5_2,4.232789065573544e-07,-0.12807921866521976,0.21364488188632702
11,relu5_2,4.3115619903182285e-07,-0.12786218122626156,0.2144283347709043
11,relu5_2,4.391800892596086e-07,-0.12622083559414002,0.22041923959992493
11,relu5_2,4.473533054498463e-07,-0.12390124796527403,0.2290856720475777
11,relu5_2,4.556786265841069e-07,-0.12244981009224093,0.23462838456007587
11,relu5_2,4.6415888336127725e-07,-0.12147314161692895,0.2384102534013643
11,relu5_2,4.7279695916003907e-07,-0.12118827997829627,0.23952122904175716
11,relu5_2,4.815957910192351e-07,-0.12013741229522519,0.24365071406190159
11,relu5_2,4.905583706365046e-07,-0.11970971242539341,0.24534541031622692
11,relu5_2,4.996877453854889e-07,-0.12014378730330985,0.2436255154109818
11,relu5_2,5.089870193519674e-07,-0.11892295170916986,0.2484840392791201
11,relu5_2,5.184593543892913e-07,-0.1162099837221921,0.2595183113970876
11,relu5_2,5.281079711934331e-07,-0.11441942485078678,0.2669811770989843
11,relu5_2,5.379361503980697e-07,-0.11110960390667392,0.28115530290356233
11,relu5_2,5.479472336900293e-07,-0.11052631578947371,0.2837043427246072
11,relu5_2,5.581446249454955e-07,-0.10991589799240371,0.28638838197309363
11,relu5_2,5.685317913873753e-07,-0.11036353771025505,0.2844184421658857
11,relu5_2,5.791122647641759e-07,-0.10999728703201304,0.28602953829246097
11,relu5_2,5.898896425508493e-07,-0.10864080303852416,0.29204932549067986
11,relu5_2,6.008675891719693e-07,-0.10770482908301685,0.29625146015428305
11,relu5_2,6.12049837247669e-07,-0.10746066196418884,0.29735418357253857
11,relu5_2,6.234401888627864e-07,-0.10512750949538797,0.3080273330913281
11,relu5_2,6.350425168595962e-07,-0.1042593597395551,0.3120616179032181
11,relu5_2,6.468607661546321e-07,-0.10348616386326644,0.3156833678835659
11,relu5_2,6.588989550799957e-07,-0.10166847531199134,0.32430418858788657
11,relu5_2,6.711611767496273e-07,-0.10138361367335867,0.3256687560477617
11,relu5_2,6.836516004510239e-07,-0.09670374389582205,0.34861113563910306
11,relu5_2,6.963744730628223e-07,-0.09655453065653827,0.3493588674636598
11,relu5_2,7.09334120498799e-07,-0.09514378730330984,0.3564777727889401
11,relu5_2,7.225349491787222e-07,-0.09477753662506784,0.35834055524361696
11,relu5_2,7.359814475265756e-07,-0.0949538795442214,0.35744290919857
11,relu5_2,7.496781874966877e-07,-0.09365165491047207,0.36410451746046457
11,relu5_2,7.636298261282241e-07,-0.0915626695604992,0.3749491460937959
11,relu5_2,7.778411071286482e-07,-0.09122354856212699,0.37672798390201917
11,relu5_2,7.923168624866261e-07,-0.08969072164948455,0.3848320408545442
11,relu5_2,8.070620141149491e-07,-0.08924308193163323,0.3872183531640038
11,relu5_2,8.220815755240541e-07,-0.08859196961475857,0.3907051606667807
11,relu5_2,8.373806535266489e-07,-0.0872219207813348,0.3981030084009984
11,relu5_2,8.529644499741017e-07,-0.08522788931090615,0.40901731565500565
11,relu5_2,8.688382635251193e-07,-0.08193163320672818,0.4274385548495804
11,relu5_2,8.850074914473439e-07,-0.08038524145415085,0.43624185819964006
11,relu5_2,9.014776314524917e-07,-0.0799647314161693,0.4386533982060087
11,relu5_2,9.182542835656282e-07,-0.08065653825284863,0.434690024519495
11,relu5_2,9.353431520292377e-07,-0.0819045035268584,0.4275921159039118
11,relu5_2,9.5275004724273e-07,-0.0811720021703744,0.4317501984187964
11,relu5_2,9.704808877380307e-07,-0.08022246337493219,0.4371744644257561
11,relu5_2,9.885417021919574e-07,-0.07769940314704288,0.45177354302245043
11,relu5_2,1.0069386314760271e-06,-0.07736028214867066,0.45375625052330587
11,relu5_2,1.0256779307444208e-06,-0.07737384698860555,0.45367684961355687
11,relu5_2,1.0447659715608053e-06,-0.0774281063483451,0.45335932310818444
11,relu5_2,1.0642092440647247e-06,-0.07668204015192623,0.4577361159843549
11,relu5_2,1.084014359178331e-06,-0.07814704286489421,0.44916376589000545
11,relu5_2,1.10418805085416e-06,-0.07495930548019535,0.4679311150980905
11,relu5_2,1.1247371783647508e-06,-0.07300596852957136,0.4796389572112054
11,relu5_2,1.1456687286348725e-06,-0.07213781877373848,0.4848924673704537
11,relu5_2,1.1669898186171475e-06,-0.07312805208898536,0.4789026407090147
11,relu5_2,1.1887076977119033e-06,-0.07032013022246339,0.49599060336319145
11,relu5_2,1.2108297502320394e-06,-0.07072707542051006,0.4934944173658414
11,relu5_2,1.2333634979137747e-06,-0.07046934346174717,0.49507456618803225
11,relu5_2,1.2563166024741214e-06,-0.07002170374389584,0.4978253439734844
11,relu5_2,1.2796968682159416e-06,-0.07027943570265872,0.4962405860344825
11,relu5_2,1.303512244681509e-06,-0.06855670103092786,0.506883552665842
11,relu5_2,1.327770829355429e-06,-0.07014378730330983,0.49707433895029596
11,relu5_2,1.352480870417874e-06,-0.07002170374389584,0.4978253439734844
11,relu5_2,1.377650769549055e-06,-0.06931633206728162,0.5021760924374308
11,relu5_2,1.4032890847858731e-06,-0.06877373846988608,0.5055362398298179
11,relu5_2,1.4294045334317611e-06,-0.06710526315789475,0.5159412066166184
11,relu5_2,1.4560059950206485e-06,-0.06698317959848075,0.5167068139626693
11,relu5_2,1.483102514336103e-06,-0.07014378730330983,0.49707433895029596
11,relu5_2,1.5107033044866557e-06,-0.06932989690721651,0.5020922379637113
11,relu5_2,1.5388177500383465e-06,-0.0707813347802496,0.49316209335796485
11,relu5_2,1.567455410205595e-06,-0.06996744438415628,0.4981593146146046
11,relu5_2,1.596626022101425e-06,-0.07041508410200761,0.4954075676783269
11,relu5_2,1.6263395040481906e-06,-0.06888225718936518,0.5048632798353907
11,relu5_2,1.6566059589499152e-06,-0.06683396635919697,0.5176433422457625
11,relu5_2,1.6874356777273756e-06,-0.06612859468258275,0.5220822366728258
11,relu5_2,1.7188391428171457e-06,-0.06737655995659253,0.5142419323824604
11,relu5_2,1.7508270317357268e-06,-0.06587086272381987,0.5237089297541345
11,relu5_2,1.7834102207100063e-06,-0.06711882799782964,0.5158561748897722
11,relu5_2,1.8165997883753285e-06,-0.07201573521432449,0.4856336940343276
11,relu5_2,1.850407019542302e-06,-0.07535268583830712,0.46559227798067215
11,relu5_2,1.8848434090337953e-06,-0.07631578947368423,0.4598932324855092
11,relu5_2,1.919920665593287e-06,-0.07651926207270755,0.45869414390805974
11,relu5_2,1.955650715865947e-06,-0.07784861638632666,0.45090268120214505
11,relu5_2,1.992045708453871e-06,-0.07628865979381445,0.46005324128898956
11,relu5_2,2.029118018046678e-06,-0.07467444384156269,0.4696287453915309
11,relu5_2,2.066880249629082e-06,-0.07299240368963647,0.4797208076501031
11,relu5_2,2.1053452427667084e-06,-0.07428106348345091,0.47197858850247854
11,relu5_2,2.144526075971665e-06,-0.07388768312533914,0.47433479234472
11,relu5_2,2.1844360711494283e-06,-0.07471513836136735,0.46938602188375295
11,relu5_2,2.2250887981283694e-06,-0.07476939772110691,0.46906249673718714
11,relu5_2,2.266498079273693e-06,-0.07348073792729247,0.47677892003940275
11,relu5_2,2.308677994187172e-06,-0.07312805208898536,0.4789026407090147
11,relu5_2,2.351642884494346e-06,-0.07158166033640805,0.48827404575226907
11,relu5_2,2.3954073587208794e-06,-0.07257189365165492,0.48226188577996326
11,relu5_2,2.43998629725955e-06,-0.07257189365165492,0.48226188577996326
11,relu5_2,2.4853948574297983e-06,-0.06979110146500273,0.49924552862139765
11,relu5_2,2.531648478631358e-06,-0.06804123711340207,0.5100908462076056
11,relu5_2,2.5787628875937984e-06,-0.06893651654910474,0.5045269741274842
11,relu5_2,2.6267541037238384e-06,-0.06994031470428651,0.4983263439031777
11,relu5_2,2.6756384445520452e-06,-0.07075420510037983,0.49332824061617975
11,relu5_2,2.725432531281028e-06,-0.0723548562126967,0.48357622144775153
11,relu5_2,2.776153294436804e-06,-0.07228703201302226,0.4839873432372509
11,relu5_2,2.827817979625338e-06,-0.07386055344546935,0.4744975231933349
11,relu5_2,2.880444153396298e-06,-0.07482365708084646,0.4687390929987114
11,relu5_2,2.934049709215787e-06,-0.07582745523602823,0.46277807598283904
11,relu5_2,2.9886528735503824e-06,-0.07700759631036355,0.4558233793141294
11,relu5_2,3.0442722120643057e-06,-0.07967986977753665,0.4402912956598303
11,relu5_2,3.1009266359319234e-06,-0.08064297341291374,0.43476754163332654
11,relu5_2,3.158635408267819e-06,-0.0793678784590342,0.4420891367429186
11,relu5_2,3.2174181506763714e-06,-0.08071079761258819,0.4343800346025916
11,relu5_2,3.277294849923382e-06,-0.08019533369506242,0.43733000852344583
11,relu5_2,3.3382858647317643e-06,-0.08183667932718396,0.42797615681328427
11,relu5_2,3.4004119327037024e-06,-0.08209441128594684,0.42651785250917845
11,relu5_2,3.4636941773717343e-06,-0.08309820944112861,0.4208653876183586
11,relu5_2,3.5281541153808832e-06,-0.08486163863266415,0.41104085867274603
11,relu5_2,3.5938136638046257e-06,-0.08865979381443301,0.39034107835412685
11,relu5_2,3.660695147596906e-06,-0.08992132392837766,0.38360618909595584
11,relu5_2,3.72882130718283e-06,-0.08871405317417257,0.390049958631231
11,relu5_2,3.7982153061907363e-06,-0.0910879001627781,0.3774409508019707
11,relu5_2,3.868900739327975e-06,-0.09696147585458494,0.347321957468651
11,relu5_2,3.9409016404034476e-06,-0.0988198589256647,0.3381148366446381
11,relu5_2,4.014242490499326e-06,-0.09656809549647316,0.34929085047243874
11,relu5_2,4.088948226294856e-06,-0.09766684753119916,0.34380896610176764
11,relu5_2,4.1650442485451855e-06,-0.10344546934346177,0.31587473566005825
11,relu5_2,4.242556430717777e-06,-0.10371676614215955,0.31460036588239737
11,relu5_2,4.321511127789762e-06,-0.10081389039609334,0.3284088949025751
11,relu5_2,4.401935185208879e-06,-0.0996744438415627,0.3339331667284573
11,relu5_2,4.483855948021182e-06,-0.10290287574606621,0.3184334657483949
11,relu5_2,4.567301270168747e-06,-0.10516820401519264,0.30783906286463436
11,relu5_2,4.652299523960189e-06,-0.10467986977753664,0.3101032518867483
11,relu5_2,4.738879609717651e-06,-0.10420510037981554,0.31231489318070493
11,relu5_2,4.827070965603188e-06,-0.10632121540965819,0.30253588160686656
11,relu5_2,4.916903577628021e-06,-0.10305208898535,0.31772848715023516
11,relu5_2,5.008407989848212e-06,-0.10236028214867067,0.32100551462325944
11,relu5_2,5.101615314749834e-06,-0.10169560499186112,0.3241744211187955
11,relu5_2,5.1965572438276574e-06,-0.10568366793271841,0.3054607933424217
11,relu5_2,5.293266058360567e-06,-0.10841020075963106,0.2930809573760549
11,relu5_2,5.391774640387494e-06,-0.11195062398263703,0.2775069487396281
11,relu5_2,5.492116483887789e-06,-0.11314432989690724,0.27238333898863165
11,relu5_2,5.594325706169378e-06,-0.11469072164948456,0.26584120120849924
11,relu5_2,5.698437059469136e-06,-0.11534183396635922,0.263118728216232
11,relu5_2,5.804485942768984e-06,-0.11638632664134566,0.2587910985086446
11,relu5_2,5.912508413831869e-06,-0.11722734671730876,0.25534197536584885
11,relu5_2,6.022541201461928e-06,-0.11892295170916986,0.2484840392791201
11,relu5_2,6.134621717992506e-06,-0.11686109603906676,0.2568401283377847
11,relu5_2,6.248788072006888e-06,-0.11847531199131853,0.2502820928845634
11,relu5_2,6.365079081295578e-06,-0.12288388497015737,0.2329610454938513
11,relu5_2,6.483534286054714e-06,-0.12072707542051006,0.24132755751776452
11,relu5_2,6.604193962330305e-06,-0.11820401519262075,0.2513761629255694
11,relu5_2,6.727099135712336e-06,-0.1179055887140532,0.25258342667521166
11,relu5_2,6.852291595284057e-06,-0.11832609875203474,0.2508834258214446
11,relu5_2,6.979813907830667e-06,-0.12205642973412917,0.23614657785680376
11,relu5_2,7.109709432312424e-06,-0.12170374389582206,0.2375135172783969
11,relu5_2,7.242022334607315e-06,-0.12220564297341294,0.2355699086718615
11,relu5_2,7.376797602527731e-06,-0.12249050461204561,0.23447171918830156
11,relu5_2,7.514081061116962e-06,-0.12567824199674446,0.2224254376753816
11,relu5_2,7.653919388230155e-06,-0.12508138903960936,0.2246470740627597
11,relu5_2,7.796360130405221e-06,-0.12783505154639177,0.21452640950988414
11,relu5_2,7.94145171902934e-06,-0.12894736842105264,0.21053139677537241
11,relu5_2,8.089243486805938e-06,-0.1264921323928378,0.21942094370383056
11,relu5_2,8.239785684528512e-06,-0.12654639175257734,0.21922166837320073
11,relu5_2,8.393129498166374e-06,-0.12559685295713513,0.22272747329204767
11,relu5_2,8.549327066268366e-06,-0.12661421595225178,0.21897275405260144
11,relu5_2,8.708431497690725e-06,-0.12878459034183398,0.21111270096849416
11,relu5_2,8.870496889654403e-06,-0.1258952794357027,0.2216214203395121
11,relu5_2,9.035578346138921e-06,-0.12757731958762888,0.2154597068985914
11,relu5_2,9.20373199661823e-06,-0.12639717851329357,0.21976998334490408
11,relu5_2,9.37501501514529e-06,-0.12811991318502444,0.21349821100664146
11,relu5_2,9.549485639791967e-06,-0.12818773738469888,0.21325391844582559
11,relu5_2,9.727203192450538e-06,-0.12905588714053176,0.21014449424560308
11,relu5_2,9.908228099003787e-06,-0.12736028214867068,0.21624787086131766
11,relu5_2,1.0092621909870484e-05,-0.12354856212696692,0.23042398880823978
11,relu5_2,1.0280447320933097e-05,-0.12362995116657625,0.23011466215036824
11,relu5_2,1.0471768194855202e-05,-0.12263971785132938,0.2338979033187628
11,relu5_2,1.0666649582795388e-05,-0.12325013564839937,0.23156067450238652
11,relu5_2,1.0865157746525373e-05,-0.12243624525230605,0.23468062255729574
11,relu5_2,1.1067360180959745e-05,-0.12268041237113404,0.2337415781764892
11,relu5_2,1.1273325637104872e-05,-0.12337221920781337,0.23109519404054396
11,relu5_2,1.148312414543511e-05,-0.1269669017905589,0.21768161888786763
11,relu5_2,1.1696827039703846e-05,-0.127685838307108,0.21506638940132392
11,relu5_2,1.1914506981197747e-05,-0.12784861638632666,0.2144773681634179
11,relu5_2,1.2136237983442418e-05,-0.12837764514378733,0.21257095558304367
11,relu5_2,1.2362095437367691e-05,-0.13095496473141618,0.20345550688424716
11,relu5_2,1.259215613694151e-05,-0.13412913727618017,0.192618304093221
11,relu5_2,1.28264983052806e-05,-0.13121269669017907,0.20255960538218137
11,relu5_2,1.3065201621247199e-05,-0.13213510580575152,0.19937640098022544
11,relu5_2,1.330834724654076e-05,-0.1336272381985893,0.19430351002202342
11,relu5_2,1.355601785329369e-05,-0.13634020618556703,0.18532008380366322
11,relu5_2,1.3808297652180924e-05,-0.1356483993488877,0.18758160844495422
11,relu5_2,1.4065272421052364e-05,-0.13718122626153015,0.18259758424442069
11,relu5_2,1.4327029534098295e-05,-0.1342240911557244,0.1923006739570827
11,relu5_2,1.4593657991557576e-05,-0.13062940857297886,0.20459122442890224
11,relu5_2,1.4865248449978572e-05,-0.13232501356483997,0.19872552427467735
11,relu5_2,1.514189325304352e-05,-0.1328947368421053,0.19678206757699532
11,relu5_2,1.5423686462966275e-05,-0.1348345089527944,0.19026780899496742
11,relu5_2,1.5710723892474488e-05,-0.13416983179598482,0.1924821304673327
11,relu5_2,1.6003103137387017e-05,-0.13199945740640262,0.19984225025218025
11,relu5_2,1.630092360979741e-05,-0.13437330439500816,0.19180230664133296
11,relu5_2,1.6604286571875295e-05,-0.1350379815518177,0.18959366027876262
11,relu5_2,1.691329517029647e-05,-0.13502441671188284,0.1896385495741296
11,relu5_2,1.7228054471313922e-05,-0.13357297883884972,0.19448633013336925
11,relu5_2,1.754867149648152e-05,-0.13510580575149217,0.18936932936223622
11,relu5_2,1.7875255259042355e-05,-0.13134834508952797,0.20208921586531672
11,relu5_2,1.8207916800994626e-05,-0.1310634834508953,0.20307793985586844
11,relu5_2,1.8546769230846977e-05,-0.1310634834508953,0.20307793985586844
11,relu5_2,1.8891927762076646e-05,-0.12957135105805753,0.20831362191732322
11,relu5_2,1.924350975230332e-05,-0.12911014650027133,0.20995123297687465
11,relu5_2,1.9601634743191856e-05,-0.13133478024959308,0.20213621953214195
11,relu5_2,1.9966424501097934e-05,-0.13111774281063487,0.2028893447368377
11,relu5_2,2.03380030584698e-05,-0.12999186109603908,0.20682846482622513
11,relu5_2,2.071649675602067e-05,-0.1324199674443842,0.19840065967638268
11,relu5_2,2.1102034285685967e-05,-0.12995116657623443,0.20697185830802994
11,relu5_2,2.1494746734379807e-05,-0.13012750949538798,0.20635099903262188
11,relu5_2,2.189476762856621e-05,-0.12848616386326644,0.21218138966373723
11,relu5_2,2.2302232979659363e-05,-0.128906673901248,0.21067661588232586
11,relu5_2,2.2717281330269027e-05,-0.12936787845903422,0.20903497071984978
11,relu5_2,2.314005380130654e-05,-0.12920510037981556,0.20961333043563204
11,relu5_2,2.3570694139967276e-05,-0.12976125881714598,0.2076419666021966
11,relu5_2,2.4009348768606518e-05,-0.12999186109603908,0.20682846482622513
11,relu5_2,2.445616683452444e-05,-0.129639175257732,0.20807356735039498
11,relu5_2,2.491130026067791e-05,-0.1319180683667933,0.20012213498153905
11,relu5_2,2.5374903797335716e-05,-0.13330168204015194,0.1954022936835396
11,relu5_2,2.584713507469564e-05,-0.13464460119370594,0.1908985800635611
11,relu5_2,2.63281546564802e-05,-0.1344275637547477,0.19162131409775937
11,relu5_2,2.6818126094530128e-05,-0.13319316332067285,0.195769549095879
11,relu5_2,2.731721598441379e-05,-0.1320265870862724,0.19974901788031013
11,relu5_2,2.782559402207126e-05,-0.13053445469343464,0.20492332833752977
11,relu5_2,2.8343433061513092e-05,-0.1298426478567553,0.20735458797364795
11,relu5_2,2.8870909173592348e-05,-0.13193163320672818,0.20007546798075715
11,relu5_2,2.9408201705870607e-05,-0.13570265870862727,0.18740351284923015
11,relu5_2,2.9955493343598162e-05,-0.13606890938686927,0.1862045795528286
11,relu5_2,3.051297017182871e-05,-0.13608247422680414,0.18616028198624915
11,relu5_2,3.1080821738690636e-05,-0.13463103635377105,0.1909436930209991
11,relu5_2,3.165924111983521e-05,-0.13522788931090615,0.18896601890178646
11,relu5_2,3.224842498408439e-05,-0.13742539338035814,0.18181267358301742
11,relu5_2,3.284857366030047e-05,-0.13673358654367881,0.1840430019842309
11,relu5_2,3.345989120549975e-05,-0.1374660879001628,0.18168209495752516
11,relu5_2,3.408258547423452e-05,-0.1366250678241997,0.1843946582346674
11,relu5_2,3.4716868189265594e-05,-0.13587900162778083,0.1868255505205761
11,relu5_2,3.536295501355039e-05,-0.13509224091155728,0.18941418013923425
11,relu5_2,3.602106562357074e-05,-0.1326234400434075,0.19770580831349902
11,relu5_2,3.669142378402494e-05,-0.13080575149213242,0.20397548222423748
11,relu5_2,3.7374257423910643e-05,-0.1326641345632122,0.19756704854177165
11,relu5_2,3.806979871402284e-05,-0.1314161692892024,0.20185431511220023
11,relu5_2,3.877828414589453e-05,-0.13035811177428108,0.20554111559213545
11,relu5_2,3.949995461220647e-05,-0.13121269669017907,0.20255960538218137
11,relu5_2,4.023505548869293e-05,-0.13056158437330442,0.20482840217744125
11,relu5_2,4.098383671757261e-05,-0.1270889853499729,0.21723594480422262
11,relu5_2,4.174655289253135e-05,-0.1233315246880087,0.23125028145814006
11,relu5_2,4.252346334528678e-05,-0.12141888225718939,0.23862159140668374
11,relu5_2,4.331483223376403e-05,-0.12145957677699405,0.2384630757116141
11,relu5_2,4.41209286319119e-05,-0.1201980466630494,0.24341111602521356
11,relu5_2,4.494202662119142e-05,-0.12046934346174717,0.24234107604283964
11,relu5_2,4.577840538376616e-05,-0.12046934346174717,0.24234107604283964
11,relu5_2,4.6630349297427265e-05,-0.12026587086272385,0.24314330028993855
11,relu5_2,4.7498148032285043e-05,-0.11832609875203474,0.2508834258214446
11,relu5_2,4.838209664925957e-05,-0.11876017362995119,0.24913684549933118
11,relu5_2,4.9282495700405135e-05,-0.11895008138903963,0.24837535280451917
11,relu5_2,5.0199651331100794e-05,-0.11679327183939232,0.2571182215835785
11,relu5_2,5.113387538414321e-05,-0.11734943027672276,0.2548439219723161
11,relu5_2,5.2085485505776655e-05,-0.11814975583288119,0.25159537028314405
11,relu5_2,5.305480525369574e-05,-0.11854313619099296,0.2500090873900307
11,relu5_2,5.404216420705915e-05,-0.11737655995659253,0.25473333377865676
11,relu5_2,5.5047898078549675e-05,-0.11877373846988608,0.24908239996799558
11,relu5_2,5.607234882852027e-05,-0.11767498643516008,0.25351903105548645
11,relu5_2,5.711586478126435e-05,-0.1199674443841563,0.24432321482597757
11,relu5_2,5.8178800743449355e-05,-0.12246337493217582,0.23457615466639176
11,relu5_2,5.926151812475552e-05,-0.12280249593054804,0.23327303999757457
11,relu5_2,6.0364385060758635e-05,-0.12178513293543139,0.237197582637506
11,relu5_2,6.148777653810017e-05,-0.12232772653282693,0.23509881830213686
11,relu5_2,6.263207452198692e-05,-0.12447097124253936,0.22693529225828113
11,relu5_2,6.379766808606283e-05,-0.12447097124253936,0.22693529225828113
11,relu5_2,6.498495354469889e-05,-0.12472870320130225,0.2259671688904247
11,relu5_2,6.619433458774387e-05,-0.12419967444384158,0.22795750964163472
11,relu5_2,6.742622241778336e-05,-0.12444384156266959,0.2270373690204235
11,relu5_2,6.868103588995308e-05,-0.12444384156266959,0.2270373690204235
11,relu5_2,6.995920165435375e-05,-0.12444384156266959,0.2270373690204235
11,relu5_2,7.126115430111745e-05,-0.12460661964188825,0.22642539148276034
11,relu5_2,7.258733650817246e-05,-0.12395550732501359,0.22888026132001293
11,relu5_2,7.393819919175873e-05,-0.12367064568638092,0.22996010782231469
11,relu5_2,7.531420165974376e-05,-0.12367064568638092,0.22996010782231469
11,relu5_2,7.671581176779303e-05,-0.1238334237655996,0.2293426169606974
11,relu5_2,7.814350607844543e-05,-0.12381349638397425,0.22941814810630423
11,relu5_2,7.959777002314978e-05,-0.12320944112859471,0.2317159801477251
11,relu5_2,8.107909806731695e-05,-0.12299960322779364,0.23251795587695892
11,relu5_2,8.258799387844272e-05,-0.12286395436843021,0.23303741997450922
11,relu5_2,8.412497049736118e-05,-0.12376643900473905,0.22959657973002542
11,relu5_2,8.569055051268347e-05,-0.12325900807197983,0.23152682364594734
11,relu5_2,8.728526623848371e-05,-0.12318012414080012,0.23182790992729554
11,relu5_2,8.890965989529168e-05,-0.12391013142942825,0.2290520329070737
11,relu5_2,9.056428379445294e-05,-0.12311229741091696,0.23208701141232566
11,relu5_2,9.224970052592174e-05,-0.12468334041639824,0.22613735530550536
11,relu5_2,9.39664831495469e-05,-0.12304447068103382,0.23234631508856224
11,relu5_2,9.571521538991856e-05,-0.12251182911191137,0.2343896534522166
11,relu5_2,9.749649183484096e-05,-0.12243043041032547,0.23470301790894127
11,relu5_2,9.9310918137498e-05,-0.12224050010662504,0.2354353365956299
11,relu5_2,0.00010115911122238297,-0.12106021893362949,0.24002184249228567
11,relu5_2,0.00010304169949505875,-0.12106021893362949,0.24002184249228567
11,relu5_2,0.00010495932305582266,-0.12106021893362949,0.24002184249228567
11,relu5_2,0.00010691263391734771,-0.12106021893362949,0.24002184249228567
11,relu5_2,0.00010890229622637306,-0.1217114085463167,0.23748375229437996
11,relu5_2,0.00011092898648952228,-0.12267462651508317,0.2337637996919175
11,relu5_2,0.00011299339380332217,-0.12240371270575456,0.23480593793557586
11,relu5_2,0.00011509622008850311,-0.1225752423501562,0.23414573066422445
11,relu5_2,0.00011723818032865997,-0.12229032563209175,0.23524306938272324
11,relu5_2,0.00011942000281335325,-0.12209318321895003,0.2360044443819281
11,relu5_2,0.0001216424293857368,-0.12057830310802277,0.24191223862118152
11,relu5_2,0.00012390621569479155,-0.12082335975512024,0.2409496784277766
11,relu5_2,0.0001262121314522546,-0.11943377377391394,0.24644308338641874
11,relu5_2,0.00012856096069432965,-0.11671814910534883,0.25742648024348647
11,relu5_2,0.00013095350204826676,-0.11895149613387283,0.24836968597498874
11,relu5_2,0.00013339056900390586,-0.11746464578548071,0.2543744976482999
11,relu5_2,0.0001358729901902709,-0.11853388983707805,0.25004629369509096
11,relu5_2,0.00013840160965731301,-0.12008125986970494,0.24387274695761274
11,relu5_2,0.00014097728716289676,-0.12052489443620164,0.242122375860726
11,relu5_2,0.00014360089846512608,-0.11768204879706291,0.25349034229645645
11,relu5_2,0.000146273335620113,-0.12101365191637782,0.24020406103879854
11,relu5_2,0.00014899550728528536,-0.11957244669159987,0.24589102546343522
11,relu5_2,0.00015176833902834038,-0.12021867936686517,0.24332962260297672
11,relu5_2,0.00015459277364194784,-0.1197356020000653,0.24524259603973264
11,relu5_2,0.00015746977146430867,-0.12042901206104337,0.24249994349545004
11,relu5_2,0.000160400310705682,-0.12015831467190867,0.2435680994548685
11,relu5_2,0.00016338538778098603,-0.11915258594153849,0.24756511609609133
11,relu5_2,0.0001664260176485902,-0.12225222174617055,0.23539009518060144
11,relu5_2,0.00016952323415541214,-0.1235883464840579,0.23027274831918282
11,relu5_2,0.0001726780903884356,-0.1240163776632852,0.22864997686626184
11,relu5_2,0.00017589165903277327,-0.11838988556690568,0.2506262421212384
11,relu5_2,0.00017916503273638994,-0.12744273734732278,0.21594819745265917
11,relu5_2,0.00018249932448161505,-0.13366287265479979,0.19418351171784634
11,relu5_2,0.00018589566796356884,-0.1312485646036433,0.20243514954087416
11,relu5_2,0.00018935521797562954,-0.13242413902993758,0.19838639624696544
11,relu5_2,0.00019287915080207777,-0.12726459295834144,0.2165960107364285
11,relu5_2,0.00019646866461804445,-0.13193758616208054,0.20005499054891496
11,relu5_2,0.00020012497989690348,-0.12378479417734423,0.22952696924750443
11,relu5_2,0.00020384933982524643,-0.10979119233748336,0.286938788491881
11,relu5_2,0.00020764301072557747,-0.11137713913191793,0.279991274371347
11,relu5_2,0.00021150728248687948,-0.11529235104851902,0.26332496209960854
11,relu5_2,0.00021544346900318823,-0.10719262924500061,0.2985677948562175
11,relu5_2,0.00021945290862033113,-0.10903592096159456,0.29028729627548466
11,relu5_2,0.00022353696459097966,-0.11962296003806351,0.24569014359602812
11,relu5_2,0.000227697025538168,-0.10942548052557549,0.2885569601907123
11,relu5_2,0.00023193450592744275,-0.11006694478222045,0.2857226552831165
11,relu5_2,0.0002362508465477945,-0.10957453781671177,0.287896694461979
11,relu5_2,0.00024064751500154217,-0.10922535014709972,0.289445038068398
11,relu5_2,0.000245126006203334,-0.11376210845086111,0.2697568898152534
11,relu5_2,0.00024968784288843267,-0.10574068118700844,0.3051984816446834
11,relu5_2,0.00025433457613046484,-0.12407174746049149,0.22844064306858533
11,relu5_2,0.0002590677858688006,-0.10170193382713054,0.3241441536380257
11,relu5_2,0.0002638890814457513,-0.11428806431700488,0.267534334576205
11,relu5_2,0.00026880010215376074,-0.11428806431700488,0.267534334576205
11,relu5_2,0.00027380251779278577,-0.1043297619447163,0.31173318861217847
11,relu5_2,0.000278898029238044,-0.10388979881279528,0.31378931431586515
11,relu5_2,0.0002840883690183301,-0.1134279394819912,0.2711754592817649
11,relu5_2,0.00028937530190509535,-0.1134279394819912,0.2711754592817649
11,relu5_2,0.00029476062551248586,-0.1135878922663088,0.2704958228735815
11,relu5_2,0.00030024617090855494,-0.11665014869995727,0.25770573060420854
11,relu5_2,0.00030583380323784314,-0.1256021206662838,0.2227079160274757
11,relu5_2,0.0003115254223555485,-0.11454273035581465,0.26646264396064967
11,relu5_2,0.00031732296347349796,-0.11435288730911064,0.26726126900387237
11,relu5_2,0.0003232283978181381,-0.11786910582221312,0.2527312879569486
11,relu5_2,0.0003292437333007769,-0.11382951170319051,0.26947136671431204
11,relu5_2,0.0003353710152002929,-0.09988441601983063,0.33291077139210085
11,relu5_2,0.0003416123268585525,-0.0963586283397156,0.35034208577347425
11,relu5_2,0.0003479697903887695,-0.07586585954342363,0.46255084270654045
11,relu5_2,0.0003544455673970436,-0.07645393303878369,0.4590789477222456
11,relu5_2,0.0003610418597173337,-0.07682276662339532,0.4569087638502707
11,relu5_2,0.00036776091016010306,-0.0769430670392296,0.45620215549460047
11,relu5_2,0.00037460500327489893,-0.08030816819328679,0.43668329416652174
11,relu5_2,0.00038157646612712524,-0.10010694074112278,0.33182942802082055
11,relu5_2,0.00038867766908926677,-0.09402242201831366,0.3622001051135467
11,relu5_2,0.00039591102664684585,-0.06990690499578345,0.4985320777042342
11,relu5_2,0.0004032789982193705,-0.08884439731941805,0.38935114937607357
11,relu5_2,0.00041078408899656427,-0.04728940090257164,0.6472928761941232
11,relu5_2,0.00041842885079015847,-0.0473710751701063,0.646724506018459
11,relu5_2,0.0004262158829015325,-0.052940700168399815,0.6084582642141552
11,relu5_2,0.00043414783300550926,-0.052940700168399815,0.6084582642141552
11,relu5_2,0.00044222739805058973,-0.05369337816397937,0.6033639431545883
11,relu5_2,0.0004504573251759454,-0.05369337816397937,0.6033639431545883
11,relu5_2,0.00045884041264547613,-0.03382023438550591,0.7435755400405787
11,relu5_2,0.00046737951079924635,-0.010810732935985884,0.9167419242555298
11,relu5_2,0.0004760775230226368,-0.010942633459799561,0.9157298044230674
11,relu5_2,0.00048493740673352334,-0.01107440934905871,0.9147187751688237
11,relu5_2,0.0004939621743878316,-0.010441764353323097,0.9195738522066321
11,relu5_2,0.0005031548945038057,-0.038255069885482405,0.7113473741308618
11,relu5_2,0.0005125186927053333,-0.03860821085318341,0.7088019015309814
11,relu5_2,0.0005220567527846976,-0.03717839935279839,0.7191275744867215
11,relu5_2,0.0005317723177850966,-0.04425959164212087,0.6685179340260624
11,relu5_2,0.0005416686911033147,-0.05955562490295757,0.5643504635321938
11,relu5_2,0.0005517492376129129,-0.023007413209767125,0.8239229889791275
11,relu5_2,0.0005620173848083188,-0.015361094865418685,0.8819130291271834
11,relu5_2,0.0005724766239702179,-0.014841470972179792,0.885880203316684
11,relu5_2,0.0005831305113526219,-0.014688683715110644,0.8870472287955576
11,relu5_2,0.000593982669392035,-0.03367998425375906,0.7446023342926238
11,relu5_2,0.0006050367879391225,-0.03367998425375906,0.7446023342926238
11,relu5_2,0.0006162966255132943,-0.0387677799967505,0.7076527591630346
11,relu5_2,0.00062776601058065,-0.14466883406826267,0.15963470000153626
11,relu5_2,0.0006394488428556937,-0.14466883406826267,0.15963470000153626
11,relu5_2,0.0006513490946272796,-0.14466883406826267,0.15963470000153626
11,relu5_2,0.0006634708121092351,-0.11076128787953711,0.2826756402154812
11,relu5_2,0.000675818116816111,-0.11076128787953711,0.2826756402154812
11,relu5_2,0.0006883952069645496,-0.15803885113399613,0.12408385697894907
11,relu5_2,0.0007012063589007177,-0.15803885113399613,0.12408385697894907
11,relu5_2,0.0007142559285543119,-0.15803885113399613,0.12408385697894907
11,relu5_2,0.0007275483529196233,-0.17564560684602645,0.08694099363277112
11,relu5_2,0.0007410881515641569,-0.17564560684602645,0.08694099363277112
11,relu5_2,0.0007548799281653432,-0.17564560684602645,0.08694099363277112
11,relu5_2,0.0007689283720758305,-0.17564560684602645,0.08694099363277112
11,relu5_2,0.0007832382599179204,-0.17564560684602645,0.08694099363277112
11,relu5_2,0.0007978144572076629,-0.17979984239755756,0.0796174834875235
11,relu5_2,0.0008126619200091946,-0.17979984239755756,0.0796174834875235
11,relu5_2,0.0008277856966198472,-0.17979984239755756,0.0796174834875235
11,relu5_2,0.0008431909292866251,-0.17979984239755756,0.0796174834875235
11,relu5_2,0.0008588828559546258,-0.17979984239755756,0.0796174834875235
11,relu5_2,0.0008748668120479914,-0.17979984239755756,0.0796174834875235
11,relu5_2,0.0008911482322840202,-0.17979984239755756,0.0796174834875235
11,relu5_2,0.0009077326525210223,-0.17979984239755756,0.0796174834875235
11,relu5_2,0.0009246257116405734,-0.1257545771346557,0.2221424194698233
11,relu5_2,0.0009418331534647961,-0.1257545771346557,0.2221424194698233
11,relu5_2,0.0009593608287093146,-0.115161081051747,0.2638725981770285
11,relu5_2,0.0009772146969725724,-0.115161081051747,0.2638725981770285
11,relu5_2,0.0009954008287621518,-0.115161081051747,0.2638725981770285
11,relu5_2,0.0010139254075588143,-0.115161081051747,0.2638725981770285
11,relu5_2,0.0010327947319189526,-0.115161081051747,0.2638725981770285
11,relu5_2,0.0010520152176161591,-0.115161081051747,0.2638725981770285
11,relu5_2,0.001071593399822671,-0.115161081051747,0.2638725981770285
11,relu5_2,0.0010915359353313911,-0.115161081051747,0.2638725981770285
11,relu5_2,0.0011118496048192698,-0.115161081051747,0.2638725981770285
11,relu5_2,0.0011325413151528126,-0.115161081051747,0.2638725981770285
11,relu5_2,0.0011536181017364785,-0.115161081051747,0.2638725981770285
11,relu5_2,0.0011750871309048076,-0.115161081051747,0.2638725981770285
11,relu5_2,0.0011969557023590429,-0.115161081051747,0.2638725981770285
11,relu5_2,0.0012192312516491094,-0.115161081051747,0.2638725981770285
11,relu5_2,0.0012419213527017847,-0.115161081051747,0.2638725981770285
11,relu5_2,0.0012650337203959038,-0.115161081051747,0.2638725981770285
11,relu5_2,0.0012885762131855181,-0.08155456040010498,0.42957571698319397
11,relu5_2,0.0013125568357718427,-0.08155456040010498,0.42957571698319397
11,relu5_2,0.0013369837418249451,-0.08155456040010498,0.42957571698319397
11,relu5_2,0.0013618652367560827,-0.08155456040010498,0.42957571698319397
11,relu5_2,0.001387209780541621,-0.08155456040010498,0.42957571698319397
11,relu5_2,0.0014130259905995337,-0.08155456040010498,0.42957571698319397
11,relu5_2,0.0014393226447194064,-0.08155456040010498,0.42957571698319397
11,relu5_2,0.001466108684046983,-0.08155456040010498,0.42957571698319397
11,relu5_2,0.0014933932161242535,-0.08155456040010498,0.42957571698319397
11,relu5_2,0.001521185517986105,-0.08155456040010498,0.42957571698319397
11,relu5_2,0.0015494950393146315,-0.08155456040010498,0.42957571698319397
11,relu5_2,0.0015783314056521166,-0.08155456040010498,0.42957571698319397
11,relu5_2,0.0016077044216738221,-0.08155456040010498,0.42957571698319397
11,relu5_2,0.001637624074521689,-0.08155456040010498,0.42957571698319397
11,relu5_2,0.0016681005372000592,-0.08155456040010498,0.42957571698319397
11,relu5_2,0.001699144172034626,-0.08155456040010498,0.42957571698319397
11,relu5_2,0.001730765534195724,-0.12351224181582265,0.2305621213627174
11,relu5_2,0.0017629753752872038,-0.12351224181582265,0.2305621213627174
11,relu5_2,0.0017957846470020968,-0.12351224181582265,0.2305621213627174
11,relu5_2,0.0018292045048462937,-0.15179277699856855,0.13985091766035657
11,relu5_2,0.0018632463119315598,-0.15179277699856855,0.13985091766035657
11,relu5_2,0.0018979216428390996,-0.15179277699856855,0.13985091766035657
11,relu5_2,0.0019332422875550433,-0.15179277699856855,0.13985091766035657
11,relu5_2,0.0019692202554791737,-0.15179277699856855,0.13985091766035657
11,relu5_2,0.002005867779508234,-0.15179277699856855,0.13985091766035657
11,relu5_2,0.0020431973201952705,-0.15179277699856855,0.13985091766035657
11,relu5_2,0.002081221569986337,-0.15179277699856855,0.13985091766035657
11,relu5_2,0.002119953457536069,-0.15179277699856855,0.13985091766035657
11,relu5_2,0.0021594061521035676,-0.15179277699856855,0.13985091766035657
11,relu5_2,0.0021995930680300748,-0.15179277699856855,0.13985091766035657
11,relu5_2,0.0022405278693000182,-0.15179277699856855,0.13985091766035657
11,relu5_2,0.002282224474186896,-0.15179277699856855,0.13985091766035657
11,relu5_2,0.0023246970599856455,-0.092494053347406,0.3700899710294024
11,relu5_2,0.0023679600678330787,-0.092494053347406,0.3700899710294024
11,relu5_2,0.002412028207618007,-0.092494053347406,0.3700899710294024
11,relu5_2,0.00245691646298279,-0.092494053347406,0.3700899710294024
11,relu5_2,0.0025026400964179166,-0.092494053347406,0.3700899710294024
11,relu5_2,0.0025492146544514203,-0.092494053347406,0.3700899710294024
11,relu5_2,0.0025966559729348722,-0.092494053347406,0.3700899710294024
11,relu5_2,0.00264498018242772,-0.092494053347406,0.3700899710294024
11,relu5_2,0.0026942037136818823,-0.092494053347406,0.3700899710294024
11,relu5_2,0.0027443433032283623,-0.092494053347406,0.3700899710294024
11,relu5_2,0.002795415999067859,-0.092494053347406,0.3700899710294024
11,relu5_2,0.0028474391664672478,-0.092494053347406,0.3700899710294024
11,relu5_2,0.0029004304938639917,-0.092494053347406,0.3700899710294024
11,relu5_2,0.00295440799888038,-0.092494053347406,0.3700899710294024
11,relu5_2,0.003009390034449718,-0.092494053347406,0.3700899710294024
11,relu5_2,0.00306539529505653,-0.09070834328294813,0.37944024283442374
11,relu5_2,0.0031224428230928578,-0.09070834328294813,0.37944024283442374
11,relu5_2,0.00318055201533292,-0.09070834328294813,0.37944024283442374
11,relu5_2,0.0032397426295281955,-0.09070834328294813,0.37944024283442374
11,relu5_2,0.003300034791125282,-0.09070834328294813,0.37944024283442374
11,relu5_2,0.0033614490001087688,-0.09070834328294813,0.37944024283442374
11,relu5_2,0.003424006137971426,-0.09070834328294813,0.37944024283442374
11,relu5_2,0.0034877274748141775,-0.09070834328294813,0.37944024283442374
11,relu5_2,0.0035526346765781393,,
11,relu5_2,0.003618749812411277,,
11,relu5_2,0.0036860953621721615,,
11,relu5_2,0.003754694224073337,,
11,relu5_2,0.0038245697224669993,,
11,relu5_2,0.0038957456157755013,,
11,relu5_2,0.003968246104569478,,
11,relu5_2,0.00404209583979631,,
11,relu5_2,0.004117319931161679,,
11,relu5_2,0.004193943955667186,,
11,relu5_2,0.004271993966306777,,
11,relu5_2,0.004351496500925045,,
11,relu5_2,0.0044324785912404005,,
11,relu5_2,0.004514967772036102,,
11,relu5_2,0.004598992090522438,,
11,relu5_2,0.004684580115873045,,
11,relu5_2,0.004771760948938741,,
11,relu5_2,0.004860564232142139,,
11,relu5_2,0.004951020159556351,,
11,relu5_2,0.005043159487171359,,
11,relu5_2,0.005137013543351339,,
11,relu5_2,0.005232614239486656,,
11,relu5_2,0.005329994080844093,,
11,relu5_2,0.005429186177618943,,
11,relu5_2,0.0055302242561929005,,
11,relu5_2,0.005633142670601352,,
11,relu5_2,0.005737976414214128,,
11,relu5_2,0.0058447611316336376,,
11,relu5_2,0.00595353313081437,,
11,relu5_2,0.006064329395408062,,
11,relu5_2,0.006177187597338488,,
11,relu5_2,0.0062921461096103375,,
11,relu5_2,0.006409244019356457,,
11,relu5_2,0.006528521141127847,,
11,relu5_2,0.006650018030431118,,
11,relu5_2,0.006773775997517745,,
11,relu5_2,0.006899837121430011,,
11,relu5_2,0.0070282442643083524,,
11,relu5_2,0.0071590410859648885,,
11,relu5_2,0.007292272058728313,,
11,relu5_2,0.00742798248256491,,
11,relu5_2,0.007566218500481048,,
11,relu5_2,0.007707027114212304,,
11,relu5_2,0.00785045620020451,,
11,relu5_2,0.007996554525892346,,
11,relu5_2,0.008145371766280737,,
11,relu5_2,0.008296958520834915,,
11,relu5_2,0.008451366330684721,,
11,relu5_2,0.008608647696149245,,
11,relu5_2,0.008768856094587427,,
11,relu5_2,0.008932045998580959,,
11,relu5_2,0.009098272894455568,,
11,relu5_2,0.009267593301146883,,
11,relu5_2,0.009440064789417604,,
11,relu5_2,0.009615746001432095,,
11,relu5_2,0.009794696670695385,,
11,relu5_2,0.009976977642363211,,
11,relu5_2,0.010162650893929951,,
11,relu5_2,0.010351779556301762,,
11,relu5_2,0.010544427935261684,,
11,relu5_2,0.010740661533334323,,
11,relu5_2,0.010940547072057435,,
11,relu5_2,0.011144152514667882,,
11,relu5_2,0.01135154708920999,,
11,relu5_2,0.011562801312073753,,
11,relu5_2,0.011777987011971181,,
11,relu5_2,0.011997177354358856,,
11,relu5_2,0.012220446866314887,,
11,relu5_2,0.012447871461879062,,
11,relu5_2,0.01267952846786434,,
11,relu5_2,0.012915496650148827,,
11,relu5_2,0.013155856240457052,,
11,relu5_2,0.013400688963639508,,
11,relu5_2,0.013650078065460139,,
11,relu5_2,0.013904108340900697,,
11,relu5_2,0.014162866162991974,,
11,relu5_2,0.014426439512181588,,
11,relu5_2,0.014694918006248172,,
11,relu5_2,0.014968392930772555,,
11,relu5_2,0.01524695727017573,,
11,relu5_2,0.015530705739334584,,
11,relu5_2,0.015819734815786014,,
11,relu5_2,0.016114142772530198,,
11,relu5_2,0.016414029711444664,,
11,relu5_2,0.016719497597319884,,
11,relu5_2,0.017030650292528426,,
11,relu5_2,0.017347593592339325,,
11,relu5_2,0.017670435260889468,,
11,relu5_2,0.017999285067824763,,
11,relu5_2,0.018334254825622887,,
11,relu5_2,0.01867545842761074,,
11,relu5_2,0.019023011886689457,,
11,relu5_2,0.01937703337477989,,
11,relu5_2,0.019737643263002553,,
11,relu5_2,0.02010496416260497,,
11,relu5_2,0.020479120966650832,,
11,relu5_2,0.02086024089248505,,
11,relu5_2,0.021248453524988827,,
11,relu5_2,0.021643890860640204,,
11,relu5_2,0.022046687352394075,,
11,relu5_2,0.022456979955397718,,
11,relu5_2,0.02287490817355704,,
11,relu5_2,0.023300614106969247,,
11,relu5_2,0.023734242500238662,,
11,relu5_2,0.024175940791691282,,
11,relu5_2,0.024625859163505442,,
11,relu5_2,0.02508415059277541,,
11,relu5_2,0.02555097090352507,,
11,relu5_2,0.026026478819690044,,
11,relu5_2,0.02651083601908536,,
11,relu5_2,0.027004207188377698,,
11,relu5_2,0.027506760079080674,,
11,relu5_2,0.028018665564591955,,
11,relu5_2,0.028540097698292376,,
11,relu5_2,0.029071233772725753,,
11,relu5_2,0.029612254379880375,,
11,relu5_2,0.03016334347259197,,
11,relu5_2,0.030724688427090033,,
11,relu5_2,0.031296480106707505,,
11,relu5_2,0.03187891292677643,,
11,relu5_2,0.03247218492073132,,
11,relu5_2,0.03307649780744242,,
11,relu5_2,0.033692057059802674,,
11,relu5_2,0.03431907197459043,,
11,relu5_2,0.03495775574363272,,
11,relu5_2,0.03560832552629282,,
11,relu5_2,0.036271002523306485,,
11,relu5_2,0.03694601205199302,,
11,relu5_2,0.03763358362286533,,
11,relu5_2,0.03833395101766598,,
11,relu5_2,0.03904735236885564,,
11,relu5_2,0.03977403024058037,,
11,relu5_2,0.04051423171114647,,
11,relu5_2,0.04126820845702952,,
11,relu5_2,0.0420362168384471,,
11,relu5_2,0.042818517986524154,,
11,relu5_2,0.04361537789208006,,
11,relu5_2,0.044427067496068826,,
11,relu5_2,0.04525386278170167,,
11,relu5_2,0.046096044868284294,,
11,relu5_2,0.04695390010680063,,
11,relu5_2,0.04782772017727485,,
11,relu5_2,0.04871780218794631,,
11,relu5_2,0.04962444877628913,,
11,relu5_2,0.050547968211912354,,
11,relu5_2,0.051488674501374974,,
11,relu5_2,0.05244688749495119,,
11,relu5_2,0.053422932995383525,,
11,relu5_2,0.054417142868658876,,
11,relu5_2,0.05542985515684663,,
11,relu5_2,0.05646141419303673,,
11,relu5_2,0.057512170718416133,,
11,relu5_2,0.05858248200152536,,
11,relu5_2,0.0596727119597331,,
11,relu5_2,0.060783231282972236,,
11,relu5_2,0.06191441755977847,,
11,relu5_2,0.06306665540567406,,
11,relu5_2,0.0642403365939419,,
11,relu5_2,0.0654358601888323,,
11,relu5_2,0.06665363268124906,,
11,relu5_2,0.06789406812696112,,
11,relu5_2,0.06915758828738525,,
11,relu5_2,0.07044462277299036,,
11,relu5_2,0.07175560918936921,,
11,relu5_2,0.07309099328602904,,
11,relu5_2,0.07445122910795143,,
11,relu5_2,0.0758367791499719,,
11,relu5_2,0.077248114514034,,
11,relu5_2,0.07868571506936843,,
11,relu5_2,0.08015006961565396,,
11,relu5_2,0.08164167604921473,,
11,relu5_2,0.08316104153230962,,
11,relu5_2,0.08470868266557402,,
11,relu5_2,0.08628512566366887,,
11,relu5_2,0.08789090653419963,,
11,relu5_2,0.08952657125996401,,
11,relu5_2,0.09119267598459298,,
11,relu5_2,0.09288978720164498,,
11,relu5_2,0.09461848194721992,,
11,relu5_2,0.09637934799615795,,
11,relu5_2,0.09817298406188842,,
11,relu5_2,0.1,,
12,relu5_3,1e-09,-0.3117556093282246,0.0019881231226782825
12,relu5_3,1.0186101701559773e-09,-0.3126608767423855,0.0019257084730085012
12,relu5_3,1.0375666787451849e-09,-0.31259198987012937,0.0019303949691528034
12,relu5_3,1.0568759711848051e-09,-0.31237176691644847,0.0019454463294498764
12,relu5_3,1.0765446128423137e-09,-0.3136272072881763,0.001861041945909121
12,relu5_3,1.0965792912678099e-09,-0.311269373123006,0.0020223960252669566
12,relu5_3,1.116986818467825e-09,-0.31051649897464345,0.002076516415940731
12,relu5_3,1.1377741332214901e-09,-0.3106093492556358,0.002069771944826674
12,relu5_3,1.1589483034398119e-09,-0.3126248428734547,0.0019281586373751326
12,relu5_3,1.180516528568803e-09,-0.31203942044855343,0.0019683616496304042
12,relu5_3,1.2024861420374123e-09,-0.31228888884603884,0.001951138113393868
12,relu5_3,1.2248646137509333e-09,-0.3114717962864442,0.0020080637153502595
12,relu5_3,1.2476595526308685e-09,-0.3110288158829134,0.0020395484184643656
12,relu5_3,1.2708787092020595e-09,-0.31138829267471824,0.0020139649306252566
12,relu5_3,1.2945299782279134e-09,-0.31228677062079324,0.001951283782825374
12,relu5_3,1.3186214013947485e-09,-0.3119758267705656,0.0019727741246972704
12,relu5_3,1.3431611700460181e-09,-0.3113846781727552,0.0020142207213137073
12,relu5_3,1.3681576279674706e-09,-0.3123018228511699,0.001950248860554144
12,relu5_3,1.3936192742241434e-09,-0.3112443536633298,0.0020241738936163604
12,relu5_3,1.4195547660500987e-09,-0.30909892512772663,0.002181978904463632
12,relu5_3,1.4459729217920195e-09,-0.31020344504073266,0.0020994024909864713
12,relu5_3,1.4728827239075047e-09,-0.3109046206466452,0.0020484551834628524
12,relu5_3,1.5002933220192166e-09,-0.3110752389800015,0.0020362281335691234
12,relu5_3,1.5282140360258708e-09,-0.30969159715303657,0.002137312233494605
12,relu5_3,1.5566543592710589e-09,-0.310943206844702,0.002045684189743707
12,relu5_3,1.5856239617711372e-09,-0.31074500133523214,0.002059953970038466
12,relu5_3,1.615132693503093e-09,-0.30924499708584413,0.0021708927194032334
12,relu5_3,1.6451905877536607e-09,-0.3095590954774033,0.00214722599540224
12,relu5_3,1.6758078645307687e-09,-0.31044235545931964,0.002081916298145455
12,relu5_3,1.7069949340384045e-09,-0.30840500296219586,0.0022353449547589947
12,relu5_3,1.7387624002162505e-09,-0.3090915873558024,0.002182537151813791
12,relu5_3,1.7711210643450904e-09,-0.3097615237581589,0.0021320969948493322
12,relu5_3,1.8040819287193808e-09,-0.3093670835434382,0.0021616659248166635
12,relu5_3,1.8376562003881724e-09,-0.30928674147957186,0.002167733860443934
12,relu5_3,1.8718552949655752e-09,-0.3087399449544085,0.0022094410748824843
12,relu5_3,1.906690840512252e-09,-0.309519449426812,0.0021502003608763203
12,relu5_3,1.9421746814890284e-09,-0.3086293314594282,0.002217965655668307
12,relu5_3,1.9783188827841624e-09,-0.3067683146656744,0.002365904344680944
12,relu5_3,2.0151357338155587e-09,-0.30710327661637327,0.002338638348032956
12,relu5_3,2.052637752709248e-09,-0.3082693508825996,0.0022459137385033696
12,relu5_3,2.09083769055575e-09,-0.30604673263436494,0.0024256165044799914
12,relu5_3,2.129748535745523e-09,-0.3059987723853327,0.002429632981494899
12,relu5_3,2.1693835183851823e-09,-0.30810238882906327,0.002258983743516989
12,relu5_3,2.2097561147959033e-09,-0.3065705807986292,0.002382134029063091
12,relu5_3,2.250880052095457e-09,-0.3079850104878697,0.0022682132723927514
12,relu5_3,2.2927693128656487e-09,-0.3068225751294769,0.0023614681823467764
12,relu5_3,2.3354381399064818e-09,-0.3071966576306543,0.002331087739212899
12,relu5_3,2.378901041078891e-09,-0.30618189958753156,0.002414328968243745
12,relu5_3,2.4231727942376006e-09,-0.30746013557915686,0.0023099016926899224
12,relu5_3,2.4682684522556873e-09,-0.3067438059200092,0.002367910561543484
12,relu5_3,2.5142033481427964e-09,-0.3051076226895998,0.002505360763477965
12,relu5_3,2.560993100258462e-09,-0.30490989378043715,0.0025224485811487316
12,relu5_3,2.6086536176225453e-09,-0.3054629557566767,0.0024749143815549495
12,relu5_3,2.657201105324507e-09,-0.3044940924600882,0.0025587249420569416
12,relu5_3,2.7066520700332356e-09,-0.3052218914473018,0.0024955331788447466
12,relu5_3,2.7570233256095828e-09,-0.3049000091721395,0.0025233055594721817
12,relu5_3,2.8083319988231753e-09,-0.3056189530029943,0.002461653430376574
12,relu5_3,2.860595535175739e-09,-0.30402978849126433,0.002599787066850382
12,relu5_3,2.9138317048327884e-09,-0.30439132249936485,0.0025677630916464394
12,relu5_3,2.9680586086655964e-09,-0.30424785844336827,0.0025804281376813495
12,relu5_3,3.0232946844057765e-09,-0.3038941396319009,0.0026118949611941018
12,relu5_3,3.0795587129142296e-09,-0.30502519726601757,0.002512471300383011
12,relu5_3,3.1368698245668734e-09,-0.3047914893486142,0.0025327312828357634
12,relu5_3,3.1952475057592137e-09,-0.30526155154875895,0.0024921303665502615
12,relu5_3,3.2547116055318414e-09,-0.30427705207699196,0.0025778463706171346
12,relu5_3,3.3152823423194234e-09,-0.30434384507657253,0.0025719482062211032
12,relu5_3,3.376980310825095e-09,-0.3051014144802354,0.0025058956913801794
12,relu5_3,3.439826489022921e-09,-0.30419566193333086,0.0025850499845062646
12,relu5_3,3.5038422452906756e-09,-0.3041315251357869,0.0025907393052957313
12,relu5_3,3.5690493456752222e-09,-0.3042014128081957,0.002584540396717027
12,relu5_3,3.635469961293318e-09,-0.30329153074172055,0.002666298721004031
12,relu5_3,3.703126675869931e-09,-0.303278994308231,0.002667441254979017
12,relu5_3,3.772042493416993e-09,-0.3023837057641477,0.0027501825254859563
12,relu5_3,3.842240846055061e-09,-0.30286999074370696,0.0027049589644147524
12,relu5_3,3.913745601980376e-09,-0.3020581462935719,0.002780837501013862
12,relu5_3,3.9865810735804386e-09,-0.3018604304222335,0.002799604131181162
12,relu5_3,4.060772025700369e-09,-0.30048664692747057,0.002933172854825188
12,relu5_3,4.13634368406327e-09,-0.3001095364556611,0.002970825445961656
12,relu5_3,4.2133217438472886e-09,-0.29977244751057125,0.0030048487379601913
12,relu5_3,4.291732378422149e-09,-0.30073250135648405,0.0029088568151836762
12,relu5_3,4.371602248248502e-09,-0.2994438415626696,0.003038352029809539
12,relu5_3,4.45295850994266e-09,-0.29952929369676157,0.0030296075889968983
12,relu5_3,4.5358288255101815e-09,-0.29903315621280546,0.0030806948624898327
12,relu5_3,4.620241371751313e-09,-0.2979188073769416,0.0031982672267752477
12,relu5_3,4.706224849841272e-09,-0.2985573694952657,0.003130411212884358
12,relu5_3,4.793808495089107e-09,-0.2985264943201519,0.0031336621778813457
12,relu5_3,4.883022086877885e-09,-0.29778994096054634,0.003212119922984164
12,relu5_3,4.9738959587900574e-09,-0.2976135974433739,0.0032311634146548218
12,relu5_3,5.066461008921269e-09,-0.2973694294965197,0.00325769841573074
12,relu5_3,5.1607487103859185e-09,-0.29654975956840235,0.0033482106105674377
12,relu5_3,5.256791122018419e-09,-0.296074986950563,0.003401661940647152
12,relu5_3,5.354620899273613e-09,-0.2966630493760174,0.0033355678384796444
12,relu5_3,5.454271305329825e-09,-0.29651007031584337,0.003352649946309127
12,relu5_3,5.555776222398878e-09,-0.2960342921547482,0.0034062788560894563
12,relu5_3,5.659170163246254e-09,-0.2968258274552361,0.0033174772182437825
12,relu5_3,5.7644882829258735e-09,-0.29602373891495953,0.003407477060839225
12,relu5_3,5.8717663907332614e-09,-0.29549269697029407,0.003468260695777004
12,relu5_3,5.981040962380932e-09,-0.29544421761543366,0.003473857768326923
12,relu5_3,6.092349152400712e-09,-0.2938978153744713,0.0036566920230570663
12,relu5_3,6.205728806776513e-09,-0.2949229678967865,0.003534550430160139
12,relu5_3,6.321218475812448e-09,-0.2945343683358239,0.003580413501753754
12,relu5_3,6.4388574272404256e-09,-0.2952251763429192,0.003499247632191637
12,relu5_3,6.558685659571422e-09,-0.29512444087405487,0.0035109799179051187
12,relu5_3,6.680743915695615e-09,-0.2953763929557423,0.0034817018814649534
12,relu5_3,6.8050736967352206e-09,-0.29563212154096585,0.003452208731366048
12,relu5_3,6.9317172761554e-09,-0.295862723819859,0.0034258054413194993
12,relu5_3,7.06071771413778e-09,-0.2947310591819009,0.0035571336274086035
12,relu5_3,7.192118872221178e-09,-0.2952193950756093,0.003499920004309353
12,relu5_3,7.32596542821523e-09,-0.29470971242539346,0.0035596536095361597
12,relu5_3,7.462302891391123e-09,-0.29424372113889713,0.0036150634727474497
12,relu5_3,7.601177617955322e-09,-0.2949830099295326,0.0035275112836368992
12,relu5_3,7.742636826811278e-09,-0.29423115402181305,0.003616568426333884
12,relu5_3,7.88672861561414e-09,-0.2936624208411912,0.0036852656316606162
12,relu5_3,8.033501977124735e-09,-0.2933881354742029,0.003718811868573654
12,relu5_3,8.183006815867407e-09,-0.2922215552836774,0.003864560804780882
12,relu5_3,8.335293965098187e-09,-0.2912041888384516,0.0039958127496653225
12,relu5_3,8.490415204088756e-09,-0.28966359196961483,0.004202154060499458
12,relu5_3,8.648423275731709e-09,-0.28946011937059146,0.004230105497290931
12,relu5_3,8.80937190447399e-09,-0.2880774826301245,0.004424475583449474
12,relu5_3,8.973315814583538e-09,-0.2864496963177633,0.004663485705244455
12,relu5_3,9.140310748756223e-09,-0.2859603906673902,0.004737545359991918
12,relu5_3,9.310413487069086e-09,-0.283634982485972,0.005104020395908776
12,relu5_3,9.483681866285909e-09,-0.28421149013826663,0.005010889101609695
12,relu5_3,9.660174799522645e-09,-0.2841698317959849,0.0050175677239078205
12,relu5_3,9.839952296278247e-09,-0.2844827878569935,0.004967588052376428
12,relu5_3,1.0023075482838643e-08,-0.28510773947847495,0.004869105683115382
12,relu5_3,1.0209606623060476e-08,-0.28313890396093333,0.005185387674444006
12,relu5_3,1.0399609139541204e-08,-0.28275908844275643,0.0052484627344352875
12,relu5_3,1.05931476351837e-08,-0.28214284503297427,0.0053522524132483314
12,relu5_3,1.0790287915161835e-08,-0.28130860454788914,0.005495661859553086
12,relu5_3,1.099109700929496e-08,-0.28133478024959313,0.005491110803256457
12,relu5_3,1.1195643194838794e-08,-0.2813754747693978,0.005484042068775039
12,relu5_3,1.1403996019700331e-08,-0.28103635377102554,0.005543195892755827
12,relu5_3,1.1616226326085019e-08,-0.28075149213239287,0.005593322190937804
12,relu5_3,1.183240627458378e-08,-0.2766490662287552,0.006361174429117432
12,relu5_3,1.2052609368708414e-08,-0.2771374021224635,0.006265125417129346
12,relu5_3,1.2276910479883604e-08,-0.2750348448023303,0.006688012910993683
12,relu5_3,1.2505385872903913e-08,-0.2749679528546211,0.006701871628388668
12,relu5_3,1.2738113231864785e-08,-0.2743895822029301,0.006822761968837068
12,relu5_3,1.2975171686575868e-08,-0.27212425393380363,0.007315025509005384
12,relu5_3,1.3216641839466038e-08,-0.2734844477252122,0.00701582317861434
12,relu5_3,1.346260579298911e-08,-0.2697232772653283,0.007870741319326588
12,relu5_3,1.3713147177539456e-08,-0.26874660879001633,0.008107233578139073
12,relu5_3,1.3968351179887397e-08,-0.2682524018341586,0.008229269324975105
12,relu5_3,1.422830457214352e-08,-0.2664143597897841,0.008697451809029226
12,relu5_3,1.4493095741262151e-08,-0.2656479437343807,0.008899489607635347
12,relu5_3,1.4762814719093911e-08,-0.2629892260908574,0.00963269251169022
12,relu5_3,1.5037553212997385e-08,-0.2608790016277808,0.010251828203627397
12,relu5_3,1.5317404637020797e-08,-0.259888768312534,0.010554184998888976
12,relu5_3,1.560246414366368e-08,-0.25904774823657084,0.01081708096163125
12,relu5_3,1.5892828656229763e-08,-0.2583441287642761,0.011041408875986355
12,relu5_3,1.618859690178199e-08,-0.2582745523602822,0.011063810607286173
12,relu5_3,1.648986944471065e-08,-0.25690450352685845,0.01151309480881464
12,relu5_3,1.679674872092653e-08,-0.25600417800492525,0.011816942897221346
12,relu5_3,1.7109339072690134e-08,-0.2542746491827963,0.012420314796014503
12,relu5_3,1.7427746784089175e-08,-0.25329119161727204,0.012775242682631431
12,relu5_3,1.775208011717636e-08,-0.25058413790207135,0.013798194084707999
12,relu5_3,1.8082449348779518e-08,-0.24949810092240918,0.014228170486182112
12,relu5_3,1.841896680799711e-08,-0.24815518176885518,0.01477589465986142
12,relu5_3,1.8761746914391196e-08,-0.2482637004883343,0.01473096501948601
12,relu5_3,1.911090621689136e-08,-0.2451853132994067,0.016052482202677257
12,relu5_3,1.946656343342263e-08,-0.24229003181533829,0.017387745906073206
12,relu5_3,1.9828839491270715e-08,-0.2407623440043408,0.0181301499342855
12,relu5_3,2.0197857568198784e-08,-0.24150841020075967,0.017764243480771606
12,relu5_3,2.0573743134329116e-08,-0.24051899253730458,0.01825089722752507
12,relu5_3,2.095662399480431e-08,-0.24066142383963618,0.018180141191473098
12,relu5_3,2.1346630333242455e-08,-0.23912099837221926,0.018958066583949336
12,relu5_3,2.17438947560008e-08,-0.23951437873033102,0.018756732504985885
12,relu5_3,2.2148552337263593e-08,-0.23765599565925127,0.01972430292309056
12,relu5_3,2.256074066496859e-08,-0.23815789473684215,0.019458852466389003
12,relu5_3,2.2980599887588488e-08,-0.23718881303993228,0.019974182117726565
12,relu5_3,2.3408272761782943e-08,-0.23568311070099815,0.020798114806992618
12,relu5_3,2.3843904700937205e-08,-0.23414270211611507,0.02167103421076721
12,relu5_3,2.4287643824604505e-08,-0.23117200217037442,0.02344330766643362
12,relu5_3,2.4739641008868117e-08,-0.22847259902333156,0.025159635088184848
12,relu5_3,2.5200049937640895e-08,-0.22685236995643862,0.026240334130715696
12,relu5_3,2.566902715491952e-08,-0.2261394465545307,0.026728217898679196
12,relu5_3,2.614673211801092e-08,-0.22678531460990026,0.02628589799855012
12,relu5_3,2.6633327251749808e-08,-0.22533988517453632,0.027284540401805696
12,relu5_3,2.7128978003724646e-08,-0.22422680412371138,0.028075351699705202
12,relu5_3,2.763385290053167e-08,-0.2227829041755356,0.029130088339690493
12,relu5_3,2.8148123605075813e-08,-0.2211754651920789,0.03034356429434907
12,relu5_3,2.8671964974937697e-08,-0.21957406402604454,0.03159469922236133
12,relu5_3,2.9205555121827452e-08,-0.21733733951489798,0.033414844173225385
12,relu5_3,2.9749075472144435e-08,-0.21555887140531746,0.03492435464700782
12,relu5_3,3.030271082866393e-08,-0.21360553445469346,0.036647890623495036
12,relu5_3,3.0866649433372746e-08,-0.2114969190764979,0.038587893083013865
12,relu5_3,3.144108303147265e-08,-0.21100858318278953,0.03904922139735461
12,relu5_3,3.2026206936576504e-08,-0.2085058617275342,0.04148646347404325
12,relu5_3,3.262222009711673e-08,-0.207827617430717,0.04216837165965424
12,relu5_3,3.322932516398968e-08,-0.20811177428106353,0.041881552553263354
12,relu5_3,3.384772855945983e-08,-0.20804395008138907,0.04194986416286433
12,relu5_3,3.447764054734464e-08,-0.20781334780249597,0.042182817991934275
12,relu5_3,3.5119275304507276e-08,-0.20604991861096042,0.04400006956852058
12,relu5_3,3.577285099367877e-08,-0.20475517076613522,0.04537534410851215
12,relu5_3,3.6438589837635405e-08,-0.2013836136733587,0.04912464817541679
12,relu5_3,3.711671819475767e-08,-0.2017362995116658,0.04872084067553814
12,relu5_3,3.780746663599349e-08,-0.20008138903960937,0.05063964020153701
12,relu5_3,3.851107002325569e-08,-0.19849430276722738,0.05253789557644744
12,relu5_3,3.9227767589277236e-08,-0.1975996934347141,0.05363344922122892
12,relu5_3,3.995780301895265e-08,-0.1943705914270212,0.057745051335561765
12,relu5_3,4.070142453219439e-08,-0.1958220293000543,0.05586612110393469
12,relu5_3,4.1458884968329114e-08,-0.1958355941399892,0.05584880023551611
12,relu5_3,4.223044187206672e-08,-0.1953479223692811,0.05647427697528335
12,relu5_3,4.3016357581067994e-08,-0.193176885512751,0.0593287943878807
12,relu5_3,4.381689931514195e-08,-0.19177357492505462,0.06123579682807187
12,relu5_3,4.4632339267103976e-08,-0.1898941942485079,0.06386767925771221
12,relu5_3,4.546295469532399e-08,-0.18947368421052635,0.06446896949509821
12,relu5_3,4.630902801799737e-08,-0.18827383435347803,0.06620995253119752
12,relu5_3,4.717084690917022e-08,-0.1876295022715017,0.06716049228105032
12,relu5_3,4.804870439655134e-08,-0.18728974498100925,0.06766614590448525
12,relu5_3,4.8942898961145316e-08,-0.18563483450895282,0.07017334576187438
12,relu5_3,4.9853734638738935e-08,-0.18227075420510042,0.07550107392535102
12,relu5_3,5.0781521123276706e-08,-0.18069723277265332,0.07810219943958219
12,relu5_3,5.172657387216024e-08,-0.17870320130222467,0.08150103737374667
12,relu5_3,5.268921421350677e-08,-0.1790564943597327,0.08089038758430431
12,relu5_3,5.366976945540476e-08,-0.17726532826912647,0.08402439586179493
12,relu5_3,5.4668572997201804e-08,-0.17717037438958225,0.08419319876009447
12,relu5_3,5.568596444286409e-08,-0.1757867607162236,0.08668366493691917
12,relu5_3,5.6722289716445493e-08,-0.17197504069451983,0.09384812028559901
12,relu5_3,5.777790117970507e-08,-0.17314161692892027,0.09160748553780468
12,relu5_3,5.885315775191451e-08,-0.16864544440358914,0.10048161579990741
12,relu5_3,5.99484250318941e-08,-0.16711882799782965,0.10364347796367197
12,relu5_3,6.106407542232036e-08,-0.1646918386624876,0.10882968164296132
12,relu5_3,6.220048825634717e-08,-0.16318502441671193,0.1121498095906268
12,relu5_3,6.335804992658255e-08,-0.16261530113944658,0.11342542402944351
12,relu5_3,6.453715401646702e-08,-0.16048562126966906,0.118293583361031
12,relu5_3,6.573820143409585e-08,-0.15937330439500816,0.12089948315365306
12,relu5_3,6.696160054853215e-08,-0.15537167661421597,0.13064096648246262
12,relu5_3,6.820776732865692e-08,-0.1519809820307913,0.13935466084193318
12,relu5_3,6.94771254846024e-08,-0.15094953879544223,0.14209079767792934
12,relu5_3,7.077010661181889e-08,-0.15009495387954425,0.14438836871645566
12,relu5_3,7.208715033782136e-08,-0.1500542593597396,0.1444984715747667
12,relu5_3,7.342870447166758e-08,-0.1495523602821487,0.14586161699414552
12,relu5_3,7.479522515621828e-08,-0.14876559956592514,0.1480178979177602
12,relu5_3,7.618717702323e-08,-0.14624253933803583,0.15509456378732742
12,relu5_3,7.760503335133571e-08,-0.14257373363393716,0.16583157657798372
12,relu5_3,7.90492762269642e-08,-0.13924308193163323,0.17604673645420965
12,relu5_3,8.05203967082547e-08,-0.1375881714595768,0.1812907699007006
12,relu5_3,8.201889499202212e-08,-0.13707270754205103,0.1829472257589925
12,relu5_3,8.354528058382872e-08,-0.13575691806836682,0.18722554011798723
12,relu5_3,8.510007247122247e-08,-0.1355398806294086,0.1879381683649969
12,relu5_3,8.668379930019774e-08,-0.13374932175800328,0.1938926185542627
12,relu5_3,8.829699955494083e-08,-0.13117200217037442,0.20270087517484053
12,relu5_3,8.994022174092053e-08,-0.13087357569180685,0.2037390119641449
12,relu5_3,9.161402457138521e-08,-0.12843190450352687,0.21237610913714064
12,relu5_3,9.331897715733239e-08,-0.12740097666847533,0.21609993477610528
12,relu5_3,9.505565920101191e-08,-0.12493217580032558,0.22520491246107854
12,relu5_3,9.682466119303114e-08,-0.12440314704286493,0.2271905445567408
12,relu5_3,9.86265846131283e-08,-0.12354856212696692,0.23042398880823978
12,relu5_3,1.0046204213468132e-07,-0.1228567552902876,0.23306501128697704
12,relu5_3,1.023316578330245e-07,-0.11988605534454695,0.24464569504927372
12,relu5_3,1.0423606739764012e-07,-0.11551817688551277,0.2623846620090238
12,relu5_3,1.061759183482999e-07,-0.11551817688551277,0.2623846620090238
12,relu5_3,1.0815187025522893e-07,-0.1146978930347515,0.2658111122006271
12,relu5_3,1.1016459496336569e-07,-0.11239826370048836,0.2755780781347665
12,relu5_3,1.1221477682079802e-07,-0.11024145415084104,0.28495480147107005
12,relu5_3,1.1430311291144787e-07,-0.1058328811720022,0.30477459095037096
12,relu5_3,1.1643031329208756e-07,-0.10381172002170376,0.31415512327469114
12,relu5_3,1.1859710123376706e-07,-0.10280792186652199,0.31888261292555764
12,relu5_3,1.208042134677329e-07,-0.10067824199674445,0.32906347094908384
12,relu5_3,1.2305240043592615e-07,-0.10013564839934891,0.33169008800409194
12,relu5_3,1.2534242654613995e-07,-0.09713136574718681,0.34647380051781873
12,relu5_3,1.2767507043192645e-07,-0.09453336950623985,0.359585750734301
12,relu5_3,1.3005112521734099e-07,-0.09514378730330984,0.3564777727889401
12,relu5_3,1.3247139878661174e-07,-0.09460119370591429,0.35923959512587145
12,relu5_3,1.3493671405883065e-07,-0.09335322843190452,0.36564182408930196
12,relu5_3,1.3744790926775367e-07,-0.09236299511665765,0.3707713853468915
12,relu5_3,1.400058382468096e-07,-0.0920645686380901,0.37232585844295146
12,relu5_3,1.4261137071941298e-07,-0.09106077048290832,0.37758364231690417
12,relu5_3,1.4526539259467813e-07,-0.09260716223548564,0.36950249703748794
12,relu5_3,1.4796880626863963e-07,-0.09053174172544766,0.38037266097557526
12,relu5_3,1.5072253093107556e-07,-0.08917525773195878,0.38758068860385064
12,relu5_3,1.5352750287804213e-07,-0.09054530656538255,0.3803009924721244
12,relu5_3,1.563846758302248e-07,-0.08625881714595769,0.40335282704818903
12,relu5_3,1.592950212572123e-07,-0.08521432447097126,0.4090921575104878
12,relu5_3,1.6225952870780872e-07,-0.08134834508952796,0.43074707708782906
12,relu5_3,1.6527920614648973e-07,-0.08107704829083018,0.43229089190572184
12,relu5_3,1.6835508029612007e-07,-0.08161964188822574,0.4292064144858107
12,relu5_3,1.714881969870541e-07,-0.08212154096581661,0.42636451282150767
12,relu5_3,1.7467962151272458e-07,-0.07993760173629953,0.43880923984204706
12,relu5_3,1.7793043899185772e-07,-0.07666847531199134,0.4578159094157037
12,relu5_3,1.8124175473742396e-07,-0.07647856755290289,0.45893382357687124
12,relu5_3,1.8461469463245456e-07,-0.07368421052631581,0.4755560087768384
12,relu5_3,1.8805040551285834e-07,-0.0728567552902876,0.48053972421086066
12,relu5_3,1.915500555573528e-07,-0.07159522517634294,0.48819141963131824
12,relu5_3,1.9511483468466165e-07,-0.07027943570265872,0.4962405860344825
12,relu5_3,1.9874595495809857e-07,-0.06928920238741185,0.5023438232514131
12,relu5_3,2.0244465099768018e-07,-0.06658979924036898,0.5191777051166024
12,relu5_3,2.0621218039991447e-07,-0.0647449810092241,0.5308448745770044
12,relu5_3,2.1004982416539152e-07,-0.06549104720564299,0.5261108147295888
12,relu5_3,2.1395888713434216e-07,-0.06536896364622899,0.5268840238326783
12,relu5_3,2.179406984302958e-07,-0.06372761801410745,0.537334503870211
12,relu5_3,2.2199661191199526e-07,-0.06296798697775367,0.5422055359924158
12,relu5_3,2.2612800663372794e-07,-0.060241454150841034,0.5598654948695599
12,relu5_3,2.3033628731421313e-07,-0.06068909386869236,0.5569473649562111
12,relu5_3,2.3462288481422625e-07,-0.06125881714595769,0.5532439602043607
12,relu5_3,2.389892566231053e-07,-0.05963103635377104,0.5638564800554555
12,relu5_3,2.434368873543108e-07,-0.0576234400434075,0.5770766352908245
12,relu5_3,2.47967289250216e-07,-0.05644329896907218,0.5849144008613132
12,relu5_3,2.5258200269627846e-07,-0.05473412913727619,0.5963511442706582
12,relu5_3,2.572825967447932e-07,-0.05428648941942486,0.5993629587429782
12,relu5_3,2.620706696483855e-07,-0.052618014107433546,0.6106480454441916
12,relu5_3,2.669478494034318e-07,-0.05027129679869779,0.6266753702139001
12,relu5_3,2.7191579430360187e-07,-0.05018990775908845,0.627234413679541
12,relu5_3,2.769761935036891e-07,-0.04970157352143246,0.6305930891861434
12,relu5_3,2.8213076759394705e-07,-0.04865708084644602,0.637802115389033
12,relu5_3,2.8738126918510695e-07,-0.04777536625067825,0.643914040478102
12,relu5_3,2.927294835042813e-07,-0.04725990233315248,0.6474982061375179
12,relu5_3,2.9817722900196733e-07,-0.045116657623440054,0.6624864163346761
12,relu5_3,3.0372635797033114e-07,-0.044899620184481834,0.6640117798423535
12,relu5_3,3.0937875717301365e-07,-0.04488605534454694,0.6641071606364357
12,relu5_3,3.1513634848664826e-07,-0.043434617471513844,0.6743435682548806
12,relu5_3,3.2100108955431685e-07,-0.03586543678784591,0.7286540869425628
12,relu5_3,3.2697497445117677e-07,-0.03471242539338037,0.737054233993899
12,relu5_3,3.3306003436245885e-07,-0.034834508952794364,0.7361633220401431
12,relu5_3,3.3925833827409916e-07,-0.033722192078133484,0.7442932768004876
12,relu5_3,3.455719936762143e-07,-0.03288117200217038,0.7504590399830154
12,relu5_3,3.520031472796675e-07,-0.03035811177428107,0.7690492098978298
12,relu5_3,3.585539857459817e-07,-0.029286489419424855,0.7769854289768928
12,relu5_3,3.6522673643081754e-07,-0.028540423223005974,0.7825242521958109
12,relu5_3,3.7202366814130657e-07,-0.028635377102550194,0.7818187018878181
12,relu5_3,3.7894709190746713e-07,-0.027672273467173093,0.7889830935502828
12,relu5_3,3.8599936176797634e-07,-0.028174172544763978,0.7852473050333363
12,relu5_3,3.9318287557057704e-07,-0.026098752034725996,0.8007259072472768
12,relu5_3,4.005000757873611e-07,-0.024036896364622903,0.8161799745585211
12,relu5_3,4.079534503452449e-07,-0.02459305480195334,0.8120042443111459
12,relu5_3,4.1554553347188797e-07,-0.024782962561041785,0.81057958296304
12,relu5_3,4.232789065573544e-07,-0.02449810092240912,0.8127168050076261
12,relu5_3,4.3115619903182285e-07,-0.02107976125881715,0.8384662511147777
12,relu5_3,4.391800892596086e-07,-0.020482908301682045,0.8429805083963173
12,relu5_3,4.473533054498463e-07,-0.02055073250135649,0.8424672659989776
12,relu5_3,4.556786265841069e-07,-0.02055073250135649,0.8424672659989776
12,relu5_3,4.6415888336127725e-07,-0.019492674986435164,0.8504812131402674
12,relu5_3,4.7279695916003907e-07,-0.020998372219207816,0.8390815271779412
12,relu5_3,4.815957910192351e-07,-0.02095767769940315,0.8393892015286739
12,relu5_3,4.905583706365046e-07,-0.02027943570265871,0.8445206285264526
12,relu5_3,4.996877453854889e-07,-0.01900434074877917,0.8541851417591844
12,relu5_3,5.089870193519674e-07,-0.01912642430819317,0.8532588598206926
12,relu5_3,5.184593543892913e-07,-0.0194519804666305,0.8507897510574984
12,relu5_3,5.281079711934331e-07,-0.02118827997829626,0.8376460342168784
12,relu5_3,5.379361503980697e-07,-0.019479110146500275,0.8505840566122111
12,relu5_3,5.479472336900293e-07,-0.01798697775366251,0.8619117334300141
12,relu5_3,5.581446249454955e-07,-0.018312533912099842,0.8594377729648474
12,relu5_3,5.685317913873753e-07,-0.018312533912099842,0.8594377729648474
12,relu5_3,5.791122647641759e-07,-0.017756375474769402,0.8636649303392043
12,relu5_3,5.898896425508493e-07,-0.018244709712425398,0.8599530702665508
12,relu5_3,6.008675891719693e-07,-0.018081931633206733,0.8611900228276711
12,relu5_3,6.12049837247669e-07,-0.016847531199131852,0.8705809430672555
12,relu5_3,6.234401888627864e-07,-0.01600651112316875,0.8769895343749469
12,relu5_3,6.350425168595962e-07,-0.013863266413456324,0.893356068860268
12,relu5_3,6.468607661546321e-07,-0.013252848616386328,0.8980259187443871
12,relu5_3,6.588989550799957e-07,-0.011408030385241456,0.9121597321149468
12,relu5_3,6.711611767496273e-07,-0.009413998914812807,0.9274673973505253
12,relu5_3,6.836516004510239e-07,-0.008708627238198591,0.9328889764045908
12,relu5_3,6.963744730628223e-07,-0.008749321758003257,0.9325761073211173
12,relu5_3,7.09334120498799e-07,-0.009400434074877919,0.9275716280468419
12,relu5_3,7.225349491787222e-07,-0.009875203472599025,0.9239242937900322
12,relu5_3,7.359814475265756e-07,-0.009400434074877919,0.9275716280468419
12,relu5_3,7.496781874966877e-07,-0.008871405317417256,0.9316375617548192
12,relu5_3,7.636298261282241e-07,-0.007365708084644602,0.9432190958208472
12,relu5_3,7.778411071286482e-07,-0.00815246880086815,0.9371658562825295
12,relu5_3,7.923168624866261e-07,-0.00651112316874661,0.9497978128950098
12,relu5_3,8.070620141149491e-07,-0.007637004883342378,0.941131389800368
12,relu5_3,8.220815755240541e-07,-0.008138903960933263,0.9372701932107317
12,relu5_3,8.373806535266489e-07,-0.007257189365165492,0.9440542864994518
12,relu5_3,8.529644499741017e-07,-0.004625610417797071,0.9643240488890025
12,relu5_3,8.688382635251193e-07,-0.003486163863266414,0.9731084495312899
12,relu5_3,8.850074914473439e-07,-0.0038659793814432995,0.9701799074561814
12,relu5_3,9.014776314524917e-07,-0.004286489419424852,0.9669380560733057
12,relu5_3,9.182542835656282e-07,-0.005385241454150842,0.9584700830465679
12,relu5_3,9.353431520292377e-07,-0.004679869777536626,0.9639058420284233
12,relu5_3,9.5275004724273e-07,-0.0038524145415084108,0.9702844916634505
12,relu5_3,9.704808877380307e-07,-0.003608247422680413,0.9721670916624243
12,relu5_3,9.885417021919574e-07,-0.003377645143787304,0.9739452430661086
12,relu5_3,1.0069386314760271e-06,-0.0028079218665219754,0.9783388510340598
12,relu5_3,1.0256779307444208e-06,-0.0028214867064568646,0.9782342332851965
12,relu5_3,1.0447659715608053e-06,-0.003255561584373305,0.9748866694778399
12,relu5_3,1.0642092440647247e-06,-0.005412371134020619,0.9582610517361128
12,relu5_3,1.084014359178331e-06,-0.0068366793271839406,0.9472912138370724
12,relu5_3,1.10418805085416e-06,-0.006307650569723279,0.9513646871187327
12,relu5_3,1.1247371783647508e-06,-0.003960933260987521,0.9694478322326642
12,relu5_3,1.1456687286348725e-06,-0.0043543136190992955,0.9664152257837804
12,relu5_3,1.1669898186171475e-06,-0.0061991318502441686,0.9522004294057222
12,relu5_3,1.1887076977119033e-06,-0.007677699403147044,0.9408182678752806
12,relu5_3,1.2108297502320394e-06,-0.007772653282691265,0.940087685135735
12,relu5_3,1.2333634979137747e-06,-0.008464460119370593,0.9347664034855302
12,relu5_3,1.2563166024741214e-06,-0.009264785675529031,0.9286140019800199
12,relu5_3,1.2796968682159416e-06,-0.01025501899077591,0.9210075553770611
12,relu5_3,1.303512244681509e-06,-0.008613673358654369,0.9336190438577953
12,relu5_3,1.327770829355429e-06,-0.007894736842105265,0.9391484374481655
12,relu5_3,1.352480870417874e-06,-0.010648399348887685,0.9179877499803838
12,relu5_3,1.377650769549055e-06,-0.011787845903418342,0.9092474460292916
12,relu5_3,1.4032890847858731e-06,-0.010838307107976128,0.9165303267519911
12,relu5_3,1.4294045334317611e-06,-0.011543678784590344,0.9111194946437706
12,relu5_3,1.4560059950206485e-06,-0.01311720021703744,0.8990641409635202
12,relu5_3,1.483102514336103e-06,-0.015246880086814978,0.8827847786590364
12,relu5_3,1.5107033044866557e-06,-0.016481280520889856,0.8733707786422368
12,relu5_3,1.5388177500383465e-06,-0.017118827997829628,0.868515417387729
12,relu5_3,1.567455410205595e-06,-0.016711882799782966,0.8716140326298778
12,relu5_3,1.596626022101425e-06,-0.01886869234943028,0.8552145758568834
12,relu5_3,1.6263395040481906e-06,-0.02194791101465003,0.8319094235087195
12,relu5_3,1.6566059589499152e-06,-0.024918610960390674,0.8095623452811583
12,relu5_3,1.6874356777273756e-06,-0.025013564839934894,0.8088504671146883
12,relu5_3,1.7188391428171457e-06,-0.02615301139446555,0.8003202277417805
12,relu5_3,1.7508270317357268e-06,-0.03046663049376018,0.7682468530099753
12,relu5_3,1.7834102207100063e-06,-0.029449267498643523,0.7757784287939297
12,relu5_3,1.8165997883753285e-06,-0.03269126424308194,0.7518534981515647
12,relu5_3,1.850407019542302e-06,-0.036082474226804134,0.7270764271276247
12,relu5_3,1.8848434090337953e-06,-0.03814432989690723,0.7121462523154407
12,relu5_3,1.919920665593287e-06,-0.03754747693977212,0.7164572839059506
12,relu5_3,1.955650715865947e-06,-0.040518176885512756,0.6950907126887071
12,relu5_3,1.992045708453871e-06,-0.04239012479652741,0.6817469621269348
12,relu5_3,2.029118018046678e-06,-0.04374660879001629,0.6721381291527541
12,relu5_3,2.066880249629082e-06,-0.04502170374389583,0.6631535938354096
12,relu5_3,2.1053452427667084e-06,-0.04777536625067825,0.643914040478102
12,relu5_3,2.144526075971665e-06,-0.048168746608790024,0.6411842220246888
12,relu5_3,2.1844360711494283e-06,-0.05202116115029844,0.6147073867642924
12,relu5_3,2.2250887981283694e-06,-0.052902875746066204,0.6087147665646605
12,relu5_3,2.266498079273693e-06,-0.05519533369506241,0.5932551770619093
12,relu5_3,2.308677994187172e-06,-0.05698589256646773,0.5813047845863952
12,relu5_3,2.351642884494346e-06,-0.0548426478567553,0.5956220301938514
12,relu5_3,2.3954073587208794e-06,-0.05769126424308194,0.57662767260428
12,relu5_3,2.43998629725955e-06,-0.0575013564839935,0.577885176267157
12,relu5_3,2.4853948574297983e-06,-0.05823385784047749,0.5730418189447185
12,relu5_3,2.531648478631358e-06,-0.058986906494189216,0.5680824455607235
12,relu5_3,2.5787628875937984e-06,-0.06356483993488878,0.5383764724367718
12,relu5_3,2.6267541037238384e-06,-0.06638632664134564,0.5204581034278508
12,relu5_3,2.6756384445520452e-06,-0.06975040694519806,0.499496369067537
12,relu5_3,2.725432531281028e-06,-0.06977753662506783,0.49932913478734803
12,relu5_3,2.776153294436804e-06,-0.07040151926207272,0.49549083643642206
12,relu5_3,2.827817979625338e-06,-0.07109332609875205,0.4912535215824292
12,relu5_3,2.880444153396298e-06,-0.07107976125881715,0.49133642171840874
12,relu5_3,2.934049709215787e-06,-0.07209712425393382,0.4851394759007302
12,relu5_3,2.9886528735503824e-06,-0.07323657080846448,0.4782486473662058
12,relu5_3,3.0442722120643057e-06,-0.07523060227889312,0.4663174392190527
12,relu5_3,3.1009266359319234e-06,-0.07552902875746068,0.46454591221006114
12,relu5_3,3.158635408267819e-06,-0.07613944655453067,0.460933837416261
12,relu5_3,3.2174181506763714e-06,-0.07752306022788932,0.4528039487834228
12,relu5_3,3.277294849923382e-06,-0.0781606077048291,0.44908481333289807
12,relu5_3,3.3382858647317643e-06,-0.07741454150841022,0.4534386931632464
12,relu5_3,3.4004119327037024e-06,-0.07856755290287576,0.44671984218755206
12,relu5_3,3.4636941773717343e-06,-0.07802495930548022,0.4498746874703133
12,relu5_3,3.5281541153808832e-06,-0.0806972327726533,0.43445752029997037
12,relu5_3,3.5938136638046257e-06,-0.08038524145415085,0.43624185819964006
12,relu5_3,3.660695147596906e-06,-0.08107704829083018,0.43229089190572184
12,relu5_3,3.72882130718283e-06,-0.08111774281063484,0.4320591188951984
12,relu5_3,3.7982153061907363e-06,-0.08282691264243083,0.42238879841891624
12,relu5_3,3.868900739327975e-06,-0.08392566467715683,0.4162386309661497
12,relu5_3,3.9409016404034476e-06,-0.08749321758003258,0.39663153179911687
12,relu5_3,4.014242490499326e-06,-0.08666576234400436,0.40112963447693806
12,relu5_3,4.088948226294856e-06,-0.08615029842647859,0.40394690250430687
12,relu5_3,4.1650442485451855e-06,-0.08746608790016279,0.3967785339532563
12,relu5_3,4.242556430717777e-06,-0.08917525773195878,0.38758068860385064
12,relu5_3,4.321511127789762e-06,-0.09177970699945742,0.3738133750910495
12,relu5_3,4.401935185208879e-06,-0.09008410200759633,0.3827422999932093
12,relu5_3,4.483855948021182e-06,-0.08871405317417257,0.390049958631231
12,relu5_3,4.567301270168747e-06,-0.08977211068909388,0.3843991184408402
12,relu5_3,4.652299523960189e-06,-0.0881850244167119,0.3928939141351525
12,relu5_3,4.738879609717651e-06,-0.08772381985892568,0.39538331976578633
12,relu5_3,4.827070965603188e-06,-0.08768312533912101,0.3956034225784424
12,relu5_3,4.916903577628021e-06,-0.08804937601736301,0.3936251202373577
12,relu5_3,5.008407989848212e-06,-0.0881985892566468,0.3928208380998394
12,relu5_3,5.101615314749834e-06,-0.09009766684753122,0.3826703622279388
12,relu5_3,5.1965572438276574e-06,-0.09123711340206188,0.3766567321976741
12,relu5_3,5.293266058360567e-06,-0.09450623982637006,0.3597242706844175
12,relu5_3,5.391774640387494e-06,-0.09575420510037984,0.35338650771818003
12,relu5_3,5.492116483887789e-06,-0.09595767769940317,0.35235980322462546
12,relu5_3,5.594325706169378e-06,-0.09614758545849161,0.3514032235461854
12,relu5_3,5.698437059469136e-06,-0.09365165491047207,0.36410451746046457
12,relu5_3,5.804485942768984e-06,-0.10067824199674445,0.32906347094908384
12,relu5_3,5.912508413831869e-06,-0.1007460661964189,0.32873607899815654
12,relu5_3,6.022541201461928e-06,-0.10113944655453068,0.32684130492249946
12,relu5_3,6.134621717992506e-06,-0.10183125339121,0.32352608295661717
12,relu5_3,6.248788072006888e-06,-0.10497829625610419,0.3087182984412644
12,relu5_3,6.365079081295578e-06,-0.10371676614215955,0.31460036588239737
12,relu5_3,6.483534286054714e-06,-0.10329625610417799,0.31657705857733043
12,relu5_3,6.604193962330305e-06,-0.10470699945740643,0.3099771804854182
12,relu5_3,6.727099135712336e-06,-0.10647042864894196,0.3018539837156054
12,relu5_3,6.852291595284057e-06,-0.10448996201844821,0.31098668433168963
12,relu5_3,6.979813907830667e-06,-0.1053445469343462,0.3070240912259272
12,relu5_3,7.109709432312424e-06,-0.10481551817688553,0.30947322796528676
12,relu5_3,7.242022334607315e-06,-0.10657894736842108,0.3013586906851418
12,relu5_3,7.376797602527731e-06,-0.1040151926207271,0.3132024058276858
12,relu5_3,7.514081061116962e-06,-0.10238741182854044,0.3208765959009192
12,relu5_3,7.653919388230155e-06,-0.10264514378730333,0.31965352844151257
12,relu5_3,7.796360130405221e-06,-0.09947097124253935,0.33492581316110615
12,relu5_3,7.94145171902934e-06,-0.10008138903960935,0.3319534810943739
12,relu5_3,8.089243486805938e-06,-0.0986977753662507,0.3387149076545339
12,relu5_3,8.239785684528512e-06,-0.09753119913185027,0.344482801770556
12,relu5_3,8.393129498166374e-06,-0.09609332609875205,0.3516763666886879
12,relu5_3,8.549327066268366e-06,-0.10131578947368423,0.3259941937535364
12,relu5_3,8.708431497690725e-06,-0.10310634834508955,0.31747238103488357
12,relu5_3,8.870496889654403e-06,-0.1030385241454151,0.31779253449093153
12,relu5_3,9.035578346138921e-06,-0.10573792729245797,0.3052111486290599
12,relu5_3,9.20373199661823e-06,-0.1051003798155182,0.30815288821112297
12,relu5_3,9.37501501514529e-06,-0.10434074877916442,0.31168195479386357
12,relu5_3,9.549485639791967e-06,-0.1057107976125882,0.3053359543326564
12,relu5_3,9.727203192450538e-06,-0.10406945198046665,0.3129486642511989
12,relu5_3,9.908228099003787e-06,-0.1052088985349973,0.30765086758137844
12,relu5_3,1.0092621909870484e-05,-0.10885784047748238,0.2910805732985158
12,relu5_3,1.0280447320933097e-05,-0.11150298426478569,0.2794448462113039
12,relu5_3,1.0471768194855202e-05,-0.11327997829625612,0.2718051676771404
12,relu5_3,1.0666649582795388e-05,-0.11523331524688012,0.26357115384800417
12,relu5_3,1.0865157746525373e-05,-0.11383613673358657,0.2694433138156062
12,relu5_3,1.1067360180959745e-05,-0.11021432447097126,0.2850740837807379
12,relu5_3,1.1273325637104872e-05,-0.11195062398263703,0.2775069487396281
12,relu5_3,1.148312414543511e-05,-0.11376831253391212,0.26973060052058934
12,relu5_3,1.1696827039703846e-05,-0.1133071079761259,0.2716896327070388
12,relu5_3,1.1914506981197747e-05,-0.11405317417254479,0.268525385068452
12,relu5_3,1.2136237983442418e-05,-0.11577590884427566,0.26131430164966835
12,relu5_3,1.2362095437367691e-05,-0.1165762344004341,0.25800950137304773
12,relu5_3,1.259215613694151e-05,-0.11565382528486166,0.26182094362432123
12,relu5_3,1.28264983052806e-05,-0.11413456321215412,0.2681817072449289
12,relu5_3,1.3065201621247199e-05,-0.1183939229517092,0.250609969781876
12,relu5_3,1.330834724654076e-05,-0.12143244709712428,0.2385687447139585
12,relu5_3,1.355601785329369e-05,-0.12122897449810095,0.23936229870051293
12,relu5_3,1.3808297652180924e-05,-0.12204286489419428,0.23619905100007438
12,relu5_3,1.4065272421052364e-05,-0.11984536082474229,0.24480704534693226
12,relu5_3,1.4327029534098295e-05,-0.12367064568638092,0.22996010782231469
12,relu5_3,1.4593657991557576e-05,-0.12445740640260447,0.22698632661338863
12,relu5_3,1.4865248449978572e-05,-0.1244167118827998,0.227139477991735
12,relu5_3,1.514189325304352e-05,-0.12281606077048293,0.2332210206785354
12,relu5_3,1.5423686462966275e-05,-0.12188008681497561,0.23682936165722412
12,relu5_3,1.5710723892474488e-05,-0.11975040694519808,0.24518381509601642
12,relu5_3,1.6003103137387017e-05,-0.12215138361367338,0.2357794930016907
12,relu5_3,1.630092360979741e-05,-0.11934346174715141,0.24680307542609142
12,relu5_3,1.6604286571875295e-05,-0.12434888768312537,0.22739489135426355
12,relu5_3,1.691329517029647e-05,-0.11976397178513296,0.24512996635317255
12,relu5_3,1.7228054471313922e-05,-0.11957406402604452,0.2458845918799794
12,relu5_3,1.754867149648152e-05,-0.11863809007053719,0.24962722365415885
12,relu5_3,1.7875255259042355e-05,-0.11751220835594142,0.2541808854619131
12,relu5_3,1.8207916800994626e-05,-0.11857026587086275,0.24989994252139078
12,relu5_3,1.8546769230846977e-05,-0.1177970699945741,0.2530234157487442
12,relu5_3,1.8891927762076646e-05,-0.11677970699945743,0.25717386489715344
12,relu5_3,1.924350975230332e-05,-0.1146500271296799,0.2660119870515035
12,relu5_3,1.9601634743191856e-05,-0.11405317417254479,0.268525385068452
12,relu5_3,1.9966424501097934e-05,-0.11272381985892568,0.2741809299082425
12,relu5_3,2.03380030584698e-05,-0.10710797612588173,0.2989517664740677
12,relu5_3,2.071649675602067e-05,-0.10671459576776997,0.3007403236269153
12,relu5_3,2.1102034285685967e-05,-0.1036489419424851,0.3149186461025224
12,relu5_3,2.1494746734379807e-05,-0.10221106890938689,0.32171516263894695
12,relu5_3,2.189476762856621e-05,-0.10100379815518179,0.32749388531580853
12,relu5_3,2.2302232979659363e-05,-0.10111231687466089,0.326971754470906
12,relu5_3,2.2717281330269027e-05,-0.10104449267498646,0.3272980238782435
12,relu5_3,2.314005380130654e-05,-0.101465002712968,0.3252785052940263
12,relu5_3,2.3570694139967276e-05,-0.0999050461204558,0.33281042681831613
12,relu5_3,2.4009348768606518e-05,-0.09852143244709714,0.3395828634551856
12,relu5_3,2.445616683452444e-05,-0.0970157352143245,0.3470509323169678
12,relu5_3,2.491130026067791e-05,-0.09997287032013025,0.33248066613074334
12,relu5_3,2.5374903797335716e-05,-0.10001356483993491,0.3322829094231659
12,relu5_3,2.584713507469564e-05,-0.10161421595225179,0.324563823358508
12,relu5_3,2.63281546564802e-05,-0.10221106890938689,0.32171516263894695
12,relu5_3,2.6818126094530128e-05,-0.09959305480195335,0.3343300010475369
12,relu5_3,2.731721598441379e-05,-0.10215680954964733,0.3219734661220362
12,relu5_3,2.782559402207126e-05,-0.10442213781877376,0.31130259145484596
12,relu5_3,2.8343433061513092e-05,-0.10322843190450355,0.31689662928268314
12,relu5_3,2.8870909173592348e-05,-0.10406945198046665,0.3129486642511989
12,relu5_3,2.9408201705870607e-05,-0.10264514378730333,0.31965352844151257
12,relu5_3,2.9955493343598162e-05,-0.10397449810092244,0.3133927994397135
12,relu5_3,3.051297017182871e-05,-0.10396093326098754,0.3134562806302334
12,relu5_3,3.1080821738690636e-05,-0.10484264785675532,0.3093473231066068
12,relu5_3,3.165924111983521e-05,-0.10682311448724907,0.30024622934083156
12,relu5_3,3.224842498408439e-05,-0.10645686380900707,0.3019159328069208
12,relu5_3,3.284857366030047e-05,-0.103540423223006,0.3154283274088843
12,relu5_3,3.345989120549975e-05,-0.10332338578404777,0.3164492885722725
12,relu5_3,3.408258547423452e-05,-0.10046120455778623,0.33011252185198503
12,relu5_3,3.4716868189265594e-05,-0.09886055344546936,0.3379149623519226
12,relu5_3,3.536295501355039e-05,-0.09713781877373849,0.3464416100826436
12,relu5_3,3.602106562357074e-05,-0.09551003798155183,0.35462100699296745
12,relu5_3,3.669142378402494e-05,-0.09848073792729248,0.33978336006482546
12,relu5_3,3.7374257423910643e-05,-0.0982094411285947,0.3411219119612048
12,relu5_3,3.806979871402284e-05,-0.0973684210526316,0.34529249824293945
12,relu5_3,3.877828414589453e-05,-0.10009495387954424,0.3318876203571054
12,relu5_3,3.949995461220647e-05,-0.09719207813347805,0.34617101549499246
12,relu5_3,4.023505548869293e-05,-0.09952523060227891,0.33466092472437
12,relu5_3,4.098383671757261e-05,-0.10048833423765602,0.3299812741087437
12,relu5_3,4.174655289253135e-05,-0.1007596310363538,0.32867062555026744
12,relu5_3,4.252346334528678e-05,-0.1008817145957678,0.328081918673044
12,relu5_3,4.331483223376403e-05,-0.10221106890938689,0.32171516263894695
12,relu5_3,4.41209286319119e-05,-0.10374389582202932,0.31447311207749123
12,relu5_3,4.494202662119142e-05,-0.1042457948996202,0.31212492423228744
12,relu5_3,4.577840538376616e-05,-0.10721649484536085,0.2984596032749357
12,relu5_3,4.6630349297427265e-05,-0.1129544221378188,0.2731941691575958
12,relu5_3,4.7498148032285043e-05,-0.11359196961475856,0.2704785133266287
12,relu5_3,4.838209664925957e-05,-0.11482637004883345,0.2652724516110301
12,relu5_3,4.9282495700405135e-05,-0.11733586543678787,0.2548992283870234
12,relu5_3,5.0199651331100794e-05,-0.12037438958220295,0.2427152191084555
12,relu5_3,5.113387538414321e-05,-0.12517634291915358,0.2242925922213932
12,relu5_3,5.2085485505776655e-05,-0.12719750406945202,0.21684033251149273
12,relu5_3,5.305480525369574e-05,-0.13351871947911018,0.19466927440165996
12,relu5_3,5.404216420705915e-05,-0.13908030385241457,0.1765575529948398
12,relu5_3,5.5047898078549675e-05,-0.14336679327183943,0.163465255924622
12,relu5_3,5.607234882852027e-05,-0.14702930005425938,0.15286125838079148
12,relu5_3,5.711586478126435e-05,-0.15036625067824202,0.14365596590019125
12,relu5_3,5.8178800743449355e-05,-0.15419153553988066,0.1336253212438787
12,relu5_3,5.926151812475552e-05,-0.16614215952251768,0.10570677353959147
12,relu5_3,6.0364385060758635e-05,-0.16939772110689097,0.09895161112305573
12,relu5_3,6.148777653810017e-05,-0.16981823114487252,0.09810437122800215
12,relu5_3,6.263207452198692e-05,-0.17205642973412918,0.0936904066998467
12,relu5_3,6.379766808606283e-05,-0.1719072164948454,0.09397970823871245
12,relu5_3,6.498495354469889e-05,-0.17135105805751497,0.09506422786481121
12,relu5_3,6.619433458774387e-05,-0.17231416169289207,0.09319235996094637
12,relu5_3,6.742622241778336e-05,-0.17508138903960938,0.0879756483703071
12,relu5_3,6.868103588995308e-05,-0.17593597395550736,0.08641230198198732
12,relu5_3,6.995920165435375e-05,-0.1755092766873789,0.08719010414232968
12,relu5_3,7.126115430111745e-05,-0.17727271185910354,0.08401128109389513
12,relu5_3,7.258733650817246e-05,-0.17875128442616497,0.081417712320165
12,relu5_3,7.393819919175873e-05,-0.17892762794333744,0.08111270203736441
12,relu5_3,7.531420165974376e-05,-0.18231884942742327,0.0754226790457257
12,relu5_3,7.671581176779303e-05,-0.1853302541052915,0.07064285811371461
12,relu5_3,7.814350607844543e-05,-0.18683595644422563,0.06834631166572826
12,relu5_3,7.959777002314978e-05,-0.18606275794585406,0.06951795921832786
12,relu5_3,8.107909806731695e-05,-0.18769054425821527,0.06706996989060315
12,relu5_3,8.258799387844272e-05,-0.18745994119729742,0.06741246260879642
12,relu5_3,8.412497049736118e-05,-0.18982023135022116,0.06397310777873923
12,relu5_3,8.569055051268347e-05,-0.19001013975332998,0.06370269188522987
12,relu5_3,8.728526623848371e-05,-0.19001013975332998,0.06370269188522987
12,relu5_3,8.890965989529168e-05,-0.1912716741454099,0.06192985432585339
12,relu5_3,9.056428379445294e-05,-0.19239273459087766,0.060388333112091123
12,relu5_3,9.224970052592174e-05,-0.19303029071622288,0.059525710238988803
12,relu5_3,9.39664831495469e-05,-0.1928810754528442,0.05972669366432558
12,relu5_3,9.571521538991856e-05,-0.1932202010514321,0.059270711987686804
12,relu5_3,9.749649183484096e-05,-0.19326089612326264,0.05921618571742433
12,relu5_3,9.9310918137498e-05,-0.19502434923591963,0.05689244199483392
12,relu5_3,0.00010115911122238297,-0.19605529105562677,0.05556888282844845
12,relu5_3,0.00010304169949505875,-0.19515999947535478,0.05671682884709237
12,relu5_3,0.00010495932305582266,-0.1935728916739635,0.05879951044926759
12,relu5_3,0.00010691263391734771,-0.19379058926058482,0.05851019283339349
12,relu5_3,0.00010890229622637306,-0.19303029071622288,0.059525710238988803
12,relu5_3,0.00011092898648952228,-0.1930445104135085,0.0595065860630047
12,relu5_3,0.00011299339380332217,-0.19360067828132901,0.05876251742453953
12,relu5_3,0.00011509622008850311,-0.19360067828132901,0.05876251742453953
12,relu5_3,0.00011723818032865997,-0.19334009353193699,0.05911018859181141
12,relu5_3,0.00011942000281335325,-0.1935833959550475,0.058785523593766965
12,relu5_3,0.0001216424293857368,-0.19378995880063096,0.05851102902474305
12,relu5_3,0.00012390621569479155,-0.193749259449838,0.05856503003613893
12,relu5_3,0.0001262121314522546,-0.19294883888424333,0.059635352111254855
12,relu5_3,0.00012856096069432965,-0.19419043576095474,0.05798183233965517
12,relu5_3,0.00013095350204826676,-0.1936884413416747,0.058645801058300445
12,relu5_3,0.00013339056900390586,-0.19363417167472552,0.05871795208410332
12,relu5_3,0.0001358729901902709,-0.19410903126053095,0.05808908346366594
12,relu5_3,0.00013840160965731301,-0.19330656560270595,0.05915504315254807
12,relu5_3,0.00014097728716289676,-0.1938357451245889,0.05845032712280744
12,relu5_3,0.00014360089846512608,-0.19275024866944437,0.05990336432935334
12,relu5_3,0.000146273335620113,-0.1934319606625574,0.05898742859224155
12,relu5_3,0.00014899550728528536,-0.1934319606625574,0.05898742859224155
12,relu5_3,0.00015176833902834038,-0.19365652892554724,0.05868821954404384
12,relu5_3,0.00015459277364194784,-0.19260416849190945,0.06010113709440437
12,relu5_3,0.00015746977146430867,-0.22281255375975334,0.029108097233861714
12,relu5_3,0.000160400310705682,-0.22657979363225414,0.026425968041706466
12,relu5_3,0.00016338538778098603,-0.227824000442797,0.025587614617381186
12,relu5_3,0.0001664260176485902,-0.23161095021832484,0.02317389060403911
12,relu5_3,0.00016952323415541214,-0.23437194373647605,0.02153917307385036
12,relu5_3,0.0001726780903884356,-0.23596099814595467,0.020643895492422622
12,relu5_3,0.00017589165903277327,-0.23648469607920214,0.020355923904067656
12,relu5_3,0.00017916503273638994,-0.2385822588385134,0.019236811239607906
12,relu5_3,0.00018249932448161505,-0.23944713645596516,0.01879101648312994
12,relu5_3,0.00018589566796356884,-0.235262036927203,0.02103368086724011
12,relu5_3,0.00018935521797562954,-0.23552017100173403,0.020889000247687837
12,relu5_3,0.00019287915080207777,-0.23472610377892777,0.021336809348560207
12,relu5_3,0.00019646866461804445,-0.23751383679943275,0.01980005272119105
12,relu5_3,0.00020012497989690348,-0.24056392672365617,0.01822854956366872
12,relu5_3,0.00020384933982524643,-0.24056392672365617,0.01822854956366872
12,relu5_3,0.00020764301072557747,-0.24046865927134425,0.01827595810225444
12,relu5_3,0.00021150728248687948,-0.24046865927134425,0.01827595810225444
12,relu5_3,0.00021544346900318823,-0.24185684214788947,0.017595548557051352
12,relu5_3,0.00021945290862033113,-0.24197335006679999,0.0175394498001029
12,relu5_3,0.00022353696459097966,-0.2468877034296362,0.015309527079390583
12,relu5_3,0.000227697025538168,-0.24713962965762562,0.015202151622447249
12,relu5_3,0.00023193450592744275,-0.251347333635572,0.013502830674406977
12,relu5_3,0.0002362508465477945,-0.21276091850933737,0.03741492115084889
12,relu5_3,0.00024064751500154217,-0.20955562050309906,0.04044916418068674
12,relu5_3,0.000245126006203334,-0.2083624863694755,0.04162984235768629
12,relu5_3,0.00024968784288843267,-0.21022597321089528,0.03979815619932689
12,relu5_3,0.00025433457613046484,-0.2133051967450365,0.03691911554618967
12,relu5_3,0.0002590677858688006,-0.21057950955037794,0.039458360307153086
12,relu5_3,0.0002638890814457513,-0.2075059302790276,0.04249504417651069
12,relu5_3,0.00026880010215376074,-0.22984588679860798,0.02427355396156511
12,relu5_3,0.00027380251779278577,-0.23006463790283888,0.024134896869207906
12,relu5_3,0.000278898029238044,-0.23039276455918523,0.023928178329737697
12,relu5_3,0.0002840883690183301,-0.23264863532156635,0.0225474800145591
12,relu5_3,0.00028937530190509535,-0.23231607367372975,0.02274663884928744
12,relu5_3,0.00029476062551248586,-0.2328617366449435,0.022420647021173332
12,relu5_3,0.00030024617090855494,-0.24266113081766874,0.017211415649867015
12,relu5_3,0.00030583380323784314,-0.2428540278284448,0.01712037043341134
12,relu5_3,0.0003115254223555485,-0.24315414246087108,0.016979546294367192
12,relu5_3,0.00031732296347349796,-0.24831040723226172,0.014711663681789337
12,relu5_3,0.0003232283978181381,-0.24854480500430062,0.014615130781684043
12,relu5_3,0.0003292437333007769,-0.24891881299855662,0.014462239344414408
12,relu5_3,0.0003353710152002929,-0.2474865061942642,0.015055374637985414
12,relu5_3,0.0003416123268585525,-0.24610563661700277,0.01564705351321396
12,relu5_3,0.0003479697903887695,-0.2460858011393288,0.015655697256442308
12,relu5_3,0.0003544455673970436,-0.24632039198884198,0.015553733327085359
12,relu5_3,0.0003610418597173337,-0.2459986946750668,0.015693704750385146
12,relu5_3,0.00036776091016010306,-0.2406184938886772,0.01820144271216082
12,relu5_3,0.00037460500327489893,-0.24047591137530652,0.018272345461363047
12,relu5_3,0.00038157646612712524,-0.23869099571933772,0.019180268446095466
12,relu5_3,0.00038867766908926677,-0.24202571431874437,0.017514286617452357
12,relu5_3,0.00039591102664684585,-0.23797136541194552,0.019557145583542986
12,relu5_3,0.0004032789982193705,-0.2408389957461274,0.018092259334560736
12,relu5_3,0.00041078408899656427,-0.25149916238137593,0.013444731672182504
12,relu5_3,0.00041842885079015847,-0.21556794986105177,0.03491650604704404
12,relu5_3,0.0004262158829015325,-0.2168882530350315,0.03379073456841308
12,relu5_3,0.00043414783300550926,-0.191760405289766,0.06125392724436119
12,relu5_3,0.00044222739805058973,-0.19165980346374156,0.0613925684620438
12,relu5_3,0.0004504573251759454,-0.1832317512864862,0.07394701426544695
12,relu5_3,0.00045884041264547613,-0.16853121996095038,0.10071554285330321
12,relu5_3,0.00046737951079924635,-0.1585310250801879,0.12290198214519266
12,relu5_3,0.0004760775230226368,-0.17040226939869593,0.09693712702062747
12,relu5_3,0.00048493740673352334,-0.17040226939869593,0.09693712702062747
12,relu5_3,0.0004939621743878316,-0.18033271302805925,0.07871489754533928
12,relu5_3,0.0005031548945038057,-0.18026786373936887,0.07882430068797847
12,relu5_3,0.0005125186927053333,-0.18026786373936887,0.07882430068797847
12,relu5_3,0.0005220567527846976,-0.18022486556466702,0.07889690727836107
12,relu5_3,0.0005317723177850966,-0.18026786373936887,0.07882430068797847
12,relu5_3,0.0005416686911033147,-0.17869327271360627,0.08151825147621332
12,relu5_3,0.0005517492376129129,-0.17823499143290802,0.08231597998130516
12,relu5_3,0.0005620173848083188,-0.17673729974380706,0.08496651839077883
12,relu5_3,0.0005724766239702179,-0.14525584177106268,0.15792975712364224
12,relu5_3,0.0005831305113526219,-0.15896561173642476,0.12186560303534244
12,relu5_3,0.000593982669392035,-0.14829453670620896,0.14932036202109028
12,relu5_3,0.0006050367879391225,-0.1510034391167866,0.1419468170329395
12,relu5_3,0.0006162966255132943,-0.1510034391167866,0.1419468170329395
12,relu5_3,0.00062776601058065,-0.15091374734149285,0.14218646616111627
12,relu5_3,0.0006394488428556937,-0.1514243096676137,0.14082636041983776
12,relu5_3,0.0006513490946272796,-0.14897776038686344,0.14743408158029056
12,relu5_3,0.0006634708121092351,-0.14974178165855784,0.14534601987131618
12,relu5_3,0.000675818116816111,-0.14974178165855784,0.14534601987131618
12,relu5_3,0.0006883952069645496,-0.14109818237537583,0.17030161981046496
12,relu5_3,0.0007012063589007177,-0.16005456498679488,0.11929825572670417
12,relu5_3,0.0007142559285543119,-0.16335971803605376,0.11176090761685821
12,relu5_3,0.0007275483529196233,-0.15400647733560666,0.13409796844038335
12,relu5_3,0.0007410881515641569,-0.14215309605341722,0.16709691358012257
12,relu5_3,0.0007548799281653432,-0.14363670239677134,0.16266564432723946
12,relu5_3,0.0007689283720758305,-0.12023943192544925,0.24324767481990717
12,relu5_3,0.0007832382599179204,-0.12023943192544925,0.24324767481990717
12,relu5_3,0.0007978144572076629,-0.13995030791285779,0.17383996481319552
12,relu5_3,0.0008126619200091946,-0.13941958012755265,0.17549409068787417
12,relu5_3,0.0008277856966198472,-0.13027156401431228,0.2058448075675455
12,relu5_3,0.0008431909292866251,-0.13997309398184057,0.17376920465673504
12,relu5_3,0.0008588828559546258,-0.11448105524673785,0.2667219192509558
12,relu5_3,0.0008748668120479914,-0.11110703946454409,0.2811664762418031
12,relu5_3,0.0008911482322840202,-0.11166965204376576,0.27872226203675915
12,relu5_3,0.0009077326525210223,-0.09781051193049203,0.343096214430916
12,relu5_3,0.0009246257116405734,-0.08015859066533824,0.43754071933538946
12,relu5_3,0.0009418331534647961,-0.08015859066533824,0.43754071933538946
12,relu5_3,0.0009593608287093146,-0.08009560608286431,0.4379020516722964
12,relu5_3,0.0009772146969725724,-0.05938384209025139,0.5654764932201487
12,relu5_3,0.0009954008287621518,-0.05938384209025139,0.5654764932201487
12,relu5_3,0.0010139254075588143,-0.04587802032480079,0.6571463918980961
12,relu5_3,0.0010327947319189526,-0.04587802032480079,0.6571463918980961
12,relu5_3,0.0010520152176161591,-0.04587802032480079,0.6571463918980961
12,relu5_3,0.001071593399822671,-0.07416914123057468,0.4726483150060373
12,relu5_3,0.0010915359353313911,-0.07463708533928493,0.46985163122376117
12,relu5_3,0.0011118496048192698,-0.07463708533928493,0.46985163122376117
12,relu5_3,0.0011325413151528126,-0.07500754109201387,0.4676439869483182
12,relu5_3,0.0011536181017364785,-0.07555347588550916,0.464400951997136
12,relu5_3,0.0011750871309048076,-0.07565096424149047,0.46382313732906943
12,relu5_3,0.0011969557023590429,-0.07565096424149047,0.46382313732906943
12,relu5_3,0.0012192312516491094,-0.07565096424149047,0.46382313732906943
12,relu5_3,0.0012419213527017847,-0.07565096424149047,0.46382313732906943
12,relu5_3,0.0012650337203959038,-0.07565096424149047,0.46382313732906943
12,relu5_3,0.0012885762131855181,-0.07565096424149047,0.46382313732906943
12,relu5_3,0.0013125568357718427,-0.07560274976345087,0.46410885587438133
12,relu5_3,0.0013369837418249451,-0.07565096424149047,0.46382313732906943
12,relu5_3,0.0013618652367560827,-0.07560274976345087,0.46410885587438133
12,relu5_3,0.001387209780541621,-0.07560274976345087,0.46410885587438133
12,relu5_3,0.0014130259905995337,-0.0763057401138627,0.4599524992768646
12,relu5_3,0.0014393226447194064,-0.07608097911273742,0.4612791412149528
12,relu5_3,0.001466108684046983,-0.09135188960054776,0.3760541775256065
12,relu5_3,0.0014933932161242535,-0.09135188960054776,0.3760541775256065
12,relu5_3,0.001521185517986105,-0.103958389255965,0.31346818707705193
12,relu5_3,0.0015494950393146315,-0.103958389255965,0.31346818707705193
12,relu5_3,0.0015783314056521166,-0.04043897346398487,0.695657385726271
12,relu5_3,0.0016077044216738221,-0.04018448712450881,0.6974792781262472
12,relu5_3,0.001637624074521689,-0.0022122893594557678,0.9829329558695031
12,relu5_3,0.0016681005372000592,-0.0022122893594557678,0.9829329558695031
12,relu5_3,0.001699144172034626,-0.008948192802713955,0.9310472880511172
12,relu5_3,0.001730765534195724,-0.008676588579369487,0.9331353043636892
12,relu5_3,0.0017629753752872038,-0.008948192802713955,0.9310472880511172
12,relu5_3,0.0017957846470020968,-0.008676588579369487,0.9331353043636892
12,relu5_3,0.0018292045048462937,-0.008948192802713955,0.9310472880511172
12,relu5_3,0.0018632463119315598,-0.008948192802713955,0.9310472880511172
12,relu5_3,0.0018979216428390996,-0.008948192802713955,0.9310472880511172
12,relu5_3,0.0019332422875550433,-0.007419664372488081,0.9428038558128824
12,relu5_3,0.0019692202554791737,-0.007419664372488081,0.9428038558128824
12,relu5_3,0.002005867779508234,-0.007419664372488081,0.9428038558128824
12,relu5_3,0.0020431973201952705,-0.007419664372488081,0.9428038558128824
12,relu5_3,0.002081221569986337,-0.007419664372488081,0.9428038558128824
12,relu5_3,0.002119953457536069,0.012446481609125882,0.9042001346521773
12,relu5_3,0.0021594061521035676,0.012446481609125882,0.9042001346521773
12,relu5_3,0.0021995930680300748,0.012446481609125882,0.9042001346521773
12,relu5_3,0.0022405278693000182,0.012446481609125882,0.9042001346521773
12,relu5_3,0.002282224474186896,0.012446481609125882,0.9042001346521773
12,relu5_3,0.0023246970599856455,0.012446481609125882,0.9042001346521773
12,relu5_3,0.0023679600678330787,0.012446481609125882,0.9042001346521773
12,relu5_3,0.002412028207618007,0.012446481609125882,0.9042001346521773
12,relu5_3,0.00245691646298279,0.012446481609125882,0.9042001346521773
12,relu5_3,0.0025026400964179166,0.012446481609125882,0.9042001346521773
12,relu5_3,0.0025492146544514203,0.012446481609125882,0.9042001346521773
12,relu5_3,0.0025966559729348722,0.012446481609125882,0.9042001346521773
12,relu5_3,0.00264498018242772,0.012446481609125882,0.9042001346521773
12,relu5_3,0.0026942037136818823,0.012446481609125882,0.9042001346521773
12,relu5_3,0.0027443433032283623,0.012446481609125882,0.9042001346521773
12,relu5_3,0.002795415999067859,0.012446481609125882,0.9042001346521773
12,relu5_3,0.0028474391664672478,0.012446481609125882,0.9042001346521773
12,relu5_3,0.0029004304938639917,0.012446481609125882,0.9042001346521773
12,relu5_3,0.00295440799888038,0.012446481609125882,0.9042001346521773
12,relu5_3,0.003009390034449718,0.012446481609125882,0.9042001346521773
12,relu5_3,0.00306539529505653,0.012446481609125882,0.9042001346521773
12,relu5_3,0.0031224428230928578,-0.03693063576435234,0.7209220502641648
12,relu5_3,0.00318055201533292,-0.03693063576435234,0.7209220502641648
12,relu5_3,0.0032397426295281955,-0.03693063576435234,0.7209220502641648
12,relu5_3,0.003300034791125282,-0.03693063576435234,0.7209220502641648
12,relu5_3,0.0033614490001087688,-0.03693063576435234,0.7209220502641648
12,relu5_3,0.003424006137971426,-0.03693063576435234,0.7209220502641648
12,relu5_3,0.0034877274748141775,-0.03693063576435234,0.7209220502641648
12,relu5_3,0.0035526346765781393,-0.03556877486795,0.730812371912649
12,relu5_3,0.003618749812411277,-0.03556877486795,0.730812371912649
12,relu5_3,0.0036860953621721615,-0.03556877486795,0.730812371912649
12,relu5_3,0.003754694224073337,-0.07020558324083902,0.49669442371806716
12,relu5_3,0.0038245697224669993,-0.07020558324083902,0.49669442371806716
12,relu5_3,0.0038957456157755013,-0.07014044481926955,0.4970948925491385
12,relu5_3,0.003968246104569478,-0.07020558324083902,0.49669442371806716
12,relu5_3,0.00404209583979631,-0.07014044481926955,0.4970948925491385
12,relu5_3,0.004117319931161679,-0.07014044481926955,0.4970948925491385
12,relu5_3,0.004193943955667186,-0.07014044481926955,0.4970948925491385
12,relu5_3,0.004271993966306777,-0.07014044481926955,0.4970948925491385
12,relu5_3,0.004351496500925045,-0.07014044481926955,0.4970948925491385
12,relu5_3,0.0044324785912404005,-0.013889005463508053,0.8931592374088453
12,relu5_3,0.004514967772036102,-0.013889005463508053,0.8931592374088453
12,relu5_3,0.004598992090522438,-0.013889005463508053,0.8931592374088453
12,relu5_3,0.004684580115873045,-0.013889005463508053,0.8931592374088453
12,relu5_3,0.004771760948938741,-0.013889005463508053,0.8931592374088453
12,relu5_3,0.004860564232142139,-0.013889005463508053,0.8931592374088453
12,relu5_3,0.004951020159556351,-0.013889005463508053,0.8931592374088453
12,relu5_3,0.005043159487171359,-0.013889005463508053,0.8931592374088453
12,relu5_3,0.005137013543351339,-0.013889005463508053,0.8931592374088453
12,relu5_3,0.005232614239486656,-0.013889005463508053,0.8931592374088453
12,relu5_3,0.005329994080844093,-0.027181392619963062,0.792641494463919
12,relu5_3,0.005429186177618943,-0.027181392619963062,0.792641494463919
12,relu5_3,0.0055302242561929005,-0.027181392619963062,0.792641494463919
12,relu5_3,0.005633142670601352,-0.027181392619963062,0.792641494463919
12,relu5_3,0.005737976414214128,-0.027181392619963062,0.792641494463919
12,relu5_3,0.0058447611316336376,-0.027181392619963062,0.792641494463919
12,relu5_3,0.00595353313081437,-0.027181392619963062,0.792641494463919
12,relu5_3,0.006064329395408062,-0.027181392619963062,0.792641494463919
12,relu5_3,0.006177187597338488,-0.027181392619963062,0.792641494463919
12,relu5_3,0.0062921461096103375,-0.027181392619963062,0.792641494463919
12,relu5_3,0.006409244019356457,-0.027181392619963062,0.792641494463919
12,relu5_3,0.006528521141127847,-0.027181392619963062,0.792641494463919
12,relu5_3,0.006650018030431118,-0.027181392619963062,0.792641494463919
12,relu5_3,0.006773775997517745,0.019491189072319403,0.8504924786555331
12,relu5_3,0.006899837121430011,0.019491189072319403,0.8504924786555331
12,relu5_3,0.0070282442643083524,0.019491189072319403,0.8504924786555331
12,relu5_3,0.0071590410859648885,0.019491189072319403,0.8504924786555331
12,relu5_3,0.007292272058728313,0.019491189072319403,0.8504924786555331
12,relu5_3,0.00742798248256491,0.019491189072319403,0.8504924786555331
12,relu5_3,0.007566218500481048,0.019491189072319403,0.8504924786555331
12,relu5_3,0.007707027114212304,0.019491189072319403,0.8504924786555331
12,relu5_3,0.00785045620020451,0.019491189072319403,0.8504924786555331
12,relu5_3,0.007996554525892346,0.019491189072319403,0.8504924786555331
12,relu5_3,0.008145371766280737,0.019491189072319403,0.8504924786555331
12,relu5_3,0.008296958520834915,0.019491189072319403,0.8504924786555331
12,relu5_3,0.008451366330684721,0.019491189072319403,0.8504924786555331
12,relu5_3,0.008608647696149245,-0.09070834328294813,0.37944024283442374
12,relu5_3,0.008768856094587427,,
12,relu5_3,0.008932045998580959,,
12,relu5_3,0.009098272894455568,,
12,relu5_3,0.009267593301146883,,
12,relu5_3,0.009440064789417604,,
12,relu5_3,0.009615746001432095,,
12,relu5_3,0.009794696670695385,,
12,relu5_3,0.009976977642363211,,
12,relu5_3,0.010162650893929951,,
12,relu5_3,0.010351779556301762,,
12,relu5_3,0.010544427935261684,,
12,relu5_3,0.010740661533334323,,
12,relu5_3,0.010940547072057435,,
12,relu5_3,0.011144152514667882,,
12,relu5_3,0.01135154708920999,,
12,relu5_3,0.011562801312073753,,
12,relu5_3,0.011777987011971181,,
12,relu5_3,0.011997177354358856,,
12,relu5_3,0.012220446866314887,,
12,relu5_3,0.012447871461879062,,
12,relu5_3,0.01267952846786434,,
12,relu5_3,0.012915496650148827,,
12,relu5_3,0.013155856240457052,,
12,relu5_3,0.013400688963639508,,
12,relu5_3,0.013650078065460139,,
12,relu5_3,0.013904108340900697,,
12,relu5_3,0.014162866162991974,,
12,relu5_3,0.014426439512181588,,
12,relu5_3,0.014694918006248172,,
12,relu5_3,0.014968392930772555,,
12,relu5_3,0.01524695727017573,,
12,relu5_3,0.015530705739334584,,
12,relu5_3,0.015819734815786014,,
12,relu5_3,0.016114142772530198,,
12,relu5_3,0.016414029711444664,,
12,relu5_3,0.016719497597319884,,
12,relu5_3,0.017030650292528426,,
12,relu5_3,0.017347593592339325,,
12,relu5_3,0.017670435260889468,,
12,relu5_3,0.017999285067824763,,
12,relu5_3,0.018334254825622887,,
12,relu5_3,0.01867545842761074,,
12,relu5_3,0.019023011886689457,,
12,relu5_3,0.01937703337477989,,
12,relu5_3,0.019737643263002553,,
12,relu5_3,0.02010496416260497,,
12,relu5_3,0.020479120966650832,,
12,relu5_3,0.02086024089248505,,
12,relu5_3,0.021248453524988827,,
12,relu5_3,0.021643890860640204,,
12,relu5_3,0.022046687352394075,,
12,relu5_3,0.022456979955397718,,
12,relu5_3,0.02287490817355704,,
12,relu5_3,0.023300614106969247,,
12,relu5_3,0.023734242500238662,,
12,relu5_3,0.024175940791691282,,
12,relu5_3,0.024625859163505442,,
12,relu5_3,0.02508415059277541,,
12,relu5_3,0.02555097090352507,,
12,relu5_3,0.026026478819690044,,
12,relu5_3,0.02651083601908536,,
12,relu5_3,0.027004207188377698,,
12,relu5_3,0.027506760079080674,,
12,relu5_3,0.028018665564591955,,
12,relu5_3,0.028540097698292376,,
12,relu5_3,0.029071233772725753,,
12,relu5_3,0.029612254379880375,,
12,relu5_3,0.03016334347259197,,
12,relu5_3,0.030724688427090033,,
12,relu5_3,0.031296480106707505,,
12,relu5_3,0.03187891292677643,,
12,relu5_3,0.03247218492073132,,
12,relu5_3,0.03307649780744242,,
12,relu5_3,0.033692057059802674,,
12,relu5_3,0.03431907197459043,,
12,relu5_3,0.03495775574363272,,
12,relu5_3,0.03560832552629282,,
12,relu5_3,0.036271002523306485,,
12,relu5_3,0.03694601205199302,,
12,relu5_3,0.03763358362286533,,
12,relu5_3,0.03833395101766598,,
12,relu5_3,0.03904735236885564,,
12,relu5_3,0.03977403024058037,,
12,relu5_3,0.04051423171114647,,
12,relu5_3,0.04126820845702952,,
12,relu5_3,0.0420362168384471,,
12,relu5_3,0.042818517986524154,,
12,relu5_3,0.04361537789208006,,
12,relu5_3,0.044427067496068826,,
12,relu5_3,0.04525386278170167,,
12,relu5_3,0.046096044868284294,,
12,relu5_3,0.04695390010680063,,
12,relu5_3,0.04782772017727485,,
12,relu5_3,0.04871780218794631,,
12,relu5_3,0.04962444877628913,,
12,relu5_3,0.050547968211912354,,
12,relu5_3,0.051488674501374974,,
12,relu5_3,0.05244688749495119,,
12,relu5_3,0.053422932995383525,,
12,relu5_3,0.054417142868658876,,
12,relu5_3,0.05542985515684663,,
12,relu5_3,0.05646141419303673,,
12,relu5_3,0.057512170718416133,,
12,relu5_3,0.05858248200152536,,
12,relu5_3,0.0596727119597331,,
12,relu5_3,0.060783231282972236,,
12,relu5_3,0.06191441755977847,,
12,relu5_3,0.06306665540567406,,
12,relu5_3,0.0642403365939419,,
12,relu5_3,0.0654358601888323,,
12,relu5_3,0.06665363268124906,,
12,relu5_3,0.06789406812696112,,
12,relu5_3,0.06915758828738525,,
12,relu5_3,0.07044462277299036,,
12,relu5_3,0.07175560918936921,,
12,relu5_3,0.07309099328602904,,
12,relu5_3,0.07445122910795143,,
12,relu5_3,0.0758367791499719,,
12,relu5_3,0.077248114514034,,
12,relu5_3,0.07868571506936843,,
12,relu5_3,0.08015006961565396,,
12,relu5_3,0.08164167604921473,,
12,relu5_3,0.08316104153230962,,
12,relu5_3,0.08470868266557402,,
12,relu5_3,0.08628512566366887,,
12,relu5_3,0.08789090653419963,,
12,relu5_3,0.08952657125996401,,
12,relu5_3,0.09119267598459298,,
12,relu5_3,0.09288978720164498,,
12,relu5_3,0.09461848194721992,,
12,relu5_3,0.09637934799615795,,
12,relu5_3,0.09817298406188842,,
12,relu5_3,0.1,,
