metric_label,img_idx,mos_rating,mos_zscore,score
kNN_dc_ae_l10_k1,1,10.383351573636363,-3.0909231051976005,237619.515625
kNN_dc_ae_l10_k1,2,11.237612673636363,-3.0416858884420805,368156.96875
kNN_dc_ae_l10_k1,3,12.873956289545454,-2.9473716263235947,697628.125
kNN_dc_ae_l10_k1,4,13.852077771363637,-2.8909954441311574,213932.875
kNN_dc_ae_l10_k1,5,14.772021149545454,-2.8379724848575316,207374.96875
kNN_dc_ae_l10_k1,6,15.774696462272727,-2.780181088634338,671896.375
kNN_dc_ae_l10_k1,7,16.11136225,-2.760776615734313,301939.1875
kNN_dc_ae_l10_k1,8,16.718538883636366,-2.7257806554602935,216794.515625
kNN_dc_ae_l10_k1,9,16.83383592,-2.719135257266808,178265.625
kNN_dc_ae_l10_k1,10,16.977602550909094,-2.710848951395825,179946.75
kNN_dc_ae_l10_k1,11,17.128398308636363,-2.702157506345793,327533.5
kNN_dc_ae_l10_k1,12,17.49981897681818,-2.680749859495494,246630.875
kNN_dc_ae_l10_k1,13,18.01987185318182,-2.650775468530193,231792.90625
kNN_dc_ae_l10_k1,14,18.22368484818182,-2.639028258441373,407300.46875
kNN_dc_ae_l10_k1,15,18.40435578590909,-2.628614891705722,241691.5
kNN_dc_ae_l10_k1,16,18.964998386363636,-2.5963010227481416,235101.0625
kNN_dc_ae_l10_k1,17,19.531784013636365,-2.563633086933271,172050.21875
kNN_dc_ae_l10_k1,18,21.457911477272727,-2.4526164956056054,278883.21875
kNN_dc_ae_l10_k1,19,22.164942098181818,-2.411865231226962,214729.4375
kNN_dc_ae_l10_k1,20,22.207954510454545,-2.4093861162745784,430814.4375
kNN_dc_ae_l10_k1,21,22.336504287727273,-2.401976867220102,188181.0625
kNN_dc_ae_l10_k1,22,22.775860404545455,-2.376653611418521,217294.25
kNN_dc_ae_l10_k1,23,23.03693973772727,-2.361605730017554,217606.859375
kNN_dc_ae_l10_k1,24,23.073138160909092,-2.359519354308287,247964.46875
kNN_dc_ae_l10_k1,25,23.859046570909094,-2.314221795127428,464053.5625
kNN_dc_ae_l10_k1,26,24.108436355454547,-2.299847666563835,216067.859375
kNN_dc_ae_l10_k1,27,24.136628927727273,-2.2982227256741137,184091.21875
kNN_dc_ae_l10_k1,28,24.706419758636365,-2.2653815783401448,299679.03125
kNN_dc_ae_l10_k1,29,25.160939161363636,-2.2391843532157982,250680.0
kNN_dc_ae_l10_k1,30,25.272293834545454,-2.2327661817923388,140289.8125
kNN_dc_ae_l10_k1,31,25.739496508636364,-2.205837928436342,260545.421875
kNN_dc_ae_l10_k1,32,26.08368123090909,-2.1860000852119685,222318.703125
kNN_dc_ae_l10_k1,33,26.26193154681818,-2.175726236337011,201723.296875
kNN_dc_ae_l10_k1,34,26.29922768272727,-2.1735765915411758,231408.890625
kNN_dc_ae_l10_k1,35,26.647243233181822,-2.153517950111732,675231.8125
kNN_dc_ae_l10_k1,36,26.80277036,-2.144553802201322,188127.4375
kNN_dc_ae_l10_k1,37,27.710613355454544,-2.0922282750911965,379854.0
kNN_dc_ae_l10_k1,38,27.723830698181818,-2.0914664644822447,264549.5625
kNN_dc_ae_l10_k1,39,27.94224735681818,-2.078877540130785,192542.25
kNN_dc_ae_l10_k1,40,28.008295531363636,-2.0750707083712667,145988.484375
kNN_dc_ae_l10_k1,41,28.427649107272728,-2.0509003429944066,244744.71875
kNN_dc_ae_l10_k1,42,28.610673086363636,-2.0403513535461495,260620.671875
kNN_dc_ae_l10_k1,43,28.864666542727274,-2.0257118822352584,240762.21875
kNN_dc_ae_l10_k1,44,28.872480873181818,-2.0252614861182057,222491.15625
kNN_dc_ae_l10_k1,45,29.867093540909092,-1.9679347981668596,903207.6875
kNN_dc_ae_l10_k1,46,30.946254809545454,-1.9057349657057894,136969.28125
kNN_dc_ae_l10_k1,47,31.113843444545456,-1.8960756262517786,248787.375
kNN_dc_ae_l10_k1,48,31.75240744409091,-1.8592705861324392,150843.0625
kNN_dc_ae_l10_k1,49,31.962474827272725,-1.8471628906292867,175141.96875
kNN_dc_ae_l10_k1,50,32.10326235227273,-1.8390482920775113,215858.078125
kNN_dc_ae_l10_k1,51,32.57260997909091,-1.8119964096549876,217614.515625
kNN_dc_ae_l10_k1,52,33.29309288772727,-1.770469793095747,180946.84375
kNN_dc_ae_l10_k1,53,33.63066458409091,-1.751013106159651,231560.625
kNN_dc_ae_l10_k1,54,33.94931614045454,-1.7326469230920152,175695.609375
kNN_dc_ae_l10_k1,55,34.254768114545456,-1.7150415269704833,215769.59375
kNN_dc_ae_l10_k1,56,35.01583384090909,-1.6711758304824154,220745.546875
kNN_dc_ae_l10_k1,57,35.61844186090909,-1.6364431923003018,255184.21875
kNN_dc_ae_l10_k1,58,36.50372615909091,-1.5854178853071164,276832.625
kNN_dc_ae_l10_k1,59,36.74721518909091,-1.5713838597056917,305513.09375
kNN_dc_ae_l10_k1,60,37.183868766818186,-1.5462163706866658,266817.5625
kNN_dc_ae_l10_k1,61,37.586910895,-1.5229861514634166,177580.5625
kNN_dc_ae_l10_k1,62,37.90925234181818,-1.504407293446501,173692.46875
kNN_dc_ae_l10_k1,63,39.159607152727276,-1.4323403447746748,293796.15625
kNN_dc_ae_l10_k1,64,39.16116855045455,-1.4322503501836308,338227.9375
kNN_dc_ae_l10_k1,65,39.50363207727273,-1.4125117118436592,244954.71875
kNN_dc_ae_l10_k1,66,39.72578294681818,-1.3997075580360745,233368.125
kNN_dc_ae_l10_k1,67,40.10658689318182,-1.3777590853168278,210196.84375
kNN_dc_ae_l10_k1,68,40.511631334545456,-1.3544134583708745,246553.96875
kNN_dc_ae_l10_k1,69,41.22542756590909,-1.3132722431581907,250521.34375
kNN_dc_ae_l10_k1,70,41.450596035,-1.3002941633660317,195556.40625
kNN_dc_ae_l10_k1,71,41.606778884545456,-1.2912922214345022,172546.46875
kNN_dc_ae_l10_k1,72,41.74143011090909,-1.283531301946464,248707.734375
kNN_dc_ae_l10_k1,73,42.27668356454546,-1.2526807922886625,179224.78125
kNN_dc_ae_l10_k1,74,42.349748590454546,-1.2484695288729066,225351.484375
kNN_dc_ae_l10_k1,75,42.93479045136364,-1.2147493548925703,310177.1875
kNN_dc_ae_l10_k1,76,42.999259720454546,-1.2110335268204517,231094.65625
kNN_dc_ae_l10_k1,77,43.14833512181818,-1.2024412382919711,211573.21875
kNN_dc_ae_l10_k1,78,43.849900354999995,-1.1620049835516937,238394.46875
kNN_dc_ae_l10_k1,79,44.24228326,-1.1393891320928766,176626.234375
kNN_dc_ae_l10_k1,80,44.68483293727273,-1.113881808412842,396249.25
kNN_dc_ae_l10_k1,81,45.014271393181815,-1.0948938986728347,217047.09375
kNN_dc_ae_l10_k1,82,45.044897863636365,-1.0931286747100122,461451.96875
kNN_dc_ae_l10_k1,83,45.242849799999995,-1.0817192796223616,191604.9375
kNN_dc_ae_l10_k1,84,45.34376912590909,-1.0759025723830795,206875.75
kNN_dc_ae_l10_k1,85,45.44974382363636,-1.0697944876738517,215647.71875
kNN_dc_ae_l10_k1,86,45.87703164136364,-1.0451668148248472,188020.609375
kNN_dc_ae_l10_k1,87,46.05975058136364,-1.0346354069752812,239998.0625
kNN_dc_ae_l10_k1,88,46.3385215,-1.0185678321482947,265930.25
kNN_dc_ae_l10_k1,89,46.461104443636366,-1.0115024946696791,178369.375
kNN_dc_ae_l10_k1,90,46.55172569545454,-1.00627933957292,221915.90625
kNN_dc_ae_l10_k1,91,46.63784059272727,-1.0013159181284732,189813.421875
kNN_dc_ae_l10_k1,92,46.92503363227272,-0.9847629158452418,212819.703125
kNN_dc_ae_l10_k1,93,46.98420985,-0.9813521644262555,195165.875
kNN_dc_ae_l10_k1,94,47.05894020545455,-0.9770449160806003,198857.9375
kNN_dc_ae_l10_k1,95,47.18393024863636,-0.9698408401272126,280436.875
kNN_dc_ae_l10_k1,96,47.45620903181818,-0.9541474538013544,185233.796875
kNN_dc_ae_l10_k1,97,47.57944400681818,-0.9470445350614799,182909.859375
kNN_dc_ae_l10_k1,98,47.68605184090909,-0.9408999581458618,172733.0625
kNN_dc_ae_l10_k1,99,47.85413733318182,-0.9312119812305011,410805.875
kNN_dc_ae_l10_k1,100,47.997159330454544,-0.9229685939563709,245490.78125
kNN_dc_ae_l10_k1,101,48.745656067727275,-0.8798273387898924,229183.53125
kNN_dc_ae_l10_k1,102,48.974869975454546,-0.8666160912472533,181586.890625
kNN_dc_ae_l10_k1,103,49.269933079999994,-0.8496094804638982,208656.78125
kNN_dc_ae_l10_k1,104,49.50143869090909,-0.8362661455696251,179936.78125
kNN_dc_ae_l10_k1,105,50.02686477227273,-0.8059820581201266,219232.09375
kNN_dc_ae_l10_k1,106,50.24467801363637,-0.793427913049909,230121.203125
kNN_dc_ae_l10_k1,107,50.26601576545454,-0.7921980648087251,230166.125
kNN_dc_ae_l10_k1,108,50.287720933636365,-0.7909470397175866,219794.59375
kNN_dc_ae_l10_k1,109,50.397065763181814,-0.7846447100511362,226979.84375
kNN_dc_ae_l10_k1,110,50.44004938636363,-0.782167254421305,365402.9375
kNN_dc_ae_l10_k1,111,50.53053583909091,-0.7769518687665316,188862.828125
kNN_dc_ae_l10_k1,112,50.744067415454545,-0.7646445068726515,255994.640625
kNN_dc_ae_l10_k1,113,50.877768575909094,-0.756938346522186,203925.0
kNN_dc_ae_l10_k1,114,50.952142585000004,-0.7526516369826949,306237.53125
kNN_dc_ae_l10_k1,115,51.255980857727266,-0.7351392500872892,182617.921875
kNN_dc_ae_l10_k1,116,51.47010300409091,-0.7227978493929772,266130.09375
kNN_dc_ae_l10_k1,117,51.48649149727273,-0.7218532625551946,267882.25
kNN_dc_ae_l10_k1,118,51.49088870772727,-0.7215998196625357,229773.71875
kNN_dc_ae_l10_k1,119,51.669473619090915,-0.7113066856428819,207551.375
kNN_dc_ae_l10_k1,120,51.78909724363636,-0.7044119150267025,472719.3125
kNN_dc_ae_l10_k1,121,51.85205774272727,-0.7007830482308545,192316.203125
kNN_dc_ae_l10_k1,122,51.87800455454545,-0.699287546682667,278776.8125
kNN_dc_ae_l10_k1,123,51.92553946363636,-0.6965477676825893,316098.28125
kNN_dc_ae_l10_k1,124,52.00039339090909,-0.6922333970034971,255091.9375
kNN_dc_ae_l10_k1,125,52.126720309090906,-0.6849522673201076,200414.125
kNN_dc_ae_l10_k1,126,52.30133809090909,-0.6748877875343021,273729.40625
kNN_dc_ae_l10_k1,127,52.82782977227273,-0.6445422818858776,277318.375
kNN_dc_ae_l10_k1,128,52.94948191,-0.637530593452388,233851.3125
kNN_dc_ae_l10_k1,129,52.977303153181815,-0.6359270549312603,268739.25
kNN_dc_ae_l10_k1,130,53.02329102272727,-0.6332764429568486,377691.5625
kNN_dc_ae_l10_k1,131,53.11169118954546,-0.6281813049775454,192938.421875
kNN_dc_ae_l10_k1,132,53.15595768772727,-0.6256299080264427,236611.484375
kNN_dc_ae_l10_k1,133,53.19575964181818,-0.6233358348901765,199520.53125
kNN_dc_ae_l10_k1,134,53.738266159999995,-0.5920672789100433,405012.53125
kNN_dc_ae_l10_k1,135,54.35688324090909,-0.5564119233034402,213294.609375
kNN_dc_ae_l10_k1,136,54.43010616227273,-0.5521915592359978,227038.0625
kNN_dc_ae_l10_k1,137,54.51598353272727,-0.5472418281719658,352450.84375
kNN_dc_ae_l10_k1,138,54.63723127590909,-0.5402534479072425,284804.78125
kNN_dc_ae_l10_k1,139,54.68535675181818,-0.5374796302901245,224556.578125
kNN_dc_ae_l10_k1,140,54.72388539863636,-0.5352589470181324,288384.03125
kNN_dc_ae_l10_k1,141,55.23867115454546,-0.5055881381210048,202212.59375
kNN_dc_ae_l10_k1,142,55.2775563909091,-0.5033469020265294,315870.09375
kNN_dc_ae_l10_k1,143,55.699695931818184,-0.47901596143141617,261499.1875
kNN_dc_ae_l10_k1,144,55.80372709545455,-0.4730198965827504,275177.1875
kNN_dc_ae_l10_k1,145,55.82518654818182,-0.4717830338420878,249709.09375
kNN_dc_ae_l10_k1,146,56.236087309090905,-0.4480998650428898,186085.96875
kNN_dc_ae_l10_k1,147,56.34353036818182,-0.44190714809799403,204107.65625
kNN_dc_ae_l10_k1,148,56.343846956363635,-0.44188890084205507,176138.90625
kNN_dc_ae_l10_k1,149,56.418747340909086,-0.4375718524959041,179793.328125
kNN_dc_ae_l10_k1,150,56.4284854,-0.43701057804920695,344157.09375
kNN_dc_ae_l10_k1,151,56.43083487727272,-0.4368751607608167,316465.0625
kNN_dc_ae_l10_k1,152,56.73676582727273,-0.41924215780964386,276468.6875
kNN_dc_ae_l10_k1,153,56.80215198181818,-0.415473483028404,994761.375
kNN_dc_ae_l10_k1,154,56.838491672272724,-0.41337896506927063,186785.328125
kNN_dc_ae_l10_k1,155,56.87784920000001,-0.4111105074236286,323968.125
kNN_dc_ae_l10_k1,156,56.88495511818182,-0.41070094220549447,201999.8125
kNN_dc_ae_l10_k1,157,56.89427865,-0.4101635599495794,138478.140625
kNN_dc_ae_l10_k1,158,57.014437336363635,-0.4032379498690725,211464.03125
kNN_dc_ae_l10_k1,159,57.01605029863636,-0.40314498324207687,257088.46875
kNN_dc_ae_l10_k1,160,57.06027285454545,-0.40059611900047776,255415.75
kNN_dc_ae_l10_k1,161,57.08577673045454,-0.3991261470372903,299304.375
kNN_dc_ae_l10_k1,162,57.165035822727276,-0.39455787498782163,258789.046875
kNN_dc_ae_l10_k1,163,57.30280682363637,-0.386617140434433,243721.53125
kNN_dc_ae_l10_k1,164,57.552973348181816,-0.3721982427531278,171489.1875
kNN_dc_ae_l10_k1,165,57.715692645,-0.3628195583114009,201037.796875
kNN_dc_ae_l10_k1,166,57.94736867727273,-0.34946640080713065,267899.0
kNN_dc_ae_l10_k1,167,58.01582408181818,-0.3455208230538053,352651.96875
kNN_dc_ae_l10_k1,168,58.14704098045454,-0.33795784859535755,163477.40625
kNN_dc_ae_l10_k1,169,58.40466673181818,-0.32310902197584374,309307.625
kNN_dc_ae_l10_k1,170,58.48494007,-0.3184822916333907,225120.28125
kNN_dc_ae_l10_k1,171,58.90741873181818,-0.2941318050590592,239885.53125
kNN_dc_ae_l10_k1,172,58.92814133636364,-0.29293741218345776,194309.515625
kNN_dc_ae_l10_k1,173,58.959711454090915,-0.29111779903528184,209301.609375
kNN_dc_ae_l10_k1,174,59.080638213636355,-0.2841479193681854,340980.96875
kNN_dc_ae_l10_k1,175,59.15176404636364,-0.2800484256151513,200597.875
kNN_dc_ae_l10_k1,176,59.165360129545455,-0.27926478546736844,159370.34375
kNN_dc_ae_l10_k1,177,59.343238913181814,-0.26901235067183393,158219.90625
kNN_dc_ae_l10_k1,178,59.52943686818182,-0.2582804221434605,276840.46875
kNN_dc_ae_l10_k1,179,59.53394987363636,-0.2580203051513792,415648.5
kNN_dc_ae_l10_k1,180,59.61907620909091,-0.2531138616408659,256346.46875
kNN_dc_ae_l10_k1,181,59.64024705,-0.25189363367691286,253821.8125
kNN_dc_ae_l10_k1,182,59.81487126545455,-0.2418287830743299,545383.5625
kNN_dc_ae_l10_k1,183,59.821444613636366,-0.241449913699103,220987.625
kNN_dc_ae_l10_k1,184,59.82249576181818,-0.241389328462493,191578.234375
kNN_dc_ae_l10_k1,185,60.13491826227273,-0.22338217072795283,560531.8125
kNN_dc_ae_l10_k1,186,60.66603184545455,-0.19277027160609897,182197.828125
kNN_dc_ae_l10_k1,187,60.91525143409091,-0.1784059526579342,385367.125
kNN_dc_ae_l10_k1,188,60.98922430909091,-0.17414236336374334,231362.84375
kNN_dc_ae_l10_k1,189,61.15445065909091,-0.16461917939964438,193495.125
kNN_dc_ae_l10_k1,190,61.257236485,-0.15869489232900422,291082.0625
kNN_dc_ae_l10_k1,191,61.38288141818182,-0.1514530703505647,194201.3125
kNN_dc_ae_l10_k1,192,61.41676890772727,-0.14949989038246164,243290.46875
kNN_dc_ae_l10_k1,193,61.450913154545454,-0.1475319116444142,239932.484375
kNN_dc_ae_l10_k1,194,61.557454278181815,-0.14139117973251966,339766.875
kNN_dc_ae_l10_k1,195,61.612018317727276,-0.1382462613438015,240022.5625
kNN_dc_ae_l10_k1,196,61.66026577136363,-0.13546541327218128,403619.71875
kNN_dc_ae_l10_k1,197,61.784896459090916,-0.12828204956052722,250647.3125
kNN_dc_ae_l10_k1,198,61.80260090454545,-0.12726161492013313,323377.59375
kNN_dc_ae_l10_k1,199,62.04634134636364,-0.11321309864578996,306761.28125
kNN_dc_ae_l10_k1,200,62.140166177272725,-0.1078052982244427,211056.25
kNN_dc_ae_l10_k1,201,62.30800517363637,-0.0981315286427709,840352.375
kNN_dc_ae_l10_k1,202,62.48285368636363,-0.08805375017371433,211895.015625
kNN_dc_ae_l10_k1,203,62.50087945,-0.08701479565343062,221736.53125
kNN_dc_ae_l10_k1,204,62.515273900000004,-0.08618513987871876,212565.03125
kNN_dc_ae_l10_k1,205,62.56153540454545,-0.08351875634944335,202312.6875
kNN_dc_ae_l10_k1,206,62.62842450590909,-0.07966345592382028,256221.171875
kNN_dc_ae_l10_k1,207,62.64787497272727,-0.07854238550316901,196618.90625
kNN_dc_ae_l10_k1,208,62.80573838590909,-0.06944358059141646,255450.03125
kNN_dc_ae_l10_k1,209,62.831736559090906,-0.06794511871810778,208738.84375
kNN_dc_ae_l10_k1,210,63.033077886363635,-0.05634036863318487,747662.9375
kNN_dc_ae_l10_k1,211,63.2958711590909,-0.041193700558090865,199585.625
kNN_dc_ae_l10_k1,212,63.30556153181818,-0.04063517461980955,251109.125
kNN_dc_ae_l10_k1,213,63.451246159090914,-0.0322383208113255,282240.1875
kNN_dc_ae_l10_k1,214,63.51674641363636,-0.02846306962571502,232834.328125
kNN_dc_ae_l10_k1,215,63.52993807136364,-0.027702739428211564,190894.28125
kNN_dc_ae_l10_k1,216,63.601648069090906,-0.02356957604100441,169763.25
kNN_dc_ae_l10_k1,217,63.632569839545454,-0.021787331813408223,276867.125
kNN_dc_ae_l10_k1,218,63.65115097727273,-0.02071636708629849,283147.1875
kNN_dc_ae_l10_k1,219,63.71100458181818,-0.017266572988681755,214929.96875
kNN_dc_ae_l10_k1,220,63.89873966363636,-0.006446048776474242,185790.71875
kNN_dc_ae_l10_k1,221,63.92419218818182,-0.004979036562035517,180024.546875
kNN_dc_ae_l10_k1,222,63.96103896818182,-0.002855291382016408,246973.328125
kNN_dc_ae_l10_k1,223,63.99746849090909,-0.0007555957423308915,370860.0
kNN_dc_ae_l10_k1,224,64.02118780454545,0.000611519050564863,271112.03125
kNN_dc_ae_l10_k1,225,64.02835174090909,0.0010244282741725598,183249.625
kNN_dc_ae_l10_k1,226,64.1043883409091,0.005406964896234798,383854.5
kNN_dc_ae_l10_k1,227,64.15682117727273,0.008429046703709133,210008.78125
kNN_dc_ae_l10_k1,228,64.23845857272727,0.01313439748621699,327374.125
kNN_dc_ae_l10_k1,229,64.25370258636363,0.014013019729039077,215258.71875
kNN_dc_ae_l10_k1,230,64.32671434181817,0.01822121278502206,305184.03125
kNN_dc_ae_l10_k1,231,64.40631527727272,0.022809187717882526,222225.375
kNN_dc_ae_l10_k1,232,64.56676404090909,0.032057004987472486,436588.75
kNN_dc_ae_l10_k1,233,64.70266141363636,0.0398897488610707,237075.703125
kNN_dc_ae_l10_k1,234,64.83579067045456,0.047562946288015,334069.75
kNN_dc_ae_l10_k1,235,64.88276691590909,0.05027052548108044,399241.84375
kNN_dc_ae_l10_k1,236,64.91428311818181,0.05208703109348984,202286.90625
kNN_dc_ae_l10_k1,237,64.99876317727272,0.056956225044821694,385282.6875
kNN_dc_ae_l10_k1,238,65.11283459954545,0.06353098227543044,289172.875
kNN_dc_ae_l10_k1,239,65.12859398045454,0.06443930884414997,210883.375
kNN_dc_ae_l10_k1,240,65.15700578272727,0.06607688553694015,194204.71875
kNN_dc_ae_l10_k1,241,65.26560826818182,0.07233642856952589,225334.9375
kNN_dc_ae_l10_k1,242,65.49862164545455,0.08576666689328061,291657.65625
kNN_dc_ae_l10_k1,243,65.58085287863636,0.09050624481886647,181159.640625
kNN_dc_ae_l10_k1,244,65.74797291818182,0.10013857574355729,235961.65625
kNN_dc_ae_l10_k1,245,65.77319434545456,0.10159226815857124,236243.203125
kNN_dc_ae_l10_k1,246,65.79643795909091,0.10293196493604907,205472.46875
kNN_dc_ae_l10_k1,247,65.90152255454545,0.10898874664372764,272320.3125
kNN_dc_ae_l10_k1,248,66.06104215454546,0.11818300952419154,270415.625
kNN_dc_ae_l10_k1,249,66.34667021363636,0.13464581071801482,280132.75
kNN_dc_ae_l10_k1,250,66.41367993636364,0.13850806342114064,182769.03125
kNN_dc_ae_l10_k1,251,66.49486482500001,0.14318733297826053,363319.96875
kNN_dc_ae_l10_k1,252,66.57540134545455,0.14782923240965884,259372.109375
kNN_dc_ae_l10_k1,253,66.64770191772728,0.15199643485928482,301748.34375
kNN_dc_ae_l10_k1,254,66.69631712272727,0.15479847908932004,206800.53125
kNN_dc_ae_l10_k1,255,66.69915260454546,0.15496190831826281,453802.25
kNN_dc_ae_l10_k1,256,66.84640655909091,0.16344921375457688,181318.234375
kNN_dc_ae_l10_k1,257,66.92138232272727,0.1677706067403678,154520.296875
kNN_dc_ae_l10_k1,258,67.1600262,0.1815253713113582,174890.40625
kNN_dc_ae_l10_k1,259,67.24224864545455,0.1862644427369615,373979.34375
kNN_dc_ae_l10_k1,260,67.33497136227273,0.19160872038946963,1705219.375
kNN_dc_ae_l10_k1,261,67.50431248636363,0.20136906840541843,303268.15625
kNN_dc_ae_l10_k1,262,67.65232870272727,0.20990030847760313,214481.9375
kNN_dc_ae_l10_k1,263,67.78208407272727,0.2173790445196429,217866.140625
kNN_dc_ae_l10_k1,264,67.84529925,0.2210225902524589,214803.75
kNN_dc_ae_l10_k1,265,67.89158320909091,0.22369026799883285,214704.421875
kNN_dc_ae_l10_k1,266,67.98637594090908,0.22915385551719142,249417.5625
kNN_dc_ae_l10_k1,267,68.0851692090909,0.234848022744816,262902.71875
kNN_dc_ae_l10_k1,268,68.12695885,0.23725666058115907,183971.828125
kNN_dc_ae_l10_k1,269,68.2302839,0.24321202701786718,340340.75
kNN_dc_ae_l10_k1,270,68.23565684545454,0.24352170854259156,236982.140625
kNN_dc_ae_l10_k1,271,68.26595938409092,0.24526826198284749,186295.59375
kNN_dc_ae_l10_k1,272,68.27114585318182,0.2455671955323495,321280.53125
kNN_dc_ae_l10_k1,273,68.32032611363637,0.24840180797589106,220303.71875
kNN_dc_ae_l10_k1,274,68.38830778636363,0.25232008115428434,366031.9375
kNN_dc_ae_l10_k1,275,68.41746199090909,0.2540004478343775,174755.59375
kNN_dc_ae_l10_k1,276,68.46063733181818,0.256488953536948,270122.53125
kNN_dc_ae_l10_k1,277,68.46664887727273,0.256835442176758,182224.640625
kNN_dc_ae_l10_k1,278,68.47213741363636,0.2571517860376766,416480.96875
kNN_dc_ae_l10_k1,279,68.93374281227273,0.283757428116166,247253.328125
kNN_dc_ae_l10_k1,280,69.04567613727274,0.29020895140944425,180748.875
kNN_dc_ae_l10_k1,281,69.05974111818182,0.2910196175086998,310176.40625
kNN_dc_ae_l10_k1,282,69.09219679545454,0.2928902718283501,285894.4375
kNN_dc_ae_l10_k1,283,69.09712682727273,0.29317442505181285,196988.84375
kNN_dc_ae_l10_k1,284,69.10091421363637,0.29339271939217726,218949.703125
kNN_dc_ae_l10_k1,285,69.10780212727273,0.2937897194390094,167492.65625
kNN_dc_ae_l10_k1,286,69.12065298636364,0.2945304069577943,254254.03125
kNN_dc_ae_l10_k1,287,69.18059698636364,0.2979854111961857,213743.078125
kNN_dc_ae_l10_k1,288,69.23367816363636,0.30104486155745686,350356.34375
kNN_dc_ae_l10_k1,289,69.2644266,0.3028171152936152,393814.75
kNN_dc_ae_l10_k1,290,69.35791935818182,0.30820577597320115,243270.40625
kNN_dc_ae_l10_k1,291,69.61843814545455,0.32322134907823014,253874.140625
kNN_dc_ae_l10_k1,292,69.80519480454545,0.33398547974530074,278328.40625
kNN_dc_ae_l10_k1,293,69.8553488,0.33687621554651076,289041.625
kNN_dc_ae_l10_k1,294,69.88728480909091,0.3387169176479122,484326.78125
kNN_dc_ae_l10_k1,295,69.97248817863637,0.3436278011876287,288410.96875
kNN_dc_ae_l10_k1,296,70.05721009181819,0.3485109349312532,258022.0
kNN_dc_ae_l10_k1,297,70.14929492727272,0.35381844688886305,241566.59375
kNN_dc_ae_l10_k1,298,70.15787111818182,0.35431275450831085,203932.71875
kNN_dc_ae_l10_k1,299,70.16147875909091,0.3545206888241977,345455.25
kNN_dc_ae_l10_k1,300,70.20511073181818,0.3570355135056018,372698.15625
kNN_dc_ae_l10_k1,301,70.32331571818182,0.3638485177910241,313057.9375
kNN_dc_ae_l10_k1,302,70.37705808636363,0.36694607734409634,452718.5
kNN_dc_ae_l10_k1,303,70.399005675,0.36821107487114013,281511.5625
kNN_dc_ae_l10_k1,304,70.50181075318181,0.37413647158884883,221139.625
kNN_dc_ae_l10_k1,305,70.6102672090909,0.38038759788750787,448305.6875
kNN_dc_ae_l10_k1,306,70.7436578590909,0.38807586128520843,233581.84375
kNN_dc_ae_l10_k1,307,70.83137117272727,0.39313141097119886,305987.375
kNN_dc_ae_l10_k1,308,70.8352099,0.39335266445774103,214298.328125
kNN_dc_ae_l10_k1,309,70.84563281363636,0.3939534120019492,324974.8125
kNN_dc_ae_l10_k1,310,70.86294127272727,0.394951023097624,192910.359375
kNN_dc_ae_l10_k1,311,70.88488886772727,0.3962160209914498,230366.03125
kNN_dc_ae_l10_k1,312,70.94146290454545,0.3994767899923458,182718.296875
kNN_dc_ae_l10_k1,313,71.03486937272727,0.4048604771580567,307564.46875
kNN_dc_ae_l10_k1,314,71.06114357272727,0.4063748484439294,196694.796875
kNN_dc_ae_l10_k1,315,71.16676672727273,0.41246267118893826,242147.53125
kNN_dc_ae_l10_k1,316,71.17873871818182,0.41315270320770386,495432.75
kNN_dc_ae_l10_k1,317,71.2066498259091,0.4147614212694939,224496.59375
kNN_dc_ae_l10_k1,318,71.25545576818182,0.4175744590616155,363942.0625
kNN_dc_ae_l10_k1,319,71.3174982909091,0.4211504162713988,280698.125
kNN_dc_ae_l10_k1,320,71.36296618181818,0.4237710581338302,163793.34375
kNN_dc_ae_l10_k1,321,71.46931471818182,0.4299006898548213,438076.15625
kNN_dc_ae_l10_k1,322,71.72297334090909,0.4445208622928842,239515.15625
kNN_dc_ae_l10_k1,323,71.90808025909091,0.45518990651538743,189008.46875
kNN_dc_ae_l10_k1,324,71.99829709090909,0.46038975197625187,188024.46875
kNN_dc_ae_l10_k1,325,72.09644175681818,0.46604653558581094,250185.3125
kNN_dc_ae_l10_k1,326,72.15469048045455,0.4694038288435938,361022.5625
kNN_dc_ae_l10_k1,327,72.16259906363636,0.4698596574238161,195941.09375
kNN_dc_ae_l10_k1,328,72.25012620454545,0.47490447663533314,214874.0
kNN_dc_ae_l10_k1,329,72.32991709090909,0.4795033998064825,331027.0625
kNN_dc_ae_l10_k1,330,72.3529890590909,0.4808332034207922,241633.875
kNN_dc_ae_l10_k1,331,72.35690482818183,0.48105889738191765,226546.3125
kNN_dc_ae_l10_k1,332,72.45495321363636,0.48671013165578725,194488.375
kNN_dc_ae_l10_k1,333,72.62635492727273,0.49658924628079065,211979.765625
kNN_dc_ae_l10_k1,334,72.63195748181819,0.49691216183031,144114.03125
kNN_dc_ae_l10_k1,335,72.83995069636363,0.5089003080636467,219145.90625
kNN_dc_ae_l10_k1,336,72.89617321363636,0.5121408164626576,232537.96875
kNN_dc_ae_l10_k1,337,73.03390340545455,0.5200791988943657,338929.0
kNN_dc_ae_l10_k1,338,73.11911989545455,0.5249908386603275,194614.28125
kNN_dc_ae_l10_k1,339,73.13833258181818,0.5260982040816745,232141.421875
kNN_dc_ae_l10_k1,340,73.33471177272727,0.5374169505270702,182113.65625
kNN_dc_ae_l10_k1,341,73.33981687045456,0.5377111940591194,239231.265625
kNN_dc_ae_l10_k1,342,73.39854528636364,0.541096135435736,194671.203125
kNN_dc_ae_l10_k1,343,73.41015931818183,0.5417655356952554,583880.0
kNN_dc_ae_l10_k1,344,73.44266513181819,0.5436390797344586,300486.5625
kNN_dc_ae_l10_k1,345,73.44619574090909,0.5438425741521346,242040.4375
kNN_dc_ae_l10_k1,346,73.46868897499999,0.5451390211546568,200045.859375
kNN_dc_ae_l10_k1,347,73.50964273636363,0.5474994812355564,283579.1875
kNN_dc_ae_l10_k1,348,73.53120189545454,0.548742090771711,283935.09375
kNN_dc_ae_l10_k1,349,73.63946159545455,0.5549818766109442,248154.5625
kNN_dc_ae_l10_k1,350,73.76844457272728,0.562416094099894,253957.1875
kNN_dc_ae_l10_k1,351,73.80118299272728,0.5643030449182952,228094.25
kNN_dc_ae_l10_k1,352,73.90576145,0.5703306542390226,387766.03125
kNN_dc_ae_l10_k1,353,73.96756481363637,0.5738928269887642,210011.765625
kNN_dc_ae_l10_k1,354,74.00717849454546,0.5761760485862414,323008.1875
kNN_dc_ae_l10_k1,355,74.01135728181818,0.5764169021785707,318621.8125
kNN_dc_ae_l10_k1,356,74.05095793636363,0.5786993729729389,219532.71875
kNN_dc_ae_l10_k1,357,74.05302495909092,0.5788185103725725,182051.15625
kNN_dc_ae_l10_k1,358,74.20412883636364,0.5875277145700669,300886.3125
kNN_dc_ae_l10_k1,359,74.32802774090909,0.5946689003490705,758272.25
kNN_dc_ae_l10_k1,360,74.38583995454546,0.5980010343932524,284930.15625
kNN_dc_ae_l10_k1,361,74.46433656818182,0.602525359310058,195207.78125
kNN_dc_ae_l10_k1,362,74.52572066363636,0.6060633666162982,249041.421875
kNN_dc_ae_l10_k1,363,74.86437946363637,0.625582711160682,540151.4375
kNN_dc_ae_l10_k1,364,74.89747095909091,0.6274900122592099,227156.734375
kNN_dc_ae_l10_k1,365,74.9084351090909,0.6281219551512479,281266.65625
kNN_dc_ae_l10_k1,366,75.02020153181819,0.634563858665071,219173.109375
kNN_dc_ae_l10_k1,367,75.04613550454546,0.6360586202040249,203399.375
kNN_dc_ae_l10_k1,368,75.04910765454545,0.6362299266041167,394817.875
kNN_dc_ae_l10_k1,369,75.04911406363637,0.6362302960061632,324022.46875
kNN_dc_ae_l10_k1,370,75.14242499545455,0.6416084767235004,189576.484375
kNN_dc_ae_l10_k1,371,75.14524949545454,0.6417712729912052,233941.671875
kNN_dc_ae_l10_k1,372,75.21942449545455,0.6460465122041826,245045.046875
kNN_dc_ae_l10_k1,373,75.2494860690909,0.6477791770968547,250623.609375
kNN_dc_ae_l10_k1,374,75.29101026818182,0.6501725156103826,300282.0625
kNN_dc_ae_l10_k1,375,75.30463428181818,0.6509577655913236,210095.09375
kNN_dc_ae_l10_k1,376,75.35053226363635,0.6536031966889378,337867.125
kNN_dc_ae_l10_k1,377,75.358434425,0.6540586551335503,148821.71875
kNN_dc_ae_l10_k1,378,75.4765098,0.6608641889830542,221692.15625
kNN_dc_ae_l10_k1,379,75.48288537727272,0.661231659397098,192990.59375
kNN_dc_ae_l10_k1,380,75.54217925454545,0.664649192382683,293314.46875
kNN_dc_ae_l10_k1,381,75.65154605454546,0.6709527883645888,309434.03125
kNN_dc_ae_l10_k1,382,75.68111334545455,0.672656964185499,364295.59375
kNN_dc_ae_l10_k1,383,75.77031593636364,0.677798351641565,222280.140625
kNN_dc_ae_l10_k1,384,75.78166525454546,0.6784524945486285,283982.4375
kNN_dc_ae_l10_k1,385,75.79512009954546,0.6792279941232632,237469.4375
kNN_dc_ae_l10_k1,386,75.84170493636363,0.6819130136189849,190184.40625
kNN_dc_ae_l10_k1,387,75.84312428636363,0.6819948209769487,215705.15625
kNN_dc_ae_l10_k1,388,76.02107943636364,0.6922516573157579,231455.46875
kNN_dc_ae_l10_k1,389,76.07231828181818,0.6952049208319687,229115.625
kNN_dc_ae_l10_k1,390,76.16321556363636,0.7004439855246826,260848.8125
kNN_dc_ae_l10_k1,391,76.19598609272727,0.7023327870211363,318858.375
kNN_dc_ae_l10_k1,392,76.26727722727273,0.7064418083079089,190688.5625
kNN_dc_ae_l10_k1,393,76.28929185454545,0.7077106697541566,292416.9375
kNN_dc_ae_l10_k1,394,76.28997104545455,0.707749816415534,207213.234375
kNN_dc_ae_l10_k1,395,76.32376224090909,0.7096974462619865,226677.125
kNN_dc_ae_l10_k1,396,76.35414479090909,0.7114486113331051,237377.015625
kNN_dc_ae_l10_k1,397,76.39021483181818,0.71352758744781,266047.1875
kNN_dc_ae_l10_k1,398,76.45241142272727,0.7171124247159999,220803.34375
kNN_dc_ae_l10_k1,399,76.51437691681818,0.7206839422109638,202931.109375
kNN_dc_ae_l10_k1,400,76.5471795409091,0.7225745935733101,240548.015625
kNN_dc_ae_l10_k1,401,76.59774437272728,0.7254890088316404,244702.78125
kNN_dc_ae_l10_k1,402,76.63823088636364,0.7278225380624447,160245.40625
kNN_dc_ae_l10_k1,403,76.64452179545455,0.7281851284396704,273651.40625
kNN_dc_ae_l10_k1,404,76.67493643727272,0.7299381431932893,165638.859375
kNN_dc_ae_l10_k1,405,76.67586082272727,0.7299914221814013,337954.8125
kNN_dc_ae_l10_k1,406,76.81212329090908,0.7378452091342544,444059.21875
kNN_dc_ae_l10_k1,407,76.90558185454546,0.7432318989360301,304035.03125
kNN_dc_ae_l10_k1,408,76.91644974545454,0.7438582937237196,327417.25
kNN_dc_ae_l10_k1,409,76.98329391227273,0.7477110042480184,173241.0
kNN_dc_ae_l10_k1,410,77.11547369545454,0.7553294766743298,216209.5625
kNN_dc_ae_l10_k1,411,77.14402031818182,0.7569748240404465,225577.609375
kNN_dc_ae_l10_k1,412,77.17084656363636,0.7585210136798696,179723.34375
kNN_dc_ae_l10_k1,413,77.25877326818183,0.7635888626200866,350243.96875
kNN_dc_ae_l10_k1,414,77.34552212272727,0.7685888235858233,154594.53125
kNN_dc_ae_l10_k1,415,77.52582683636363,0.7789810821907805,210327.953125
kNN_dc_ae_l10_k1,416,77.65479755863636,0.7864145933358604,457731.875
kNN_dc_ae_l10_k1,417,77.69959142727272,0.7889963864426363,280239.3125
kNN_dc_ae_l10_k1,418,77.72501827727272,0.7904619188481973,165902.09375
kNN_dc_ae_l10_k1,419,77.83570625,0.7968416635250904,382364.53125
kNN_dc_ae_l10_k1,420,77.9733424409091,0.8047746280077235,224471.15625
kNN_dc_ae_l10_k1,421,78.0566007590909,0.8095734042355274,216060.625
kNN_dc_ae_l10_k1,422,78.20425748181819,0.818083924101565,226710.15625
kNN_dc_ae_l10_k1,423,78.23482706363636,0.8198458691627494,167897.625
kNN_dc_ae_l10_k1,424,78.25971381363637,0.8212802717172971,257386.859375
kNN_dc_ae_l10_k1,425,78.3483194,0.8263872495037559,182849.28125
kNN_dc_ae_l10_k1,426,78.4185978909091,0.8304379048480556,157594.75
kNN_dc_ae_l10_k1,427,78.53980069090909,0.837423694713678,227419.40625
kNN_dc_ae_l10_k1,428,78.54177141363635,0.8375372816510761,236936.796875
kNN_dc_ae_l10_k1,429,78.57485005,0.8394438415876266,221076.03125
kNN_dc_ae_l10_k1,430,78.5853263609091,0.8400476668010531,189612.59375
kNN_dc_ae_l10_k1,431,78.61859467727272,0.8419651593614511,289743.53125
kNN_dc_ae_l10_k1,432,78.63007529545455,0.8426268700327033,463235.5625
kNN_dc_ae_l10_k1,433,78.86957993181818,0.8564312463464417,310724.84375
kNN_dc_ae_l10_k1,434,79.22077921818182,0.8766733893950602,198953.375
kNN_dc_ae_l10_k1,435,79.25695136818182,0.8787582507917258,292193.5
kNN_dc_ae_l10_k1,436,79.28284742727273,0.8802508270948876,263974.84375
kNN_dc_ae_l10_k1,437,79.36729972727272,0.8851184210899811,231387.28125
kNN_dc_ae_l10_k1,438,79.46781420454546,0.8909117939879693,690646.75
kNN_dc_ae_l10_k1,439,79.51125251363636,0.8934154564398847,270064.46875
kNN_dc_ae_l10_k1,440,79.62850745318183,0.9001737026880812,206594.96875
kNN_dc_ae_l10_k1,441,79.6499864090909,0.9014116895375086,199603.78125
kNN_dc_ae_l10_k1,442,79.75645692727272,0.9075483519487911,195320.640625
kNN_dc_ae_l10_k1,443,79.91532173636364,0.9167048745155257,262178.34375
kNN_dc_ae_l10_k1,444,79.94757872272727,0.9185640768477706,206981.90625
kNN_dc_ae_l10_k1,445,80.02392345454545,0.9229643733246603,268411.875
kNN_dc_ae_l10_k1,446,80.13685939999999,0.9294736848522888,241690.96875
kNN_dc_ae_l10_k1,447,80.28660759545454,0.9381047513474663,395881.9375
kNN_dc_ae_l10_k1,448,80.40461357272727,0.9449062853063745,318418.0625
kNN_dc_ae_l10_k1,449,80.43965011363636,0.9469256933762311,363093.21875
kNN_dc_ae_l10_k1,450,80.56802326363636,0.954324762129495,384532.15625
kNN_dc_ae_l10_k1,451,80.69563893636364,0.9616801720146861,200877.25
kNN_dc_ae_l10_k1,452,80.83871870454546,0.9699268890421825,419697.53125
kNN_dc_ae_l10_k1,453,80.88731798181819,0.9727280152426367,236900.5625
kNN_dc_ae_l10_k1,454,80.98601989090909,0.9784169167881859,274346.875
kNN_dc_ae_l10_k1,455,81.02786977272727,0.9808290267417757,236628.625
kNN_dc_ae_l10_k1,456,81.46314962272727,1.0059173379428359,276073.78125
kNN_dc_ae_l10_k1,457,81.49191450454545,1.0075752651515413,241518.25
kNN_dc_ae_l10_k1,458,81.53910919545454,1.0102954349286748,207103.78125
kNN_dc_ae_l10_k1,459,81.65584415909092,1.0170237112220841,477437.3125
kNN_dc_ae_l10_k1,460,81.66778405000001,1.017711893086772,262537.5
kNN_dc_ae_l10_k1,461,82.0783984909091,1.0413785592032403,341186.1875
kNN_dc_ae_l10_k1,462,82.11143467727273,1.0432826724407058,171400.015625
kNN_dc_ae_l10_k1,463,82.15394328181819,1.0457327493270108,321085.4375
kNN_dc_ae_l10_k1,464,82.87086985,1.0870543883848574,212521.15625
kNN_dc_ae_l10_k1,465,83.04785639090909,1.0972553968090384,245665.09375
kNN_dc_ae_l10_k1,466,83.2706767,1.1100981352367167,217787.765625
kNN_dc_ae_l10_k1,467,83.28013232272727,1.1106431308426048,252079.40625
kNN_dc_ae_l10_k1,468,83.32162666818182,1.113034748676162,179140.140625
kNN_dc_ae_l10_k1,469,83.35334443181819,1.1148628717209361,251093.390625
kNN_dc_ae_l10_k1,470,83.45792123636365,1.1208903857830939,217479.125
kNN_dc_ae_l10_k1,471,84.18152392727274,1.1625968178530641,206397.421875
kNN_dc_ae_l10_k1,472,84.62887205909091,1.188380711011149,177242.640625
kNN_dc_ae_l10_k1,473,85.11071750454545,1.2161529326896323,156628.171875
kNN_dc_ae_l10_k1,474,85.12217595454545,1.2168133656489846,194886.015625
kNN_dc_ae_l10_k1,475,85.54109655454546,1.2409587755073437,176036.65625
kNN_dc_ae_l10_k1,476,85.8163718359091,1.256824871594287,816347.125
kNN_dc_ae_l10_k1,477,86.0069106,1.2678069921987163,550055.25
kNN_dc_ae_l10_k1,478,86.07828567272726,1.2719208514471514,253510.765625
kNN_dc_ae_l10_k1,479,86.46879091363637,1.2944284796076844,178856.59375
kNN_dc_ae_l10_k1,480,87.81027129545454,1.371747650915916,326649.5625
kNN_dc_ae_l10_k5,1,10.383351573636363,-3.0909231051976005,244213.203125
kNN_dc_ae_l10_k5,2,11.237612673636363,-3.0416858884420805,376911.34375
kNN_dc_ae_l10_k5,3,12.873956289545454,-2.9473716263235947,726576.3125
kNN_dc_ae_l10_k5,4,13.852077771363637,-2.8909954441311574,220227.171875
kNN_dc_ae_l10_k5,5,14.772021149545454,-2.8379724848575316,220384.28125
kNN_dc_ae_l10_k5,6,15.774696462272727,-2.780181088634338,698231.1875
kNN_dc_ae_l10_k5,7,16.11136225,-2.760776615734313,330479.34375
kNN_dc_ae_l10_k5,8,16.718538883636366,-2.7257806554602935,237222.53125
kNN_dc_ae_l10_k5,9,16.83383592,-2.719135257266808,191665.25
kNN_dc_ae_l10_k5,10,16.977602550909094,-2.710848951395825,186438.84375
kNN_dc_ae_l10_k5,11,17.128398308636363,-2.702157506345793,333426.0625
kNN_dc_ae_l10_k5,12,17.49981897681818,-2.680749859495494,283561.59375
kNN_dc_ae_l10_k5,13,18.01987185318182,-2.650775468530193,242645.453125
kNN_dc_ae_l10_k5,14,18.22368484818182,-2.639028258441373,431981.5
kNN_dc_ae_l10_k5,15,18.40435578590909,-2.628614891705722,268946.34375
kNN_dc_ae_l10_k5,16,18.964998386363636,-2.5963010227481416,243561.40625
kNN_dc_ae_l10_k5,17,19.531784013636365,-2.563633086933271,185080.125
kNN_dc_ae_l10_k5,18,21.457911477272727,-2.4526164956056054,309562.65625
kNN_dc_ae_l10_k5,19,22.164942098181818,-2.411865231226962,221821.453125
kNN_dc_ae_l10_k5,20,22.207954510454545,-2.4093861162745784,447900.25
kNN_dc_ae_l10_k5,21,22.336504287727273,-2.401976867220102,198583.328125
kNN_dc_ae_l10_k5,22,22.775860404545455,-2.376653611418521,229574.921875
kNN_dc_ae_l10_k5,23,23.03693973772727,-2.361605730017554,223919.5
kNN_dc_ae_l10_k5,24,23.073138160909092,-2.359519354308287,253726.15625
kNN_dc_ae_l10_k5,25,23.859046570909094,-2.314221795127428,488277.1875
kNN_dc_ae_l10_k5,26,24.108436355454547,-2.299847666563835,216869.421875
kNN_dc_ae_l10_k5,27,24.136628927727273,-2.2982227256741137,202916.625
kNN_dc_ae_l10_k5,28,24.706419758636365,-2.2653815783401448,306322.8125
kNN_dc_ae_l10_k5,29,25.160939161363636,-2.2391843532157982,268948.40625
kNN_dc_ae_l10_k5,30,25.272293834545454,-2.2327661817923388,168445.25
kNN_dc_ae_l10_k5,31,25.739496508636364,-2.205837928436342,280115.4375
kNN_dc_ae_l10_k5,32,26.08368123090909,-2.1860000852119685,239165.421875
kNN_dc_ae_l10_k5,33,26.26193154681818,-2.175726236337011,216834.453125
kNN_dc_ae_l10_k5,34,26.29922768272727,-2.1735765915411758,236207.953125
kNN_dc_ae_l10_k5,35,26.647243233181822,-2.153517950111732,785254.375
kNN_dc_ae_l10_k5,36,26.80277036,-2.144553802201322,204488.515625
kNN_dc_ae_l10_k5,37,27.710613355454544,-2.0922282750911965,400156.8125
kNN_dc_ae_l10_k5,38,27.723830698181818,-2.0914664644822447,273526.375
kNN_dc_ae_l10_k5,39,27.94224735681818,-2.078877540130785,211308.203125
kNN_dc_ae_l10_k5,40,28.008295531363636,-2.0750707083712667,194090.21875
kNN_dc_ae_l10_k5,41,28.427649107272728,-2.0509003429944066,262676.375
kNN_dc_ae_l10_k5,42,28.610673086363636,-2.0403513535461495,272844.84375
kNN_dc_ae_l10_k5,43,28.864666542727274,-2.0257118822352584,254484.5
kNN_dc_ae_l10_k5,44,28.872480873181818,-2.0252614861182057,247387.453125
kNN_dc_ae_l10_k5,45,29.867093540909092,-1.9679347981668596,911202.6875
kNN_dc_ae_l10_k5,46,30.946254809545454,-1.9057349657057894,186606.1875
kNN_dc_ae_l10_k5,47,31.113843444545456,-1.8960756262517786,273059.1875
kNN_dc_ae_l10_k5,48,31.75240744409091,-1.8592705861324392,181530.03125
kNN_dc_ae_l10_k5,49,31.962474827272725,-1.8471628906292867,183293.78125
kNN_dc_ae_l10_k5,50,32.10326235227273,-1.8390482920775113,229815.625
kNN_dc_ae_l10_k5,51,32.57260997909091,-1.8119964096549876,222408.5
kNN_dc_ae_l10_k5,52,33.29309288772727,-1.770469793095747,192318.296875
kNN_dc_ae_l10_k5,53,33.63066458409091,-1.751013106159651,244297.40625
kNN_dc_ae_l10_k5,54,33.94931614045454,-1.7326469230920152,185835.640625
kNN_dc_ae_l10_k5,55,34.254768114545456,-1.7150415269704833,267897.1875
kNN_dc_ae_l10_k5,56,35.01583384090909,-1.6711758304824154,226309.875
kNN_dc_ae_l10_k5,57,35.61844186090909,-1.6364431923003018,280856.1875
kNN_dc_ae_l10_k5,58,36.50372615909091,-1.5854178853071164,287882.9375
kNN_dc_ae_l10_k5,59,36.74721518909091,-1.5713838597056917,309696.0
kNN_dc_ae_l10_k5,60,37.183868766818186,-1.5462163706866658,282525.3125
kNN_dc_ae_l10_k5,61,37.586910895,-1.5229861514634166,184916.46875
kNN_dc_ae_l10_k5,62,37.90925234181818,-1.504407293446501,195815.78125
kNN_dc_ae_l10_k5,63,39.159607152727276,-1.4323403447746748,318715.15625
kNN_dc_ae_l10_k5,64,39.16116855045455,-1.4322503501836308,348550.3125
kNN_dc_ae_l10_k5,65,39.50363207727273,-1.4125117118436592,250181.328125
kNN_dc_ae_l10_k5,66,39.72578294681818,-1.3997075580360745,239031.453125
kNN_dc_ae_l10_k5,67,40.10658689318182,-1.3777590853168278,238418.578125
kNN_dc_ae_l10_k5,68,40.511631334545456,-1.3544134583708745,270736.875
kNN_dc_ae_l10_k5,69,41.22542756590909,-1.3132722431581907,257661.375
kNN_dc_ae_l10_k5,70,41.450596035,-1.3002941633660317,201032.84375
kNN_dc_ae_l10_k5,71,41.606778884545456,-1.2912922214345022,190594.84375
kNN_dc_ae_l10_k5,72,41.74143011090909,-1.283531301946464,256618.09375
kNN_dc_ae_l10_k5,73,42.27668356454546,-1.2526807922886625,199586.03125
kNN_dc_ae_l10_k5,74,42.349748590454546,-1.2484695288729066,240071.046875
kNN_dc_ae_l10_k5,75,42.93479045136364,-1.2147493548925703,348629.28125
kNN_dc_ae_l10_k5,76,42.999259720454546,-1.2110335268204517,258209.671875
kNN_dc_ae_l10_k5,77,43.14833512181818,-1.2024412382919711,224634.96875
kNN_dc_ae_l10_k5,78,43.849900354999995,-1.1620049835516937,272547.46875
kNN_dc_ae_l10_k5,79,44.24228326,-1.1393891320928766,182300.03125
kNN_dc_ae_l10_k5,80,44.68483293727273,-1.113881808412842,400778.84375
kNN_dc_ae_l10_k5,81,45.014271393181815,-1.0948938986728347,230171.75
kNN_dc_ae_l10_k5,82,45.044897863636365,-1.0931286747100122,508713.4375
kNN_dc_ae_l10_k5,83,45.242849799999995,-1.0817192796223616,202852.734375
kNN_dc_ae_l10_k5,84,45.34376912590909,-1.0759025723830795,218558.09375
kNN_dc_ae_l10_k5,85,45.44974382363636,-1.0697944876738517,231900.453125
kNN_dc_ae_l10_k5,86,45.87703164136364,-1.0451668148248472,193801.03125
kNN_dc_ae_l10_k5,87,46.05975058136364,-1.0346354069752812,262662.40625
kNN_dc_ae_l10_k5,88,46.3385215,-1.0185678321482947,284961.0625
kNN_dc_ae_l10_k5,89,46.461104443636366,-1.0115024946696791,186921.71875
kNN_dc_ae_l10_k5,90,46.55172569545454,-1.00627933957292,236824.84375
kNN_dc_ae_l10_k5,91,46.63784059272727,-1.0013159181284732,198047.734375
kNN_dc_ae_l10_k5,92,46.92503363227272,-0.9847629158452418,223809.078125
kNN_dc_ae_l10_k5,93,46.98420985,-0.9813521644262555,216531.15625
kNN_dc_ae_l10_k5,94,47.05894020545455,-0.9770449160806003,216280.78125
kNN_dc_ae_l10_k5,95,47.18393024863636,-0.9698408401272126,311918.3125
kNN_dc_ae_l10_k5,96,47.45620903181818,-0.9541474538013544,206368.578125
kNN_dc_ae_l10_k5,97,47.57944400681818,-0.9470445350614799,199259.78125
kNN_dc_ae_l10_k5,98,47.68605184090909,-0.9408999581458618,189984.515625
kNN_dc_ae_l10_k5,99,47.85413733318182,-0.9312119812305011,437833.59375
kNN_dc_ae_l10_k5,100,47.997159330454544,-0.9229685939563709,267125.15625
kNN_dc_ae_l10_k5,101,48.745656067727275,-0.8798273387898924,267471.0625
kNN_dc_ae_l10_k5,102,48.974869975454546,-0.8666160912472533,204378.84375
kNN_dc_ae_l10_k5,103,49.269933079999994,-0.8496094804638982,248192.21875
kNN_dc_ae_l10_k5,104,49.50143869090909,-0.8362661455696251,183008.953125
kNN_dc_ae_l10_k5,105,50.02686477227273,-0.8059820581201266,228470.5
kNN_dc_ae_l10_k5,106,50.24467801363637,-0.793427913049909,252996.046875
kNN_dc_ae_l10_k5,107,50.26601576545454,-0.7921980648087251,241700.421875
kNN_dc_ae_l10_k5,108,50.287720933636365,-0.7909470397175866,244715.40625
kNN_dc_ae_l10_k5,109,50.397065763181814,-0.7846447100511362,261812.625
kNN_dc_ae_l10_k5,110,50.44004938636363,-0.782167254421305,377315.625
kNN_dc_ae_l10_k5,111,50.53053583909091,-0.7769518687665316,200811.890625
kNN_dc_ae_l10_k5,112,50.744067415454545,-0.7646445068726515,268398.28125
kNN_dc_ae_l10_k5,113,50.877768575909094,-0.756938346522186,213079.421875
kNN_dc_ae_l10_k5,114,50.952142585000004,-0.7526516369826949,328746.34375
kNN_dc_ae_l10_k5,115,51.255980857727266,-0.7351392500872892,211199.796875
kNN_dc_ae_l10_k5,116,51.47010300409091,-0.7227978493929772,270756.90625
kNN_dc_ae_l10_k5,117,51.48649149727273,-0.7218532625551946,288427.34375
kNN_dc_ae_l10_k5,118,51.49088870772727,-0.7215998196625357,236849.828125
kNN_dc_ae_l10_k5,119,51.669473619090915,-0.7113066856428819,236819.5
kNN_dc_ae_l10_k5,120,51.78909724363636,-0.7044119150267025,486710.9375
kNN_dc_ae_l10_k5,121,51.85205774272727,-0.7007830482308545,205902.21875
kNN_dc_ae_l10_k5,122,51.87800455454545,-0.699287546682667,296108.65625
kNN_dc_ae_l10_k5,123,51.92553946363636,-0.6965477676825893,357785.9375
kNN_dc_ae_l10_k5,124,52.00039339090909,-0.6922333970034971,266682.40625
kNN_dc_ae_l10_k5,125,52.126720309090906,-0.6849522673201076,242021.953125
kNN_dc_ae_l10_k5,126,52.30133809090909,-0.6748877875343021,279264.59375
kNN_dc_ae_l10_k5,127,52.82782977227273,-0.6445422818858776,289102.0
kNN_dc_ae_l10_k5,128,52.94948191,-0.637530593452388,245855.71875
kNN_dc_ae_l10_k5,129,52.977303153181815,-0.6359270549312603,278317.09375
kNN_dc_ae_l10_k5,130,53.02329102272727,-0.6332764429568486,419103.3125
kNN_dc_ae_l10_k5,131,53.11169118954546,-0.6281813049775454,198283.671875
kNN_dc_ae_l10_k5,132,53.15595768772727,-0.6256299080264427,252361.28125
kNN_dc_ae_l10_k5,133,53.19575964181818,-0.6233358348901765,209175.65625
kNN_dc_ae_l10_k5,134,53.738266159999995,-0.5920672789100433,412663.71875
kNN_dc_ae_l10_k5,135,54.35688324090909,-0.5564119233034402,221857.578125
kNN_dc_ae_l10_k5,136,54.43010616227273,-0.5521915592359978,236859.46875
kNN_dc_ae_l10_k5,137,54.51598353272727,-0.5472418281719658,364303.875
kNN_dc_ae_l10_k5,138,54.63723127590909,-0.5402534479072425,296883.875
kNN_dc_ae_l10_k5,139,54.68535675181818,-0.5374796302901245,241937.21875
kNN_dc_ae_l10_k5,140,54.72388539863636,-0.5352589470181324,303830.8125
kNN_dc_ae_l10_k5,141,55.23867115454546,-0.5055881381210048,217532.953125
kNN_dc_ae_l10_k5,142,55.2775563909091,-0.5033469020265294,324687.53125
kNN_dc_ae_l10_k5,143,55.699695931818184,-0.47901596143141617,264746.78125
kNN_dc_ae_l10_k5,144,55.80372709545455,-0.4730198965827504,282351.84375
kNN_dc_ae_l10_k5,145,55.82518654818182,-0.4717830338420878,273931.25
kNN_dc_ae_l10_k5,146,56.236087309090905,-0.4480998650428898,241982.78125
kNN_dc_ae_l10_k5,147,56.34353036818182,-0.44190714809799403,224598.375
kNN_dc_ae_l10_k5,148,56.343846956363635,-0.44188890084205507,196924.6875
kNN_dc_ae_l10_k5,149,56.418747340909086,-0.4375718524959041,188600.78125
kNN_dc_ae_l10_k5,150,56.4284854,-0.43701057804920695,380546.34375
kNN_dc_ae_l10_k5,151,56.43083487727272,-0.4368751607608167,338671.96875
kNN_dc_ae_l10_k5,152,56.73676582727273,-0.41924215780964386,280460.15625
kNN_dc_ae_l10_k5,153,56.80215198181818,-0.415473483028404,1014530.6875
kNN_dc_ae_l10_k5,154,56.838491672272724,-0.41337896506927063,205146.359375
kNN_dc_ae_l10_k5,155,56.87784920000001,-0.4111105074236286,331453.8125
kNN_dc_ae_l10_k5,156,56.88495511818182,-0.41070094220549447,214593.875
kNN_dc_ae_l10_k5,157,56.89427865,-0.4101635599495794,162491.078125
kNN_dc_ae_l10_k5,158,57.014437336363635,-0.4032379498690725,256855.34375
kNN_dc_ae_l10_k5,159,57.01605029863636,-0.40314498324207687,265979.15625
kNN_dc_ae_l10_k5,160,57.06027285454545,-0.40059611900047776,264278.90625
kNN_dc_ae_l10_k5,161,57.08577673045454,-0.3991261470372903,316853.875
kNN_dc_ae_l10_k5,162,57.165035822727276,-0.39455787498782163,287738.09375
kNN_dc_ae_l10_k5,163,57.30280682363637,-0.386617140434433,247609.296875
kNN_dc_ae_l10_k5,164,57.552973348181816,-0.3721982427531278,190861.03125
kNN_dc_ae_l10_k5,165,57.715692645,-0.3628195583114009,208360.328125
kNN_dc_ae_l10_k5,166,57.94736867727273,-0.34946640080713065,284150.1875
kNN_dc_ae_l10_k5,167,58.01582408181818,-0.3455208230538053,356699.1875
kNN_dc_ae_l10_k5,168,58.14704098045454,-0.33795784859535755,188885.703125
kNN_dc_ae_l10_k5,169,58.40466673181818,-0.32310902197584374,336393.625
kNN_dc_ae_l10_k5,170,58.48494007,-0.3184822916333907,230393.75
kNN_dc_ae_l10_k5,171,58.90741873181818,-0.2941318050590592,249687.875
kNN_dc_ae_l10_k5,172,58.92814133636364,-0.29293741218345776,212425.578125
kNN_dc_ae_l10_k5,173,58.959711454090915,-0.29111779903528184,217274.171875
kNN_dc_ae_l10_k5,174,59.080638213636355,-0.2841479193681854,360225.34375
kNN_dc_ae_l10_k5,175,59.15176404636364,-0.2800484256151513,241118.0
kNN_dc_ae_l10_k5,176,59.165360129545455,-0.27926478546736844,182365.796875
kNN_dc_ae_l10_k5,177,59.343238913181814,-0.26901235067183393,169288.453125
kNN_dc_ae_l10_k5,178,59.52943686818182,-0.2582804221434605,301469.46875
kNN_dc_ae_l10_k5,179,59.53394987363636,-0.2580203051513792,456170.09375
kNN_dc_ae_l10_k5,180,59.61907620909091,-0.2531138616408659,278430.15625
kNN_dc_ae_l10_k5,181,59.64024705,-0.25189363367691286,266165.8125
kNN_dc_ae_l10_k5,182,59.81487126545455,-0.2418287830743299,559766.125
kNN_dc_ae_l10_k5,183,59.821444613636366,-0.241449913699103,256834.046875
kNN_dc_ae_l10_k5,184,59.82249576181818,-0.241389328462493,213789.03125
kNN_dc_ae_l10_k5,185,60.13491826227273,-0.22338217072795283,573961.0
kNN_dc_ae_l10_k5,186,60.66603184545455,-0.19277027160609897,212554.296875
kNN_dc_ae_l10_k5,187,60.91525143409091,-0.1784059526579342,428600.40625
kNN_dc_ae_l10_k5,188,60.98922430909091,-0.17414236336374334,244530.625
kNN_dc_ae_l10_k5,189,61.15445065909091,-0.16461917939964438,210497.703125
kNN_dc_ae_l10_k5,190,61.257236485,-0.15869489232900422,326007.25
kNN_dc_ae_l10_k5,191,61.38288141818182,-0.1514530703505647,222180.546875
kNN_dc_ae_l10_k5,192,61.41676890772727,-0.14949989038246164,251107.921875
kNN_dc_ae_l10_k5,193,61.450913154545454,-0.1475319116444142,258357.703125
kNN_dc_ae_l10_k5,194,61.557454278181815,-0.14139117973251966,345040.65625
kNN_dc_ae_l10_k5,195,61.612018317727276,-0.1382462613438015,251211.078125
kNN_dc_ae_l10_k5,196,61.66026577136363,-0.13546541327218128,412233.40625
kNN_dc_ae_l10_k5,197,61.784896459090916,-0.12828204956052722,263970.28125
kNN_dc_ae_l10_k5,198,61.80260090454545,-0.12726161492013313,335515.1875
kNN_dc_ae_l10_k5,199,62.04634134636364,-0.11321309864578996,340511.96875
kNN_dc_ae_l10_k5,200,62.140166177272725,-0.1078052982244427,238180.90625
kNN_dc_ae_l10_k5,201,62.30800517363637,-0.0981315286427709,899433.0
kNN_dc_ae_l10_k5,202,62.48285368636363,-0.08805375017371433,259818.15625
kNN_dc_ae_l10_k5,203,62.50087945,-0.08701479565343062,254792.34375
kNN_dc_ae_l10_k5,204,62.515273900000004,-0.08618513987871876,221547.5
kNN_dc_ae_l10_k5,205,62.56153540454545,-0.08351875634944335,208909.9375
kNN_dc_ae_l10_k5,206,62.62842450590909,-0.07966345592382028,287741.65625
kNN_dc_ae_l10_k5,207,62.64787497272727,-0.07854238550316901,201280.796875
kNN_dc_ae_l10_k5,208,62.80573838590909,-0.06944358059141646,280361.0625
kNN_dc_ae_l10_k5,209,62.831736559090906,-0.06794511871810778,234467.71875
kNN_dc_ae_l10_k5,210,63.033077886363635,-0.05634036863318487,767574.0
kNN_dc_ae_l10_k5,211,63.2958711590909,-0.041193700558090865,223287.953125
kNN_dc_ae_l10_k5,212,63.30556153181818,-0.04063517461980955,263839.03125
kNN_dc_ae_l10_k5,213,63.451246159090914,-0.0322383208113255,320642.25
kNN_dc_ae_l10_k5,214,63.51674641363636,-0.02846306962571502,264843.8125
kNN_dc_ae_l10_k5,215,63.52993807136364,-0.027702739428211564,203680.21875
kNN_dc_ae_l10_k5,216,63.601648069090906,-0.02356957604100441,189413.453125
kNN_dc_ae_l10_k5,217,63.632569839545454,-0.021787331813408223,285943.09375
kNN_dc_ae_l10_k5,218,63.65115097727273,-0.02071636708629849,293160.0625
kNN_dc_ae_l10_k5,219,63.71100458181818,-0.017266572988681755,231149.40625
kNN_dc_ae_l10_k5,220,63.89873966363636,-0.006446048776474242,201482.921875
kNN_dc_ae_l10_k5,221,63.92419218818182,-0.004979036562035517,190226.28125
kNN_dc_ae_l10_k5,222,63.96103896818182,-0.002855291382016408,281052.0625
kNN_dc_ae_l10_k5,223,63.99746849090909,-0.0007555957423308915,434913.15625
kNN_dc_ae_l10_k5,224,64.02118780454545,0.000611519050564863,290857.03125
kNN_dc_ae_l10_k5,225,64.02835174090909,0.0010244282741725598,193241.015625
kNN_dc_ae_l10_k5,226,64.1043883409091,0.005406964896234798,390824.75
kNN_dc_ae_l10_k5,227,64.15682117727273,0.008429046703709133,215440.0
kNN_dc_ae_l10_k5,228,64.23845857272727,0.01313439748621699,340987.4375
kNN_dc_ae_l10_k5,229,64.25370258636363,0.014013019729039077,236924.046875
kNN_dc_ae_l10_k5,230,64.32671434181817,0.01822121278502206,319623.875
kNN_dc_ae_l10_k5,231,64.40631527727272,0.022809187717882526,231029.65625
kNN_dc_ae_l10_k5,232,64.56676404090909,0.032057004987472486,457443.25
kNN_dc_ae_l10_k5,233,64.70266141363636,0.0398897488610707,250601.46875
kNN_dc_ae_l10_k5,234,64.83579067045456,0.047562946288015,354118.8125
kNN_dc_ae_l10_k5,235,64.88276691590909,0.05027052548108044,404428.15625
kNN_dc_ae_l10_k5,236,64.91428311818181,0.05208703109348984,235779.625
kNN_dc_ae_l10_k5,237,64.99876317727272,0.056956225044821694,394205.71875
kNN_dc_ae_l10_k5,238,65.11283459954545,0.06353098227543044,332592.375
kNN_dc_ae_l10_k5,239,65.12859398045454,0.06443930884414997,223066.671875
kNN_dc_ae_l10_k5,240,65.15700578272727,0.06607688553694015,201936.90625
kNN_dc_ae_l10_k5,241,65.26560826818182,0.07233642856952589,257125.921875
kNN_dc_ae_l10_k5,242,65.49862164545455,0.08576666689328061,312085.9375
kNN_dc_ae_l10_k5,243,65.58085287863636,0.09050624481886647,210824.5
kNN_dc_ae_l10_k5,244,65.74797291818182,0.10013857574355729,244553.84375
kNN_dc_ae_l10_k5,245,65.77319434545456,0.10159226815857124,244243.84375
kNN_dc_ae_l10_k5,246,65.79643795909091,0.10293196493604907,216973.328125
kNN_dc_ae_l10_k5,247,65.90152255454545,0.10898874664372764,291310.59375
kNN_dc_ae_l10_k5,248,66.06104215454546,0.11818300952419154,282015.375
kNN_dc_ae_l10_k5,249,66.34667021363636,0.13464581071801482,297930.25
kNN_dc_ae_l10_k5,250,66.41367993636364,0.13850806342114064,215538.203125
kNN_dc_ae_l10_k5,251,66.49486482500001,0.14318733297826053,369758.625
kNN_dc_ae_l10_k5,252,66.57540134545455,0.14782923240965884,286303.4375
kNN_dc_ae_l10_k5,253,66.64770191772728,0.15199643485928482,321610.90625
kNN_dc_ae_l10_k5,254,66.69631712272727,0.15479847908932004,212457.0
kNN_dc_ae_l10_k5,255,66.69915260454546,0.15496190831826281,479798.09375
kNN_dc_ae_l10_k5,256,66.84640655909091,0.16344921375457688,210905.53125
kNN_dc_ae_l10_k5,257,66.92138232272727,0.1677706067403678,179419.75
kNN_dc_ae_l10_k5,258,67.1600262,0.1815253713113582,198356.109375
kNN_dc_ae_l10_k5,259,67.24224864545455,0.1862644427369615,384258.40625
kNN_dc_ae_l10_k5,260,67.33497136227273,0.19160872038946963,1856156.75
kNN_dc_ae_l10_k5,261,67.50431248636363,0.20136906840541843,311843.5625
kNN_dc_ae_l10_k5,262,67.65232870272727,0.20990030847760313,245949.09375
kNN_dc_ae_l10_k5,263,67.78208407272727,0.2173790445196429,225176.296875
kNN_dc_ae_l10_k5,264,67.84529925,0.2210225902524589,227635.328125
kNN_dc_ae_l10_k5,265,67.89158320909091,0.22369026799883285,244435.90625
kNN_dc_ae_l10_k5,266,67.98637594090908,0.22915385551719142,256258.578125
kNN_dc_ae_l10_k5,267,68.0851692090909,0.234848022744816,282698.0625
kNN_dc_ae_l10_k5,268,68.12695885,0.23725666058115907,202113.65625
kNN_dc_ae_l10_k5,269,68.2302839,0.24321202701786718,370884.25
kNN_dc_ae_l10_k5,270,68.23565684545454,0.24352170854259156,248064.15625
kNN_dc_ae_l10_k5,271,68.26595938409092,0.24526826198284749,189814.453125
kNN_dc_ae_l10_k5,272,68.27114585318182,0.2455671955323495,333287.40625
kNN_dc_ae_l10_k5,273,68.32032611363637,0.24840180797589106,254474.28125
kNN_dc_ae_l10_k5,274,68.38830778636363,0.25232008115428434,398159.90625
kNN_dc_ae_l10_k5,275,68.41746199090909,0.2540004478343775,222592.78125
kNN_dc_ae_l10_k5,276,68.46063733181818,0.256488953536948,278397.375
kNN_dc_ae_l10_k5,277,68.46664887727273,0.256835442176758,204532.40625
kNN_dc_ae_l10_k5,278,68.47213741363636,0.2571517860376766,419983.15625
kNN_dc_ae_l10_k5,279,68.93374281227273,0.283757428116166,253641.921875
kNN_dc_ae_l10_k5,280,69.04567613727274,0.29020895140944425,214707.203125
kNN_dc_ae_l10_k5,281,69.05974111818182,0.2910196175086998,322720.84375
kNN_dc_ae_l10_k5,282,69.09219679545454,0.2928902718283501,291531.9375
kNN_dc_ae_l10_k5,283,69.09712682727273,0.29317442505181285,201117.984375
kNN_dc_ae_l10_k5,284,69.10091421363637,0.29339271939217726,229134.125
kNN_dc_ae_l10_k5,285,69.10780212727273,0.2937897194390094,199966.5
kNN_dc_ae_l10_k5,286,69.12065298636364,0.2945304069577943,277792.9375
kNN_dc_ae_l10_k5,287,69.18059698636364,0.2979854111961857,264163.3125
kNN_dc_ae_l10_k5,288,69.23367816363636,0.30104486155745686,362493.40625
kNN_dc_ae_l10_k5,289,69.2644266,0.3028171152936152,408301.28125
kNN_dc_ae_l10_k5,290,69.35791935818182,0.30820577597320115,268220.5
kNN_dc_ae_l10_k5,291,69.61843814545455,0.32322134907823014,257215.84375
kNN_dc_ae_l10_k5,292,69.80519480454545,0.33398547974530074,303109.5625
kNN_dc_ae_l10_k5,293,69.8553488,0.33687621554651076,307770.25
kNN_dc_ae_l10_k5,294,69.88728480909091,0.3387169176479122,490772.0
kNN_dc_ae_l10_k5,295,69.97248817863637,0.3436278011876287,298901.1875
kNN_dc_ae_l10_k5,296,70.05721009181819,0.3485109349312532,270176.6875
kNN_dc_ae_l10_k5,297,70.14929492727272,0.35381844688886305,279590.21875
kNN_dc_ae_l10_k5,298,70.15787111818182,0.35431275450831085,229983.953125
kNN_dc_ae_l10_k5,299,70.16147875909091,0.3545206888241977,385455.6875
kNN_dc_ae_l10_k5,300,70.20511073181818,0.3570355135056018,380177.5625
kNN_dc_ae_l10_k5,301,70.32331571818182,0.3638485177910241,325329.5625
kNN_dc_ae_l10_k5,302,70.37705808636363,0.36694607734409634,468594.09375
kNN_dc_ae_l10_k5,303,70.399005675,0.36821107487114013,284267.6875
kNN_dc_ae_l10_k5,304,70.50181075318181,0.37413647158884883,233054.59375
kNN_dc_ae_l10_k5,305,70.6102672090909,0.38038759788750787,458996.5
kNN_dc_ae_l10_k5,306,70.7436578590909,0.38807586128520843,241510.96875
kNN_dc_ae_l10_k5,307,70.83137117272727,0.39313141097119886,311951.1875
kNN_dc_ae_l10_k5,308,70.8352099,0.39335266445774103,224470.25
kNN_dc_ae_l10_k5,309,70.84563281363636,0.3939534120019492,334503.0625
kNN_dc_ae_l10_k5,310,70.86294127272727,0.394951023097624,207845.296875
kNN_dc_ae_l10_k5,311,70.88488886772727,0.3962160209914498,232399.953125
kNN_dc_ae_l10_k5,312,70.94146290454545,0.3994767899923458,193811.703125
kNN_dc_ae_l10_k5,313,71.03486937272727,0.4048604771580567,320830.09375
kNN_dc_ae_l10_k5,314,71.06114357272727,0.4063748484439294,207082.78125
kNN_dc_ae_l10_k5,315,71.16676672727273,0.41246267118893826,248838.875
kNN_dc_ae_l10_k5,316,71.17873871818182,0.41315270320770386,510943.3125
kNN_dc_ae_l10_k5,317,71.2066498259091,0.4147614212694939,238510.875
kNN_dc_ae_l10_k5,318,71.25545576818182,0.4175744590616155,372484.5
kNN_dc_ae_l10_k5,319,71.3174982909091,0.4211504162713988,294630.625
kNN_dc_ae_l10_k5,320,71.36296618181818,0.4237710581338302,173901.953125
kNN_dc_ae_l10_k5,321,71.46931471818182,0.4299006898548213,455680.0
kNN_dc_ae_l10_k5,322,71.72297334090909,0.4445208622928842,284091.6875
kNN_dc_ae_l10_k5,323,71.90808025909091,0.45518990651538743,225189.921875
kNN_dc_ae_l10_k5,324,71.99829709090909,0.46038975197625187,200157.5625
kNN_dc_ae_l10_k5,325,72.09644175681818,0.46604653558581094,267558.75
kNN_dc_ae_l10_k5,326,72.15469048045455,0.4694038288435938,369167.0625
kNN_dc_ae_l10_k5,327,72.16259906363636,0.4698596574238161,209612.671875
kNN_dc_ae_l10_k5,328,72.25012620454545,0.47490447663533314,225215.46875
kNN_dc_ae_l10_k5,329,72.32991709090909,0.4795033998064825,341569.6875
kNN_dc_ae_l10_k5,330,72.3529890590909,0.4808332034207922,244475.703125
kNN_dc_ae_l10_k5,331,72.35690482818183,0.48105889738191765,243784.59375
kNN_dc_ae_l10_k5,332,72.45495321363636,0.48671013165578725,205203.359375
kNN_dc_ae_l10_k5,333,72.62635492727273,0.49658924628079065,230345.84375
kNN_dc_ae_l10_k5,334,72.63195748181819,0.49691216183031,181656.625
kNN_dc_ae_l10_k5,335,72.83995069636363,0.5089003080636467,228612.625
kNN_dc_ae_l10_k5,336,72.89617321363636,0.5121408164626576,247679.625
kNN_dc_ae_l10_k5,337,73.03390340545455,0.5200791988943657,352404.4375
kNN_dc_ae_l10_k5,338,73.11911989545455,0.5249908386603275,205181.921875
kNN_dc_ae_l10_k5,339,73.13833258181818,0.5260982040816745,239130.0
kNN_dc_ae_l10_k5,340,73.33471177272727,0.5374169505270702,194748.65625
kNN_dc_ae_l10_k5,341,73.33981687045456,0.5377111940591194,263090.8125
kNN_dc_ae_l10_k5,342,73.39854528636364,0.541096135435736,202559.46875
kNN_dc_ae_l10_k5,343,73.41015931818183,0.5417655356952554,615962.4375
kNN_dc_ae_l10_k5,344,73.44266513181819,0.5436390797344586,308082.71875
kNN_dc_ae_l10_k5,345,73.44619574090909,0.5438425741521346,253928.546875
kNN_dc_ae_l10_k5,346,73.46868897499999,0.5451390211546568,217072.15625
kNN_dc_ae_l10_k5,347,73.50964273636363,0.5474994812355564,301009.6875
kNN_dc_ae_l10_k5,348,73.53120189545454,0.548742090771711,314939.375
kNN_dc_ae_l10_k5,349,73.63946159545455,0.5549818766109442,255202.375
kNN_dc_ae_l10_k5,350,73.76844457272728,0.562416094099894,263844.53125
kNN_dc_ae_l10_k5,351,73.80118299272728,0.5643030449182952,239213.40625
kNN_dc_ae_l10_k5,352,73.90576145,0.5703306542390226,407863.28125
kNN_dc_ae_l10_k5,353,73.96756481363637,0.5738928269887642,221959.84375
kNN_dc_ae_l10_k5,354,74.00717849454546,0.5761760485862414,333906.9375
kNN_dc_ae_l10_k5,355,74.01135728181818,0.5764169021785707,361652.3125
kNN_dc_ae_l10_k5,356,74.05095793636363,0.5786993729729389,239370.46875
kNN_dc_ae_l10_k5,357,74.05302495909092,0.5788185103725725,192269.0
kNN_dc_ae_l10_k5,358,74.20412883636364,0.5875277145700669,316544.6875
kNN_dc_ae_l10_k5,359,74.32802774090909,0.5946689003490705,818224.875
kNN_dc_ae_l10_k5,360,74.38583995454546,0.5980010343932524,299259.4375
kNN_dc_ae_l10_k5,361,74.46433656818182,0.602525359310058,213789.671875
kNN_dc_ae_l10_k5,362,74.52572066363636,0.6060633666162982,263760.5625
kNN_dc_ae_l10_k5,363,74.86437946363637,0.625582711160682,562474.75
kNN_dc_ae_l10_k5,364,74.89747095909091,0.6274900122592099,244537.15625
kNN_dc_ae_l10_k5,365,74.9084351090909,0.6281219551512479,312051.5
kNN_dc_ae_l10_k5,366,75.02020153181819,0.634563858665071,227966.71875
kNN_dc_ae_l10_k5,367,75.04613550454546,0.6360586202040249,213839.046875
kNN_dc_ae_l10_k5,368,75.04910765454545,0.6362299266041167,434922.09375
kNN_dc_ae_l10_k5,369,75.04911406363637,0.6362302960061632,346839.71875
kNN_dc_ae_l10_k5,370,75.14242499545455,0.6416084767235004,193787.328125
kNN_dc_ae_l10_k5,371,75.14524949545454,0.6417712729912052,248924.96875
kNN_dc_ae_l10_k5,372,75.21942449545455,0.6460465122041826,261589.5
kNN_dc_ae_l10_k5,373,75.2494860690909,0.6477791770968547,258525.578125
kNN_dc_ae_l10_k5,374,75.29101026818182,0.6501725156103826,307697.0
kNN_dc_ae_l10_k5,375,75.30463428181818,0.6509577655913236,221523.84375
kNN_dc_ae_l10_k5,376,75.35053226363635,0.6536031966889378,375654.9375
kNN_dc_ae_l10_k5,377,75.358434425,0.6540586551335503,188727.734375
kNN_dc_ae_l10_k5,378,75.4765098,0.6608641889830542,225747.78125
kNN_dc_ae_l10_k5,379,75.48288537727272,0.661231659397098,208284.421875
kNN_dc_ae_l10_k5,380,75.54217925454545,0.664649192382683,312008.625
kNN_dc_ae_l10_k5,381,75.65154605454546,0.6709527883645888,320274.5
kNN_dc_ae_l10_k5,382,75.68111334545455,0.672656964185499,370506.9375
kNN_dc_ae_l10_k5,383,75.77031593636364,0.677798351641565,230630.421875
kNN_dc_ae_l10_k5,384,75.78166525454546,0.6784524945486285,290045.84375
kNN_dc_ae_l10_k5,385,75.79512009954546,0.6792279941232632,250776.96875
kNN_dc_ae_l10_k5,386,75.84170493636363,0.6819130136189849,217595.421875
kNN_dc_ae_l10_k5,387,75.84312428636363,0.6819948209769487,222170.34375
kNN_dc_ae_l10_k5,388,76.02107943636364,0.6922516573157579,239152.71875
kNN_dc_ae_l10_k5,389,76.07231828181818,0.6952049208319687,238994.875
kNN_dc_ae_l10_k5,390,76.16321556363636,0.7004439855246826,279651.0625
kNN_dc_ae_l10_k5,391,76.19598609272727,0.7023327870211363,327784.90625
kNN_dc_ae_l10_k5,392,76.26727722727273,0.7064418083079089,201205.53125
kNN_dc_ae_l10_k5,393,76.28929185454545,0.7077106697541566,304469.5625
kNN_dc_ae_l10_k5,394,76.28997104545455,0.707749816415534,220765.5
kNN_dc_ae_l10_k5,395,76.32376224090909,0.7096974462619865,236142.25
kNN_dc_ae_l10_k5,396,76.35414479090909,0.7114486113331051,255113.03125
kNN_dc_ae_l10_k5,397,76.39021483181818,0.71352758744781,268212.15625
kNN_dc_ae_l10_k5,398,76.45241142272727,0.7171124247159999,260095.03125
kNN_dc_ae_l10_k5,399,76.51437691681818,0.7206839422109638,218657.09375
kNN_dc_ae_l10_k5,400,76.5471795409091,0.7225745935733101,250394.203125
kNN_dc_ae_l10_k5,401,76.59774437272728,0.7254890088316404,255778.046875
kNN_dc_ae_l10_k5,402,76.63823088636364,0.7278225380624447,188531.265625
kNN_dc_ae_l10_k5,403,76.64452179545455,0.7281851284396704,282680.125
kNN_dc_ae_l10_k5,404,76.67493643727272,0.7299381431932893,179816.390625
kNN_dc_ae_l10_k5,405,76.67586082272727,0.7299914221814013,349709.0625
kNN_dc_ae_l10_k5,406,76.81212329090908,0.7378452091342544,455475.3125
kNN_dc_ae_l10_k5,407,76.90558185454546,0.7432318989360301,314608.1875
kNN_dc_ae_l10_k5,408,76.91644974545454,0.7438582937237196,339857.6875
kNN_dc_ae_l10_k5,409,76.98329391227273,0.7477110042480184,211356.796875
kNN_dc_ae_l10_k5,410,77.11547369545454,0.7553294766743298,230182.78125
kNN_dc_ae_l10_k5,411,77.14402031818182,0.7569748240404465,229467.875
kNN_dc_ae_l10_k5,412,77.17084656363636,0.7585210136798696,198243.15625
kNN_dc_ae_l10_k5,413,77.25877326818183,0.7635888626200866,361124.84375
kNN_dc_ae_l10_k5,414,77.34552212272727,0.7685888235858233,170890.34375
kNN_dc_ae_l10_k5,415,77.52582683636363,0.7789810821907805,217554.34375
kNN_dc_ae_l10_k5,416,77.65479755863636,0.7864145933358604,522152.0625
kNN_dc_ae_l10_k5,417,77.69959142727272,0.7889963864426363,296186.6875
kNN_dc_ae_l10_k5,418,77.72501827727272,0.7904619188481973,172320.421875
kNN_dc_ae_l10_k5,419,77.83570625,0.7968416635250904,388718.15625
kNN_dc_ae_l10_k5,420,77.9733424409091,0.8047746280077235,239392.25
kNN_dc_ae_l10_k5,421,78.0566007590909,0.8095734042355274,223007.59375
kNN_dc_ae_l10_k5,422,78.20425748181819,0.818083924101565,235278.828125
kNN_dc_ae_l10_k5,423,78.23482706363636,0.8198458691627494,200271.21875
kNN_dc_ae_l10_k5,424,78.25971381363637,0.8212802717172971,265606.875
kNN_dc_ae_l10_k5,425,78.3483194,0.8263872495037559,189444.5
kNN_dc_ae_l10_k5,426,78.4185978909091,0.8304379048480556,181086.96875
kNN_dc_ae_l10_k5,427,78.53980069090909,0.837423694713678,246650.40625
kNN_dc_ae_l10_k5,428,78.54177141363635,0.8375372816510761,247654.75
kNN_dc_ae_l10_k5,429,78.57485005,0.8394438415876266,233384.28125
kNN_dc_ae_l10_k5,430,78.5853263609091,0.8400476668010531,193499.578125
kNN_dc_ae_l10_k5,431,78.61859467727272,0.8419651593614511,308070.65625
kNN_dc_ae_l10_k5,432,78.63007529545455,0.8426268700327033,493351.25
kNN_dc_ae_l10_k5,433,78.86957993181818,0.8564312463464417,326445.40625
kNN_dc_ae_l10_k5,434,79.22077921818182,0.8766733893950602,214994.34375
kNN_dc_ae_l10_k5,435,79.25695136818182,0.8787582507917258,303319.5
kNN_dc_ae_l10_k5,436,79.28284742727273,0.8802508270948876,277857.53125
kNN_dc_ae_l10_k5,437,79.36729972727272,0.8851184210899811,260725.453125
kNN_dc_ae_l10_k5,438,79.46781420454546,0.8909117939879693,713782.5625
kNN_dc_ae_l10_k5,439,79.51125251363636,0.8934154564398847,284008.25
kNN_dc_ae_l10_k5,440,79.62850745318183,0.9001737026880812,221697.65625
kNN_dc_ae_l10_k5,441,79.6499864090909,0.9014116895375086,228807.375
kNN_dc_ae_l10_k5,442,79.75645692727272,0.9075483519487911,207239.046875
kNN_dc_ae_l10_k5,443,79.91532173636364,0.9167048745155257,268805.6875
kNN_dc_ae_l10_k5,444,79.94757872272727,0.9185640768477706,222751.125
kNN_dc_ae_l10_k5,445,80.02392345454545,0.9229643733246603,285714.0625
kNN_dc_ae_l10_k5,446,80.13685939999999,0.9294736848522888,282921.5625
kNN_dc_ae_l10_k5,447,80.28660759545454,0.9381047513474663,413657.3125
kNN_dc_ae_l10_k5,448,80.40461357272727,0.9449062853063745,336475.1875
kNN_dc_ae_l10_k5,449,80.43965011363636,0.9469256933762311,373605.625
kNN_dc_ae_l10_k5,450,80.56802326363636,0.954324762129495,404830.9375
kNN_dc_ae_l10_k5,451,80.69563893636364,0.9616801720146861,205477.828125
kNN_dc_ae_l10_k5,452,80.83871870454546,0.9699268890421825,429165.3125
kNN_dc_ae_l10_k5,453,80.88731798181819,0.9727280152426367,241103.34375
kNN_dc_ae_l10_k5,454,80.98601989090909,0.9784169167881859,297676.6875
kNN_dc_ae_l10_k5,455,81.02786977272727,0.9808290267417757,254103.28125
kNN_dc_ae_l10_k5,456,81.46314962272727,1.0059173379428359,299319.4375
kNN_dc_ae_l10_k5,457,81.49191450454545,1.0075752651515413,249126.0
kNN_dc_ae_l10_k5,458,81.53910919545454,1.0102954349286748,211225.953125
kNN_dc_ae_l10_k5,459,81.65584415909092,1.0170237112220841,494972.5
kNN_dc_ae_l10_k5,460,81.66778405000001,1.017711893086772,276557.625
kNN_dc_ae_l10_k5,461,82.0783984909091,1.0413785592032403,366162.4375
kNN_dc_ae_l10_k5,462,82.11143467727273,1.0432826724407058,194062.109375
kNN_dc_ae_l10_k5,463,82.15394328181819,1.0457327493270108,335283.9375
kNN_dc_ae_l10_k5,464,82.87086985,1.0870543883848574,228821.703125
kNN_dc_ae_l10_k5,465,83.04785639090909,1.0972553968090384,252112.453125
kNN_dc_ae_l10_k5,466,83.2706767,1.1100981352367167,229285.15625
kNN_dc_ae_l10_k5,467,83.28013232272727,1.1106431308426048,262414.96875
kNN_dc_ae_l10_k5,468,83.32162666818182,1.113034748676162,181994.21875
kNN_dc_ae_l10_k5,469,83.35334443181819,1.1148628717209361,260053.25
kNN_dc_ae_l10_k5,470,83.45792123636365,1.1208903857830939,225575.84375
kNN_dc_ae_l10_k5,471,84.18152392727274,1.1625968178530641,214628.328125
kNN_dc_ae_l10_k5,472,84.62887205909091,1.188380711011149,193382.0
kNN_dc_ae_l10_k5,473,85.11071750454545,1.2161529326896323,162754.96875
kNN_dc_ae_l10_k5,474,85.12217595454545,1.2168133656489846,208632.296875
kNN_dc_ae_l10_k5,475,85.54109655454546,1.2409587755073437,204386.34375
kNN_dc_ae_l10_k5,476,85.8163718359091,1.256824871594287,821712.0
kNN_dc_ae_l10_k5,477,86.0069106,1.2678069921987163,576593.1875
kNN_dc_ae_l10_k5,478,86.07828567272726,1.2719208514471514,286385.84375
kNN_dc_ae_l10_k5,479,86.46879091363637,1.2944284796076844,198338.5
kNN_dc_ae_l10_k5,480,87.81027129545454,1.371747650915916,377651.8125
kNN_dc_ae_l10_k10,1,10.383351573636363,-3.0909231051976005,253235.40625
kNN_dc_ae_l10_k10,2,11.237612673636363,-3.0416858884420805,383816.4375
kNN_dc_ae_l10_k10,3,12.873956289545454,-2.9473716263235947,742713.125
kNN_dc_ae_l10_k10,4,13.852077771363637,-2.8909954441311574,229702.078125
kNN_dc_ae_l10_k10,5,14.772021149545454,-2.8379724848575316,234177.625
kNN_dc_ae_l10_k10,6,15.774696462272727,-2.780181088634338,716011.1875
kNN_dc_ae_l10_k10,7,16.11136225,-2.760776615734313,346587.125
kNN_dc_ae_l10_k10,8,16.718538883636366,-2.7257806554602935,247539.703125
kNN_dc_ae_l10_k10,9,16.83383592,-2.719135257266808,198759.078125
kNN_dc_ae_l10_k10,10,16.977602550909094,-2.710848951395825,195821.359375
kNN_dc_ae_l10_k10,11,17.128398308636363,-2.702157506345793,345354.21875
kNN_dc_ae_l10_k10,12,17.49981897681818,-2.680749859495494,298959.25
kNN_dc_ae_l10_k10,13,18.01987185318182,-2.650775468530193,250046.375
kNN_dc_ae_l10_k10,14,18.22368484818182,-2.639028258441373,441372.25
kNN_dc_ae_l10_k10,15,18.40435578590909,-2.628614891705722,277669.5625
kNN_dc_ae_l10_k10,16,18.964998386363636,-2.5963010227481416,249648.453125
kNN_dc_ae_l10_k10,17,19.531784013636365,-2.563633086933271,190026.75
kNN_dc_ae_l10_k10,18,21.457911477272727,-2.4526164956056054,323844.03125
kNN_dc_ae_l10_k10,19,22.164942098181818,-2.411865231226962,226638.09375
kNN_dc_ae_l10_k10,20,22.207954510454545,-2.4093861162745784,459514.4375
kNN_dc_ae_l10_k10,21,22.336504287727273,-2.401976867220102,207939.59375
kNN_dc_ae_l10_k10,22,22.775860404545455,-2.376653611418521,243082.46875
kNN_dc_ae_l10_k10,23,23.03693973772727,-2.361605730017554,229124.21875
kNN_dc_ae_l10_k10,24,23.073138160909092,-2.359519354308287,262295.90625
kNN_dc_ae_l10_k10,25,23.859046570909094,-2.314221795127428,507359.84375
kNN_dc_ae_l10_k10,26,24.108436355454547,-2.299847666563835,224652.78125
kNN_dc_ae_l10_k10,27,24.136628927727273,-2.2982227256741137,219783.328125
kNN_dc_ae_l10_k10,28,24.706419758636365,-2.2653815783401448,311917.28125
kNN_dc_ae_l10_k10,29,25.160939161363636,-2.2391843532157982,277098.9375
kNN_dc_ae_l10_k10,30,25.272293834545454,-2.2327661817923388,176276.78125
kNN_dc_ae_l10_k10,31,25.739496508636364,-2.205837928436342,289910.34375
kNN_dc_ae_l10_k10,32,26.08368123090909,-2.1860000852119685,250039.96875
kNN_dc_ae_l10_k10,33,26.26193154681818,-2.175726236337011,224867.625
kNN_dc_ae_l10_k10,34,26.29922768272727,-2.1735765915411758,243081.34375
kNN_dc_ae_l10_k10,35,26.647243233181822,-2.153517950111732,814038.625
kNN_dc_ae_l10_k10,36,26.80277036,-2.144553802201322,213558.09375
kNN_dc_ae_l10_k10,37,27.710613355454544,-2.0922282750911965,411518.5625
kNN_dc_ae_l10_k10,38,27.723830698181818,-2.0914664644822447,279915.5
kNN_dc_ae_l10_k10,39,27.94224735681818,-2.078877540130785,223590.09375
kNN_dc_ae_l10_k10,40,28.008295531363636,-2.0750707083712667,208556.578125
kNN_dc_ae_l10_k10,41,28.427649107272728,-2.0509003429944066,267990.90625
kNN_dc_ae_l10_k10,42,28.610673086363636,-2.0403513535461495,280166.625
kNN_dc_ae_l10_k10,43,28.864666542727274,-2.0257118822352584,266110.0625
kNN_dc_ae_l10_k10,44,28.872480873181818,-2.0252614861182057,255753.453125
kNN_dc_ae_l10_k10,45,29.867093540909092,-1.9679347981668596,920344.1875
kNN_dc_ae_l10_k10,46,30.946254809545454,-1.9057349657057894,204368.125
kNN_dc_ae_l10_k10,47,31.113843444545456,-1.8960756262517786,283156.59375
kNN_dc_ae_l10_k10,48,31.75240744409091,-1.8592705861324392,190961.109375
kNN_dc_ae_l10_k10,49,31.962474827272725,-1.8471628906292867,189617.03125
kNN_dc_ae_l10_k10,50,32.10326235227273,-1.8390482920775113,237115.59375
kNN_dc_ae_l10_k10,51,32.57260997909091,-1.8119964096549876,228837.84375
kNN_dc_ae_l10_k10,52,33.29309288772727,-1.770469793095747,199616.75
kNN_dc_ae_l10_k10,53,33.63066458409091,-1.751013106159651,250552.59375
kNN_dc_ae_l10_k10,54,33.94931614045454,-1.7326469230920152,195182.609375
kNN_dc_ae_l10_k10,55,34.254768114545456,-1.7150415269704833,282577.1875
kNN_dc_ae_l10_k10,56,35.01583384090909,-1.6711758304824154,233067.78125
kNN_dc_ae_l10_k10,57,35.61844186090909,-1.6364431923003018,291688.75
kNN_dc_ae_l10_k10,58,36.50372615909091,-1.5854178853071164,297972.03125
kNN_dc_ae_l10_k10,59,36.74721518909091,-1.5713838597056917,315845.84375
kNN_dc_ae_l10_k10,60,37.183868766818186,-1.5462163706866658,290445.34375
kNN_dc_ae_l10_k10,61,37.586910895,-1.5229861514634166,193191.578125
kNN_dc_ae_l10_k10,62,37.90925234181818,-1.504407293446501,208039.15625
kNN_dc_ae_l10_k10,63,39.159607152727276,-1.4323403447746748,330770.4375
kNN_dc_ae_l10_k10,64,39.16116855045455,-1.4322503501836308,356321.40625
kNN_dc_ae_l10_k10,65,39.50363207727273,-1.4125117118436592,255180.296875
kNN_dc_ae_l10_k10,66,39.72578294681818,-1.3997075580360745,248483.796875
kNN_dc_ae_l10_k10,67,40.10658689318182,-1.3777590853168278,249343.375
kNN_dc_ae_l10_k10,68,40.511631334545456,-1.3544134583708745,280474.6875
kNN_dc_ae_l10_k10,69,41.22542756590909,-1.3132722431581907,267299.0
kNN_dc_ae_l10_k10,70,41.450596035,-1.3002941633660317,209641.96875
kNN_dc_ae_l10_k10,71,41.606778884545456,-1.2912922214345022,201562.59375
kNN_dc_ae_l10_k10,72,41.74143011090909,-1.283531301946464,265464.875
kNN_dc_ae_l10_k10,73,42.27668356454546,-1.2526807922886625,208148.296875
kNN_dc_ae_l10_k10,74,42.349748590454546,-1.2484695288729066,252650.828125
kNN_dc_ae_l10_k10,75,42.93479045136364,-1.2147493548925703,362958.3125
kNN_dc_ae_l10_k10,76,42.999259720454546,-1.2110335268204517,271361.59375
kNN_dc_ae_l10_k10,77,43.14833512181818,-1.2024412382919711,236604.53125
kNN_dc_ae_l10_k10,78,43.849900354999995,-1.1620049835516937,283657.25
kNN_dc_ae_l10_k10,79,44.24228326,-1.1393891320928766,190665.078125
kNN_dc_ae_l10_k10,80,44.68483293727273,-1.113881808412842,407828.6875
kNN_dc_ae_l10_k10,81,45.014271393181815,-1.0948938986728347,238974.546875
kNN_dc_ae_l10_k10,82,45.044897863636365,-1.0931286747100122,524283.40625
kNN_dc_ae_l10_k10,83,45.242849799999995,-1.0817192796223616,212679.53125
kNN_dc_ae_l10_k10,84,45.34376912590909,-1.0759025723830795,225327.21875
kNN_dc_ae_l10_k10,85,45.44974382363636,-1.0697944876738517,240360.40625
kNN_dc_ae_l10_k10,86,45.87703164136364,-1.0451668148248472,206759.203125
kNN_dc_ae_l10_k10,87,46.05975058136364,-1.0346354069752812,276285.28125
kNN_dc_ae_l10_k10,88,46.3385215,-1.0185678321482947,295289.0625
kNN_dc_ae_l10_k10,89,46.461104443636366,-1.0115024946696791,195973.8125
kNN_dc_ae_l10_k10,90,46.55172569545454,-1.00627933957292,245651.125
kNN_dc_ae_l10_k10,91,46.63784059272727,-1.0013159181284732,205430.953125
kNN_dc_ae_l10_k10,92,46.92503363227272,-0.9847629158452418,231661.28125
kNN_dc_ae_l10_k10,93,46.98420985,-0.9813521644262555,226638.40625
kNN_dc_ae_l10_k10,94,47.05894020545455,-0.9770449160806003,225745.21875
kNN_dc_ae_l10_k10,95,47.18393024863636,-0.9698408401272126,321858.875
kNN_dc_ae_l10_k10,96,47.45620903181818,-0.9541474538013544,214704.828125
kNN_dc_ae_l10_k10,97,47.57944400681818,-0.9470445350614799,209506.125
kNN_dc_ae_l10_k10,98,47.68605184090909,-0.9408999581458618,198495.78125
kNN_dc_ae_l10_k10,99,47.85413733318182,-0.9312119812305011,448958.9375
kNN_dc_ae_l10_k10,100,47.997159330454544,-0.9229685939563709,276648.84375
kNN_dc_ae_l10_k10,101,48.745656067727275,-0.8798273387898924,282561.90625
kNN_dc_ae_l10_k10,102,48.974869975454546,-0.8666160912472533,214969.90625
kNN_dc_ae_l10_k10,103,49.269933079999994,-0.8496094804638982,259637.703125
kNN_dc_ae_l10_k10,104,49.50143869090909,-0.8362661455696251,189891.578125
kNN_dc_ae_l10_k10,105,50.02686477227273,-0.8059820581201266,236263.65625
kNN_dc_ae_l10_k10,106,50.24467801363637,-0.793427913049909,262613.75
kNN_dc_ae_l10_k10,107,50.26601576545454,-0.7921980648087251,252153.71875
kNN_dc_ae_l10_k10,108,50.287720933636365,-0.7909470397175866,257587.703125
kNN_dc_ae_l10_k10,109,50.397065763181814,-0.7846447100511362,278507.75
kNN_dc_ae_l10_k10,110,50.44004938636363,-0.782167254421305,385841.0625
kNN_dc_ae_l10_k10,111,50.53053583909091,-0.7769518687665316,207304.84375
kNN_dc_ae_l10_k10,112,50.744067415454545,-0.7646445068726515,279143.34375
kNN_dc_ae_l10_k10,113,50.877768575909094,-0.756938346522186,219740.34375
kNN_dc_ae_l10_k10,114,50.952142585000004,-0.7526516369826949,338822.5625
kNN_dc_ae_l10_k10,115,51.255980857727266,-0.7351392500872892,226656.5
kNN_dc_ae_l10_k10,116,51.47010300409091,-0.7227978493929772,280064.9375
kNN_dc_ae_l10_k10,117,51.48649149727273,-0.7218532625551946,294940.1875
kNN_dc_ae_l10_k10,118,51.49088870772727,-0.7215998196625357,248446.125
kNN_dc_ae_l10_k10,119,51.669473619090915,-0.7113066856428819,248348.65625
kNN_dc_ae_l10_k10,120,51.78909724363636,-0.7044119150267025,494666.8125
kNN_dc_ae_l10_k10,121,51.85205774272727,-0.7007830482308545,214513.25
kNN_dc_ae_l10_k10,122,51.87800455454545,-0.699287546682667,309168.8125
kNN_dc_ae_l10_k10,123,51.92553946363636,-0.6965477676825893,368825.59375
kNN_dc_ae_l10_k10,124,52.00039339090909,-0.6922333970034971,278447.96875
kNN_dc_ae_l10_k10,125,52.126720309090906,-0.6849522673201076,255149.53125
kNN_dc_ae_l10_k10,126,52.30133809090909,-0.6748877875343021,283728.875
kNN_dc_ae_l10_k10,127,52.82782977227273,-0.6445422818858776,298200.90625
kNN_dc_ae_l10_k10,128,52.94948191,-0.637530593452388,254533.671875
kNN_dc_ae_l10_k10,129,52.977303153181815,-0.6359270549312603,289731.59375
kNN_dc_ae_l10_k10,130,53.02329102272727,-0.6332764429568486,433429.15625
kNN_dc_ae_l10_k10,131,53.11169118954546,-0.6281813049775454,205624.90625
kNN_dc_ae_l10_k10,132,53.15595768772727,-0.6256299080264427,265165.90625
kNN_dc_ae_l10_k10,133,53.19575964181818,-0.6233358348901765,215969.578125
kNN_dc_ae_l10_k10,134,53.738266159999995,-0.5920672789100433,421426.15625
kNN_dc_ae_l10_k10,135,54.35688324090909,-0.5564119233034402,230119.453125
kNN_dc_ae_l10_k10,136,54.43010616227273,-0.5521915592359978,249717.296875
kNN_dc_ae_l10_k10,137,54.51598353272727,-0.5472418281719658,374123.8125
kNN_dc_ae_l10_k10,138,54.63723127590909,-0.5402534479072425,304202.78125
kNN_dc_ae_l10_k10,139,54.68535675181818,-0.5374796302901245,256211.328125
kNN_dc_ae_l10_k10,140,54.72388539863636,-0.5352589470181324,312269.0
kNN_dc_ae_l10_k10,141,55.23867115454546,-0.5055881381210048,226729.328125
kNN_dc_ae_l10_k10,142,55.2775563909091,-0.5033469020265294,335048.96875
kNN_dc_ae_l10_k10,143,55.699695931818184,-0.47901596143141617,269729.59375
kNN_dc_ae_l10_k10,144,55.80372709545455,-0.4730198965827504,290719.59375
kNN_dc_ae_l10_k10,145,55.82518654818182,-0.4717830338420878,286012.125
kNN_dc_ae_l10_k10,146,56.236087309090905,-0.4480998650428898,255853.34375
kNN_dc_ae_l10_k10,147,56.34353036818182,-0.44190714809799403,235793.328125
kNN_dc_ae_l10_k10,148,56.343846956363635,-0.44188890084205507,207480.359375
kNN_dc_ae_l10_k10,149,56.418747340909086,-0.4375718524959041,194363.234375
kNN_dc_ae_l10_k10,150,56.4284854,-0.43701057804920695,393340.3125
kNN_dc_ae_l10_k10,151,56.43083487727272,-0.4368751607608167,352704.75
kNN_dc_ae_l10_k10,152,56.73676582727273,-0.41924215780964386,295334.625
kNN_dc_ae_l10_k10,153,56.80215198181818,-0.415473483028404,1027256.8125
kNN_dc_ae_l10_k10,154,56.838491672272724,-0.41337896506927063,210751.953125
kNN_dc_ae_l10_k10,155,56.87784920000001,-0.4111105074236286,342040.90625
kNN_dc_ae_l10_k10,156,56.88495511818182,-0.41070094220549447,228466.53125
kNN_dc_ae_l10_k10,157,56.89427865,-0.4101635599495794,173619.59375
kNN_dc_ae_l10_k10,158,57.014437336363635,-0.4032379498690725,269661.0625
kNN_dc_ae_l10_k10,159,57.01605029863636,-0.40314498324207687,273509.8125
kNN_dc_ae_l10_k10,160,57.06027285454545,-0.40059611900047776,275256.46875
kNN_dc_ae_l10_k10,161,57.08577673045454,-0.3991261470372903,327100.125
kNN_dc_ae_l10_k10,162,57.165035822727276,-0.39455787498782163,301790.5625
kNN_dc_ae_l10_k10,163,57.30280682363637,-0.386617140434433,262056.75
kNN_dc_ae_l10_k10,164,57.552973348181816,-0.3721982427531278,200905.578125
kNN_dc_ae_l10_k10,165,57.715692645,-0.3628195583114009,215943.578125
kNN_dc_ae_l10_k10,166,57.94736867727273,-0.34946640080713065,296704.0625
kNN_dc_ae_l10_k10,167,58.01582408181818,-0.3455208230538053,366077.84375
kNN_dc_ae_l10_k10,168,58.14704098045454,-0.33795784859535755,200423.890625
kNN_dc_ae_l10_k10,169,58.40466673181818,-0.32310902197584374,346896.03125
kNN_dc_ae_l10_k10,170,58.48494007,-0.3184822916333907,237714.125
kNN_dc_ae_l10_k10,171,58.90741873181818,-0.2941318050590592,264366.625
kNN_dc_ae_l10_k10,172,58.92814133636364,-0.29293741218345776,226126.28125
kNN_dc_ae_l10_k10,173,58.959711454090915,-0.29111779903528184,222953.078125
kNN_dc_ae_l10_k10,174,59.080638213636355,-0.2841479193681854,373014.3125
kNN_dc_ae_l10_k10,175,59.15176404636364,-0.2800484256151513,256248.328125
kNN_dc_ae_l10_k10,176,59.165360129545455,-0.27926478546736844,194069.59375
kNN_dc_ae_l10_k10,177,59.343238913181814,-0.26901235067183393,174352.71875
kNN_dc_ae_l10_k10,178,59.52943686818182,-0.2582804221434605,314271.15625
kNN_dc_ae_l10_k10,179,59.53394987363636,-0.2580203051513792,479196.40625
kNN_dc_ae_l10_k10,180,59.61907620909091,-0.2531138616408659,292381.28125
kNN_dc_ae_l10_k10,181,59.64024705,-0.25189363367691286,272299.09375
kNN_dc_ae_l10_k10,182,59.81487126545455,-0.2418287830743299,565523.625
kNN_dc_ae_l10_k10,183,59.821444613636366,-0.241449913699103,268387.6875
kNN_dc_ae_l10_k10,184,59.82249576181818,-0.241389328462493,226035.53125
kNN_dc_ae_l10_k10,185,60.13491826227273,-0.22338217072795283,586740.875
kNN_dc_ae_l10_k10,186,60.66603184545455,-0.19277027160609897,228024.96875
kNN_dc_ae_l10_k10,187,60.91525143409091,-0.1784059526579342,442151.5
kNN_dc_ae_l10_k10,188,60.98922430909091,-0.17414236336374334,257021.34375
kNN_dc_ae_l10_k10,189,61.15445065909091,-0.16461917939964438,223107.15625
kNN_dc_ae_l10_k10,190,61.257236485,-0.15869489232900422,340705.6875
kNN_dc_ae_l10_k10,191,61.38288141818182,-0.1514530703505647,235295.5
kNN_dc_ae_l10_k10,192,61.41676890772727,-0.14949989038246164,256670.078125
kNN_dc_ae_l10_k10,193,61.450913154545454,-0.1475319116444142,272458.125
kNN_dc_ae_l10_k10,194,61.557454278181815,-0.14139117973251966,352252.375
kNN_dc_ae_l10_k10,195,61.612018317727276,-0.1382462613438015,259420.203125
kNN_dc_ae_l10_k10,196,61.66026577136363,-0.13546541327218128,422954.5625
kNN_dc_ae_l10_k10,197,61.784896459090916,-0.12828204956052722,277371.0625
kNN_dc_ae_l10_k10,198,61.80260090454545,-0.12726161492013313,343919.4375
kNN_dc_ae_l10_k10,199,62.04634134636364,-0.11321309864578996,354848.25
kNN_dc_ae_l10_k10,200,62.140166177272725,-0.1078052982244427,250993.65625
kNN_dc_ae_l10_k10,201,62.30800517363637,-0.0981315286427709,928785.125
kNN_dc_ae_l10_k10,202,62.48285368636363,-0.08805375017371433,274981.5625
kNN_dc_ae_l10_k10,203,62.50087945,-0.08701479565343062,264928.9375
kNN_dc_ae_l10_k10,204,62.515273900000004,-0.08618513987871876,229776.15625
kNN_dc_ae_l10_k10,205,62.56153540454545,-0.08351875634944335,215876.046875
kNN_dc_ae_l10_k10,206,62.62842450590909,-0.07966345592382028,301403.46875
kNN_dc_ae_l10_k10,207,62.64787497272727,-0.07854238550316901,213985.65625
kNN_dc_ae_l10_k10,208,62.80573838590909,-0.06944358059141646,292225.46875
kNN_dc_ae_l10_k10,209,62.831736559090906,-0.06794511871810778,246093.03125
kNN_dc_ae_l10_k10,210,63.033077886363635,-0.05634036863318487,784075.625
kNN_dc_ae_l10_k10,211,63.2958711590909,-0.041193700558090865,234151.953125
kNN_dc_ae_l10_k10,212,63.30556153181818,-0.04063517461980955,274523.6875
kNN_dc_ae_l10_k10,213,63.451246159090914,-0.0322383208113255,332947.78125
kNN_dc_ae_l10_k10,214,63.51674641363636,-0.02846306962571502,276495.28125
kNN_dc_ae_l10_k10,215,63.52993807136364,-0.027702739428211564,215575.546875
kNN_dc_ae_l10_k10,216,63.601648069090906,-0.02356957604100441,202980.796875
kNN_dc_ae_l10_k10,217,63.632569839545454,-0.021787331813408223,296556.1875
kNN_dc_ae_l10_k10,218,63.65115097727273,-0.02071636708629849,303892.8125
kNN_dc_ae_l10_k10,219,63.71100458181818,-0.017266572988681755,240052.25
kNN_dc_ae_l10_k10,220,63.89873966363636,-0.006446048776474242,210124.84375
kNN_dc_ae_l10_k10,221,63.92419218818182,-0.004979036562035517,197284.28125
kNN_dc_ae_l10_k10,222,63.96103896818182,-0.002855291382016408,294628.71875
kNN_dc_ae_l10_k10,223,63.99746849090909,-0.0007555957423308915,455699.0
kNN_dc_ae_l10_k10,224,64.02118780454545,0.000611519050564863,303459.5
kNN_dc_ae_l10_k10,225,64.02835174090909,0.0010244282741725598,202473.65625
kNN_dc_ae_l10_k10,226,64.1043883409091,0.005406964896234798,400658.34375
kNN_dc_ae_l10_k10,227,64.15682117727273,0.008429046703709133,220494.09375
kNN_dc_ae_l10_k10,228,64.23845857272727,0.01313439748621699,350479.46875
kNN_dc_ae_l10_k10,229,64.25370258636363,0.014013019729039077,248165.03125
kNN_dc_ae_l10_k10,230,64.32671434181817,0.01822121278502206,331003.3125
kNN_dc_ae_l10_k10,231,64.40631527727272,0.022809187717882526,240301.328125
kNN_dc_ae_l10_k10,232,64.56676404090909,0.032057004987472486,472414.59375
kNN_dc_ae_l10_k10,233,64.70266141363636,0.0398897488610707,263552.53125
kNN_dc_ae_l10_k10,234,64.83579067045456,0.047562946288015,364029.375
kNN_dc_ae_l10_k10,235,64.88276691590909,0.05027052548108044,413121.59375
kNN_dc_ae_l10_k10,236,64.91428311818181,0.05208703109348984,246591.40625
kNN_dc_ae_l10_k10,237,64.99876317727272,0.056956225044821694,405342.59375
kNN_dc_ae_l10_k10,238,65.11283459954545,0.06353098227543044,354205.0625
kNN_dc_ae_l10_k10,239,65.12859398045454,0.06443930884414997,237792.328125
kNN_dc_ae_l10_k10,240,65.15700578272727,0.06607688553694015,211588.75
kNN_dc_ae_l10_k10,241,65.26560826818182,0.07233642856952589,267116.625
kNN_dc_ae_l10_k10,242,65.49862164545455,0.08576666689328061,322309.5
kNN_dc_ae_l10_k10,243,65.58085287863636,0.09050624481886647,218839.046875
kNN_dc_ae_l10_k10,244,65.74797291818182,0.10013857574355729,253082.453125
kNN_dc_ae_l10_k10,245,65.77319434545456,0.10159226815857124,255477.0
kNN_dc_ae_l10_k10,246,65.79643795909091,0.10293196493604907,229212.796875
kNN_dc_ae_l10_k10,247,65.90152255454545,0.10898874664372764,299069.65625
kNN_dc_ae_l10_k10,248,66.06104215454546,0.11818300952419154,289799.375
kNN_dc_ae_l10_k10,249,66.34667021363636,0.13464581071801482,305454.46875
kNN_dc_ae_l10_k10,250,66.41367993636364,0.13850806342114064,230249.796875
kNN_dc_ae_l10_k10,251,66.49486482500001,0.14318733297826053,377919.9375
kNN_dc_ae_l10_k10,252,66.57540134545455,0.14782923240965884,298983.125
kNN_dc_ae_l10_k10,253,66.64770191772728,0.15199643485928482,331342.65625
kNN_dc_ae_l10_k10,254,66.69631712272727,0.15479847908932004,219901.96875
kNN_dc_ae_l10_k10,255,66.69915260454546,0.15496190831826281,501135.5
kNN_dc_ae_l10_k10,256,66.84640655909091,0.16344921375457688,225452.96875
kNN_dc_ae_l10_k10,257,66.92138232272727,0.1677706067403678,190506.5
kNN_dc_ae_l10_k10,258,67.1600262,0.1815253713113582,206230.046875
kNN_dc_ae_l10_k10,259,67.24224864545455,0.1862644427369615,393526.75
kNN_dc_ae_l10_k10,260,67.33497136227273,0.19160872038946963,1900654.625
kNN_dc_ae_l10_k10,261,67.50431248636363,0.20136906840541843,318684.9375
kNN_dc_ae_l10_k10,262,67.65232870272727,0.20990030847760313,258069.84375
kNN_dc_ae_l10_k10,263,67.78208407272727,0.2173790445196429,229622.453125
kNN_dc_ae_l10_k10,264,67.84529925,0.2210225902524589,236756.78125
kNN_dc_ae_l10_k10,265,67.89158320909091,0.22369026799883285,256314.578125
kNN_dc_ae_l10_k10,266,67.98637594090908,0.22915385551719142,263555.0
kNN_dc_ae_l10_k10,267,68.0851692090909,0.234848022744816,293677.34375
kNN_dc_ae_l10_k10,268,68.12695885,0.23725666058115907,212191.953125
kNN_dc_ae_l10_k10,269,68.2302839,0.24321202701786718,379315.0
kNN_dc_ae_l10_k10,270,68.23565684545454,0.24352170854259156,256533.25
kNN_dc_ae_l10_k10,271,68.26595938409092,0.24526826198284749,199135.53125
kNN_dc_ae_l10_k10,272,68.27114585318182,0.2455671955323495,340985.25
kNN_dc_ae_l10_k10,273,68.32032611363637,0.24840180797589106,267324.5625
kNN_dc_ae_l10_k10,274,68.38830778636363,0.25232008115428434,410383.46875
kNN_dc_ae_l10_k10,275,68.41746199090909,0.2540004478343775,237220.078125
kNN_dc_ae_l10_k10,276,68.46063733181818,0.256488953536948,288167.4375
kNN_dc_ae_l10_k10,277,68.46664887727273,0.256835442176758,213755.96875
kNN_dc_ae_l10_k10,278,68.47213741363636,0.2571517860376766,426878.65625
kNN_dc_ae_l10_k10,279,68.93374281227273,0.283757428116166,259345.296875
kNN_dc_ae_l10_k10,280,69.04567613727274,0.29020895140944425,226332.125
kNN_dc_ae_l10_k10,281,69.05974111818182,0.2910196175086998,336468.4375
kNN_dc_ae_l10_k10,282,69.09219679545454,0.2928902718283501,299447.5625
kNN_dc_ae_l10_k10,283,69.09712682727273,0.29317442505181285,208922.046875
kNN_dc_ae_l10_k10,284,69.10091421363637,0.29339271939217726,236299.0
kNN_dc_ae_l10_k10,285,69.10780212727273,0.2937897194390094,212097.28125
kNN_dc_ae_l10_k10,286,69.12065298636364,0.2945304069577943,288799.6875
kNN_dc_ae_l10_k10,287,69.18059698636364,0.2979854111961857,276924.0
kNN_dc_ae_l10_k10,288,69.23367816363636,0.30104486155745686,370424.6875
kNN_dc_ae_l10_k10,289,69.2644266,0.3028171152936152,416392.21875
kNN_dc_ae_l10_k10,290,69.35791935818182,0.30820577597320115,277898.5
kNN_dc_ae_l10_k10,291,69.61843814545455,0.32322134907823014,264839.9375
kNN_dc_ae_l10_k10,292,69.80519480454545,0.33398547974530074,314212.65625
kNN_dc_ae_l10_k10,293,69.8553488,0.33687621554651076,315178.21875
kNN_dc_ae_l10_k10,294,69.88728480909091,0.3387169176479122,499323.65625
kNN_dc_ae_l10_k10,295,69.97248817863637,0.3436278011876287,307625.4375
kNN_dc_ae_l10_k10,296,70.05721009181819,0.3485109349312532,279011.9375
kNN_dc_ae_l10_k10,297,70.14929492727272,0.35381844688886305,292665.0625
kNN_dc_ae_l10_k10,298,70.15787111818182,0.35431275450831085,243693.78125
kNN_dc_ae_l10_k10,299,70.16147875909091,0.3545206888241977,407605.8125
kNN_dc_ae_l10_k10,300,70.20511073181818,0.3570355135056018,386058.4375
kNN_dc_ae_l10_k10,301,70.32331571818182,0.3638485177910241,339407.3125
kNN_dc_ae_l10_k10,302,70.37705808636363,0.36694607734409634,478424.40625
kNN_dc_ae_l10_k10,303,70.399005675,0.36821107487114013,293437.9375
kNN_dc_ae_l10_k10,304,70.50181075318181,0.37413647158884883,243223.828125
kNN_dc_ae_l10_k10,305,70.6102672090909,0.38038759788750787,466637.6875
kNN_dc_ae_l10_k10,306,70.7436578590909,0.38807586128520843,253618.328125
kNN_dc_ae_l10_k10,307,70.83137117272727,0.39313141097119886,320298.03125
kNN_dc_ae_l10_k10,308,70.8352099,0.39335266445774103,232543.09375
kNN_dc_ae_l10_k10,309,70.84563281363636,0.3939534120019492,344600.25
kNN_dc_ae_l10_k10,310,70.86294127272727,0.394951023097624,220569.59375
kNN_dc_ae_l10_k10,311,70.88488886772727,0.3962160209914498,236931.203125
kNN_dc_ae_l10_k10,312,70.94146290454545,0.3994767899923458,200305.84375
kNN_dc_ae_l10_k10,313,71.03486937272727,0.4048604771580567,332079.0
kNN_dc_ae_l10_k10,314,71.06114357272727,0.4063748484439294,221838.75
kNN_dc_ae_l10_k10,315,71.16676672727273,0.41246267118893826,260403.65625
kNN_dc_ae_l10_k10,316,71.17873871818182,0.41315270320770386,518956.75
kNN_dc_ae_l10_k10,317,71.2066498259091,0.4147614212694939,245704.09375
kNN_dc_ae_l10_k10,318,71.25545576818182,0.4175744590616155,380559.375
kNN_dc_ae_l10_k10,319,71.3174982909091,0.4211504162713988,305435.15625
kNN_dc_ae_l10_k10,320,71.36296618181818,0.4237710581338302,183342.859375
kNN_dc_ae_l10_k10,321,71.46931471818182,0.4299006898548213,468627.65625
kNN_dc_ae_l10_k10,322,71.72297334090909,0.4445208622928842,295352.9375
kNN_dc_ae_l10_k10,323,71.90808025909091,0.45518990651538743,239126.15625
kNN_dc_ae_l10_k10,324,71.99829709090909,0.46038975197625187,215743.828125
kNN_dc_ae_l10_k10,325,72.09644175681818,0.46604653558581094,277298.9375
kNN_dc_ae_l10_k10,326,72.15469048045455,0.4694038288435938,381245.4375
kNN_dc_ae_l10_k10,327,72.16259906363636,0.4698596574238161,223889.5
kNN_dc_ae_l10_k10,328,72.25012620454545,0.47490447663533314,232507.96875
kNN_dc_ae_l10_k10,329,72.32991709090909,0.4795033998064825,351239.0
kNN_dc_ae_l10_k10,330,72.3529890590909,0.4808332034207922,249872.34375
kNN_dc_ae_l10_k10,331,72.35690482818183,0.48105889738191765,255807.203125
kNN_dc_ae_l10_k10,332,72.45495321363636,0.48671013165578725,220254.796875
kNN_dc_ae_l10_k10,333,72.62635492727273,0.49658924628079065,239765.21875
kNN_dc_ae_l10_k10,334,72.63195748181819,0.49691216183031,197289.21875
kNN_dc_ae_l10_k10,335,72.83995069636363,0.5089003080636467,233689.328125
kNN_dc_ae_l10_k10,336,72.89617321363636,0.5121408164626576,253486.328125
kNN_dc_ae_l10_k10,337,73.03390340545455,0.5200791988943657,362295.0625
kNN_dc_ae_l10_k10,338,73.11911989545455,0.5249908386603275,214062.65625
kNN_dc_ae_l10_k10,339,73.13833258181818,0.5260982040816745,244824.578125
kNN_dc_ae_l10_k10,340,73.33471177272727,0.5374169505270702,211713.953125
kNN_dc_ae_l10_k10,341,73.33981687045456,0.5377111940591194,273400.90625
kNN_dc_ae_l10_k10,342,73.39854528636364,0.541096135435736,208336.09375
kNN_dc_ae_l10_k10,343,73.41015931818183,0.5417655356952554,655600.125
kNN_dc_ae_l10_k10,344,73.44266513181819,0.5436390797344586,316650.96875
kNN_dc_ae_l10_k10,345,73.44619574090909,0.5438425741521346,260980.625
kNN_dc_ae_l10_k10,346,73.46868897499999,0.5451390211546568,225892.78125
kNN_dc_ae_l10_k10,347,73.50964273636363,0.5474994812355564,312018.6875
kNN_dc_ae_l10_k10,348,73.53120189545454,0.548742090771711,329952.28125
kNN_dc_ae_l10_k10,349,73.63946159545455,0.5549818766109442,271648.5625
kNN_dc_ae_l10_k10,350,73.76844457272728,0.562416094099894,273690.78125
kNN_dc_ae_l10_k10,351,73.80118299272728,0.5643030449182952,247845.25
kNN_dc_ae_l10_k10,352,73.90576145,0.5703306542390226,418718.0
kNN_dc_ae_l10_k10,353,73.96756481363637,0.5738928269887642,232068.46875
kNN_dc_ae_l10_k10,354,74.00717849454546,0.5761760485862414,341820.9375
kNN_dc_ae_l10_k10,355,74.01135728181818,0.5764169021785707,377656.25
kNN_dc_ae_l10_k10,356,74.05095793636363,0.5786993729729389,248738.453125
kNN_dc_ae_l10_k10,357,74.05302495909092,0.5788185103725725,200748.59375
kNN_dc_ae_l10_k10,358,74.20412883636364,0.5875277145700669,340471.5
kNN_dc_ae_l10_k10,359,74.32802774090909,0.5946689003490705,831848.6875
kNN_dc_ae_l10_k10,360,74.38583995454546,0.5980010343932524,323430.1875
kNN_dc_ae_l10_k10,361,74.46433656818182,0.602525359310058,223468.78125
kNN_dc_ae_l10_k10,362,74.52572066363636,0.6060633666162982,272937.21875
kNN_dc_ae_l10_k10,363,74.86437946363637,0.625582711160682,572267.125
kNN_dc_ae_l10_k10,364,74.89747095909091,0.6274900122592099,252115.171875
kNN_dc_ae_l10_k10,365,74.9084351090909,0.6281219551512479,323828.6875
kNN_dc_ae_l10_k10,366,75.02020153181819,0.634563858665071,238410.40625
kNN_dc_ae_l10_k10,367,75.04613550454546,0.6360586202040249,223395.0
kNN_dc_ae_l10_k10,368,75.04910765454545,0.6362299266041167,453869.5625
kNN_dc_ae_l10_k10,369,75.04911406363637,0.6362302960061632,362924.375
kNN_dc_ae_l10_k10,370,75.14242499545455,0.6416084767235004,199424.546875
kNN_dc_ae_l10_k10,371,75.14524949545454,0.6417712729912052,262985.9375
kNN_dc_ae_l10_k10,372,75.21942449545455,0.6460465122041826,273605.4375
kNN_dc_ae_l10_k10,373,75.2494860690909,0.6477791770968547,264484.65625
kNN_dc_ae_l10_k10,374,75.29101026818182,0.6501725156103826,312485.8125
kNN_dc_ae_l10_k10,375,75.30463428181818,0.6509577655913236,229422.15625
kNN_dc_ae_l10_k10,376,75.35053226363635,0.6536031966889378,391245.8125
kNN_dc_ae_l10_k10,377,75.358434425,0.6540586551335503,203455.8125
kNN_dc_ae_l10_k10,378,75.4765098,0.6608641889830542,232635.90625
kNN_dc_ae_l10_k10,379,75.48288537727272,0.661231659397098,214579.59375
kNN_dc_ae_l10_k10,380,75.54217925454545,0.664649192382683,324497.0625
kNN_dc_ae_l10_k10,381,75.65154605454546,0.6709527883645888,328451.53125
kNN_dc_ae_l10_k10,382,75.68111334545455,0.672656964185499,380394.6875
kNN_dc_ae_l10_k10,383,75.77031593636364,0.677798351641565,238196.34375
kNN_dc_ae_l10_k10,384,75.78166525454546,0.6784524945486285,296355.25
kNN_dc_ae_l10_k10,385,75.79512009954546,0.6792279941232632,260701.5
kNN_dc_ae_l10_k10,386,75.84170493636363,0.6819130136189849,227916.28125
kNN_dc_ae_l10_k10,387,75.84312428636363,0.6819948209769487,231026.84375
kNN_dc_ae_l10_k10,388,76.02107943636364,0.6922516573157579,248342.296875
kNN_dc_ae_l10_k10,389,76.07231828181818,0.6952049208319687,248347.921875
kNN_dc_ae_l10_k10,390,76.16321556363636,0.7004439855246826,290450.28125
kNN_dc_ae_l10_k10,391,76.19598609272727,0.7023327870211363,339011.1875
kNN_dc_ae_l10_k10,392,76.26727722727273,0.7064418083079089,212135.03125
kNN_dc_ae_l10_k10,393,76.28929185454545,0.7077106697541566,314769.8125
kNN_dc_ae_l10_k10,394,76.28997104545455,0.707749816415534,227532.203125
kNN_dc_ae_l10_k10,395,76.32376224090909,0.7096974462619865,250197.34375
kNN_dc_ae_l10_k10,396,76.35414479090909,0.7114486113331051,261424.09375
kNN_dc_ae_l10_k10,397,76.39021483181818,0.71352758744781,278294.9375
kNN_dc_ae_l10_k10,398,76.45241142272727,0.7171124247159999,272556.40625
kNN_dc_ae_l10_k10,399,76.51437691681818,0.7206839422109638,230737.03125
kNN_dc_ae_l10_k10,400,76.5471795409091,0.7225745935733101,262078.921875
kNN_dc_ae_l10_k10,401,76.59774437272728,0.7254890088316404,263045.59375
kNN_dc_ae_l10_k10,402,76.63823088636364,0.7278225380624447,202055.46875
kNN_dc_ae_l10_k10,403,76.64452179545455,0.7281851284396704,290803.4375
kNN_dc_ae_l10_k10,404,76.67493643727272,0.7299381431932893,189828.578125
kNN_dc_ae_l10_k10,405,76.67586082272727,0.7299914221814013,356091.8125
kNN_dc_ae_l10_k10,406,76.81212329090908,0.7378452091342544,468844.90625
kNN_dc_ae_l10_k10,407,76.90558185454546,0.7432318989360301,325983.34375
kNN_dc_ae_l10_k10,408,76.91644974545454,0.7438582937237196,345077.0
kNN_dc_ae_l10_k10,409,76.98329391227273,0.7477110042480184,231978.65625
kNN_dc_ae_l10_k10,410,77.11547369545454,0.7553294766743298,244198.953125
kNN_dc_ae_l10_k10,411,77.14402031818182,0.7569748240404465,235393.546875
kNN_dc_ae_l10_k10,412,77.17084656363636,0.7585210136798696,203856.6875
kNN_dc_ae_l10_k10,413,77.25877326818183,0.7635888626200866,370620.78125
kNN_dc_ae_l10_k10,414,77.34552212272727,0.7685888235858233,177243.59375
kNN_dc_ae_l10_k10,415,77.52582683636363,0.7789810821907805,223261.84375
kNN_dc_ae_l10_k10,416,77.65479755863636,0.7864145933358604,534799.25
kNN_dc_ae_l10_k10,417,77.69959142727272,0.7889963864426363,303951.5625
kNN_dc_ae_l10_k10,418,77.72501827727272,0.7904619188481973,177757.0
kNN_dc_ae_l10_k10,419,77.83570625,0.7968416635250904,396087.84375
kNN_dc_ae_l10_k10,420,77.9733424409091,0.8047746280077235,247611.5
kNN_dc_ae_l10_k10,421,78.0566007590909,0.8095734042355274,234095.953125
kNN_dc_ae_l10_k10,422,78.20425748181819,0.818083924101565,243571.546875
kNN_dc_ae_l10_k10,423,78.23482706363636,0.8198458691627494,210925.703125
kNN_dc_ae_l10_k10,424,78.25971381363637,0.8212802717172971,273361.4375
kNN_dc_ae_l10_k10,425,78.3483194,0.8263872495037559,196918.96875
kNN_dc_ae_l10_k10,426,78.4185978909091,0.8304379048480556,193152.609375
kNN_dc_ae_l10_k10,427,78.53980069090909,0.837423694713678,261448.5
kNN_dc_ae_l10_k10,428,78.54177141363635,0.8375372816510761,256290.046875
kNN_dc_ae_l10_k10,429,78.57485005,0.8394438415876266,242801.453125
kNN_dc_ae_l10_k10,430,78.5853263609091,0.8400476668010531,198063.25
kNN_dc_ae_l10_k10,431,78.61859467727272,0.8419651593614511,316369.46875
kNN_dc_ae_l10_k10,432,78.63007529545455,0.8426268700327033,512371.3125
kNN_dc_ae_l10_k10,433,78.86957993181818,0.8564312463464417,338627.5625
kNN_dc_ae_l10_k10,434,79.22077921818182,0.8766733893950602,226230.375
kNN_dc_ae_l10_k10,435,79.25695136818182,0.8787582507917258,309184.5625
kNN_dc_ae_l10_k10,436,79.28284742727273,0.8802508270948876,289394.6875
kNN_dc_ae_l10_k10,437,79.36729972727272,0.8851184210899811,273645.8125
kNN_dc_ae_l10_k10,438,79.46781420454546,0.8909117939879693,726314.5
kNN_dc_ae_l10_k10,439,79.51125251363636,0.8934154564398847,290958.5625
kNN_dc_ae_l10_k10,440,79.62850745318183,0.9001737026880812,228982.53125
kNN_dc_ae_l10_k10,441,79.6499864090909,0.9014116895375086,241494.328125
kNN_dc_ae_l10_k10,442,79.75645692727272,0.9075483519487911,214969.0
kNN_dc_ae_l10_k10,443,79.91532173636364,0.9167048745155257,277061.1875
kNN_dc_ae_l10_k10,444,79.94757872272727,0.9185640768477706,232762.59375
kNN_dc_ae_l10_k10,445,80.02392345454545,0.9229643733246603,294228.21875
kNN_dc_ae_l10_k10,446,80.13685939999999,0.9294736848522888,299987.21875
kNN_dc_ae_l10_k10,447,80.28660759545454,0.9381047513474663,426535.6875
kNN_dc_ae_l10_k10,448,80.40461357272727,0.9449062853063745,351848.125
kNN_dc_ae_l10_k10,449,80.43965011363636,0.9469256933762311,381571.5625
kNN_dc_ae_l10_k10,450,80.56802326363636,0.954324762129495,423980.90625
kNN_dc_ae_l10_k10,451,80.69563893636364,0.9616801720146861,219349.546875
kNN_dc_ae_l10_k10,452,80.83871870454546,0.9699268890421825,439751.59375
kNN_dc_ae_l10_k10,453,80.88731798181819,0.9727280152426367,251382.875
kNN_dc_ae_l10_k10,454,80.98601989090909,0.9784169167881859,316420.9375
kNN_dc_ae_l10_k10,455,81.02786977272727,0.9808290267417757,264889.8125
kNN_dc_ae_l10_k10,456,81.46314962272727,1.0059173379428359,311508.78125
kNN_dc_ae_l10_k10,457,81.49191450454545,1.0075752651515413,256535.25
kNN_dc_ae_l10_k10,458,81.53910919545454,1.0102954349286748,218841.34375
kNN_dc_ae_l10_k10,459,81.65584415909092,1.0170237112220841,507589.0625
kNN_dc_ae_l10_k10,460,81.66778405000001,1.017711893086772,286452.625
kNN_dc_ae_l10_k10,461,82.0783984909091,1.0413785592032403,386475.25
kNN_dc_ae_l10_k10,462,82.11143467727273,1.0432826724407058,205426.34375
kNN_dc_ae_l10_k10,463,82.15394328181819,1.0457327493270108,350869.25
kNN_dc_ae_l10_k10,464,82.87086985,1.0870543883848574,242561.65625
kNN_dc_ae_l10_k10,465,83.04785639090909,1.0972553968090384,257545.96875
kNN_dc_ae_l10_k10,466,83.2706767,1.1100981352367167,238759.703125
kNN_dc_ae_l10_k10,467,83.28013232272727,1.1106431308426048,275704.3125
kNN_dc_ae_l10_k10,468,83.32162666818182,1.113034748676162,187588.65625
kNN_dc_ae_l10_k10,469,83.35334443181819,1.1148628717209361,275737.4375
kNN_dc_ae_l10_k10,470,83.45792123636365,1.1208903857830939,230300.21875
kNN_dc_ae_l10_k10,471,84.18152392727274,1.1625968178530641,226473.171875
kNN_dc_ae_l10_k10,472,84.62887205909091,1.188380711011149,200454.03125
kNN_dc_ae_l10_k10,473,85.11071750454545,1.2161529326896323,169783.296875
kNN_dc_ae_l10_k10,474,85.12217595454545,1.2168133656489846,216132.078125
kNN_dc_ae_l10_k10,475,85.54109655454546,1.2409587755073437,217402.078125
kNN_dc_ae_l10_k10,476,85.8163718359091,1.256824871594287,830602.625
kNN_dc_ae_l10_k10,477,86.0069106,1.2678069921987163,585010.0
kNN_dc_ae_l10_k10,478,86.07828567272726,1.2719208514471514,297446.5
kNN_dc_ae_l10_k10,479,86.46879091363637,1.2944284796076844,207195.609375
kNN_dc_ae_l10_k10,480,87.81027129545454,1.371747650915916,395815.46875
kNN_dc_ae_l10_k25,1,10.383351573636363,-3.0909231051976005,275267.9375
kNN_dc_ae_l10_k25,2,11.237612673636363,-3.0416858884420805,399171.1875
kNN_dc_ae_l10_k25,3,12.873956289545454,-2.9473716263235947,778051.25
kNN_dc_ae_l10_k25,4,13.852077771363637,-2.8909954441311574,250830.40625
kNN_dc_ae_l10_k25,5,14.772021149545454,-2.8379724848575316,258889.265625
kNN_dc_ae_l10_k25,6,15.774696462272727,-2.780181088634338,744191.6875
kNN_dc_ae_l10_k25,7,16.11136225,-2.760776615734313,371936.625
kNN_dc_ae_l10_k25,8,16.718538883636366,-2.7257806554602935,266838.90625
kNN_dc_ae_l10_k25,9,16.83383592,-2.719135257266808,221151.265625
kNN_dc_ae_l10_k25,10,16.977602550909094,-2.710848951395825,218088.0625
kNN_dc_ae_l10_k25,11,17.128398308636363,-2.702157506345793,360086.40625
kNN_dc_ae_l10_k25,12,17.49981897681818,-2.680749859495494,318844.0
kNN_dc_ae_l10_k25,13,18.01987185318182,-2.650775468530193,273634.59375
kNN_dc_ae_l10_k25,14,18.22368484818182,-2.639028258441373,463813.0
kNN_dc_ae_l10_k25,15,18.40435578590909,-2.628614891705722,290085.125
kNN_dc_ae_l10_k25,16,18.964998386363636,-2.5963010227481416,264942.90625
kNN_dc_ae_l10_k25,17,19.531784013636365,-2.563633086933271,202082.34375
kNN_dc_ae_l10_k25,18,21.457911477272727,-2.4526164956056054,339693.84375
kNN_dc_ae_l10_k25,19,22.164942098181818,-2.411865231226962,237636.1875
kNN_dc_ae_l10_k25,20,22.207954510454545,-2.4093861162745784,484368.40625
kNN_dc_ae_l10_k25,21,22.336504287727273,-2.401976867220102,226316.015625
kNN_dc_ae_l10_k25,22,22.775860404545455,-2.376653611418521,267048.125
kNN_dc_ae_l10_k25,23,23.03693973772727,-2.361605730017554,242343.234375
kNN_dc_ae_l10_k25,24,23.073138160909092,-2.359519354308287,277906.4375
kNN_dc_ae_l10_k25,25,23.859046570909094,-2.314221795127428,536127.375
kNN_dc_ae_l10_k25,26,24.108436355454547,-2.299847666563835,241190.375
kNN_dc_ae_l10_k25,27,24.136628927727273,-2.2982227256741137,241146.5625
kNN_dc_ae_l10_k25,28,24.706419758636365,-2.2653815783401448,328359.125
kNN_dc_ae_l10_k25,29,25.160939161363636,-2.2391843532157982,291925.09375
kNN_dc_ae_l10_k25,30,25.272293834545454,-2.2327661817923388,190181.71875
kNN_dc_ae_l10_k25,31,25.739496508636364,-2.205837928436342,310440.0625
kNN_dc_ae_l10_k25,32,26.08368123090909,-2.1860000852119685,284903.0625
kNN_dc_ae_l10_k25,33,26.26193154681818,-2.175726236337011,242089.796875
kNN_dc_ae_l10_k25,34,26.29922768272727,-2.1735765915411758,263129.125
kNN_dc_ae_l10_k25,35,26.647243233181822,-2.153517950111732,845541.8125
kNN_dc_ae_l10_k25,36,26.80277036,-2.144553802201322,236617.484375
kNN_dc_ae_l10_k25,37,27.710613355454544,-2.0922282750911965,436028.125
kNN_dc_ae_l10_k25,38,27.723830698181818,-2.0914664644822447,299908.46875
kNN_dc_ae_l10_k25,39,27.94224735681818,-2.078877540130785,240499.046875
kNN_dc_ae_l10_k25,40,28.008295531363636,-2.0750707083712667,229869.28125
kNN_dc_ae_l10_k25,41,28.427649107272728,-2.0509003429944066,284760.625
kNN_dc_ae_l10_k25,42,28.610673086363636,-2.0403513535461495,299861.71875
kNN_dc_ae_l10_k25,43,28.864666542727274,-2.0257118822352584,286000.375
kNN_dc_ae_l10_k25,44,28.872480873181818,-2.0252614861182057,270627.40625
kNN_dc_ae_l10_k25,45,29.867093540909092,-1.9679347981668596,943746.0625
kNN_dc_ae_l10_k25,46,30.946254809545454,-1.9057349657057894,228826.640625
kNN_dc_ae_l10_k25,47,31.113843444545456,-1.8960756262517786,303732.40625
kNN_dc_ae_l10_k25,48,31.75240744409091,-1.8592705861324392,213276.1875
kNN_dc_ae_l10_k25,49,31.962474827272725,-1.8471628906292867,208103.953125
kNN_dc_ae_l10_k25,50,32.10326235227273,-1.8390482920775113,255130.359375
kNN_dc_ae_l10_k25,51,32.57260997909091,-1.8119964096549876,248938.484375
kNN_dc_ae_l10_k25,52,33.29309288772727,-1.770469793095747,216922.078125
kNN_dc_ae_l10_k25,53,33.63066458409091,-1.751013106159651,266234.59375
kNN_dc_ae_l10_k25,54,33.94931614045454,-1.7326469230920152,214648.90625
kNN_dc_ae_l10_k25,55,34.254768114545456,-1.7150415269704833,315305.28125
kNN_dc_ae_l10_k25,56,35.01583384090909,-1.6711758304824154,251069.203125
kNN_dc_ae_l10_k25,57,35.61844186090909,-1.6364431923003018,311694.75
kNN_dc_ae_l10_k25,58,36.50372615909091,-1.5854178853071164,319792.25
kNN_dc_ae_l10_k25,59,36.74721518909091,-1.5713838597056917,331795.53125
kNN_dc_ae_l10_k25,60,37.183868766818186,-1.5462163706866658,308518.625
kNN_dc_ae_l10_k25,61,37.586910895,-1.5229861514634166,214422.421875
kNN_dc_ae_l10_k25,62,37.90925234181818,-1.504407293446501,228891.765625
kNN_dc_ae_l10_k25,63,39.159607152727276,-1.4323403447746748,350816.40625
kNN_dc_ae_l10_k25,64,39.16116855045455,-1.4322503501836308,376362.625
kNN_dc_ae_l10_k25,65,39.50363207727273,-1.4125117118436592,277409.1875
kNN_dc_ae_l10_k25,66,39.72578294681818,-1.3997075580360745,270095.03125
kNN_dc_ae_l10_k25,67,40.10658689318182,-1.3777590853168278,268436.5625
kNN_dc_ae_l10_k25,68,40.511631334545456,-1.3544134583708745,294699.09375
kNN_dc_ae_l10_k25,69,41.22542756590909,-1.3132722431581907,286806.21875
kNN_dc_ae_l10_k25,70,41.450596035,-1.3002941633660317,227870.0625
kNN_dc_ae_l10_k25,71,41.606778884545456,-1.2912922214345022,230503.125
kNN_dc_ae_l10_k25,72,41.74143011090909,-1.283531301946464,283280.09375
kNN_dc_ae_l10_k25,73,42.27668356454546,-1.2526807922886625,223671.125
kNN_dc_ae_l10_k25,74,42.349748590454546,-1.2484695288729066,267427.15625
kNN_dc_ae_l10_k25,75,42.93479045136364,-1.2147493548925703,390955.71875
kNN_dc_ae_l10_k25,76,42.999259720454546,-1.2110335268204517,290257.1875
kNN_dc_ae_l10_k25,77,43.14833512181818,-1.2024412382919711,256652.15625
kNN_dc_ae_l10_k25,78,43.849900354999995,-1.1620049835516937,303181.125
kNN_dc_ae_l10_k25,79,44.24228326,-1.1393891320928766,211285.453125
kNN_dc_ae_l10_k25,80,44.68483293727273,-1.113881808412842,424333.46875
kNN_dc_ae_l10_k25,81,45.014271393181815,-1.0948938986728347,254881.71875
kNN_dc_ae_l10_k25,82,45.044897863636365,-1.0931286747100122,553231.0625
kNN_dc_ae_l10_k25,83,45.242849799999995,-1.0817192796223616,232149.921875
kNN_dc_ae_l10_k25,84,45.34376912590909,-1.0759025723830795,245096.796875
kNN_dc_ae_l10_k25,85,45.44974382363636,-1.0697944876738517,260134.6875
kNN_dc_ae_l10_k25,86,45.87703164136364,-1.0451668148248472,229976.515625
kNN_dc_ae_l10_k25,87,46.05975058136364,-1.0346354069752812,293641.375
kNN_dc_ae_l10_k25,88,46.3385215,-1.0185678321482947,315952.59375
kNN_dc_ae_l10_k25,89,46.461104443636366,-1.0115024946696791,209806.765625
kNN_dc_ae_l10_k25,90,46.55172569545454,-1.00627933957292,259089.015625
kNN_dc_ae_l10_k25,91,46.63784059272727,-1.0013159181284732,219893.921875
kNN_dc_ae_l10_k25,92,46.92503363227272,-0.9847629158452418,252644.34375
kNN_dc_ae_l10_k25,93,46.98420985,-0.9813521644262555,246873.0
kNN_dc_ae_l10_k25,94,47.05894020545455,-0.9770449160806003,241684.5
kNN_dc_ae_l10_k25,95,47.18393024863636,-0.9698408401272126,346036.59375
kNN_dc_ae_l10_k25,96,47.45620903181818,-0.9541474538013544,230207.6875
kNN_dc_ae_l10_k25,97,47.57944400681818,-0.9470445350614799,229285.5625
kNN_dc_ae_l10_k25,98,47.68605184090909,-0.9408999581458618,220946.640625
kNN_dc_ae_l10_k25,99,47.85413733318182,-0.9312119812305011,465015.375
kNN_dc_ae_l10_k25,100,47.997159330454544,-0.9229685939563709,301852.03125
kNN_dc_ae_l10_k25,101,48.745656067727275,-0.8798273387898924,308376.75
kNN_dc_ae_l10_k25,102,48.974869975454546,-0.8666160912472533,235634.734375
kNN_dc_ae_l10_k25,103,49.269933079999994,-0.8496094804638982,282382.0
kNN_dc_ae_l10_k25,104,49.50143869090909,-0.8362661455696251,206950.9375
kNN_dc_ae_l10_k25,105,50.02686477227273,-0.8059820581201266,251729.625
kNN_dc_ae_l10_k25,106,50.24467801363637,-0.793427913049909,277695.6875
kNN_dc_ae_l10_k25,107,50.26601576545454,-0.7921980648087251,270817.0
kNN_dc_ae_l10_k25,108,50.287720933636365,-0.7909470397175866,281037.53125
kNN_dc_ae_l10_k25,109,50.397065763181814,-0.7846447100511362,308811.625
kNN_dc_ae_l10_k25,110,50.44004938636363,-0.782167254421305,402017.8125
kNN_dc_ae_l10_k25,111,50.53053583909091,-0.7769518687665316,230579.234375
kNN_dc_ae_l10_k25,112,50.744067415454545,-0.7646445068726515,296334.96875
kNN_dc_ae_l10_k25,113,50.877768575909094,-0.756938346522186,238665.796875
kNN_dc_ae_l10_k25,114,50.952142585000004,-0.7526516369826949,353107.6875
kNN_dc_ae_l10_k25,115,51.255980857727266,-0.7351392500872892,251041.90625
kNN_dc_ae_l10_k25,116,51.47010300409091,-0.7227978493929772,300273.1875
kNN_dc_ae_l10_k25,117,51.48649149727273,-0.7218532625551946,313369.59375
kNN_dc_ae_l10_k25,118,51.49088870772727,-0.7215998196625357,270914.25
kNN_dc_ae_l10_k25,119,51.669473619090915,-0.7113066856428819,265646.34375
kNN_dc_ae_l10_k25,120,51.78909724363636,-0.7044119150267025,511063.71875
kNN_dc_ae_l10_k25,121,51.85205774272727,-0.7007830482308545,229589.734375
kNN_dc_ae_l10_k25,122,51.87800455454545,-0.699287546682667,335693.96875
kNN_dc_ae_l10_k25,123,51.92553946363636,-0.6965477676825893,386989.71875
kNN_dc_ae_l10_k25,124,52.00039339090909,-0.6922333970034971,301154.90625
kNN_dc_ae_l10_k25,125,52.126720309090906,-0.6849522673201076,278963.53125
kNN_dc_ae_l10_k25,126,52.30133809090909,-0.6748877875343021,298656.1875
kNN_dc_ae_l10_k25,127,52.82782977227273,-0.6445422818858776,313101.03125
kNN_dc_ae_l10_k25,128,52.94948191,-0.637530593452388,273248.5
kNN_dc_ae_l10_k25,129,52.977303153181815,-0.6359270549312603,318373.09375
kNN_dc_ae_l10_k25,130,53.02329102272727,-0.6332764429568486,456914.4375
kNN_dc_ae_l10_k25,131,53.11169118954546,-0.6281813049775454,226550.0
kNN_dc_ae_l10_k25,132,53.15595768772727,-0.6256299080264427,283837.6875
kNN_dc_ae_l10_k25,133,53.19575964181818,-0.6233358348901765,237064.046875
kNN_dc_ae_l10_k25,134,53.738266159999995,-0.5920672789100433,435717.84375
kNN_dc_ae_l10_k25,135,54.35688324090909,-0.5564119233034402,249323.6875
kNN_dc_ae_l10_k25,136,54.43010616227273,-0.5521915592359978,274019.6875
kNN_dc_ae_l10_k25,137,54.51598353272727,-0.5472418281719658,392722.28125
kNN_dc_ae_l10_k25,138,54.63723127590909,-0.5402534479072425,327409.625
kNN_dc_ae_l10_k25,139,54.68535675181818,-0.5374796302901245,279118.96875
kNN_dc_ae_l10_k25,140,54.72388539863636,-0.5352589470181324,325657.375
kNN_dc_ae_l10_k25,141,55.23867115454546,-0.5055881381210048,247674.359375
kNN_dc_ae_l10_k25,142,55.2775563909091,-0.5033469020265294,349602.875
kNN_dc_ae_l10_k25,143,55.699695931818184,-0.47901596143141617,283015.4375
kNN_dc_ae_l10_k25,144,55.80372709545455,-0.4730198965827504,305470.375
kNN_dc_ae_l10_k25,145,55.82518654818182,-0.4717830338420878,306996.15625
kNN_dc_ae_l10_k25,146,56.236087309090905,-0.4480998650428898,277068.25
kNN_dc_ae_l10_k25,147,56.34353036818182,-0.44190714809799403,257723.734375
kNN_dc_ae_l10_k25,148,56.343846956363635,-0.44188890084205507,231991.71875
kNN_dc_ae_l10_k25,149,56.418747340909086,-0.4375718524959041,211160.015625
kNN_dc_ae_l10_k25,150,56.4284854,-0.43701057804920695,415150.59375
kNN_dc_ae_l10_k25,151,56.43083487727272,-0.4368751607608167,380296.53125
kNN_dc_ae_l10_k25,152,56.73676582727273,-0.41924215780964386,318626.78125
kNN_dc_ae_l10_k25,153,56.80215198181818,-0.415473483028404,1053101.0
kNN_dc_ae_l10_k25,154,56.838491672272724,-0.41337896506927063,226980.734375
kNN_dc_ae_l10_k25,155,56.87784920000001,-0.4111105074236286,366200.75
kNN_dc_ae_l10_k25,156,56.88495511818182,-0.41070094220549447,248814.375
kNN_dc_ae_l10_k25,157,56.89427865,-0.4101635599495794,196552.796875
kNN_dc_ae_l10_k25,158,57.014437336363635,-0.4032379498690725,296351.0
kNN_dc_ae_l10_k25,159,57.01605029863636,-0.40314498324207687,296102.53125
kNN_dc_ae_l10_k25,160,57.06027285454545,-0.40059611900047776,294929.96875
kNN_dc_ae_l10_k25,161,57.08577673045454,-0.3991261470372903,345201.40625
kNN_dc_ae_l10_k25,162,57.165035822727276,-0.39455787498782163,323865.875
kNN_dc_ae_l10_k25,163,57.30280682363637,-0.386617140434433,281929.6875
kNN_dc_ae_l10_k25,164,57.552973348181816,-0.3721982427531278,223656.203125
kNN_dc_ae_l10_k25,165,57.715692645,-0.3628195583114009,235487.140625
kNN_dc_ae_l10_k25,166,57.94736867727273,-0.34946640080713065,320229.78125
kNN_dc_ae_l10_k25,167,58.01582408181818,-0.3455208230538053,389117.40625
kNN_dc_ae_l10_k25,168,58.14704098045454,-0.33795784859535755,216898.5
kNN_dc_ae_l10_k25,169,58.40466673181818,-0.32310902197584374,364605.59375
kNN_dc_ae_l10_k25,170,58.48494007,-0.3184822916333907,254665.1875
kNN_dc_ae_l10_k25,171,58.90741873181818,-0.2941318050590592,290270.75
kNN_dc_ae_l10_k25,172,58.92814133636364,-0.29293741218345776,250340.296875
kNN_dc_ae_l10_k25,173,58.959711454090915,-0.29111779903528184,235925.71875
kNN_dc_ae_l10_k25,174,59.080638213636355,-0.2841479193681854,397993.1875
kNN_dc_ae_l10_k25,175,59.15176404636364,-0.2800484256151513,281909.03125
kNN_dc_ae_l10_k25,176,59.165360129545455,-0.27926478546736844,216836.375
kNN_dc_ae_l10_k25,177,59.343238913181814,-0.26901235067183393,189435.71875
kNN_dc_ae_l10_k25,178,59.52943686818182,-0.2582804221434605,333086.125
kNN_dc_ae_l10_k25,179,59.53394987363636,-0.2580203051513792,511956.375
kNN_dc_ae_l10_k25,180,59.61907620909091,-0.2531138616408659,308372.875
kNN_dc_ae_l10_k25,181,59.64024705,-0.25189363367691286,291514.40625
kNN_dc_ae_l10_k25,182,59.81487126545455,-0.2418287830743299,582035.9375
kNN_dc_ae_l10_k25,183,59.821444613636366,-0.241449913699103,295793.1875
kNN_dc_ae_l10_k25,184,59.82249576181818,-0.241389328462493,246092.078125
kNN_dc_ae_l10_k25,185,60.13491826227273,-0.22338217072795283,609713.5
kNN_dc_ae_l10_k25,186,60.66603184545455,-0.19277027160609897,254608.046875
kNN_dc_ae_l10_k25,187,60.91525143409091,-0.1784059526579342,461915.6875
kNN_dc_ae_l10_k25,188,60.98922430909091,-0.17414236336374334,272000.75
kNN_dc_ae_l10_k25,189,61.15445065909091,-0.16461917939964438,244433.796875
kNN_dc_ae_l10_k25,190,61.257236485,-0.15869489232900422,365071.96875
kNN_dc_ae_l10_k25,191,61.38288141818182,-0.1514530703505647,260117.796875
kNN_dc_ae_l10_k25,192,61.41676890772727,-0.14949989038246164,270873.5
kNN_dc_ae_l10_k25,193,61.450913154545454,-0.1475319116444142,297075.40625
kNN_dc_ae_l10_k25,194,61.557454278181815,-0.14139117973251966,371186.8125
kNN_dc_ae_l10_k25,195,61.612018317727276,-0.1382462613438015,275268.0
kNN_dc_ae_l10_k25,196,61.66026577136363,-0.13546541327218128,448003.3125
kNN_dc_ae_l10_k25,197,61.784896459090916,-0.12828204956052722,297883.8125
kNN_dc_ae_l10_k25,198,61.80260090454545,-0.12726161492013313,356908.59375
kNN_dc_ae_l10_k25,199,62.04634134636364,-0.11321309864578996,371854.0
kNN_dc_ae_l10_k25,200,62.140166177272725,-0.1078052982244427,273119.8125
kNN_dc_ae_l10_k25,201,62.30800517363637,-0.0981315286427709,968069.125
kNN_dc_ae_l10_k25,202,62.48285368636363,-0.08805375017371433,301419.5
kNN_dc_ae_l10_k25,203,62.50087945,-0.08701479565343062,292085.75
kNN_dc_ae_l10_k25,204,62.515273900000004,-0.08618513987871876,245400.453125
kNN_dc_ae_l10_k25,205,62.56153540454545,-0.08351875634944335,230213.5625
kNN_dc_ae_l10_k25,206,62.62842450590909,-0.07966345592382028,322954.5625
kNN_dc_ae_l10_k25,207,62.64787497272727,-0.07854238550316901,240002.09375
kNN_dc_ae_l10_k25,208,62.80573838590909,-0.06944358059141646,310681.375
kNN_dc_ae_l10_k25,209,62.831736559090906,-0.06794511871810778,270228.71875
kNN_dc_ae_l10_k25,210,63.033077886363635,-0.05634036863318487,807523.4375
kNN_dc_ae_l10_k25,211,63.2958711590909,-0.041193700558090865,256611.3125
kNN_dc_ae_l10_k25,212,63.30556153181818,-0.04063517461980955,297103.25
kNN_dc_ae_l10_k25,213,63.451246159090914,-0.0322383208113255,357111.75
kNN_dc_ae_l10_k25,214,63.51674641363636,-0.02846306962571502,297729.8125
kNN_dc_ae_l10_k25,215,63.52993807136364,-0.027702739428211564,233804.34375
kNN_dc_ae_l10_k25,216,63.601648069090906,-0.02356957604100441,226686.765625
kNN_dc_ae_l10_k25,217,63.632569839545454,-0.021787331813408223,320513.59375
kNN_dc_ae_l10_k25,218,63.65115097727273,-0.02071636708629849,328115.0
kNN_dc_ae_l10_k25,219,63.71100458181818,-0.017266572988681755,254616.40625
kNN_dc_ae_l10_k25,220,63.89873966363636,-0.006446048776474242,230355.40625
kNN_dc_ae_l10_k25,221,63.92419218818182,-0.004979036562035517,213730.28125
kNN_dc_ae_l10_k25,222,63.96103896818182,-0.002855291382016408,320142.6875
kNN_dc_ae_l10_k25,223,63.99746849090909,-0.0007555957423308915,489875.0
kNN_dc_ae_l10_k25,224,64.02118780454545,0.000611519050564863,329252.40625
kNN_dc_ae_l10_k25,225,64.02835174090909,0.0010244282741725598,219171.796875
kNN_dc_ae_l10_k25,226,64.1043883409091,0.005406964896234798,416741.96875
kNN_dc_ae_l10_k25,227,64.15682117727273,0.008429046703709133,242270.953125
kNN_dc_ae_l10_k25,228,64.23845857272727,0.01313439748621699,371362.875
kNN_dc_ae_l10_k25,229,64.25370258636363,0.014013019729039077,271836.34375
kNN_dc_ae_l10_k25,230,64.32671434181817,0.01822121278502206,356787.6875
kNN_dc_ae_l10_k25,231,64.40631527727272,0.022809187717882526,259562.984375
kNN_dc_ae_l10_k25,232,64.56676404090909,0.032057004987472486,497923.15625
kNN_dc_ae_l10_k25,233,64.70266141363636,0.0398897488610707,287096.65625
kNN_dc_ae_l10_k25,234,64.83579067045456,0.047562946288015,380461.5625
kNN_dc_ae_l10_k25,235,64.88276691590909,0.05027052548108044,432810.875
kNN_dc_ae_l10_k25,236,64.91428311818181,0.05208703109348984,274594.03125
kNN_dc_ae_l10_k25,237,64.99876317727272,0.056956225044821694,432100.96875
kNN_dc_ae_l10_k25,238,65.11283459954545,0.06353098227543044,387445.8125
kNN_dc_ae_l10_k25,239,65.12859398045454,0.06443930884414997,255046.875
kNN_dc_ae_l10_k25,240,65.15700578272727,0.06607688553694015,237976.859375
kNN_dc_ae_l10_k25,241,65.26560826818182,0.07233642856952589,284297.46875
kNN_dc_ae_l10_k25,242,65.49862164545455,0.08576666689328061,348949.28125
kNN_dc_ae_l10_k25,243,65.58085287863636,0.09050624481886647,243744.8125
kNN_dc_ae_l10_k25,244,65.74797291818182,0.10013857574355729,267994.375
kNN_dc_ae_l10_k25,245,65.77319434545456,0.10159226815857124,278686.5
kNN_dc_ae_l10_k25,246,65.79643795909091,0.10293196493604907,246459.78125
kNN_dc_ae_l10_k25,247,65.90152255454545,0.10898874664372764,317456.78125
kNN_dc_ae_l10_k25,248,66.06104215454546,0.11818300952419154,307235.1875
kNN_dc_ae_l10_k25,249,66.34667021363636,0.13464581071801482,324103.5625
kNN_dc_ae_l10_k25,250,66.41367993636364,0.13850806342114064,252609.859375
kNN_dc_ae_l10_k25,251,66.49486482500001,0.14318733297826053,400361.6875
kNN_dc_ae_l10_k25,252,66.57540134545455,0.14782923240965884,333057.9375
kNN_dc_ae_l10_k25,253,66.64770191772728,0.15199643485928482,351935.8125
kNN_dc_ae_l10_k25,254,66.69631712272727,0.15479847908932004,242717.875
kNN_dc_ae_l10_k25,255,66.69915260454546,0.15496190831826281,551386.5
kNN_dc_ae_l10_k25,256,66.84640655909091,0.16344921375457688,251185.875
kNN_dc_ae_l10_k25,257,66.92138232272727,0.1677706067403678,205931.921875
kNN_dc_ae_l10_k25,258,67.1600262,0.1815253713113582,222279.90625
kNN_dc_ae_l10_k25,259,67.24224864545455,0.1862644427369615,419183.875
kNN_dc_ae_l10_k25,260,67.33497136227273,0.19160872038946963,1949947.25
kNN_dc_ae_l10_k25,261,67.50431248636363,0.20136906840541843,339718.0
kNN_dc_ae_l10_k25,262,67.65232870272727,0.20990030847760313,284313.4375
kNN_dc_ae_l10_k25,263,67.78208407272727,0.2173790445196429,245305.265625
kNN_dc_ae_l10_k25,264,67.84529925,0.2210225902524589,251676.09375
kNN_dc_ae_l10_k25,265,67.89158320909091,0.22369026799883285,279765.65625
kNN_dc_ae_l10_k25,266,67.98637594090908,0.22915385551719142,282395.6875
kNN_dc_ae_l10_k25,267,68.0851692090909,0.234848022744816,308778.125
kNN_dc_ae_l10_k25,268,68.12695885,0.23725666058115907,234080.6875
kNN_dc_ae_l10_k25,269,68.2302839,0.24321202701786718,402222.28125
kNN_dc_ae_l10_k25,270,68.23565684545454,0.24352170854259156,273329.03125
kNN_dc_ae_l10_k25,271,68.26595938409092,0.24526826198284749,218732.5
kNN_dc_ae_l10_k25,272,68.27114585318182,0.2455671955323495,355054.0
kNN_dc_ae_l10_k25,273,68.32032611363637,0.24840180797589106,286016.78125
kNN_dc_ae_l10_k25,274,68.38830778636363,0.25232008115428434,429242.0
kNN_dc_ae_l10_k25,275,68.41746199090909,0.2540004478343775,260798.640625
kNN_dc_ae_l10_k25,276,68.46063733181818,0.256488953536948,307909.59375
kNN_dc_ae_l10_k25,277,68.46664887727273,0.256835442176758,232537.703125
kNN_dc_ae_l10_k25,278,68.47213741363636,0.2571517860376766,450972.625
kNN_dc_ae_l10_k25,279,68.93374281227273,0.283757428116166,274028.3125
kNN_dc_ae_l10_k25,280,69.04567613727274,0.29020895140944425,255440.125
kNN_dc_ae_l10_k25,281,69.05974111818182,0.2910196175086998,363071.28125
kNN_dc_ae_l10_k25,282,69.09219679545454,0.2928902718283501,316047.375
kNN_dc_ae_l10_k25,283,69.09712682727273,0.29317442505181285,224878.59375
kNN_dc_ae_l10_k25,284,69.10091421363637,0.29339271939217726,252120.875
kNN_dc_ae_l10_k25,285,69.10780212727273,0.2937897194390094,233654.484375
kNN_dc_ae_l10_k25,286,69.12065298636364,0.2945304069577943,316486.03125
kNN_dc_ae_l10_k25,287,69.18059698636364,0.2979854111961857,306116.90625
kNN_dc_ae_l10_k25,288,69.23367816363636,0.30104486155745686,394339.96875
kNN_dc_ae_l10_k25,289,69.2644266,0.3028171152936152,434673.3125
kNN_dc_ae_l10_k25,290,69.35791935818182,0.30820577597320115,294039.53125
kNN_dc_ae_l10_k25,291,69.61843814545455,0.32322134907823014,284664.90625
kNN_dc_ae_l10_k25,292,69.80519480454545,0.33398547974530074,333172.8125
kNN_dc_ae_l10_k25,293,69.8553488,0.33687621554651076,336425.28125
kNN_dc_ae_l10_k25,294,69.88728480909091,0.3387169176479122,522662.46875
kNN_dc_ae_l10_k25,295,69.97248817863637,0.3436278011876287,328328.8125
kNN_dc_ae_l10_k25,296,70.05721009181819,0.3485109349312532,293252.0625
kNN_dc_ae_l10_k25,297,70.14929492727272,0.35381844688886305,317711.625
kNN_dc_ae_l10_k25,298,70.15787111818182,0.35431275450831085,268035.15625
kNN_dc_ae_l10_k25,299,70.16147875909091,0.3545206888241977,433727.1875
kNN_dc_ae_l10_k25,300,70.20511073181818,0.3570355135056018,403607.59375
kNN_dc_ae_l10_k25,301,70.32331571818182,0.3638485177910241,384087.84375
kNN_dc_ae_l10_k25,302,70.37705808636363,0.36694607734409634,493848.3125
kNN_dc_ae_l10_k25,303,70.399005675,0.36821107487114013,309923.03125
kNN_dc_ae_l10_k25,304,70.50181075318181,0.37413647158884883,258710.015625
kNN_dc_ae_l10_k25,305,70.6102672090909,0.38038759788750787,484770.71875
kNN_dc_ae_l10_k25,306,70.7436578590909,0.38807586128520843,279881.0
kNN_dc_ae_l10_k25,307,70.83137117272727,0.39313141097119886,339052.25
kNN_dc_ae_l10_k25,308,70.8352099,0.39335266445774103,247474.984375
kNN_dc_ae_l10_k25,309,70.84563281363636,0.3939534120019492,362200.96875
kNN_dc_ae_l10_k25,310,70.86294127272727,0.394951023097624,244447.859375
kNN_dc_ae_l10_k25,311,70.88488886772727,0.3962160209914498,254468.875
kNN_dc_ae_l10_k25,312,70.94146290454545,0.3994767899923458,212877.90625
kNN_dc_ae_l10_k25,313,71.03486937272727,0.4048604771580567,351490.59375
kNN_dc_ae_l10_k25,314,71.06114357272727,0.4063748484439294,244562.09375
kNN_dc_ae_l10_k25,315,71.16676672727273,0.41246267118893826,282016.90625
kNN_dc_ae_l10_k25,316,71.17873871818182,0.41315270320770386,537181.625
kNN_dc_ae_l10_k25,317,71.2066498259091,0.4147614212694939,259333.859375
kNN_dc_ae_l10_k25,318,71.25545576818182,0.4175744590616155,401043.71875
kNN_dc_ae_l10_k25,319,71.3174982909091,0.4211504162713988,324756.875
kNN_dc_ae_l10_k25,320,71.36296618181818,0.4237710581338302,204777.140625
kNN_dc_ae_l10_k25,321,71.46931471818182,0.4299006898548213,488954.875
kNN_dc_ae_l10_k25,322,71.72297334090909,0.4445208622928842,321611.6875
kNN_dc_ae_l10_k25,323,71.90808025909091,0.45518990651538743,258663.71875
kNN_dc_ae_l10_k25,324,71.99829709090909,0.46038975197625187,237718.484375
kNN_dc_ae_l10_k25,325,72.09644175681818,0.46604653558581094,303907.90625
kNN_dc_ae_l10_k25,326,72.15469048045455,0.4694038288435938,401371.84375
kNN_dc_ae_l10_k25,327,72.16259906363636,0.4698596574238161,246024.578125
kNN_dc_ae_l10_k25,328,72.25012620454545,0.47490447663533314,246052.59375
kNN_dc_ae_l10_k25,329,72.32991709090909,0.4795033998064825,369879.5625
kNN_dc_ae_l10_k25,330,72.3529890590909,0.4808332034207922,262587.46875
kNN_dc_ae_l10_k25,331,72.35690482818183,0.48105889738191765,277850.625
kNN_dc_ae_l10_k25,332,72.45495321363636,0.48671013165578725,246879.0
kNN_dc_ae_l10_k25,333,72.62635492727273,0.49658924628079065,260368.421875
kNN_dc_ae_l10_k25,334,72.63195748181819,0.49691216183031,217576.59375
kNN_dc_ae_l10_k25,335,72.83995069636363,0.5089003080636467,246320.046875
kNN_dc_ae_l10_k25,336,72.89617321363636,0.5121408164626576,271224.4375
kNN_dc_ae_l10_k25,337,73.03390340545455,0.5200791988943657,387470.6875
kNN_dc_ae_l10_k25,338,73.11911989545455,0.5249908386603275,233957.515625
kNN_dc_ae_l10_k25,339,73.13833258181818,0.5260982040816745,260113.15625
kNN_dc_ae_l10_k25,340,73.33471177272727,0.5374169505270702,238690.40625
kNN_dc_ae_l10_k25,341,73.33981687045456,0.5377111940591194,288173.03125
kNN_dc_ae_l10_k25,342,73.39854528636364,0.541096135435736,222990.28125
kNN_dc_ae_l10_k25,343,73.41015931818183,0.5417655356952554,722801.625
kNN_dc_ae_l10_k25,344,73.44266513181819,0.5436390797344586,341384.09375
kNN_dc_ae_l10_k25,345,73.44619574090909,0.5438425741521346,279099.65625
kNN_dc_ae_l10_k25,346,73.46868897499999,0.5451390211546568,241612.28125
kNN_dc_ae_l10_k25,347,73.50964273636363,0.5474994812355564,330104.53125
kNN_dc_ae_l10_k25,348,73.53120189545454,0.548742090771711,351018.8125
kNN_dc_ae_l10_k25,349,73.63946159545455,0.5549818766109442,295804.125
kNN_dc_ae_l10_k25,350,73.76844457272728,0.562416094099894,289357.5625
kNN_dc_ae_l10_k25,351,73.80118299272728,0.5643030449182952,272871.8125
kNN_dc_ae_l10_k25,352,73.90576145,0.5703306542390226,445159.90625
kNN_dc_ae_l10_k25,353,73.96756481363637,0.5738928269887642,244088.578125
kNN_dc_ae_l10_k25,354,74.00717849454546,0.5761760485862414,366139.3125
kNN_dc_ae_l10_k25,355,74.01135728181818,0.5764169021785707,403323.3125
kNN_dc_ae_l10_k25,356,74.05095793636363,0.5786993729729389,270088.96875
kNN_dc_ae_l10_k25,357,74.05302495909092,0.5788185103725725,219000.65625
kNN_dc_ae_l10_k25,358,74.20412883636364,0.5875277145700669,388804.28125
kNN_dc_ae_l10_k25,359,74.32802774090909,0.5946689003490705,855181.5
kNN_dc_ae_l10_k25,360,74.38583995454546,0.5980010343932524,361784.1875
kNN_dc_ae_l10_k25,361,74.46433656818182,0.602525359310058,237029.421875
kNN_dc_ae_l10_k25,362,74.52572066363636,0.6060633666162982,289119.03125
kNN_dc_ae_l10_k25,363,74.86437946363637,0.625582711160682,594065.5
kNN_dc_ae_l10_k25,364,74.89747095909091,0.6274900122592099,278003.25
kNN_dc_ae_l10_k25,365,74.9084351090909,0.6281219551512479,342884.40625
kNN_dc_ae_l10_k25,366,75.02020153181819,0.634563858665071,260386.453125
kNN_dc_ae_l10_k25,367,75.04613550454546,0.6360586202040249,242465.65625
kNN_dc_ae_l10_k25,368,75.04910765454545,0.6362299266041167,488976.59375
kNN_dc_ae_l10_k25,369,75.04911406363637,0.6362302960061632,384585.5625
kNN_dc_ae_l10_k25,370,75.14242499545455,0.6416084767235004,219769.6875
kNN_dc_ae_l10_k25,371,75.14524949545454,0.6417712729912052,291485.53125
kNN_dc_ae_l10_k25,372,75.21942449545455,0.6460465122041826,290747.6875
kNN_dc_ae_l10_k25,373,75.2494860690909,0.6477791770968547,291729.96875
kNN_dc_ae_l10_k25,374,75.29101026818182,0.6501725156103826,333865.9375
kNN_dc_ae_l10_k25,375,75.30463428181818,0.6509577655913236,246636.953125
kNN_dc_ae_l10_k25,376,75.35053226363635,0.6536031966889378,414780.3125
kNN_dc_ae_l10_k25,377,75.358434425,0.6540586551335503,228136.140625
kNN_dc_ae_l10_k25,378,75.4765098,0.6608641889830542,249251.625
kNN_dc_ae_l10_k25,379,75.48288537727272,0.661231659397098,233462.953125
kNN_dc_ae_l10_k25,380,75.54217925454545,0.664649192382683,347821.1875
kNN_dc_ae_l10_k25,381,75.65154605454546,0.6709527883645888,345108.09375
kNN_dc_ae_l10_k25,382,75.68111334545455,0.672656964185499,400351.625
kNN_dc_ae_l10_k25,383,75.77031593636364,0.677798351641565,259211.734375
kNN_dc_ae_l10_k25,384,75.78166525454546,0.6784524945486285,314971.125
kNN_dc_ae_l10_k25,385,75.79512009954546,0.6792279941232632,271703.3125
kNN_dc_ae_l10_k25,386,75.84170493636363,0.6819130136189849,245113.5
kNN_dc_ae_l10_k25,387,75.84312428636363,0.6819948209769487,246463.453125
kNN_dc_ae_l10_k25,388,76.02107943636364,0.6922516573157579,266558.28125
kNN_dc_ae_l10_k25,389,76.07231828181818,0.6952049208319687,272110.1875
kNN_dc_ae_l10_k25,390,76.16321556363636,0.7004439855246826,308179.75
kNN_dc_ae_l10_k25,391,76.19598609272727,0.7023327870211363,360556.09375
kNN_dc_ae_l10_k25,392,76.26727722727273,0.7064418083079089,233090.28125
kNN_dc_ae_l10_k25,393,76.28929185454545,0.7077106697541566,334580.0625
kNN_dc_ae_l10_k25,394,76.28997104545455,0.707749816415534,245753.65625
kNN_dc_ae_l10_k25,395,76.32376224090909,0.7096974462619865,277457.03125
kNN_dc_ae_l10_k25,396,76.35414479090909,0.7114486113331051,279473.6875
kNN_dc_ae_l10_k25,397,76.39021483181818,0.71352758744781,295644.25
kNN_dc_ae_l10_k25,398,76.45241142272727,0.7171124247159999,305446.90625
kNN_dc_ae_l10_k25,399,76.51437691681818,0.7206839422109638,257928.1875
kNN_dc_ae_l10_k25,400,76.5471795409091,0.7225745935733101,284943.96875
kNN_dc_ae_l10_k25,401,76.59774437272728,0.7254890088316404,283216.53125
kNN_dc_ae_l10_k25,402,76.63823088636364,0.7278225380624447,223057.859375
kNN_dc_ae_l10_k25,403,76.64452179545455,0.7281851284396704,315903.25
kNN_dc_ae_l10_k25,404,76.67493643727272,0.7299381431932893,208454.046875
kNN_dc_ae_l10_k25,405,76.67586082272727,0.7299914221814013,371663.96875
kNN_dc_ae_l10_k25,406,76.81212329090908,0.7378452091342544,499574.46875
kNN_dc_ae_l10_k25,407,76.90558185454546,0.7432318989360301,347018.15625
kNN_dc_ae_l10_k25,408,76.91644974545454,0.7438582937237196,361762.0
kNN_dc_ae_l10_k25,409,76.98329391227273,0.7477110042480184,250130.3125
kNN_dc_ae_l10_k25,410,77.11547369545454,0.7553294766743298,265900.3125
kNN_dc_ae_l10_k25,411,77.14402031818182,0.7569748240404465,249163.1875
kNN_dc_ae_l10_k25,412,77.17084656363636,0.7585210136798696,223169.625
kNN_dc_ae_l10_k25,413,77.25877326818183,0.7635888626200866,393384.03125
kNN_dc_ae_l10_k25,414,77.34552212272727,0.7685888235858233,202740.546875
kNN_dc_ae_l10_k25,415,77.52582683636363,0.7789810821907805,242730.09375
kNN_dc_ae_l10_k25,416,77.65479755863636,0.7864145933358604,558095.125
kNN_dc_ae_l10_k25,417,77.69959142727272,0.7889963864426363,321574.25
kNN_dc_ae_l10_k25,418,77.72501827727272,0.7904619188481973,194207.5625
kNN_dc_ae_l10_k25,419,77.83570625,0.7968416635250904,416110.375
kNN_dc_ae_l10_k25,420,77.9733424409091,0.8047746280077235,271900.25
kNN_dc_ae_l10_k25,421,78.0566007590909,0.8095734042355274,254239.59375
kNN_dc_ae_l10_k25,422,78.20425748181819,0.818083924101565,257443.375
kNN_dc_ae_l10_k25,423,78.23482706363636,0.8198458691627494,234750.578125
kNN_dc_ae_l10_k25,424,78.25971381363637,0.8212802717172971,292408.6875
kNN_dc_ae_l10_k25,425,78.3483194,0.8263872495037559,214291.9375
kNN_dc_ae_l10_k25,426,78.4185978909091,0.8304379048480556,217325.78125
kNN_dc_ae_l10_k25,427,78.53980069090909,0.837423694713678,282835.96875
kNN_dc_ae_l10_k25,428,78.54177141363635,0.8375372816510761,276179.375
kNN_dc_ae_l10_k25,429,78.57485005,0.8394438415876266,259612.421875
kNN_dc_ae_l10_k25,430,78.5853263609091,0.8400476668010531,214810.5
kNN_dc_ae_l10_k25,431,78.61859467727272,0.8419651593614511,336915.28125
kNN_dc_ae_l10_k25,432,78.63007529545455,0.8426268700327033,542678.9375
kNN_dc_ae_l10_k25,433,78.86957993181818,0.8564312463464417,357810.3125
kNN_dc_ae_l10_k25,434,79.22077921818182,0.8766733893950602,248175.296875
kNN_dc_ae_l10_k25,435,79.25695136818182,0.8787582507917258,326338.21875
kNN_dc_ae_l10_k25,436,79.28284742727273,0.8802508270948876,306962.25
kNN_dc_ae_l10_k25,437,79.36729972727272,0.8851184210899811,293303.46875
kNN_dc_ae_l10_k25,438,79.46781420454546,0.8909117939879693,752922.8125
kNN_dc_ae_l10_k25,439,79.51125251363636,0.8934154564398847,307016.3125
kNN_dc_ae_l10_k25,440,79.62850745318183,0.9001737026880812,245642.59375
kNN_dc_ae_l10_k25,441,79.6499864090909,0.9014116895375086,264072.0
kNN_dc_ae_l10_k25,442,79.75645692727272,0.9075483519487911,230301.515625
kNN_dc_ae_l10_k25,443,79.91532173636364,0.9167048745155257,294748.59375
kNN_dc_ae_l10_k25,444,79.94757872272727,0.9185640768477706,251312.78125
kNN_dc_ae_l10_k25,445,80.02392345454545,0.9229643733246603,311919.65625
kNN_dc_ae_l10_k25,446,80.13685939999999,0.9294736848522888,325357.21875
kNN_dc_ae_l10_k25,447,80.28660759545454,0.9381047513474663,446148.0
kNN_dc_ae_l10_k25,448,80.40461357272727,0.9449062853063745,371612.84375
kNN_dc_ae_l10_k25,449,80.43965011363636,0.9469256933762311,399282.90625
kNN_dc_ae_l10_k25,450,80.56802326363636,0.954324762129495,453897.03125
kNN_dc_ae_l10_k25,451,80.69563893636364,0.9616801720146861,250971.359375
kNN_dc_ae_l10_k25,452,80.83871870454546,0.9699268890421825,462000.15625
kNN_dc_ae_l10_k25,453,80.88731798181819,0.9727280152426367,277438.875
kNN_dc_ae_l10_k25,454,80.98601989090909,0.9784169167881859,352704.03125
kNN_dc_ae_l10_k25,455,81.02786977272727,0.9808290267417757,291729.1875
kNN_dc_ae_l10_k25,456,81.46314962272727,1.0059173379428359,329633.53125
kNN_dc_ae_l10_k25,457,81.49191450454545,1.0075752651515413,278784.75
kNN_dc_ae_l10_k25,458,81.53910919545454,1.0102954349286748,233013.15625
kNN_dc_ae_l10_k25,459,81.65584415909092,1.0170237112220841,532533.75
kNN_dc_ae_l10_k25,460,81.66778405000001,1.017711893086772,300206.90625
kNN_dc_ae_l10_k25,461,82.0783984909091,1.0413785592032403,411874.15625
kNN_dc_ae_l10_k25,462,82.11143467727273,1.0432826724407058,228165.1875
kNN_dc_ae_l10_k25,463,82.15394328181819,1.0457327493270108,373977.46875
kNN_dc_ae_l10_k25,464,82.87086985,1.0870543883848574,288747.8125
kNN_dc_ae_l10_k25,465,83.04785639090909,1.0972553968090384,276075.65625
kNN_dc_ae_l10_k25,466,83.2706767,1.1100981352367167,253007.765625
kNN_dc_ae_l10_k25,467,83.28013232272727,1.1106431308426048,303715.9375
kNN_dc_ae_l10_k25,468,83.32162666818182,1.113034748676162,203757.15625
kNN_dc_ae_l10_k25,469,83.35334443181819,1.1148628717209361,295007.15625
kNN_dc_ae_l10_k25,470,83.45792123636365,1.1208903857830939,250611.796875
kNN_dc_ae_l10_k25,471,84.18152392727274,1.1625968178530641,250351.78125
kNN_dc_ae_l10_k25,472,84.62887205909091,1.188380711011149,216453.78125
kNN_dc_ae_l10_k25,473,85.11071750454545,1.2161529326896323,190324.5
kNN_dc_ae_l10_k25,474,85.12217595454545,1.2168133656489846,231610.28125
kNN_dc_ae_l10_k25,475,85.54109655454546,1.2409587755073437,243110.921875
kNN_dc_ae_l10_k25,476,85.8163718359091,1.256824871594287,852388.0
kNN_dc_ae_l10_k25,477,86.0069106,1.2678069921987163,604335.375
kNN_dc_ae_l10_k25,478,86.07828567272726,1.2719208514471514,315540.90625
kNN_dc_ae_l10_k25,479,86.46879091363637,1.2944284796076844,223612.453125
kNN_dc_ae_l10_k25,480,87.81027129545454,1.371747650915916,425863.0
kNN_dc_ae_l10_k50,1,10.383351573636363,-3.0909231051976005,322611.28125
kNN_dc_ae_l10_k50,2,11.237612673636363,-3.0416858884420805,446017.40625
kNN_dc_ae_l10_k50,3,12.873956289545454,-2.9473716263235947,836765.75
kNN_dc_ae_l10_k50,4,13.852077771363637,-2.8909954441311574,300193.0
kNN_dc_ae_l10_k50,5,14.772021149545454,-2.8379724848575316,312609.5625
kNN_dc_ae_l10_k50,6,15.774696462272727,-2.780181088634338,800344.625
kNN_dc_ae_l10_k50,7,16.11136225,-2.760776615734313,418165.875
kNN_dc_ae_l10_k50,8,16.718538883636366,-2.7257806554602935,315419.09375
kNN_dc_ae_l10_k50,9,16.83383592,-2.719135257266808,273117.375
kNN_dc_ae_l10_k50,10,16.977602550909094,-2.710848951395825,268742.25
kNN_dc_ae_l10_k50,11,17.128398308636363,-2.702157506345793,405783.8125
kNN_dc_ae_l10_k50,12,17.49981897681818,-2.680749859495494,361247.71875
kNN_dc_ae_l10_k50,13,18.01987185318182,-2.650775468530193,326641.3125
kNN_dc_ae_l10_k50,14,18.22368484818182,-2.639028258441373,509821.28125
kNN_dc_ae_l10_k50,15,18.40435578590909,-2.628614891705722,332779.25
kNN_dc_ae_l10_k50,16,18.964998386363636,-2.5963010227481416,309936.03125
kNN_dc_ae_l10_k50,17,19.531784013636365,-2.563633086933271,245509.953125
kNN_dc_ae_l10_k50,18,21.457911477272727,-2.4526164956056054,380304.75
kNN_dc_ae_l10_k50,19,22.164942098181818,-2.411865231226962,282373.375
kNN_dc_ae_l10_k50,20,22.207954510454545,-2.4093861162745784,525744.75
kNN_dc_ae_l10_k50,21,22.336504287727273,-2.401976867220102,274973.53125
kNN_dc_ae_l10_k50,22,22.775860404545455,-2.376653611418521,310452.9375
kNN_dc_ae_l10_k50,23,23.03693973772727,-2.361605730017554,287114.75
kNN_dc_ae_l10_k50,24,23.073138160909092,-2.359519354308287,319512.09375
kNN_dc_ae_l10_k50,25,23.859046570909094,-2.314221795127428,590316.5
kNN_dc_ae_l10_k50,26,24.108436355454547,-2.299847666563835,286885.09375
kNN_dc_ae_l10_k50,27,24.136628927727273,-2.2982227256741137,292101.40625
kNN_dc_ae_l10_k50,28,24.706419758636365,-2.2653815783401448,374060.4375
kNN_dc_ae_l10_k50,29,25.160939161363636,-2.2391843532157982,336476.625
kNN_dc_ae_l10_k50,30,25.272293834545454,-2.2327661817923388,234708.234375
kNN_dc_ae_l10_k50,31,25.739496508636364,-2.205837928436342,356048.25
kNN_dc_ae_l10_k50,32,26.08368123090909,-2.1860000852119685,337002.8125
kNN_dc_ae_l10_k50,33,26.26193154681818,-2.175726236337011,282186.8125
kNN_dc_ae_l10_k50,34,26.29922768272727,-2.1735765915411758,310670.90625
kNN_dc_ae_l10_k50,35,26.647243233181822,-2.153517950111732,894102.5625
kNN_dc_ae_l10_k50,36,26.80277036,-2.144553802201322,283278.21875
kNN_dc_ae_l10_k50,37,27.710613355454544,-2.0922282750911965,480290.03125
kNN_dc_ae_l10_k50,38,27.723830698181818,-2.0914664644822447,346597.375
kNN_dc_ae_l10_k50,39,27.94224735681818,-2.078877540130785,288371.0
kNN_dc_ae_l10_k50,40,28.008295531363636,-2.0750707083712667,277591.25
kNN_dc_ae_l10_k50,41,28.427649107272728,-2.0509003429944066,328545.375
kNN_dc_ae_l10_k50,42,28.610673086363636,-2.0403513535461495,341893.71875
kNN_dc_ae_l10_k50,43,28.864666542727274,-2.0257118822352584,330153.6875
kNN_dc_ae_l10_k50,44,28.872480873181818,-2.0252614861182057,316973.53125
kNN_dc_ae_l10_k50,45,29.867093540909092,-1.9679347981668596,985980.1875
kNN_dc_ae_l10_k50,46,30.946254809545454,-1.9057349657057894,281039.46875
kNN_dc_ae_l10_k50,47,31.113843444545456,-1.8960756262517786,349645.6875
kNN_dc_ae_l10_k50,48,31.75240744409091,-1.8592705861324392,262915.625
kNN_dc_ae_l10_k50,49,31.962474827272725,-1.8471628906292867,252268.125
kNN_dc_ae_l10_k50,50,32.10326235227273,-1.8390482920775113,299102.1875
kNN_dc_ae_l10_k50,51,32.57260997909091,-1.8119964096549876,292606.0625
kNN_dc_ae_l10_k50,52,33.29309288772727,-1.770469793095747,260654.1875
kNN_dc_ae_l10_k50,53,33.63066458409091,-1.751013106159651,316171.59375
kNN_dc_ae_l10_k50,54,33.94931614045454,-1.7326469230920152,257898.90625
kNN_dc_ae_l10_k50,55,34.254768114545456,-1.7150415269704833,365697.96875
kNN_dc_ae_l10_k50,56,35.01583384090909,-1.6711758304824154,302542.6875
kNN_dc_ae_l10_k50,57,35.61844186090909,-1.6364431923003018,360712.625
kNN_dc_ae_l10_k50,58,36.50372615909091,-1.5854178853071164,368656.8125
kNN_dc_ae_l10_k50,59,36.74721518909091,-1.5713838597056917,379669.0
kNN_dc_ae_l10_k50,60,37.183868766818186,-1.5462163706866658,358845.625
kNN_dc_ae_l10_k50,61,37.586910895,-1.5229861514634166,263207.6875
kNN_dc_ae_l10_k50,62,37.90925234181818,-1.504407293446501,278756.75
kNN_dc_ae_l10_k50,63,39.159607152727276,-1.4323403447746748,403001.4375
kNN_dc_ae_l10_k50,64,39.16116855045455,-1.4322503501836308,419221.53125
kNN_dc_ae_l10_k50,65,39.50363207727273,-1.4125117118436592,325986.75
kNN_dc_ae_l10_k50,66,39.72578294681818,-1.3997075580360745,320119.96875
kNN_dc_ae_l10_k50,67,40.10658689318182,-1.3777590853168278,311564.40625
kNN_dc_ae_l10_k50,68,40.511631334545456,-1.3544134583708745,337919.28125
kNN_dc_ae_l10_k50,69,41.22542756590909,-1.3132722431581907,332212.34375
kNN_dc_ae_l10_k50,70,41.450596035,-1.3002941633660317,272962.28125
kNN_dc_ae_l10_k50,71,41.606778884545456,-1.2912922214345022,285152.125
kNN_dc_ae_l10_k50,72,41.74143011090909,-1.283531301946464,329256.09375
kNN_dc_ae_l10_k50,73,42.27668356454546,-1.2526807922886625,271176.46875
kNN_dc_ae_l10_k50,74,42.349748590454546,-1.2484695288729066,309336.21875
kNN_dc_ae_l10_k50,75,42.93479045136364,-1.2147493548925703,440514.75
kNN_dc_ae_l10_k50,76,42.999259720454546,-1.2110335268204517,333134.21875
kNN_dc_ae_l10_k50,77,43.14833512181818,-1.2024412382919711,308232.46875
kNN_dc_ae_l10_k50,78,43.849900354999995,-1.1620049835516937,345422.3125
kNN_dc_ae_l10_k50,79,44.24228326,-1.1393891320928766,255649.640625
kNN_dc_ae_l10_k50,80,44.68483293727273,-1.113881808412842,467522.53125
kNN_dc_ae_l10_k50,81,45.014271393181815,-1.0948938986728347,301281.125
kNN_dc_ae_l10_k50,82,45.044897863636365,-1.0931286747100122,605969.5
kNN_dc_ae_l10_k50,83,45.242849799999995,-1.0817192796223616,279553.375
kNN_dc_ae_l10_k50,84,45.34376912590909,-1.0759025723830795,285572.53125
kNN_dc_ae_l10_k50,85,45.44974382363636,-1.0697944876738517,304461.59375
kNN_dc_ae_l10_k50,86,45.87703164136364,-1.0451668148248472,283829.96875
kNN_dc_ae_l10_k50,87,46.05975058136364,-1.0346354069752812,336811.46875
kNN_dc_ae_l10_k50,88,46.3385215,-1.0185678321482947,357391.96875
kNN_dc_ae_l10_k50,89,46.461104443636366,-1.0115024946696791,251754.515625
kNN_dc_ae_l10_k50,90,46.55172569545454,-1.00627933957292,300005.875
kNN_dc_ae_l10_k50,91,46.63784059272727,-1.0013159181284732,261359.59375
kNN_dc_ae_l10_k50,92,46.92503363227272,-0.9847629158452418,300893.59375
kNN_dc_ae_l10_k50,93,46.98420985,-0.9813521644262555,298282.0
kNN_dc_ae_l10_k50,94,47.05894020545455,-0.9770449160806003,284212.90625
kNN_dc_ae_l10_k50,95,47.18393024863636,-0.9698408401272126,392170.8125
kNN_dc_ae_l10_k50,96,47.45620903181818,-0.9541474538013544,275353.625
kNN_dc_ae_l10_k50,97,47.57944400681818,-0.9470445350614799,278918.96875
kNN_dc_ae_l10_k50,98,47.68605184090909,-0.9408999581458618,267331.4375
kNN_dc_ae_l10_k50,99,47.85413733318182,-0.9312119812305011,508591.875
kNN_dc_ae_l10_k50,100,47.997159330454544,-0.9229685939563709,350820.6875
kNN_dc_ae_l10_k50,101,48.745656067727275,-0.8798273387898924,360040.4375
kNN_dc_ae_l10_k50,102,48.974869975454546,-0.8666160912472533,276045.8125
kNN_dc_ae_l10_k50,103,49.269933079999994,-0.8496094804638982,332002.625
kNN_dc_ae_l10_k50,104,49.50143869090909,-0.8362661455696251,253118.296875
kNN_dc_ae_l10_k50,105,50.02686477227273,-0.8059820581201266,300308.6875
kNN_dc_ae_l10_k50,106,50.24467801363637,-0.793427913049909,323722.28125
kNN_dc_ae_l10_k50,107,50.26601576545454,-0.7921980648087251,317278.875
kNN_dc_ae_l10_k50,108,50.287720933636365,-0.7909470397175866,329850.6875
kNN_dc_ae_l10_k50,109,50.397065763181814,-0.7846447100511362,358248.90625
kNN_dc_ae_l10_k50,110,50.44004938636363,-0.782167254421305,441520.03125
kNN_dc_ae_l10_k50,111,50.53053583909091,-0.7769518687665316,278617.59375
kNN_dc_ae_l10_k50,112,50.744067415454545,-0.7646445068726515,335799.8125
kNN_dc_ae_l10_k50,113,50.877768575909094,-0.756938346522186,285868.0625
kNN_dc_ae_l10_k50,114,50.952142585000004,-0.7526516369826949,394686.09375
kNN_dc_ae_l10_k50,115,51.255980857727266,-0.7351392500872892,303310.03125
kNN_dc_ae_l10_k50,116,51.47010300409091,-0.7227978493929772,344139.0
kNN_dc_ae_l10_k50,117,51.48649149727273,-0.7218532625551946,354078.8125
kNN_dc_ae_l10_k50,118,51.49088870772727,-0.7215998196625357,319057.53125
kNN_dc_ae_l10_k50,119,51.669473619090915,-0.7113066856428819,309662.3125
kNN_dc_ae_l10_k50,120,51.78909724363636,-0.7044119150267025,558291.5
kNN_dc_ae_l10_k50,121,51.85205774272727,-0.7007830482308545,271341.375
kNN_dc_ae_l10_k50,122,51.87800455454545,-0.699287546682667,381649.46875
kNN_dc_ae_l10_k50,123,51.92553946363636,-0.6965477676825893,430928.90625
kNN_dc_ae_l10_k50,124,52.00039339090909,-0.6922333970034971,349504.71875
kNN_dc_ae_l10_k50,125,52.126720309090906,-0.6849522673201076,328184.75
kNN_dc_ae_l10_k50,126,52.30133809090909,-0.6748877875343021,344189.1875
kNN_dc_ae_l10_k50,127,52.82782977227273,-0.6445422818858776,360806.4375
kNN_dc_ae_l10_k50,128,52.94948191,-0.637530593452388,309244.53125
kNN_dc_ae_l10_k50,129,52.977303153181815,-0.6359270549312603,367091.15625
kNN_dc_ae_l10_k50,130,53.02329102272727,-0.6332764429568486,506404.6875
kNN_dc_ae_l10_k50,131,53.11169118954546,-0.6281813049775454,269585.125
kNN_dc_ae_l10_k50,132,53.15595768772727,-0.6256299080264427,327990.375
kNN_dc_ae_l10_k50,133,53.19575964181818,-0.6233358348901765,285664.3125
kNN_dc_ae_l10_k50,134,53.738266159999995,-0.5920672789100433,477806.03125
kNN_dc_ae_l10_k50,135,54.35688324090909,-0.5564119233034402,295019.09375
kNN_dc_ae_l10_k50,136,54.43010616227273,-0.5521915592359978,321435.21875
kNN_dc_ae_l10_k50,137,54.51598353272727,-0.5472418281719658,434724.84375
kNN_dc_ae_l10_k50,138,54.63723127590909,-0.5402534479072425,374777.5625
kNN_dc_ae_l10_k50,139,54.68535675181818,-0.5374796302901245,327610.40625
kNN_dc_ae_l10_k50,140,54.72388539863636,-0.5352589470181324,366155.6875
kNN_dc_ae_l10_k50,141,55.23867115454546,-0.5055881381210048,294055.75
kNN_dc_ae_l10_k50,142,55.2775563909091,-0.5033469020265294,390137.0
kNN_dc_ae_l10_k50,143,55.699695931818184,-0.47901596143141617,325001.875
kNN_dc_ae_l10_k50,144,55.80372709545455,-0.4730198965827504,348978.90625
kNN_dc_ae_l10_k50,145,55.82518654818182,-0.4717830338420878,351850.0
kNN_dc_ae_l10_k50,146,56.236087309090905,-0.4480998650428898,315178.5625
kNN_dc_ae_l10_k50,147,56.34353036818182,-0.44190714809799403,301380.21875
kNN_dc_ae_l10_k50,148,56.343846956363635,-0.44188890084205507,282107.625
kNN_dc_ae_l10_k50,149,56.418747340909086,-0.4375718524959041,255591.875
kNN_dc_ae_l10_k50,150,56.4284854,-0.43701057804920695,459420.40625
kNN_dc_ae_l10_k50,151,56.43083487727272,-0.4368751607608167,429238.875
kNN_dc_ae_l10_k50,152,56.73676582727273,-0.41924215780964386,363574.84375
kNN_dc_ae_l10_k50,153,56.80215198181818,-0.415473483028404,1095466.125
kNN_dc_ae_l10_k50,154,56.838491672272724,-0.41337896506927063,271363.375
kNN_dc_ae_l10_k50,155,56.87784920000001,-0.4111105074236286,417712.6875
kNN_dc_ae_l10_k50,156,56.88495511818182,-0.41070094220549447,295692.09375
kNN_dc_ae_l10_k50,157,56.89427865,-0.4101635599495794,246017.15625
kNN_dc_ae_l10_k50,158,57.014437336363635,-0.4032379498690725,348371.46875
kNN_dc_ae_l10_k50,159,57.01605029863636,-0.40314498324207687,341707.4375
kNN_dc_ae_l10_k50,160,57.06027285454545,-0.40059611900047776,339856.125
kNN_dc_ae_l10_k50,161,57.08577673045454,-0.3991261470372903,391973.0
kNN_dc_ae_l10_k50,162,57.165035822727276,-0.39455787498782163,366295.25
kNN_dc_ae_l10_k50,163,57.30280682363637,-0.386617140434433,321229.15625
kNN_dc_ae_l10_k50,164,57.552973348181816,-0.3721982427531278,269762.8125
kNN_dc_ae_l10_k50,165,57.715692645,-0.3628195583114009,284679.125
kNN_dc_ae_l10_k50,166,57.94736867727273,-0.34946640080713065,366361.125
kNN_dc_ae_l10_k50,167,58.01582408181818,-0.3455208230538053,436670.84375
kNN_dc_ae_l10_k50,168,58.14704098045454,-0.33795784859535755,259064.296875
kNN_dc_ae_l10_k50,169,58.40466673181818,-0.32310902197584374,405596.75
kNN_dc_ae_l10_k50,170,58.48494007,-0.3184822916333907,301601.21875
kNN_dc_ae_l10_k50,171,58.90741873181818,-0.2941318050590592,335922.3125
kNN_dc_ae_l10_k50,172,58.92814133636364,-0.29293741218345776,294837.09375
kNN_dc_ae_l10_k50,173,58.959711454090915,-0.29111779903528184,278592.9375
kNN_dc_ae_l10_k50,174,59.080638213636355,-0.2841479193681854,440767.09375
kNN_dc_ae_l10_k50,175,59.15176404636364,-0.2800484256151513,329822.1875
kNN_dc_ae_l10_k50,176,59.165360129545455,-0.27926478546736844,266702.96875
kNN_dc_ae_l10_k50,177,59.343238913181814,-0.26901235067183393,234193.453125
kNN_dc_ae_l10_k50,178,59.52943686818182,-0.2582804221434605,375739.03125
kNN_dc_ae_l10_k50,179,59.53394987363636,-0.2580203051513792,571060.1875
kNN_dc_ae_l10_k50,180,59.61907620909091,-0.2531138616408659,351331.4375
kNN_dc_ae_l10_k50,181,59.64024705,-0.25189363367691286,339515.375
kNN_dc_ae_l10_k50,182,59.81487126545455,-0.2418287830743299,632107.1875
kNN_dc_ae_l10_k50,183,59.821444613636366,-0.241449913699103,347438.375
kNN_dc_ae_l10_k50,184,59.82249576181818,-0.241389328462493,286506.09375
kNN_dc_ae_l10_k50,185,60.13491826227273,-0.22338217072795283,654934.25
kNN_dc_ae_l10_k50,186,60.66603184545455,-0.19277027160609897,307552.90625
kNN_dc_ae_l10_k50,187,60.91525143409091,-0.1784059526579342,514046.96875
kNN_dc_ae_l10_k50,188,60.98922430909091,-0.17414236336374334,314942.625
kNN_dc_ae_l10_k50,189,61.15445065909091,-0.16461917939964438,293789.96875
kNN_dc_ae_l10_k50,190,61.257236485,-0.15869489232900422,417175.53125
kNN_dc_ae_l10_k50,191,61.38288141818182,-0.1514530703505647,313452.375
kNN_dc_ae_l10_k50,192,61.41676890772727,-0.14949989038246164,316353.71875
kNN_dc_ae_l10_k50,193,61.450913154545454,-0.1475319116444142,340326.0
kNN_dc_ae_l10_k50,194,61.557454278181815,-0.14139117973251966,414868.75
kNN_dc_ae_l10_k50,195,61.612018317727276,-0.1382462613438015,320545.90625
kNN_dc_ae_l10_k50,196,61.66026577136363,-0.13546541327218128,496137.90625
kNN_dc_ae_l10_k50,197,61.784896459090916,-0.12828204956052722,339298.28125
kNN_dc_ae_l10_k50,198,61.80260090454545,-0.12726161492013313,400038.5625
kNN_dc_ae_l10_k50,199,62.04634134636364,-0.11321309864578996,410433.6875
kNN_dc_ae_l10_k50,200,62.140166177272725,-0.1078052982244427,324267.59375
kNN_dc_ae_l10_k50,201,62.30800517363637,-0.0981315286427709,1019054.0625
kNN_dc_ae_l10_k50,202,62.48285368636363,-0.08805375017371433,356766.84375
kNN_dc_ae_l10_k50,203,62.50087945,-0.08701479565343062,340591.53125
kNN_dc_ae_l10_k50,204,62.515273900000004,-0.08618513987871876,287661.84375
kNN_dc_ae_l10_k50,205,62.56153540454545,-0.08351875634944335,273383.9375
kNN_dc_ae_l10_k50,206,62.62842450590909,-0.07966345592382028,370181.03125
kNN_dc_ae_l10_k50,207,62.64787497272727,-0.07854238550316901,290357.46875
kNN_dc_ae_l10_k50,208,62.80573838590909,-0.06944358059141646,354935.625
kNN_dc_ae_l10_k50,209,62.831736559090906,-0.06794511871810778,322057.96875
kNN_dc_ae_l10_k50,210,63.033077886363635,-0.05634036863318487,857283.75
kNN_dc_ae_l10_k50,211,63.2958711590909,-0.041193700558090865,297497.71875
kNN_dc_ae_l10_k50,212,63.30556153181818,-0.04063517461980955,339975.71875
kNN_dc_ae_l10_k50,213,63.451246159090914,-0.0322383208113255,407428.8125
kNN_dc_ae_l10_k50,214,63.51674641363636,-0.02846306962571502,344777.09375
kNN_dc_ae_l10_k50,215,63.52993807136364,-0.027702739428211564,282984.375
kNN_dc_ae_l10_k50,216,63.601648069090906,-0.02356957604100441,274535.34375
kNN_dc_ae_l10_k50,217,63.632569839545454,-0.021787331813408223,365881.53125
kNN_dc_ae_l10_k50,218,63.65115097727273,-0.02071636708629849,372104.15625
kNN_dc_ae_l10_k50,219,63.71100458181818,-0.017266572988681755,298058.5
kNN_dc_ae_l10_k50,220,63.89873966363636,-0.006446048776474242,277859.375
kNN_dc_ae_l10_k50,221,63.92419218818182,-0.004979036562035517,256642.453125
kNN_dc_ae_l10_k50,222,63.96103896818182,-0.002855291382016408,366721.03125
kNN_dc_ae_l10_k50,223,63.99746849090909,-0.0007555957423308915,548160.75
kNN_dc_ae_l10_k50,224,64.02118780454545,0.000611519050564863,377898.75
kNN_dc_ae_l10_k50,225,64.02835174090909,0.0010244282741725598,264961.1875
kNN_dc_ae_l10_k50,226,64.1043883409091,0.005406964896234798,456873.5625
kNN_dc_ae_l10_k50,227,64.15682117727273,0.008429046703709133,290828.375
kNN_dc_ae_l10_k50,228,64.23845857272727,0.01313439748621699,413231.4375
kNN_dc_ae_l10_k50,229,64.25370258636363,0.014013019729039077,324609.53125
kNN_dc_ae_l10_k50,230,64.32671434181817,0.01822121278502206,405563.28125
kNN_dc_ae_l10_k50,231,64.40631527727272,0.022809187717882526,301171.90625
kNN_dc_ae_l10_k50,232,64.56676404090909,0.032057004987472486,547721.625
kNN_dc_ae_l10_k50,233,64.70266141363636,0.0398897488610707,331416.71875
kNN_dc_ae_l10_k50,234,64.83579067045456,0.047562946288015,424606.15625
kNN_dc_ae_l10_k50,235,64.88276691590909,0.05027052548108044,476860.125
kNN_dc_ae_l10_k50,236,64.91428311818181,0.05208703109348984,324760.75
kNN_dc_ae_l10_k50,237,64.99876317727272,0.056956225044821694,481313.0
kNN_dc_ae_l10_k50,238,65.11283459954545,0.06353098227543044,445227.375
kNN_dc_ae_l10_k50,239,65.12859398045454,0.06443930884414997,298285.8125
kNN_dc_ae_l10_k50,240,65.15700578272727,0.06607688553694015,283478.21875
kNN_dc_ae_l10_k50,241,65.26560826818182,0.07233642856952589,327603.125
kNN_dc_ae_l10_k50,242,65.49862164545455,0.08576666689328061,395430.4375
kNN_dc_ae_l10_k50,243,65.58085287863636,0.09050624481886647,290788.03125
kNN_dc_ae_l10_k50,244,65.74797291818182,0.10013857574355729,309663.25
kNN_dc_ae_l10_k50,245,65.77319434545456,0.10159226815857124,323263.9375
kNN_dc_ae_l10_k50,246,65.79643795909091,0.10293196493604907,292907.53125
kNN_dc_ae_l10_k50,247,65.90152255454545,0.10898874664372764,363211.25
kNN_dc_ae_l10_k50,248,66.06104215454546,0.11818300952419154,347281.125
kNN_dc_ae_l10_k50,249,66.34667021363636,0.13464581071801482,366956.8125
kNN_dc_ae_l10_k50,250,66.41367993636364,0.13850806342114064,304097.0
kNN_dc_ae_l10_k50,251,66.49486482500001,0.14318733297826053,445547.71875
kNN_dc_ae_l10_k50,252,66.57540134545455,0.14782923240965884,390505.46875
kNN_dc_ae_l10_k50,253,66.64770191772728,0.15199643485928482,390958.40625
kNN_dc_ae_l10_k50,254,66.69631712272727,0.15479847908932004,285982.0
kNN_dc_ae_l10_k50,255,66.69915260454546,0.15496190831826281,614222.0625
kNN_dc_ae_l10_k50,256,66.84640655909091,0.16344921375457688,301141.75
kNN_dc_ae_l10_k50,257,66.92138232272727,0.1677706067403678,249049.046875
kNN_dc_ae_l10_k50,258,67.1600262,0.1815253713113582,270279.25
kNN_dc_ae_l10_k50,259,67.24224864545455,0.1862644427369615,470313.03125
kNN_dc_ae_l10_k50,260,67.33497136227273,0.19160872038946963,2003202.5
kNN_dc_ae_l10_k50,261,67.50431248636363,0.20136906840541843,381596.96875
kNN_dc_ae_l10_k50,262,67.65232870272727,0.20990030847760313,333453.40625
kNN_dc_ae_l10_k50,263,67.78208407272727,0.2173790445196429,286563.3125
kNN_dc_ae_l10_k50,264,67.84529925,0.2210225902524589,294169.40625
kNN_dc_ae_l10_k50,265,67.89158320909091,0.22369026799883285,326760.8125
kNN_dc_ae_l10_k50,266,67.98637594090908,0.22915385551719142,330734.1875
kNN_dc_ae_l10_k50,267,68.0851692090909,0.234848022744816,352769.3125
kNN_dc_ae_l10_k50,268,68.12695885,0.23725666058115907,278702.375
kNN_dc_ae_l10_k50,269,68.2302839,0.24321202701786718,446463.5625
kNN_dc_ae_l10_k50,270,68.23565684545454,0.24352170854259156,315779.25
kNN_dc_ae_l10_k50,271,68.26595938409092,0.24526826198284749,262141.140625
kNN_dc_ae_l10_k50,272,68.27114585318182,0.2455671955323495,401605.3125
kNN_dc_ae_l10_k50,273,68.32032611363637,0.24840180797589106,332210.4375
kNN_dc_ae_l10_k50,274,68.38830778636363,0.25232008115428434,471718.75
kNN_dc_ae_l10_k50,275,68.41746199090909,0.2540004478343775,310727.6875
kNN_dc_ae_l10_k50,276,68.46063733181818,0.256488953536948,351921.90625
kNN_dc_ae_l10_k50,277,68.46664887727273,0.256835442176758,270955.3125
kNN_dc_ae_l10_k50,278,68.47213741363636,0.2571517860376766,500424.15625
kNN_dc_ae_l10_k50,279,68.93374281227273,0.283757428116166,321920.96875
kNN_dc_ae_l10_k50,280,69.04567613727274,0.29020895140944425,303480.40625
kNN_dc_ae_l10_k50,281,69.05974111818182,0.2910196175086998,409539.6875
kNN_dc_ae_l10_k50,282,69.09219679545454,0.2928902718283501,358238.09375
kNN_dc_ae_l10_k50,283,69.09712682727273,0.29317442505181285,265193.90625
kNN_dc_ae_l10_k50,284,69.10091421363637,0.29339271939217726,295480.3125
kNN_dc_ae_l10_k50,285,69.10780212727273,0.2937897194390094,281539.71875
kNN_dc_ae_l10_k50,286,69.12065298636364,0.2945304069577943,360482.09375
kNN_dc_ae_l10_k50,287,69.18059698636364,0.2979854111961857,356365.09375
kNN_dc_ae_l10_k50,288,69.23367816363636,0.30104486155745686,436827.53125
kNN_dc_ae_l10_k50,289,69.2644266,0.3028171152936152,480010.59375
kNN_dc_ae_l10_k50,290,69.35791935818182,0.30820577597320115,335533.46875
kNN_dc_ae_l10_k50,291,69.61843814545455,0.32322134907823014,331590.0625
kNN_dc_ae_l10_k50,292,69.80519480454545,0.33398547974530074,373409.125
kNN_dc_ae_l10_k50,293,69.8553488,0.33687621554651076,385302.71875
kNN_dc_ae_l10_k50,294,69.88728480909091,0.3387169176479122,561771.6875
kNN_dc_ae_l10_k50,295,69.97248817863637,0.3436278011876287,373575.46875
kNN_dc_ae_l10_k50,296,70.05721009181819,0.3485109349312532,334645.46875
kNN_dc_ae_l10_k50,297,70.14929492727272,0.35381844688886305,368447.46875
kNN_dc_ae_l10_k50,298,70.15787111818182,0.35431275450831085,316440.53125
kNN_dc_ae_l10_k50,299,70.16147875909091,0.3545206888241977,478608.46875
kNN_dc_ae_l10_k50,300,70.20511073181818,0.3570355135056018,442388.90625
kNN_dc_ae_l10_k50,301,70.32331571818182,0.3638485177910241,444561.46875
kNN_dc_ae_l10_k50,302,70.37705808636363,0.36694607734409634,537377.625
kNN_dc_ae_l10_k50,303,70.399005675,0.36821107487114013,355930.28125
kNN_dc_ae_l10_k50,304,70.50181075318181,0.37413647158884883,305387.46875
kNN_dc_ae_l10_k50,305,70.6102672090909,0.38038759788750787,532496.875
kNN_dc_ae_l10_k50,306,70.7436578590909,0.38807586128520843,326130.28125
kNN_dc_ae_l10_k50,307,70.83137117272727,0.39313141097119886,383610.84375
kNN_dc_ae_l10_k50,308,70.8352099,0.39335266445774103,290160.75
kNN_dc_ae_l10_k50,309,70.84563281363636,0.3939534120019492,405241.53125
kNN_dc_ae_l10_k50,310,70.86294127272727,0.394951023097624,292711.03125
kNN_dc_ae_l10_k50,311,70.88488886772727,0.3962160209914498,296461.59375
kNN_dc_ae_l10_k50,312,70.94146290454545,0.3994767899923458,256308.515625
kNN_dc_ae_l10_k50,313,71.03486937272727,0.4048604771580567,395034.90625
kNN_dc_ae_l10_k50,314,71.06114357272727,0.4063748484439294,289569.21875
kNN_dc_ae_l10_k50,315,71.16676672727273,0.41246267118893826,324900.40625
kNN_dc_ae_l10_k50,316,71.17873871818182,0.41315270320770386,578872.3125
kNN_dc_ae_l10_k50,317,71.2066498259091,0.4147614212694939,305353.75
kNN_dc_ae_l10_k50,318,71.25545576818182,0.4175744590616155,444847.84375
kNN_dc_ae_l10_k50,319,71.3174982909091,0.4211504162713988,370530.71875
kNN_dc_ae_l10_k50,320,71.36296618181818,0.4237710581338302,250546.015625
kNN_dc_ae_l10_k50,321,71.46931471818182,0.4299006898548213,528592.875
kNN_dc_ae_l10_k50,322,71.72297334090909,0.4445208622928842,367840.4375
kNN_dc_ae_l10_k50,323,71.90808025909091,0.45518990651538743,299793.46875
kNN_dc_ae_l10_k50,324,71.99829709090909,0.46038975197625187,292396.3125
kNN_dc_ae_l10_k50,325,72.09644175681818,0.46604653558581094,353575.09375
kNN_dc_ae_l10_k50,326,72.15469048045455,0.4694038288435938,444626.71875
kNN_dc_ae_l10_k50,327,72.16259906363636,0.4698596574238161,289172.75
kNN_dc_ae_l10_k50,328,72.25012620454545,0.47490447663533314,293946.375
kNN_dc_ae_l10_k50,329,72.32991709090909,0.4795033998064825,416631.125
kNN_dc_ae_l10_k50,330,72.3529890590909,0.4808332034207922,308407.40625
kNN_dc_ae_l10_k50,331,72.35690482818183,0.48105889738191765,324022.53125
kNN_dc_ae_l10_k50,332,72.45495321363636,0.48671013165578725,294798.90625
kNN_dc_ae_l10_k50,333,72.62635492727273,0.49658924628079065,306133.96875
kNN_dc_ae_l10_k50,334,72.63195748181819,0.49691216183031,265262.59375
kNN_dc_ae_l10_k50,335,72.83995069636363,0.5089003080636467,292519.6875
kNN_dc_ae_l10_k50,336,72.89617321363636,0.5121408164626576,317797.59375
kNN_dc_ae_l10_k50,337,73.03390340545455,0.5200791988943657,431499.96875
kNN_dc_ae_l10_k50,338,73.11911989545455,0.5249908386603275,276281.34375
kNN_dc_ae_l10_k50,339,73.13833258181818,0.5260982040816745,303176.28125
kNN_dc_ae_l10_k50,340,73.33471177272727,0.5374169505270702,295325.125
kNN_dc_ae_l10_k50,341,73.33981687045456,0.5377111940591194,330439.625
kNN_dc_ae_l10_k50,342,73.39854528636364,0.541096135435736,268420.875
kNN_dc_ae_l10_k50,343,73.41015931818183,0.5417655356952554,797759.0625
kNN_dc_ae_l10_k50,344,73.44266513181819,0.5436390797344586,390389.40625
kNN_dc_ae_l10_k50,345,73.44619574090909,0.5438425741521346,326777.1875
kNN_dc_ae_l10_k50,346,73.46868897499999,0.5451390211546568,284892.46875
kNN_dc_ae_l10_k50,347,73.50964273636363,0.5474994812355564,373190.28125
kNN_dc_ae_l10_k50,348,73.53120189545454,0.548742090771711,397016.3125
kNN_dc_ae_l10_k50,349,73.63946159545455,0.5549818766109442,339493.5625
kNN_dc_ae_l10_k50,350,73.76844457272728,0.562416094099894,332095.03125
kNN_dc_ae_l10_k50,351,73.80118299272728,0.5643030449182952,316525.96875
kNN_dc_ae_l10_k50,352,73.90576145,0.5703306542390226,489001.15625
kNN_dc_ae_l10_k50,353,73.96756481363637,0.5738928269887642,285751.6875
kNN_dc_ae_l10_k50,354,74.00717849454546,0.5761760485862414,419812.15625
kNN_dc_ae_l10_k50,355,74.01135728181818,0.5764169021785707,455116.40625
kNN_dc_ae_l10_k50,356,74.05095793636363,0.5786993729729389,318519.9375
kNN_dc_ae_l10_k50,357,74.05302495909092,0.5788185103725725,262714.5
kNN_dc_ae_l10_k50,358,74.20412883636364,0.5875277145700669,453712.3125
kNN_dc_ae_l10_k50,359,74.32802774090909,0.5946689003490705,898519.5
kNN_dc_ae_l10_k50,360,74.38583995454546,0.5980010343932524,423261.25
kNN_dc_ae_l10_k50,361,74.46433656818182,0.602525359310058,282351.1875
kNN_dc_ae_l10_k50,362,74.52572066363636,0.6060633666162982,334965.6875
kNN_dc_ae_l10_k50,363,74.86437946363637,0.625582711160682,635161.75
kNN_dc_ae_l10_k50,364,74.89747095909091,0.6274900122592099,323327.375
kNN_dc_ae_l10_k50,365,74.9084351090909,0.6281219551512479,383958.15625
kNN_dc_ae_l10_k50,366,75.02020153181819,0.634563858665071,310439.6875
kNN_dc_ae_l10_k50,367,75.04613550454546,0.6360586202040249,283562.25
kNN_dc_ae_l10_k50,368,75.04910765454545,0.6362299266041167,545967.4375
kNN_dc_ae_l10_k50,369,75.04911406363637,0.6362302960061632,427603.6875
kNN_dc_ae_l10_k50,370,75.14242499545455,0.6416084767235004,267440.09375
kNN_dc_ae_l10_k50,371,75.14524949545454,0.6417712729912052,339256.8125
kNN_dc_ae_l10_k50,372,75.21942449545455,0.6460465122041826,329879.9375
kNN_dc_ae_l10_k50,373,75.2494860690909,0.6477791770968547,345898.59375
kNN_dc_ae_l10_k50,374,75.29101026818182,0.6501725156103826,383458.46875
kNN_dc_ae_l10_k50,375,75.30463428181818,0.6509577655913236,288577.625
kNN_dc_ae_l10_k50,376,75.35053226363635,0.6536031966889378,465419.09375
kNN_dc_ae_l10_k50,377,75.358434425,0.6540586551335503,279250.3125
kNN_dc_ae_l10_k50,378,75.4765098,0.6608641889830542,295265.875
kNN_dc_ae_l10_k50,379,75.48288537727272,0.661231659397098,274428.96875
kNN_dc_ae_l10_k50,380,75.54217925454545,0.664649192382683,391055.59375
kNN_dc_ae_l10_k50,381,75.65154605454546,0.6709527883645888,383338.90625
kNN_dc_ae_l10_k50,382,75.68111334545455,0.672656964185499,443201.15625
kNN_dc_ae_l10_k50,383,75.77031593636364,0.677798351641565,306310.53125
kNN_dc_ae_l10_k50,384,75.78166525454546,0.6784524945486285,363142.3125
kNN_dc_ae_l10_k50,385,75.79512009954546,0.6792279941232632,311504.90625
kNN_dc_ae_l10_k50,386,75.84170493636363,0.6819130136189849,287697.5625
kNN_dc_ae_l10_k50,387,75.84312428636363,0.6819948209769487,292965.25
kNN_dc_ae_l10_k50,388,76.02107943636364,0.6922516573157579,320080.875
kNN_dc_ae_l10_k50,389,76.07231828181818,0.6952049208319687,320157.125
kNN_dc_ae_l10_k50,390,76.16321556363636,0.7004439855246826,353974.71875
kNN_dc_ae_l10_k50,391,76.19598609272727,0.7023327870211363,405140.96875
kNN_dc_ae_l10_k50,392,76.26727722727273,0.7064418083079089,280884.625
kNN_dc_ae_l10_k50,393,76.28929185454545,0.7077106697541566,383202.875
kNN_dc_ae_l10_k50,394,76.28997104545455,0.707749816415534,291186.75
kNN_dc_ae_l10_k50,395,76.32376224090909,0.7096974462619865,327482.21875
kNN_dc_ae_l10_k50,396,76.35414479090909,0.7114486113331051,325817.125
kNN_dc_ae_l10_k50,397,76.39021483181818,0.71352758744781,339827.09375
kNN_dc_ae_l10_k50,398,76.45241142272727,0.7171124247159999,357642.8125
kNN_dc_ae_l10_k50,399,76.51437691681818,0.7206839422109638,305441.84375
kNN_dc_ae_l10_k50,400,76.5471795409091,0.7225745935733101,329687.3125
kNN_dc_ae_l10_k50,401,76.59774437272728,0.7254890088316404,329987.03125
kNN_dc_ae_l10_k50,402,76.63823088636364,0.7278225380624447,270046.4375
kNN_dc_ae_l10_k50,403,76.64452179545455,0.7281851284396704,359473.625
kNN_dc_ae_l10_k50,404,76.67493643727272,0.7299381431932893,251781.65625
kNN_dc_ae_l10_k50,405,76.67586082272727,0.7299914221814013,417599.6875
kNN_dc_ae_l10_k50,406,76.81212329090908,0.7378452091342544,548919.8125
kNN_dc_ae_l10_k50,407,76.90558185454546,0.7432318989360301,391266.28125
kNN_dc_ae_l10_k50,408,76.91644974545454,0.7438582937237196,408655.03125
kNN_dc_ae_l10_k50,409,76.98329391227273,0.7477110042480184,291968.1875
kNN_dc_ae_l10_k50,410,77.11547369545454,0.7553294766743298,320258.5625
kNN_dc_ae_l10_k50,411,77.14402031818182,0.7569748240404465,296482.46875
kNN_dc_ae_l10_k50,412,77.17084656363636,0.7585210136798696,268833.6875
kNN_dc_ae_l10_k50,413,77.25877326818183,0.7635888626200866,438257.75
kNN_dc_ae_l10_k50,414,77.34552212272727,0.7685888235858233,256237.125
kNN_dc_ae_l10_k50,415,77.52582683636363,0.7789810821907805,286008.65625
kNN_dc_ae_l10_k50,416,77.65479755863636,0.7864145933358604,602594.8125
kNN_dc_ae_l10_k50,417,77.69959142727272,0.7889963864426363,360317.0
kNN_dc_ae_l10_k50,418,77.72501827727272,0.7904619188481973,238197.234375
kNN_dc_ae_l10_k50,419,77.83570625,0.7968416635250904,457282.4375
kNN_dc_ae_l10_k50,420,77.9733424409091,0.8047746280077235,317502.53125
kNN_dc_ae_l10_k50,421,78.0566007590909,0.8095734042355274,304947.96875
kNN_dc_ae_l10_k50,422,78.20425748181819,0.818083924101565,299133.34375
kNN_dc_ae_l10_k50,423,78.23482706363636,0.8198458691627494,281436.125
kNN_dc_ae_l10_k50,424,78.25971381363637,0.8212802717172971,335013.46875
kNN_dc_ae_l10_k50,425,78.3483194,0.8263872495037559,258428.5
kNN_dc_ae_l10_k50,426,78.4185978909091,0.8304379048480556,261888.578125
kNN_dc_ae_l10_k50,427,78.53980069090909,0.837423694713678,327613.3125
kNN_dc_ae_l10_k50,428,78.54177141363635,0.8375372816510761,318190.84375
kNN_dc_ae_l10_k50,429,78.57485005,0.8394438415876266,304913.78125
kNN_dc_ae_l10_k50,430,78.5853263609091,0.8400476668010531,260073.078125
kNN_dc_ae_l10_k50,431,78.61859467727272,0.8419651593614511,376714.3125
kNN_dc_ae_l10_k50,432,78.63007529545455,0.8426268700327033,606516.25
kNN_dc_ae_l10_k50,433,78.86957993181818,0.8564312463464417,409756.0
kNN_dc_ae_l10_k50,434,79.22077921818182,0.8766733893950602,291652.9375
kNN_dc_ae_l10_k50,435,79.25695136818182,0.8787582507917258,366665.375
kNN_dc_ae_l10_k50,436,79.28284742727273,0.8802508270948876,346064.0
kNN_dc_ae_l10_k50,437,79.36729972727272,0.8851184210899811,338057.90625
kNN_dc_ae_l10_k50,438,79.46781420454546,0.8909117939879693,802029.4375
kNN_dc_ae_l10_k50,439,79.51125251363636,0.8934154564398847,348375.375
kNN_dc_ae_l10_k50,440,79.62850745318183,0.9001737026880812,286705.4375
kNN_dc_ae_l10_k50,441,79.6499864090909,0.9014116895375086,306552.3125
kNN_dc_ae_l10_k50,442,79.75645692727272,0.9075483519487911,277062.96875
kNN_dc_ae_l10_k50,443,79.91532173636364,0.9167048745155257,340081.5625
kNN_dc_ae_l10_k50,444,79.94757872272727,0.9185640768477706,295936.09375
kNN_dc_ae_l10_k50,445,80.02392345454545,0.9229643733246603,352651.75
kNN_dc_ae_l10_k50,446,80.13685939999999,0.9294736848522888,377280.09375
kNN_dc_ae_l10_k50,447,80.28660759545454,0.9381047513474663,487918.6875
kNN_dc_ae_l10_k50,448,80.40461357272727,0.9449062853063745,410934.3125
kNN_dc_ae_l10_k50,449,80.43965011363636,0.9469256933762311,446807.125
kNN_dc_ae_l10_k50,450,80.56802326363636,0.954324762129495,503138.28125
kNN_dc_ae_l10_k50,451,80.69563893636364,0.9616801720146861,306821.25
kNN_dc_ae_l10_k50,452,80.83871870454546,0.9699268890421825,509132.90625
kNN_dc_ae_l10_k50,453,80.88731798181819,0.9727280152426367,328825.4375
kNN_dc_ae_l10_k50,454,80.98601989090909,0.9784169167881859,412341.03125
kNN_dc_ae_l10_k50,455,81.02786977272727,0.9808290267417757,345895.3125
kNN_dc_ae_l10_k50,456,81.46314962272727,1.0059173379428359,370540.40625
kNN_dc_ae_l10_k50,457,81.49191450454545,1.0075752651515413,332156.53125
kNN_dc_ae_l10_k50,458,81.53910919545454,1.0102954349286748,277186.4375
kNN_dc_ae_l10_k50,459,81.65584415909092,1.0170237112220841,575258.0625
kNN_dc_ae_l10_k50,460,81.66778405000001,1.017711893086772,341691.3125
kNN_dc_ae_l10_k50,461,82.0783984909091,1.0413785592032403,453790.53125
kNN_dc_ae_l10_k50,462,82.11143467727273,1.0432826724407058,275745.8125
kNN_dc_ae_l10_k50,463,82.15394328181819,1.0457327493270108,419384.09375
kNN_dc_ae_l10_k50,464,82.87086985,1.0870543883848574,351121.28125
kNN_dc_ae_l10_k50,465,83.04785639090909,1.0972553968090384,324472.4375
kNN_dc_ae_l10_k50,466,83.2706767,1.1100981352367167,294525.84375
kNN_dc_ae_l10_k50,467,83.28013232272727,1.1106431308426048,357154.53125
kNN_dc_ae_l10_k50,468,83.32162666818182,1.113034748676162,248986.125
kNN_dc_ae_l10_k50,469,83.35334443181819,1.1148628717209361,338572.46875
kNN_dc_ae_l10_k50,470,83.45792123636365,1.1208903857830939,299006.53125
kNN_dc_ae_l10_k50,471,84.18152392727274,1.1625968178530641,297328.46875
kNN_dc_ae_l10_k50,472,84.62887205909091,1.188380711011149,264493.03125
kNN_dc_ae_l10_k50,473,85.11071750454545,1.2161529326896323,236416.125
kNN_dc_ae_l10_k50,474,85.12217595454545,1.2168133656489846,279354.40625
kNN_dc_ae_l10_k50,475,85.54109655454546,1.2409587755073437,291537.25
kNN_dc_ae_l10_k50,476,85.8163718359091,1.256824871594287,896127.75
kNN_dc_ae_l10_k50,477,86.0069106,1.2678069921987163,648779.1875
kNN_dc_ae_l10_k50,478,86.07828567272726,1.2719208514471514,355756.4375
kNN_dc_ae_l10_k50,479,86.46879091363637,1.2944284796076844,264494.59375
kNN_dc_ae_l10_k50,480,87.81027129545454,1.371747650915916,481343.53125
kNN_dc_ae_l10_k100,1,10.383351573636363,-3.0909231051976005,322611.28125
kNN_dc_ae_l10_k100,2,11.237612673636363,-3.0416858884420805,446017.40625
kNN_dc_ae_l10_k100,3,12.873956289545454,-2.9473716263235947,836765.75
kNN_dc_ae_l10_k100,4,13.852077771363637,-2.8909954441311574,300193.0
kNN_dc_ae_l10_k100,5,14.772021149545454,-2.8379724848575316,312609.5625
kNN_dc_ae_l10_k100,6,15.774696462272727,-2.780181088634338,800344.625
kNN_dc_ae_l10_k100,7,16.11136225,-2.760776615734313,418165.875
kNN_dc_ae_l10_k100,8,16.718538883636366,-2.7257806554602935,315419.09375
kNN_dc_ae_l10_k100,9,16.83383592,-2.719135257266808,273117.375
kNN_dc_ae_l10_k100,10,16.977602550909094,-2.710848951395825,268742.25
kNN_dc_ae_l10_k100,11,17.128398308636363,-2.702157506345793,405783.8125
kNN_dc_ae_l10_k100,12,17.49981897681818,-2.680749859495494,361247.71875
kNN_dc_ae_l10_k100,13,18.01987185318182,-2.650775468530193,326641.3125
kNN_dc_ae_l10_k100,14,18.22368484818182,-2.639028258441373,509821.28125
kNN_dc_ae_l10_k100,15,18.40435578590909,-2.628614891705722,332779.25
kNN_dc_ae_l10_k100,16,18.964998386363636,-2.5963010227481416,309936.03125
kNN_dc_ae_l10_k100,17,19.531784013636365,-2.563633086933271,245509.953125
kNN_dc_ae_l10_k100,18,21.457911477272727,-2.4526164956056054,380304.75
kNN_dc_ae_l10_k100,19,22.164942098181818,-2.411865231226962,282373.375
kNN_dc_ae_l10_k100,20,22.207954510454545,-2.4093861162745784,525744.75
kNN_dc_ae_l10_k100,21,22.336504287727273,-2.401976867220102,274973.53125
kNN_dc_ae_l10_k100,22,22.775860404545455,-2.376653611418521,310452.9375
kNN_dc_ae_l10_k100,23,23.03693973772727,-2.361605730017554,287114.75
kNN_dc_ae_l10_k100,24,23.073138160909092,-2.359519354308287,319512.09375
kNN_dc_ae_l10_k100,25,23.859046570909094,-2.314221795127428,590316.5
kNN_dc_ae_l10_k100,26,24.108436355454547,-2.299847666563835,286885.09375
kNN_dc_ae_l10_k100,27,24.136628927727273,-2.2982227256741137,292101.40625
kNN_dc_ae_l10_k100,28,24.706419758636365,-2.2653815783401448,374060.4375
kNN_dc_ae_l10_k100,29,25.160939161363636,-2.2391843532157982,336476.625
kNN_dc_ae_l10_k100,30,25.272293834545454,-2.2327661817923388,234708.234375
kNN_dc_ae_l10_k100,31,25.739496508636364,-2.205837928436342,356048.25
kNN_dc_ae_l10_k100,32,26.08368123090909,-2.1860000852119685,337002.8125
kNN_dc_ae_l10_k100,33,26.26193154681818,-2.175726236337011,282186.8125
kNN_dc_ae_l10_k100,34,26.29922768272727,-2.1735765915411758,310670.90625
kNN_dc_ae_l10_k100,35,26.647243233181822,-2.153517950111732,894102.5625
kNN_dc_ae_l10_k100,36,26.80277036,-2.144553802201322,283278.21875
kNN_dc_ae_l10_k100,37,27.710613355454544,-2.0922282750911965,480290.03125
kNN_dc_ae_l10_k100,38,27.723830698181818,-2.0914664644822447,346597.375
kNN_dc_ae_l10_k100,39,27.94224735681818,-2.078877540130785,288371.0
kNN_dc_ae_l10_k100,40,28.008295531363636,-2.0750707083712667,277591.25
kNN_dc_ae_l10_k100,41,28.427649107272728,-2.0509003429944066,328545.375
kNN_dc_ae_l10_k100,42,28.610673086363636,-2.0403513535461495,341893.71875
kNN_dc_ae_l10_k100,43,28.864666542727274,-2.0257118822352584,330153.6875
kNN_dc_ae_l10_k100,44,28.872480873181818,-2.0252614861182057,316973.53125
kNN_dc_ae_l10_k100,45,29.867093540909092,-1.9679347981668596,985980.1875
kNN_dc_ae_l10_k100,46,30.946254809545454,-1.9057349657057894,281039.46875
kNN_dc_ae_l10_k100,47,31.113843444545456,-1.8960756262517786,349645.6875
kNN_dc_ae_l10_k100,48,31.75240744409091,-1.8592705861324392,262915.625
kNN_dc_ae_l10_k100,49,31.962474827272725,-1.8471628906292867,252268.125
kNN_dc_ae_l10_k100,50,32.10326235227273,-1.8390482920775113,299102.1875
kNN_dc_ae_l10_k100,51,32.57260997909091,-1.8119964096549876,292606.0625
kNN_dc_ae_l10_k100,52,33.29309288772727,-1.770469793095747,260654.1875
kNN_dc_ae_l10_k100,53,33.63066458409091,-1.751013106159651,316171.59375
kNN_dc_ae_l10_k100,54,33.94931614045454,-1.7326469230920152,257898.90625
kNN_dc_ae_l10_k100,55,34.254768114545456,-1.7150415269704833,365697.96875
kNN_dc_ae_l10_k100,56,35.01583384090909,-1.6711758304824154,302542.6875
kNN_dc_ae_l10_k100,57,35.61844186090909,-1.6364431923003018,360712.625
kNN_dc_ae_l10_k100,58,36.50372615909091,-1.5854178853071164,368656.8125
kNN_dc_ae_l10_k100,59,36.74721518909091,-1.5713838597056917,379669.0
kNN_dc_ae_l10_k100,60,37.183868766818186,-1.5462163706866658,358845.625
kNN_dc_ae_l10_k100,61,37.586910895,-1.5229861514634166,263207.6875
kNN_dc_ae_l10_k100,62,37.90925234181818,-1.504407293446501,278756.75
kNN_dc_ae_l10_k100,63,39.159607152727276,-1.4323403447746748,403001.4375
kNN_dc_ae_l10_k100,64,39.16116855045455,-1.4322503501836308,419221.53125
kNN_dc_ae_l10_k100,65,39.50363207727273,-1.4125117118436592,325986.75
kNN_dc_ae_l10_k100,66,39.72578294681818,-1.3997075580360745,320119.96875
kNN_dc_ae_l10_k100,67,40.10658689318182,-1.3777590853168278,311564.40625
kNN_dc_ae_l10_k100,68,40.511631334545456,-1.3544134583708745,337919.28125
kNN_dc_ae_l10_k100,69,41.22542756590909,-1.3132722431581907,332212.34375
kNN_dc_ae_l10_k100,70,41.450596035,-1.3002941633660317,272962.28125
kNN_dc_ae_l10_k100,71,41.606778884545456,-1.2912922214345022,285152.125
kNN_dc_ae_l10_k100,72,41.74143011090909,-1.283531301946464,329256.09375
kNN_dc_ae_l10_k100,73,42.27668356454546,-1.2526807922886625,271176.46875
kNN_dc_ae_l10_k100,74,42.349748590454546,-1.2484695288729066,309336.21875
kNN_dc_ae_l10_k100,75,42.93479045136364,-1.2147493548925703,440514.75
kNN_dc_ae_l10_k100,76,42.999259720454546,-1.2110335268204517,333134.21875
kNN_dc_ae_l10_k100,77,43.14833512181818,-1.2024412382919711,308232.46875
kNN_dc_ae_l10_k100,78,43.849900354999995,-1.1620049835516937,345422.3125
kNN_dc_ae_l10_k100,79,44.24228326,-1.1393891320928766,255649.640625
kNN_dc_ae_l10_k100,80,44.68483293727273,-1.113881808412842,467522.53125
kNN_dc_ae_l10_k100,81,45.014271393181815,-1.0948938986728347,301281.125
kNN_dc_ae_l10_k100,82,45.044897863636365,-1.0931286747100122,605969.5
kNN_dc_ae_l10_k100,83,45.242849799999995,-1.0817192796223616,279553.375
kNN_dc_ae_l10_k100,84,45.34376912590909,-1.0759025723830795,285572.53125
kNN_dc_ae_l10_k100,85,45.44974382363636,-1.0697944876738517,304461.59375
kNN_dc_ae_l10_k100,86,45.87703164136364,-1.0451668148248472,283829.96875
kNN_dc_ae_l10_k100,87,46.05975058136364,-1.0346354069752812,336811.46875
kNN_dc_ae_l10_k100,88,46.3385215,-1.0185678321482947,357391.96875
kNN_dc_ae_l10_k100,89,46.461104443636366,-1.0115024946696791,251754.515625
kNN_dc_ae_l10_k100,90,46.55172569545454,-1.00627933957292,300005.875
kNN_dc_ae_l10_k100,91,46.63784059272727,-1.0013159181284732,261359.59375
kNN_dc_ae_l10_k100,92,46.92503363227272,-0.9847629158452418,300893.59375
kNN_dc_ae_l10_k100,93,46.98420985,-0.9813521644262555,298282.0
kNN_dc_ae_l10_k100,94,47.05894020545455,-0.9770449160806003,284212.90625
kNN_dc_ae_l10_k100,95,47.18393024863636,-0.9698408401272126,392170.8125
kNN_dc_ae_l10_k100,96,47.45620903181818,-0.9541474538013544,275353.625
kNN_dc_ae_l10_k100,97,47.57944400681818,-0.9470445350614799,278918.96875
kNN_dc_ae_l10_k100,98,47.68605184090909,-0.9408999581458618,267331.4375
kNN_dc_ae_l10_k100,99,47.85413733318182,-0.9312119812305011,508591.875
kNN_dc_ae_l10_k100,100,47.997159330454544,-0.9229685939563709,350820.6875
kNN_dc_ae_l10_k100,101,48.745656067727275,-0.8798273387898924,360040.4375
kNN_dc_ae_l10_k100,102,48.974869975454546,-0.8666160912472533,276045.8125
kNN_dc_ae_l10_k100,103,49.269933079999994,-0.8496094804638982,332002.625
kNN_dc_ae_l10_k100,104,49.50143869090909,-0.8362661455696251,253118.296875
kNN_dc_ae_l10_k100,105,50.02686477227273,-0.8059820581201266,300308.6875
kNN_dc_ae_l10_k100,106,50.24467801363637,-0.793427913049909,323722.28125
kNN_dc_ae_l10_k100,107,50.26601576545454,-0.7921980648087251,317278.875
kNN_dc_ae_l10_k100,108,50.287720933636365,-0.7909470397175866,329850.6875
kNN_dc_ae_l10_k100,109,50.397065763181814,-0.7846447100511362,358248.90625
kNN_dc_ae_l10_k100,110,50.44004938636363,-0.782167254421305,441520.03125
kNN_dc_ae_l10_k100,111,50.53053583909091,-0.7769518687665316,278617.59375
kNN_dc_ae_l10_k100,112,50.744067415454545,-0.7646445068726515,335799.8125
kNN_dc_ae_l10_k100,113,50.877768575909094,-0.756938346522186,285868.0625
kNN_dc_ae_l10_k100,114,50.952142585000004,-0.7526516369826949,394686.09375
kNN_dc_ae_l10_k100,115,51.255980857727266,-0.7351392500872892,303310.03125
kNN_dc_ae_l10_k100,116,51.47010300409091,-0.7227978493929772,344139.0
kNN_dc_ae_l10_k100,117,51.48649149727273,-0.7218532625551946,354078.8125
kNN_dc_ae_l10_k100,118,51.49088870772727,-0.7215998196625357,319057.53125
kNN_dc_ae_l10_k100,119,51.669473619090915,-0.7113066856428819,309662.3125
kNN_dc_ae_l10_k100,120,51.78909724363636,-0.7044119150267025,558291.5
kNN_dc_ae_l10_k100,121,51.85205774272727,-0.7007830482308545,271341.375
kNN_dc_ae_l10_k100,122,51.87800455454545,-0.699287546682667,381649.46875
kNN_dc_ae_l10_k100,123,51.92553946363636,-0.6965477676825893,430928.90625
kNN_dc_ae_l10_k100,124,52.00039339090909,-0.6922333970034971,349504.71875
kNN_dc_ae_l10_k100,125,52.126720309090906,-0.6849522673201076,328184.75
kNN_dc_ae_l10_k100,126,52.30133809090909,-0.6748877875343021,344189.1875
kNN_dc_ae_l10_k100,127,52.82782977227273,-0.6445422818858776,360806.4375
kNN_dc_ae_l10_k100,128,52.94948191,-0.637530593452388,309244.53125
kNN_dc_ae_l10_k100,129,52.977303153181815,-0.6359270549312603,367091.15625
kNN_dc_ae_l10_k100,130,53.02329102272727,-0.6332764429568486,506404.6875
kNN_dc_ae_l10_k100,131,53.11169118954546,-0.6281813049775454,269585.125
kNN_dc_ae_l10_k100,132,53.15595768772727,-0.6256299080264427,327990.375
kNN_dc_ae_l10_k100,133,53.19575964181818,-0.6233358348901765,285664.3125
kNN_dc_ae_l10_k100,134,53.738266159999995,-0.5920672789100433,477806.03125
kNN_dc_ae_l10_k100,135,54.35688324090909,-0.5564119233034402,295019.09375
kNN_dc_ae_l10_k100,136,54.43010616227273,-0.5521915592359978,321435.21875
kNN_dc_ae_l10_k100,137,54.51598353272727,-0.5472418281719658,434724.84375
kNN_dc_ae_l10_k100,138,54.63723127590909,-0.5402534479072425,374777.5625
kNN_dc_ae_l10_k100,139,54.68535675181818,-0.5374796302901245,327610.40625
kNN_dc_ae_l10_k100,140,54.72388539863636,-0.5352589470181324,366155.6875
kNN_dc_ae_l10_k100,141,55.23867115454546,-0.5055881381210048,294055.75
kNN_dc_ae_l10_k100,142,55.2775563909091,-0.5033469020265294,390137.0
kNN_dc_ae_l10_k100,143,55.699695931818184,-0.47901596143141617,325001.875
kNN_dc_ae_l10_k100,144,55.80372709545455,-0.4730198965827504,348978.90625
kNN_dc_ae_l10_k100,145,55.82518654818182,-0.4717830338420878,351850.0
kNN_dc_ae_l10_k100,146,56.236087309090905,-0.4480998650428898,315178.5625
kNN_dc_ae_l10_k100,147,56.34353036818182,-0.44190714809799403,301380.21875
kNN_dc_ae_l10_k100,148,56.343846956363635,-0.44188890084205507,282107.625
kNN_dc_ae_l10_k100,149,56.418747340909086,-0.4375718524959041,255591.875
kNN_dc_ae_l10_k100,150,56.4284854,-0.43701057804920695,459420.40625
kNN_dc_ae_l10_k100,151,56.43083487727272,-0.4368751607608167,429238.875
kNN_dc_ae_l10_k100,152,56.73676582727273,-0.41924215780964386,363574.84375
kNN_dc_ae_l10_k100,153,56.80215198181818,-0.415473483028404,1095466.125
kNN_dc_ae_l10_k100,154,56.838491672272724,-0.41337896506927063,271363.375
kNN_dc_ae_l10_k100,155,56.87784920000001,-0.4111105074236286,417712.6875
kNN_dc_ae_l10_k100,156,56.88495511818182,-0.41070094220549447,295692.09375
kNN_dc_ae_l10_k100,157,56.89427865,-0.4101635599495794,246017.15625
kNN_dc_ae_l10_k100,158,57.014437336363635,-0.4032379498690725,348371.46875
kNN_dc_ae_l10_k100,159,57.01605029863636,-0.40314498324207687,341707.4375
kNN_dc_ae_l10_k100,160,57.06027285454545,-0.40059611900047776,339856.125
kNN_dc_ae_l10_k100,161,57.08577673045454,-0.3991261470372903,391973.0
kNN_dc_ae_l10_k100,162,57.165035822727276,-0.39455787498782163,366295.25
kNN_dc_ae_l10_k100,163,57.30280682363637,-0.386617140434433,321229.15625
kNN_dc_ae_l10_k100,164,57.552973348181816,-0.3721982427531278,269762.8125
kNN_dc_ae_l10_k100,165,57.715692645,-0.3628195583114009,284679.125
kNN_dc_ae_l10_k100,166,57.94736867727273,-0.34946640080713065,366361.125
kNN_dc_ae_l10_k100,167,58.01582408181818,-0.3455208230538053,436670.84375
kNN_dc_ae_l10_k100,168,58.14704098045454,-0.33795784859535755,259064.296875
kNN_dc_ae_l10_k100,169,58.40466673181818,-0.32310902197584374,405596.75
kNN_dc_ae_l10_k100,170,58.48494007,-0.3184822916333907,301601.21875
kNN_dc_ae_l10_k100,171,58.90741873181818,-0.2941318050590592,335922.3125
kNN_dc_ae_l10_k100,172,58.92814133636364,-0.29293741218345776,294837.09375
kNN_dc_ae_l10_k100,173,58.959711454090915,-0.29111779903528184,278592.9375
kNN_dc_ae_l10_k100,174,59.080638213636355,-0.2841479193681854,440767.09375
kNN_dc_ae_l10_k100,175,59.15176404636364,-0.2800484256151513,329822.1875
kNN_dc_ae_l10_k100,176,59.165360129545455,-0.27926478546736844,266702.96875
kNN_dc_ae_l10_k100,177,59.343238913181814,-0.26901235067183393,234193.453125
kNN_dc_ae_l10_k100,178,59.52943686818182,-0.2582804221434605,375739.03125
kNN_dc_ae_l10_k100,179,59.53394987363636,-0.2580203051513792,571060.1875
kNN_dc_ae_l10_k100,180,59.61907620909091,-0.2531138616408659,351331.4375
kNN_dc_ae_l10_k100,181,59.64024705,-0.25189363367691286,339515.375
kNN_dc_ae_l10_k100,182,59.81487126545455,-0.2418287830743299,632107.1875
kNN_dc_ae_l10_k100,183,59.821444613636366,-0.241449913699103,347438.375
kNN_dc_ae_l10_k100,184,59.82249576181818,-0.241389328462493,286506.09375
kNN_dc_ae_l10_k100,185,60.13491826227273,-0.22338217072795283,654934.25
kNN_dc_ae_l10_k100,186,60.66603184545455,-0.19277027160609897,307552.90625
kNN_dc_ae_l10_k100,187,60.91525143409091,-0.1784059526579342,514046.96875
kNN_dc_ae_l10_k100,188,60.98922430909091,-0.17414236336374334,314942.625
kNN_dc_ae_l10_k100,189,61.15445065909091,-0.16461917939964438,293789.96875
kNN_dc_ae_l10_k100,190,61.257236485,-0.15869489232900422,417175.53125
kNN_dc_ae_l10_k100,191,61.38288141818182,-0.1514530703505647,313452.375
kNN_dc_ae_l10_k100,192,61.41676890772727,-0.14949989038246164,316353.71875
kNN_dc_ae_l10_k100,193,61.450913154545454,-0.1475319116444142,340326.0
kNN_dc_ae_l10_k100,194,61.557454278181815,-0.14139117973251966,414868.75
kNN_dc_ae_l10_k100,195,61.612018317727276,-0.1382462613438015,320545.90625
kNN_dc_ae_l10_k100,196,61.66026577136363,-0.13546541327218128,496137.90625
kNN_dc_ae_l10_k100,197,61.784896459090916,-0.12828204956052722,339298.28125
kNN_dc_ae_l10_k100,198,61.80260090454545,-0.12726161492013313,400038.5625
kNN_dc_ae_l10_k100,199,62.04634134636364,-0.11321309864578996,410433.6875
kNN_dc_ae_l10_k100,200,62.140166177272725,-0.1078052982244427,324267.59375
kNN_dc_ae_l10_k100,201,62.30800517363637,-0.0981315286427709,1019054.0625
kNN_dc_ae_l10_k100,202,62.48285368636363,-0.08805375017371433,356766.84375
kNN_dc_ae_l10_k100,203,62.50087945,-0.08701479565343062,340591.53125
kNN_dc_ae_l10_k100,204,62.515273900000004,-0.08618513987871876,287661.84375
kNN_dc_ae_l10_k100,205,62.56153540454545,-0.08351875634944335,273383.9375
kNN_dc_ae_l10_k100,206,62.62842450590909,-0.07966345592382028,370181.03125
kNN_dc_ae_l10_k100,207,62.64787497272727,-0.07854238550316901,290357.46875
kNN_dc_ae_l10_k100,208,62.80573838590909,-0.06944358059141646,354935.625
kNN_dc_ae_l10_k100,209,62.831736559090906,-0.06794511871810778,322057.96875
kNN_dc_ae_l10_k100,210,63.033077886363635,-0.05634036863318487,857283.75
kNN_dc_ae_l10_k100,211,63.2958711590909,-0.041193700558090865,297497.71875
kNN_dc_ae_l10_k100,212,63.30556153181818,-0.04063517461980955,339975.71875
kNN_dc_ae_l10_k100,213,63.451246159090914,-0.0322383208113255,407428.8125
kNN_dc_ae_l10_k100,214,63.51674641363636,-0.02846306962571502,344777.09375
kNN_dc_ae_l10_k100,215,63.52993807136364,-0.027702739428211564,282984.375
kNN_dc_ae_l10_k100,216,63.601648069090906,-0.02356957604100441,274535.34375
kNN_dc_ae_l10_k100,217,63.632569839545454,-0.021787331813408223,365881.53125
kNN_dc_ae_l10_k100,218,63.65115097727273,-0.02071636708629849,372104.15625
kNN_dc_ae_l10_k100,219,63.71100458181818,-0.017266572988681755,298058.5
kNN_dc_ae_l10_k100,220,63.89873966363636,-0.006446048776474242,277859.375
kNN_dc_ae_l10_k100,221,63.92419218818182,-0.004979036562035517,256642.453125
kNN_dc_ae_l10_k100,222,63.96103896818182,-0.002855291382016408,366721.03125
kNN_dc_ae_l10_k100,223,63.99746849090909,-0.0007555957423308915,548160.75
kNN_dc_ae_l10_k100,224,64.02118780454545,0.000611519050564863,377898.75
kNN_dc_ae_l10_k100,225,64.02835174090909,0.0010244282741725598,264961.1875
kNN_dc_ae_l10_k100,226,64.1043883409091,0.005406964896234798,456873.5625
kNN_dc_ae_l10_k100,227,64.15682117727273,0.008429046703709133,290828.375
kNN_dc_ae_l10_k100,228,64.23845857272727,0.01313439748621699,413231.4375
kNN_dc_ae_l10_k100,229,64.25370258636363,0.014013019729039077,324609.53125
kNN_dc_ae_l10_k100,230,64.32671434181817,0.01822121278502206,405563.28125
kNN_dc_ae_l10_k100,231,64.40631527727272,0.022809187717882526,301171.90625
kNN_dc_ae_l10_k100,232,64.56676404090909,0.032057004987472486,547721.625
kNN_dc_ae_l10_k100,233,64.70266141363636,0.0398897488610707,331416.71875
kNN_dc_ae_l10_k100,234,64.83579067045456,0.047562946288015,424606.15625
kNN_dc_ae_l10_k100,235,64.88276691590909,0.05027052548108044,476860.125
kNN_dc_ae_l10_k100,236,64.91428311818181,0.05208703109348984,324760.75
kNN_dc_ae_l10_k100,237,64.99876317727272,0.056956225044821694,481313.0
kNN_dc_ae_l10_k100,238,65.11283459954545,0.06353098227543044,445227.375
kNN_dc_ae_l10_k100,239,65.12859398045454,0.06443930884414997,298285.8125
kNN_dc_ae_l10_k100,240,65.15700578272727,0.06607688553694015,283478.21875
kNN_dc_ae_l10_k100,241,65.26560826818182,0.07233642856952589,327603.125
kNN_dc_ae_l10_k100,242,65.49862164545455,0.08576666689328061,395430.4375
kNN_dc_ae_l10_k100,243,65.58085287863636,0.09050624481886647,290788.03125
kNN_dc_ae_l10_k100,244,65.74797291818182,0.10013857574355729,309663.25
kNN_dc_ae_l10_k100,245,65.77319434545456,0.10159226815857124,323263.9375
kNN_dc_ae_l10_k100,246,65.79643795909091,0.10293196493604907,292907.53125
kNN_dc_ae_l10_k100,247,65.90152255454545,0.10898874664372764,363211.25
kNN_dc_ae_l10_k100,248,66.06104215454546,0.11818300952419154,347281.125
kNN_dc_ae_l10_k100,249,66.34667021363636,0.13464581071801482,366956.8125
kNN_dc_ae_l10_k100,250,66.41367993636364,0.13850806342114064,304097.0
kNN_dc_ae_l10_k100,251,66.49486482500001,0.14318733297826053,445547.71875
kNN_dc_ae_l10_k100,252,66.57540134545455,0.14782923240965884,390505.46875
kNN_dc_ae_l10_k100,253,66.64770191772728,0.15199643485928482,390958.40625
kNN_dc_ae_l10_k100,254,66.69631712272727,0.15479847908932004,285982.0
kNN_dc_ae_l10_k100,255,66.69915260454546,0.15496190831826281,614222.0625
kNN_dc_ae_l10_k100,256,66.84640655909091,0.16344921375457688,301141.75
kNN_dc_ae_l10_k100,257,66.92138232272727,0.1677706067403678,249049.046875
kNN_dc_ae_l10_k100,258,67.1600262,0.1815253713113582,270279.25
kNN_dc_ae_l10_k100,259,67.24224864545455,0.1862644427369615,470313.03125
kNN_dc_ae_l10_k100,260,67.33497136227273,0.19160872038946963,2003202.5
kNN_dc_ae_l10_k100,261,67.50431248636363,0.20136906840541843,381596.96875
kNN_dc_ae_l10_k100,262,67.65232870272727,0.20990030847760313,333453.40625
kNN_dc_ae_l10_k100,263,67.78208407272727,0.2173790445196429,286563.3125
kNN_dc_ae_l10_k100,264,67.84529925,0.2210225902524589,294169.40625
kNN_dc_ae_l10_k100,265,67.89158320909091,0.22369026799883285,326760.8125
kNN_dc_ae_l10_k100,266,67.98637594090908,0.22915385551719142,330734.1875
kNN_dc_ae_l10_k100,267,68.0851692090909,0.234848022744816,352769.3125
kNN_dc_ae_l10_k100,268,68.12695885,0.23725666058115907,278702.375
kNN_dc_ae_l10_k100,269,68.2302839,0.24321202701786718,446463.5625
kNN_dc_ae_l10_k100,270,68.23565684545454,0.24352170854259156,315779.25
kNN_dc_ae_l10_k100,271,68.26595938409092,0.24526826198284749,262141.140625
kNN_dc_ae_l10_k100,272,68.27114585318182,0.2455671955323495,401605.3125
kNN_dc_ae_l10_k100,273,68.32032611363637,0.24840180797589106,332210.4375
kNN_dc_ae_l10_k100,274,68.38830778636363,0.25232008115428434,471718.75
kNN_dc_ae_l10_k100,275,68.41746199090909,0.2540004478343775,310727.6875
kNN_dc_ae_l10_k100,276,68.46063733181818,0.256488953536948,351921.90625
kNN_dc_ae_l10_k100,277,68.46664887727273,0.256835442176758,270955.3125
kNN_dc_ae_l10_k100,278,68.47213741363636,0.2571517860376766,500424.15625
kNN_dc_ae_l10_k100,279,68.93374281227273,0.283757428116166,321920.96875
kNN_dc_ae_l10_k100,280,69.04567613727274,0.29020895140944425,303480.40625
kNN_dc_ae_l10_k100,281,69.05974111818182,0.2910196175086998,409539.6875
kNN_dc_ae_l10_k100,282,69.09219679545454,0.2928902718283501,358238.09375
kNN_dc_ae_l10_k100,283,69.09712682727273,0.29317442505181285,265193.90625
kNN_dc_ae_l10_k100,284,69.10091421363637,0.29339271939217726,295480.3125
kNN_dc_ae_l10_k100,285,69.10780212727273,0.2937897194390094,281539.71875
kNN_dc_ae_l10_k100,286,69.12065298636364,0.2945304069577943,360482.09375
kNN_dc_ae_l10_k100,287,69.18059698636364,0.2979854111961857,356365.09375
kNN_dc_ae_l10_k100,288,69.23367816363636,0.30104486155745686,436827.53125
kNN_dc_ae_l10_k100,289,69.2644266,0.3028171152936152,480010.59375
kNN_dc_ae_l10_k100,290,69.35791935818182,0.30820577597320115,335533.46875
kNN_dc_ae_l10_k100,291,69.61843814545455,0.32322134907823014,331590.0625
kNN_dc_ae_l10_k100,292,69.80519480454545,0.33398547974530074,373409.125
kNN_dc_ae_l10_k100,293,69.8553488,0.33687621554651076,385302.71875
kNN_dc_ae_l10_k100,294,69.88728480909091,0.3387169176479122,561771.6875
kNN_dc_ae_l10_k100,295,69.97248817863637,0.3436278011876287,373575.46875
kNN_dc_ae_l10_k100,296,70.05721009181819,0.3485109349312532,334645.46875
kNN_dc_ae_l10_k100,297,70.14929492727272,0.35381844688886305,368447.46875
kNN_dc_ae_l10_k100,298,70.15787111818182,0.35431275450831085,316440.53125
kNN_dc_ae_l10_k100,299,70.16147875909091,0.3545206888241977,478608.46875
kNN_dc_ae_l10_k100,300,70.20511073181818,0.3570355135056018,442388.90625
kNN_dc_ae_l10_k100,301,70.32331571818182,0.3638485177910241,444561.46875
kNN_dc_ae_l10_k100,302,70.37705808636363,0.36694607734409634,537377.625
kNN_dc_ae_l10_k100,303,70.399005675,0.36821107487114013,355930.28125
kNN_dc_ae_l10_k100,304,70.50181075318181,0.37413647158884883,305387.46875
kNN_dc_ae_l10_k100,305,70.6102672090909,0.38038759788750787,532496.875
kNN_dc_ae_l10_k100,306,70.7436578590909,0.38807586128520843,326130.28125
kNN_dc_ae_l10_k100,307,70.83137117272727,0.39313141097119886,383610.84375
kNN_dc_ae_l10_k100,308,70.8352099,0.39335266445774103,290160.75
kNN_dc_ae_l10_k100,309,70.84563281363636,0.3939534120019492,405241.53125
kNN_dc_ae_l10_k100,310,70.86294127272727,0.394951023097624,292711.03125
kNN_dc_ae_l10_k100,311,70.88488886772727,0.3962160209914498,296461.59375
kNN_dc_ae_l10_k100,312,70.94146290454545,0.3994767899923458,256308.515625
kNN_dc_ae_l10_k100,313,71.03486937272727,0.4048604771580567,395034.90625
kNN_dc_ae_l10_k100,314,71.06114357272727,0.4063748484439294,289569.21875
kNN_dc_ae_l10_k100,315,71.16676672727273,0.41246267118893826,324900.40625
kNN_dc_ae_l10_k100,316,71.17873871818182,0.41315270320770386,578872.3125
kNN_dc_ae_l10_k100,317,71.2066498259091,0.4147614212694939,305353.75
kNN_dc_ae_l10_k100,318,71.25545576818182,0.4175744590616155,444847.84375
kNN_dc_ae_l10_k100,319,71.3174982909091,0.4211504162713988,370530.71875
kNN_dc_ae_l10_k100,320,71.36296618181818,0.4237710581338302,250546.015625
kNN_dc_ae_l10_k100,321,71.46931471818182,0.4299006898548213,528592.875
kNN_dc_ae_l10_k100,322,71.72297334090909,0.4445208622928842,367840.4375
kNN_dc_ae_l10_k100,323,71.90808025909091,0.45518990651538743,299793.46875
kNN_dc_ae_l10_k100,324,71.99829709090909,0.46038975197625187,292396.3125
kNN_dc_ae_l10_k100,325,72.09644175681818,0.46604653558581094,353575.09375
kNN_dc_ae_l10_k100,326,72.15469048045455,0.4694038288435938,444626.71875
kNN_dc_ae_l10_k100,327,72.16259906363636,0.4698596574238161,289172.75
kNN_dc_ae_l10_k100,328,72.25012620454545,0.47490447663533314,293946.375
kNN_dc_ae_l10_k100,329,72.32991709090909,0.4795033998064825,416631.125
kNN_dc_ae_l10_k100,330,72.3529890590909,0.4808332034207922,308407.40625
kNN_dc_ae_l10_k100,331,72.35690482818183,0.48105889738191765,324022.53125
kNN_dc_ae_l10_k100,332,72.45495321363636,0.48671013165578725,294798.90625
kNN_dc_ae_l10_k100,333,72.62635492727273,0.49658924628079065,306133.96875
kNN_dc_ae_l10_k100,334,72.63195748181819,0.49691216183031,265262.59375
kNN_dc_ae_l10_k100,335,72.83995069636363,0.5089003080636467,292519.6875
kNN_dc_ae_l10_k100,336,72.89617321363636,0.5121408164626576,317797.59375
kNN_dc_ae_l10_k100,337,73.03390340545455,0.5200791988943657,431499.96875
kNN_dc_ae_l10_k100,338,73.11911989545455,0.5249908386603275,276281.34375
kNN_dc_ae_l10_k100,339,73.13833258181818,0.5260982040816745,303176.28125
kNN_dc_ae_l10_k100,340,73.33471177272727,0.5374169505270702,295325.125
kNN_dc_ae_l10_k100,341,73.33981687045456,0.5377111940591194,330439.625
kNN_dc_ae_l10_k100,342,73.39854528636364,0.541096135435736,268420.875
kNN_dc_ae_l10_k100,343,73.41015931818183,0.5417655356952554,797759.0625
kNN_dc_ae_l10_k100,344,73.44266513181819,0.5436390797344586,390389.40625
kNN_dc_ae_l10_k100,345,73.44619574090909,0.5438425741521346,326777.1875
kNN_dc_ae_l10_k100,346,73.46868897499999,0.5451390211546568,284892.46875
kNN_dc_ae_l10_k100,347,73.50964273636363,0.5474994812355564,373190.28125
kNN_dc_ae_l10_k100,348,73.53120189545454,0.548742090771711,397016.3125
kNN_dc_ae_l10_k100,349,73.63946159545455,0.5549818766109442,339493.5625
kNN_dc_ae_l10_k100,350,73.76844457272728,0.562416094099894,332095.03125
kNN_dc_ae_l10_k100,351,73.80118299272728,0.5643030449182952,316525.96875
kNN_dc_ae_l10_k100,352,73.90576145,0.5703306542390226,489001.15625
kNN_dc_ae_l10_k100,353,73.96756481363637,0.5738928269887642,285751.6875
kNN_dc_ae_l10_k100,354,74.00717849454546,0.5761760485862414,419812.15625
kNN_dc_ae_l10_k100,355,74.01135728181818,0.5764169021785707,455116.40625
kNN_dc_ae_l10_k100,356,74.05095793636363,0.5786993729729389,318519.9375
kNN_dc_ae_l10_k100,357,74.05302495909092,0.5788185103725725,262714.5
kNN_dc_ae_l10_k100,358,74.20412883636364,0.5875277145700669,453712.3125
kNN_dc_ae_l10_k100,359,74.32802774090909,0.5946689003490705,898519.5
kNN_dc_ae_l10_k100,360,74.38583995454546,0.5980010343932524,423261.25
kNN_dc_ae_l10_k100,361,74.46433656818182,0.602525359310058,282351.1875
kNN_dc_ae_l10_k100,362,74.52572066363636,0.6060633666162982,334965.6875
kNN_dc_ae_l10_k100,363,74.86437946363637,0.625582711160682,635161.75
kNN_dc_ae_l10_k100,364,74.89747095909091,0.6274900122592099,323327.375
kNN_dc_ae_l10_k100,365,74.9084351090909,0.6281219551512479,383958.15625
kNN_dc_ae_l10_k100,366,75.02020153181819,0.634563858665071,310439.6875
kNN_dc_ae_l10_k100,367,75.04613550454546,0.6360586202040249,283562.25
kNN_dc_ae_l10_k100,368,75.04910765454545,0.6362299266041167,545967.4375
kNN_dc_ae_l10_k100,369,75.04911406363637,0.6362302960061632,427603.6875
kNN_dc_ae_l10_k100,370,75.14242499545455,0.6416084767235004,267440.09375
kNN_dc_ae_l10_k100,371,75.14524949545454,0.6417712729912052,339256.8125
kNN_dc_ae_l10_k100,372,75.21942449545455,0.6460465122041826,329879.9375
kNN_dc_ae_l10_k100,373,75.2494860690909,0.6477791770968547,345898.59375
kNN_dc_ae_l10_k100,374,75.29101026818182,0.6501725156103826,383458.46875
kNN_dc_ae_l10_k100,375,75.30463428181818,0.6509577655913236,288577.625
kNN_dc_ae_l10_k100,376,75.35053226363635,0.6536031966889378,465419.09375
kNN_dc_ae_l10_k100,377,75.358434425,0.6540586551335503,279250.3125
kNN_dc_ae_l10_k100,378,75.4765098,0.6608641889830542,295265.875
kNN_dc_ae_l10_k100,379,75.48288537727272,0.661231659397098,274428.96875
kNN_dc_ae_l10_k100,380,75.54217925454545,0.664649192382683,391055.59375
kNN_dc_ae_l10_k100,381,75.65154605454546,0.6709527883645888,383338.90625
kNN_dc_ae_l10_k100,382,75.68111334545455,0.672656964185499,443201.15625
kNN_dc_ae_l10_k100,383,75.77031593636364,0.677798351641565,306310.53125
kNN_dc_ae_l10_k100,384,75.78166525454546,0.6784524945486285,363142.3125
kNN_dc_ae_l10_k100,385,75.79512009954546,0.6792279941232632,311504.90625
kNN_dc_ae_l10_k100,386,75.84170493636363,0.6819130136189849,287697.5625
kNN_dc_ae_l10_k100,387,75.84312428636363,0.6819948209769487,292965.25
kNN_dc_ae_l10_k100,388,76.02107943636364,0.6922516573157579,320080.875
kNN_dc_ae_l10_k100,389,76.07231828181818,0.6952049208319687,320157.125
kNN_dc_ae_l10_k100,390,76.16321556363636,0.7004439855246826,353974.71875
kNN_dc_ae_l10_k100,391,76.19598609272727,0.7023327870211363,405140.96875
kNN_dc_ae_l10_k100,392,76.26727722727273,0.7064418083079089,280884.625
kNN_dc_ae_l10_k100,393,76.28929185454545,0.7077106697541566,383202.875
kNN_dc_ae_l10_k100,394,76.28997104545455,0.707749816415534,291186.75
kNN_dc_ae_l10_k100,395,76.32376224090909,0.7096974462619865,327482.21875
kNN_dc_ae_l10_k100,396,76.35414479090909,0.7114486113331051,325817.125
kNN_dc_ae_l10_k100,397,76.39021483181818,0.71352758744781,339827.09375
kNN_dc_ae_l10_k100,398,76.45241142272727,0.7171124247159999,357642.8125
kNN_dc_ae_l10_k100,399,76.51437691681818,0.7206839422109638,305441.84375
kNN_dc_ae_l10_k100,400,76.5471795409091,0.7225745935733101,329687.3125
kNN_dc_ae_l10_k100,401,76.59774437272728,0.7254890088316404,329987.03125
kNN_dc_ae_l10_k100,402,76.63823088636364,0.7278225380624447,270046.4375
kNN_dc_ae_l10_k100,403,76.64452179545455,0.7281851284396704,359473.625
kNN_dc_ae_l10_k100,404,76.67493643727272,0.7299381431932893,251781.65625
kNN_dc_ae_l10_k100,405,76.67586082272727,0.7299914221814013,417599.6875
kNN_dc_ae_l10_k100,406,76.81212329090908,0.7378452091342544,548919.8125
kNN_dc_ae_l10_k100,407,76.90558185454546,0.7432318989360301,391266.28125
kNN_dc_ae_l10_k100,408,76.91644974545454,0.7438582937237196,408655.03125
kNN_dc_ae_l10_k100,409,76.98329391227273,0.7477110042480184,291968.1875
kNN_dc_ae_l10_k100,410,77.11547369545454,0.7553294766743298,320258.5625
kNN_dc_ae_l10_k100,411,77.14402031818182,0.7569748240404465,296482.46875
kNN_dc_ae_l10_k100,412,77.17084656363636,0.7585210136798696,268833.6875
kNN_dc_ae_l10_k100,413,77.25877326818183,0.7635888626200866,438257.75
kNN_dc_ae_l10_k100,414,77.34552212272727,0.7685888235858233,256237.125
kNN_dc_ae_l10_k100,415,77.52582683636363,0.7789810821907805,286008.65625
kNN_dc_ae_l10_k100,416,77.65479755863636,0.7864145933358604,602594.8125
kNN_dc_ae_l10_k100,417,77.69959142727272,0.7889963864426363,360317.0
kNN_dc_ae_l10_k100,418,77.72501827727272,0.7904619188481973,238197.234375
kNN_dc_ae_l10_k100,419,77.83570625,0.7968416635250904,457282.4375
kNN_dc_ae_l10_k100,420,77.9733424409091,0.8047746280077235,317502.53125
kNN_dc_ae_l10_k100,421,78.0566007590909,0.8095734042355274,304947.96875
kNN_dc_ae_l10_k100,422,78.20425748181819,0.818083924101565,299133.34375
kNN_dc_ae_l10_k100,423,78.23482706363636,0.8198458691627494,281436.125
kNN_dc_ae_l10_k100,424,78.25971381363637,0.8212802717172971,335013.46875
kNN_dc_ae_l10_k100,425,78.3483194,0.8263872495037559,258428.5
kNN_dc_ae_l10_k100,426,78.4185978909091,0.8304379048480556,261888.578125
kNN_dc_ae_l10_k100,427,78.53980069090909,0.837423694713678,327613.3125
kNN_dc_ae_l10_k100,428,78.54177141363635,0.8375372816510761,318190.84375
kNN_dc_ae_l10_k100,429,78.57485005,0.8394438415876266,304913.78125
kNN_dc_ae_l10_k100,430,78.5853263609091,0.8400476668010531,260073.078125
kNN_dc_ae_l10_k100,431,78.61859467727272,0.8419651593614511,376714.3125
kNN_dc_ae_l10_k100,432,78.63007529545455,0.8426268700327033,606516.25
kNN_dc_ae_l10_k100,433,78.86957993181818,0.8564312463464417,409756.0
kNN_dc_ae_l10_k100,434,79.22077921818182,0.8766733893950602,291652.9375
kNN_dc_ae_l10_k100,435,79.25695136818182,0.8787582507917258,366665.375
kNN_dc_ae_l10_k100,436,79.28284742727273,0.8802508270948876,346064.0
kNN_dc_ae_l10_k100,437,79.36729972727272,0.8851184210899811,338057.90625
kNN_dc_ae_l10_k100,438,79.46781420454546,0.8909117939879693,802029.4375
kNN_dc_ae_l10_k100,439,79.51125251363636,0.8934154564398847,348375.375
kNN_dc_ae_l10_k100,440,79.62850745318183,0.9001737026880812,286705.4375
kNN_dc_ae_l10_k100,441,79.6499864090909,0.9014116895375086,306552.3125
kNN_dc_ae_l10_k100,442,79.75645692727272,0.9075483519487911,277062.96875
kNN_dc_ae_l10_k100,443,79.91532173636364,0.9167048745155257,340081.5625
kNN_dc_ae_l10_k100,444,79.94757872272727,0.9185640768477706,295936.09375
kNN_dc_ae_l10_k100,445,80.02392345454545,0.9229643733246603,352651.75
kNN_dc_ae_l10_k100,446,80.13685939999999,0.9294736848522888,377280.09375
kNN_dc_ae_l10_k100,447,80.28660759545454,0.9381047513474663,487918.6875
kNN_dc_ae_l10_k100,448,80.40461357272727,0.9449062853063745,410934.3125
kNN_dc_ae_l10_k100,449,80.43965011363636,0.9469256933762311,446807.125
kNN_dc_ae_l10_k100,450,80.56802326363636,0.954324762129495,503138.28125
kNN_dc_ae_l10_k100,451,80.69563893636364,0.9616801720146861,306821.25
kNN_dc_ae_l10_k100,452,80.83871870454546,0.9699268890421825,509132.90625
kNN_dc_ae_l10_k100,453,80.88731798181819,0.9727280152426367,328825.4375
kNN_dc_ae_l10_k100,454,80.98601989090909,0.9784169167881859,412341.03125
kNN_dc_ae_l10_k100,455,81.02786977272727,0.9808290267417757,345895.3125
kNN_dc_ae_l10_k100,456,81.46314962272727,1.0059173379428359,370540.40625
kNN_dc_ae_l10_k100,457,81.49191450454545,1.0075752651515413,332156.53125
kNN_dc_ae_l10_k100,458,81.53910919545454,1.0102954349286748,277186.4375
kNN_dc_ae_l10_k100,459,81.65584415909092,1.0170237112220841,575258.0625
kNN_dc_ae_l10_k100,460,81.66778405000001,1.017711893086772,341691.3125
kNN_dc_ae_l10_k100,461,82.0783984909091,1.0413785592032403,453790.53125
kNN_dc_ae_l10_k100,462,82.11143467727273,1.0432826724407058,275745.8125
kNN_dc_ae_l10_k100,463,82.15394328181819,1.0457327493270108,419384.09375
kNN_dc_ae_l10_k100,464,82.87086985,1.0870543883848574,351121.28125
kNN_dc_ae_l10_k100,465,83.04785639090909,1.0972553968090384,324472.4375
kNN_dc_ae_l10_k100,466,83.2706767,1.1100981352367167,294525.84375
kNN_dc_ae_l10_k100,467,83.28013232272727,1.1106431308426048,357154.53125
kNN_dc_ae_l10_k100,468,83.32162666818182,1.113034748676162,248986.125
kNN_dc_ae_l10_k100,469,83.35334443181819,1.1148628717209361,338572.46875
kNN_dc_ae_l10_k100,470,83.45792123636365,1.1208903857830939,299006.53125
kNN_dc_ae_l10_k100,471,84.18152392727274,1.1625968178530641,297328.46875
kNN_dc_ae_l10_k100,472,84.62887205909091,1.188380711011149,264493.03125
kNN_dc_ae_l10_k100,473,85.11071750454545,1.2161529326896323,236416.125
kNN_dc_ae_l10_k100,474,85.12217595454545,1.2168133656489846,279354.40625
kNN_dc_ae_l10_k100,475,85.54109655454546,1.2409587755073437,291537.25
kNN_dc_ae_l10_k100,476,85.8163718359091,1.256824871594287,896127.75
kNN_dc_ae_l10_k100,477,86.0069106,1.2678069921987163,648779.1875
kNN_dc_ae_l10_k100,478,86.07828567272726,1.2719208514471514,355756.4375
kNN_dc_ae_l10_k100,479,86.46879091363637,1.2944284796076844,264494.59375
kNN_dc_ae_l10_k100,480,87.81027129545454,1.371747650915916,481343.53125
kNN_dc_ae_l10_k200,1,10.383351573636363,-3.0909231051976005,322611.28125
kNN_dc_ae_l10_k200,2,11.237612673636363,-3.0416858884420805,446017.40625
kNN_dc_ae_l10_k200,3,12.873956289545454,-2.9473716263235947,836765.75
kNN_dc_ae_l10_k200,4,13.852077771363637,-2.8909954441311574,300193.0
kNN_dc_ae_l10_k200,5,14.772021149545454,-2.8379724848575316,312609.5625
kNN_dc_ae_l10_k200,6,15.774696462272727,-2.780181088634338,800344.625
kNN_dc_ae_l10_k200,7,16.11136225,-2.760776615734313,418165.875
kNN_dc_ae_l10_k200,8,16.718538883636366,-2.7257806554602935,315419.09375
kNN_dc_ae_l10_k200,9,16.83383592,-2.719135257266808,273117.375
kNN_dc_ae_l10_k200,10,16.977602550909094,-2.710848951395825,268742.25
kNN_dc_ae_l10_k200,11,17.128398308636363,-2.702157506345793,405783.8125
kNN_dc_ae_l10_k200,12,17.49981897681818,-2.680749859495494,361247.71875
kNN_dc_ae_l10_k200,13,18.01987185318182,-2.650775468530193,326641.3125
kNN_dc_ae_l10_k200,14,18.22368484818182,-2.639028258441373,509821.28125
kNN_dc_ae_l10_k200,15,18.40435578590909,-2.628614891705722,332779.25
kNN_dc_ae_l10_k200,16,18.964998386363636,-2.5963010227481416,309936.03125
kNN_dc_ae_l10_k200,17,19.531784013636365,-2.563633086933271,245509.953125
kNN_dc_ae_l10_k200,18,21.457911477272727,-2.4526164956056054,380304.75
kNN_dc_ae_l10_k200,19,22.164942098181818,-2.411865231226962,282373.375
kNN_dc_ae_l10_k200,20,22.207954510454545,-2.4093861162745784,525744.75
kNN_dc_ae_l10_k200,21,22.336504287727273,-2.401976867220102,274973.53125
kNN_dc_ae_l10_k200,22,22.775860404545455,-2.376653611418521,310452.9375
kNN_dc_ae_l10_k200,23,23.03693973772727,-2.361605730017554,287114.75
kNN_dc_ae_l10_k200,24,23.073138160909092,-2.359519354308287,319512.09375
kNN_dc_ae_l10_k200,25,23.859046570909094,-2.314221795127428,590316.5
kNN_dc_ae_l10_k200,26,24.108436355454547,-2.299847666563835,286885.09375
kNN_dc_ae_l10_k200,27,24.136628927727273,-2.2982227256741137,292101.40625
kNN_dc_ae_l10_k200,28,24.706419758636365,-2.2653815783401448,374060.4375
kNN_dc_ae_l10_k200,29,25.160939161363636,-2.2391843532157982,336476.625
kNN_dc_ae_l10_k200,30,25.272293834545454,-2.2327661817923388,234708.234375
kNN_dc_ae_l10_k200,31,25.739496508636364,-2.205837928436342,356048.25
kNN_dc_ae_l10_k200,32,26.08368123090909,-2.1860000852119685,337002.8125
kNN_dc_ae_l10_k200,33,26.26193154681818,-2.175726236337011,282186.8125
kNN_dc_ae_l10_k200,34,26.29922768272727,-2.1735765915411758,310670.90625
kNN_dc_ae_l10_k200,35,26.647243233181822,-2.153517950111732,894102.5625
kNN_dc_ae_l10_k200,36,26.80277036,-2.144553802201322,283278.21875
kNN_dc_ae_l10_k200,37,27.710613355454544,-2.0922282750911965,480290.03125
kNN_dc_ae_l10_k200,38,27.723830698181818,-2.0914664644822447,346597.375
kNN_dc_ae_l10_k200,39,27.94224735681818,-2.078877540130785,288371.0
kNN_dc_ae_l10_k200,40,28.008295531363636,-2.0750707083712667,277591.25
kNN_dc_ae_l10_k200,41,28.427649107272728,-2.0509003429944066,328545.375
kNN_dc_ae_l10_k200,42,28.610673086363636,-2.0403513535461495,341893.71875
kNN_dc_ae_l10_k200,43,28.864666542727274,-2.0257118822352584,330153.6875
kNN_dc_ae_l10_k200,44,28.872480873181818,-2.0252614861182057,316973.53125
kNN_dc_ae_l10_k200,45,29.867093540909092,-1.9679347981668596,985980.1875
kNN_dc_ae_l10_k200,46,30.946254809545454,-1.9057349657057894,281039.46875
kNN_dc_ae_l10_k200,47,31.113843444545456,-1.8960756262517786,349645.6875
kNN_dc_ae_l10_k200,48,31.75240744409091,-1.8592705861324392,262915.625
kNN_dc_ae_l10_k200,49,31.962474827272725,-1.8471628906292867,252268.125
kNN_dc_ae_l10_k200,50,32.10326235227273,-1.8390482920775113,299102.1875
kNN_dc_ae_l10_k200,51,32.57260997909091,-1.8119964096549876,292606.0625
kNN_dc_ae_l10_k200,52,33.29309288772727,-1.770469793095747,260654.1875
kNN_dc_ae_l10_k200,53,33.63066458409091,-1.751013106159651,316171.59375
kNN_dc_ae_l10_k200,54,33.94931614045454,-1.7326469230920152,257898.90625
kNN_dc_ae_l10_k200,55,34.254768114545456,-1.7150415269704833,365697.96875
kNN_dc_ae_l10_k200,56,35.01583384090909,-1.6711758304824154,302542.6875
kNN_dc_ae_l10_k200,57,35.61844186090909,-1.6364431923003018,360712.625
kNN_dc_ae_l10_k200,58,36.50372615909091,-1.5854178853071164,368656.8125
kNN_dc_ae_l10_k200,59,36.74721518909091,-1.5713838597056917,379669.0
kNN_dc_ae_l10_k200,60,37.183868766818186,-1.5462163706866658,358845.625
kNN_dc_ae_l10_k200,61,37.586910895,-1.5229861514634166,263207.6875
kNN_dc_ae_l10_k200,62,37.90925234181818,-1.504407293446501,278756.75
kNN_dc_ae_l10_k200,63,39.159607152727276,-1.4323403447746748,403001.4375
kNN_dc_ae_l10_k200,64,39.16116855045455,-1.4322503501836308,419221.53125
kNN_dc_ae_l10_k200,65,39.50363207727273,-1.4125117118436592,325986.75
kNN_dc_ae_l10_k200,66,39.72578294681818,-1.3997075580360745,320119.96875
kNN_dc_ae_l10_k200,67,40.10658689318182,-1.3777590853168278,311564.40625
kNN_dc_ae_l10_k200,68,40.511631334545456,-1.3544134583708745,337919.28125
kNN_dc_ae_l10_k200,69,41.22542756590909,-1.3132722431581907,332212.34375
kNN_dc_ae_l10_k200,70,41.450596035,-1.3002941633660317,272962.28125
kNN_dc_ae_l10_k200,71,41.606778884545456,-1.2912922214345022,285152.125
kNN_dc_ae_l10_k200,72,41.74143011090909,-1.283531301946464,329256.09375
kNN_dc_ae_l10_k200,73,42.27668356454546,-1.2526807922886625,271176.46875
kNN_dc_ae_l10_k200,74,42.349748590454546,-1.2484695288729066,309336.21875
kNN_dc_ae_l10_k200,75,42.93479045136364,-1.2147493548925703,440514.75
kNN_dc_ae_l10_k200,76,42.999259720454546,-1.2110335268204517,333134.21875
kNN_dc_ae_l10_k200,77,43.14833512181818,-1.2024412382919711,308232.46875
kNN_dc_ae_l10_k200,78,43.849900354999995,-1.1620049835516937,345422.3125
kNN_dc_ae_l10_k200,79,44.24228326,-1.1393891320928766,255649.640625
kNN_dc_ae_l10_k200,80,44.68483293727273,-1.113881808412842,467522.53125
kNN_dc_ae_l10_k200,81,45.014271393181815,-1.0948938986728347,301281.125
kNN_dc_ae_l10_k200,82,45.044897863636365,-1.0931286747100122,605969.5
kNN_dc_ae_l10_k200,83,45.242849799999995,-1.0817192796223616,279553.375
kNN_dc_ae_l10_k200,84,45.34376912590909,-1.0759025723830795,285572.53125
kNN_dc_ae_l10_k200,85,45.44974382363636,-1.0697944876738517,304461.59375
kNN_dc_ae_l10_k200,86,45.87703164136364,-1.0451668148248472,283829.96875
kNN_dc_ae_l10_k200,87,46.05975058136364,-1.0346354069752812,336811.46875
kNN_dc_ae_l10_k200,88,46.3385215,-1.0185678321482947,357391.96875
kNN_dc_ae_l10_k200,89,46.461104443636366,-1.0115024946696791,251754.515625
kNN_dc_ae_l10_k200,90,46.55172569545454,-1.00627933957292,300005.875
kNN_dc_ae_l10_k200,91,46.63784059272727,-1.0013159181284732,261359.59375
kNN_dc_ae_l10_k200,92,46.92503363227272,-0.9847629158452418,300893.59375
kNN_dc_ae_l10_k200,93,46.98420985,-0.9813521644262555,298282.0
kNN_dc_ae_l10_k200,94,47.05894020545455,-0.9770449160806003,284212.90625
kNN_dc_ae_l10_k200,95,47.18393024863636,-0.9698408401272126,392170.8125
kNN_dc_ae_l10_k200,96,47.45620903181818,-0.9541474538013544,275353.625
kNN_dc_ae_l10_k200,97,47.57944400681818,-0.9470445350614799,278918.96875
kNN_dc_ae_l10_k200,98,47.68605184090909,-0.9408999581458618,267331.4375
kNN_dc_ae_l10_k200,99,47.85413733318182,-0.9312119812305011,508591.875
kNN_dc_ae_l10_k200,100,47.997159330454544,-0.9229685939563709,350820.6875
kNN_dc_ae_l10_k200,101,48.745656067727275,-0.8798273387898924,360040.4375
kNN_dc_ae_l10_k200,102,48.974869975454546,-0.8666160912472533,276045.8125
kNN_dc_ae_l10_k200,103,49.269933079999994,-0.8496094804638982,332002.625
kNN_dc_ae_l10_k200,104,49.50143869090909,-0.8362661455696251,253118.296875
kNN_dc_ae_l10_k200,105,50.02686477227273,-0.8059820581201266,300308.6875
kNN_dc_ae_l10_k200,106,50.24467801363637,-0.793427913049909,323722.28125
kNN_dc_ae_l10_k200,107,50.26601576545454,-0.7921980648087251,317278.875
kNN_dc_ae_l10_k200,108,50.287720933636365,-0.7909470397175866,329850.6875
kNN_dc_ae_l10_k200,109,50.397065763181814,-0.7846447100511362,358248.90625
kNN_dc_ae_l10_k200,110,50.44004938636363,-0.782167254421305,441520.03125
kNN_dc_ae_l10_k200,111,50.53053583909091,-0.7769518687665316,278617.59375
kNN_dc_ae_l10_k200,112,50.744067415454545,-0.7646445068726515,335799.8125
kNN_dc_ae_l10_k200,113,50.877768575909094,-0.756938346522186,285868.0625
kNN_dc_ae_l10_k200,114,50.952142585000004,-0.7526516369826949,394686.09375
kNN_dc_ae_l10_k200,115,51.255980857727266,-0.7351392500872892,303310.03125
kNN_dc_ae_l10_k200,116,51.47010300409091,-0.7227978493929772,344139.0
kNN_dc_ae_l10_k200,117,51.48649149727273,-0.7218532625551946,354078.8125
kNN_dc_ae_l10_k200,118,51.49088870772727,-0.7215998196625357,319057.53125
kNN_dc_ae_l10_k200,119,51.669473619090915,-0.7113066856428819,309662.3125
kNN_dc_ae_l10_k200,120,51.78909724363636,-0.7044119150267025,558291.5
kNN_dc_ae_l10_k200,121,51.85205774272727,-0.7007830482308545,271341.375
kNN_dc_ae_l10_k200,122,51.87800455454545,-0.699287546682667,381649.46875
kNN_dc_ae_l10_k200,123,51.92553946363636,-0.6965477676825893,430928.90625
kNN_dc_ae_l10_k200,124,52.00039339090909,-0.6922333970034971,349504.71875
kNN_dc_ae_l10_k200,125,52.126720309090906,-0.6849522673201076,328184.75
kNN_dc_ae_l10_k200,126,52.30133809090909,-0.6748877875343021,344189.1875
kNN_dc_ae_l10_k200,127,52.82782977227273,-0.6445422818858776,360806.4375
kNN_dc_ae_l10_k200,128,52.94948191,-0.637530593452388,309244.53125
kNN_dc_ae_l10_k200,129,52.977303153181815,-0.6359270549312603,367091.15625
kNN_dc_ae_l10_k200,130,53.02329102272727,-0.6332764429568486,506404.6875
kNN_dc_ae_l10_k200,131,53.11169118954546,-0.6281813049775454,269585.125
kNN_dc_ae_l10_k200,132,53.15595768772727,-0.6256299080264427,327990.375
kNN_dc_ae_l10_k200,133,53.19575964181818,-0.6233358348901765,285664.3125
kNN_dc_ae_l10_k200,134,53.738266159999995,-0.5920672789100433,477806.03125
kNN_dc_ae_l10_k200,135,54.35688324090909,-0.5564119233034402,295019.09375
kNN_dc_ae_l10_k200,136,54.43010616227273,-0.5521915592359978,321435.21875
kNN_dc_ae_l10_k200,137,54.51598353272727,-0.5472418281719658,434724.84375
kNN_dc_ae_l10_k200,138,54.63723127590909,-0.5402534479072425,374777.5625
kNN_dc_ae_l10_k200,139,54.68535675181818,-0.5374796302901245,327610.40625
kNN_dc_ae_l10_k200,140,54.72388539863636,-0.5352589470181324,366155.6875
kNN_dc_ae_l10_k200,141,55.23867115454546,-0.5055881381210048,294055.75
kNN_dc_ae_l10_k200,142,55.2775563909091,-0.5033469020265294,390137.0
kNN_dc_ae_l10_k200,143,55.699695931818184,-0.47901596143141617,325001.875
kNN_dc_ae_l10_k200,144,55.80372709545455,-0.4730198965827504,348978.90625
kNN_dc_ae_l10_k200,145,55.82518654818182,-0.4717830338420878,351850.0
kNN_dc_ae_l10_k200,146,56.236087309090905,-0.4480998650428898,315178.5625
kNN_dc_ae_l10_k200,147,56.34353036818182,-0.44190714809799403,301380.21875
kNN_dc_ae_l10_k200,148,56.343846956363635,-0.44188890084205507,282107.625
kNN_dc_ae_l10_k200,149,56.418747340909086,-0.4375718524959041,255591.875
kNN_dc_ae_l10_k200,150,56.4284854,-0.43701057804920695,459420.40625
kNN_dc_ae_l10_k200,151,56.43083487727272,-0.4368751607608167,429238.875
kNN_dc_ae_l10_k200,152,56.73676582727273,-0.41924215780964386,363574.84375
kNN_dc_ae_l10_k200,153,56.80215198181818,-0.415473483028404,1095466.125
kNN_dc_ae_l10_k200,154,56.838491672272724,-0.41337896506927063,271363.375
kNN_dc_ae_l10_k200,155,56.87784920000001,-0.4111105074236286,417712.6875
kNN_dc_ae_l10_k200,156,56.88495511818182,-0.41070094220549447,295692.09375
kNN_dc_ae_l10_k200,157,56.89427865,-0.4101635599495794,246017.15625
kNN_dc_ae_l10_k200,158,57.014437336363635,-0.4032379498690725,348371.46875
kNN_dc_ae_l10_k200,159,57.01605029863636,-0.40314498324207687,341707.4375
kNN_dc_ae_l10_k200,160,57.06027285454545,-0.40059611900047776,339856.125
kNN_dc_ae_l10_k200,161,57.08577673045454,-0.3991261470372903,391973.0
kNN_dc_ae_l10_k200,162,57.165035822727276,-0.39455787498782163,366295.25
kNN_dc_ae_l10_k200,163,57.30280682363637,-0.386617140434433,321229.15625
kNN_dc_ae_l10_k200,164,57.552973348181816,-0.3721982427531278,269762.8125
kNN_dc_ae_l10_k200,165,57.715692645,-0.3628195583114009,284679.125
kNN_dc_ae_l10_k200,166,57.94736867727273,-0.34946640080713065,366361.125
kNN_dc_ae_l10_k200,167,58.01582408181818,-0.3455208230538053,436670.84375
kNN_dc_ae_l10_k200,168,58.14704098045454,-0.33795784859535755,259064.296875
kNN_dc_ae_l10_k200,169,58.40466673181818,-0.32310902197584374,405596.75
kNN_dc_ae_l10_k200,170,58.48494007,-0.3184822916333907,301601.21875
kNN_dc_ae_l10_k200,171,58.90741873181818,-0.2941318050590592,335922.3125
kNN_dc_ae_l10_k200,172,58.92814133636364,-0.29293741218345776,294837.09375
kNN_dc_ae_l10_k200,173,58.959711454090915,-0.29111779903528184,278592.9375
kNN_dc_ae_l10_k200,174,59.080638213636355,-0.2841479193681854,440767.09375
kNN_dc_ae_l10_k200,175,59.15176404636364,-0.2800484256151513,329822.1875
kNN_dc_ae_l10_k200,176,59.165360129545455,-0.27926478546736844,266702.96875
kNN_dc_ae_l10_k200,177,59.343238913181814,-0.26901235067183393,234193.453125
kNN_dc_ae_l10_k200,178,59.52943686818182,-0.2582804221434605,375739.03125
kNN_dc_ae_l10_k200,179,59.53394987363636,-0.2580203051513792,571060.1875
kNN_dc_ae_l10_k200,180,59.61907620909091,-0.2531138616408659,351331.4375
kNN_dc_ae_l10_k200,181,59.64024705,-0.25189363367691286,339515.375
kNN_dc_ae_l10_k200,182,59.81487126545455,-0.2418287830743299,632107.1875
kNN_dc_ae_l10_k200,183,59.821444613636366,-0.241449913699103,347438.375
kNN_dc_ae_l10_k200,184,59.82249576181818,-0.241389328462493,286506.09375
kNN_dc_ae_l10_k200,185,60.13491826227273,-0.22338217072795283,654934.25
kNN_dc_ae_l10_k200,186,60.66603184545455,-0.19277027160609897,307552.90625
kNN_dc_ae_l10_k200,187,60.91525143409091,-0.1784059526579342,514046.96875
kNN_dc_ae_l10_k200,188,60.98922430909091,-0.17414236336374334,314942.625
kNN_dc_ae_l10_k200,189,61.15445065909091,-0.16461917939964438,293789.96875
kNN_dc_ae_l10_k200,190,61.257236485,-0.15869489232900422,417175.53125
kNN_dc_ae_l10_k200,191,61.38288141818182,-0.1514530703505647,313452.375
kNN_dc_ae_l10_k200,192,61.41676890772727,-0.14949989038246164,316353.71875
kNN_dc_ae_l10_k200,193,61.450913154545454,-0.1475319116444142,340326.0
kNN_dc_ae_l10_k200,194,61.557454278181815,-0.14139117973251966,414868.75
kNN_dc_ae_l10_k200,195,61.612018317727276,-0.1382462613438015,320545.90625
kNN_dc_ae_l10_k200,196,61.66026577136363,-0.13546541327218128,496137.90625
kNN_dc_ae_l10_k200,197,61.784896459090916,-0.12828204956052722,339298.28125
kNN_dc_ae_l10_k200,198,61.80260090454545,-0.12726161492013313,400038.5625
kNN_dc_ae_l10_k200,199,62.04634134636364,-0.11321309864578996,410433.6875
kNN_dc_ae_l10_k200,200,62.140166177272725,-0.1078052982244427,324267.59375
kNN_dc_ae_l10_k200,201,62.30800517363637,-0.0981315286427709,1019054.0625
kNN_dc_ae_l10_k200,202,62.48285368636363,-0.08805375017371433,356766.84375
kNN_dc_ae_l10_k200,203,62.50087945,-0.08701479565343062,340591.53125
kNN_dc_ae_l10_k200,204,62.515273900000004,-0.08618513987871876,287661.84375
kNN_dc_ae_l10_k200,205,62.56153540454545,-0.08351875634944335,273383.9375
kNN_dc_ae_l10_k200,206,62.62842450590909,-0.07966345592382028,370181.03125
kNN_dc_ae_l10_k200,207,62.64787497272727,-0.07854238550316901,290357.46875
kNN_dc_ae_l10_k200,208,62.80573838590909,-0.06944358059141646,354935.625
kNN_dc_ae_l10_k200,209,62.831736559090906,-0.06794511871810778,322057.96875
kNN_dc_ae_l10_k200,210,63.033077886363635,-0.05634036863318487,857283.75
kNN_dc_ae_l10_k200,211,63.2958711590909,-0.041193700558090865,297497.71875
kNN_dc_ae_l10_k200,212,63.30556153181818,-0.04063517461980955,339975.71875
kNN_dc_ae_l10_k200,213,63.451246159090914,-0.0322383208113255,407428.8125
kNN_dc_ae_l10_k200,214,63.51674641363636,-0.02846306962571502,344777.09375
kNN_dc_ae_l10_k200,215,63.52993807136364,-0.027702739428211564,282984.375
kNN_dc_ae_l10_k200,216,63.601648069090906,-0.02356957604100441,274535.34375
kNN_dc_ae_l10_k200,217,63.632569839545454,-0.021787331813408223,365881.53125
kNN_dc_ae_l10_k200,218,63.65115097727273,-0.02071636708629849,372104.15625
kNN_dc_ae_l10_k200,219,63.71100458181818,-0.017266572988681755,298058.5
kNN_dc_ae_l10_k200,220,63.89873966363636,-0.006446048776474242,277859.375
kNN_dc_ae_l10_k200,221,63.92419218818182,-0.004979036562035517,256642.453125
kNN_dc_ae_l10_k200,222,63.96103896818182,-0.002855291382016408,366721.03125
kNN_dc_ae_l10_k200,223,63.99746849090909,-0.0007555957423308915,548160.75
kNN_dc_ae_l10_k200,224,64.02118780454545,0.000611519050564863,377898.75
kNN_dc_ae_l10_k200,225,64.02835174090909,0.0010244282741725598,264961.1875
kNN_dc_ae_l10_k200,226,64.1043883409091,0.005406964896234798,456873.5625
kNN_dc_ae_l10_k200,227,64.15682117727273,0.008429046703709133,290828.375
kNN_dc_ae_l10_k200,228,64.23845857272727,0.01313439748621699,413231.4375
kNN_dc_ae_l10_k200,229,64.25370258636363,0.014013019729039077,324609.53125
kNN_dc_ae_l10_k200,230,64.32671434181817,0.01822121278502206,405563.28125
kNN_dc_ae_l10_k200,231,64.40631527727272,0.022809187717882526,301171.90625
kNN_dc_ae_l10_k200,232,64.56676404090909,0.032057004987472486,547721.625
kNN_dc_ae_l10_k200,233,64.70266141363636,0.0398897488610707,331416.71875
kNN_dc_ae_l10_k200,234,64.83579067045456,0.047562946288015,424606.15625
kNN_dc_ae_l10_k200,235,64.88276691590909,0.05027052548108044,476860.125
kNN_dc_ae_l10_k200,236,64.91428311818181,0.05208703109348984,324760.75
kNN_dc_ae_l10_k200,237,64.99876317727272,0.056956225044821694,481313.0
kNN_dc_ae_l10_k200,238,65.11283459954545,0.06353098227543044,445227.375
kNN_dc_ae_l10_k200,239,65.12859398045454,0.06443930884414997,298285.8125
kNN_dc_ae_l10_k200,240,65.15700578272727,0.06607688553694015,283478.21875
kNN_dc_ae_l10_k200,241,65.26560826818182,0.07233642856952589,327603.125
kNN_dc_ae_l10_k200,242,65.49862164545455,0.08576666689328061,395430.4375
kNN_dc_ae_l10_k200,243,65.58085287863636,0.09050624481886647,290788.03125
kNN_dc_ae_l10_k200,244,65.74797291818182,0.10013857574355729,309663.25
kNN_dc_ae_l10_k200,245,65.77319434545456,0.10159226815857124,323263.9375
kNN_dc_ae_l10_k200,246,65.79643795909091,0.10293196493604907,292907.53125
kNN_dc_ae_l10_k200,247,65.90152255454545,0.10898874664372764,363211.25
kNN_dc_ae_l10_k200,248,66.06104215454546,0.11818300952419154,347281.125
kNN_dc_ae_l10_k200,249,66.34667021363636,0.13464581071801482,366956.8125
kNN_dc_ae_l10_k200,250,66.41367993636364,0.13850806342114064,304097.0
kNN_dc_ae_l10_k200,251,66.49486482500001,0.14318733297826053,445547.71875
kNN_dc_ae_l10_k200,252,66.57540134545455,0.14782923240965884,390505.46875
kNN_dc_ae_l10_k200,253,66.64770191772728,0.15199643485928482,390958.40625
kNN_dc_ae_l10_k200,254,66.69631712272727,0.15479847908932004,285982.0
kNN_dc_ae_l10_k200,255,66.69915260454546,0.15496190831826281,614222.0625
kNN_dc_ae_l10_k200,256,66.84640655909091,0.16344921375457688,301141.75
kNN_dc_ae_l10_k200,257,66.92138232272727,0.1677706067403678,249049.046875
kNN_dc_ae_l10_k200,258,67.1600262,0.1815253713113582,270279.25
kNN_dc_ae_l10_k200,259,67.24224864545455,0.1862644427369615,470313.03125
kNN_dc_ae_l10_k200,260,67.33497136227273,0.19160872038946963,2003202.5
kNN_dc_ae_l10_k200,261,67.50431248636363,0.20136906840541843,381596.96875
kNN_dc_ae_l10_k200,262,67.65232870272727,0.20990030847760313,333453.40625
kNN_dc_ae_l10_k200,263,67.78208407272727,0.2173790445196429,286563.3125
kNN_dc_ae_l10_k200,264,67.84529925,0.2210225902524589,294169.40625
kNN_dc_ae_l10_k200,265,67.89158320909091,0.22369026799883285,326760.8125
kNN_dc_ae_l10_k200,266,67.98637594090908,0.22915385551719142,330734.1875
kNN_dc_ae_l10_k200,267,68.0851692090909,0.234848022744816,352769.3125
kNN_dc_ae_l10_k200,268,68.12695885,0.23725666058115907,278702.375
kNN_dc_ae_l10_k200,269,68.2302839,0.24321202701786718,446463.5625
kNN_dc_ae_l10_k200,270,68.23565684545454,0.24352170854259156,315779.25
kNN_dc_ae_l10_k200,271,68.26595938409092,0.24526826198284749,262141.140625
kNN_dc_ae_l10_k200,272,68.27114585318182,0.2455671955323495,401605.3125
kNN_dc_ae_l10_k200,273,68.32032611363637,0.24840180797589106,332210.4375
kNN_dc_ae_l10_k200,274,68.38830778636363,0.25232008115428434,471718.75
kNN_dc_ae_l10_k200,275,68.41746199090909,0.2540004478343775,310727.6875
kNN_dc_ae_l10_k200,276,68.46063733181818,0.256488953536948,351921.90625
kNN_dc_ae_l10_k200,277,68.46664887727273,0.256835442176758,270955.3125
kNN_dc_ae_l10_k200,278,68.47213741363636,0.2571517860376766,500424.15625
kNN_dc_ae_l10_k200,279,68.93374281227273,0.283757428116166,321920.96875
kNN_dc_ae_l10_k200,280,69.04567613727274,0.29020895140944425,303480.40625
kNN_dc_ae_l10_k200,281,69.05974111818182,0.2910196175086998,409539.6875
kNN_dc_ae_l10_k200,282,69.09219679545454,0.2928902718283501,358238.09375
kNN_dc_ae_l10_k200,283,69.09712682727273,0.29317442505181285,265193.90625
kNN_dc_ae_l10_k200,284,69.10091421363637,0.29339271939217726,295480.3125
kNN_dc_ae_l10_k200,285,69.10780212727273,0.2937897194390094,281539.71875
kNN_dc_ae_l10_k200,286,69.12065298636364,0.2945304069577943,360482.09375
kNN_dc_ae_l10_k200,287,69.18059698636364,0.2979854111961857,356365.09375
kNN_dc_ae_l10_k200,288,69.23367816363636,0.30104486155745686,436827.53125
kNN_dc_ae_l10_k200,289,69.2644266,0.3028171152936152,480010.59375
kNN_dc_ae_l10_k200,290,69.35791935818182,0.30820577597320115,335533.46875
kNN_dc_ae_l10_k200,291,69.61843814545455,0.32322134907823014,331590.0625
kNN_dc_ae_l10_k200,292,69.80519480454545,0.33398547974530074,373409.125
kNN_dc_ae_l10_k200,293,69.8553488,0.33687621554651076,385302.71875
kNN_dc_ae_l10_k200,294,69.88728480909091,0.3387169176479122,561771.6875
kNN_dc_ae_l10_k200,295,69.97248817863637,0.3436278011876287,373575.46875
kNN_dc_ae_l10_k200,296,70.05721009181819,0.3485109349312532,334645.46875
kNN_dc_ae_l10_k200,297,70.14929492727272,0.35381844688886305,368447.46875
kNN_dc_ae_l10_k200,298,70.15787111818182,0.35431275450831085,316440.53125
kNN_dc_ae_l10_k200,299,70.16147875909091,0.3545206888241977,478608.46875
kNN_dc_ae_l10_k200,300,70.20511073181818,0.3570355135056018,442388.90625
kNN_dc_ae_l10_k200,301,70.32331571818182,0.3638485177910241,444561.46875
kNN_dc_ae_l10_k200,302,70.37705808636363,0.36694607734409634,537377.625
kNN_dc_ae_l10_k200,303,70.399005675,0.36821107487114013,355930.28125
kNN_dc_ae_l10_k200,304,70.50181075318181,0.37413647158884883,305387.46875
kNN_dc_ae_l10_k200,305,70.6102672090909,0.38038759788750787,532496.875
kNN_dc_ae_l10_k200,306,70.7436578590909,0.38807586128520843,326130.28125
kNN_dc_ae_l10_k200,307,70.83137117272727,0.39313141097119886,383610.84375
kNN_dc_ae_l10_k200,308,70.8352099,0.39335266445774103,290160.75
kNN_dc_ae_l10_k200,309,70.84563281363636,0.3939534120019492,405241.53125
kNN_dc_ae_l10_k200,310,70.86294127272727,0.394951023097624,292711.03125
kNN_dc_ae_l10_k200,311,70.88488886772727,0.3962160209914498,296461.59375
kNN_dc_ae_l10_k200,312,70.94146290454545,0.3994767899923458,256308.515625
kNN_dc_ae_l10_k200,313,71.03486937272727,0.4048604771580567,395034.90625
kNN_dc_ae_l10_k200,314,71.06114357272727,0.4063748484439294,289569.21875
kNN_dc_ae_l10_k200,315,71.16676672727273,0.41246267118893826,324900.40625
kNN_dc_ae_l10_k200,316,71.17873871818182,0.41315270320770386,578872.3125
kNN_dc_ae_l10_k200,317,71.2066498259091,0.4147614212694939,305353.75
kNN_dc_ae_l10_k200,318,71.25545576818182,0.4175744590616155,444847.84375
kNN_dc_ae_l10_k200,319,71.3174982909091,0.4211504162713988,370530.71875
kNN_dc_ae_l10_k200,320,71.36296618181818,0.4237710581338302,250546.015625
kNN_dc_ae_l10_k200,321,71.46931471818182,0.4299006898548213,528592.875
kNN_dc_ae_l10_k200,322,71.72297334090909,0.4445208622928842,367840.4375
kNN_dc_ae_l10_k200,323,71.90808025909091,0.45518990651538743,299793.46875
kNN_dc_ae_l10_k200,324,71.99829709090909,0.46038975197625187,292396.3125
kNN_dc_ae_l10_k200,325,72.09644175681818,0.46604653558581094,353575.09375
kNN_dc_ae_l10_k200,326,72.15469048045455,0.4694038288435938,444626.71875
kNN_dc_ae_l10_k200,327,72.16259906363636,0.4698596574238161,289172.75
kNN_dc_ae_l10_k200,328,72.25012620454545,0.47490447663533314,293946.375
kNN_dc_ae_l10_k200,329,72.32991709090909,0.4795033998064825,416631.125
kNN_dc_ae_l10_k200,330,72.3529890590909,0.4808332034207922,308407.40625
kNN_dc_ae_l10_k200,331,72.35690482818183,0.48105889738191765,324022.53125
kNN_dc_ae_l10_k200,332,72.45495321363636,0.48671013165578725,294798.90625
kNN_dc_ae_l10_k200,333,72.62635492727273,0.49658924628079065,306133.96875
kNN_dc_ae_l10_k200,334,72.63195748181819,0.49691216183031,265262.59375
kNN_dc_ae_l10_k200,335,72.83995069636363,0.5089003080636467,292519.6875
kNN_dc_ae_l10_k200,336,72.89617321363636,0.5121408164626576,317797.59375
kNN_dc_ae_l10_k200,337,73.03390340545455,0.5200791988943657,431499.96875
kNN_dc_ae_l10_k200,338,73.11911989545455,0.5249908386603275,276281.34375
kNN_dc_ae_l10_k200,339,73.13833258181818,0.5260982040816745,303176.28125
kNN_dc_ae_l10_k200,340,73.33471177272727,0.5374169505270702,295325.125
kNN_dc_ae_l10_k200,341,73.33981687045456,0.5377111940591194,330439.625
kNN_dc_ae_l10_k200,342,73.39854528636364,0.541096135435736,268420.875
kNN_dc_ae_l10_k200,343,73.41015931818183,0.5417655356952554,797759.0625
kNN_dc_ae_l10_k200,344,73.44266513181819,0.5436390797344586,390389.40625
kNN_dc_ae_l10_k200,345,73.44619574090909,0.5438425741521346,326777.1875
kNN_dc_ae_l10_k200,346,73.46868897499999,0.5451390211546568,284892.46875
kNN_dc_ae_l10_k200,347,73.50964273636363,0.5474994812355564,373190.28125
kNN_dc_ae_l10_k200,348,73.53120189545454,0.548742090771711,397016.3125
kNN_dc_ae_l10_k200,349,73.63946159545455,0.5549818766109442,339493.5625
kNN_dc_ae_l10_k200,350,73.76844457272728,0.562416094099894,332095.03125
kNN_dc_ae_l10_k200,351,73.80118299272728,0.5643030449182952,316525.96875
kNN_dc_ae_l10_k200,352,73.90576145,0.5703306542390226,489001.15625
kNN_dc_ae_l10_k200,353,73.96756481363637,0.5738928269887642,285751.6875
kNN_dc_ae_l10_k200,354,74.00717849454546,0.5761760485862414,419812.15625
kNN_dc_ae_l10_k200,355,74.01135728181818,0.5764169021785707,455116.40625
kNN_dc_ae_l10_k200,356,74.05095793636363,0.5786993729729389,318519.9375
kNN_dc_ae_l10_k200,357,74.05302495909092,0.5788185103725725,262714.5
kNN_dc_ae_l10_k200,358,74.20412883636364,0.5875277145700669,453712.3125
kNN_dc_ae_l10_k200,359,74.32802774090909,0.5946689003490705,898519.5
kNN_dc_ae_l10_k200,360,74.38583995454546,0.5980010343932524,423261.25
kNN_dc_ae_l10_k200,361,74.46433656818182,0.602525359310058,282351.1875
kNN_dc_ae_l10_k200,362,74.52572066363636,0.6060633666162982,334965.6875
kNN_dc_ae_l10_k200,363,74.86437946363637,0.625582711160682,635161.75
kNN_dc_ae_l10_k200,364,74.89747095909091,0.6274900122592099,323327.375
kNN_dc_ae_l10_k200,365,74.9084351090909,0.6281219551512479,383958.15625
kNN_dc_ae_l10_k200,366,75.02020153181819,0.634563858665071,310439.6875
kNN_dc_ae_l10_k200,367,75.04613550454546,0.6360586202040249,283562.25
kNN_dc_ae_l10_k200,368,75.04910765454545,0.6362299266041167,545967.4375
kNN_dc_ae_l10_k200,369,75.04911406363637,0.6362302960061632,427603.6875
kNN_dc_ae_l10_k200,370,75.14242499545455,0.6416084767235004,267440.09375
kNN_dc_ae_l10_k200,371,75.14524949545454,0.6417712729912052,339256.8125
kNN_dc_ae_l10_k200,372,75.21942449545455,0.6460465122041826,329879.9375
kNN_dc_ae_l10_k200,373,75.2494860690909,0.6477791770968547,345898.59375
kNN_dc_ae_l10_k200,374,75.29101026818182,0.6501725156103826,383458.46875
kNN_dc_ae_l10_k200,375,75.30463428181818,0.6509577655913236,288577.625
kNN_dc_ae_l10_k200,376,75.35053226363635,0.6536031966889378,465419.09375
kNN_dc_ae_l10_k200,377,75.358434425,0.6540586551335503,279250.3125
kNN_dc_ae_l10_k200,378,75.4765098,0.6608641889830542,295265.875
kNN_dc_ae_l10_k200,379,75.48288537727272,0.661231659397098,274428.96875
kNN_dc_ae_l10_k200,380,75.54217925454545,0.664649192382683,391055.59375
kNN_dc_ae_l10_k200,381,75.65154605454546,0.6709527883645888,383338.90625
kNN_dc_ae_l10_k200,382,75.68111334545455,0.672656964185499,443201.15625
kNN_dc_ae_l10_k200,383,75.77031593636364,0.677798351641565,306310.53125
kNN_dc_ae_l10_k200,384,75.78166525454546,0.6784524945486285,363142.3125
kNN_dc_ae_l10_k200,385,75.79512009954546,0.6792279941232632,311504.90625
kNN_dc_ae_l10_k200,386,75.84170493636363,0.6819130136189849,287697.5625
kNN_dc_ae_l10_k200,387,75.84312428636363,0.6819948209769487,292965.25
kNN_dc_ae_l10_k200,388,76.02107943636364,0.6922516573157579,320080.875
kNN_dc_ae_l10_k200,389,76.07231828181818,0.6952049208319687,320157.125
kNN_dc_ae_l10_k200,390,76.16321556363636,0.7004439855246826,353974.71875
kNN_dc_ae_l10_k200,391,76.19598609272727,0.7023327870211363,405140.96875
kNN_dc_ae_l10_k200,392,76.26727722727273,0.7064418083079089,280884.625
kNN_dc_ae_l10_k200,393,76.28929185454545,0.7077106697541566,383202.875
kNN_dc_ae_l10_k200,394,76.28997104545455,0.707749816415534,291186.75
kNN_dc_ae_l10_k200,395,76.32376224090909,0.7096974462619865,327482.21875
kNN_dc_ae_l10_k200,396,76.35414479090909,0.7114486113331051,325817.125
kNN_dc_ae_l10_k200,397,76.39021483181818,0.71352758744781,339827.09375
kNN_dc_ae_l10_k200,398,76.45241142272727,0.7171124247159999,357642.8125
kNN_dc_ae_l10_k200,399,76.51437691681818,0.7206839422109638,305441.84375
kNN_dc_ae_l10_k200,400,76.5471795409091,0.7225745935733101,329687.3125
kNN_dc_ae_l10_k200,401,76.59774437272728,0.7254890088316404,329987.03125
kNN_dc_ae_l10_k200,402,76.63823088636364,0.7278225380624447,270046.4375
kNN_dc_ae_l10_k200,403,76.64452179545455,0.7281851284396704,359473.625
kNN_dc_ae_l10_k200,404,76.67493643727272,0.7299381431932893,251781.65625
kNN_dc_ae_l10_k200,405,76.67586082272727,0.7299914221814013,417599.6875
kNN_dc_ae_l10_k200,406,76.81212329090908,0.7378452091342544,548919.8125
kNN_dc_ae_l10_k200,407,76.90558185454546,0.7432318989360301,391266.28125
kNN_dc_ae_l10_k200,408,76.91644974545454,0.7438582937237196,408655.03125
kNN_dc_ae_l10_k200,409,76.98329391227273,0.7477110042480184,291968.1875
kNN_dc_ae_l10_k200,410,77.11547369545454,0.7553294766743298,320258.5625
kNN_dc_ae_l10_k200,411,77.14402031818182,0.7569748240404465,296482.46875
kNN_dc_ae_l10_k200,412,77.17084656363636,0.7585210136798696,268833.6875
kNN_dc_ae_l10_k200,413,77.25877326818183,0.7635888626200866,438257.75
kNN_dc_ae_l10_k200,414,77.34552212272727,0.7685888235858233,256237.125
kNN_dc_ae_l10_k200,415,77.52582683636363,0.7789810821907805,286008.65625
kNN_dc_ae_l10_k200,416,77.65479755863636,0.7864145933358604,602594.8125
kNN_dc_ae_l10_k200,417,77.69959142727272,0.7889963864426363,360317.0
kNN_dc_ae_l10_k200,418,77.72501827727272,0.7904619188481973,238197.234375
kNN_dc_ae_l10_k200,419,77.83570625,0.7968416635250904,457282.4375
kNN_dc_ae_l10_k200,420,77.9733424409091,0.8047746280077235,317502.53125
kNN_dc_ae_l10_k200,421,78.0566007590909,0.8095734042355274,304947.96875
kNN_dc_ae_l10_k200,422,78.20425748181819,0.818083924101565,299133.34375
kNN_dc_ae_l10_k200,423,78.23482706363636,0.8198458691627494,281436.125
kNN_dc_ae_l10_k200,424,78.25971381363637,0.8212802717172971,335013.46875
kNN_dc_ae_l10_k200,425,78.3483194,0.8263872495037559,258428.5
kNN_dc_ae_l10_k200,426,78.4185978909091,0.8304379048480556,261888.578125
kNN_dc_ae_l10_k200,427,78.53980069090909,0.837423694713678,327613.3125
kNN_dc_ae_l10_k200,428,78.54177141363635,0.8375372816510761,318190.84375
kNN_dc_ae_l10_k200,429,78.57485005,0.8394438415876266,304913.78125
kNN_dc_ae_l10_k200,430,78.5853263609091,0.8400476668010531,260073.078125
kNN_dc_ae_l10_k200,431,78.61859467727272,0.8419651593614511,376714.3125
kNN_dc_ae_l10_k200,432,78.63007529545455,0.8426268700327033,606516.25
kNN_dc_ae_l10_k200,433,78.86957993181818,0.8564312463464417,409756.0
kNN_dc_ae_l10_k200,434,79.22077921818182,0.8766733893950602,291652.9375
kNN_dc_ae_l10_k200,435,79.25695136818182,0.8787582507917258,366665.375
kNN_dc_ae_l10_k200,436,79.28284742727273,0.8802508270948876,346064.0
kNN_dc_ae_l10_k200,437,79.36729972727272,0.8851184210899811,338057.90625
kNN_dc_ae_l10_k200,438,79.46781420454546,0.8909117939879693,802029.4375
kNN_dc_ae_l10_k200,439,79.51125251363636,0.8934154564398847,348375.375
kNN_dc_ae_l10_k200,440,79.62850745318183,0.9001737026880812,286705.4375
kNN_dc_ae_l10_k200,441,79.6499864090909,0.9014116895375086,306552.3125
kNN_dc_ae_l10_k200,442,79.75645692727272,0.9075483519487911,277062.96875
kNN_dc_ae_l10_k200,443,79.91532173636364,0.9167048745155257,340081.5625
kNN_dc_ae_l10_k200,444,79.94757872272727,0.9185640768477706,295936.09375
kNN_dc_ae_l10_k200,445,80.02392345454545,0.9229643733246603,352651.75
kNN_dc_ae_l10_k200,446,80.13685939999999,0.9294736848522888,377280.09375
kNN_dc_ae_l10_k200,447,80.28660759545454,0.9381047513474663,487918.6875
kNN_dc_ae_l10_k200,448,80.40461357272727,0.9449062853063745,410934.3125
kNN_dc_ae_l10_k200,449,80.43965011363636,0.9469256933762311,446807.125
kNN_dc_ae_l10_k200,450,80.56802326363636,0.954324762129495,503138.28125
kNN_dc_ae_l10_k200,451,80.69563893636364,0.9616801720146861,306821.25
kNN_dc_ae_l10_k200,452,80.83871870454546,0.9699268890421825,509132.90625
kNN_dc_ae_l10_k200,453,80.88731798181819,0.9727280152426367,328825.4375
kNN_dc_ae_l10_k200,454,80.98601989090909,0.9784169167881859,412341.03125
kNN_dc_ae_l10_k200,455,81.02786977272727,0.9808290267417757,345895.3125
kNN_dc_ae_l10_k200,456,81.46314962272727,1.0059173379428359,370540.40625
kNN_dc_ae_l10_k200,457,81.49191450454545,1.0075752651515413,332156.53125
kNN_dc_ae_l10_k200,458,81.53910919545454,1.0102954349286748,277186.4375
kNN_dc_ae_l10_k200,459,81.65584415909092,1.0170237112220841,575258.0625
kNN_dc_ae_l10_k200,460,81.66778405000001,1.017711893086772,341691.3125
kNN_dc_ae_l10_k200,461,82.0783984909091,1.0413785592032403,453790.53125
kNN_dc_ae_l10_k200,462,82.11143467727273,1.0432826724407058,275745.8125
kNN_dc_ae_l10_k200,463,82.15394328181819,1.0457327493270108,419384.09375
kNN_dc_ae_l10_k200,464,82.87086985,1.0870543883848574,351121.28125
kNN_dc_ae_l10_k200,465,83.04785639090909,1.0972553968090384,324472.4375
kNN_dc_ae_l10_k200,466,83.2706767,1.1100981352367167,294525.84375
kNN_dc_ae_l10_k200,467,83.28013232272727,1.1106431308426048,357154.53125
kNN_dc_ae_l10_k200,468,83.32162666818182,1.113034748676162,248986.125
kNN_dc_ae_l10_k200,469,83.35334443181819,1.1148628717209361,338572.46875
kNN_dc_ae_l10_k200,470,83.45792123636365,1.1208903857830939,299006.53125
kNN_dc_ae_l10_k200,471,84.18152392727274,1.1625968178530641,297328.46875
kNN_dc_ae_l10_k200,472,84.62887205909091,1.188380711011149,264493.03125
kNN_dc_ae_l10_k200,473,85.11071750454545,1.2161529326896323,236416.125
kNN_dc_ae_l10_k200,474,85.12217595454545,1.2168133656489846,279354.40625
kNN_dc_ae_l10_k200,475,85.54109655454546,1.2409587755073437,291537.25
kNN_dc_ae_l10_k200,476,85.8163718359091,1.256824871594287,896127.75
kNN_dc_ae_l10_k200,477,86.0069106,1.2678069921987163,648779.1875
kNN_dc_ae_l10_k200,478,86.07828567272726,1.2719208514471514,355756.4375
kNN_dc_ae_l10_k200,479,86.46879091363637,1.2944284796076844,264494.59375
kNN_dc_ae_l10_k200,480,87.81027129545454,1.371747650915916,481343.53125
kNN_dc_ae_l10_k500,1,10.383351573636363,-3.0909231051976005,322611.28125
kNN_dc_ae_l10_k500,2,11.237612673636363,-3.0416858884420805,446017.40625
kNN_dc_ae_l10_k500,3,12.873956289545454,-2.9473716263235947,836765.75
kNN_dc_ae_l10_k500,4,13.852077771363637,-2.8909954441311574,300193.0
kNN_dc_ae_l10_k500,5,14.772021149545454,-2.8379724848575316,312609.5625
kNN_dc_ae_l10_k500,6,15.774696462272727,-2.780181088634338,800344.625
kNN_dc_ae_l10_k500,7,16.11136225,-2.760776615734313,418165.875
kNN_dc_ae_l10_k500,8,16.718538883636366,-2.7257806554602935,315419.09375
kNN_dc_ae_l10_k500,9,16.83383592,-2.719135257266808,273117.375
kNN_dc_ae_l10_k500,10,16.977602550909094,-2.710848951395825,268742.25
kNN_dc_ae_l10_k500,11,17.128398308636363,-2.702157506345793,405783.8125
kNN_dc_ae_l10_k500,12,17.49981897681818,-2.680749859495494,361247.71875
kNN_dc_ae_l10_k500,13,18.01987185318182,-2.650775468530193,326641.3125
kNN_dc_ae_l10_k500,14,18.22368484818182,-2.639028258441373,509821.28125
kNN_dc_ae_l10_k500,15,18.40435578590909,-2.628614891705722,332779.25
kNN_dc_ae_l10_k500,16,18.964998386363636,-2.5963010227481416,309936.03125
kNN_dc_ae_l10_k500,17,19.531784013636365,-2.563633086933271,245509.953125
kNN_dc_ae_l10_k500,18,21.457911477272727,-2.4526164956056054,380304.75
kNN_dc_ae_l10_k500,19,22.164942098181818,-2.411865231226962,282373.375
kNN_dc_ae_l10_k500,20,22.207954510454545,-2.4093861162745784,525744.75
kNN_dc_ae_l10_k500,21,22.336504287727273,-2.401976867220102,274973.53125
kNN_dc_ae_l10_k500,22,22.775860404545455,-2.376653611418521,310452.9375
kNN_dc_ae_l10_k500,23,23.03693973772727,-2.361605730017554,287114.75
kNN_dc_ae_l10_k500,24,23.073138160909092,-2.359519354308287,319512.09375
kNN_dc_ae_l10_k500,25,23.859046570909094,-2.314221795127428,590316.5
kNN_dc_ae_l10_k500,26,24.108436355454547,-2.299847666563835,286885.09375
kNN_dc_ae_l10_k500,27,24.136628927727273,-2.2982227256741137,292101.40625
kNN_dc_ae_l10_k500,28,24.706419758636365,-2.2653815783401448,374060.4375
kNN_dc_ae_l10_k500,29,25.160939161363636,-2.2391843532157982,336476.625
kNN_dc_ae_l10_k500,30,25.272293834545454,-2.2327661817923388,234708.234375
kNN_dc_ae_l10_k500,31,25.739496508636364,-2.205837928436342,356048.25
kNN_dc_ae_l10_k500,32,26.08368123090909,-2.1860000852119685,337002.8125
kNN_dc_ae_l10_k500,33,26.26193154681818,-2.175726236337011,282186.8125
kNN_dc_ae_l10_k500,34,26.29922768272727,-2.1735765915411758,310670.90625
kNN_dc_ae_l10_k500,35,26.647243233181822,-2.153517950111732,894102.5625
kNN_dc_ae_l10_k500,36,26.80277036,-2.144553802201322,283278.21875
kNN_dc_ae_l10_k500,37,27.710613355454544,-2.0922282750911965,480290.03125
kNN_dc_ae_l10_k500,38,27.723830698181818,-2.0914664644822447,346597.375
kNN_dc_ae_l10_k500,39,27.94224735681818,-2.078877540130785,288371.0
kNN_dc_ae_l10_k500,40,28.008295531363636,-2.0750707083712667,277591.25
kNN_dc_ae_l10_k500,41,28.427649107272728,-2.0509003429944066,328545.375
kNN_dc_ae_l10_k500,42,28.610673086363636,-2.0403513535461495,341893.71875
kNN_dc_ae_l10_k500,43,28.864666542727274,-2.0257118822352584,330153.6875
kNN_dc_ae_l10_k500,44,28.872480873181818,-2.0252614861182057,316973.53125
kNN_dc_ae_l10_k500,45,29.867093540909092,-1.9679347981668596,985980.1875
kNN_dc_ae_l10_k500,46,30.946254809545454,-1.9057349657057894,281039.46875
kNN_dc_ae_l10_k500,47,31.113843444545456,-1.8960756262517786,349645.6875
kNN_dc_ae_l10_k500,48,31.75240744409091,-1.8592705861324392,262915.625
kNN_dc_ae_l10_k500,49,31.962474827272725,-1.8471628906292867,252268.125
kNN_dc_ae_l10_k500,50,32.10326235227273,-1.8390482920775113,299102.1875
kNN_dc_ae_l10_k500,51,32.57260997909091,-1.8119964096549876,292606.0625
kNN_dc_ae_l10_k500,52,33.29309288772727,-1.770469793095747,260654.1875
kNN_dc_ae_l10_k500,53,33.63066458409091,-1.751013106159651,316171.59375
kNN_dc_ae_l10_k500,54,33.94931614045454,-1.7326469230920152,257898.90625
kNN_dc_ae_l10_k500,55,34.254768114545456,-1.7150415269704833,365697.96875
kNN_dc_ae_l10_k500,56,35.01583384090909,-1.6711758304824154,302542.6875
kNN_dc_ae_l10_k500,57,35.61844186090909,-1.6364431923003018,360712.625
kNN_dc_ae_l10_k500,58,36.50372615909091,-1.5854178853071164,368656.8125
kNN_dc_ae_l10_k500,59,36.74721518909091,-1.5713838597056917,379669.0
kNN_dc_ae_l10_k500,60,37.183868766818186,-1.5462163706866658,358845.625
kNN_dc_ae_l10_k500,61,37.586910895,-1.5229861514634166,263207.6875
kNN_dc_ae_l10_k500,62,37.90925234181818,-1.504407293446501,278756.75
kNN_dc_ae_l10_k500,63,39.159607152727276,-1.4323403447746748,403001.4375
kNN_dc_ae_l10_k500,64,39.16116855045455,-1.4322503501836308,419221.53125
kNN_dc_ae_l10_k500,65,39.50363207727273,-1.4125117118436592,325986.75
kNN_dc_ae_l10_k500,66,39.72578294681818,-1.3997075580360745,320119.96875
kNN_dc_ae_l10_k500,67,40.10658689318182,-1.3777590853168278,311564.40625
kNN_dc_ae_l10_k500,68,40.511631334545456,-1.3544134583708745,337919.28125
kNN_dc_ae_l10_k500,69,41.22542756590909,-1.3132722431581907,332212.34375
kNN_dc_ae_l10_k500,70,41.450596035,-1.3002941633660317,272962.28125
kNN_dc_ae_l10_k500,71,41.606778884545456,-1.2912922214345022,285152.125
kNN_dc_ae_l10_k500,72,41.74143011090909,-1.283531301946464,329256.09375
kNN_dc_ae_l10_k500,73,42.27668356454546,-1.2526807922886625,271176.46875
kNN_dc_ae_l10_k500,74,42.349748590454546,-1.2484695288729066,309336.21875
kNN_dc_ae_l10_k500,75,42.93479045136364,-1.2147493548925703,440514.75
kNN_dc_ae_l10_k500,76,42.999259720454546,-1.2110335268204517,333134.21875
kNN_dc_ae_l10_k500,77,43.14833512181818,-1.2024412382919711,308232.46875
kNN_dc_ae_l10_k500,78,43.849900354999995,-1.1620049835516937,345422.3125
kNN_dc_ae_l10_k500,79,44.24228326,-1.1393891320928766,255649.640625
kNN_dc_ae_l10_k500,80,44.68483293727273,-1.113881808412842,467522.53125
kNN_dc_ae_l10_k500,81,45.014271393181815,-1.0948938986728347,301281.125
kNN_dc_ae_l10_k500,82,45.044897863636365,-1.0931286747100122,605969.5
kNN_dc_ae_l10_k500,83,45.242849799999995,-1.0817192796223616,279553.375
kNN_dc_ae_l10_k500,84,45.34376912590909,-1.0759025723830795,285572.53125
kNN_dc_ae_l10_k500,85,45.44974382363636,-1.0697944876738517,304461.59375
kNN_dc_ae_l10_k500,86,45.87703164136364,-1.0451668148248472,283829.96875
kNN_dc_ae_l10_k500,87,46.05975058136364,-1.0346354069752812,336811.46875
kNN_dc_ae_l10_k500,88,46.3385215,-1.0185678321482947,357391.96875
kNN_dc_ae_l10_k500,89,46.461104443636366,-1.0115024946696791,251754.515625
kNN_dc_ae_l10_k500,90,46.55172569545454,-1.00627933957292,300005.875
kNN_dc_ae_l10_k500,91,46.63784059272727,-1.0013159181284732,261359.59375
kNN_dc_ae_l10_k500,92,46.92503363227272,-0.9847629158452418,300893.59375
kNN_dc_ae_l10_k500,93,46.98420985,-0.9813521644262555,298282.0
kNN_dc_ae_l10_k500,94,47.05894020545455,-0.9770449160806003,284212.90625
kNN_dc_ae_l10_k500,95,47.18393024863636,-0.9698408401272126,392170.8125
kNN_dc_ae_l10_k500,96,47.45620903181818,-0.9541474538013544,275353.625
kNN_dc_ae_l10_k500,97,47.57944400681818,-0.9470445350614799,278918.96875
kNN_dc_ae_l10_k500,98,47.68605184090909,-0.9408999581458618,267331.4375
kNN_dc_ae_l10_k500,99,47.85413733318182,-0.9312119812305011,508591.875
kNN_dc_ae_l10_k500,100,47.997159330454544,-0.9229685939563709,350820.6875
kNN_dc_ae_l10_k500,101,48.745656067727275,-0.8798273387898924,360040.4375
kNN_dc_ae_l10_k500,102,48.974869975454546,-0.8666160912472533,276045.8125
kNN_dc_ae_l10_k500,103,49.269933079999994,-0.8496094804638982,332002.625
kNN_dc_ae_l10_k500,104,49.50143869090909,-0.8362661455696251,253118.296875
kNN_dc_ae_l10_k500,105,50.02686477227273,-0.8059820581201266,300308.6875
kNN_dc_ae_l10_k500,106,50.24467801363637,-0.793427913049909,323722.28125
kNN_dc_ae_l10_k500,107,50.26601576545454,-0.7921980648087251,317278.875
kNN_dc_ae_l10_k500,108,50.287720933636365,-0.7909470397175866,329850.6875
kNN_dc_ae_l10_k500,109,50.397065763181814,-0.7846447100511362,358248.90625
kNN_dc_ae_l10_k500,110,50.44004938636363,-0.782167254421305,441520.03125
kNN_dc_ae_l10_k500,111,50.53053583909091,-0.7769518687665316,278617.59375
kNN_dc_ae_l10_k500,112,50.744067415454545,-0.7646445068726515,335799.8125
kNN_dc_ae_l10_k500,113,50.877768575909094,-0.756938346522186,285868.0625
kNN_dc_ae_l10_k500,114,50.952142585000004,-0.7526516369826949,394686.09375
kNN_dc_ae_l10_k500,115,51.255980857727266,-0.7351392500872892,303310.03125
kNN_dc_ae_l10_k500,116,51.47010300409091,-0.7227978493929772,344139.0
kNN_dc_ae_l10_k500,117,51.48649149727273,-0.7218532625551946,354078.8125
kNN_dc_ae_l10_k500,118,51.49088870772727,-0.7215998196625357,319057.53125
kNN_dc_ae_l10_k500,119,51.669473619090915,-0.7113066856428819,309662.3125
kNN_dc_ae_l10_k500,120,51.78909724363636,-0.7044119150267025,558291.5
kNN_dc_ae_l10_k500,121,51.85205774272727,-0.7007830482308545,271341.375
kNN_dc_ae_l10_k500,122,51.87800455454545,-0.699287546682667,381649.46875
kNN_dc_ae_l10_k500,123,51.92553946363636,-0.6965477676825893,430928.90625
kNN_dc_ae_l10_k500,124,52.00039339090909,-0.6922333970034971,349504.71875
kNN_dc_ae_l10_k500,125,52.126720309090906,-0.6849522673201076,328184.75
kNN_dc_ae_l10_k500,126,52.30133809090909,-0.6748877875343021,344189.1875
kNN_dc_ae_l10_k500,127,52.82782977227273,-0.6445422818858776,360806.4375
kNN_dc_ae_l10_k500,128,52.94948191,-0.637530593452388,309244.53125
kNN_dc_ae_l10_k500,129,52.977303153181815,-0.6359270549312603,367091.15625
kNN_dc_ae_l10_k500,130,53.02329102272727,-0.6332764429568486,506404.6875
kNN_dc_ae_l10_k500,131,53.11169118954546,-0.6281813049775454,269585.125
kNN_dc_ae_l10_k500,132,53.15595768772727,-0.6256299080264427,327990.375
kNN_dc_ae_l10_k500,133,53.19575964181818,-0.6233358348901765,285664.3125
kNN_dc_ae_l10_k500,134,53.738266159999995,-0.5920672789100433,477806.03125
kNN_dc_ae_l10_k500,135,54.35688324090909,-0.5564119233034402,295019.09375
kNN_dc_ae_l10_k500,136,54.43010616227273,-0.5521915592359978,321435.21875
kNN_dc_ae_l10_k500,137,54.51598353272727,-0.5472418281719658,434724.84375
kNN_dc_ae_l10_k500,138,54.63723127590909,-0.5402534479072425,374777.5625
kNN_dc_ae_l10_k500,139,54.68535675181818,-0.5374796302901245,327610.40625
kNN_dc_ae_l10_k500,140,54.72388539863636,-0.5352589470181324,366155.6875
kNN_dc_ae_l10_k500,141,55.23867115454546,-0.5055881381210048,294055.75
kNN_dc_ae_l10_k500,142,55.2775563909091,-0.5033469020265294,390137.0
kNN_dc_ae_l10_k500,143,55.699695931818184,-0.47901596143141617,325001.875
kNN_dc_ae_l10_k500,144,55.80372709545455,-0.4730198965827504,348978.90625
kNN_dc_ae_l10_k500,145,55.82518654818182,-0.4717830338420878,351850.0
kNN_dc_ae_l10_k500,146,56.236087309090905,-0.4480998650428898,315178.5625
kNN_dc_ae_l10_k500,147,56.34353036818182,-0.44190714809799403,301380.21875
kNN_dc_ae_l10_k500,148,56.343846956363635,-0.44188890084205507,282107.625
kNN_dc_ae_l10_k500,149,56.418747340909086,-0.4375718524959041,255591.875
kNN_dc_ae_l10_k500,150,56.4284854,-0.43701057804920695,459420.40625
kNN_dc_ae_l10_k500,151,56.43083487727272,-0.4368751607608167,429238.875
kNN_dc_ae_l10_k500,152,56.73676582727273,-0.41924215780964386,363574.84375
kNN_dc_ae_l10_k500,153,56.80215198181818,-0.415473483028404,1095466.125
kNN_dc_ae_l10_k500,154,56.838491672272724,-0.41337896506927063,271363.375
kNN_dc_ae_l10_k500,155,56.87784920000001,-0.4111105074236286,417712.6875
kNN_dc_ae_l10_k500,156,56.88495511818182,-0.41070094220549447,295692.09375
kNN_dc_ae_l10_k500,157,56.89427865,-0.4101635599495794,246017.15625
kNN_dc_ae_l10_k500,158,57.014437336363635,-0.4032379498690725,348371.46875
kNN_dc_ae_l10_k500,159,57.01605029863636,-0.40314498324207687,341707.4375
kNN_dc_ae_l10_k500,160,57.06027285454545,-0.40059611900047776,339856.125
kNN_dc_ae_l10_k500,161,57.08577673045454,-0.3991261470372903,391973.0
kNN_dc_ae_l10_k500,162,57.165035822727276,-0.39455787498782163,366295.25
kNN_dc_ae_l10_k500,163,57.30280682363637,-0.386617140434433,321229.15625
kNN_dc_ae_l10_k500,164,57.552973348181816,-0.3721982427531278,269762.8125
kNN_dc_ae_l10_k500,165,57.715692645,-0.3628195583114009,284679.125
kNN_dc_ae_l10_k500,166,57.94736867727273,-0.34946640080713065,366361.125
kNN_dc_ae_l10_k500,167,58.01582408181818,-0.3455208230538053,436670.84375
kNN_dc_ae_l10_k500,168,58.14704098045454,-0.33795784859535755,259064.296875
kNN_dc_ae_l10_k500,169,58.40466673181818,-0.32310902197584374,405596.75
kNN_dc_ae_l10_k500,170,58.48494007,-0.3184822916333907,301601.21875
kNN_dc_ae_l10_k500,171,58.90741873181818,-0.2941318050590592,335922.3125
kNN_dc_ae_l10_k500,172,58.92814133636364,-0.29293741218345776,294837.09375
kNN_dc_ae_l10_k500,173,58.959711454090915,-0.29111779903528184,278592.9375
kNN_dc_ae_l10_k500,174,59.080638213636355,-0.2841479193681854,440767.09375
kNN_dc_ae_l10_k500,175,59.15176404636364,-0.2800484256151513,329822.1875
kNN_dc_ae_l10_k500,176,59.165360129545455,-0.27926478546736844,266702.96875
kNN_dc_ae_l10_k500,177,59.343238913181814,-0.26901235067183393,234193.453125
kNN_dc_ae_l10_k500,178,59.52943686818182,-0.2582804221434605,375739.03125
kNN_dc_ae_l10_k500,179,59.53394987363636,-0.2580203051513792,571060.1875
kNN_dc_ae_l10_k500,180,59.61907620909091,-0.2531138616408659,351331.4375
kNN_dc_ae_l10_k500,181,59.64024705,-0.25189363367691286,339515.375
kNN_dc_ae_l10_k500,182,59.81487126545455,-0.2418287830743299,632107.1875
kNN_dc_ae_l10_k500,183,59.821444613636366,-0.241449913699103,347438.375
kNN_dc_ae_l10_k500,184,59.82249576181818,-0.241389328462493,286506.09375
kNN_dc_ae_l10_k500,185,60.13491826227273,-0.22338217072795283,654934.25
kNN_dc_ae_l10_k500,186,60.66603184545455,-0.19277027160609897,307552.90625
kNN_dc_ae_l10_k500,187,60.91525143409091,-0.1784059526579342,514046.96875
kNN_dc_ae_l10_k500,188,60.98922430909091,-0.17414236336374334,314942.625
kNN_dc_ae_l10_k500,189,61.15445065909091,-0.16461917939964438,293789.96875
kNN_dc_ae_l10_k500,190,61.257236485,-0.15869489232900422,417175.53125
kNN_dc_ae_l10_k500,191,61.38288141818182,-0.1514530703505647,313452.375
kNN_dc_ae_l10_k500,192,61.41676890772727,-0.14949989038246164,316353.71875
kNN_dc_ae_l10_k500,193,61.450913154545454,-0.1475319116444142,340326.0
kNN_dc_ae_l10_k500,194,61.557454278181815,-0.14139117973251966,414868.75
kNN_dc_ae_l10_k500,195,61.612018317727276,-0.1382462613438015,320545.90625
kNN_dc_ae_l10_k500,196,61.66026577136363,-0.13546541327218128,496137.90625
kNN_dc_ae_l10_k500,197,61.784896459090916,-0.12828204956052722,339298.28125
kNN_dc_ae_l10_k500,198,61.80260090454545,-0.12726161492013313,400038.5625
kNN_dc_ae_l10_k500,199,62.04634134636364,-0.11321309864578996,410433.6875
kNN_dc_ae_l10_k500,200,62.140166177272725,-0.1078052982244427,324267.59375
kNN_dc_ae_l10_k500,201,62.30800517363637,-0.0981315286427709,1019054.0625
kNN_dc_ae_l10_k500,202,62.48285368636363,-0.08805375017371433,356766.84375
kNN_dc_ae_l10_k500,203,62.50087945,-0.08701479565343062,340591.53125
kNN_dc_ae_l10_k500,204,62.515273900000004,-0.08618513987871876,287661.84375
kNN_dc_ae_l10_k500,205,62.56153540454545,-0.08351875634944335,273383.9375
kNN_dc_ae_l10_k500,206,62.62842450590909,-0.07966345592382028,370181.03125
kNN_dc_ae_l10_k500,207,62.64787497272727,-0.07854238550316901,290357.46875
kNN_dc_ae_l10_k500,208,62.80573838590909,-0.06944358059141646,354935.625
kNN_dc_ae_l10_k500,209,62.831736559090906,-0.06794511871810778,322057.96875
kNN_dc_ae_l10_k500,210,63.033077886363635,-0.05634036863318487,857283.75
kNN_dc_ae_l10_k500,211,63.2958711590909,-0.041193700558090865,297497.71875
kNN_dc_ae_l10_k500,212,63.30556153181818,-0.04063517461980955,339975.71875
kNN_dc_ae_l10_k500,213,63.451246159090914,-0.0322383208113255,407428.8125
kNN_dc_ae_l10_k500,214,63.51674641363636,-0.02846306962571502,344777.09375
kNN_dc_ae_l10_k500,215,63.52993807136364,-0.027702739428211564,282984.375
kNN_dc_ae_l10_k500,216,63.601648069090906,-0.02356957604100441,274535.34375
kNN_dc_ae_l10_k500,217,63.632569839545454,-0.021787331813408223,365881.53125
kNN_dc_ae_l10_k500,218,63.65115097727273,-0.02071636708629849,372104.15625
kNN_dc_ae_l10_k500,219,63.71100458181818,-0.017266572988681755,298058.5
kNN_dc_ae_l10_k500,220,63.89873966363636,-0.006446048776474242,277859.375
kNN_dc_ae_l10_k500,221,63.92419218818182,-0.004979036562035517,256642.453125
kNN_dc_ae_l10_k500,222,63.96103896818182,-0.002855291382016408,366721.03125
kNN_dc_ae_l10_k500,223,63.99746849090909,-0.0007555957423308915,548160.75
kNN_dc_ae_l10_k500,224,64.02118780454545,0.000611519050564863,377898.75
kNN_dc_ae_l10_k500,225,64.02835174090909,0.0010244282741725598,264961.1875
kNN_dc_ae_l10_k500,226,64.1043883409091,0.005406964896234798,456873.5625
kNN_dc_ae_l10_k500,227,64.15682117727273,0.008429046703709133,290828.375
kNN_dc_ae_l10_k500,228,64.23845857272727,0.01313439748621699,413231.4375
kNN_dc_ae_l10_k500,229,64.25370258636363,0.014013019729039077,324609.53125
kNN_dc_ae_l10_k500,230,64.32671434181817,0.01822121278502206,405563.28125
kNN_dc_ae_l10_k500,231,64.40631527727272,0.022809187717882526,301171.90625
kNN_dc_ae_l10_k500,232,64.56676404090909,0.032057004987472486,547721.625
kNN_dc_ae_l10_k500,233,64.70266141363636,0.0398897488610707,331416.71875
kNN_dc_ae_l10_k500,234,64.83579067045456,0.047562946288015,424606.15625
kNN_dc_ae_l10_k500,235,64.88276691590909,0.05027052548108044,476860.125
kNN_dc_ae_l10_k500,236,64.91428311818181,0.05208703109348984,324760.75
kNN_dc_ae_l10_k500,237,64.99876317727272,0.056956225044821694,481313.0
kNN_dc_ae_l10_k500,238,65.11283459954545,0.06353098227543044,445227.375
kNN_dc_ae_l10_k500,239,65.12859398045454,0.06443930884414997,298285.8125
kNN_dc_ae_l10_k500,240,65.15700578272727,0.06607688553694015,283478.21875
kNN_dc_ae_l10_k500,241,65.26560826818182,0.07233642856952589,327603.125
kNN_dc_ae_l10_k500,242,65.49862164545455,0.08576666689328061,395430.4375
kNN_dc_ae_l10_k500,243,65.58085287863636,0.09050624481886647,290788.03125
kNN_dc_ae_l10_k500,244,65.74797291818182,0.10013857574355729,309663.25
kNN_dc_ae_l10_k500,245,65.77319434545456,0.10159226815857124,323263.9375
kNN_dc_ae_l10_k500,246,65.79643795909091,0.10293196493604907,292907.53125
kNN_dc_ae_l10_k500,247,65.90152255454545,0.10898874664372764,363211.25
kNN_dc_ae_l10_k500,248,66.06104215454546,0.11818300952419154,347281.125
kNN_dc_ae_l10_k500,249,66.34667021363636,0.13464581071801482,366956.8125
kNN_dc_ae_l10_k500,250,66.41367993636364,0.13850806342114064,304097.0
kNN_dc_ae_l10_k500,251,66.49486482500001,0.14318733297826053,445547.71875
kNN_dc_ae_l10_k500,252,66.57540134545455,0.14782923240965884,390505.46875
kNN_dc_ae_l10_k500,253,66.64770191772728,0.15199643485928482,390958.40625
kNN_dc_ae_l10_k500,254,66.69631712272727,0.15479847908932004,285982.0
kNN_dc_ae_l10_k500,255,66.69915260454546,0.15496190831826281,614222.0625
kNN_dc_ae_l10_k500,256,66.84640655909091,0.16344921375457688,301141.75
kNN_dc_ae_l10_k500,257,66.92138232272727,0.1677706067403678,249049.046875
kNN_dc_ae_l10_k500,258,67.1600262,0.1815253713113582,270279.25
kNN_dc_ae_l10_k500,259,67.24224864545455,0.1862644427369615,470313.03125
kNN_dc_ae_l10_k500,260,67.33497136227273,0.19160872038946963,2003202.5
kNN_dc_ae_l10_k500,261,67.50431248636363,0.20136906840541843,381596.96875
kNN_dc_ae_l10_k500,262,67.65232870272727,0.20990030847760313,333453.40625
kNN_dc_ae_l10_k500,263,67.78208407272727,0.2173790445196429,286563.3125
kNN_dc_ae_l10_k500,264,67.84529925,0.2210225902524589,294169.40625
kNN_dc_ae_l10_k500,265,67.89158320909091,0.22369026799883285,326760.8125
kNN_dc_ae_l10_k500,266,67.98637594090908,0.22915385551719142,330734.1875
kNN_dc_ae_l10_k500,267,68.0851692090909,0.234848022744816,352769.3125
kNN_dc_ae_l10_k500,268,68.12695885,0.23725666058115907,278702.375
kNN_dc_ae_l10_k500,269,68.2302839,0.24321202701786718,446463.5625
kNN_dc_ae_l10_k500,270,68.23565684545454,0.24352170854259156,315779.25
kNN_dc_ae_l10_k500,271,68.26595938409092,0.24526826198284749,262141.140625
kNN_dc_ae_l10_k500,272,68.27114585318182,0.2455671955323495,401605.3125
kNN_dc_ae_l10_k500,273,68.32032611363637,0.24840180797589106,332210.4375
kNN_dc_ae_l10_k500,274,68.38830778636363,0.25232008115428434,471718.75
kNN_dc_ae_l10_k500,275,68.41746199090909,0.2540004478343775,310727.6875
kNN_dc_ae_l10_k500,276,68.46063733181818,0.256488953536948,351921.90625
kNN_dc_ae_l10_k500,277,68.46664887727273,0.256835442176758,270955.3125
kNN_dc_ae_l10_k500,278,68.47213741363636,0.2571517860376766,500424.15625
kNN_dc_ae_l10_k500,279,68.93374281227273,0.283757428116166,321920.96875
kNN_dc_ae_l10_k500,280,69.04567613727274,0.29020895140944425,303480.40625
kNN_dc_ae_l10_k500,281,69.05974111818182,0.2910196175086998,409539.6875
kNN_dc_ae_l10_k500,282,69.09219679545454,0.2928902718283501,358238.09375
kNN_dc_ae_l10_k500,283,69.09712682727273,0.29317442505181285,265193.90625
kNN_dc_ae_l10_k500,284,69.10091421363637,0.29339271939217726,295480.3125
kNN_dc_ae_l10_k500,285,69.10780212727273,0.2937897194390094,281539.71875
kNN_dc_ae_l10_k500,286,69.12065298636364,0.2945304069577943,360482.09375
kNN_dc_ae_l10_k500,287,69.18059698636364,0.2979854111961857,356365.09375
kNN_dc_ae_l10_k500,288,69.23367816363636,0.30104486155745686,436827.53125
kNN_dc_ae_l10_k500,289,69.2644266,0.3028171152936152,480010.59375
kNN_dc_ae_l10_k500,290,69.35791935818182,0.30820577597320115,335533.46875
kNN_dc_ae_l10_k500,291,69.61843814545455,0.32322134907823014,331590.0625
kNN_dc_ae_l10_k500,292,69.80519480454545,0.33398547974530074,373409.125
kNN_dc_ae_l10_k500,293,69.8553488,0.33687621554651076,385302.71875
kNN_dc_ae_l10_k500,294,69.88728480909091,0.3387169176479122,561771.6875
kNN_dc_ae_l10_k500,295,69.97248817863637,0.3436278011876287,373575.46875
kNN_dc_ae_l10_k500,296,70.05721009181819,0.3485109349312532,334645.46875
kNN_dc_ae_l10_k500,297,70.14929492727272,0.35381844688886305,368447.46875
kNN_dc_ae_l10_k500,298,70.15787111818182,0.35431275450831085,316440.53125
kNN_dc_ae_l10_k500,299,70.16147875909091,0.3545206888241977,478608.46875
kNN_dc_ae_l10_k500,300,70.20511073181818,0.3570355135056018,442388.90625
kNN_dc_ae_l10_k500,301,70.32331571818182,0.3638485177910241,444561.46875
kNN_dc_ae_l10_k500,302,70.37705808636363,0.36694607734409634,537377.625
kNN_dc_ae_l10_k500,303,70.399005675,0.36821107487114013,355930.28125
kNN_dc_ae_l10_k500,304,70.50181075318181,0.37413647158884883,305387.46875
kNN_dc_ae_l10_k500,305,70.6102672090909,0.38038759788750787,532496.875
kNN_dc_ae_l10_k500,306,70.7436578590909,0.38807586128520843,326130.28125
kNN_dc_ae_l10_k500,307,70.83137117272727,0.39313141097119886,383610.84375
kNN_dc_ae_l10_k500,308,70.8352099,0.39335266445774103,290160.75
kNN_dc_ae_l10_k500,309,70.84563281363636,0.3939534120019492,405241.53125
kNN_dc_ae_l10_k500,310,70.86294127272727,0.394951023097624,292711.03125
kNN_dc_ae_l10_k500,311,70.88488886772727,0.3962160209914498,296461.59375
kNN_dc_ae_l10_k500,312,70.94146290454545,0.3994767899923458,256308.515625
kNN_dc_ae_l10_k500,313,71.03486937272727,0.4048604771580567,395034.90625
kNN_dc_ae_l10_k500,314,71.06114357272727,0.4063748484439294,289569.21875
kNN_dc_ae_l10_k500,315,71.16676672727273,0.41246267118893826,324900.40625
kNN_dc_ae_l10_k500,316,71.17873871818182,0.41315270320770386,578872.3125
kNN_dc_ae_l10_k500,317,71.2066498259091,0.4147614212694939,305353.75
kNN_dc_ae_l10_k500,318,71.25545576818182,0.4175744590616155,444847.84375
kNN_dc_ae_l10_k500,319,71.3174982909091,0.4211504162713988,370530.71875
kNN_dc_ae_l10_k500,320,71.36296618181818,0.4237710581338302,250546.015625
kNN_dc_ae_l10_k500,321,71.46931471818182,0.4299006898548213,528592.875
kNN_dc_ae_l10_k500,322,71.72297334090909,0.4445208622928842,367840.4375
kNN_dc_ae_l10_k500,323,71.90808025909091,0.45518990651538743,299793.46875
kNN_dc_ae_l10_k500,324,71.99829709090909,0.46038975197625187,292396.3125
kNN_dc_ae_l10_k500,325,72.09644175681818,0.46604653558581094,353575.09375
kNN_dc_ae_l10_k500,326,72.15469048045455,0.4694038288435938,444626.71875
kNN_dc_ae_l10_k500,327,72.16259906363636,0.4698596574238161,289172.75
kNN_dc_ae_l10_k500,328,72.25012620454545,0.47490447663533314,293946.375
kNN_dc_ae_l10_k500,329,72.32991709090909,0.4795033998064825,416631.125
kNN_dc_ae_l10_k500,330,72.3529890590909,0.4808332034207922,308407.40625
kNN_dc_ae_l10_k500,331,72.35690482818183,0.48105889738191765,324022.53125
kNN_dc_ae_l10_k500,332,72.45495321363636,0.48671013165578725,294798.90625
kNN_dc_ae_l10_k500,333,72.62635492727273,0.49658924628079065,306133.96875
kNN_dc_ae_l10_k500,334,72.63195748181819,0.49691216183031,265262.59375
kNN_dc_ae_l10_k500,335,72.83995069636363,0.5089003080636467,292519.6875
kNN_dc_ae_l10_k500,336,72.89617321363636,0.5121408164626576,317797.59375
kNN_dc_ae_l10_k500,337,73.03390340545455,0.5200791988943657,431499.96875
kNN_dc_ae_l10_k500,338,73.11911989545455,0.5249908386603275,276281.34375
kNN_dc_ae_l10_k500,339,73.13833258181818,0.5260982040816745,303176.28125
kNN_dc_ae_l10_k500,340,73.33471177272727,0.5374169505270702,295325.125
kNN_dc_ae_l10_k500,341,73.33981687045456,0.5377111940591194,330439.625
kNN_dc_ae_l10_k500,342,73.39854528636364,0.541096135435736,268420.875
kNN_dc_ae_l10_k500,343,73.41015931818183,0.5417655356952554,797759.0625
kNN_dc_ae_l10_k500,344,73.44266513181819,0.5436390797344586,390389.40625
kNN_dc_ae_l10_k500,345,73.44619574090909,0.5438425741521346,326777.1875
kNN_dc_ae_l10_k500,346,73.46868897499999,0.5451390211546568,284892.46875
kNN_dc_ae_l10_k500,347,73.50964273636363,0.5474994812355564,373190.28125
kNN_dc_ae_l10_k500,348,73.53120189545454,0.548742090771711,397016.3125
kNN_dc_ae_l10_k500,349,73.63946159545455,0.5549818766109442,339493.5625
kNN_dc_ae_l10_k500,350,73.76844457272728,0.562416094099894,332095.03125
kNN_dc_ae_l10_k500,351,73.80118299272728,0.5643030449182952,316525.96875
kNN_dc_ae_l10_k500,352,73.90576145,0.5703306542390226,489001.15625
kNN_dc_ae_l10_k500,353,73.96756481363637,0.5738928269887642,285751.6875
kNN_dc_ae_l10_k500,354,74.00717849454546,0.5761760485862414,419812.15625
kNN_dc_ae_l10_k500,355,74.01135728181818,0.5764169021785707,455116.40625
kNN_dc_ae_l10_k500,356,74.05095793636363,0.5786993729729389,318519.9375
kNN_dc_ae_l10_k500,357,74.05302495909092,0.5788185103725725,262714.5
kNN_dc_ae_l10_k500,358,74.20412883636364,0.5875277145700669,453712.3125
kNN_dc_ae_l10_k500,359,74.32802774090909,0.5946689003490705,898519.5
kNN_dc_ae_l10_k500,360,74.38583995454546,0.5980010343932524,423261.25
kNN_dc_ae_l10_k500,361,74.46433656818182,0.602525359310058,282351.1875
kNN_dc_ae_l10_k500,362,74.52572066363636,0.6060633666162982,334965.6875
kNN_dc_ae_l10_k500,363,74.86437946363637,0.625582711160682,635161.75
kNN_dc_ae_l10_k500,364,74.89747095909091,0.6274900122592099,323327.375
kNN_dc_ae_l10_k500,365,74.9084351090909,0.6281219551512479,383958.15625
kNN_dc_ae_l10_k500,366,75.02020153181819,0.634563858665071,310439.6875
kNN_dc_ae_l10_k500,367,75.04613550454546,0.6360586202040249,283562.25
kNN_dc_ae_l10_k500,368,75.04910765454545,0.6362299266041167,545967.4375
kNN_dc_ae_l10_k500,369,75.04911406363637,0.6362302960061632,427603.6875
kNN_dc_ae_l10_k500,370,75.14242499545455,0.6416084767235004,267440.09375
kNN_dc_ae_l10_k500,371,75.14524949545454,0.6417712729912052,339256.8125
kNN_dc_ae_l10_k500,372,75.21942449545455,0.6460465122041826,329879.9375
kNN_dc_ae_l10_k500,373,75.2494860690909,0.6477791770968547,345898.59375
kNN_dc_ae_l10_k500,374,75.29101026818182,0.6501725156103826,383458.46875
kNN_dc_ae_l10_k500,375,75.30463428181818,0.6509577655913236,288577.625
kNN_dc_ae_l10_k500,376,75.35053226363635,0.6536031966889378,465419.09375
kNN_dc_ae_l10_k500,377,75.358434425,0.6540586551335503,279250.3125
kNN_dc_ae_l10_k500,378,75.4765098,0.6608641889830542,295265.875
kNN_dc_ae_l10_k500,379,75.48288537727272,0.661231659397098,274428.96875
kNN_dc_ae_l10_k500,380,75.54217925454545,0.664649192382683,391055.59375
kNN_dc_ae_l10_k500,381,75.65154605454546,0.6709527883645888,383338.90625
kNN_dc_ae_l10_k500,382,75.68111334545455,0.672656964185499,443201.15625
kNN_dc_ae_l10_k500,383,75.77031593636364,0.677798351641565,306310.53125
kNN_dc_ae_l10_k500,384,75.78166525454546,0.6784524945486285,363142.3125
kNN_dc_ae_l10_k500,385,75.79512009954546,0.6792279941232632,311504.90625
kNN_dc_ae_l10_k500,386,75.84170493636363,0.6819130136189849,287697.5625
kNN_dc_ae_l10_k500,387,75.84312428636363,0.6819948209769487,292965.25
kNN_dc_ae_l10_k500,388,76.02107943636364,0.6922516573157579,320080.875
kNN_dc_ae_l10_k500,389,76.07231828181818,0.6952049208319687,320157.125
kNN_dc_ae_l10_k500,390,76.16321556363636,0.7004439855246826,353974.71875
kNN_dc_ae_l10_k500,391,76.19598609272727,0.7023327870211363,405140.96875
kNN_dc_ae_l10_k500,392,76.26727722727273,0.7064418083079089,280884.625
kNN_dc_ae_l10_k500,393,76.28929185454545,0.7077106697541566,383202.875
kNN_dc_ae_l10_k500,394,76.28997104545455,0.707749816415534,291186.75
kNN_dc_ae_l10_k500,395,76.32376224090909,0.7096974462619865,327482.21875
kNN_dc_ae_l10_k500,396,76.35414479090909,0.7114486113331051,325817.125
kNN_dc_ae_l10_k500,397,76.39021483181818,0.71352758744781,339827.09375
kNN_dc_ae_l10_k500,398,76.45241142272727,0.7171124247159999,357642.8125
kNN_dc_ae_l10_k500,399,76.51437691681818,0.7206839422109638,305441.84375
kNN_dc_ae_l10_k500,400,76.5471795409091,0.7225745935733101,329687.3125
kNN_dc_ae_l10_k500,401,76.59774437272728,0.7254890088316404,329987.03125
kNN_dc_ae_l10_k500,402,76.63823088636364,0.7278225380624447,270046.4375
kNN_dc_ae_l10_k500,403,76.64452179545455,0.7281851284396704,359473.625
kNN_dc_ae_l10_k500,404,76.67493643727272,0.7299381431932893,251781.65625
kNN_dc_ae_l10_k500,405,76.67586082272727,0.7299914221814013,417599.6875
kNN_dc_ae_l10_k500,406,76.81212329090908,0.7378452091342544,548919.8125
kNN_dc_ae_l10_k500,407,76.90558185454546,0.7432318989360301,391266.28125
kNN_dc_ae_l10_k500,408,76.91644974545454,0.7438582937237196,408655.03125
kNN_dc_ae_l10_k500,409,76.98329391227273,0.7477110042480184,291968.1875
kNN_dc_ae_l10_k500,410,77.11547369545454,0.7553294766743298,320258.5625
kNN_dc_ae_l10_k500,411,77.14402031818182,0.7569748240404465,296482.46875
kNN_dc_ae_l10_k500,412,77.17084656363636,0.7585210136798696,268833.6875
kNN_dc_ae_l10_k500,413,77.25877326818183,0.7635888626200866,438257.75
kNN_dc_ae_l10_k500,414,77.34552212272727,0.7685888235858233,256237.125
kNN_dc_ae_l10_k500,415,77.52582683636363,0.7789810821907805,286008.65625
kNN_dc_ae_l10_k500,416,77.65479755863636,0.7864145933358604,602594.8125
kNN_dc_ae_l10_k500,417,77.69959142727272,0.7889963864426363,360317.0
kNN_dc_ae_l10_k500,418,77.72501827727272,0.7904619188481973,238197.234375
kNN_dc_ae_l10_k500,419,77.83570625,0.7968416635250904,457282.4375
kNN_dc_ae_l10_k500,420,77.9733424409091,0.8047746280077235,317502.53125
kNN_dc_ae_l10_k500,421,78.0566007590909,0.8095734042355274,304947.96875
kNN_dc_ae_l10_k500,422,78.20425748181819,0.818083924101565,299133.34375
kNN_dc_ae_l10_k500,423,78.23482706363636,0.8198458691627494,281436.125
kNN_dc_ae_l10_k500,424,78.25971381363637,0.8212802717172971,335013.46875
kNN_dc_ae_l10_k500,425,78.3483194,0.8263872495037559,258428.5
kNN_dc_ae_l10_k500,426,78.4185978909091,0.8304379048480556,261888.578125
kNN_dc_ae_l10_k500,427,78.53980069090909,0.837423694713678,327613.3125
kNN_dc_ae_l10_k500,428,78.54177141363635,0.8375372816510761,318190.84375
kNN_dc_ae_l10_k500,429,78.57485005,0.8394438415876266,304913.78125
kNN_dc_ae_l10_k500,430,78.5853263609091,0.8400476668010531,260073.078125
kNN_dc_ae_l10_k500,431,78.61859467727272,0.8419651593614511,376714.3125
kNN_dc_ae_l10_k500,432,78.63007529545455,0.8426268700327033,606516.25
kNN_dc_ae_l10_k500,433,78.86957993181818,0.8564312463464417,409756.0
kNN_dc_ae_l10_k500,434,79.22077921818182,0.8766733893950602,291652.9375
kNN_dc_ae_l10_k500,435,79.25695136818182,0.8787582507917258,366665.375
kNN_dc_ae_l10_k500,436,79.28284742727273,0.8802508270948876,346064.0
kNN_dc_ae_l10_k500,437,79.36729972727272,0.8851184210899811,338057.90625
kNN_dc_ae_l10_k500,438,79.46781420454546,0.8909117939879693,802029.4375
kNN_dc_ae_l10_k500,439,79.51125251363636,0.8934154564398847,348375.375
kNN_dc_ae_l10_k500,440,79.62850745318183,0.9001737026880812,286705.4375
kNN_dc_ae_l10_k500,441,79.6499864090909,0.9014116895375086,306552.3125
kNN_dc_ae_l10_k500,442,79.75645692727272,0.9075483519487911,277062.96875
kNN_dc_ae_l10_k500,443,79.91532173636364,0.9167048745155257,340081.5625
kNN_dc_ae_l10_k500,444,79.94757872272727,0.9185640768477706,295936.09375
kNN_dc_ae_l10_k500,445,80.02392345454545,0.9229643733246603,352651.75
kNN_dc_ae_l10_k500,446,80.13685939999999,0.9294736848522888,377280.09375
kNN_dc_ae_l10_k500,447,80.28660759545454,0.9381047513474663,487918.6875
kNN_dc_ae_l10_k500,448,80.40461357272727,0.9449062853063745,410934.3125
kNN_dc_ae_l10_k500,449,80.43965011363636,0.9469256933762311,446807.125
kNN_dc_ae_l10_k500,450,80.56802326363636,0.954324762129495,503138.28125
kNN_dc_ae_l10_k500,451,80.69563893636364,0.9616801720146861,306821.25
kNN_dc_ae_l10_k500,452,80.83871870454546,0.9699268890421825,509132.90625
kNN_dc_ae_l10_k500,453,80.88731798181819,0.9727280152426367,328825.4375
kNN_dc_ae_l10_k500,454,80.98601989090909,0.9784169167881859,412341.03125
kNN_dc_ae_l10_k500,455,81.02786977272727,0.9808290267417757,345895.3125
kNN_dc_ae_l10_k500,456,81.46314962272727,1.0059173379428359,370540.40625
kNN_dc_ae_l10_k500,457,81.49191450454545,1.0075752651515413,332156.53125
kNN_dc_ae_l10_k500,458,81.53910919545454,1.0102954349286748,277186.4375
kNN_dc_ae_l10_k500,459,81.65584415909092,1.0170237112220841,575258.0625
kNN_dc_ae_l10_k500,460,81.66778405000001,1.017711893086772,341691.3125
kNN_dc_ae_l10_k500,461,82.0783984909091,1.0413785592032403,453790.53125
kNN_dc_ae_l10_k500,462,82.11143467727273,1.0432826724407058,275745.8125
kNN_dc_ae_l10_k500,463,82.15394328181819,1.0457327493270108,419384.09375
kNN_dc_ae_l10_k500,464,82.87086985,1.0870543883848574,351121.28125
kNN_dc_ae_l10_k500,465,83.04785639090909,1.0972553968090384,324472.4375
kNN_dc_ae_l10_k500,466,83.2706767,1.1100981352367167,294525.84375
kNN_dc_ae_l10_k500,467,83.28013232272727,1.1106431308426048,357154.53125
kNN_dc_ae_l10_k500,468,83.32162666818182,1.113034748676162,248986.125
kNN_dc_ae_l10_k500,469,83.35334443181819,1.1148628717209361,338572.46875
kNN_dc_ae_l10_k500,470,83.45792123636365,1.1208903857830939,299006.53125
kNN_dc_ae_l10_k500,471,84.18152392727274,1.1625968178530641,297328.46875
kNN_dc_ae_l10_k500,472,84.62887205909091,1.188380711011149,264493.03125
kNN_dc_ae_l10_k500,473,85.11071750454545,1.2161529326896323,236416.125
kNN_dc_ae_l10_k500,474,85.12217595454545,1.2168133656489846,279354.40625
kNN_dc_ae_l10_k500,475,85.54109655454546,1.2409587755073437,291537.25
kNN_dc_ae_l10_k500,476,85.8163718359091,1.256824871594287,896127.75
kNN_dc_ae_l10_k500,477,86.0069106,1.2678069921987163,648779.1875
kNN_dc_ae_l10_k500,478,86.07828567272726,1.2719208514471514,355756.4375
kNN_dc_ae_l10_k500,479,86.46879091363637,1.2944284796076844,264494.59375
kNN_dc_ae_l10_k500,480,87.81027129545454,1.371747650915916,481343.53125
MMDpt_dc_ae_l10_g2.80e-05,1,10.383351573636363,-3.0909231051976005,1.0223193168640137
MMDpt_dc_ae_l10_g2.80e-05,2,11.237612673636363,-3.0416858884420805,1.0229110717773438
MMDpt_dc_ae_l10_g2.80e-05,3,12.873956289545454,-2.9473716263235947,1.0229287147521973
MMDpt_dc_ae_l10_g2.80e-05,4,13.852077771363637,-2.8909954441311574,1.0217571258544922
MMDpt_dc_ae_l10_g2.80e-05,5,14.772021149545454,-2.8379724848575316,1.0219309329986572
MMDpt_dc_ae_l10_g2.80e-05,6,15.774696462272727,-2.780181088634338,1.0229287147521973
MMDpt_dc_ae_l10_g2.80e-05,7,16.11136225,-2.760776615734313,1.0228822231292725
MMDpt_dc_ae_l10_g2.80e-05,8,16.718538883636366,-2.7257806554602935,1.0221846103668213
MMDpt_dc_ae_l10_g2.80e-05,9,16.83383592,-2.719135257266808,1.0202054977416992
MMDpt_dc_ae_l10_g2.80e-05,10,16.977602550909094,-2.710848951395825,1.0199692249298096
MMDpt_dc_ae_l10_g2.80e-05,11,17.128398308636363,-2.702157506345793,1.0228748321533203
MMDpt_dc_ae_l10_g2.80e-05,12,17.49981897681818,-2.680749859495494,1.0227309465408325
MMDpt_dc_ae_l10_g2.80e-05,13,18.01987185318182,-2.650775468530193,1.022284746170044
MMDpt_dc_ae_l10_g2.80e-05,14,18.22368484818182,-2.639028258441373,1.0229254961013794
MMDpt_dc_ae_l10_g2.80e-05,15,18.40435578590909,-2.628614891705722,1.0225367546081543
MMDpt_dc_ae_l10_g2.80e-05,16,18.964998386363636,-2.5963010227481416,1.0221534967422485
MMDpt_dc_ae_l10_g2.80e-05,17,19.531784013636365,-2.563633086933271,1.0184931755065918
MMDpt_dc_ae_l10_g2.80e-05,18,21.457911477272727,-2.4526164956056054,1.022823691368103
MMDpt_dc_ae_l10_g2.80e-05,19,22.164942098181818,-2.411865231226962,1.0213119983673096
MMDpt_dc_ae_l10_g2.80e-05,20,22.207954510454545,-2.4093861162745784,1.0229268074035645
MMDpt_dc_ae_l10_g2.80e-05,21,22.336504287727273,-2.401976867220102,1.0206376314163208
MMDpt_dc_ae_l10_g2.80e-05,22,22.775860404545455,-2.376653611418521,1.022120714187622
MMDpt_dc_ae_l10_g2.80e-05,23,23.03693973772727,-2.361605730017554,1.021484136581421
MMDpt_dc_ae_l10_g2.80e-05,24,23.073138160909092,-2.359519354308287,1.0223920345306396
MMDpt_dc_ae_l10_g2.80e-05,25,23.859046570909094,-2.314221795127428,1.022928237915039
MMDpt_dc_ae_l10_g2.80e-05,26,24.108436355454547,-2.299847666563835,1.0214285850524902
MMDpt_dc_ae_l10_g2.80e-05,27,24.136628927727273,-2.2982227256741137,1.021283507347107
MMDpt_dc_ae_l10_g2.80e-05,28,24.706419758636365,-2.2653815783401448,1.0227981805801392
MMDpt_dc_ae_l10_g2.80e-05,29,25.160939161363636,-2.2391843532157982,1.0225614309310913
MMDpt_dc_ae_l10_g2.80e-05,30,25.272293834545454,-2.2327661817923388,1.0167064666748047
MMDpt_dc_ae_l10_g2.80e-05,31,25.739496508636364,-2.205837928436342,1.0226945877075195
MMDpt_dc_ae_l10_g2.80e-05,32,26.08368123090909,-2.1860000852119685,1.0223712921142578
MMDpt_dc_ae_l10_g2.80e-05,33,26.26193154681818,-2.175726236337011,1.0214320421218872
MMDpt_dc_ae_l10_g2.80e-05,34,26.29922768272727,-2.1735765915411758,1.0220975875854492
MMDpt_dc_ae_l10_g2.80e-05,35,26.647243233181822,-2.153517950111732,1.0229287147521973
MMDpt_dc_ae_l10_g2.80e-05,36,26.80277036,-2.144553802201322,1.0211106538772583
MMDpt_dc_ae_l10_g2.80e-05,37,27.710613355454544,-2.0922282750911965,1.0229215621948242
MMDpt_dc_ae_l10_g2.80e-05,38,27.723830698181818,-2.0914664644822447,1.0226364135742188
MMDpt_dc_ae_l10_g2.80e-05,39,27.94224735681818,-2.078877540130785,1.021342158317566
MMDpt_dc_ae_l10_g2.80e-05,40,28.008295531363636,-2.0750707083712667,1.0204275846481323
MMDpt_dc_ae_l10_g2.80e-05,41,28.427649107272728,-2.0509003429944066,1.0224748849868774
MMDpt_dc_ae_l10_g2.80e-05,42,28.610673086363636,-2.0403513535461495,1.0226258039474487
MMDpt_dc_ae_l10_g2.80e-05,43,28.864666542727274,-2.0257118822352584,1.0224782228469849
MMDpt_dc_ae_l10_g2.80e-05,44,28.872480873181818,-2.0252614861182057,1.0222645998001099
MMDpt_dc_ae_l10_g2.80e-05,45,29.867093540909092,-1.9679347981668596,1.0229287147521973
MMDpt_dc_ae_l10_g2.80e-05,46,30.946254809545454,-1.9057349657057894,1.0199755430221558
MMDpt_dc_ae_l10_g2.80e-05,47,31.113843444545456,-1.8960756262517786,1.0226519107818604
MMDpt_dc_ae_l10_g2.80e-05,48,31.75240744409091,-1.8592705861324392,1.0193464756011963
MMDpt_dc_ae_l10_g2.80e-05,49,31.962474827272725,-1.8471628906292867,1.0190502405166626
MMDpt_dc_ae_l10_g2.80e-05,50,32.10326235227273,-1.8390482920775113,1.0218846797943115
MMDpt_dc_ae_l10_g2.80e-05,51,32.57260997909091,-1.8119964096549876,1.0216821432113647
MMDpt_dc_ae_l10_g2.80e-05,52,33.29309288772727,-1.770469793095747,1.0198888778686523
MMDpt_dc_ae_l10_g2.80e-05,53,33.63066458409091,-1.751013106159651,1.022196888923645
MMDpt_dc_ae_l10_g2.80e-05,54,33.94931614045454,-1.7326469230920152,1.019621729850769
MMDpt_dc_ae_l10_g2.80e-05,55,34.254768114545456,-1.7150415269704833,1.0226505994796753
MMDpt_dc_ae_l10_g2.80e-05,56,35.01583384090909,-1.6711758304824154,1.0218000411987305
MMDpt_dc_ae_l10_g2.80e-05,57,35.61844186090909,-1.6364431923003018,1.0227032899856567
MMDpt_dc_ae_l10_g2.80e-05,58,36.50372615909091,-1.5854178853071164,1.0227545499801636
MMDpt_dc_ae_l10_g2.80e-05,59,36.74721518909091,-1.5713838597056917,1.0228116512298584
MMDpt_dc_ae_l10_g2.80e-05,60,37.183868766818186,-1.5462163706866658,1.0226997137069702
MMDpt_dc_ae_l10_g2.80e-05,61,37.586910895,-1.5229861514634166,1.019614577293396
MMDpt_dc_ae_l10_g2.80e-05,62,37.90925234181818,-1.504407293446501,1.0206924676895142
MMDpt_dc_ae_l10_g2.80e-05,63,39.159607152727276,-1.4323403447746748,1.0228526592254639
MMDpt_dc_ae_l10_g2.80e-05,64,39.16116855045455,-1.4322503501836308,1.0228934288024902
MMDpt_dc_ae_l10_g2.80e-05,65,39.50363207727273,-1.4125117118436592,1.0223616361618042
MMDpt_dc_ae_l10_g2.80e-05,66,39.72578294681818,-1.3997075580360745,1.0222396850585938
MMDpt_dc_ae_l10_g2.80e-05,67,40.10658689318182,-1.3777590853168278,1.0221760272979736
MMDpt_dc_ae_l10_g2.80e-05,68,40.511631334545456,-1.3544134583708745,1.0225837230682373
MMDpt_dc_ae_l10_g2.80e-05,69,41.22542756590909,-1.3132722431581907,1.0224956274032593
MMDpt_dc_ae_l10_g2.80e-05,70,41.450596035,-1.3002941633660317,1.0206904411315918
MMDpt_dc_ae_l10_g2.80e-05,71,41.606778884545456,-1.2912922214345022,1.0206173658370972
MMDpt_dc_ae_l10_g2.80e-05,72,41.74143011090909,-1.283531301946464,1.0224595069885254
MMDpt_dc_ae_l10_g2.80e-05,73,42.27668356454546,-1.2526807922886625,1.0204859972000122
MMDpt_dc_ae_l10_g2.80e-05,74,42.349748590454546,-1.2484695288729066,1.0221742391586304
MMDpt_dc_ae_l10_g2.80e-05,75,42.93479045136364,-1.2147493548925703,1.0229004621505737
MMDpt_dc_ae_l10_g2.80e-05,76,42.999259720454546,-1.2110335268204517,1.0225048065185547
MMDpt_dc_ae_l10_g2.80e-05,77,43.14833512181818,-1.2024412382919711,1.0219299793243408
MMDpt_dc_ae_l10_g2.80e-05,78,43.849900354999995,-1.1620049835516937,1.0226324796676636
MMDpt_dc_ae_l10_g2.80e-05,79,44.24228326,-1.1393891320928766,1.019324779510498
MMDpt_dc_ae_l10_g2.80e-05,80,44.68483293727273,-1.113881808412842,1.0229196548461914
MMDpt_dc_ae_l10_g2.80e-05,81,45.014271393181815,-1.0948938986728347,1.0219013690948486
MMDpt_dc_ae_l10_g2.80e-05,82,45.044897863636365,-1.0931286747100122,1.0229283571243286
MMDpt_dc_ae_l10_g2.80e-05,83,45.242849799999995,-1.0817192796223616,1.0209214687347412
MMDpt_dc_ae_l10_g2.80e-05,84,45.34376912590909,-1.0759025723830795,1.0215257406234741
MMDpt_dc_ae_l10_g2.80e-05,85,45.44974382363636,-1.0697944876738517,1.0220118761062622
MMDpt_dc_ae_l10_g2.80e-05,86,45.87703164136364,-1.0451668148248472,1.0207489728927612
MMDpt_dc_ae_l10_g2.80e-05,87,46.05975058136364,-1.0346354069752812,1.0225603580474854
MMDpt_dc_ae_l10_g2.80e-05,88,46.3385215,-1.0185678321482947,1.0227302312850952
MMDpt_dc_ae_l10_g2.80e-05,89,46.461104443636366,-1.0115024946696791,1.0192478895187378
MMDpt_dc_ae_l10_g2.80e-05,90,46.55172569545454,-1.00627933957292,1.0220144987106323
MMDpt_dc_ae_l10_g2.80e-05,91,46.63784059272727,-1.0013159181284732,1.0201853513717651
MMDpt_dc_ae_l10_g2.80e-05,92,46.92503363227272,-0.9847629158452418,1.021793246269226
MMDpt_dc_ae_l10_g2.80e-05,93,46.98420985,-0.9813521644262555,1.0215799808502197
MMDpt_dc_ae_l10_g2.80e-05,94,47.05894020545455,-0.9770449160806003,1.0213900804519653
MMDpt_dc_ae_l10_g2.80e-05,95,47.18393024863636,-0.9698408401272126,1.0228385925292969
MMDpt_dc_ae_l10_g2.80e-05,96,47.45620903181818,-0.9541474538013544,1.0208522081375122
MMDpt_dc_ae_l10_g2.80e-05,97,47.57944400681818,-0.9470445350614799,1.0207469463348389
MMDpt_dc_ae_l10_g2.80e-05,98,47.68605184090909,-0.9408999581458618,1.0201317071914673
MMDpt_dc_ae_l10_g2.80e-05,99,47.85413733318182,-0.9312119812305011,1.0229257345199585
MMDpt_dc_ae_l10_g2.80e-05,100,47.997159330454544,-0.9229685939563709,1.0226250886917114
MMDpt_dc_ae_l10_g2.80e-05,101,48.745656067727275,-0.8798273387898924,1.0226413011550903
MMDpt_dc_ae_l10_g2.80e-05,102,48.974869975454546,-0.8666160912472533,1.0210036039352417
MMDpt_dc_ae_l10_g2.80e-05,103,49.269933079999994,-0.8496094804638982,1.022378921508789
MMDpt_dc_ae_l10_g2.80e-05,104,49.50143869090909,-0.8362661455696251,1.0190198421478271
MMDpt_dc_ae_l10_g2.80e-05,105,50.02686477227273,-0.8059820581201266,1.0218122005462646
MMDpt_dc_ae_l10_g2.80e-05,106,50.24467801363637,-0.793427913049909,1.02238130569458
MMDpt_dc_ae_l10_g2.80e-05,107,50.26601576545454,-0.7921980648087251,1.0222513675689697
MMDpt_dc_ae_l10_g2.80e-05,108,50.287720933636365,-0.7909470397175866,1.0223811864852905
MMDpt_dc_ae_l10_g2.80e-05,109,50.397065763181814,-0.7846447100511362,1.022631287574768
MMDpt_dc_ae_l10_g2.80e-05,110,50.44004938636363,-0.782167254421305,1.0229116678237915
MMDpt_dc_ae_l10_g2.80e-05,111,50.53053583909091,-0.7769518687665316,1.0207823514938354
MMDpt_dc_ae_l10_g2.80e-05,112,50.744067415454545,-0.7646445068726515,1.022592544555664
MMDpt_dc_ae_l10_g2.80e-05,113,50.877768575909094,-0.756938346522186,1.0213066339492798
MMDpt_dc_ae_l10_g2.80e-05,114,50.952142585000004,-0.7526516369826949,1.0228606462478638
MMDpt_dc_ae_l10_g2.80e-05,115,51.255980857727266,-0.7351392500872892,1.02155601978302
MMDpt_dc_ae_l10_g2.80e-05,116,51.47010300409091,-0.7227978493929772,1.0226327180862427
MMDpt_dc_ae_l10_g2.80e-05,117,51.48649149727273,-0.7218532625551946,1.022721767425537
MMDpt_dc_ae_l10_g2.80e-05,118,51.49088870772727,-0.7215998196625357,1.0222378969192505
MMDpt_dc_ae_l10_g2.80e-05,119,51.669473619090915,-0.7113066856428819,1.0221147537231445
MMDpt_dc_ae_l10_g2.80e-05,120,51.78909724363636,-0.7044119150267025,1.0229278802871704
MMDpt_dc_ae_l10_g2.80e-05,121,51.85205774272727,-0.7007830482308545,1.0208240747451782
MMDpt_dc_ae_l10_g2.80e-05,122,51.87800455454545,-0.699287546682667,1.0228065252304077
MMDpt_dc_ae_l10_g2.80e-05,123,51.92553946363636,-0.6965477676825893,1.0229002237319946
MMDpt_dc_ae_l10_g2.80e-05,124,52.00039339090909,-0.6922333970034971,1.0226291418075562
MMDpt_dc_ae_l10_g2.80e-05,125,52.126720309090906,-0.6849522673201076,1.022306203842163
MMDpt_dc_ae_l10_g2.80e-05,126,52.30133809090909,-0.6748877875343021,1.0226329565048218
MMDpt_dc_ae_l10_g2.80e-05,127,52.82782977227273,-0.6445422818858776,1.0227274894714355
MMDpt_dc_ae_l10_g2.80e-05,128,52.94948191,-0.637530593452388,1.0222694873809814
MMDpt_dc_ae_l10_g2.80e-05,129,52.977303153181815,-0.6359270549312603,1.0227323770523071
MMDpt_dc_ae_l10_g2.80e-05,130,53.02329102272727,-0.6332764429568486,1.0229244232177734
MMDpt_dc_ae_l10_g2.80e-05,131,53.11169118954546,-0.6281813049775454,1.020565152168274
MMDpt_dc_ae_l10_g2.80e-05,132,53.15595768772727,-0.6256299080264427,1.0224475860595703
MMDpt_dc_ae_l10_g2.80e-05,133,53.19575964181818,-0.6233358348901765,1.021193027496338
MMDpt_dc_ae_l10_g2.80e-05,134,53.738266159999995,-0.5920672789100433,1.022922158241272
MMDpt_dc_ae_l10_g2.80e-05,135,54.35688324090909,-0.5564119233034402,1.0217095613479614
MMDpt_dc_ae_l10_g2.80e-05,136,54.43010616227273,-0.5521915592359978,1.022267460823059
MMDpt_dc_ae_l10_g2.80e-05,137,54.51598353272727,-0.5472418281719658,1.0229058265686035
MMDpt_dc_ae_l10_g2.80e-05,138,54.63723127590909,-0.5402534479072425,1.0227888822555542
MMDpt_dc_ae_l10_g2.80e-05,139,54.68535675181818,-0.5374796302901245,1.0223547220230103
MMDpt_dc_ae_l10_g2.80e-05,140,54.72388539863636,-0.5352589470181324,1.022788166999817
MMDpt_dc_ae_l10_g2.80e-05,141,55.23867115454546,-0.5055881381210048,1.0216143131256104
MMDpt_dc_ae_l10_g2.80e-05,142,55.2775563909091,-0.5033469020265294,1.0228554010391235
MMDpt_dc_ae_l10_g2.80e-05,143,55.699695931818184,-0.47901596143141617,1.022473931312561
MMDpt_dc_ae_l10_g2.80e-05,144,55.80372709545455,-0.4730198965827504,1.022676706314087
MMDpt_dc_ae_l10_g2.80e-05,145,55.82518654818182,-0.4717830338420878,1.022668480873108
MMDpt_dc_ae_l10_g2.80e-05,146,56.236087309090905,-0.4480998650428898,1.022215485572815
MMDpt_dc_ae_l10_g2.80e-05,147,56.34353036818182,-0.44190714809799403,1.0218884944915771
MMDpt_dc_ae_l10_g2.80e-05,148,56.343846956363635,-0.44188890084205507,1.0207971334457397
MMDpt_dc_ae_l10_g2.80e-05,149,56.418747340909086,-0.4375718524959041,1.0194143056869507
MMDpt_dc_ae_l10_g2.80e-05,150,56.4284854,-0.43701057804920695,1.0229156017303467
MMDpt_dc_ae_l10_g2.80e-05,151,56.43083487727272,-0.4368751607608167,1.0228924751281738
MMDpt_dc_ae_l10_g2.80e-05,152,56.73676582727273,-0.41924215780964386,1.022739291191101
MMDpt_dc_ae_l10_g2.80e-05,153,56.80215198181818,-0.415473483028404,1.0229287147521973
MMDpt_dc_ae_l10_g2.80e-05,154,56.838491672272724,-0.41337896506927063,1.0206619501113892
MMDpt_dc_ae_l10_g2.80e-05,155,56.87784920000001,-0.4111105074236286,1.0228806734085083
MMDpt_dc_ae_l10_g2.80e-05,156,56.88495511818182,-0.41070094220549447,1.0216314792633057
MMDpt_dc_ae_l10_g2.80e-05,157,56.89427865,-0.4101635599495794,1.0172450542449951
MMDpt_dc_ae_l10_g2.80e-05,158,57.014437336363635,-0.4032379498690725,1.022534728050232
MMDpt_dc_ae_l10_g2.80e-05,159,57.01605029863636,-0.40314498324207687,1.022585391998291
MMDpt_dc_ae_l10_g2.80e-05,160,57.06027285454545,-0.40059611900047776,1.0225849151611328
MMDpt_dc_ae_l10_g2.80e-05,161,57.08577673045454,-0.3991261470372903,1.0228453874588013
MMDpt_dc_ae_l10_g2.80e-05,162,57.165035822727276,-0.39455787498782163,1.0227606296539307
MMDpt_dc_ae_l10_g2.80e-05,163,57.30280682363637,-0.386617140434433,1.0224120616912842
MMDpt_dc_ae_l10_g2.80e-05,164,57.552973348181816,-0.3721982427531278,1.0202795267105103
MMDpt_dc_ae_l10_g2.80e-05,165,57.715692645,-0.3628195583114009,1.021154761314392
MMDpt_dc_ae_l10_g2.80e-05,166,57.94736867727273,-0.34946640080713065,1.0227482318878174
MMDpt_dc_ae_l10_g2.80e-05,167,58.01582408181818,-0.3455208230538053,1.022903561592102
MMDpt_dc_ae_l10_g2.80e-05,168,58.14704098045454,-0.33795784859535755,1.0198477506637573
MMDpt_dc_ae_l10_g2.80e-05,169,58.40466673181818,-0.32310902197584374,1.0228769779205322
MMDpt_dc_ae_l10_g2.80e-05,170,58.48494007,-0.3184822916333907,1.021892786026001
MMDpt_dc_ae_l10_g2.80e-05,171,58.90741873181818,-0.2941318050590592,1.0224941968917847
MMDpt_dc_ae_l10_g2.80e-05,172,58.92814133636364,-0.29293741218345776,1.0216048955917358
MMDpt_dc_ae_l10_g2.80e-05,173,58.959711454090915,-0.29111779903528184,1.0212149620056152
MMDpt_dc_ae_l10_g2.80e-05,174,59.080638213636355,-0.2841479193681854,1.0229072570800781
MMDpt_dc_ae_l10_g2.80e-05,175,59.15176404636364,-0.2800484256151513,1.022318959236145
MMDpt_dc_ae_l10_g2.80e-05,176,59.165360129545455,-0.27926478546736844,1.0197041034698486
MMDpt_dc_ae_l10_g2.80e-05,177,59.343238913181814,-0.26901235067183393,1.0166691541671753
MMDpt_dc_ae_l10_g2.80e-05,178,59.52943686818182,-0.2582804221434605,1.022804856300354
MMDpt_dc_ae_l10_g2.80e-05,179,59.53394987363636,-0.2580203051513792,1.0229275226593018
MMDpt_dc_ae_l10_g2.80e-05,180,59.61907620909091,-0.2531138616408659,1.022684097290039
MMDpt_dc_ae_l10_g2.80e-05,181,59.64024705,-0.25189363367691286,1.0225558280944824
MMDpt_dc_ae_l10_g2.80e-05,182,59.81487126545455,-0.2418287830743299,1.0229285955429077
MMDpt_dc_ae_l10_g2.80e-05,183,59.821444613636366,-0.241449913699103,1.0225414037704468
MMDpt_dc_ae_l10_g2.80e-05,184,59.82249576181818,-0.241389328462493,1.0215073823928833
MMDpt_dc_ae_l10_g2.80e-05,185,60.13491826227273,-0.22338217072795283,1.0229287147521973
MMDpt_dc_ae_l10_g2.80e-05,186,60.66603184545455,-0.19277027160609897,1.0216339826583862
MMDpt_dc_ae_l10_g2.80e-05,187,60.91525143409091,-0.1784059526579342,1.0229252576828003
MMDpt_dc_ae_l10_g2.80e-05,188,60.98922430909091,-0.17414236336374334,1.0222676992416382
MMDpt_dc_ae_l10_g2.80e-05,189,61.15445065909091,-0.16461917939964438,1.0214760303497314
MMDpt_dc_ae_l10_g2.80e-05,190,61.257236485,-0.15869489232900422,1.022874355316162
MMDpt_dc_ae_l10_g2.80e-05,191,61.38288141818182,-0.1514530703505647,1.0219011306762695
MMDpt_dc_ae_l10_g2.80e-05,192,61.41676890772727,-0.14949989038246164,1.02228844165802
MMDpt_dc_ae_l10_g2.80e-05,193,61.450913154545454,-0.1475319116444142,1.0225683450698853
MMDpt_dc_ae_l10_g2.80e-05,194,61.557454278181815,-0.14139117973251966,1.0228878259658813
MMDpt_dc_ae_l10_g2.80e-05,195,61.612018317727276,-0.1382462613438015,1.0223524570465088
MMDpt_dc_ae_l10_g2.80e-05,196,61.66026577136363,-0.13546541327218128,1.0229237079620361
MMDpt_dc_ae_l10_g2.80e-05,197,61.784896459090916,-0.12828204956052722,1.022594690322876
MMDpt_dc_ae_l10_g2.80e-05,198,61.80260090454545,-0.12726161492013313,1.0228700637817383
MMDpt_dc_ae_l10_g2.80e-05,199,62.04634134636364,-0.11321309864578996,1.022884488105774
MMDpt_dc_ae_l10_g2.80e-05,200,62.140166177272725,-0.1078052982244427,1.0222498178482056
MMDpt_dc_ae_l10_g2.80e-05,201,62.30800517363637,-0.0981315286427709,1.0229287147521973
MMDpt_dc_ae_l10_g2.80e-05,202,62.48285368636363,-0.08805375017371433,1.0225595235824585
MMDpt_dc_ae_l10_g2.80e-05,203,62.50087945,-0.08701479565343062,1.0225021839141846
MMDpt_dc_ae_l10_g2.80e-05,204,62.515273900000004,-0.08618513987871876,1.021597981452942
MMDpt_dc_ae_l10_g2.80e-05,205,62.56153540454545,-0.08351875634944335,1.0209118127822876
MMDpt_dc_ae_l10_g2.80e-05,206,62.62842450590909,-0.07966345592382028,1.0227588415145874
MMDpt_dc_ae_l10_g2.80e-05,207,62.64787497272727,-0.07854238550316901,1.0212162733078003
MMDpt_dc_ae_l10_g2.80e-05,208,62.80573838590909,-0.06944358059141646,1.0226943492889404
MMDpt_dc_ae_l10_g2.80e-05,209,62.831736559090906,-0.06794511871810778,1.0221754312515259
MMDpt_dc_ae_l10_g2.80e-05,210,63.033077886363635,-0.05634036863318487,1.0229287147521973
MMDpt_dc_ae_l10_g2.80e-05,211,63.2958711590909,-0.041193700558090865,1.021856665611267
MMDpt_dc_ae_l10_g2.80e-05,212,63.30556153181818,-0.04063517461980955,1.0225887298583984
MMDpt_dc_ae_l10_g2.80e-05,213,63.451246159090914,-0.0322383208113255,1.0228596925735474
MMDpt_dc_ae_l10_g2.80e-05,214,63.51674641363636,-0.02846306962571502,1.022573709487915
MMDpt_dc_ae_l10_g2.80e-05,215,63.52993807136364,-0.027702739428211564,1.0210367441177368
MMDpt_dc_ae_l10_g2.80e-05,216,63.601648069090906,-0.02356957604100441,1.0204194784164429
MMDpt_dc_ae_l10_g2.80e-05,217,63.632569839545454,-0.021787331813408223,1.022752046585083
MMDpt_dc_ae_l10_g2.80e-05,218,63.65115097727273,-0.02071636708629849,1.0227830410003662
MMDpt_dc_ae_l10_g2.80e-05,219,63.71100458181818,-0.017266572988681755,1.0218862295150757
MMDpt_dc_ae_l10_g2.80e-05,220,63.89873966363636,-0.006446048776474242,1.0208125114440918
MMDpt_dc_ae_l10_g2.80e-05,221,63.92419218818182,-0.004979036562035517,1.0196613073349
MMDpt_dc_ae_l10_g2.80e-05,222,63.96103896818182,-0.002855291382016408,1.02273428440094
MMDpt_dc_ae_l10_g2.80e-05,223,63.99746849090909,-0.0007555957423308915,1.0229260921478271
MMDpt_dc_ae_l10_g2.80e-05,224,64.02118780454545,0.000611519050564863,1.02278470993042
MMDpt_dc_ae_l10_g2.80e-05,225,64.02835174090909,0.0010244282741725598,1.0201003551483154
MMDpt_dc_ae_l10_g2.80e-05,226,64.1043883409091,0.005406964896234798,1.0229175090789795
MMDpt_dc_ae_l10_g2.80e-05,227,64.15682117727273,0.008429046703709133,1.0214401483535767
MMDpt_dc_ae_l10_g2.80e-05,228,64.23845857272727,0.01313439748621699,1.0228869915008545
MMDpt_dc_ae_l10_g2.80e-05,229,64.25370258636363,0.014013019729039077,1.0222461223602295
MMDpt_dc_ae_l10_g2.80e-05,230,64.32671434181817,0.01822121278502206,1.0228643417358398
MMDpt_dc_ae_l10_g2.80e-05,231,64.40631527727272,0.022809187717882526,1.0219918489456177
MMDpt_dc_ae_l10_g2.80e-05,232,64.56676404090909,0.032057004987472486,1.0229274034500122
MMDpt_dc_ae_l10_g2.80e-05,233,64.70266141363636,0.0398897488610707,1.0224689245224
MMDpt_dc_ae_l10_g2.80e-05,234,64.83579067045456,0.047562946288015,1.0228971242904663
MMDpt_dc_ae_l10_g2.80e-05,235,64.88276691590909,0.05027052548108044,1.0229214429855347
MMDpt_dc_ae_l10_g2.80e-05,236,64.91428311818181,0.05208703109348984,1.0222300291061401
MMDpt_dc_ae_l10_g2.80e-05,237,64.99876317727272,0.056956225044821694,1.0229207277297974
MMDpt_dc_ae_l10_g2.80e-05,238,65.11283459954545,0.06353098227543044,1.0228912830352783
MMDpt_dc_ae_l10_g2.80e-05,239,65.12859398045454,0.06443930884414997,1.0218573808670044
MMDpt_dc_ae_l10_g2.80e-05,240,65.15700578272727,0.06607688553694015,1.021095871925354
MMDpt_dc_ae_l10_g2.80e-05,241,65.26560826818182,0.07233642856952589,1.022447109222412
MMDpt_dc_ae_l10_g2.80e-05,242,65.49862164545455,0.08576666689328061,1.0228452682495117
MMDpt_dc_ae_l10_g2.80e-05,243,65.58085287863636,0.09050624481886647,1.0213514566421509
MMDpt_dc_ae_l10_g2.80e-05,244,65.74797291818182,0.10013857574355729,1.0222182273864746
MMDpt_dc_ae_l10_g2.80e-05,245,65.77319434545456,0.10159226815857124,1.0223578214645386
MMDpt_dc_ae_l10_g2.80e-05,246,65.79643795909091,0.10293196493604907,1.021605372428894
MMDpt_dc_ae_l10_g2.80e-05,247,65.90152255454545,0.10898874664372764,1.0227466821670532
MMDpt_dc_ae_l10_g2.80e-05,248,66.06104215454546,0.11818300952419154,1.022683024406433
MMDpt_dc_ae_l10_g2.80e-05,249,66.34667021363636,0.13464581071801482,1.0227770805358887
MMDpt_dc_ae_l10_g2.80e-05,250,66.41367993636364,0.13850806342114064,1.0216546058654785
MMDpt_dc_ae_l10_g2.80e-05,251,66.49486482500001,0.14318733297826053,1.0229101181030273
MMDpt_dc_ae_l10_g2.80e-05,252,66.57540134545455,0.14782923240965884,1.0227808952331543
MMDpt_dc_ae_l10_g2.80e-05,253,66.64770191772728,0.15199643485928482,1.0228561162948608
MMDpt_dc_ae_l10_g2.80e-05,254,66.69631712272727,0.15479847908932004,1.0213910341262817
MMDpt_dc_ae_l10_g2.80e-05,255,66.69915260454546,0.15496190831826281,1.022928237915039
MMDpt_dc_ae_l10_g2.80e-05,256,66.84640655909091,0.16344921375457688,1.0216096639633179
MMDpt_dc_ae_l10_g2.80e-05,257,66.92138232272727,0.1677706067403678,1.018706202507019
MMDpt_dc_ae_l10_g2.80e-05,258,67.1600262,0.1815253713113582,1.0204062461853027
MMDpt_dc_ae_l10_g2.80e-05,259,67.24224864545455,0.1862644427369615,1.022917628288269
MMDpt_dc_ae_l10_g2.80e-05,260,67.33497136227273,0.19160872038946963,1.0229287147521973
MMDpt_dc_ae_l10_g2.80e-05,261,67.50431248636363,0.20136906840541843,1.0228296518325806
MMDpt_dc_ae_l10_g2.80e-05,262,67.65232870272727,0.20990030847760313,1.0224100351333618
MMDpt_dc_ae_l10_g2.80e-05,263,67.78208407272727,0.2173790445196429,1.0215784311294556
MMDpt_dc_ae_l10_g2.80e-05,264,67.84529925,0.2210225902524589,1.0217881202697754
MMDpt_dc_ae_l10_g2.80e-05,265,67.89158320909091,0.22369026799883285,1.0223522186279297
MMDpt_dc_ae_l10_g2.80e-05,266,67.98637594090908,0.22915385551719142,1.0224530696868896
MMDpt_dc_ae_l10_g2.80e-05,267,68.0851692090909,0.234848022744816,1.0227017402648926
MMDpt_dc_ae_l10_g2.80e-05,268,68.12695885,0.23725666058115907,1.0209605693817139
MMDpt_dc_ae_l10_g2.80e-05,269,68.2302839,0.24321202701786718,1.022910475730896
MMDpt_dc_ae_l10_g2.80e-05,270,68.23565684545454,0.24352170854259156,1.0223140716552734
MMDpt_dc_ae_l10_g2.80e-05,271,68.26595938409092,0.24526826198284749,1.0200103521347046
MMDpt_dc_ae_l10_g2.80e-05,272,68.27114585318182,0.2455671955323495,1.0228674411773682
MMDpt_dc_ae_l10_g2.80e-05,273,68.32032611363637,0.24840180797589106,1.022465467453003
MMDpt_dc_ae_l10_g2.80e-05,274,68.38830778636363,0.25232008115428434,1.0229202508926392
MMDpt_dc_ae_l10_g2.80e-05,275,68.41746199090909,0.2540004478343775,1.0218398571014404
MMDpt_dc_ae_l10_g2.80e-05,276,68.46063733181818,0.256488953536948,1.0226866006851196
MMDpt_dc_ae_l10_g2.80e-05,277,68.46664887727273,0.256835442176758,1.0208921432495117
MMDpt_dc_ae_l10_g2.80e-05,278,68.47213741363636,0.2571517860376766,1.0229243040084839
MMDpt_dc_ae_l10_g2.80e-05,279,68.93374281227273,0.283757428116166,1.0223604440689087
MMDpt_dc_ae_l10_g2.80e-05,280,69.04567613727274,0.29020895140944425,1.0217057466506958
MMDpt_dc_ae_l10_g2.80e-05,281,69.05974111818182,0.2910196175086998,1.022871971130371
MMDpt_dc_ae_l10_g2.80e-05,282,69.09219679545454,0.2928902718283501,1.0227432250976562
MMDpt_dc_ae_l10_g2.80e-05,283,69.09712682727273,0.29317442505181285,1.0204960107803345
MMDpt_dc_ae_l10_g2.80e-05,284,69.10091421363637,0.29339271939217726,1.0218249559402466
MMDpt_dc_ae_l10_g2.80e-05,285,69.10780212727273,0.2937897194390094,1.0209054946899414
MMDpt_dc_ae_l10_g2.80e-05,286,69.12065298636364,0.2945304069577943,1.0227128267288208
MMDpt_dc_ae_l10_g2.80e-05,287,69.18059698636364,0.2979854111961857,1.0226019620895386
MMDpt_dc_ae_l10_g2.80e-05,288,69.23367816363636,0.30104486155745686,1.0229061841964722
MMDpt_dc_ae_l10_g2.80e-05,289,69.2644266,0.3028171152936152,1.0229219198226929
MMDpt_dc_ae_l10_g2.80e-05,290,69.35791935818182,0.30820577597320115,1.0225739479064941
MMDpt_dc_ae_l10_g2.80e-05,291,69.61843814545455,0.32322134907823014,1.0224757194519043
MMDpt_dc_ae_l10_g2.80e-05,292,69.80519480454545,0.33398547974530074,1.0228062868118286
MMDpt_dc_ae_l10_g2.80e-05,293,69.8553488,0.33687621554651076,1.0228204727172852
MMDpt_dc_ae_l10_g2.80e-05,294,69.88728480909091,0.3387169176479122,1.0229281187057495
MMDpt_dc_ae_l10_g2.80e-05,295,69.97248817863637,0.3436278011876287,1.0227928161621094
MMDpt_dc_ae_l10_g2.80e-05,296,70.05721009181819,0.3485109349312532,1.0225785970687866
MMDpt_dc_ae_l10_g2.80e-05,297,70.14929492727272,0.35381844688886305,1.0227216482162476
MMDpt_dc_ae_l10_g2.80e-05,298,70.15787111818182,0.35431275450831085,1.0221158266067505
MMDpt_dc_ae_l10_g2.80e-05,299,70.16147875909091,0.3545206888241977,1.0229191780090332
MMDpt_dc_ae_l10_g2.80e-05,300,70.20511073181818,0.3570355135056018,1.0229123830795288
MMDpt_dc_ae_l10_g2.80e-05,301,70.32331571818182,0.3638485177910241,1.0228877067565918
MMDpt_dc_ae_l10_g2.80e-05,302,70.37705808636363,0.36694607734409634,1.0229274034500122
MMDpt_dc_ae_l10_g2.80e-05,303,70.399005675,0.36821107487114013,1.0227113962173462
MMDpt_dc_ae_l10_g2.80e-05,304,70.50181075318181,0.37413647158884883,1.021997332572937
MMDpt_dc_ae_l10_g2.80e-05,305,70.6102672090909,0.38038759788750787,1.0229270458221436
MMDpt_dc_ae_l10_g2.80e-05,306,70.7436578590909,0.38807586128520843,1.022358775138855
MMDpt_dc_ae_l10_g2.80e-05,307,70.83137117272727,0.39313141097119886,1.0228294134140015
MMDpt_dc_ae_l10_g2.80e-05,308,70.8352099,0.39335266445774103,1.0216630697250366
MMDpt_dc_ae_l10_g2.80e-05,309,70.84563281363636,0.3939534120019492,1.0228768587112427
MMDpt_dc_ae_l10_g2.80e-05,310,70.86294127272727,0.394951023097624,1.0214331150054932
MMDpt_dc_ae_l10_g2.80e-05,311,70.88488886772727,0.3962160209914498,1.0218632221221924
MMDpt_dc_ae_l10_g2.80e-05,312,70.94146290454545,0.3994767899923458,1.0196384191513062
MMDpt_dc_ae_l10_g2.80e-05,313,71.03486937272727,0.4048604771580567,1.022855520248413
MMDpt_dc_ae_l10_g2.80e-05,314,71.06114357272727,0.4063748484439294,1.0214202404022217
MMDpt_dc_ae_l10_g2.80e-05,315,71.16676672727273,0.41246267118893826,1.0224182605743408
MMDpt_dc_ae_l10_g2.80e-05,316,71.17873871818182,0.41315270320770386,1.0229283571243286
MMDpt_dc_ae_l10_g2.80e-05,317,71.2066498259091,0.4147614212694939,1.0220476388931274
MMDpt_dc_ae_l10_g2.80e-05,318,71.25545576818182,0.4175744590616155,1.0229108333587646
MMDpt_dc_ae_l10_g2.80e-05,319,71.3174982909091,0.4211504162713988,1.0227805376052856
MMDpt_dc_ae_l10_g2.80e-05,320,71.36296618181818,0.4237710581338302,1.0184919834136963
MMDpt_dc_ae_l10_g2.80e-05,321,71.46931471818182,0.4299006898548213,1.022927165031433
MMDpt_dc_ae_l10_g2.80e-05,322,71.72297334090909,0.4445208622928842,1.0227307081222534
MMDpt_dc_ae_l10_g2.80e-05,323,71.90808025909091,0.45518990651538743,1.0218919515609741
MMDpt_dc_ae_l10_g2.80e-05,324,71.99829709090909,0.46038975197625187,1.0211682319641113
MMDpt_dc_ae_l10_g2.80e-05,325,72.09644175681818,0.46604653558581094,1.022640347480774
MMDpt_dc_ae_l10_g2.80e-05,326,72.15469048045455,0.4694038288435938,1.0229108333587646
MMDpt_dc_ae_l10_g2.80e-05,327,72.16259906363636,0.4698596574238161,1.0214742422103882
MMDpt_dc_ae_l10_g2.80e-05,328,72.25012620454545,0.47490447663533314,1.0216305255889893
MMDpt_dc_ae_l10_g2.80e-05,329,72.32991709090909,0.4795033998064825,1.022887110710144
MMDpt_dc_ae_l10_g2.80e-05,330,72.3529890590909,0.4808332034207922,1.0221138000488281
MMDpt_dc_ae_l10_g2.80e-05,331,72.35690482818183,0.48105889738191765,1.0223476886749268
MMDpt_dc_ae_l10_g2.80e-05,332,72.45495321363636,0.48671013165578725,1.0214601755142212
MMDpt_dc_ae_l10_g2.80e-05,333,72.62635492727273,0.49658924628079065,1.0220097303390503
MMDpt_dc_ae_l10_g2.80e-05,334,72.63195748181819,0.49691216183031,1.0195516347885132
MMDpt_dc_ae_l10_g2.80e-05,335,72.83995069636363,0.5089003080636467,1.0216442346572876
MMDpt_dc_ae_l10_g2.80e-05,336,72.89617321363636,0.5121408164626576,1.0222663879394531
MMDpt_dc_ae_l10_g2.80e-05,337,73.03390340545455,0.5200791988943657,1.022900938987732
MMDpt_dc_ae_l10_g2.80e-05,338,73.11911989545455,0.5249908386603275,1.0210156440734863
MMDpt_dc_ae_l10_g2.80e-05,339,73.13833258181818,0.5260982040816745,1.0220447778701782
MMDpt_dc_ae_l10_g2.80e-05,340,73.33471177272727,0.5374169505270702,1.0210895538330078
MMDpt_dc_ae_l10_g2.80e-05,341,73.33981687045456,0.5377111940591194,1.022508144378662
MMDpt_dc_ae_l10_g2.80e-05,342,73.39854528636364,0.541096135435736,1.0204967260360718
MMDpt_dc_ae_l10_g2.80e-05,343,73.41015931818183,0.5417655356952554,1.0229287147521973
MMDpt_dc_ae_l10_g2.80e-05,344,73.44266513181819,0.5436390797344586,1.0228312015533447
MMDpt_dc_ae_l10_g2.80e-05,345,73.44619574090909,0.5438425741521346,1.022403597831726
MMDpt_dc_ae_l10_g2.80e-05,346,73.46868897499999,0.5451390211546568,1.0214205980300903
MMDpt_dc_ae_l10_g2.80e-05,347,73.50964273636363,0.5474994812355564,1.0227984189987183
MMDpt_dc_ae_l10_g2.80e-05,348,73.53120189545454,0.548742090771711,1.0228502750396729
MMDpt_dc_ae_l10_g2.80e-05,349,73.63946159545455,0.5549818766109442,1.0225577354431152
MMDpt_dc_ae_l10_g2.80e-05,350,73.76844457272728,0.562416094099894,1.0225311517715454
MMDpt_dc_ae_l10_g2.80e-05,351,73.80118299272728,0.5643030449182952,1.0222545862197876
MMDpt_dc_ae_l10_g2.80e-05,352,73.90576145,0.5703306542390226,1.0229231119155884
MMDpt_dc_ae_l10_g2.80e-05,353,73.96756481363637,0.5738928269887642,1.0215095281600952
MMDpt_dc_ae_l10_g2.80e-05,354,74.00717849454546,0.5761760485862414,1.0228807926177979
MMDpt_dc_ae_l10_g2.80e-05,355,74.01135728181818,0.5764169021785707,1.0229089260101318
MMDpt_dc_ae_l10_g2.80e-05,356,74.05095793636363,0.5786993729729389,1.022227168083191
MMDpt_dc_ae_l10_g2.80e-05,357,74.05302495909092,0.5788185103725725,1.0200413465499878
MMDpt_dc_ae_l10_g2.80e-05,358,74.20412883636364,0.5875277145700669,1.0228849649429321
MMDpt_dc_ae_l10_g2.80e-05,359,74.32802774090909,0.5946689003490705,1.0229287147521973
MMDpt_dc_ae_l10_g2.80e-05,360,74.38583995454546,0.5980010343932524,1.0228525400161743
MMDpt_dc_ae_l10_g2.80e-05,361,74.46433656818182,0.602525359310058,1.021235466003418
MMDpt_dc_ae_l10_g2.80e-05,362,74.52572066363636,0.6060633666162982,1.0225306749343872
MMDpt_dc_ae_l10_g2.80e-05,363,74.86437946363637,0.625582711160682,1.0229285955429077
MMDpt_dc_ae_l10_g2.80e-05,364,74.89747095909091,0.6274900122592099,1.022341251373291
MMDpt_dc_ae_l10_g2.80e-05,365,74.9084351090909,0.6281219551512479,1.0228334665298462
MMDpt_dc_ae_l10_g2.80e-05,366,75.02020153181819,0.634563858665071,1.0220063924789429
MMDpt_dc_ae_l10_g2.80e-05,367,75.04613550454546,0.6360586202040249,1.0213860273361206
MMDpt_dc_ae_l10_g2.80e-05,368,75.04910765454545,0.6362299266041167,1.0229264497756958
MMDpt_dc_ae_l10_g2.80e-05,369,75.04911406363637,0.6362302960061632,1.0228970050811768
MMDpt_dc_ae_l10_g2.80e-05,370,75.14242499545455,0.6416084767235004,1.0201447010040283
MMDpt_dc_ae_l10_g2.80e-05,371,75.14524949545454,0.6417712729912052,1.0224922895431519
MMDpt_dc_ae_l10_g2.80e-05,372,75.21942449545455,0.6460465122041826,1.0225335359573364
MMDpt_dc_ae_l10_g2.80e-05,373,75.2494860690909,0.6477791770968547,1.022536039352417
MMDpt_dc_ae_l10_g2.80e-05,374,75.29101026818182,0.6501725156103826,1.0228163003921509
MMDpt_dc_ae_l10_g2.80e-05,375,75.30463428181818,0.6509577655913236,1.0216248035430908
MMDpt_dc_ae_l10_g2.80e-05,376,75.35053226363635,0.6536031966889378,1.0229151248931885
MMDpt_dc_ae_l10_g2.80e-05,377,75.358434425,0.6540586551335503,1.0203098058700562
MMDpt_dc_ae_l10_g2.80e-05,378,75.4765098,0.6608641889830542,1.021728277206421
MMDpt_dc_ae_l10_g2.80e-05,379,75.48288537727272,0.661231659397098,1.0210028886795044
MMDpt_dc_ae_l10_g2.80e-05,380,75.54217925454545,0.664649192382683,1.0228428840637207
MMDpt_dc_ae_l10_g2.80e-05,381,75.65154605454546,0.6709527883645888,1.0228441953659058
MMDpt_dc_ae_l10_g2.80e-05,382,75.68111334545455,0.672656964185499,1.022910475730896
MMDpt_dc_ae_l10_g2.80e-05,383,75.77031593636364,0.677798351641565,1.0219972133636475
MMDpt_dc_ae_l10_g2.80e-05,384,75.78166525454546,0.6784524945486285,1.0227415561676025
MMDpt_dc_ae_l10_g2.80e-05,385,75.79512009954546,0.6792279941232632,1.0222866535186768
MMDpt_dc_ae_l10_g2.80e-05,386,75.84170493636363,0.6819130136189849,1.0215100049972534
MMDpt_dc_ae_l10_g2.80e-05,387,75.84312428636363,0.6819948209769487,1.0216593742370605
MMDpt_dc_ae_l10_g2.80e-05,388,76.02107943636364,0.6922516573157579,1.022213339805603
MMDpt_dc_ae_l10_g2.80e-05,389,76.07231828181818,0.6952049208319687,1.0222560167312622
MMDpt_dc_ae_l10_g2.80e-05,390,76.16321556363636,0.7004439855246826,1.0226917266845703
MMDpt_dc_ae_l10_g2.80e-05,391,76.19598609272727,0.7023327870211363,1.0228716135025024
MMDpt_dc_ae_l10_g2.80e-05,392,76.26727722727273,0.7064418083079089,1.0209355354309082
MMDpt_dc_ae_l10_g2.80e-05,393,76.28929185454545,0.7077106697541566,1.0228146314620972
MMDpt_dc_ae_l10_g2.80e-05,394,76.28997104545455,0.707749816415534,1.0215990543365479
MMDpt_dc_ae_l10_g2.80e-05,395,76.32376224090909,0.7096974462619865,1.0223138332366943
MMDpt_dc_ae_l10_g2.80e-05,396,76.35414479090909,0.7114486113331051,1.02241051197052
MMDpt_dc_ae_l10_g2.80e-05,397,76.39021483181818,0.71352758744781,1.0226008892059326
MMDpt_dc_ae_l10_g2.80e-05,398,76.45241142272727,0.7171124247159999,1.0225979089736938
MMDpt_dc_ae_l10_g2.80e-05,399,76.51437691681818,0.7206839422109638,1.0218586921691895
MMDpt_dc_ae_l10_g2.80e-05,400,76.5471795409091,0.7225745935733101,1.0224519968032837
MMDpt_dc_ae_l10_g2.80e-05,401,76.59774437272728,0.7254890088316404,1.02245032787323
MMDpt_dc_ae_l10_g2.80e-05,402,76.63823088636364,0.7278225380624447,1.020200252532959
MMDpt_dc_ae_l10_g2.80e-05,403,76.64452179545455,0.7281851284396704,1.0227278470993042
MMDpt_dc_ae_l10_g2.80e-05,404,76.67493643727272,0.7299381431932893,1.0190373659133911
MMDpt_dc_ae_l10_g2.80e-05,405,76.67586082272727,0.7299914221814013,1.0228897333145142
MMDpt_dc_ae_l10_g2.80e-05,406,76.81212329090908,0.7378452091342544,1.0229274034500122
MMDpt_dc_ae_l10_g2.80e-05,407,76.90558185454546,0.7432318989360301,1.0228463411331177
MMDpt_dc_ae_l10_g2.80e-05,408,76.91644974545454,0.7438582937237196,1.0228780508041382
MMDpt_dc_ae_l10_g2.80e-05,409,76.98329391227273,0.7477110042480184,1.0214719772338867
MMDpt_dc_ae_l10_g2.80e-05,410,77.11547369545454,0.7553294766743298,1.0221359729766846
MMDpt_dc_ae_l10_g2.80e-05,411,77.14402031818182,0.7569748240404465,1.0217550992965698
MMDpt_dc_ae_l10_g2.80e-05,412,77.17084656363636,0.7585210136798696,1.0203487873077393
MMDpt_dc_ae_l10_g2.80e-05,413,77.25877326818183,0.7635888626200866,1.0229061841964722
MMDpt_dc_ae_l10_g2.80e-05,414,77.34552212272727,0.7685888235858233,1.018251895904541
MMDpt_dc_ae_l10_g2.80e-05,415,77.52582683636363,0.7789810821907805,1.0214433670043945
MMDpt_dc_ae_l10_g2.80e-05,416,77.65479755863636,0.7864145933358604,1.0229284763336182
MMDpt_dc_ae_l10_g2.80e-05,417,77.69959142727272,0.7889963864426363,1.0227651596069336
MMDpt_dc_ae_l10_g2.80e-05,418,77.72501827727272,0.7904619188481973,1.0172789096832275
MMDpt_dc_ae_l10_g2.80e-05,419,77.83570625,0.7968416635250904,1.0229171514511108
MMDpt_dc_ae_l10_g2.80e-05,420,77.9733424409091,0.8047746280077235,1.0222433805465698
MMDpt_dc_ae_l10_g2.80e-05,421,78.0566007590909,0.8095734042355274,1.0218441486358643
MMDpt_dc_ae_l10_g2.80e-05,422,78.20425748181819,0.818083924101565,1.0219783782958984
MMDpt_dc_ae_l10_g2.80e-05,423,78.23482706363636,0.8198458691627494,1.0208989381790161
MMDpt_dc_ae_l10_g2.80e-05,424,78.25971381363637,0.8212802717172971,1.0225580930709839
MMDpt_dc_ae_l10_g2.80e-05,425,78.3483194,0.8263872495037559,1.0197124481201172
MMDpt_dc_ae_l10_g2.80e-05,426,78.4185978909091,0.8304379048480556,1.0196305513381958
MMDpt_dc_ae_l10_g2.80e-05,427,78.53980069090909,0.837423694713678,1.022416591644287
MMDpt_dc_ae_l10_g2.80e-05,428,78.54177141363635,0.8375372816510761,1.0223428010940552
MMDpt_dc_ae_l10_g2.80e-05,429,78.57485005,0.8394438415876266,1.0220167636871338
MMDpt_dc_ae_l10_g2.80e-05,430,78.5853263609091,0.8400476668010531,1.0197703838348389
MMDpt_dc_ae_l10_g2.80e-05,431,78.61859467727272,0.8419651593614511,1.0228188037872314
MMDpt_dc_ae_l10_g2.80e-05,432,78.63007529545455,0.8426268700327033,1.022928237915039
MMDpt_dc_ae_l10_g2.80e-05,433,78.86957993181818,0.8564312463464417,1.02286958694458
MMDpt_dc_ae_l10_g2.80e-05,434,79.22077921818182,0.8766733893950602,1.0215924978256226
MMDpt_dc_ae_l10_g2.80e-05,435,79.25695136818182,0.8787582507917258,1.0227856636047363
MMDpt_dc_ae_l10_g2.80e-05,436,79.28284742727273,0.8802508270948876,1.022678256034851
MMDpt_dc_ae_l10_g2.80e-05,437,79.36729972727272,0.8851184210899811,1.022551417350769
MMDpt_dc_ae_l10_g2.80e-05,438,79.46781420454546,0.8909117939879693,1.0229287147521973
MMDpt_dc_ae_l10_g2.80e-05,439,79.51125251363636,0.8934154564398847,1.022688388824463
MMDpt_dc_ae_l10_g2.80e-05,440,79.62850745318183,0.9001737026880812,1.0215927362442017
MMDpt_dc_ae_l10_g2.80e-05,441,79.6499864090909,0.9014116895375086,1.0220307111740112
MMDpt_dc_ae_l10_g2.80e-05,442,79.75645692727272,0.9075483519487911,1.0209238529205322
MMDpt_dc_ae_l10_g2.80e-05,443,79.91532173636364,0.9167048745155257,1.0225906372070312
MMDpt_dc_ae_l10_g2.80e-05,444,79.94757872272727,0.9185640768477706,1.0217416286468506
MMDpt_dc_ae_l10_g2.80e-05,445,80.02392345454545,0.9229643733246603,1.0227105617523193
MMDpt_dc_ae_l10_g2.80e-05,446,80.13685939999999,0.9294736848522888,1.0227526426315308
MMDpt_dc_ae_l10_g2.80e-05,447,80.28660759545454,0.9381047513474663,1.0229233503341675
MMDpt_dc_ae_l10_g2.80e-05,448,80.40461357272727,0.9449062853063745,1.0228852033615112
MMDpt_dc_ae_l10_g2.80e-05,449,80.43965011363636,0.9469256933762311,1.022910714149475
MMDpt_dc_ae_l10_g2.80e-05,450,80.56802326363636,0.954324762129495,1.0229237079620361
MMDpt_dc_ae_l10_g2.80e-05,451,80.69563893636364,0.9616801720146861,1.0215657949447632
MMDpt_dc_ae_l10_g2.80e-05,452,80.83871870454546,0.9699268890421825,1.0229254961013794
MMDpt_dc_ae_l10_g2.80e-05,453,80.88731798181819,0.9727280152426367,1.0223312377929688
MMDpt_dc_ae_l10_g2.80e-05,454,80.98601989090909,0.9784169167881859,1.0228346586227417
MMDpt_dc_ae_l10_g2.80e-05,455,81.02786977272727,0.9808290267417757,1.022527813911438
MMDpt_dc_ae_l10_g2.80e-05,456,81.46314962272727,1.0059173379428359,1.022796392440796
MMDpt_dc_ae_l10_g2.80e-05,457,81.49191450454545,1.0075752651515413,1.0223896503448486
MMDpt_dc_ae_l10_g2.80e-05,458,81.53910919545454,1.0102954349286748,1.0210223197937012
MMDpt_dc_ae_l10_g2.80e-05,459,81.65584415909092,1.0170237112220841,1.022928237915039
MMDpt_dc_ae_l10_g2.80e-05,460,81.66778405000001,1.017711893086772,1.022644281387329
MMDpt_dc_ae_l10_g2.80e-05,461,82.0783984909091,1.0413785592032403,1.0229121446609497
MMDpt_dc_ae_l10_g2.80e-05,462,82.11143467727273,1.0432826724407058,1.0205639600753784
MMDpt_dc_ae_l10_g2.80e-05,463,82.15394328181819,1.0457327493270108,1.0228878259658813
MMDpt_dc_ae_l10_g2.80e-05,464,82.87086985,1.0870543883848574,1.022315263748169
MMDpt_dc_ae_l10_g2.80e-05,465,83.04785639090909,1.0972553968090384,1.02236807346344
MMDpt_dc_ae_l10_g2.80e-05,466,83.2706767,1.1100981352367167,1.0218329429626465
MMDpt_dc_ae_l10_g2.80e-05,467,83.28013232272727,1.1106431308426048,1.0226329565048218
MMDpt_dc_ae_l10_g2.80e-05,468,83.32162666818182,1.113034748676162,1.0187444686889648
MMDpt_dc_ae_l10_g2.80e-05,469,83.35334443181819,1.1148628717209361,1.0225698947906494
MMDpt_dc_ae_l10_g2.80e-05,470,83.45792123636365,1.1208903857830939,1.021766185760498
MMDpt_dc_ae_l10_g2.80e-05,471,84.18152392727274,1.1625968178530641,1.0216729640960693
MMDpt_dc_ae_l10_g2.80e-05,472,84.62887205909091,1.188380711011149,1.0199260711669922
MMDpt_dc_ae_l10_g2.80e-05,473,85.11071750454545,1.2161529326896323,1.0165992975234985
MMDpt_dc_ae_l10_g2.80e-05,474,85.12217595454545,1.2168133656489846,1.0209678411483765
MMDpt_dc_ae_l10_g2.80e-05,475,85.54109655454546,1.2409587755073437,1.0212876796722412
MMDpt_dc_ae_l10_g2.80e-05,476,85.8163718359091,1.256824871594287,1.0229287147521973
MMDpt_dc_ae_l10_g2.80e-05,477,86.0069106,1.2678069921987163,1.0229285955429077
MMDpt_dc_ae_l10_g2.80e-05,478,86.07828567272726,1.2719208514471514,1.022725224494934
MMDpt_dc_ae_l10_g2.80e-05,479,86.46879091363637,1.2944284796076844,1.020386815071106
MMDpt_dc_ae_l10_g2.80e-05,480,87.81027129545454,1.371747650915916,1.0229160785675049
kNN_dinov2_vitb14_l5_k1,1,10.383351573636363,-3.0909231051976005,519433.875
kNN_dinov2_vitb14_l5_k1,2,11.237612673636363,-3.0416858884420805,618030.625
kNN_dinov2_vitb14_l5_k1,3,12.873956289545454,-2.9473716263235947,564348.25
kNN_dinov2_vitb14_l5_k1,4,13.852077771363637,-2.8909954441311574,414181.4375
kNN_dinov2_vitb14_l5_k1,5,14.772021149545454,-2.8379724848575316,405031.0
kNN_dinov2_vitb14_l5_k1,6,15.774696462272727,-2.780181088634338,871024.875
kNN_dinov2_vitb14_l5_k1,7,16.11136225,-2.760776615734313,618193.75
kNN_dinov2_vitb14_l5_k1,8,16.718538883636366,-2.7257806554602935,425599.84375
kNN_dinov2_vitb14_l5_k1,9,16.83383592,-2.719135257266808,365016.90625
kNN_dinov2_vitb14_l5_k1,10,16.977602550909094,-2.710848951395825,380607.53125
kNN_dinov2_vitb14_l5_k1,11,17.128398308636363,-2.702157506345793,492800.25
kNN_dinov2_vitb14_l5_k1,12,17.49981897681818,-2.680749859495494,497383.40625
kNN_dinov2_vitb14_l5_k1,13,18.01987185318182,-2.650775468530193,440858.875
kNN_dinov2_vitb14_l5_k1,14,18.22368484818182,-2.639028258441373,530441.25
kNN_dinov2_vitb14_l5_k1,15,18.40435578590909,-2.628614891705722,479249.3125
kNN_dinov2_vitb14_l5_k1,16,18.964998386363636,-2.5963010227481416,498159.3125
kNN_dinov2_vitb14_l5_k1,17,19.531784013636365,-2.563633086933271,408573.8125
kNN_dinov2_vitb14_l5_k1,18,21.457911477272727,-2.4526164956056054,511854.125
kNN_dinov2_vitb14_l5_k1,19,22.164942098181818,-2.411865231226962,490136.71875
kNN_dinov2_vitb14_l5_k1,20,22.207954510454545,-2.4093861162745784,634312.8125
kNN_dinov2_vitb14_l5_k1,21,22.336504287727273,-2.401976867220102,364748.59375
kNN_dinov2_vitb14_l5_k1,22,22.775860404545455,-2.376653611418521,506509.15625
kNN_dinov2_vitb14_l5_k1,23,23.03693973772727,-2.361605730017554,432270.625
kNN_dinov2_vitb14_l5_k1,24,23.073138160909092,-2.359519354308287,500041.59375
kNN_dinov2_vitb14_l5_k1,25,23.859046570909094,-2.314221795127428,607687.25
kNN_dinov2_vitb14_l5_k1,26,24.108436355454547,-2.299847666563835,420422.90625
kNN_dinov2_vitb14_l5_k1,27,24.136628927727273,-2.2982227256741137,436591.8125
kNN_dinov2_vitb14_l5_k1,28,24.706419758636365,-2.2653815783401448,547851.0
kNN_dinov2_vitb14_l5_k1,29,25.160939161363636,-2.2391843532157982,500556.59375
kNN_dinov2_vitb14_l5_k1,30,25.272293834545454,-2.2327661817923388,330407.46875
kNN_dinov2_vitb14_l5_k1,31,25.739496508636364,-2.205837928436342,471725.875
kNN_dinov2_vitb14_l5_k1,32,26.08368123090909,-2.1860000852119685,369116.375
kNN_dinov2_vitb14_l5_k1,33,26.26193154681818,-2.175726236337011,466692.96875
kNN_dinov2_vitb14_l5_k1,34,26.29922768272727,-2.1735765915411758,434965.90625
kNN_dinov2_vitb14_l5_k1,35,26.647243233181822,-2.153517950111732,640861.875
kNN_dinov2_vitb14_l5_k1,36,26.80277036,-2.144553802201322,371190.71875
kNN_dinov2_vitb14_l5_k1,37,27.710613355454544,-2.0922282750911965,632975.5625
kNN_dinov2_vitb14_l5_k1,38,27.723830698181818,-2.0914664644822447,425022.875
kNN_dinov2_vitb14_l5_k1,39,27.94224735681818,-2.078877540130785,446429.8125
kNN_dinov2_vitb14_l5_k1,40,28.008295531363636,-2.0750707083712667,445557.84375
kNN_dinov2_vitb14_l5_k1,41,28.427649107272728,-2.0509003429944066,490060.59375
kNN_dinov2_vitb14_l5_k1,42,28.610673086363636,-2.0403513535461495,577979.0
kNN_dinov2_vitb14_l5_k1,43,28.864666542727274,-2.0257118822352584,605514.6875
kNN_dinov2_vitb14_l5_k1,44,28.872480873181818,-2.0252614861182057,464712.21875
kNN_dinov2_vitb14_l5_k1,45,29.867093540909092,-1.9679347981668596,979494.6875
kNN_dinov2_vitb14_l5_k1,46,30.946254809545454,-1.9057349657057894,373672.75
kNN_dinov2_vitb14_l5_k1,47,31.113843444545456,-1.8960756262517786,480033.0
kNN_dinov2_vitb14_l5_k1,48,31.75240744409091,-1.8592705861324392,373145.28125
kNN_dinov2_vitb14_l5_k1,49,31.962474827272725,-1.8471628906292867,374842.78125
kNN_dinov2_vitb14_l5_k1,50,32.10326235227273,-1.8390482920775113,442726.25
kNN_dinov2_vitb14_l5_k1,51,32.57260997909091,-1.8119964096549876,477008.09375
kNN_dinov2_vitb14_l5_k1,52,33.29309288772727,-1.770469793095747,342307.25
kNN_dinov2_vitb14_l5_k1,53,33.63066458409091,-1.751013106159651,514108.125
kNN_dinov2_vitb14_l5_k1,54,33.94931614045454,-1.7326469230920152,469172.46875
kNN_dinov2_vitb14_l5_k1,55,34.254768114545456,-1.7150415269704833,411829.46875
kNN_dinov2_vitb14_l5_k1,56,35.01583384090909,-1.6711758304824154,500107.8125
kNN_dinov2_vitb14_l5_k1,57,35.61844186090909,-1.6364431923003018,419129.71875
kNN_dinov2_vitb14_l5_k1,58,36.50372615909091,-1.5854178853071164,536786.3125
kNN_dinov2_vitb14_l5_k1,59,36.74721518909091,-1.5713838597056917,486291.4375
kNN_dinov2_vitb14_l5_k1,60,37.183868766818186,-1.5462163706866658,504794.0
kNN_dinov2_vitb14_l5_k1,61,37.586910895,-1.5229861514634166,391378.9375
kNN_dinov2_vitb14_l5_k1,62,37.90925234181818,-1.504407293446501,406750.34375
kNN_dinov2_vitb14_l5_k1,63,39.159607152727276,-1.4323403447746748,448409.125
kNN_dinov2_vitb14_l5_k1,64,39.16116855045455,-1.4322503501836308,582161.875
kNN_dinov2_vitb14_l5_k1,65,39.50363207727273,-1.4125117118436592,468385.46875
kNN_dinov2_vitb14_l5_k1,66,39.72578294681818,-1.3997075580360745,368927.125
kNN_dinov2_vitb14_l5_k1,67,40.10658689318182,-1.3777590853168278,544164.25
kNN_dinov2_vitb14_l5_k1,68,40.511631334545456,-1.3544134583708745,484889.34375
kNN_dinov2_vitb14_l5_k1,69,41.22542756590909,-1.3132722431581907,533685.5
kNN_dinov2_vitb14_l5_k1,70,41.450596035,-1.3002941633660317,437011.96875
kNN_dinov2_vitb14_l5_k1,71,41.606778884545456,-1.2912922214345022,347178.0
kNN_dinov2_vitb14_l5_k1,72,41.74143011090909,-1.283531301946464,445044.5
kNN_dinov2_vitb14_l5_k1,73,42.27668356454546,-1.2526807922886625,460612.46875
kNN_dinov2_vitb14_l5_k1,74,42.349748590454546,-1.2484695288729066,501181.96875
kNN_dinov2_vitb14_l5_k1,75,42.93479045136364,-1.2147493548925703,547471.8125
kNN_dinov2_vitb14_l5_k1,76,42.999259720454546,-1.2110335268204517,463421.40625
kNN_dinov2_vitb14_l5_k1,77,43.14833512181818,-1.2024412382919711,493752.625
kNN_dinov2_vitb14_l5_k1,78,43.849900354999995,-1.1620049835516937,479164.53125
kNN_dinov2_vitb14_l5_k1,79,44.24228326,-1.1393891320928766,401504.21875
kNN_dinov2_vitb14_l5_k1,80,44.68483293727273,-1.113881808412842,480537.5
kNN_dinov2_vitb14_l5_k1,81,45.014271393181815,-1.0948938986728347,401056.25
kNN_dinov2_vitb14_l5_k1,82,45.044897863636365,-1.0931286747100122,648021.0625
kNN_dinov2_vitb14_l5_k1,83,45.242849799999995,-1.0817192796223616,390344.625
kNN_dinov2_vitb14_l5_k1,84,45.34376912590909,-1.0759025723830795,487112.71875
kNN_dinov2_vitb14_l5_k1,85,45.44974382363636,-1.0697944876738517,449003.0
kNN_dinov2_vitb14_l5_k1,86,45.87703164136364,-1.0451668148248472,403942.21875
kNN_dinov2_vitb14_l5_k1,87,46.05975058136364,-1.0346354069752812,529309.6875
kNN_dinov2_vitb14_l5_k1,88,46.3385215,-1.0185678321482947,693461.8125
kNN_dinov2_vitb14_l5_k1,89,46.461104443636366,-1.0115024946696791,468321.65625
kNN_dinov2_vitb14_l5_k1,90,46.55172569545454,-1.00627933957292,547079.875
kNN_dinov2_vitb14_l5_k1,91,46.63784059272727,-1.0013159181284732,403391.09375
kNN_dinov2_vitb14_l5_k1,92,46.92503363227272,-0.9847629158452418,402881.6875
kNN_dinov2_vitb14_l5_k1,93,46.98420985,-0.9813521644262555,433385.65625
kNN_dinov2_vitb14_l5_k1,94,47.05894020545455,-0.9770449160806003,450759.71875
kNN_dinov2_vitb14_l5_k1,95,47.18393024863636,-0.9698408401272126,711542.3125
kNN_dinov2_vitb14_l5_k1,96,47.45620903181818,-0.9541474538013544,433187.96875
kNN_dinov2_vitb14_l5_k1,97,47.57944400681818,-0.9470445350614799,413713.875
kNN_dinov2_vitb14_l5_k1,98,47.68605184090909,-0.9408999581458618,318471.625
kNN_dinov2_vitb14_l5_k1,99,47.85413733318182,-0.9312119812305011,566357.375
kNN_dinov2_vitb14_l5_k1,100,47.997159330454544,-0.9229685939563709,327912.8125
kNN_dinov2_vitb14_l5_k1,101,48.745656067727275,-0.8798273387898924,419478.78125
kNN_dinov2_vitb14_l5_k1,102,48.974869975454546,-0.8666160912472533,432923.25
kNN_dinov2_vitb14_l5_k1,103,49.269933079999994,-0.8496094804638982,395252.5625
kNN_dinov2_vitb14_l5_k1,104,49.50143869090909,-0.8362661455696251,424646.25
kNN_dinov2_vitb14_l5_k1,105,50.02686477227273,-0.8059820581201266,452891.875
kNN_dinov2_vitb14_l5_k1,106,50.24467801363637,-0.793427913049909,507602.78125
kNN_dinov2_vitb14_l5_k1,107,50.26601576545454,-0.7921980648087251,435122.3125
kNN_dinov2_vitb14_l5_k1,108,50.287720933636365,-0.7909470397175866,465861.4375
kNN_dinov2_vitb14_l5_k1,109,50.397065763181814,-0.7846447100511362,542739.875
kNN_dinov2_vitb14_l5_k1,110,50.44004938636363,-0.782167254421305,709856.375
kNN_dinov2_vitb14_l5_k1,111,50.53053583909091,-0.7769518687665316,354373.40625
kNN_dinov2_vitb14_l5_k1,112,50.744067415454545,-0.7646445068726515,419161.53125
kNN_dinov2_vitb14_l5_k1,113,50.877768575909094,-0.756938346522186,371175.96875
kNN_dinov2_vitb14_l5_k1,114,50.952142585000004,-0.7526516369826949,492775.28125
kNN_dinov2_vitb14_l5_k1,115,51.255980857727266,-0.7351392500872892,451399.65625
kNN_dinov2_vitb14_l5_k1,116,51.47010300409091,-0.7227978493929772,479345.34375
kNN_dinov2_vitb14_l5_k1,117,51.48649149727273,-0.7218532625551946,504139.0625
kNN_dinov2_vitb14_l5_k1,118,51.49088870772727,-0.7215998196625357,440724.625
kNN_dinov2_vitb14_l5_k1,119,51.669473619090915,-0.7113066856428819,551091.375
kNN_dinov2_vitb14_l5_k1,120,51.78909724363636,-0.7044119150267025,701114.75
kNN_dinov2_vitb14_l5_k1,121,51.85205774272727,-0.7007830482308545,392661.53125
kNN_dinov2_vitb14_l5_k1,122,51.87800455454545,-0.699287546682667,859515.1875
kNN_dinov2_vitb14_l5_k1,123,51.92553946363636,-0.6965477676825893,579920.9375
kNN_dinov2_vitb14_l5_k1,124,52.00039339090909,-0.6922333970034971,405329.34375
kNN_dinov2_vitb14_l5_k1,125,52.126720309090906,-0.6849522673201076,362527.8125
kNN_dinov2_vitb14_l5_k1,126,52.30133809090909,-0.6748877875343021,428568.03125
kNN_dinov2_vitb14_l5_k1,127,52.82782977227273,-0.6445422818858776,462507.53125
kNN_dinov2_vitb14_l5_k1,128,52.94948191,-0.637530593452388,472478.40625
kNN_dinov2_vitb14_l5_k1,129,52.977303153181815,-0.6359270549312603,520691.84375
kNN_dinov2_vitb14_l5_k1,130,53.02329102272727,-0.6332764429568486,536376.375
kNN_dinov2_vitb14_l5_k1,131,53.11169118954546,-0.6281813049775454,475823.3125
kNN_dinov2_vitb14_l5_k1,132,53.15595768772727,-0.6256299080264427,425316.625
kNN_dinov2_vitb14_l5_k1,133,53.19575964181818,-0.6233358348901765,406285.0
kNN_dinov2_vitb14_l5_k1,134,53.738266159999995,-0.5920672789100433,592798.5625
kNN_dinov2_vitb14_l5_k1,135,54.35688324090909,-0.5564119233034402,471565.6875
kNN_dinov2_vitb14_l5_k1,136,54.43010616227273,-0.5521915592359978,523363.46875
kNN_dinov2_vitb14_l5_k1,137,54.51598353272727,-0.5472418281719658,561467.75
kNN_dinov2_vitb14_l5_k1,138,54.63723127590909,-0.5402534479072425,479807.59375
kNN_dinov2_vitb14_l5_k1,139,54.68535675181818,-0.5374796302901245,454646.03125
kNN_dinov2_vitb14_l5_k1,140,54.72388539863636,-0.5352589470181324,519475.34375
kNN_dinov2_vitb14_l5_k1,141,55.23867115454546,-0.5055881381210048,460444.75
kNN_dinov2_vitb14_l5_k1,142,55.2775563909091,-0.5033469020265294,561564.5625
kNN_dinov2_vitb14_l5_k1,143,55.699695931818184,-0.47901596143141617,510086.53125
kNN_dinov2_vitb14_l5_k1,144,55.80372709545455,-0.4730198965827504,579098.875
kNN_dinov2_vitb14_l5_k1,145,55.82518654818182,-0.4717830338420878,633473.75
kNN_dinov2_vitb14_l5_k1,146,56.236087309090905,-0.4480998650428898,437795.9375
kNN_dinov2_vitb14_l5_k1,147,56.34353036818182,-0.44190714809799403,490285.53125
kNN_dinov2_vitb14_l5_k1,148,56.343846956363635,-0.44188890084205507,489274.5625
kNN_dinov2_vitb14_l5_k1,149,56.418747340909086,-0.4375718524959041,417821.0
kNN_dinov2_vitb14_l5_k1,150,56.4284854,-0.43701057804920695,722351.0
kNN_dinov2_vitb14_l5_k1,151,56.43083487727272,-0.4368751607608167,498195.875
kNN_dinov2_vitb14_l5_k1,152,56.73676582727273,-0.41924215780964386,686093.6875
kNN_dinov2_vitb14_l5_k1,153,56.80215198181818,-0.415473483028404,904653.0
kNN_dinov2_vitb14_l5_k1,154,56.838491672272724,-0.41337896506927063,416281.90625
kNN_dinov2_vitb14_l5_k1,155,56.87784920000001,-0.4111105074236286,540588.1875
kNN_dinov2_vitb14_l5_k1,156,56.88495511818182,-0.41070094220549447,523595.625
kNN_dinov2_vitb14_l5_k1,157,56.89427865,-0.4101635599495794,386911.46875
kNN_dinov2_vitb14_l5_k1,158,57.014437336363635,-0.4032379498690725,446087.625
kNN_dinov2_vitb14_l5_k1,159,57.01605029863636,-0.40314498324207687,545958.5
kNN_dinov2_vitb14_l5_k1,160,57.06027285454545,-0.40059611900047776,442604.625
kNN_dinov2_vitb14_l5_k1,161,57.08577673045454,-0.3991261470372903,546386.9375
kNN_dinov2_vitb14_l5_k1,162,57.165035822727276,-0.39455787498782163,797349.9375
kNN_dinov2_vitb14_l5_k1,163,57.30280682363637,-0.386617140434433,521692.59375
kNN_dinov2_vitb14_l5_k1,164,57.552973348181816,-0.3721982427531278,407516.9375
kNN_dinov2_vitb14_l5_k1,165,57.715692645,-0.3628195583114009,494762.3125
kNN_dinov2_vitb14_l5_k1,166,57.94736867727273,-0.34946640080713065,481924.0625
kNN_dinov2_vitb14_l5_k1,167,58.01582408181818,-0.3455208230538053,548962.75
kNN_dinov2_vitb14_l5_k1,168,58.14704098045454,-0.33795784859535755,473277.375
kNN_dinov2_vitb14_l5_k1,169,58.40466673181818,-0.32310902197584374,580595.8125
kNN_dinov2_vitb14_l5_k1,170,58.48494007,-0.3184822916333907,441646.9375
kNN_dinov2_vitb14_l5_k1,171,58.90741873181818,-0.2941318050590592,413259.96875
kNN_dinov2_vitb14_l5_k1,172,58.92814133636364,-0.29293741218345776,494992.5
kNN_dinov2_vitb14_l5_k1,173,58.959711454090915,-0.29111779903528184,442040.9375
kNN_dinov2_vitb14_l5_k1,174,59.080638213636355,-0.2841479193681854,526764.9375
kNN_dinov2_vitb14_l5_k1,175,59.15176404636364,-0.2800484256151513,327086.0625
kNN_dinov2_vitb14_l5_k1,176,59.165360129545455,-0.27926478546736844,369072.8125
kNN_dinov2_vitb14_l5_k1,177,59.343238913181814,-0.26901235067183393,430321.1875
kNN_dinov2_vitb14_l5_k1,178,59.52943686818182,-0.2582804221434605,703513.9375
kNN_dinov2_vitb14_l5_k1,179,59.53394987363636,-0.2580203051513792,654420.4375
kNN_dinov2_vitb14_l5_k1,180,59.61907620909091,-0.2531138616408659,512913.5625
kNN_dinov2_vitb14_l5_k1,181,59.64024705,-0.25189363367691286,555930.875
kNN_dinov2_vitb14_l5_k1,182,59.81487126545455,-0.2418287830743299,543068.0
kNN_dinov2_vitb14_l5_k1,183,59.821444613636366,-0.241449913699103,492163.21875
kNN_dinov2_vitb14_l5_k1,184,59.82249576181818,-0.241389328462493,634039.625
kNN_dinov2_vitb14_l5_k1,185,60.13491826227273,-0.22338217072795283,675953.8125
kNN_dinov2_vitb14_l5_k1,186,60.66603184545455,-0.19277027160609897,350177.71875
kNN_dinov2_vitb14_l5_k1,187,60.91525143409091,-0.1784059526579342,625773.5625
kNN_dinov2_vitb14_l5_k1,188,60.98922430909091,-0.17414236336374334,501257.3125
kNN_dinov2_vitb14_l5_k1,189,61.15445065909091,-0.16461917939964438,419632.96875
kNN_dinov2_vitb14_l5_k1,190,61.257236485,-0.15869489232900422,443715.875
kNN_dinov2_vitb14_l5_k1,191,61.38288141818182,-0.1514530703505647,379463.4375
kNN_dinov2_vitb14_l5_k1,192,61.41676890772727,-0.14949989038246164,412338.75
kNN_dinov2_vitb14_l5_k1,193,61.450913154545454,-0.1475319116444142,625963.75
kNN_dinov2_vitb14_l5_k1,194,61.557454278181815,-0.14139117973251966,458304.4375
kNN_dinov2_vitb14_l5_k1,195,61.612018317727276,-0.1382462613438015,455167.78125
kNN_dinov2_vitb14_l5_k1,196,61.66026577136363,-0.13546541327218128,510215.59375
kNN_dinov2_vitb14_l5_k1,197,61.784896459090916,-0.12828204956052722,645578.75
kNN_dinov2_vitb14_l5_k1,198,61.80260090454545,-0.12726161492013313,502165.375
kNN_dinov2_vitb14_l5_k1,199,62.04634134636364,-0.11321309864578996,564037.25
kNN_dinov2_vitb14_l5_k1,200,62.140166177272725,-0.1078052982244427,474208.3125
kNN_dinov2_vitb14_l5_k1,201,62.30800517363637,-0.0981315286427709,586298.4375
kNN_dinov2_vitb14_l5_k1,202,62.48285368636363,-0.08805375017371433,415876.875
kNN_dinov2_vitb14_l5_k1,203,62.50087945,-0.08701479565343062,514790.375
kNN_dinov2_vitb14_l5_k1,204,62.515273900000004,-0.08618513987871876,426356.875
kNN_dinov2_vitb14_l5_k1,205,62.56153540454545,-0.08351875634944335,422575.125
kNN_dinov2_vitb14_l5_k1,206,62.62842450590909,-0.07966345592382028,590127.0625
kNN_dinov2_vitb14_l5_k1,207,62.64787497272727,-0.07854238550316901,443087.3125
kNN_dinov2_vitb14_l5_k1,208,62.80573838590909,-0.06944358059141646,569867.875
kNN_dinov2_vitb14_l5_k1,209,62.831736559090906,-0.06794511871810778,355417.3125
kNN_dinov2_vitb14_l5_k1,210,63.033077886363635,-0.05634036863318487,791586.625
kNN_dinov2_vitb14_l5_k1,211,63.2958711590909,-0.041193700558090865,637985.0
kNN_dinov2_vitb14_l5_k1,212,63.30556153181818,-0.04063517461980955,760765.5625
kNN_dinov2_vitb14_l5_k1,213,63.451246159090914,-0.0322383208113255,509667.84375
kNN_dinov2_vitb14_l5_k1,214,63.51674641363636,-0.02846306962571502,476547.5625
kNN_dinov2_vitb14_l5_k1,215,63.52993807136364,-0.027702739428211564,450756.0625
kNN_dinov2_vitb14_l5_k1,216,63.601648069090906,-0.02356957604100441,365862.09375
kNN_dinov2_vitb14_l5_k1,217,63.632569839545454,-0.021787331813408223,798693.25
kNN_dinov2_vitb14_l5_k1,218,63.65115097727273,-0.02071636708629849,650635.0625
kNN_dinov2_vitb14_l5_k1,219,63.71100458181818,-0.017266572988681755,463934.40625
kNN_dinov2_vitb14_l5_k1,220,63.89873966363636,-0.006446048776474242,399562.09375
kNN_dinov2_vitb14_l5_k1,221,63.92419218818182,-0.004979036562035517,362050.75
kNN_dinov2_vitb14_l5_k1,222,63.96103896818182,-0.002855291382016408,575530.3125
kNN_dinov2_vitb14_l5_k1,223,63.99746849090909,-0.0007555957423308915,559821.25
kNN_dinov2_vitb14_l5_k1,224,64.02118780454545,0.000611519050564863,660218.4375
kNN_dinov2_vitb14_l5_k1,225,64.02835174090909,0.0010244282741725598,421646.71875
kNN_dinov2_vitb14_l5_k1,226,64.1043883409091,0.005406964896234798,610919.25
kNN_dinov2_vitb14_l5_k1,227,64.15682117727273,0.008429046703709133,408245.1875
kNN_dinov2_vitb14_l5_k1,228,64.23845857272727,0.01313439748621699,557963.0625
kNN_dinov2_vitb14_l5_k1,229,64.25370258636363,0.014013019729039077,444107.5625
kNN_dinov2_vitb14_l5_k1,230,64.32671434181817,0.01822121278502206,481978.9375
kNN_dinov2_vitb14_l5_k1,231,64.40631527727272,0.022809187717882526,564848.25
kNN_dinov2_vitb14_l5_k1,232,64.56676404090909,0.032057004987472486,763209.25
kNN_dinov2_vitb14_l5_k1,233,64.70266141363636,0.0398897488610707,623074.6875
kNN_dinov2_vitb14_l5_k1,234,64.83579067045456,0.047562946288015,544123.9375
kNN_dinov2_vitb14_l5_k1,235,64.88276691590909,0.05027052548108044,745798.875
kNN_dinov2_vitb14_l5_k1,236,64.91428311818181,0.05208703109348984,433320.1875
kNN_dinov2_vitb14_l5_k1,237,64.99876317727272,0.056956225044821694,606234.75
kNN_dinov2_vitb14_l5_k1,238,65.11283459954545,0.06353098227543044,450987.875
kNN_dinov2_vitb14_l5_k1,239,65.12859398045454,0.06443930884414997,433976.40625
kNN_dinov2_vitb14_l5_k1,240,65.15700578272727,0.06607688553694015,576783.6875
kNN_dinov2_vitb14_l5_k1,241,65.26560826818182,0.07233642856952589,575585.8125
kNN_dinov2_vitb14_l5_k1,242,65.49862164545455,0.08576666689328061,421717.59375
kNN_dinov2_vitb14_l5_k1,243,65.58085287863636,0.09050624481886647,405198.5625
kNN_dinov2_vitb14_l5_k1,244,65.74797291818182,0.10013857574355729,415563.1875
kNN_dinov2_vitb14_l5_k1,245,65.77319434545456,0.10159226815857124,580066.0
kNN_dinov2_vitb14_l5_k1,246,65.79643795909091,0.10293196493604907,417598.75
kNN_dinov2_vitb14_l5_k1,247,65.90152255454545,0.10898874664372764,549192.125
kNN_dinov2_vitb14_l5_k1,248,66.06104215454546,0.11818300952419154,460955.75
kNN_dinov2_vitb14_l5_k1,249,66.34667021363636,0.13464581071801482,522030.75
kNN_dinov2_vitb14_l5_k1,250,66.41367993636364,0.13850806342114064,485631.5
kNN_dinov2_vitb14_l5_k1,251,66.49486482500001,0.14318733297826053,558430.5
kNN_dinov2_vitb14_l5_k1,252,66.57540134545455,0.14782923240965884,424699.125
kNN_dinov2_vitb14_l5_k1,253,66.64770191772728,0.15199643485928482,745336.375
kNN_dinov2_vitb14_l5_k1,254,66.69631712272727,0.15479847908932004,523524.6875
kNN_dinov2_vitb14_l5_k1,255,66.69915260454546,0.15496190831826281,645163.5
kNN_dinov2_vitb14_l5_k1,256,66.84640655909091,0.16344921375457688,495373.625
kNN_dinov2_vitb14_l5_k1,257,66.92138232272727,0.1677706067403678,465084.625
kNN_dinov2_vitb14_l5_k1,258,67.1600262,0.1815253713113582,360954.3125
kNN_dinov2_vitb14_l5_k1,259,67.24224864545455,0.1862644427369615,539359.1875
kNN_dinov2_vitb14_l5_k1,260,67.33497136227273,0.19160872038946963,1191767.625
kNN_dinov2_vitb14_l5_k1,261,67.50431248636363,0.20136906840541843,584306.375
kNN_dinov2_vitb14_l5_k1,262,67.65232870272727,0.20990030847760313,540175.4375
kNN_dinov2_vitb14_l5_k1,263,67.78208407272727,0.2173790445196429,431494.4375
kNN_dinov2_vitb14_l5_k1,264,67.84529925,0.2210225902524589,491946.25
kNN_dinov2_vitb14_l5_k1,265,67.89158320909091,0.22369026799883285,506494.78125
kNN_dinov2_vitb14_l5_k1,266,67.98637594090908,0.22915385551719142,632952.375
kNN_dinov2_vitb14_l5_k1,267,68.0851692090909,0.234848022744816,514207.25
kNN_dinov2_vitb14_l5_k1,268,68.12695885,0.23725666058115907,500016.15625
kNN_dinov2_vitb14_l5_k1,269,68.2302839,0.24321202701786718,665016.125
kNN_dinov2_vitb14_l5_k1,270,68.23565684545454,0.24352170854259156,542343.75
kNN_dinov2_vitb14_l5_k1,271,68.26595938409092,0.24526826198284749,523464.1875
kNN_dinov2_vitb14_l5_k1,272,68.27114585318182,0.2455671955323495,530091.8125
kNN_dinov2_vitb14_l5_k1,273,68.32032611363637,0.24840180797589106,450179.75
kNN_dinov2_vitb14_l5_k1,274,68.38830778636363,0.25232008115428434,607324.5
kNN_dinov2_vitb14_l5_k1,275,68.41746199090909,0.2540004478343775,354268.625
kNN_dinov2_vitb14_l5_k1,276,68.46063733181818,0.256488953536948,528172.3125
kNN_dinov2_vitb14_l5_k1,277,68.46664887727273,0.256835442176758,509407.8125
kNN_dinov2_vitb14_l5_k1,278,68.47213741363636,0.2571517860376766,721889.125
kNN_dinov2_vitb14_l5_k1,279,68.93374281227273,0.283757428116166,436751.1875
kNN_dinov2_vitb14_l5_k1,280,69.04567613727274,0.29020895140944425,512217.09375
kNN_dinov2_vitb14_l5_k1,281,69.05974111818182,0.2910196175086998,507304.375
kNN_dinov2_vitb14_l5_k1,282,69.09219679545454,0.2928902718283501,581894.0
kNN_dinov2_vitb14_l5_k1,283,69.09712682727273,0.29317442505181285,485914.1875
kNN_dinov2_vitb14_l5_k1,284,69.10091421363637,0.29339271939217726,413746.5625
kNN_dinov2_vitb14_l5_k1,285,69.10780212727273,0.2937897194390094,392170.125
kNN_dinov2_vitb14_l5_k1,286,69.12065298636364,0.2945304069577943,578167.8125
kNN_dinov2_vitb14_l5_k1,287,69.18059698636364,0.2979854111961857,438536.6875
kNN_dinov2_vitb14_l5_k1,288,69.23367816363636,0.30104486155745686,672106.9375
kNN_dinov2_vitb14_l5_k1,289,69.2644266,0.3028171152936152,555345.875
kNN_dinov2_vitb14_l5_k1,290,69.35791935818182,0.30820577597320115,486737.46875
kNN_dinov2_vitb14_l5_k1,291,69.61843814545455,0.32322134907823014,550936.0625
kNN_dinov2_vitb14_l5_k1,292,69.80519480454545,0.33398547974530074,610151.125
kNN_dinov2_vitb14_l5_k1,293,69.8553488,0.33687621554651076,667984.125
kNN_dinov2_vitb14_l5_k1,294,69.88728480909091,0.3387169176479122,907962.125
kNN_dinov2_vitb14_l5_k1,295,69.97248817863637,0.3436278011876287,609239.0625
kNN_dinov2_vitb14_l5_k1,296,70.05721009181819,0.3485109349312532,469603.03125
kNN_dinov2_vitb14_l5_k1,297,70.14929492727272,0.35381844688886305,463434.78125
kNN_dinov2_vitb14_l5_k1,298,70.15787111818182,0.35431275450831085,482456.5625
kNN_dinov2_vitb14_l5_k1,299,70.16147875909091,0.3545206888241977,487895.3125
kNN_dinov2_vitb14_l5_k1,300,70.20511073181818,0.3570355135056018,666886.0625
kNN_dinov2_vitb14_l5_k1,301,70.32331571818182,0.3638485177910241,454090.65625
kNN_dinov2_vitb14_l5_k1,302,70.37705808636363,0.36694607734409634,550091.5
kNN_dinov2_vitb14_l5_k1,303,70.399005675,0.36821107487114013,484448.09375
kNN_dinov2_vitb14_l5_k1,304,70.50181075318181,0.37413647158884883,515600.3125
kNN_dinov2_vitb14_l5_k1,305,70.6102672090909,0.38038759788750787,596419.875
kNN_dinov2_vitb14_l5_k1,306,70.7436578590909,0.38807586128520843,620210.3125
kNN_dinov2_vitb14_l5_k1,307,70.83137117272727,0.39313141097119886,718380.625
kNN_dinov2_vitb14_l5_k1,308,70.8352099,0.39335266445774103,469618.4375
kNN_dinov2_vitb14_l5_k1,309,70.84563281363636,0.3939534120019492,548590.5
kNN_dinov2_vitb14_l5_k1,310,70.86294127272727,0.394951023097624,451699.78125
kNN_dinov2_vitb14_l5_k1,311,70.88488886772727,0.3962160209914498,422261.90625
kNN_dinov2_vitb14_l5_k1,312,70.94146290454545,0.3994767899923458,389034.53125
kNN_dinov2_vitb14_l5_k1,313,71.03486937272727,0.4048604771580567,653008.5
kNN_dinov2_vitb14_l5_k1,314,71.06114357272727,0.4063748484439294,409303.78125
kNN_dinov2_vitb14_l5_k1,315,71.16676672727273,0.41246267118893826,716472.5
kNN_dinov2_vitb14_l5_k1,316,71.17873871818182,0.41315270320770386,527175.375
kNN_dinov2_vitb14_l5_k1,317,71.2066498259091,0.4147614212694939,449086.5
kNN_dinov2_vitb14_l5_k1,318,71.25545576818182,0.4175744590616155,620239.125
kNN_dinov2_vitb14_l5_k1,319,71.3174982909091,0.4211504162713988,510058.75
kNN_dinov2_vitb14_l5_k1,320,71.36296618181818,0.4237710581338302,422067.125
kNN_dinov2_vitb14_l5_k1,321,71.46931471818182,0.4299006898548213,643066.4375
kNN_dinov2_vitb14_l5_k1,322,71.72297334090909,0.4445208622928842,478878.8125
kNN_dinov2_vitb14_l5_k1,323,71.90808025909091,0.45518990651538743,470251.3125
kNN_dinov2_vitb14_l5_k1,324,71.99829709090909,0.46038975197625187,450390.1875
kNN_dinov2_vitb14_l5_k1,325,72.09644175681818,0.46604653558581094,497419.125
kNN_dinov2_vitb14_l5_k1,326,72.15469048045455,0.4694038288435938,586249.125
kNN_dinov2_vitb14_l5_k1,327,72.16259906363636,0.4698596574238161,514067.0625
kNN_dinov2_vitb14_l5_k1,328,72.25012620454545,0.47490447663533314,474495.53125
kNN_dinov2_vitb14_l5_k1,329,72.32991709090909,0.4795033998064825,559683.25
kNN_dinov2_vitb14_l5_k1,330,72.3529890590909,0.4808332034207922,471914.0
kNN_dinov2_vitb14_l5_k1,331,72.35690482818183,0.48105889738191765,442723.625
kNN_dinov2_vitb14_l5_k1,332,72.45495321363636,0.48671013165578725,518681.0
kNN_dinov2_vitb14_l5_k1,333,72.62635492727273,0.49658924628079065,447209.46875
kNN_dinov2_vitb14_l5_k1,334,72.63195748181819,0.49691216183031,384173.28125
kNN_dinov2_vitb14_l5_k1,335,72.83995069636363,0.5089003080636467,495041.25
kNN_dinov2_vitb14_l5_k1,336,72.89617321363636,0.5121408164626576,414795.34375
kNN_dinov2_vitb14_l5_k1,337,73.03390340545455,0.5200791988943657,608108.25
kNN_dinov2_vitb14_l5_k1,338,73.11911989545455,0.5249908386603275,545667.5
kNN_dinov2_vitb14_l5_k1,339,73.13833258181818,0.5260982040816745,424933.625
kNN_dinov2_vitb14_l5_k1,340,73.33471177272727,0.5374169505270702,407420.75
kNN_dinov2_vitb14_l5_k1,341,73.33981687045456,0.5377111940591194,476884.96875
kNN_dinov2_vitb14_l5_k1,342,73.39854528636364,0.541096135435736,506132.5625
kNN_dinov2_vitb14_l5_k1,343,73.41015931818183,0.5417655356952554,588175.0625
kNN_dinov2_vitb14_l5_k1,344,73.44266513181819,0.5436390797344586,554649.75
kNN_dinov2_vitb14_l5_k1,345,73.44619574090909,0.5438425741521346,450870.71875
kNN_dinov2_vitb14_l5_k1,346,73.46868897499999,0.5451390211546568,568561.1875
kNN_dinov2_vitb14_l5_k1,347,73.50964273636363,0.5474994812355564,516321.09375
kNN_dinov2_vitb14_l5_k1,348,73.53120189545454,0.548742090771711,908811.0
kNN_dinov2_vitb14_l5_k1,349,73.63946159545455,0.5549818766109442,746641.8125
kNN_dinov2_vitb14_l5_k1,350,73.76844457272728,0.562416094099894,453448.125
kNN_dinov2_vitb14_l5_k1,351,73.80118299272728,0.5643030449182952,572576.0
kNN_dinov2_vitb14_l5_k1,352,73.90576145,0.5703306542390226,824797.125
kNN_dinov2_vitb14_l5_k1,353,73.96756481363637,0.5738928269887642,443024.6875
kNN_dinov2_vitb14_l5_k1,354,74.00717849454546,0.5761760485862414,536271.25
kNN_dinov2_vitb14_l5_k1,355,74.01135728181818,0.5764169021785707,807827.625
kNN_dinov2_vitb14_l5_k1,356,74.05095793636363,0.5786993729729389,442064.4375
kNN_dinov2_vitb14_l5_k1,357,74.05302495909092,0.5788185103725725,364669.96875
kNN_dinov2_vitb14_l5_k1,358,74.20412883636364,0.5875277145700669,409698.6875
kNN_dinov2_vitb14_l5_k1,359,74.32802774090909,0.5946689003490705,613826.875
kNN_dinov2_vitb14_l5_k1,360,74.38583995454546,0.5980010343932524,461604.6875
kNN_dinov2_vitb14_l5_k1,361,74.46433656818182,0.602525359310058,402550.875
kNN_dinov2_vitb14_l5_k1,362,74.52572066363636,0.6060633666162982,449936.0625
kNN_dinov2_vitb14_l5_k1,363,74.86437946363637,0.625582711160682,842741.375
kNN_dinov2_vitb14_l5_k1,364,74.89747095909091,0.6274900122592099,653066.4375
kNN_dinov2_vitb14_l5_k1,365,74.9084351090909,0.6281219551512479,538057.1875
kNN_dinov2_vitb14_l5_k1,366,75.02020153181819,0.634563858665071,409267.0625
kNN_dinov2_vitb14_l5_k1,367,75.04613550454546,0.6360586202040249,456957.6875
kNN_dinov2_vitb14_l5_k1,368,75.04910765454545,0.6362299266041167,490266.03125
kNN_dinov2_vitb14_l5_k1,369,75.04911406363637,0.6362302960061632,530143.375
kNN_dinov2_vitb14_l5_k1,370,75.14242499545455,0.6416084767235004,410878.15625
kNN_dinov2_vitb14_l5_k1,371,75.14524949545454,0.6417712729912052,445947.5625
kNN_dinov2_vitb14_l5_k1,372,75.21942449545455,0.6460465122041826,524348.1875
kNN_dinov2_vitb14_l5_k1,373,75.2494860690909,0.6477791770968547,454905.0625
kNN_dinov2_vitb14_l5_k1,374,75.29101026818182,0.6501725156103826,480434.125
kNN_dinov2_vitb14_l5_k1,375,75.30463428181818,0.6509577655913236,452423.0
kNN_dinov2_vitb14_l5_k1,376,75.35053226363635,0.6536031966889378,554596.625
kNN_dinov2_vitb14_l5_k1,377,75.358434425,0.6540586551335503,373366.4375
kNN_dinov2_vitb14_l5_k1,378,75.4765098,0.6608641889830542,510974.75
kNN_dinov2_vitb14_l5_k1,379,75.48288537727272,0.661231659397098,581981.4375
kNN_dinov2_vitb14_l5_k1,380,75.54217925454545,0.664649192382683,561552.1875
kNN_dinov2_vitb14_l5_k1,381,75.65154605454546,0.6709527883645888,520279.59375
kNN_dinov2_vitb14_l5_k1,382,75.68111334545455,0.672656964185499,647596.375
kNN_dinov2_vitb14_l5_k1,383,75.77031593636364,0.677798351641565,670103.5625
kNN_dinov2_vitb14_l5_k1,384,75.78166525454546,0.6784524945486285,549708.25
kNN_dinov2_vitb14_l5_k1,385,75.79512009954546,0.6792279941232632,541773.75
kNN_dinov2_vitb14_l5_k1,386,75.84170493636363,0.6819130136189849,525913.25
kNN_dinov2_vitb14_l5_k1,387,75.84312428636363,0.6819948209769487,355696.3125
kNN_dinov2_vitb14_l5_k1,388,76.02107943636364,0.6922516573157579,468721.5625
kNN_dinov2_vitb14_l5_k1,389,76.07231828181818,0.6952049208319687,493762.125
kNN_dinov2_vitb14_l5_k1,390,76.16321556363636,0.7004439855246826,537847.75
kNN_dinov2_vitb14_l5_k1,391,76.19598609272727,0.7023327870211363,534811.3125
kNN_dinov2_vitb14_l5_k1,392,76.26727722727273,0.7064418083079089,375677.4375
kNN_dinov2_vitb14_l5_k1,393,76.28929185454545,0.7077106697541566,614172.25
kNN_dinov2_vitb14_l5_k1,394,76.28997104545455,0.707749816415534,443660.5625
kNN_dinov2_vitb14_l5_k1,395,76.32376224090909,0.7096974462619865,523772.25
kNN_dinov2_vitb14_l5_k1,396,76.35414479090909,0.7114486113331051,491791.0625
kNN_dinov2_vitb14_l5_k1,397,76.39021483181818,0.71352758744781,466262.125
kNN_dinov2_vitb14_l5_k1,398,76.45241142272727,0.7171124247159999,430536.90625
kNN_dinov2_vitb14_l5_k1,399,76.51437691681818,0.7206839422109638,486620.3125
kNN_dinov2_vitb14_l5_k1,400,76.5471795409091,0.7225745935733101,561610.875
kNN_dinov2_vitb14_l5_k1,401,76.59774437272728,0.7254890088316404,526026.1875
kNN_dinov2_vitb14_l5_k1,402,76.63823088636364,0.7278225380624447,375030.03125
kNN_dinov2_vitb14_l5_k1,403,76.64452179545455,0.7281851284396704,576101.0625
kNN_dinov2_vitb14_l5_k1,404,76.67493643727272,0.7299381431932893,359555.375
kNN_dinov2_vitb14_l5_k1,405,76.67586082272727,0.7299914221814013,520143.625
kNN_dinov2_vitb14_l5_k1,406,76.81212329090908,0.7378452091342544,621253.3125
kNN_dinov2_vitb14_l5_k1,407,76.90558185454546,0.7432318989360301,707754.625
kNN_dinov2_vitb14_l5_k1,408,76.91644974545454,0.7438582937237196,562727.5625
kNN_dinov2_vitb14_l5_k1,409,76.98329391227273,0.7477110042480184,414757.78125
kNN_dinov2_vitb14_l5_k1,410,77.11547369545454,0.7553294766743298,505376.28125
kNN_dinov2_vitb14_l5_k1,411,77.14402031818182,0.7569748240404465,508058.40625
kNN_dinov2_vitb14_l5_k1,412,77.17084656363636,0.7585210136798696,421871.96875
kNN_dinov2_vitb14_l5_k1,413,77.25877326818183,0.7635888626200866,755154.125
kNN_dinov2_vitb14_l5_k1,414,77.34552212272727,0.7685888235858233,336096.65625
kNN_dinov2_vitb14_l5_k1,415,77.52582683636363,0.7789810821907805,380249.0625
kNN_dinov2_vitb14_l5_k1,416,77.65479755863636,0.7864145933358604,784511.8125
kNN_dinov2_vitb14_l5_k1,417,77.69959142727272,0.7889963864426363,662916.125
kNN_dinov2_vitb14_l5_k1,418,77.72501827727272,0.7904619188481973,415660.96875
kNN_dinov2_vitb14_l5_k1,419,77.83570625,0.7968416635250904,619050.6875
kNN_dinov2_vitb14_l5_k1,420,77.9733424409091,0.8047746280077235,454052.625
kNN_dinov2_vitb14_l5_k1,421,78.0566007590909,0.8095734042355274,523606.8125
kNN_dinov2_vitb14_l5_k1,422,78.20425748181819,0.818083924101565,553558.25
kNN_dinov2_vitb14_l5_k1,423,78.23482706363636,0.8198458691627494,362198.65625
kNN_dinov2_vitb14_l5_k1,424,78.25971381363637,0.8212802717172971,516357.15625
kNN_dinov2_vitb14_l5_k1,425,78.3483194,0.8263872495037559,367256.8125
kNN_dinov2_vitb14_l5_k1,426,78.4185978909091,0.8304379048480556,382604.3125
kNN_dinov2_vitb14_l5_k1,427,78.53980069090909,0.837423694713678,480383.75
kNN_dinov2_vitb14_l5_k1,428,78.54177141363635,0.8375372816510761,609545.875
kNN_dinov2_vitb14_l5_k1,429,78.57485005,0.8394438415876266,427136.625
kNN_dinov2_vitb14_l5_k1,430,78.5853263609091,0.8400476668010531,430189.6875
kNN_dinov2_vitb14_l5_k1,431,78.61859467727272,0.8419651593614511,604692.5
kNN_dinov2_vitb14_l5_k1,432,78.63007529545455,0.8426268700327033,642137.375
kNN_dinov2_vitb14_l5_k1,433,78.86957993181818,0.8564312463464417,492534.9375
kNN_dinov2_vitb14_l5_k1,434,79.22077921818182,0.8766733893950602,408484.4375
kNN_dinov2_vitb14_l5_k1,435,79.25695136818182,0.8787582507917258,632851.75
kNN_dinov2_vitb14_l5_k1,436,79.28284742727273,0.8802508270948876,573035.625
kNN_dinov2_vitb14_l5_k1,437,79.36729972727272,0.8851184210899811,519928.625
kNN_dinov2_vitb14_l5_k1,438,79.46781420454546,0.8909117939879693,654540.375
kNN_dinov2_vitb14_l5_k1,439,79.51125251363636,0.8934154564398847,605641.75
kNN_dinov2_vitb14_l5_k1,440,79.62850745318183,0.9001737026880812,523658.34375
kNN_dinov2_vitb14_l5_k1,441,79.6499864090909,0.9014116895375086,464236.25
kNN_dinov2_vitb14_l5_k1,442,79.75645692727272,0.9075483519487911,410737.3125
kNN_dinov2_vitb14_l5_k1,443,79.91532173636364,0.9167048745155257,616076.4375
kNN_dinov2_vitb14_l5_k1,444,79.94757872272727,0.9185640768477706,502661.09375
kNN_dinov2_vitb14_l5_k1,445,80.02392345454545,0.9229643733246603,518883.40625
kNN_dinov2_vitb14_l5_k1,446,80.13685939999999,0.9294736848522888,436717.6875
kNN_dinov2_vitb14_l5_k1,447,80.28660759545454,0.9381047513474663,579745.1875
kNN_dinov2_vitb14_l5_k1,448,80.40461357272727,0.9449062853063745,534943.625
kNN_dinov2_vitb14_l5_k1,449,80.43965011363636,0.9469256933762311,660607.9375
kNN_dinov2_vitb14_l5_k1,450,80.56802326363636,0.954324762129495,697580.1875
kNN_dinov2_vitb14_l5_k1,451,80.69563893636364,0.9616801720146861,357082.375
kNN_dinov2_vitb14_l5_k1,452,80.83871870454546,0.9699268890421825,886275.625
kNN_dinov2_vitb14_l5_k1,453,80.88731798181819,0.9727280152426367,409252.875
kNN_dinov2_vitb14_l5_k1,454,80.98601989090909,0.9784169167881859,390773.59375
kNN_dinov2_vitb14_l5_k1,455,81.02786977272727,0.9808290267417757,410476.6875
kNN_dinov2_vitb14_l5_k1,456,81.46314962272727,1.0059173379428359,543370.5
kNN_dinov2_vitb14_l5_k1,457,81.49191450454545,1.0075752651515413,425981.78125
kNN_dinov2_vitb14_l5_k1,458,81.53910919545454,1.0102954349286748,386954.90625
kNN_dinov2_vitb14_l5_k1,459,81.65584415909092,1.0170237112220841,768829.75
kNN_dinov2_vitb14_l5_k1,460,81.66778405000001,1.017711893086772,512856.6875
kNN_dinov2_vitb14_l5_k1,461,82.0783984909091,1.0413785592032403,639279.25
kNN_dinov2_vitb14_l5_k1,462,82.11143467727273,1.0432826724407058,429512.0625
kNN_dinov2_vitb14_l5_k1,463,82.15394328181819,1.0457327493270108,544229.25
kNN_dinov2_vitb14_l5_k1,464,82.87086985,1.0870543883848574,367131.5625
kNN_dinov2_vitb14_l5_k1,465,83.04785639090909,1.0972553968090384,472393.53125
kNN_dinov2_vitb14_l5_k1,466,83.2706767,1.1100981352367167,439527.375
kNN_dinov2_vitb14_l5_k1,467,83.28013232272727,1.1106431308426048,454912.5625
kNN_dinov2_vitb14_l5_k1,468,83.32162666818182,1.113034748676162,468904.25
kNN_dinov2_vitb14_l5_k1,469,83.35334443181819,1.1148628717209361,558370.125
kNN_dinov2_vitb14_l5_k1,470,83.45792123636365,1.1208903857830939,478253.25
kNN_dinov2_vitb14_l5_k1,471,84.18152392727274,1.1625968178530641,410747.75
kNN_dinov2_vitb14_l5_k1,472,84.62887205909091,1.188380711011149,406671.125
kNN_dinov2_vitb14_l5_k1,473,85.11071750454545,1.2161529326896323,327531.8125
kNN_dinov2_vitb14_l5_k1,474,85.12217595454545,1.2168133656489846,400391.875
kNN_dinov2_vitb14_l5_k1,475,85.54109655454546,1.2409587755073437,470624.4375
kNN_dinov2_vitb14_l5_k1,476,85.8163718359091,1.256824871594287,951283.5625
kNN_dinov2_vitb14_l5_k1,477,86.0069106,1.2678069921987163,585433.125
kNN_dinov2_vitb14_l5_k1,478,86.07828567272726,1.2719208514471514,666091.3125
kNN_dinov2_vitb14_l5_k1,479,86.46879091363637,1.2944284796076844,512545.625
kNN_dinov2_vitb14_l5_k1,480,87.81027129545454,1.371747650915916,542934.625
kNN_dinov2_vitb14_l5_k5,1,10.383351573636363,-3.0909231051976005,532513.125
kNN_dinov2_vitb14_l5_k5,2,11.237612673636363,-3.0416858884420805,636525.5
kNN_dinov2_vitb14_l5_k5,3,12.873956289545454,-2.9473716263235947,647700.375
kNN_dinov2_vitb14_l5_k5,4,13.852077771363637,-2.8909954441311574,431560.4375
kNN_dinov2_vitb14_l5_k5,5,14.772021149545454,-2.8379724848575316,435061.15625
kNN_dinov2_vitb14_l5_k5,6,15.774696462272727,-2.780181088634338,942527.625
kNN_dinov2_vitb14_l5_k5,7,16.11136225,-2.760776615734313,677704.5
kNN_dinov2_vitb14_l5_k5,8,16.718538883636366,-2.7257806554602935,460037.34375
kNN_dinov2_vitb14_l5_k5,9,16.83383592,-2.719135257266808,388886.34375
kNN_dinov2_vitb14_l5_k5,10,16.977602550909094,-2.710848951395825,402022.1875
kNN_dinov2_vitb14_l5_k5,11,17.128398308636363,-2.702157506345793,500561.6875
kNN_dinov2_vitb14_l5_k5,12,17.49981897681818,-2.680749859495494,509603.6875
kNN_dinov2_vitb14_l5_k5,13,18.01987185318182,-2.650775468530193,450975.40625
kNN_dinov2_vitb14_l5_k5,14,18.22368484818182,-2.639028258441373,589189.25
kNN_dinov2_vitb14_l5_k5,15,18.40435578590909,-2.628614891705722,500506.6875
kNN_dinov2_vitb14_l5_k5,16,18.964998386363636,-2.5963010227481416,503489.90625
kNN_dinov2_vitb14_l5_k5,17,19.531784013636365,-2.563633086933271,429893.0625
kNN_dinov2_vitb14_l5_k5,18,21.457911477272727,-2.4526164956056054,528007.875
kNN_dinov2_vitb14_l5_k5,19,22.164942098181818,-2.411865231226962,503698.6875
kNN_dinov2_vitb14_l5_k5,20,22.207954510454545,-2.4093861162745784,720582.0
kNN_dinov2_vitb14_l5_k5,21,22.336504287727273,-2.401976867220102,396249.6875
kNN_dinov2_vitb14_l5_k5,22,22.775860404545455,-2.376653611418521,519681.6875
kNN_dinov2_vitb14_l5_k5,23,23.03693973772727,-2.361605730017554,440466.8125
kNN_dinov2_vitb14_l5_k5,24,23.073138160909092,-2.359519354308287,513010.65625
kNN_dinov2_vitb14_l5_k5,25,23.859046570909094,-2.314221795127428,640090.125
kNN_dinov2_vitb14_l5_k5,26,24.108436355454547,-2.299847666563835,438438.65625
kNN_dinov2_vitb14_l5_k5,27,24.136628927727273,-2.2982227256741137,488447.6875
kNN_dinov2_vitb14_l5_k5,28,24.706419758636365,-2.2653815783401448,569590.9375
kNN_dinov2_vitb14_l5_k5,29,25.160939161363636,-2.2391843532157982,542378.625
kNN_dinov2_vitb14_l5_k5,30,25.272293834545454,-2.2327661817923388,377096.4375
kNN_dinov2_vitb14_l5_k5,31,25.739496508636364,-2.205837928436342,509444.6875
kNN_dinov2_vitb14_l5_k5,32,26.08368123090909,-2.1860000852119685,441812.8125
kNN_dinov2_vitb14_l5_k5,33,26.26193154681818,-2.175726236337011,486491.34375
kNN_dinov2_vitb14_l5_k5,34,26.29922768272727,-2.1735765915411758,459014.9375
kNN_dinov2_vitb14_l5_k5,35,26.647243233181822,-2.153517950111732,741955.8125
kNN_dinov2_vitb14_l5_k5,36,26.80277036,-2.144553802201322,402243.40625
kNN_dinov2_vitb14_l5_k5,37,27.710613355454544,-2.0922282750911965,656545.375
kNN_dinov2_vitb14_l5_k5,38,27.723830698181818,-2.0914664644822447,472038.5
kNN_dinov2_vitb14_l5_k5,39,27.94224735681818,-2.078877540130785,497800.3125
kNN_dinov2_vitb14_l5_k5,40,28.008295531363636,-2.0750707083712667,484016.5
kNN_dinov2_vitb14_l5_k5,41,28.427649107272728,-2.0509003429944066,498273.65625
kNN_dinov2_vitb14_l5_k5,42,28.610673086363636,-2.0403513535461495,599402.3125
kNN_dinov2_vitb14_l5_k5,43,28.864666542727274,-2.0257118822352584,610950.375
kNN_dinov2_vitb14_l5_k5,44,28.872480873181818,-2.0252614861182057,471705.34375
kNN_dinov2_vitb14_l5_k5,45,29.867093540909092,-1.9679347981668596,1002654.1875
kNN_dinov2_vitb14_l5_k5,46,30.946254809545454,-1.9057349657057894,445706.5
kNN_dinov2_vitb14_l5_k5,47,31.113843444545456,-1.8960756262517786,495339.25
kNN_dinov2_vitb14_l5_k5,48,31.75240744409091,-1.8592705861324392,421283.84375
kNN_dinov2_vitb14_l5_k5,49,31.962474827272725,-1.8471628906292867,399034.875
kNN_dinov2_vitb14_l5_k5,50,32.10326235227273,-1.8390482920775113,477445.84375
kNN_dinov2_vitb14_l5_k5,51,32.57260997909091,-1.8119964096549876,486938.6875
kNN_dinov2_vitb14_l5_k5,52,33.29309288772727,-1.770469793095747,374704.6875
kNN_dinov2_vitb14_l5_k5,53,33.63066458409091,-1.751013106159651,528352.375
kNN_dinov2_vitb14_l5_k5,54,33.94931614045454,-1.7326469230920152,497378.5
kNN_dinov2_vitb14_l5_k5,55,34.254768114545456,-1.7150415269704833,458168.8125
kNN_dinov2_vitb14_l5_k5,56,35.01583384090909,-1.6711758304824154,528922.1875
kNN_dinov2_vitb14_l5_k5,57,35.61844186090909,-1.6364431923003018,459989.0625
kNN_dinov2_vitb14_l5_k5,58,36.50372615909091,-1.5854178853071164,561081.5
kNN_dinov2_vitb14_l5_k5,59,36.74721518909091,-1.5713838597056917,520177.8125
kNN_dinov2_vitb14_l5_k5,60,37.183868766818186,-1.5462163706866658,533110.4375
kNN_dinov2_vitb14_l5_k5,61,37.586910895,-1.5229861514634166,421640.9375
kNN_dinov2_vitb14_l5_k5,62,37.90925234181818,-1.504407293446501,434059.0625
kNN_dinov2_vitb14_l5_k5,63,39.159607152727276,-1.4323403447746748,504802.1875
kNN_dinov2_vitb14_l5_k5,64,39.16116855045455,-1.4322503501836308,638038.0
kNN_dinov2_vitb14_l5_k5,65,39.50363207727273,-1.4125117118436592,479059.5
kNN_dinov2_vitb14_l5_k5,66,39.72578294681818,-1.3997075580360745,405889.8125
kNN_dinov2_vitb14_l5_k5,67,40.10658689318182,-1.3777590853168278,552494.5
kNN_dinov2_vitb14_l5_k5,68,40.511631334545456,-1.3544134583708745,488268.90625
kNN_dinov2_vitb14_l5_k5,69,41.22542756590909,-1.3132722431581907,540238.9375
kNN_dinov2_vitb14_l5_k5,70,41.450596035,-1.3002941633660317,441055.40625
kNN_dinov2_vitb14_l5_k5,71,41.606778884545456,-1.2912922214345022,383289.53125
kNN_dinov2_vitb14_l5_k5,72,41.74143011090909,-1.283531301946464,458951.15625
kNN_dinov2_vitb14_l5_k5,73,42.27668356454546,-1.2526807922886625,490238.59375
kNN_dinov2_vitb14_l5_k5,74,42.349748590454546,-1.2484695288729066,526843.375
kNN_dinov2_vitb14_l5_k5,75,42.93479045136364,-1.2147493548925703,581673.5
kNN_dinov2_vitb14_l5_k5,76,42.999259720454546,-1.2110335268204517,498198.0625
kNN_dinov2_vitb14_l5_k5,77,43.14833512181818,-1.2024412382919711,533942.5625
kNN_dinov2_vitb14_l5_k5,78,43.849900354999995,-1.1620049835516937,497468.59375
kNN_dinov2_vitb14_l5_k5,79,44.24228326,-1.1393891320928766,419537.34375
kNN_dinov2_vitb14_l5_k5,80,44.68483293727273,-1.113881808412842,511044.15625
kNN_dinov2_vitb14_l5_k5,81,45.014271393181815,-1.0948938986728347,411339.46875
kNN_dinov2_vitb14_l5_k5,82,45.044897863636365,-1.0931286747100122,708503.8125
kNN_dinov2_vitb14_l5_k5,83,45.242849799999995,-1.0817192796223616,413347.15625
kNN_dinov2_vitb14_l5_k5,84,45.34376912590909,-1.0759025723830795,514605.65625
kNN_dinov2_vitb14_l5_k5,85,45.44974382363636,-1.0697944876738517,481998.5
kNN_dinov2_vitb14_l5_k5,86,45.87703164136364,-1.0451668148248472,421774.9375
kNN_dinov2_vitb14_l5_k5,87,46.05975058136364,-1.0346354069752812,538171.8125
kNN_dinov2_vitb14_l5_k5,88,46.3385215,-1.0185678321482947,732624.375
kNN_dinov2_vitb14_l5_k5,89,46.461104443636366,-1.0115024946696791,487941.8125
kNN_dinov2_vitb14_l5_k5,90,46.55172569545454,-1.00627933957292,555312.5625
kNN_dinov2_vitb14_l5_k5,91,46.63784059272727,-1.0013159181284732,423658.1875
kNN_dinov2_vitb14_l5_k5,92,46.92503363227272,-0.9847629158452418,457295.59375
kNN_dinov2_vitb14_l5_k5,93,46.98420985,-0.9813521644262555,447094.65625
kNN_dinov2_vitb14_l5_k5,94,47.05894020545455,-0.9770449160806003,464588.15625
kNN_dinov2_vitb14_l5_k5,95,47.18393024863636,-0.9698408401272126,724496.875
kNN_dinov2_vitb14_l5_k5,96,47.45620903181818,-0.9541474538013544,448730.0625
kNN_dinov2_vitb14_l5_k5,97,47.57944400681818,-0.9470445350614799,446641.75
kNN_dinov2_vitb14_l5_k5,98,47.68605184090909,-0.9408999581458618,340997.03125
kNN_dinov2_vitb14_l5_k5,99,47.85413733318182,-0.9312119812305011,617774.1875
kNN_dinov2_vitb14_l5_k5,100,47.997159330454544,-0.9229685939563709,379191.09375
kNN_dinov2_vitb14_l5_k5,101,48.745656067727275,-0.8798273387898924,439456.15625
kNN_dinov2_vitb14_l5_k5,102,48.974869975454546,-0.8666160912472533,456706.4375
kNN_dinov2_vitb14_l5_k5,103,49.269933079999994,-0.8496094804638982,467558.9375
kNN_dinov2_vitb14_l5_k5,104,49.50143869090909,-0.8362661455696251,428876.4375
kNN_dinov2_vitb14_l5_k5,105,50.02686477227273,-0.8059820581201266,488914.34375
kNN_dinov2_vitb14_l5_k5,106,50.24467801363637,-0.793427913049909,516137.34375
kNN_dinov2_vitb14_l5_k5,107,50.26601576545454,-0.7921980648087251,486727.1875
kNN_dinov2_vitb14_l5_k5,108,50.287720933636365,-0.7909470397175866,502374.5625
kNN_dinov2_vitb14_l5_k5,109,50.397065763181814,-0.7846447100511362,575113.0625
kNN_dinov2_vitb14_l5_k5,110,50.44004938636363,-0.782167254421305,728104.375
kNN_dinov2_vitb14_l5_k5,111,50.53053583909091,-0.7769518687665316,377128.65625
kNN_dinov2_vitb14_l5_k5,112,50.744067415454545,-0.7646445068726515,431521.5
kNN_dinov2_vitb14_l5_k5,113,50.877768575909094,-0.756938346522186,409897.1875
kNN_dinov2_vitb14_l5_k5,114,50.952142585000004,-0.7526516369826949,509775.40625
kNN_dinov2_vitb14_l5_k5,115,51.255980857727266,-0.7351392500872892,511148.84375
kNN_dinov2_vitb14_l5_k5,116,51.47010300409091,-0.7227978493929772,506347.15625
kNN_dinov2_vitb14_l5_k5,117,51.48649149727273,-0.7218532625551946,530576.6875
kNN_dinov2_vitb14_l5_k5,118,51.49088870772727,-0.7215998196625357,478546.9375
kNN_dinov2_vitb14_l5_k5,119,51.669473619090915,-0.7113066856428819,574281.0
kNN_dinov2_vitb14_l5_k5,120,51.78909724363636,-0.7044119150267025,719822.0
kNN_dinov2_vitb14_l5_k5,121,51.85205774272727,-0.7007830482308545,416785.15625
kNN_dinov2_vitb14_l5_k5,122,51.87800455454545,-0.699287546682667,887875.0
kNN_dinov2_vitb14_l5_k5,123,51.92553946363636,-0.6965477676825893,627018.875
kNN_dinov2_vitb14_l5_k5,124,52.00039339090909,-0.6922333970034971,433018.5
kNN_dinov2_vitb14_l5_k5,125,52.126720309090906,-0.6849522673201076,412934.53125
kNN_dinov2_vitb14_l5_k5,126,52.30133809090909,-0.6748877875343021,445819.0625
kNN_dinov2_vitb14_l5_k5,127,52.82782977227273,-0.6445422818858776,484471.0
kNN_dinov2_vitb14_l5_k5,128,52.94948191,-0.637530593452388,479339.0
kNN_dinov2_vitb14_l5_k5,129,52.977303153181815,-0.6359270549312603,555987.125
kNN_dinov2_vitb14_l5_k5,130,53.02329102272727,-0.6332764429568486,588002.5625
kNN_dinov2_vitb14_l5_k5,131,53.11169118954546,-0.6281813049775454,490519.1875
kNN_dinov2_vitb14_l5_k5,132,53.15595768772727,-0.6256299080264427,460912.65625
kNN_dinov2_vitb14_l5_k5,133,53.19575964181818,-0.6233358348901765,435821.0625
kNN_dinov2_vitb14_l5_k5,134,53.738266159999995,-0.5920672789100433,601918.125
kNN_dinov2_vitb14_l5_k5,135,54.35688324090909,-0.5564119233034402,497534.25
kNN_dinov2_vitb14_l5_k5,136,54.43010616227273,-0.5521915592359978,534521.1875
kNN_dinov2_vitb14_l5_k5,137,54.51598353272727,-0.5472418281719658,579148.125
kNN_dinov2_vitb14_l5_k5,138,54.63723127590909,-0.5402534479072425,495922.84375
kNN_dinov2_vitb14_l5_k5,139,54.68535675181818,-0.5374796302901245,475864.90625
kNN_dinov2_vitb14_l5_k5,140,54.72388539863636,-0.5352589470181324,549778.125
kNN_dinov2_vitb14_l5_k5,141,55.23867115454546,-0.5055881381210048,489829.40625
kNN_dinov2_vitb14_l5_k5,142,55.2775563909091,-0.5033469020265294,596576.8125
kNN_dinov2_vitb14_l5_k5,143,55.699695931818184,-0.47901596143141617,526495.875
kNN_dinov2_vitb14_l5_k5,144,55.80372709545455,-0.4730198965827504,587842.125
kNN_dinov2_vitb14_l5_k5,145,55.82518654818182,-0.4717830338420878,654178.125
kNN_dinov2_vitb14_l5_k5,146,56.236087309090905,-0.4480998650428898,525106.125
kNN_dinov2_vitb14_l5_k5,147,56.34353036818182,-0.44190714809799403,500363.3125
kNN_dinov2_vitb14_l5_k5,148,56.343846956363635,-0.44188890084205507,544993.375
kNN_dinov2_vitb14_l5_k5,149,56.418747340909086,-0.4375718524959041,427255.34375
kNN_dinov2_vitb14_l5_k5,150,56.4284854,-0.43701057804920695,763840.625
kNN_dinov2_vitb14_l5_k5,151,56.43083487727272,-0.4368751607608167,521204.6875
kNN_dinov2_vitb14_l5_k5,152,56.73676582727273,-0.41924215780964386,717836.8125
kNN_dinov2_vitb14_l5_k5,153,56.80215198181818,-0.415473483028404,949594.625
kNN_dinov2_vitb14_l5_k5,154,56.838491672272724,-0.41337896506927063,437196.5625
kNN_dinov2_vitb14_l5_k5,155,56.87784920000001,-0.4111105074236286,551892.4375
kNN_dinov2_vitb14_l5_k5,156,56.88495511818182,-0.41070094220549447,533120.0
kNN_dinov2_vitb14_l5_k5,157,56.89427865,-0.4101635599495794,406956.9375
kNN_dinov2_vitb14_l5_k5,158,57.014437336363635,-0.4032379498690725,481965.3125
kNN_dinov2_vitb14_l5_k5,159,57.01605029863636,-0.40314498324207687,562211.6875
kNN_dinov2_vitb14_l5_k5,160,57.06027285454545,-0.40059611900047776,468404.59375
kNN_dinov2_vitb14_l5_k5,161,57.08577673045454,-0.3991261470372903,587322.6875
kNN_dinov2_vitb14_l5_k5,162,57.165035822727276,-0.39455787498782163,823307.875
kNN_dinov2_vitb14_l5_k5,163,57.30280682363637,-0.386617140434433,532765.6875
kNN_dinov2_vitb14_l5_k5,164,57.552973348181816,-0.3721982427531278,434688.09375
kNN_dinov2_vitb14_l5_k5,165,57.715692645,-0.3628195583114009,507726.65625
kNN_dinov2_vitb14_l5_k5,166,57.94736867727273,-0.34946640080713065,502265.4375
kNN_dinov2_vitb14_l5_k5,167,58.01582408181818,-0.3455208230538053,591329.1875
kNN_dinov2_vitb14_l5_k5,168,58.14704098045454,-0.33795784859535755,537071.8125
kNN_dinov2_vitb14_l5_k5,169,58.40466673181818,-0.32310902197584374,605195.625
kNN_dinov2_vitb14_l5_k5,170,58.48494007,-0.3184822916333907,455025.25
kNN_dinov2_vitb14_l5_k5,171,58.90741873181818,-0.2941318050590592,444065.84375
kNN_dinov2_vitb14_l5_k5,172,58.92814133636364,-0.29293741218345776,505832.0
kNN_dinov2_vitb14_l5_k5,173,58.959711454090915,-0.29111779903528184,470180.75
kNN_dinov2_vitb14_l5_k5,174,59.080638213636355,-0.2841479193681854,542199.625
kNN_dinov2_vitb14_l5_k5,175,59.15176404636364,-0.2800484256151513,397254.78125
kNN_dinov2_vitb14_l5_k5,176,59.165360129545455,-0.27926478546736844,395052.6875
kNN_dinov2_vitb14_l5_k5,177,59.343238913181814,-0.26901235067183393,447947.65625
kNN_dinov2_vitb14_l5_k5,178,59.52943686818182,-0.2582804221434605,725250.1875
kNN_dinov2_vitb14_l5_k5,179,59.53394987363636,-0.2580203051513792,693612.375
kNN_dinov2_vitb14_l5_k5,180,59.61907620909091,-0.2531138616408659,548495.875
kNN_dinov2_vitb14_l5_k5,181,59.64024705,-0.25189363367691286,571577.9375
kNN_dinov2_vitb14_l5_k5,182,59.81487126545455,-0.2418287830743299,561463.5625
kNN_dinov2_vitb14_l5_k5,183,59.821444613636366,-0.241449913699103,516736.59375
kNN_dinov2_vitb14_l5_k5,184,59.82249576181818,-0.241389328462493,649308.625
kNN_dinov2_vitb14_l5_k5,185,60.13491826227273,-0.22338217072795283,702410.5625
kNN_dinov2_vitb14_l5_k5,186,60.66603184545455,-0.19277027160609897,444893.65625
kNN_dinov2_vitb14_l5_k5,187,60.91525143409091,-0.1784059526579342,683523.9375
kNN_dinov2_vitb14_l5_k5,188,60.98922430909091,-0.17414236336374334,511152.40625
kNN_dinov2_vitb14_l5_k5,189,61.15445065909091,-0.16461917939964438,430569.5
kNN_dinov2_vitb14_l5_k5,190,61.257236485,-0.15869489232900422,495094.9375
kNN_dinov2_vitb14_l5_k5,191,61.38288141818182,-0.1514530703505647,455888.0
kNN_dinov2_vitb14_l5_k5,192,61.41676890772727,-0.14949989038246164,429784.90625
kNN_dinov2_vitb14_l5_k5,193,61.450913154545454,-0.1475319116444142,656092.125
kNN_dinov2_vitb14_l5_k5,194,61.557454278181815,-0.14139117973251966,487940.0625
kNN_dinov2_vitb14_l5_k5,195,61.612018317727276,-0.1382462613438015,476302.4375
kNN_dinov2_vitb14_l5_k5,196,61.66026577136363,-0.13546541327218128,520262.65625
kNN_dinov2_vitb14_l5_k5,197,61.784896459090916,-0.12828204956052722,658619.875
kNN_dinov2_vitb14_l5_k5,198,61.80260090454545,-0.12726161492013313,523215.1875
kNN_dinov2_vitb14_l5_k5,199,62.04634134636364,-0.11321309864578996,570742.9375
kNN_dinov2_vitb14_l5_k5,200,62.140166177272725,-0.1078052982244427,516208.3125
kNN_dinov2_vitb14_l5_k5,201,62.30800517363637,-0.0981315286427709,631213.9375
kNN_dinov2_vitb14_l5_k5,202,62.48285368636363,-0.08805375017371433,462341.90625
kNN_dinov2_vitb14_l5_k5,203,62.50087945,-0.08701479565343062,532137.625
kNN_dinov2_vitb14_l5_k5,204,62.515273900000004,-0.08618513987871876,438159.34375
kNN_dinov2_vitb14_l5_k5,205,62.56153540454545,-0.08351875634944335,441511.4375
kNN_dinov2_vitb14_l5_k5,206,62.62842450590909,-0.07966345592382028,609297.375
kNN_dinov2_vitb14_l5_k5,207,62.64787497272727,-0.07854238550316901,483525.90625
kNN_dinov2_vitb14_l5_k5,208,62.80573838590909,-0.06944358059141646,583134.0
kNN_dinov2_vitb14_l5_k5,209,62.831736559090906,-0.06794511871810778,422096.6875
kNN_dinov2_vitb14_l5_k5,210,63.033077886363635,-0.05634036863318487,808473.75
kNN_dinov2_vitb14_l5_k5,211,63.2958711590909,-0.041193700558090865,734358.3125
kNN_dinov2_vitb14_l5_k5,212,63.30556153181818,-0.04063517461980955,785185.75
kNN_dinov2_vitb14_l5_k5,213,63.451246159090914,-0.0322383208113255,558575.8125
kNN_dinov2_vitb14_l5_k5,214,63.51674641363636,-0.02846306962571502,512828.09375
kNN_dinov2_vitb14_l5_k5,215,63.52993807136364,-0.027702739428211564,486508.40625
kNN_dinov2_vitb14_l5_k5,216,63.601648069090906,-0.02356957604100441,432070.4375
kNN_dinov2_vitb14_l5_k5,217,63.632569839545454,-0.021787331813408223,827492.8125
kNN_dinov2_vitb14_l5_k5,218,63.65115097727273,-0.02071636708629849,683262.125
kNN_dinov2_vitb14_l5_k5,219,63.71100458181818,-0.017266572988681755,478635.4375
kNN_dinov2_vitb14_l5_k5,220,63.89873966363636,-0.006446048776474242,421083.4375
kNN_dinov2_vitb14_l5_k5,221,63.92419218818182,-0.004979036562035517,371085.9375
kNN_dinov2_vitb14_l5_k5,222,63.96103896818182,-0.002855291382016408,603916.625
kNN_dinov2_vitb14_l5_k5,223,63.99746849090909,-0.0007555957423308915,609758.9375
kNN_dinov2_vitb14_l5_k5,224,64.02118780454545,0.000611519050564863,687935.0
kNN_dinov2_vitb14_l5_k5,225,64.02835174090909,0.0010244282741725598,437372.6875
kNN_dinov2_vitb14_l5_k5,226,64.1043883409091,0.005406964896234798,617231.625
kNN_dinov2_vitb14_l5_k5,227,64.15682117727273,0.008429046703709133,423768.84375
kNN_dinov2_vitb14_l5_k5,228,64.23845857272727,0.01313439748621699,566826.875
kNN_dinov2_vitb14_l5_k5,229,64.25370258636363,0.014013019729039077,484699.8125
kNN_dinov2_vitb14_l5_k5,230,64.32671434181817,0.01822121278502206,503243.15625
kNN_dinov2_vitb14_l5_k5,231,64.40631527727272,0.022809187717882526,584456.3125
kNN_dinov2_vitb14_l5_k5,232,64.56676404090909,0.032057004987472486,779102.5
kNN_dinov2_vitb14_l5_k5,233,64.70266141363636,0.0398897488610707,636638.125
kNN_dinov2_vitb14_l5_k5,234,64.83579067045456,0.047562946288015,551760.8125
kNN_dinov2_vitb14_l5_k5,235,64.88276691590909,0.05027052548108044,778006.1875
kNN_dinov2_vitb14_l5_k5,236,64.91428311818181,0.05208703109348984,453591.0625
kNN_dinov2_vitb14_l5_k5,237,64.99876317727272,0.056956225044821694,646692.1875
kNN_dinov2_vitb14_l5_k5,238,65.11283459954545,0.06353098227543044,517659.34375
kNN_dinov2_vitb14_l5_k5,239,65.12859398045454,0.06443930884414997,471179.1875
kNN_dinov2_vitb14_l5_k5,240,65.15700578272727,0.06607688553694015,591746.125
kNN_dinov2_vitb14_l5_k5,241,65.26560826818182,0.07233642856952589,592281.75
kNN_dinov2_vitb14_l5_k5,242,65.49862164545455,0.08576666689328061,465938.3125
kNN_dinov2_vitb14_l5_k5,243,65.58085287863636,0.09050624481886647,442328.09375
kNN_dinov2_vitb14_l5_k5,244,65.74797291818182,0.10013857574355729,442794.6875
kNN_dinov2_vitb14_l5_k5,245,65.77319434545456,0.10159226815857124,612584.875
kNN_dinov2_vitb14_l5_k5,246,65.79643795909091,0.10293196493604907,444564.90625
kNN_dinov2_vitb14_l5_k5,247,65.90152255454545,0.10898874664372764,554673.125
kNN_dinov2_vitb14_l5_k5,248,66.06104215454546,0.11818300952419154,476118.6875
kNN_dinov2_vitb14_l5_k5,249,66.34667021363636,0.13464581071801482,559362.125
kNN_dinov2_vitb14_l5_k5,250,66.41367993636364,0.13850806342114064,546782.0
kNN_dinov2_vitb14_l5_k5,251,66.49486482500001,0.14318733297826053,584310.1875
kNN_dinov2_vitb14_l5_k5,252,66.57540134545455,0.14782923240965884,436055.34375
kNN_dinov2_vitb14_l5_k5,253,66.64770191772728,0.15199643485928482,750937.125
kNN_dinov2_vitb14_l5_k5,254,66.69631712272727,0.15479847908932004,554317.8125
kNN_dinov2_vitb14_l5_k5,255,66.69915260454546,0.15496190831826281,658470.375
kNN_dinov2_vitb14_l5_k5,256,66.84640655909091,0.16344921375457688,537536.75
kNN_dinov2_vitb14_l5_k5,257,66.92138232272727,0.1677706067403678,479040.5
kNN_dinov2_vitb14_l5_k5,258,67.1600262,0.1815253713113582,404559.25
kNN_dinov2_vitb14_l5_k5,259,67.24224864545455,0.1862644427369615,585957.1875
kNN_dinov2_vitb14_l5_k5,260,67.33497136227273,0.19160872038946963,1322581.75
kNN_dinov2_vitb14_l5_k5,261,67.50431248636363,0.20136906840541843,622417.875
kNN_dinov2_vitb14_l5_k5,262,67.65232870272727,0.20990030847760313,583203.0625
kNN_dinov2_vitb14_l5_k5,263,67.78208407272727,0.2173790445196429,461843.59375
kNN_dinov2_vitb14_l5_k5,264,67.84529925,0.2210225902524589,518767.75
kNN_dinov2_vitb14_l5_k5,265,67.89158320909091,0.22369026799883285,580108.8125
kNN_dinov2_vitb14_l5_k5,266,67.98637594090908,0.22915385551719142,642202.375
kNN_dinov2_vitb14_l5_k5,267,68.0851692090909,0.234848022744816,518540.3125
kNN_dinov2_vitb14_l5_k5,268,68.12695885,0.23725666058115907,516205.1875
kNN_dinov2_vitb14_l5_k5,269,68.2302839,0.24321202701786718,705423.625
kNN_dinov2_vitb14_l5_k5,270,68.23565684545454,0.24352170854259156,575284.125
kNN_dinov2_vitb14_l5_k5,271,68.26595938409092,0.24526826198284749,544903.8125
kNN_dinov2_vitb14_l5_k5,272,68.27114585318182,0.2455671955323495,545332.625
kNN_dinov2_vitb14_l5_k5,273,68.32032611363637,0.24840180797589106,500790.59375
kNN_dinov2_vitb14_l5_k5,274,68.38830778636363,0.25232008115428434,633242.0
kNN_dinov2_vitb14_l5_k5,275,68.41746199090909,0.2540004478343775,422407.1875
kNN_dinov2_vitb14_l5_k5,276,68.46063733181818,0.256488953536948,556131.625
kNN_dinov2_vitb14_l5_k5,277,68.46664887727273,0.256835442176758,525882.3125
kNN_dinov2_vitb14_l5_k5,278,68.47213741363636,0.2571517860376766,770321.8125
kNN_dinov2_vitb14_l5_k5,279,68.93374281227273,0.283757428116166,462983.09375
kNN_dinov2_vitb14_l5_k5,280,69.04567613727274,0.29020895140944425,548571.625
kNN_dinov2_vitb14_l5_k5,281,69.05974111818182,0.2910196175086998,530845.4375
kNN_dinov2_vitb14_l5_k5,282,69.09219679545454,0.2928902718283501,610146.25
kNN_dinov2_vitb14_l5_k5,283,69.09712682727273,0.29317442505181285,491785.59375
kNN_dinov2_vitb14_l5_k5,284,69.10091421363637,0.29339271939217726,443990.5
kNN_dinov2_vitb14_l5_k5,285,69.10780212727273,0.2937897194390094,441795.90625
kNN_dinov2_vitb14_l5_k5,286,69.12065298636364,0.2945304069577943,609241.875
kNN_dinov2_vitb14_l5_k5,287,69.18059698636364,0.2979854111961857,479132.90625
kNN_dinov2_vitb14_l5_k5,288,69.23367816363636,0.30104486155745686,690200.8125
kNN_dinov2_vitb14_l5_k5,289,69.2644266,0.3028171152936152,568257.125
kNN_dinov2_vitb14_l5_k5,290,69.35791935818182,0.30820577597320115,508186.5
kNN_dinov2_vitb14_l5_k5,291,69.61843814545455,0.32322134907823014,574014.3125
kNN_dinov2_vitb14_l5_k5,292,69.80519480454545,0.33398547974530074,625838.3125
kNN_dinov2_vitb14_l5_k5,293,69.8553488,0.33687621554651076,707882.75
kNN_dinov2_vitb14_l5_k5,294,69.88728480909091,0.3387169176479122,938972.8125
kNN_dinov2_vitb14_l5_k5,295,69.97248817863637,0.3436278011876287,630162.375
kNN_dinov2_vitb14_l5_k5,296,70.05721009181819,0.3485109349312532,488806.6875
kNN_dinov2_vitb14_l5_k5,297,70.14929492727272,0.35381844688886305,499851.84375
kNN_dinov2_vitb14_l5_k5,298,70.15787111818182,0.35431275450831085,521798.09375
kNN_dinov2_vitb14_l5_k5,299,70.16147875909091,0.3545206888241977,586203.8125
kNN_dinov2_vitb14_l5_k5,300,70.20511073181818,0.3570355135056018,694578.3125
kNN_dinov2_vitb14_l5_k5,301,70.32331571818182,0.3638485177910241,468663.0
kNN_dinov2_vitb14_l5_k5,302,70.37705808636363,0.36694607734409634,628732.5625
kNN_dinov2_vitb14_l5_k5,303,70.399005675,0.36821107487114013,511794.4375
kNN_dinov2_vitb14_l5_k5,304,70.50181075318181,0.37413647158884883,543873.1875
kNN_dinov2_vitb14_l5_k5,305,70.6102672090909,0.38038759788750787,608511.125
kNN_dinov2_vitb14_l5_k5,306,70.7436578590909,0.38807586128520843,642403.125
kNN_dinov2_vitb14_l5_k5,307,70.83137117272727,0.39313141097119886,758862.8125
kNN_dinov2_vitb14_l5_k5,308,70.8352099,0.39335266445774103,477707.84375
kNN_dinov2_vitb14_l5_k5,309,70.84563281363636,0.3939534120019492,553181.8125
kNN_dinov2_vitb14_l5_k5,310,70.86294127272727,0.394951023097624,468716.09375
kNN_dinov2_vitb14_l5_k5,311,70.88488886772727,0.3962160209914498,450139.0
kNN_dinov2_vitb14_l5_k5,312,70.94146290454545,0.3994767899923458,406645.125
kNN_dinov2_vitb14_l5_k5,313,71.03486937272727,0.4048604771580567,664454.0
kNN_dinov2_vitb14_l5_k5,314,71.06114357272727,0.4063748484439294,458124.8125
kNN_dinov2_vitb14_l5_k5,315,71.16676672727273,0.41246267118893826,743358.4375
kNN_dinov2_vitb14_l5_k5,316,71.17873871818182,0.41315270320770386,539224.0625
kNN_dinov2_vitb14_l5_k5,317,71.2066498259091,0.4147614212694939,483225.09375
kNN_dinov2_vitb14_l5_k5,318,71.25545576818182,0.4175744590616155,630788.6875
kNN_dinov2_vitb14_l5_k5,319,71.3174982909091,0.4211504162713988,528091.0
kNN_dinov2_vitb14_l5_k5,320,71.36296618181818,0.4237710581338302,460121.25
kNN_dinov2_vitb14_l5_k5,321,71.46931471818182,0.4299006898548213,683424.125
kNN_dinov2_vitb14_l5_k5,322,71.72297334090909,0.4445208622928842,504800.34375
kNN_dinov2_vitb14_l5_k5,323,71.90808025909091,0.45518990651538743,525119.5
kNN_dinov2_vitb14_l5_k5,324,71.99829709090909,0.46038975197625187,478189.0625
kNN_dinov2_vitb14_l5_k5,325,72.09644175681818,0.46604653558581094,520950.90625
kNN_dinov2_vitb14_l5_k5,326,72.15469048045455,0.4694038288435938,609851.8125
kNN_dinov2_vitb14_l5_k5,327,72.16259906363636,0.4698596574238161,547430.0
kNN_dinov2_vitb14_l5_k5,328,72.25012620454545,0.47490447663533314,498986.09375
kNN_dinov2_vitb14_l5_k5,329,72.32991709090909,0.4795033998064825,572157.9375
kNN_dinov2_vitb14_l5_k5,330,72.3529890590909,0.4808332034207922,488472.6875
kNN_dinov2_vitb14_l5_k5,331,72.35690482818183,0.48105889738191765,474725.1875
kNN_dinov2_vitb14_l5_k5,332,72.45495321363636,0.48671013165578725,567380.1875
kNN_dinov2_vitb14_l5_k5,333,72.62635492727273,0.49658924628079065,481293.65625
kNN_dinov2_vitb14_l5_k5,334,72.63195748181819,0.49691216183031,451029.09375
kNN_dinov2_vitb14_l5_k5,335,72.83995069636363,0.5089003080636467,511802.0
kNN_dinov2_vitb14_l5_k5,336,72.89617321363636,0.5121408164626576,469740.5
kNN_dinov2_vitb14_l5_k5,337,73.03390340545455,0.5200791988943657,639766.375
kNN_dinov2_vitb14_l5_k5,338,73.11911989545455,0.5249908386603275,574028.75
kNN_dinov2_vitb14_l5_k5,339,73.13833258181818,0.5260982040816745,453842.0
kNN_dinov2_vitb14_l5_k5,340,73.33471177272727,0.5374169505270702,429834.8125
kNN_dinov2_vitb14_l5_k5,341,73.33981687045456,0.5377111940591194,494193.5
kNN_dinov2_vitb14_l5_k5,342,73.39854528636364,0.541096135435736,521292.1875
kNN_dinov2_vitb14_l5_k5,343,73.41015931818183,0.5417655356952554,632952.125
kNN_dinov2_vitb14_l5_k5,344,73.44266513181819,0.5436390797344586,573661.5625
kNN_dinov2_vitb14_l5_k5,345,73.44619574090909,0.5438425741521346,466636.5
kNN_dinov2_vitb14_l5_k5,346,73.46868897499999,0.5451390211546568,580780.875
kNN_dinov2_vitb14_l5_k5,347,73.50964273636363,0.5474994812355564,552075.125
kNN_dinov2_vitb14_l5_k5,348,73.53120189545454,0.548742090771711,923020.375
kNN_dinov2_vitb14_l5_k5,349,73.63946159545455,0.5549818766109442,761665.625
kNN_dinov2_vitb14_l5_k5,350,73.76844457272728,0.562416094099894,490370.0625
kNN_dinov2_vitb14_l5_k5,351,73.80118299272728,0.5643030449182952,610092.1875
kNN_dinov2_vitb14_l5_k5,352,73.90576145,0.5703306542390226,836795.0
kNN_dinov2_vitb14_l5_k5,353,73.96756481363637,0.5738928269887642,472094.1875
kNN_dinov2_vitb14_l5_k5,354,74.00717849454546,0.5761760485862414,546703.6875
kNN_dinov2_vitb14_l5_k5,355,74.01135728181818,0.5764169021785707,824093.8125
kNN_dinov2_vitb14_l5_k5,356,74.05095793636363,0.5786993729729389,462936.5
kNN_dinov2_vitb14_l5_k5,357,74.05302495909092,0.5788185103725725,394575.84375
kNN_dinov2_vitb14_l5_k5,358,74.20412883636364,0.5875277145700669,441388.75
kNN_dinov2_vitb14_l5_k5,359,74.32802774090909,0.5946689003490705,716283.875
kNN_dinov2_vitb14_l5_k5,360,74.38583995454546,0.5980010343932524,481271.9375
kNN_dinov2_vitb14_l5_k5,361,74.46433656818182,0.602525359310058,462028.1875
kNN_dinov2_vitb14_l5_k5,362,74.52572066363636,0.6060633666162982,468217.5
kNN_dinov2_vitb14_l5_k5,363,74.86437946363637,0.625582711160682,866316.125
kNN_dinov2_vitb14_l5_k5,364,74.89747095909091,0.6274900122592099,669255.25
kNN_dinov2_vitb14_l5_k5,365,74.9084351090909,0.6281219551512479,573483.125
kNN_dinov2_vitb14_l5_k5,366,75.02020153181819,0.634563858665071,449272.1875
kNN_dinov2_vitb14_l5_k5,367,75.04613550454546,0.6360586202040249,475606.75
kNN_dinov2_vitb14_l5_k5,368,75.04910765454545,0.6362299266041167,535463.9375
kNN_dinov2_vitb14_l5_k5,369,75.04911406363637,0.6362302960061632,551676.375
kNN_dinov2_vitb14_l5_k5,370,75.14242499545455,0.6416084767235004,448311.5
kNN_dinov2_vitb14_l5_k5,371,75.14524949545454,0.6417712729912052,474561.1875
kNN_dinov2_vitb14_l5_k5,372,75.21942449545455,0.6460465122041826,535518.6875
kNN_dinov2_vitb14_l5_k5,373,75.2494860690909,0.6477791770968547,466322.25
kNN_dinov2_vitb14_l5_k5,374,75.29101026818182,0.6501725156103826,495415.34375
kNN_dinov2_vitb14_l5_k5,375,75.30463428181818,0.6509577655913236,465714.15625
kNN_dinov2_vitb14_l5_k5,376,75.35053226363635,0.6536031966889378,578651.9375
kNN_dinov2_vitb14_l5_k5,377,75.358434425,0.6540586551335503,420295.34375
kNN_dinov2_vitb14_l5_k5,378,75.4765098,0.6608641889830542,521447.65625
kNN_dinov2_vitb14_l5_k5,379,75.48288537727272,0.661231659397098,594197.0
kNN_dinov2_vitb14_l5_k5,380,75.54217925454545,0.664649192382683,580736.125
kNN_dinov2_vitb14_l5_k5,381,75.65154605454546,0.6709527883645888,530787.375
kNN_dinov2_vitb14_l5_k5,382,75.68111334545455,0.672656964185499,702523.375
kNN_dinov2_vitb14_l5_k5,383,75.77031593636364,0.677798351641565,690207.875
kNN_dinov2_vitb14_l5_k5,384,75.78166525454546,0.6784524945486285,563785.125
kNN_dinov2_vitb14_l5_k5,385,75.79512009954546,0.6792279941232632,568371.6875
kNN_dinov2_vitb14_l5_k5,386,75.84170493636363,0.6819130136189849,537263.8125
kNN_dinov2_vitb14_l5_k5,387,75.84312428636363,0.6819948209769487,423068.0
kNN_dinov2_vitb14_l5_k5,388,76.02107943636364,0.6922516573157579,488885.8125
kNN_dinov2_vitb14_l5_k5,389,76.07231828181818,0.6952049208319687,505562.25
kNN_dinov2_vitb14_l5_k5,390,76.16321556363636,0.7004439855246826,567528.75
kNN_dinov2_vitb14_l5_k5,391,76.19598609272727,0.7023327870211363,557658.5
kNN_dinov2_vitb14_l5_k5,392,76.26727722727273,0.7064418083079089,405892.78125
kNN_dinov2_vitb14_l5_k5,393,76.28929185454545,0.7077106697541566,646691.0625
kNN_dinov2_vitb14_l5_k5,394,76.28997104545455,0.707749816415534,485399.09375
kNN_dinov2_vitb14_l5_k5,395,76.32376224090909,0.7096974462619865,535337.5
kNN_dinov2_vitb14_l5_k5,396,76.35414479090909,0.7114486113331051,509614.59375
kNN_dinov2_vitb14_l5_k5,397,76.39021483181818,0.71352758744781,489243.15625
kNN_dinov2_vitb14_l5_k5,398,76.45241142272727,0.7171124247159999,440880.5
kNN_dinov2_vitb14_l5_k5,399,76.51437691681818,0.7206839422109638,521270.90625
kNN_dinov2_vitb14_l5_k5,400,76.5471795409091,0.7225745935733101,589605.125
kNN_dinov2_vitb14_l5_k5,401,76.59774437272728,0.7254890088316404,558852.8125
kNN_dinov2_vitb14_l5_k5,402,76.63823088636364,0.7278225380624447,419941.4375
kNN_dinov2_vitb14_l5_k5,403,76.64452179545455,0.7281851284396704,604600.125
kNN_dinov2_vitb14_l5_k5,404,76.67493643727272,0.7299381431932893,410983.0625
kNN_dinov2_vitb14_l5_k5,405,76.67586082272727,0.7299914221814013,541900.5625
kNN_dinov2_vitb14_l5_k5,406,76.81212329090908,0.7378452091342544,644900.875
kNN_dinov2_vitb14_l5_k5,407,76.90558185454546,0.7432318989360301,739424.3125
kNN_dinov2_vitb14_l5_k5,408,76.91644974545454,0.7438582937237196,571108.375
kNN_dinov2_vitb14_l5_k5,409,76.98329391227273,0.7477110042480184,521943.1875
kNN_dinov2_vitb14_l5_k5,410,77.11547369545454,0.7553294766743298,536470.3125
kNN_dinov2_vitb14_l5_k5,411,77.14402031818182,0.7569748240404465,531536.875
kNN_dinov2_vitb14_l5_k5,412,77.17084656363636,0.7585210136798696,431904.34375
kNN_dinov2_vitb14_l5_k5,413,77.25877326818183,0.7635888626200866,762934.3125
kNN_dinov2_vitb14_l5_k5,414,77.34552212272727,0.7685888235858233,395256.25
kNN_dinov2_vitb14_l5_k5,415,77.52582683636363,0.7789810821907805,441208.75
kNN_dinov2_vitb14_l5_k5,416,77.65479755863636,0.7864145933358604,949904.5
kNN_dinov2_vitb14_l5_k5,417,77.69959142727272,0.7889963864426363,666058.375
kNN_dinov2_vitb14_l5_k5,418,77.72501827727272,0.7904619188481973,441760.59375
kNN_dinov2_vitb14_l5_k5,419,77.83570625,0.7968416635250904,681850.6875
kNN_dinov2_vitb14_l5_k5,420,77.9733424409091,0.8047746280077235,494318.90625
kNN_dinov2_vitb14_l5_k5,421,78.0566007590909,0.8095734042355274,550549.125
kNN_dinov2_vitb14_l5_k5,422,78.20425748181819,0.818083924101565,566733.625
kNN_dinov2_vitb14_l5_k5,423,78.23482706363636,0.8198458691627494,400579.75
kNN_dinov2_vitb14_l5_k5,424,78.25971381363637,0.8212802717172971,540491.625
kNN_dinov2_vitb14_l5_k5,425,78.3483194,0.8263872495037559,392756.6875
kNN_dinov2_vitb14_l5_k5,426,78.4185978909091,0.8304379048480556,427632.34375
kNN_dinov2_vitb14_l5_k5,427,78.53980069090909,0.837423694713678,517531.8125
kNN_dinov2_vitb14_l5_k5,428,78.54177141363635,0.8375372816510761,617655.3125
kNN_dinov2_vitb14_l5_k5,429,78.57485005,0.8394438415876266,470053.75
kNN_dinov2_vitb14_l5_k5,430,78.5853263609091,0.8400476668010531,449073.9375
kNN_dinov2_vitb14_l5_k5,431,78.61859467727272,0.8419651593614511,618400.875
kNN_dinov2_vitb14_l5_k5,432,78.63007529545455,0.8426268700327033,672112.375
kNN_dinov2_vitb14_l5_k5,433,78.86957993181818,0.8564312463464417,501726.0625
kNN_dinov2_vitb14_l5_k5,434,79.22077921818182,0.8766733893950602,490340.5625
kNN_dinov2_vitb14_l5_k5,435,79.25695136818182,0.8787582507917258,646555.375
kNN_dinov2_vitb14_l5_k5,436,79.28284742727273,0.8802508270948876,584324.875
kNN_dinov2_vitb14_l5_k5,437,79.36729972727272,0.8851184210899811,540914.1875
kNN_dinov2_vitb14_l5_k5,438,79.46781420454546,0.8909117939879693,687087.875
kNN_dinov2_vitb14_l5_k5,439,79.51125251363636,0.8934154564398847,617308.75
kNN_dinov2_vitb14_l5_k5,440,79.62850745318183,0.9001737026880812,531004.5625
kNN_dinov2_vitb14_l5_k5,441,79.6499864090909,0.9014116895375086,492853.65625
kNN_dinov2_vitb14_l5_k5,442,79.75645692727272,0.9075483519487911,451744.09375
kNN_dinov2_vitb14_l5_k5,443,79.91532173636364,0.9167048745155257,620724.6875
kNN_dinov2_vitb14_l5_k5,444,79.94757872272727,0.9185640768477706,528506.1875
kNN_dinov2_vitb14_l5_k5,445,80.02392345454545,0.9229643733246603,539377.875
kNN_dinov2_vitb14_l5_k5,446,80.13685939999999,0.9294736848522888,525404.5
kNN_dinov2_vitb14_l5_k5,447,80.28660759545454,0.9381047513474663,594828.0
kNN_dinov2_vitb14_l5_k5,448,80.40461357272727,0.9449062853063745,577170.8125
kNN_dinov2_vitb14_l5_k5,449,80.43965011363636,0.9469256933762311,671549.375
kNN_dinov2_vitb14_l5_k5,450,80.56802326363636,0.954324762129495,720843.375
kNN_dinov2_vitb14_l5_k5,451,80.69563893636364,0.9616801720146861,404549.65625
kNN_dinov2_vitb14_l5_k5,452,80.83871870454546,0.9699268890421825,951107.875
kNN_dinov2_vitb14_l5_k5,453,80.88731798181819,0.9727280152426367,441297.0
kNN_dinov2_vitb14_l5_k5,454,80.98601989090909,0.9784169167881859,421842.0625
kNN_dinov2_vitb14_l5_k5,455,81.02786977272727,0.9808290267417757,438123.6875
kNN_dinov2_vitb14_l5_k5,456,81.46314962272727,1.0059173379428359,608882.875
kNN_dinov2_vitb14_l5_k5,457,81.49191450454545,1.0075752651515413,466846.84375
kNN_dinov2_vitb14_l5_k5,458,81.53910919545454,1.0102954349286748,411104.0625
kNN_dinov2_vitb14_l5_k5,459,81.65584415909092,1.0170237112220841,851509.8125
kNN_dinov2_vitb14_l5_k5,460,81.66778405000001,1.017711893086772,525765.25
kNN_dinov2_vitb14_l5_k5,461,82.0783984909091,1.0413785592032403,714719.1875
kNN_dinov2_vitb14_l5_k5,462,82.11143467727273,1.0432826724407058,463049.5625
kNN_dinov2_vitb14_l5_k5,463,82.15394328181819,1.0457327493270108,558136.9375
kNN_dinov2_vitb14_l5_k5,464,82.87086985,1.0870543883848574,376781.59375
kNN_dinov2_vitb14_l5_k5,465,83.04785639090909,1.0972553968090384,481205.59375
kNN_dinov2_vitb14_l5_k5,466,83.2706767,1.1100981352367167,461956.90625
kNN_dinov2_vitb14_l5_k5,467,83.28013232272727,1.1106431308426048,503292.59375
kNN_dinov2_vitb14_l5_k5,468,83.32162666818182,1.113034748676162,477664.3125
kNN_dinov2_vitb14_l5_k5,469,83.35334443181819,1.1148628717209361,579264.625
kNN_dinov2_vitb14_l5_k5,470,83.45792123636365,1.1208903857830939,487370.25
kNN_dinov2_vitb14_l5_k5,471,84.18152392727274,1.1625968178530641,445828.6875
kNN_dinov2_vitb14_l5_k5,472,84.62887205909091,1.188380711011149,433883.90625
kNN_dinov2_vitb14_l5_k5,473,85.11071750454545,1.2161529326896323,356684.375
kNN_dinov2_vitb14_l5_k5,474,85.12217595454545,1.2168133656489846,426978.4375
kNN_dinov2_vitb14_l5_k5,475,85.54109655454546,1.2409587755073437,532459.1875
kNN_dinov2_vitb14_l5_k5,476,85.8163718359091,1.256824871594287,990774.1875
kNN_dinov2_vitb14_l5_k5,477,86.0069106,1.2678069921987163,602883.625
kNN_dinov2_vitb14_l5_k5,478,86.07828567272726,1.2719208514471514,703799.375
kNN_dinov2_vitb14_l5_k5,479,86.46879091363637,1.2944284796076844,529067.625
kNN_dinov2_vitb14_l5_k5,480,87.81027129545454,1.371747650915916,629740.625
kNN_dinov2_vitb14_l5_k10,1,10.383351573636363,-3.0909231051976005,550170.875
kNN_dinov2_vitb14_l5_k10,2,11.237612673636363,-3.0416858884420805,653246.625
kNN_dinov2_vitb14_l5_k10,3,12.873956289545454,-2.9473716263235947,667480.625
kNN_dinov2_vitb14_l5_k10,4,13.852077771363637,-2.8909954441311574,450135.84375
kNN_dinov2_vitb14_l5_k10,5,14.772021149545454,-2.8379724848575316,454043.40625
kNN_dinov2_vitb14_l5_k10,6,15.774696462272727,-2.780181088634338,965982.125
kNN_dinov2_vitb14_l5_k10,7,16.11136225,-2.760776615734313,727063.875
kNN_dinov2_vitb14_l5_k10,8,16.718538883636366,-2.7257806554602935,482400.0625
kNN_dinov2_vitb14_l5_k10,9,16.83383592,-2.719135257266808,400103.15625
kNN_dinov2_vitb14_l5_k10,10,16.977602550909094,-2.710848951395825,415372.0625
kNN_dinov2_vitb14_l5_k10,11,17.128398308636363,-2.702157506345793,516853.6875
kNN_dinov2_vitb14_l5_k10,12,17.49981897681818,-2.680749859495494,516003.0
kNN_dinov2_vitb14_l5_k10,13,18.01987185318182,-2.650775468530193,466215.34375
kNN_dinov2_vitb14_l5_k10,14,18.22368484818182,-2.639028258441373,614553.4375
kNN_dinov2_vitb14_l5_k10,15,18.40435578590909,-2.628614891705722,510245.5625
kNN_dinov2_vitb14_l5_k10,16,18.964998386363636,-2.5963010227481416,512496.5
kNN_dinov2_vitb14_l5_k10,17,19.531784013636365,-2.563633086933271,444095.09375
kNN_dinov2_vitb14_l5_k10,18,21.457911477272727,-2.4526164956056054,538223.375
kNN_dinov2_vitb14_l5_k10,19,22.164942098181818,-2.411865231226962,522343.90625
kNN_dinov2_vitb14_l5_k10,20,22.207954510454545,-2.4093861162745784,743494.625
kNN_dinov2_vitb14_l5_k10,21,22.336504287727273,-2.401976867220102,414340.09375
kNN_dinov2_vitb14_l5_k10,22,22.775860404545455,-2.376653611418521,526490.125
kNN_dinov2_vitb14_l5_k10,23,23.03693973772727,-2.361605730017554,463402.40625
kNN_dinov2_vitb14_l5_k10,24,23.073138160909092,-2.359519354308287,524339.5625
kNN_dinov2_vitb14_l5_k10,25,23.859046570909094,-2.314221795127428,658542.375
kNN_dinov2_vitb14_l5_k10,26,24.108436355454547,-2.299847666563835,448656.40625
kNN_dinov2_vitb14_l5_k10,27,24.136628927727273,-2.2982227256741137,516910.5625
kNN_dinov2_vitb14_l5_k10,28,24.706419758636365,-2.2653815783401448,586275.25
kNN_dinov2_vitb14_l5_k10,29,25.160939161363636,-2.2391843532157982,555544.25
kNN_dinov2_vitb14_l5_k10,30,25.272293834545454,-2.2327661817923388,404118.875
kNN_dinov2_vitb14_l5_k10,31,25.739496508636364,-2.205837928436342,526456.875
kNN_dinov2_vitb14_l5_k10,32,26.08368123090909,-2.1860000852119685,463275.25
kNN_dinov2_vitb14_l5_k10,33,26.26193154681818,-2.175726236337011,497129.0
kNN_dinov2_vitb14_l5_k10,34,26.29922768272727,-2.1735765915411758,477173.75
kNN_dinov2_vitb14_l5_k10,35,26.647243233181822,-2.153517950111732,771907.875
kNN_dinov2_vitb14_l5_k10,36,26.80277036,-2.144553802201322,422261.25
kNN_dinov2_vitb14_l5_k10,37,27.710613355454544,-2.0922282750911965,667533.1875
kNN_dinov2_vitb14_l5_k10,38,27.723830698181818,-2.0914664644822447,489772.1875
kNN_dinov2_vitb14_l5_k10,39,27.94224735681818,-2.078877540130785,513184.8125
kNN_dinov2_vitb14_l5_k10,40,28.008295531363636,-2.0750707083712667,516056.3125
kNN_dinov2_vitb14_l5_k10,41,28.427649107272728,-2.0509003429944066,514065.1875
kNN_dinov2_vitb14_l5_k10,42,28.610673086363636,-2.0403513535461495,608741.375
kNN_dinov2_vitb14_l5_k10,43,28.864666542727274,-2.0257118822352584,620815.125
kNN_dinov2_vitb14_l5_k10,44,28.872480873181818,-2.0252614861182057,481007.6875
kNN_dinov2_vitb14_l5_k10,45,29.867093540909092,-1.9679347981668596,1019406.875
kNN_dinov2_vitb14_l5_k10,46,30.946254809545454,-1.9057349657057894,484408.34375
kNN_dinov2_vitb14_l5_k10,47,31.113843444545456,-1.8960756262517786,509003.25
kNN_dinov2_vitb14_l5_k10,48,31.75240744409091,-1.8592705861324392,447152.65625
kNN_dinov2_vitb14_l5_k10,49,31.962474827272725,-1.8471628906292867,411057.8125
kNN_dinov2_vitb14_l5_k10,50,32.10326235227273,-1.8390482920775113,494633.1875
kNN_dinov2_vitb14_l5_k10,51,32.57260997909091,-1.8119964096549876,504241.59375
kNN_dinov2_vitb14_l5_k10,52,33.29309288772727,-1.770469793095747,391871.375
kNN_dinov2_vitb14_l5_k10,53,33.63066458409091,-1.751013106159651,541513.5625
kNN_dinov2_vitb14_l5_k10,54,33.94931614045454,-1.7326469230920152,509580.75
kNN_dinov2_vitb14_l5_k10,55,34.254768114545456,-1.7150415269704833,489489.6875
kNN_dinov2_vitb14_l5_k10,56,35.01583384090909,-1.6711758304824154,540833.4375
kNN_dinov2_vitb14_l5_k10,57,35.61844186090909,-1.6364431923003018,474514.5
kNN_dinov2_vitb14_l5_k10,58,36.50372615909091,-1.5854178853071164,576360.3125
kNN_dinov2_vitb14_l5_k10,59,36.74721518909091,-1.5713838597056917,530984.875
kNN_dinov2_vitb14_l5_k10,60,37.183868766818186,-1.5462163706866658,545750.3125
kNN_dinov2_vitb14_l5_k10,61,37.586910895,-1.5229861514634166,437680.0
kNN_dinov2_vitb14_l5_k10,62,37.90925234181818,-1.504407293446501,444954.84375
kNN_dinov2_vitb14_l5_k10,63,39.159607152727276,-1.4323403447746748,532885.5
kNN_dinov2_vitb14_l5_k10,64,39.16116855045455,-1.4322503501836308,660857.8125
kNN_dinov2_vitb14_l5_k10,65,39.50363207727273,-1.4125117118436592,487514.59375
kNN_dinov2_vitb14_l5_k10,66,39.72578294681818,-1.3997075580360745,432369.65625
kNN_dinov2_vitb14_l5_k10,67,40.10658689318182,-1.3777590853168278,559769.75
kNN_dinov2_vitb14_l5_k10,68,40.511631334545456,-1.3544134583708745,501265.65625
kNN_dinov2_vitb14_l5_k10,69,41.22542756590909,-1.3132722431581907,555400.375
kNN_dinov2_vitb14_l5_k10,70,41.450596035,-1.3002941633660317,454164.40625
kNN_dinov2_vitb14_l5_k10,71,41.606778884545456,-1.2912922214345022,400892.6875
kNN_dinov2_vitb14_l5_k10,72,41.74143011090909,-1.283531301946464,471513.65625
kNN_dinov2_vitb14_l5_k10,73,42.27668356454546,-1.2526807922886625,503426.90625
kNN_dinov2_vitb14_l5_k10,74,42.349748590454546,-1.2484695288729066,542721.5
kNN_dinov2_vitb14_l5_k10,75,42.93479045136364,-1.2147493548925703,598498.1875
kNN_dinov2_vitb14_l5_k10,76,42.999259720454546,-1.2110335268204517,520081.34375
kNN_dinov2_vitb14_l5_k10,77,43.14833512181818,-1.2024412382919711,552497.875
kNN_dinov2_vitb14_l5_k10,78,43.849900354999995,-1.1620049835516937,511732.34375
kNN_dinov2_vitb14_l5_k10,79,44.24228326,-1.1393891320928766,431237.34375
kNN_dinov2_vitb14_l5_k10,80,44.68483293727273,-1.113881808412842,531646.875
kNN_dinov2_vitb14_l5_k10,81,45.014271393181815,-1.0948938986728347,423334.75
kNN_dinov2_vitb14_l5_k10,82,45.044897863636365,-1.0931286747100122,728752.125
kNN_dinov2_vitb14_l5_k10,83,45.242849799999995,-1.0817192796223616,432944.90625
kNN_dinov2_vitb14_l5_k10,84,45.34376912590909,-1.0759025723830795,525451.0
kNN_dinov2_vitb14_l5_k10,85,45.44974382363636,-1.0697944876738517,497982.8125
kNN_dinov2_vitb14_l5_k10,86,45.87703164136364,-1.0451668148248472,437489.84375
kNN_dinov2_vitb14_l5_k10,87,46.05975058136364,-1.0346354069752812,550452.125
kNN_dinov2_vitb14_l5_k10,88,46.3385215,-1.0185678321482947,752054.3125
kNN_dinov2_vitb14_l5_k10,89,46.461104443636366,-1.0115024946696791,498735.90625
kNN_dinov2_vitb14_l5_k10,90,46.55172569545454,-1.00627933957292,567851.75
kNN_dinov2_vitb14_l5_k10,91,46.63784059272727,-1.0013159181284732,436708.59375
kNN_dinov2_vitb14_l5_k10,92,46.92503363227272,-0.9847629158452418,478156.1875
kNN_dinov2_vitb14_l5_k10,93,46.98420985,-0.9813521644262555,460967.15625
kNN_dinov2_vitb14_l5_k10,94,47.05894020545455,-0.9770449160806003,480685.6875
kNN_dinov2_vitb14_l5_k10,95,47.18393024863636,-0.9698408401272126,741698.625
kNN_dinov2_vitb14_l5_k10,96,47.45620903181818,-0.9541474538013544,463568.5625
kNN_dinov2_vitb14_l5_k10,97,47.57944400681818,-0.9470445350614799,465882.5625
kNN_dinov2_vitb14_l5_k10,98,47.68605184090909,-0.9408999581458618,364466.09375
kNN_dinov2_vitb14_l5_k10,99,47.85413733318182,-0.9312119812305011,639544.375
kNN_dinov2_vitb14_l5_k10,100,47.997159330454544,-0.9229685939563709,406707.6875
kNN_dinov2_vitb14_l5_k10,101,48.745656067727275,-0.8798273387898924,455873.84375
kNN_dinov2_vitb14_l5_k10,102,48.974869975454546,-0.8666160912472533,471720.25
kNN_dinov2_vitb14_l5_k10,103,49.269933079999994,-0.8496094804638982,504301.75
kNN_dinov2_vitb14_l5_k10,104,49.50143869090909,-0.8362661455696251,441186.6875
kNN_dinov2_vitb14_l5_k10,105,50.02686477227273,-0.8059820581201266,506631.0625
kNN_dinov2_vitb14_l5_k10,106,50.24467801363637,-0.793427913049909,528434.5
kNN_dinov2_vitb14_l5_k10,107,50.26601576545454,-0.7921980648087251,505266.34375
kNN_dinov2_vitb14_l5_k10,108,50.287720933636365,-0.7909470397175866,520550.6875
kNN_dinov2_vitb14_l5_k10,109,50.397065763181814,-0.7846447100511362,590787.75
kNN_dinov2_vitb14_l5_k10,110,50.44004938636363,-0.782167254421305,745481.0
kNN_dinov2_vitb14_l5_k10,111,50.53053583909091,-0.7769518687665316,391836.71875
kNN_dinov2_vitb14_l5_k10,112,50.744067415454545,-0.7646445068726515,441961.3125
kNN_dinov2_vitb14_l5_k10,113,50.877768575909094,-0.756938346522186,425629.09375
kNN_dinov2_vitb14_l5_k10,114,50.952142585000004,-0.7526516369826949,522865.5
kNN_dinov2_vitb14_l5_k10,115,51.255980857727266,-0.7351392500872892,539364.25
kNN_dinov2_vitb14_l5_k10,116,51.47010300409091,-0.7227978493929772,514497.8125
kNN_dinov2_vitb14_l5_k10,117,51.48649149727273,-0.7218532625551946,546392.5
kNN_dinov2_vitb14_l5_k10,118,51.49088870772727,-0.7215998196625357,500606.65625
kNN_dinov2_vitb14_l5_k10,119,51.669473619090915,-0.7113066856428819,586623.4375
kNN_dinov2_vitb14_l5_k10,120,51.78909724363636,-0.7044119150267025,736279.0625
kNN_dinov2_vitb14_l5_k10,121,51.85205774272727,-0.7007830482308545,442732.40625
kNN_dinov2_vitb14_l5_k10,122,51.87800455454545,-0.699287546682667,913040.5
kNN_dinov2_vitb14_l5_k10,123,51.92553946363636,-0.6965477676825893,644155.375
kNN_dinov2_vitb14_l5_k10,124,52.00039339090909,-0.6922333970034971,455935.09375
kNN_dinov2_vitb14_l5_k10,125,52.126720309090906,-0.6849522673201076,443071.3125
kNN_dinov2_vitb14_l5_k10,126,52.30133809090909,-0.6748877875343021,458148.90625
kNN_dinov2_vitb14_l5_k10,127,52.82782977227273,-0.6445422818858776,498740.3125
kNN_dinov2_vitb14_l5_k10,128,52.94948191,-0.637530593452388,490755.4375
kNN_dinov2_vitb14_l5_k10,129,52.977303153181815,-0.6359270549312603,572219.8125
kNN_dinov2_vitb14_l5_k10,130,53.02329102272727,-0.6332764429568486,628856.625
kNN_dinov2_vitb14_l5_k10,131,53.11169118954546,-0.6281813049775454,503360.90625
kNN_dinov2_vitb14_l5_k10,132,53.15595768772727,-0.6256299080264427,475397.09375
kNN_dinov2_vitb14_l5_k10,133,53.19575964181818,-0.6233358348901765,454622.65625
kNN_dinov2_vitb14_l5_k10,134,53.738266159999995,-0.5920672789100433,609106.125
kNN_dinov2_vitb14_l5_k10,135,54.35688324090909,-0.5564119233034402,510396.4375
kNN_dinov2_vitb14_l5_k10,136,54.43010616227273,-0.5521915592359978,546670.0
kNN_dinov2_vitb14_l5_k10,137,54.51598353272727,-0.5472418281719658,589286.875
kNN_dinov2_vitb14_l5_k10,138,54.63723127590909,-0.5402534479072425,501699.0
kNN_dinov2_vitb14_l5_k10,139,54.68535675181818,-0.5374796302901245,491312.90625
kNN_dinov2_vitb14_l5_k10,140,54.72388539863636,-0.5352589470181324,558951.0
kNN_dinov2_vitb14_l5_k10,141,55.23867115454546,-0.5055881381210048,506299.25
kNN_dinov2_vitb14_l5_k10,142,55.2775563909091,-0.5033469020265294,621047.9375
kNN_dinov2_vitb14_l5_k10,143,55.699695931818184,-0.47901596143141617,541553.875
kNN_dinov2_vitb14_l5_k10,144,55.80372709545455,-0.4730198965827504,597190.75
kNN_dinov2_vitb14_l5_k10,145,55.82518654818182,-0.4717830338420878,664183.1875
kNN_dinov2_vitb14_l5_k10,146,56.236087309090905,-0.4480998650428898,543147.3125
kNN_dinov2_vitb14_l5_k10,147,56.34353036818182,-0.44190714809799403,509884.5
kNN_dinov2_vitb14_l5_k10,148,56.343846956363635,-0.44188890084205507,581618.5
kNN_dinov2_vitb14_l5_k10,149,56.418747340909086,-0.4375718524959041,439737.5625
kNN_dinov2_vitb14_l5_k10,150,56.4284854,-0.43701057804920695,783811.3125
kNN_dinov2_vitb14_l5_k10,151,56.43083487727272,-0.4368751607608167,539062.0625
kNN_dinov2_vitb14_l5_k10,152,56.73676582727273,-0.41924215780964386,730738.125
kNN_dinov2_vitb14_l5_k10,153,56.80215198181818,-0.415473483028404,979894.8125
kNN_dinov2_vitb14_l5_k10,154,56.838491672272724,-0.41337896506927063,452864.40625
kNN_dinov2_vitb14_l5_k10,155,56.87784920000001,-0.4111105074236286,559250.25
kNN_dinov2_vitb14_l5_k10,156,56.88495511818182,-0.41070094220549447,548727.5
kNN_dinov2_vitb14_l5_k10,157,56.89427865,-0.4101635599495794,430151.40625
kNN_dinov2_vitb14_l5_k10,158,57.014437336363635,-0.4032379498690725,510093.6875
kNN_dinov2_vitb14_l5_k10,159,57.01605029863636,-0.40314498324207687,582149.25
kNN_dinov2_vitb14_l5_k10,160,57.06027285454545,-0.40059611900047776,484051.65625
kNN_dinov2_vitb14_l5_k10,161,57.08577673045454,-0.3991261470372903,605676.125
kNN_dinov2_vitb14_l5_k10,162,57.165035822727276,-0.39455787498782163,837476.3125
kNN_dinov2_vitb14_l5_k10,163,57.30280682363637,-0.386617140434433,541873.9375
kNN_dinov2_vitb14_l5_k10,164,57.552973348181816,-0.3721982427531278,454455.15625
kNN_dinov2_vitb14_l5_k10,165,57.715692645,-0.3628195583114009,517665.3125
kNN_dinov2_vitb14_l5_k10,166,57.94736867727273,-0.34946640080713065,515630.75
kNN_dinov2_vitb14_l5_k10,167,58.01582408181818,-0.3455208230538053,609292.3125
kNN_dinov2_vitb14_l5_k10,168,58.14704098045454,-0.33795784859535755,578986.6875
kNN_dinov2_vitb14_l5_k10,169,58.40466673181818,-0.32310902197584374,623551.125
kNN_dinov2_vitb14_l5_k10,170,58.48494007,-0.3184822916333907,470334.84375
kNN_dinov2_vitb14_l5_k10,171,58.90741873181818,-0.2941318050590592,467816.84375
kNN_dinov2_vitb14_l5_k10,172,58.92814133636364,-0.29293741218345776,522244.34375
kNN_dinov2_vitb14_l5_k10,173,58.959711454090915,-0.29111779903528184,485529.65625
kNN_dinov2_vitb14_l5_k10,174,59.080638213636355,-0.2841479193681854,559815.5
kNN_dinov2_vitb14_l5_k10,175,59.15176404636364,-0.2800484256151513,431885.9375
kNN_dinov2_vitb14_l5_k10,176,59.165360129545455,-0.27926478546736844,413722.8125
kNN_dinov2_vitb14_l5_k10,177,59.343238913181814,-0.26901235067183393,459857.59375
kNN_dinov2_vitb14_l5_k10,178,59.52943686818182,-0.2582804221434605,740188.9375
kNN_dinov2_vitb14_l5_k10,179,59.53394987363636,-0.2580203051513792,717701.0
kNN_dinov2_vitb14_l5_k10,180,59.61907620909091,-0.2531138616408659,570038.375
kNN_dinov2_vitb14_l5_k10,181,59.64024705,-0.25189363367691286,586580.625
kNN_dinov2_vitb14_l5_k10,182,59.81487126545455,-0.2418287830743299,572888.125
kNN_dinov2_vitb14_l5_k10,183,59.821444613636366,-0.241449913699103,542968.5625
kNN_dinov2_vitb14_l5_k10,184,59.82249576181818,-0.241389328462493,657700.3125
kNN_dinov2_vitb14_l5_k10,185,60.13491826227273,-0.22338217072795283,715942.9375
kNN_dinov2_vitb14_l5_k10,186,60.66603184545455,-0.19277027160609897,475087.09375
kNN_dinov2_vitb14_l5_k10,187,60.91525143409091,-0.1784059526579342,700915.1875
kNN_dinov2_vitb14_l5_k10,188,60.98922430909091,-0.17414236336374334,522665.8125
kNN_dinov2_vitb14_l5_k10,189,61.15445065909091,-0.16461917939964438,447428.34375
kNN_dinov2_vitb14_l5_k10,190,61.257236485,-0.15869489232900422,523883.34375
kNN_dinov2_vitb14_l5_k10,191,61.38288141818182,-0.1514530703505647,482363.3125
kNN_dinov2_vitb14_l5_k10,192,61.41676890772727,-0.14949989038246164,444177.0625
kNN_dinov2_vitb14_l5_k10,193,61.450913154545454,-0.1475319116444142,670596.8125
kNN_dinov2_vitb14_l5_k10,194,61.557454278181815,-0.14139117973251966,509371.3125
kNN_dinov2_vitb14_l5_k10,195,61.612018317727276,-0.1382462613438015,492981.5
kNN_dinov2_vitb14_l5_k10,196,61.66026577136363,-0.13546541327218128,528849.875
kNN_dinov2_vitb14_l5_k10,197,61.784896459090916,-0.12828204956052722,668731.8125
kNN_dinov2_vitb14_l5_k10,198,61.80260090454545,-0.12726161492013313,539968.0
kNN_dinov2_vitb14_l5_k10,199,62.04634134636364,-0.11321309864578996,577913.625
kNN_dinov2_vitb14_l5_k10,200,62.140166177272725,-0.1078052982244427,545636.0625
kNN_dinov2_vitb14_l5_k10,201,62.30800517363637,-0.0981315286427709,657193.8125
kNN_dinov2_vitb14_l5_k10,202,62.48285368636363,-0.08805375017371433,497819.1875
kNN_dinov2_vitb14_l5_k10,203,62.50087945,-0.08701479565343062,554178.0625
kNN_dinov2_vitb14_l5_k10,204,62.515273900000004,-0.08618513987871876,455441.0
kNN_dinov2_vitb14_l5_k10,205,62.56153540454545,-0.08351875634944335,455296.1875
kNN_dinov2_vitb14_l5_k10,206,62.62842450590909,-0.07966345592382028,627719.5625
kNN_dinov2_vitb14_l5_k10,207,62.64787497272727,-0.07854238550316901,507036.75
kNN_dinov2_vitb14_l5_k10,208,62.80573838590909,-0.06944358059141646,597690.375
kNN_dinov2_vitb14_l5_k10,209,62.831736559090906,-0.06794511871810778,448081.34375
kNN_dinov2_vitb14_l5_k10,210,63.033077886363635,-0.05634036863318487,824091.25
kNN_dinov2_vitb14_l5_k10,211,63.2958711590909,-0.041193700558090865,757926.875
kNN_dinov2_vitb14_l5_k10,212,63.30556153181818,-0.04063517461980955,797749.9375
kNN_dinov2_vitb14_l5_k10,213,63.451246159090914,-0.0322383208113255,595813.6875
kNN_dinov2_vitb14_l5_k10,214,63.51674641363636,-0.02846306962571502,533122.5
kNN_dinov2_vitb14_l5_k10,215,63.52993807136364,-0.027702739428211564,505553.1875
kNN_dinov2_vitb14_l5_k10,216,63.601648069090906,-0.02356957604100441,466713.5
kNN_dinov2_vitb14_l5_k10,217,63.632569839545454,-0.021787331813408223,845637.375
kNN_dinov2_vitb14_l5_k10,218,63.65115097727273,-0.02071636708629849,702477.0
kNN_dinov2_vitb14_l5_k10,219,63.71100458181818,-0.017266572988681755,493440.5
kNN_dinov2_vitb14_l5_k10,220,63.89873966363636,-0.006446048776474242,436930.40625
kNN_dinov2_vitb14_l5_k10,221,63.92419218818182,-0.004979036562035517,386692.5625
kNN_dinov2_vitb14_l5_k10,222,63.96103896818182,-0.002855291382016408,621656.1875
kNN_dinov2_vitb14_l5_k10,223,63.99746849090909,-0.0007555957423308915,631772.3125
kNN_dinov2_vitb14_l5_k10,224,64.02118780454545,0.000611519050564863,707293.375
kNN_dinov2_vitb14_l5_k10,225,64.02835174090909,0.0010244282741725598,451544.1875
kNN_dinov2_vitb14_l5_k10,226,64.1043883409091,0.005406964896234798,630559.625
kNN_dinov2_vitb14_l5_k10,227,64.15682117727273,0.008429046703709133,443619.0625
kNN_dinov2_vitb14_l5_k10,228,64.23845857272727,0.01313439748621699,582979.625
kNN_dinov2_vitb14_l5_k10,229,64.25370258636363,0.014013019729039077,500818.84375
kNN_dinov2_vitb14_l5_k10,230,64.32671434181817,0.01822121278502206,514533.8125
kNN_dinov2_vitb14_l5_k10,231,64.40631527727272,0.022809187717882526,602550.6875
kNN_dinov2_vitb14_l5_k10,232,64.56676404090909,0.032057004987472486,803911.9375
kNN_dinov2_vitb14_l5_k10,233,64.70266141363636,0.0398897488610707,649861.25
kNN_dinov2_vitb14_l5_k10,234,64.83579067045456,0.047562946288015,564634.875
kNN_dinov2_vitb14_l5_k10,235,64.88276691590909,0.05027052548108044,797585.625
kNN_dinov2_vitb14_l5_k10,236,64.91428311818181,0.05208703109348984,471981.3125
kNN_dinov2_vitb14_l5_k10,237,64.99876317727272,0.056956225044821694,660360.875
kNN_dinov2_vitb14_l5_k10,238,65.11283459954545,0.06353098227543044,541713.5
kNN_dinov2_vitb14_l5_k10,239,65.12859398045454,0.06443930884414997,492309.90625
kNN_dinov2_vitb14_l5_k10,240,65.15700578272727,0.06607688553694015,608261.25
kNN_dinov2_vitb14_l5_k10,241,65.26560826818182,0.07233642856952589,609016.6875
kNN_dinov2_vitb14_l5_k10,242,65.49862164545455,0.08576666689328061,488305.59375
kNN_dinov2_vitb14_l5_k10,243,65.58085287863636,0.09050624481886647,457128.4375
kNN_dinov2_vitb14_l5_k10,244,65.74797291818182,0.10013857574355729,457850.84375
kNN_dinov2_vitb14_l5_k10,245,65.77319434545456,0.10159226815857124,630197.125
kNN_dinov2_vitb14_l5_k10,246,65.79643795909091,0.10293196493604907,459098.3125
kNN_dinov2_vitb14_l5_k10,247,65.90152255454545,0.10898874664372764,561169.25
kNN_dinov2_vitb14_l5_k10,248,66.06104215454546,0.11818300952419154,483837.0
kNN_dinov2_vitb14_l5_k10,249,66.34667021363636,0.13464581071801482,571371.5
kNN_dinov2_vitb14_l5_k10,250,66.41367993636364,0.13850806342114064,578486.625
kNN_dinov2_vitb14_l5_k10,251,66.49486482500001,0.14318733297826053,597827.0
kNN_dinov2_vitb14_l5_k10,252,66.57540134545455,0.14782923240965884,455557.09375
kNN_dinov2_vitb14_l5_k10,253,66.64770191772728,0.15199643485928482,762426.25
kNN_dinov2_vitb14_l5_k10,254,66.69631712272727,0.15479847908932004,571934.0625
kNN_dinov2_vitb14_l5_k10,255,66.69915260454546,0.15496190831826281,683566.0625
kNN_dinov2_vitb14_l5_k10,256,66.84640655909091,0.16344921375457688,572910.875
kNN_dinov2_vitb14_l5_k10,257,66.92138232272727,0.1677706067403678,488230.09375
kNN_dinov2_vitb14_l5_k10,258,67.1600262,0.1815253713113582,427410.0
kNN_dinov2_vitb14_l5_k10,259,67.24224864545455,0.1862644427369615,603753.6875
kNN_dinov2_vitb14_l5_k10,260,67.33497136227273,0.19160872038946963,1359464.0
kNN_dinov2_vitb14_l5_k10,261,67.50431248636363,0.20136906840541843,642169.375
kNN_dinov2_vitb14_l5_k10,262,67.65232870272727,0.20990030847760313,610761.375
kNN_dinov2_vitb14_l5_k10,263,67.78208407272727,0.2173790445196429,476437.09375
kNN_dinov2_vitb14_l5_k10,264,67.84529925,0.2210225902524589,538295.875
kNN_dinov2_vitb14_l5_k10,265,67.89158320909091,0.22369026799883285,599535.5625
kNN_dinov2_vitb14_l5_k10,266,67.98637594090908,0.22915385551719142,658765.5625
kNN_dinov2_vitb14_l5_k10,267,68.0851692090909,0.234848022744816,525311.875
kNN_dinov2_vitb14_l5_k10,268,68.12695885,0.23725666058115907,524946.8125
kNN_dinov2_vitb14_l5_k10,269,68.2302839,0.24321202701786718,724743.8125
kNN_dinov2_vitb14_l5_k10,270,68.23565684545454,0.24352170854259156,587862.4375
kNN_dinov2_vitb14_l5_k10,271,68.26595938409092,0.24526826198284749,557116.9375
kNN_dinov2_vitb14_l5_k10,272,68.27114585318182,0.2455671955323495,563272.125
kNN_dinov2_vitb14_l5_k10,273,68.32032611363637,0.24840180797589106,515900.9375
kNN_dinov2_vitb14_l5_k10,274,68.38830778636363,0.25232008115428434,651509.9375
kNN_dinov2_vitb14_l5_k10,275,68.41746199090909,0.2540004478343775,454450.5
kNN_dinov2_vitb14_l5_k10,276,68.46063733181818,0.256488953536948,568845.125
kNN_dinov2_vitb14_l5_k10,277,68.46664887727273,0.256835442176758,538886.625
kNN_dinov2_vitb14_l5_k10,278,68.47213741363636,0.2571517860376766,794666.625
kNN_dinov2_vitb14_l5_k10,279,68.93374281227273,0.283757428116166,474745.8125
kNN_dinov2_vitb14_l5_k10,280,69.04567613727274,0.29020895140944425,571859.25
kNN_dinov2_vitb14_l5_k10,281,69.05974111818182,0.2910196175086998,558245.3125
kNN_dinov2_vitb14_l5_k10,282,69.09219679545454,0.2928902718283501,619521.625
kNN_dinov2_vitb14_l5_k10,283,69.09712682727273,0.29317442505181285,503665.40625
kNN_dinov2_vitb14_l5_k10,284,69.10091421363637,0.29339271939217726,463961.34375
kNN_dinov2_vitb14_l5_k10,285,69.10780212727273,0.2937897194390094,464857.9375
kNN_dinov2_vitb14_l5_k10,286,69.12065298636364,0.2945304069577943,637701.375
kNN_dinov2_vitb14_l5_k10,287,69.18059698636364,0.2979854111961857,505237.40625
kNN_dinov2_vitb14_l5_k10,288,69.23367816363636,0.30104486155745686,701395.5
kNN_dinov2_vitb14_l5_k10,289,69.2644266,0.3028171152936152,582475.8125
kNN_dinov2_vitb14_l5_k10,290,69.35791935818182,0.30820577597320115,521306.1875
kNN_dinov2_vitb14_l5_k10,291,69.61843814545455,0.32322134907823014,587015.375
kNN_dinov2_vitb14_l5_k10,292,69.80519480454545,0.33398547974530074,636778.5625
kNN_dinov2_vitb14_l5_k10,293,69.8553488,0.33687621554651076,728688.875
kNN_dinov2_vitb14_l5_k10,294,69.88728480909091,0.3387169176479122,948739.375
kNN_dinov2_vitb14_l5_k10,295,69.97248817863637,0.3436278011876287,641385.375
kNN_dinov2_vitb14_l5_k10,296,70.05721009181819,0.3485109349312532,505121.3125
kNN_dinov2_vitb14_l5_k10,297,70.14929492727272,0.35381844688886305,517265.4375
kNN_dinov2_vitb14_l5_k10,298,70.15787111818182,0.35431275450831085,546578.5625
kNN_dinov2_vitb14_l5_k10,299,70.16147875909091,0.3545206888241977,625144.0625
kNN_dinov2_vitb14_l5_k10,300,70.20511073181818,0.3570355135056018,708845.125
kNN_dinov2_vitb14_l5_k10,301,70.32331571818182,0.3638485177910241,482343.15625
kNN_dinov2_vitb14_l5_k10,302,70.37705808636363,0.36694607734409634,646249.375
kNN_dinov2_vitb14_l5_k10,303,70.399005675,0.36821107487114013,524485.125
kNN_dinov2_vitb14_l5_k10,304,70.50181075318181,0.37413647158884883,555734.125
kNN_dinov2_vitb14_l5_k10,305,70.6102672090909,0.38038759788750787,622462.3125
kNN_dinov2_vitb14_l5_k10,306,70.7436578590909,0.38807586128520843,656907.0
kNN_dinov2_vitb14_l5_k10,307,70.83137117272727,0.39313141097119886,773729.1875
kNN_dinov2_vitb14_l5_k10,308,70.8352099,0.39335266445774103,493454.40625
kNN_dinov2_vitb14_l5_k10,309,70.84563281363636,0.3939534120019492,558740.9375
kNN_dinov2_vitb14_l5_k10,310,70.86294127272727,0.394951023097624,481263.0
kNN_dinov2_vitb14_l5_k10,311,70.88488886772727,0.3962160209914498,466728.1875
kNN_dinov2_vitb14_l5_k10,312,70.94146290454545,0.3994767899923458,416854.0625
kNN_dinov2_vitb14_l5_k10,313,71.03486937272727,0.4048604771580567,678859.0
kNN_dinov2_vitb14_l5_k10,314,71.06114357272727,0.4063748484439294,483561.5
kNN_dinov2_vitb14_l5_k10,315,71.16676672727273,0.41246267118893826,758512.5
kNN_dinov2_vitb14_l5_k10,316,71.17873871818182,0.41315270320770386,547074.4375
kNN_dinov2_vitb14_l5_k10,317,71.2066498259091,0.4147614212694939,496902.8125
kNN_dinov2_vitb14_l5_k10,318,71.25545576818182,0.4175744590616155,647757.125
kNN_dinov2_vitb14_l5_k10,319,71.3174982909091,0.4211504162713988,547367.0
kNN_dinov2_vitb14_l5_k10,320,71.36296618181818,0.4237710581338302,484299.6875
kNN_dinov2_vitb14_l5_k10,321,71.46931471818182,0.4299006898548213,699047.6875
kNN_dinov2_vitb14_l5_k10,322,71.72297334090909,0.4445208622928842,527660.3125
kNN_dinov2_vitb14_l5_k10,323,71.90808025909091,0.45518990651538743,546604.4375
kNN_dinov2_vitb14_l5_k10,324,71.99829709090909,0.46038975197625187,497360.59375
kNN_dinov2_vitb14_l5_k10,325,72.09644175681818,0.46604653558581094,535609.75
kNN_dinov2_vitb14_l5_k10,326,72.15469048045455,0.4694038288435938,628170.6875
kNN_dinov2_vitb14_l5_k10,327,72.16259906363636,0.4698596574238161,572110.5
kNN_dinov2_vitb14_l5_k10,328,72.25012620454545,0.47490447663533314,511840.0625
kNN_dinov2_vitb14_l5_k10,329,72.32991709090909,0.4795033998064825,583819.625
kNN_dinov2_vitb14_l5_k10,330,72.3529890590909,0.4808332034207922,500687.0625
kNN_dinov2_vitb14_l5_k10,331,72.35690482818183,0.48105889738191765,499492.59375
kNN_dinov2_vitb14_l5_k10,332,72.45495321363636,0.48671013165578725,582839.125
kNN_dinov2_vitb14_l5_k10,333,72.62635492727273,0.49658924628079065,500984.25
kNN_dinov2_vitb14_l5_k10,334,72.63195748181819,0.49691216183031,475747.6875
kNN_dinov2_vitb14_l5_k10,335,72.83995069636363,0.5089003080636467,522153.3125
kNN_dinov2_vitb14_l5_k10,336,72.89617321363636,0.5121408164626576,490729.34375
kNN_dinov2_vitb14_l5_k10,337,73.03390340545455,0.5200791988943657,656689.5625
kNN_dinov2_vitb14_l5_k10,338,73.11911989545455,0.5249908386603275,587050.375
kNN_dinov2_vitb14_l5_k10,339,73.13833258181818,0.5260982040816745,472310.0625
kNN_dinov2_vitb14_l5_k10,340,73.33471177272727,0.5374169505270702,446073.4375
kNN_dinov2_vitb14_l5_k10,341,73.33981687045456,0.5377111940591194,506166.34375
kNN_dinov2_vitb14_l5_k10,342,73.39854528636364,0.541096135435736,533490.625
kNN_dinov2_vitb14_l5_k10,343,73.41015931818183,0.5417655356952554,659705.375
kNN_dinov2_vitb14_l5_k10,344,73.44266513181819,0.5436390797344586,592964.3125
kNN_dinov2_vitb14_l5_k10,345,73.44619574090909,0.5438425741521346,485603.5
kNN_dinov2_vitb14_l5_k10,346,73.46868897499999,0.5451390211546568,588222.1875
kNN_dinov2_vitb14_l5_k10,347,73.50964273636363,0.5474994812355564,574214.5
kNN_dinov2_vitb14_l5_k10,348,73.53120189545454,0.548742090771711,936144.1875
kNN_dinov2_vitb14_l5_k10,349,73.63946159545455,0.5549818766109442,783226.25
kNN_dinov2_vitb14_l5_k10,350,73.76844457272728,0.562416094099894,508933.9375
kNN_dinov2_vitb14_l5_k10,351,73.80118299272728,0.5643030449182952,628807.3125
kNN_dinov2_vitb14_l5_k10,352,73.90576145,0.5703306542390226,862747.0
kNN_dinov2_vitb14_l5_k10,353,73.96756481363637,0.5738928269887642,487861.75
kNN_dinov2_vitb14_l5_k10,354,74.00717849454546,0.5761760485862414,555889.25
kNN_dinov2_vitb14_l5_k10,355,74.01135728181818,0.5764169021785707,844590.5
kNN_dinov2_vitb14_l5_k10,356,74.05095793636363,0.5786993729729389,471163.84375
kNN_dinov2_vitb14_l5_k10,357,74.05302495909092,0.5788185103725725,406877.8125
kNN_dinov2_vitb14_l5_k10,358,74.20412883636364,0.5875277145700669,463935.9375
kNN_dinov2_vitb14_l5_k10,359,74.32802774090909,0.5946689003490705,746093.3125
kNN_dinov2_vitb14_l5_k10,360,74.38583995454546,0.5980010343932524,503541.4375
kNN_dinov2_vitb14_l5_k10,361,74.46433656818182,0.602525359310058,478832.09375
kNN_dinov2_vitb14_l5_k10,362,74.52572066363636,0.6060633666162982,479645.25
kNN_dinov2_vitb14_l5_k10,363,74.86437946363637,0.625582711160682,878004.6875
kNN_dinov2_vitb14_l5_k10,364,74.89747095909091,0.6274900122592099,687258.75
kNN_dinov2_vitb14_l5_k10,365,74.9084351090909,0.6281219551512479,593539.1875
kNN_dinov2_vitb14_l5_k10,366,75.02020153181819,0.634563858665071,470510.34375
kNN_dinov2_vitb14_l5_k10,367,75.04613550454546,0.6360586202040249,491074.09375
kNN_dinov2_vitb14_l5_k10,368,75.04910765454545,0.6362299266041167,552555.8125
kNN_dinov2_vitb14_l5_k10,369,75.04911406363637,0.6362302960061632,568370.375
kNN_dinov2_vitb14_l5_k10,370,75.14242499545455,0.6416084767235004,458271.34375
kNN_dinov2_vitb14_l5_k10,371,75.14524949545454,0.6417712729912052,499817.15625
kNN_dinov2_vitb14_l5_k10,372,75.21942449545455,0.6460465122041826,545440.375
kNN_dinov2_vitb14_l5_k10,373,75.2494860690909,0.6477791770968547,482628.34375
kNN_dinov2_vitb14_l5_k10,374,75.29101026818182,0.6501725156103826,511105.6875
kNN_dinov2_vitb14_l5_k10,375,75.30463428181818,0.6509577655913236,473895.40625
kNN_dinov2_vitb14_l5_k10,376,75.35053226363635,0.6536031966889378,598856.375
kNN_dinov2_vitb14_l5_k10,377,75.358434425,0.6540586551335503,459114.4375
kNN_dinov2_vitb14_l5_k10,378,75.4765098,0.6608641889830542,535286.5
kNN_dinov2_vitb14_l5_k10,379,75.48288537727272,0.661231659397098,609762.125
kNN_dinov2_vitb14_l5_k10,380,75.54217925454545,0.664649192382683,597608.125
kNN_dinov2_vitb14_l5_k10,381,75.65154605454546,0.6709527883645888,542775.8125
kNN_dinov2_vitb14_l5_k10,382,75.68111334545455,0.672656964185499,721270.625
kNN_dinov2_vitb14_l5_k10,383,75.77031593636364,0.677798351641565,703231.9375
kNN_dinov2_vitb14_l5_k10,384,75.78166525454546,0.6784524945486285,580529.9375
kNN_dinov2_vitb14_l5_k10,385,75.79512009954546,0.6792279941232632,582898.375
kNN_dinov2_vitb14_l5_k10,386,75.84170493636363,0.6819130136189849,548700.875
kNN_dinov2_vitb14_l5_k10,387,75.84312428636363,0.6819948209769487,440351.0
kNN_dinov2_vitb14_l5_k10,388,76.02107943636364,0.6922516573157579,507876.84375
kNN_dinov2_vitb14_l5_k10,389,76.07231828181818,0.6952049208319687,523588.09375
kNN_dinov2_vitb14_l5_k10,390,76.16321556363636,0.7004439855246826,582262.5625
kNN_dinov2_vitb14_l5_k10,391,76.19598609272727,0.7023327870211363,575123.1875
kNN_dinov2_vitb14_l5_k10,392,76.26727722727273,0.7064418083079089,428897.9375
kNN_dinov2_vitb14_l5_k10,393,76.28929185454545,0.7077106697541566,669548.4375
kNN_dinov2_vitb14_l5_k10,394,76.28997104545455,0.707749816415534,501146.9375
kNN_dinov2_vitb14_l5_k10,395,76.32376224090909,0.7096974462619865,555179.875
kNN_dinov2_vitb14_l5_k10,396,76.35414479090909,0.7114486113331051,528897.125
kNN_dinov2_vitb14_l5_k10,397,76.39021483181818,0.71352758744781,500275.25
kNN_dinov2_vitb14_l5_k10,398,76.45241142272727,0.7171124247159999,468853.09375
kNN_dinov2_vitb14_l5_k10,399,76.51437691681818,0.7206839422109638,535704.25
kNN_dinov2_vitb14_l5_k10,400,76.5471795409091,0.7225745935733101,602741.4375
kNN_dinov2_vitb14_l5_k10,401,76.59774437272728,0.7254890088316404,573217.0
kNN_dinov2_vitb14_l5_k10,402,76.63823088636364,0.7278225380624447,435122.65625
kNN_dinov2_vitb14_l5_k10,403,76.64452179545455,0.7281851284396704,615339.875
kNN_dinov2_vitb14_l5_k10,404,76.67493643727272,0.7299381431932893,432136.5
kNN_dinov2_vitb14_l5_k10,405,76.67586082272727,0.7299914221814013,555637.625
kNN_dinov2_vitb14_l5_k10,406,76.81212329090908,0.7378452091342544,661633.3125
kNN_dinov2_vitb14_l5_k10,407,76.90558185454546,0.7432318989360301,750338.375
kNN_dinov2_vitb14_l5_k10,408,76.91644974545454,0.7438582937237196,585752.625
kNN_dinov2_vitb14_l5_k10,409,76.98329391227273,0.7477110042480184,558078.1875
kNN_dinov2_vitb14_l5_k10,410,77.11547369545454,0.7553294766743298,552565.0625
kNN_dinov2_vitb14_l5_k10,411,77.14402031818182,0.7569748240404465,546815.1875
kNN_dinov2_vitb14_l5_k10,412,77.17084656363636,0.7585210136798696,446300.0
kNN_dinov2_vitb14_l5_k10,413,77.25877326818183,0.7635888626200866,774540.8125
kNN_dinov2_vitb14_l5_k10,414,77.34552212272727,0.7685888235858233,411391.28125
kNN_dinov2_vitb14_l5_k10,415,77.52582683636363,0.7789810821907805,458191.3125
kNN_dinov2_vitb14_l5_k10,416,77.65479755863636,0.7864145933358604,991139.3125
kNN_dinov2_vitb14_l5_k10,417,77.69959142727272,0.7889963864426363,676774.125
kNN_dinov2_vitb14_l5_k10,418,77.72501827727272,0.7904619188481973,459410.90625
kNN_dinov2_vitb14_l5_k10,419,77.83570625,0.7968416635250904,703021.5
kNN_dinov2_vitb14_l5_k10,420,77.9733424409091,0.8047746280077235,519148.3125
kNN_dinov2_vitb14_l5_k10,421,78.0566007590909,0.8095734042355274,567782.5625
kNN_dinov2_vitb14_l5_k10,422,78.20425748181819,0.818083924101565,582709.9375
kNN_dinov2_vitb14_l5_k10,423,78.23482706363636,0.8198458691627494,429189.75
kNN_dinov2_vitb14_l5_k10,424,78.25971381363637,0.8212802717172971,557547.75
kNN_dinov2_vitb14_l5_k10,425,78.3483194,0.8263872495037559,406910.46875
kNN_dinov2_vitb14_l5_k10,426,78.4185978909091,0.8304379048480556,453955.59375
kNN_dinov2_vitb14_l5_k10,427,78.53980069090909,0.837423694713678,542783.375
kNN_dinov2_vitb14_l5_k10,428,78.54177141363635,0.8375372816510761,625249.375
kNN_dinov2_vitb14_l5_k10,429,78.57485005,0.8394438415876266,491451.84375
kNN_dinov2_vitb14_l5_k10,430,78.5853263609091,0.8400476668010531,468445.40625
kNN_dinov2_vitb14_l5_k10,431,78.61859467727272,0.8419651593614511,630788.25
kNN_dinov2_vitb14_l5_k10,432,78.63007529545455,0.8426268700327033,691816.9375
kNN_dinov2_vitb14_l5_k10,433,78.86957993181818,0.8564312463464417,520098.75
kNN_dinov2_vitb14_l5_k10,434,79.22077921818182,0.8766733893950602,516712.5625
kNN_dinov2_vitb14_l5_k10,435,79.25695136818182,0.8787582507917258,663736.375
kNN_dinov2_vitb14_l5_k10,436,79.28284742727273,0.8802508270948876,594046.6875
kNN_dinov2_vitb14_l5_k10,437,79.36729972727272,0.8851184210899811,550028.125
kNN_dinov2_vitb14_l5_k10,438,79.46781420454546,0.8909117939879693,704415.875
kNN_dinov2_vitb14_l5_k10,439,79.51125251363636,0.8934154564398847,633592.9375
kNN_dinov2_vitb14_l5_k10,440,79.62850745318183,0.9001737026880812,541008.125
kNN_dinov2_vitb14_l5_k10,441,79.6499864090909,0.9014116895375086,503223.6875
kNN_dinov2_vitb14_l5_k10,442,79.75645692727272,0.9075483519487911,467145.40625
kNN_dinov2_vitb14_l5_k10,443,79.91532173636364,0.9167048745155257,629108.375
kNN_dinov2_vitb14_l5_k10,444,79.94757872272727,0.9185640768477706,546884.1875
kNN_dinov2_vitb14_l5_k10,445,80.02392345454545,0.9229643733246603,555171.125
kNN_dinov2_vitb14_l5_k10,446,80.13685939999999,0.9294736848522888,563095.4375
kNN_dinov2_vitb14_l5_k10,447,80.28660759545454,0.9381047513474663,609069.5
kNN_dinov2_vitb14_l5_k10,448,80.40461357272727,0.9449062853063745,596109.625
kNN_dinov2_vitb14_l5_k10,449,80.43965011363636,0.9469256933762311,679271.6875
kNN_dinov2_vitb14_l5_k10,450,80.56802326363636,0.954324762129495,747547.0
kNN_dinov2_vitb14_l5_k10,451,80.69563893636364,0.9616801720146861,419362.9375
kNN_dinov2_vitb14_l5_k10,452,80.83871870454546,0.9699268890421825,969991.875
kNN_dinov2_vitb14_l5_k10,453,80.88731798181819,0.9727280152426367,463422.6875
kNN_dinov2_vitb14_l5_k10,454,80.98601989090909,0.9784169167881859,444310.8125
kNN_dinov2_vitb14_l5_k10,455,81.02786977272727,0.9808290267417757,459255.75
kNN_dinov2_vitb14_l5_k10,456,81.46314962272727,1.0059173379428359,625143.125
kNN_dinov2_vitb14_l5_k10,457,81.49191450454545,1.0075752651515413,491204.0625
kNN_dinov2_vitb14_l5_k10,458,81.53910919545454,1.0102954349286748,429274.8125
kNN_dinov2_vitb14_l5_k10,459,81.65584415909092,1.0170237112220841,879867.0
kNN_dinov2_vitb14_l5_k10,460,81.66778405000001,1.017711893086772,535113.375
kNN_dinov2_vitb14_l5_k10,461,82.0783984909091,1.0413785592032403,742253.875
kNN_dinov2_vitb14_l5_k10,462,82.11143467727273,1.0432826724407058,491511.75
kNN_dinov2_vitb14_l5_k10,463,82.15394328181819,1.0457327493270108,578457.8125
kNN_dinov2_vitb14_l5_k10,464,82.87086985,1.0870543883848574,404276.5
kNN_dinov2_vitb14_l5_k10,465,83.04785639090909,1.0972553968090384,493769.75
kNN_dinov2_vitb14_l5_k10,466,83.2706767,1.1100981352367167,468872.40625
kNN_dinov2_vitb14_l5_k10,467,83.28013232272727,1.1106431308426048,523089.0625
kNN_dinov2_vitb14_l5_k10,468,83.32162666818182,1.113034748676162,493296.34375
kNN_dinov2_vitb14_l5_k10,469,83.35334443181819,1.1148628717209361,603426.0625
kNN_dinov2_vitb14_l5_k10,470,83.45792123636365,1.1208903857830939,497636.6875
kNN_dinov2_vitb14_l5_k10,471,84.18152392727274,1.1625968178530641,476052.90625
kNN_dinov2_vitb14_l5_k10,472,84.62887205909091,1.188380711011149,454276.5625
kNN_dinov2_vitb14_l5_k10,473,85.11071750454545,1.2161529326896323,374829.0625
kNN_dinov2_vitb14_l5_k10,474,85.12217595454545,1.2168133656489846,443643.90625
kNN_dinov2_vitb14_l5_k10,475,85.54109655454546,1.2409587755073437,564889.9375
kNN_dinov2_vitb14_l5_k10,476,85.8163718359091,1.256824871594287,1013406.375
kNN_dinov2_vitb14_l5_k10,477,86.0069106,1.2678069921987163,623981.8125
kNN_dinov2_vitb14_l5_k10,478,86.07828567272726,1.2719208514471514,719977.5
kNN_dinov2_vitb14_l5_k10,479,86.46879091363637,1.2944284796076844,543975.5625
kNN_dinov2_vitb14_l5_k10,480,87.81027129545454,1.371747650915916,677848.5
kNN_dinov2_vitb14_l5_k25,1,10.383351573636363,-3.0909231051976005,592662.875
kNN_dinov2_vitb14_l5_k25,2,11.237612673636363,-3.0416858884420805,689566.0
kNN_dinov2_vitb14_l5_k25,3,12.873956289545454,-2.9473716263235947,728611.5
kNN_dinov2_vitb14_l5_k25,4,13.852077771363637,-2.8909954441311574,502904.40625
kNN_dinov2_vitb14_l5_k25,5,14.772021149545454,-2.8379724848575316,492360.25
kNN_dinov2_vitb14_l5_k25,6,15.774696462272727,-2.780181088634338,1009783.5
kNN_dinov2_vitb14_l5_k25,7,16.11136225,-2.760776615734313,779322.875
kNN_dinov2_vitb14_l5_k25,8,16.718538883636366,-2.7257806554602935,523134.8125
kNN_dinov2_vitb14_l5_k25,9,16.83383592,-2.719135257266808,444685.1875
kNN_dinov2_vitb14_l5_k25,10,16.977602550909094,-2.710848951395825,459425.75
kNN_dinov2_vitb14_l5_k25,11,17.128398308636363,-2.702157506345793,546620.5625
kNN_dinov2_vitb14_l5_k25,12,17.49981897681818,-2.680749859495494,544846.9375
kNN_dinov2_vitb14_l5_k25,13,18.01987185318182,-2.650775468530193,524093.71875
kNN_dinov2_vitb14_l5_k25,14,18.22368484818182,-2.639028258441373,648261.5
kNN_dinov2_vitb14_l5_k25,15,18.40435578590909,-2.628614891705722,546276.5625
kNN_dinov2_vitb14_l5_k25,16,18.964998386363636,-2.5963010227481416,549235.875
kNN_dinov2_vitb14_l5_k25,17,19.531784013636365,-2.563633086933271,479713.5625
kNN_dinov2_vitb14_l5_k25,18,21.457911477272727,-2.4526164956056054,561581.9375
kNN_dinov2_vitb14_l5_k25,19,22.164942098181818,-2.411865231226962,553631.8125
kNN_dinov2_vitb14_l5_k25,20,22.207954510454545,-2.4093861162745784,775936.25
kNN_dinov2_vitb14_l5_k25,21,22.336504287727273,-2.401976867220102,457566.46875
kNN_dinov2_vitb14_l5_k25,22,22.775860404545455,-2.376653611418521,558976.125
kNN_dinov2_vitb14_l5_k25,23,23.03693973772727,-2.361605730017554,496965.6875
kNN_dinov2_vitb14_l5_k25,24,23.073138160909092,-2.359519354308287,548468.375
kNN_dinov2_vitb14_l5_k25,25,23.859046570909094,-2.314221795127428,694354.1875
kNN_dinov2_vitb14_l5_k25,26,24.108436355454547,-2.299847666563835,484861.375
kNN_dinov2_vitb14_l5_k25,27,24.136628927727273,-2.2982227256741137,564340.75
kNN_dinov2_vitb14_l5_k25,28,24.706419758636365,-2.2653815783401448,619878.75
kNN_dinov2_vitb14_l5_k25,29,25.160939161363636,-2.2391843532157982,586761.75
kNN_dinov2_vitb14_l5_k25,30,25.272293834545454,-2.2327661817923388,441350.6875
kNN_dinov2_vitb14_l5_k25,31,25.739496508636364,-2.205837928436342,559762.875
kNN_dinov2_vitb14_l5_k25,32,26.08368123090909,-2.1860000852119685,522443.25
kNN_dinov2_vitb14_l5_k25,33,26.26193154681818,-2.175726236337011,522982.84375
kNN_dinov2_vitb14_l5_k25,34,26.29922768272727,-2.1735765915411758,523459.25
kNN_dinov2_vitb14_l5_k25,35,26.647243233181822,-2.153517950111732,814440.0
kNN_dinov2_vitb14_l5_k25,36,26.80277036,-2.144553802201322,463361.96875
kNN_dinov2_vitb14_l5_k25,37,27.710613355454544,-2.0922282750911965,699015.9375
kNN_dinov2_vitb14_l5_k25,38,27.723830698181818,-2.0914664644822447,526454.9375
kNN_dinov2_vitb14_l5_k25,39,27.94224735681818,-2.078877540130785,545577.5
kNN_dinov2_vitb14_l5_k25,40,28.008295531363636,-2.0750707083712667,566619.25
kNN_dinov2_vitb14_l5_k25,41,28.427649107272728,-2.0509003429944066,545517.9375
kNN_dinov2_vitb14_l5_k25,42,28.610673086363636,-2.0403513535461495,631445.0
kNN_dinov2_vitb14_l5_k25,43,28.864666542727274,-2.0257118822352584,648776.1875
kNN_dinov2_vitb14_l5_k25,44,28.872480873181818,-2.0252614861182057,514724.1875
kNN_dinov2_vitb14_l5_k25,45,29.867093540909092,-1.9679347981668596,1055463.25
kNN_dinov2_vitb14_l5_k25,46,30.946254809545454,-1.9057349657057894,548098.125
kNN_dinov2_vitb14_l5_k25,47,31.113843444545456,-1.8960756262517786,541748.625
kNN_dinov2_vitb14_l5_k25,48,31.75240744409091,-1.8592705861324392,505956.96875
kNN_dinov2_vitb14_l5_k25,49,31.962474827272725,-1.8471628906292867,448005.0
kNN_dinov2_vitb14_l5_k25,50,32.10326235227273,-1.8390482920775113,527127.3125
kNN_dinov2_vitb14_l5_k25,51,32.57260997909091,-1.8119964096549876,535295.375
kNN_dinov2_vitb14_l5_k25,52,33.29309288772727,-1.770469793095747,433112.25
kNN_dinov2_vitb14_l5_k25,53,33.63066458409091,-1.751013106159651,580569.625
kNN_dinov2_vitb14_l5_k25,54,33.94931614045454,-1.7326469230920152,541838.25
kNN_dinov2_vitb14_l5_k25,55,34.254768114545456,-1.7150415269704833,537896.0
kNN_dinov2_vitb14_l5_k25,56,35.01583384090909,-1.6711758304824154,605380.9375
kNN_dinov2_vitb14_l5_k25,57,35.61844186090909,-1.6364431923003018,513564.0
kNN_dinov2_vitb14_l5_k25,58,36.50372615909091,-1.5854178853071164,615816.625
kNN_dinov2_vitb14_l5_k25,59,36.74721518909091,-1.5713838597056917,564064.9375
kNN_dinov2_vitb14_l5_k25,60,37.183868766818186,-1.5462163706866658,592244.0
kNN_dinov2_vitb14_l5_k25,61,37.586910895,-1.5229861514634166,483598.8125
kNN_dinov2_vitb14_l5_k25,62,37.90925234181818,-1.504407293446501,488275.59375
kNN_dinov2_vitb14_l5_k25,63,39.159607152727276,-1.4323403447746748,569206.5625
kNN_dinov2_vitb14_l5_k25,64,39.16116855045455,-1.4322503501836308,690609.6875
kNN_dinov2_vitb14_l5_k25,65,39.50363207727273,-1.4125117118436592,539724.0625
kNN_dinov2_vitb14_l5_k25,66,39.72578294681818,-1.3997075580360745,472209.84375
kNN_dinov2_vitb14_l5_k25,67,40.10658689318182,-1.3777590853168278,586305.75
kNN_dinov2_vitb14_l5_k25,68,40.511631334545456,-1.3544134583708745,534243.9375
kNN_dinov2_vitb14_l5_k25,69,41.22542756590909,-1.3132722431581907,590085.625
kNN_dinov2_vitb14_l5_k25,70,41.450596035,-1.3002941633660317,484517.1875
kNN_dinov2_vitb14_l5_k25,71,41.606778884545456,-1.2912922214345022,441377.96875
kNN_dinov2_vitb14_l5_k25,72,41.74143011090909,-1.283531301946464,506376.28125
kNN_dinov2_vitb14_l5_k25,73,42.27668356454546,-1.2526807922886625,532152.9375
kNN_dinov2_vitb14_l5_k25,74,42.349748590454546,-1.2484695288729066,572975.0625
kNN_dinov2_vitb14_l5_k25,75,42.93479045136364,-1.2147493548925703,634370.125
kNN_dinov2_vitb14_l5_k25,76,42.999259720454546,-1.2110335268204517,563937.3125
kNN_dinov2_vitb14_l5_k25,77,43.14833512181818,-1.2024412382919711,593108.25
kNN_dinov2_vitb14_l5_k25,78,43.849900354999995,-1.1620049835516937,542972.9375
kNN_dinov2_vitb14_l5_k25,79,44.24228326,-1.1393891320928766,466904.03125
kNN_dinov2_vitb14_l5_k25,80,44.68483293727273,-1.113881808412842,570699.625
kNN_dinov2_vitb14_l5_k25,81,45.014271393181815,-1.0948938986728347,460237.59375
kNN_dinov2_vitb14_l5_k25,82,45.044897863636365,-1.0931286747100122,766555.9375
kNN_dinov2_vitb14_l5_k25,83,45.242849799999995,-1.0817192796223616,479020.15625
kNN_dinov2_vitb14_l5_k25,84,45.34376912590909,-1.0759025723830795,548496.5
kNN_dinov2_vitb14_l5_k25,85,45.44974382363636,-1.0697944876738517,538862.0625
kNN_dinov2_vitb14_l5_k25,86,45.87703164136364,-1.0451668148248472,478435.84375
kNN_dinov2_vitb14_l5_k25,87,46.05975058136364,-1.0346354069752812,577671.0625
kNN_dinov2_vitb14_l5_k25,88,46.3385215,-1.0185678321482947,784242.3125
kNN_dinov2_vitb14_l5_k25,89,46.461104443636366,-1.0115024946696791,528980.75
kNN_dinov2_vitb14_l5_k25,90,46.55172569545454,-1.00627933957292,591160.75
kNN_dinov2_vitb14_l5_k25,91,46.63784059272727,-1.0013159181284732,465699.8125
kNN_dinov2_vitb14_l5_k25,92,46.92503363227272,-0.9847629158452418,524594.8125
kNN_dinov2_vitb14_l5_k25,93,46.98420985,-0.9813521644262555,490063.84375
kNN_dinov2_vitb14_l5_k25,94,47.05894020545455,-0.9770449160806003,503409.3125
kNN_dinov2_vitb14_l5_k25,95,47.18393024863636,-0.9698408401272126,778688.8125
kNN_dinov2_vitb14_l5_k25,96,47.45620903181818,-0.9541474538013544,499942.96875
kNN_dinov2_vitb14_l5_k25,97,47.57944400681818,-0.9470445350614799,516635.40625
kNN_dinov2_vitb14_l5_k25,98,47.68605184090909,-0.9408999581458618,406914.0
kNN_dinov2_vitb14_l5_k25,99,47.85413733318182,-0.9312119812305011,673827.1875
kNN_dinov2_vitb14_l5_k25,100,47.997159330454544,-0.9229685939563709,456354.71875
kNN_dinov2_vitb14_l5_k25,101,48.745656067727275,-0.8798273387898924,500089.625
kNN_dinov2_vitb14_l5_k25,102,48.974869975454546,-0.8666160912472533,499154.25
kNN_dinov2_vitb14_l5_k25,103,49.269933079999994,-0.8496094804638982,560391.8125
kNN_dinov2_vitb14_l5_k25,104,49.50143869090909,-0.8362661455696251,479252.84375
kNN_dinov2_vitb14_l5_k25,105,50.02686477227273,-0.8059820581201266,544065.0
kNN_dinov2_vitb14_l5_k25,106,50.24467801363637,-0.793427913049909,557962.5
kNN_dinov2_vitb14_l5_k25,107,50.26601576545454,-0.7921980648087251,549368.6875
kNN_dinov2_vitb14_l5_k25,108,50.287720933636365,-0.7909470397175866,569235.625
kNN_dinov2_vitb14_l5_k25,109,50.397065763181814,-0.7846447100511362,635629.9375
kNN_dinov2_vitb14_l5_k25,110,50.44004938636363,-0.782167254421305,768213.5
kNN_dinov2_vitb14_l5_k25,111,50.53053583909091,-0.7769518687665316,435118.6875
kNN_dinov2_vitb14_l5_k25,112,50.744067415454545,-0.7646445068726515,470586.59375
kNN_dinov2_vitb14_l5_k25,113,50.877768575909094,-0.756938346522186,477298.09375
kNN_dinov2_vitb14_l5_k25,114,50.952142585000004,-0.7526516369826949,551109.1875
kNN_dinov2_vitb14_l5_k25,115,51.255980857727266,-0.7351392500872892,593297.4375
kNN_dinov2_vitb14_l5_k25,116,51.47010300409091,-0.7227978493929772,540205.1875
kNN_dinov2_vitb14_l5_k25,117,51.48649149727273,-0.7218532625551946,572068.75
kNN_dinov2_vitb14_l5_k25,118,51.49088870772727,-0.7215998196625357,540334.75
kNN_dinov2_vitb14_l5_k25,119,51.669473619090915,-0.7113066856428819,611581.8125
kNN_dinov2_vitb14_l5_k25,120,51.78909724363636,-0.7044119150267025,772650.0625
kNN_dinov2_vitb14_l5_k25,121,51.85205774272727,-0.7007830482308545,474017.15625
kNN_dinov2_vitb14_l5_k25,122,51.87800455454545,-0.699287546682667,957616.25
kNN_dinov2_vitb14_l5_k25,123,51.92553946363636,-0.6965477676825893,675386.3125
kNN_dinov2_vitb14_l5_k25,124,52.00039339090909,-0.6922333970034971,499559.59375
kNN_dinov2_vitb14_l5_k25,125,52.126720309090906,-0.6849522673201076,488003.84375
kNN_dinov2_vitb14_l5_k25,126,52.30133809090909,-0.6748877875343021,490547.46875
kNN_dinov2_vitb14_l5_k25,127,52.82782977227273,-0.6445422818858776,529197.8125
kNN_dinov2_vitb14_l5_k25,128,52.94948191,-0.637530593452388,519349.84375
kNN_dinov2_vitb14_l5_k25,129,52.977303153181815,-0.6359270549312603,605611.75
kNN_dinov2_vitb14_l5_k25,130,53.02329102272727,-0.6332764429568486,686438.875
kNN_dinov2_vitb14_l5_k25,131,53.11169118954546,-0.6281813049775454,537909.9375
kNN_dinov2_vitb14_l5_k25,132,53.15595768772727,-0.6256299080264427,510508.3125
kNN_dinov2_vitb14_l5_k25,133,53.19575964181818,-0.6233358348901765,507131.96875
kNN_dinov2_vitb14_l5_k25,134,53.738266159999995,-0.5920672789100433,639610.0
kNN_dinov2_vitb14_l5_k25,135,54.35688324090909,-0.5564119233034402,550094.8125
kNN_dinov2_vitb14_l5_k25,136,54.43010616227273,-0.5521915592359978,583695.0625
kNN_dinov2_vitb14_l5_k25,137,54.51598353272727,-0.5472418281719658,622356.4375
kNN_dinov2_vitb14_l5_k25,138,54.63723127590909,-0.5402534479072425,528692.5
kNN_dinov2_vitb14_l5_k25,139,54.68535675181818,-0.5374796302901245,528951.0
kNN_dinov2_vitb14_l5_k25,140,54.72388539863636,-0.5352589470181324,579117.625
kNN_dinov2_vitb14_l5_k25,141,55.23867115454546,-0.5055881381210048,545295.125
kNN_dinov2_vitb14_l5_k25,142,55.2775563909091,-0.5033469020265294,650706.3125
kNN_dinov2_vitb14_l5_k25,143,55.699695931818184,-0.47901596143141617,572499.25
kNN_dinov2_vitb14_l5_k25,144,55.80372709545455,-0.4730198965827504,624395.0625
kNN_dinov2_vitb14_l5_k25,145,55.82518654818182,-0.4717830338420878,696842.0
kNN_dinov2_vitb14_l5_k25,146,56.236087309090905,-0.4480998650428898,579139.375
kNN_dinov2_vitb14_l5_k25,147,56.34353036818182,-0.44190714809799403,537866.375
kNN_dinov2_vitb14_l5_k25,148,56.343846956363635,-0.44188890084205507,645405.75
kNN_dinov2_vitb14_l5_k25,149,56.418747340909086,-0.4375718524959041,479522.5625
kNN_dinov2_vitb14_l5_k25,150,56.4284854,-0.43701057804920695,822029.375
kNN_dinov2_vitb14_l5_k25,151,56.43083487727272,-0.4368751607608167,580416.5625
kNN_dinov2_vitb14_l5_k25,152,56.73676582727273,-0.41924215780964386,761872.1875
kNN_dinov2_vitb14_l5_k25,153,56.80215198181818,-0.415473483028404,1018183.0625
kNN_dinov2_vitb14_l5_k25,154,56.838491672272724,-0.41337896506927063,491291.0
kNN_dinov2_vitb14_l5_k25,155,56.87784920000001,-0.4111105074236286,596781.9375
kNN_dinov2_vitb14_l5_k25,156,56.88495511818182,-0.41070094220549447,582561.9375
kNN_dinov2_vitb14_l5_k25,157,56.89427865,-0.4101635599495794,475535.6875
kNN_dinov2_vitb14_l5_k25,158,57.014437336363635,-0.4032379498690725,554494.625
kNN_dinov2_vitb14_l5_k25,159,57.01605029863636,-0.40314498324207687,624119.8125
kNN_dinov2_vitb14_l5_k25,160,57.06027285454545,-0.40059611900047776,513308.625
kNN_dinov2_vitb14_l5_k25,161,57.08577673045454,-0.3991261470372903,638467.9375
kNN_dinov2_vitb14_l5_k25,162,57.165035822727276,-0.39455787498782163,864125.0625
kNN_dinov2_vitb14_l5_k25,163,57.30280682363637,-0.386617140434433,563570.75
kNN_dinov2_vitb14_l5_k25,164,57.552973348181816,-0.3721982427531278,503136.375
kNN_dinov2_vitb14_l5_k25,165,57.715692645,-0.3628195583114009,549561.1875
kNN_dinov2_vitb14_l5_k25,166,57.94736867727273,-0.34946640080713065,551924.25
kNN_dinov2_vitb14_l5_k25,167,58.01582408181818,-0.3455208230538053,635259.9375
kNN_dinov2_vitb14_l5_k25,168,58.14704098045454,-0.33795784859535755,621472.1875
kNN_dinov2_vitb14_l5_k25,169,58.40466673181818,-0.32310902197584374,651178.75
kNN_dinov2_vitb14_l5_k25,170,58.48494007,-0.3184822916333907,507554.4375
kNN_dinov2_vitb14_l5_k25,171,58.90741873181818,-0.2941318050590592,512872.75
kNN_dinov2_vitb14_l5_k25,172,58.92814133636364,-0.29293741218345776,559596.25
kNN_dinov2_vitb14_l5_k25,173,58.959711454090915,-0.29111779903528184,510738.8125
kNN_dinov2_vitb14_l5_k25,174,59.080638213636355,-0.2841479193681854,599929.75
kNN_dinov2_vitb14_l5_k25,175,59.15176404636364,-0.2800484256151513,486240.875
kNN_dinov2_vitb14_l5_k25,176,59.165360129545455,-0.27926478546736844,466850.875
kNN_dinov2_vitb14_l5_k25,177,59.343238913181814,-0.26901235067183393,488387.125
kNN_dinov2_vitb14_l5_k25,178,59.52943686818182,-0.2582804221434605,773425.375
kNN_dinov2_vitb14_l5_k25,179,59.53394987363636,-0.2580203051513792,755530.25
kNN_dinov2_vitb14_l5_k25,180,59.61907620909091,-0.2531138616408659,611141.8125
kNN_dinov2_vitb14_l5_k25,181,59.64024705,-0.25189363367691286,618680.25
kNN_dinov2_vitb14_l5_k25,182,59.81487126545455,-0.2418287830743299,605199.5
kNN_dinov2_vitb14_l5_k25,183,59.821444613636366,-0.241449913699103,598338.5
kNN_dinov2_vitb14_l5_k25,184,59.82249576181818,-0.241389328462493,679274.0
kNN_dinov2_vitb14_l5_k25,185,60.13491826227273,-0.22338217072795283,745296.9375
kNN_dinov2_vitb14_l5_k25,186,60.66603184545455,-0.19277027160609897,527025.9375
kNN_dinov2_vitb14_l5_k25,187,60.91525143409091,-0.1784059526579342,731498.0625
kNN_dinov2_vitb14_l5_k25,188,60.98922430909091,-0.17414236336374334,550847.25
kNN_dinov2_vitb14_l5_k25,189,61.15445065909091,-0.16461917939964438,481689.53125
kNN_dinov2_vitb14_l5_k25,190,61.257236485,-0.15869489232900422,575428.875
kNN_dinov2_vitb14_l5_k25,191,61.38288141818182,-0.1514530703505647,539694.1875
kNN_dinov2_vitb14_l5_k25,192,61.41676890772727,-0.14949989038246164,476032.96875
kNN_dinov2_vitb14_l5_k25,193,61.450913154545454,-0.1475319116444142,701691.625
kNN_dinov2_vitb14_l5_k25,194,61.557454278181815,-0.14139117973251966,541939.4375
kNN_dinov2_vitb14_l5_k25,195,61.612018317727276,-0.1382462613438015,521574.90625
kNN_dinov2_vitb14_l5_k25,196,61.66026577136363,-0.13546541327218128,562064.9375
kNN_dinov2_vitb14_l5_k25,197,61.784896459090916,-0.12828204956052722,694516.5
kNN_dinov2_vitb14_l5_k25,198,61.80260090454545,-0.12726161492013313,567686.1875
kNN_dinov2_vitb14_l5_k25,199,62.04634134636364,-0.11321309864578996,604396.8125
kNN_dinov2_vitb14_l5_k25,200,62.140166177272725,-0.1078052982244427,586614.1875
kNN_dinov2_vitb14_l5_k25,201,62.30800517363637,-0.0981315286427709,716202.1875
kNN_dinov2_vitb14_l5_k25,202,62.48285368636363,-0.08805375017371433,553299.25
kNN_dinov2_vitb14_l5_k25,203,62.50087945,-0.08701479565343062,610093.5625
kNN_dinov2_vitb14_l5_k25,204,62.515273900000004,-0.08618513987871876,484023.4375
kNN_dinov2_vitb14_l5_k25,205,62.56153540454545,-0.08351875634944335,485375.90625
kNN_dinov2_vitb14_l5_k25,206,62.62842450590909,-0.07966345592382028,673098.5625
kNN_dinov2_vitb14_l5_k25,207,62.64787497272727,-0.07854238550316901,558144.75
kNN_dinov2_vitb14_l5_k25,208,62.80573838590909,-0.06944358059141646,626862.9375
kNN_dinov2_vitb14_l5_k25,209,62.831736559090906,-0.06794511871810778,500815.84375
kNN_dinov2_vitb14_l5_k25,210,63.033077886363635,-0.05634036863318487,865561.9375
kNN_dinov2_vitb14_l5_k25,211,63.2958711590909,-0.041193700558090865,789517.1875
kNN_dinov2_vitb14_l5_k25,212,63.30556153181818,-0.04063517461980955,830999.4375
kNN_dinov2_vitb14_l5_k25,213,63.451246159090914,-0.0322383208113255,647940.625
kNN_dinov2_vitb14_l5_k25,214,63.51674641363636,-0.02846306962571502,566981.0625
kNN_dinov2_vitb14_l5_k25,215,63.52993807136364,-0.027702739428211564,540287.0
kNN_dinov2_vitb14_l5_k25,216,63.601648069090906,-0.02356957604100441,528975.0
kNN_dinov2_vitb14_l5_k25,217,63.632569839545454,-0.021787331813408223,881118.0625
kNN_dinov2_vitb14_l5_k25,218,63.65115097727273,-0.02071636708629849,739773.4375
kNN_dinov2_vitb14_l5_k25,219,63.71100458181818,-0.017266572988681755,517454.15625
kNN_dinov2_vitb14_l5_k25,220,63.89873966363636,-0.006446048776474242,483580.75
kNN_dinov2_vitb14_l5_k25,221,63.92419218818182,-0.004979036562035517,419285.15625
kNN_dinov2_vitb14_l5_k25,222,63.96103896818182,-0.002855291382016408,666359.375
kNN_dinov2_vitb14_l5_k25,223,63.99746849090909,-0.0007555957423308915,674827.125
kNN_dinov2_vitb14_l5_k25,224,64.02118780454545,0.000611519050564863,754239.375
kNN_dinov2_vitb14_l5_k25,225,64.02835174090909,0.0010244282741725598,482298.0
kNN_dinov2_vitb14_l5_k25,226,64.1043883409091,0.005406964896234798,659151.25
kNN_dinov2_vitb14_l5_k25,227,64.15682117727273,0.008429046703709133,482589.53125
kNN_dinov2_vitb14_l5_k25,228,64.23845857272727,0.01313439748621699,620010.125
kNN_dinov2_vitb14_l5_k25,229,64.25370258636363,0.014013019729039077,546929.5
kNN_dinov2_vitb14_l5_k25,230,64.32671434181817,0.01822121278502206,546650.75
kNN_dinov2_vitb14_l5_k25,231,64.40631527727272,0.022809187717882526,637655.6875
kNN_dinov2_vitb14_l5_k25,232,64.56676404090909,0.032057004987472486,847327.0625
kNN_dinov2_vitb14_l5_k25,233,64.70266141363636,0.0398897488610707,681106.5625
kNN_dinov2_vitb14_l5_k25,234,64.83579067045456,0.047562946288015,592637.25
kNN_dinov2_vitb14_l5_k25,235,64.88276691590909,0.05027052548108044,829392.375
kNN_dinov2_vitb14_l5_k25,236,64.91428311818181,0.05208703109348984,524210.375
kNN_dinov2_vitb14_l5_k25,237,64.99876317727272,0.056956225044821694,687163.625
kNN_dinov2_vitb14_l5_k25,238,65.11283459954545,0.06353098227543044,593099.375
kNN_dinov2_vitb14_l5_k25,239,65.12859398045454,0.06443930884414997,533615.625
kNN_dinov2_vitb14_l5_k25,240,65.15700578272727,0.06607688553694015,648296.8125
kNN_dinov2_vitb14_l5_k25,241,65.26560826818182,0.07233642856952589,639440.125
kNN_dinov2_vitb14_l5_k25,242,65.49862164545455,0.08576666689328061,532994.0625
kNN_dinov2_vitb14_l5_k25,243,65.58085287863636,0.09050624481886647,490528.375
kNN_dinov2_vitb14_l5_k25,244,65.74797291818182,0.10013857574355729,491572.59375
kNN_dinov2_vitb14_l5_k25,245,65.77319434545456,0.10159226815857124,660243.125
kNN_dinov2_vitb14_l5_k25,246,65.79643795909091,0.10293196493604907,497887.28125
kNN_dinov2_vitb14_l5_k25,247,65.90152255454545,0.10898874664372764,588494.5625
kNN_dinov2_vitb14_l5_k25,248,66.06104215454546,0.11818300952419154,513272.4375
kNN_dinov2_vitb14_l5_k25,249,66.34667021363636,0.13464581071801482,603052.375
kNN_dinov2_vitb14_l5_k25,250,66.41367993636364,0.13850806342114064,630126.75
kNN_dinov2_vitb14_l5_k25,251,66.49486482500001,0.14318733297826053,630662.1875
kNN_dinov2_vitb14_l5_k25,252,66.57540134545455,0.14782923240965884,494376.25
kNN_dinov2_vitb14_l5_k25,253,66.64770191772728,0.15199643485928482,789258.3125
kNN_dinov2_vitb14_l5_k25,254,66.69631712272727,0.15479847908932004,605843.8125
kNN_dinov2_vitb14_l5_k25,255,66.69915260454546,0.15496190831826281,728461.375
kNN_dinov2_vitb14_l5_k25,256,66.84640655909091,0.16344921375457688,628586.0
kNN_dinov2_vitb14_l5_k25,257,66.92138232272727,0.1677706067403678,509720.875
kNN_dinov2_vitb14_l5_k25,258,67.1600262,0.1815253713113582,464589.53125
kNN_dinov2_vitb14_l5_k25,259,67.24224864545455,0.1862644427369615,638084.75
kNN_dinov2_vitb14_l5_k25,260,67.33497136227273,0.19160872038946963,1408549.875
kNN_dinov2_vitb14_l5_k25,261,67.50431248636363,0.20136906840541843,677502.0625
kNN_dinov2_vitb14_l5_k25,262,67.65232870272727,0.20990030847760313,657688.625
kNN_dinov2_vitb14_l5_k25,263,67.78208407272727,0.2173790445196429,505670.375
kNN_dinov2_vitb14_l5_k25,264,67.84529925,0.2210225902524589,570346.1875
kNN_dinov2_vitb14_l5_k25,265,67.89158320909091,0.22369026799883285,638963.75
kNN_dinov2_vitb14_l5_k25,266,67.98637594090908,0.22915385551719142,693178.75
kNN_dinov2_vitb14_l5_k25,267,68.0851692090909,0.234848022744816,551325.4375
kNN_dinov2_vitb14_l5_k25,268,68.12695885,0.23725666058115907,560381.8125
kNN_dinov2_vitb14_l5_k25,269,68.2302839,0.24321202701786718,755866.3125
kNN_dinov2_vitb14_l5_k25,270,68.23565684545454,0.24352170854259156,613055.375
kNN_dinov2_vitb14_l5_k25,271,68.26595938409092,0.24526826198284749,585038.75
kNN_dinov2_vitb14_l5_k25,272,68.27114585318182,0.2455671955323495,596083.75
kNN_dinov2_vitb14_l5_k25,273,68.32032611363637,0.24840180797589106,546711.3125
kNN_dinov2_vitb14_l5_k25,274,68.38830778636363,0.25232008115428434,686341.75
kNN_dinov2_vitb14_l5_k25,275,68.41746199090909,0.2540004478343775,502033.6875
kNN_dinov2_vitb14_l5_k25,276,68.46063733181818,0.256488953536948,602327.1875
kNN_dinov2_vitb14_l5_k25,277,68.46664887727273,0.256835442176758,565938.9375
kNN_dinov2_vitb14_l5_k25,278,68.47213741363636,0.2571517860376766,839152.875
kNN_dinov2_vitb14_l5_k25,279,68.93374281227273,0.283757428116166,502579.96875
kNN_dinov2_vitb14_l5_k25,280,69.04567613727274,0.29020895140944425,615814.625
kNN_dinov2_vitb14_l5_k25,281,69.05974111818182,0.2910196175086998,606295.625
kNN_dinov2_vitb14_l5_k25,282,69.09219679545454,0.2928902718283501,645796.875
kNN_dinov2_vitb14_l5_k25,283,69.09712682727273,0.29317442505181285,537713.8125
kNN_dinov2_vitb14_l5_k25,284,69.10091421363637,0.29339271939217726,496113.8125
kNN_dinov2_vitb14_l5_k25,285,69.10780212727273,0.2937897194390094,508460.875
kNN_dinov2_vitb14_l5_k25,286,69.12065298636364,0.2945304069577943,677374.3125
kNN_dinov2_vitb14_l5_k25,287,69.18059698636364,0.2979854111961857,550590.875
kNN_dinov2_vitb14_l5_k25,288,69.23367816363636,0.30104486155745686,736514.1875
kNN_dinov2_vitb14_l5_k25,289,69.2644266,0.3028171152936152,620160.1875
kNN_dinov2_vitb14_l5_k25,290,69.35791935818182,0.30820577597320115,547177.25
kNN_dinov2_vitb14_l5_k25,291,69.61843814545455,0.32322134907823014,620913.0625
kNN_dinov2_vitb14_l5_k25,292,69.80519480454545,0.33398547974530074,666195.25
kNN_dinov2_vitb14_l5_k25,293,69.8553488,0.33687621554651076,759963.75
kNN_dinov2_vitb14_l5_k25,294,69.88728480909091,0.3387169176479122,976631.375
kNN_dinov2_vitb14_l5_k25,295,69.97248817863637,0.3436278011876287,672500.0
kNN_dinov2_vitb14_l5_k25,296,70.05721009181819,0.3485109349312532,535970.3125
kNN_dinov2_vitb14_l5_k25,297,70.14929492727272,0.35381844688886305,553537.125
kNN_dinov2_vitb14_l5_k25,298,70.15787111818182,0.35431275450831085,588104.3125
kNN_dinov2_vitb14_l5_k25,299,70.16147875909091,0.3545206888241977,665743.625
kNN_dinov2_vitb14_l5_k25,300,70.20511073181818,0.3570355135056018,729591.25
kNN_dinov2_vitb14_l5_k25,301,70.32331571818182,0.3638485177910241,525699.9375
kNN_dinov2_vitb14_l5_k25,302,70.37705808636363,0.36694607734409634,685369.4375
kNN_dinov2_vitb14_l5_k25,303,70.399005675,0.36821107487114013,548044.875
kNN_dinov2_vitb14_l5_k25,304,70.50181075318181,0.37413647158884883,586436.1875
kNN_dinov2_vitb14_l5_k25,305,70.6102672090909,0.38038759788750787,652401.4375
kNN_dinov2_vitb14_l5_k25,306,70.7436578590909,0.38807586128520843,690802.0
kNN_dinov2_vitb14_l5_k25,307,70.83137117272727,0.39313141097119886,797170.0
kNN_dinov2_vitb14_l5_k25,308,70.8352099,0.39335266445774103,519740.03125
kNN_dinov2_vitb14_l5_k25,309,70.84563281363636,0.3939534120019492,585710.9375
kNN_dinov2_vitb14_l5_k25,310,70.86294127272727,0.394951023097624,520739.0
kNN_dinov2_vitb14_l5_k25,311,70.88488886772727,0.3962160209914498,492889.6875
kNN_dinov2_vitb14_l5_k25,312,70.94146290454545,0.3994767899923458,447701.46875
kNN_dinov2_vitb14_l5_k25,313,71.03486937272727,0.4048604771580567,709596.1875
kNN_dinov2_vitb14_l5_k25,314,71.06114357272727,0.4063748484439294,525738.8125
kNN_dinov2_vitb14_l5_k25,315,71.16676672727273,0.41246267118893826,789635.75
kNN_dinov2_vitb14_l5_k25,316,71.17873871818182,0.41315270320770386,568603.375
kNN_dinov2_vitb14_l5_k25,317,71.2066498259091,0.4147614212694939,530198.0625
kNN_dinov2_vitb14_l5_k25,318,71.25545576818182,0.4175744590616155,688441.75
kNN_dinov2_vitb14_l5_k25,319,71.3174982909091,0.4211504162713988,581486.9375
kNN_dinov2_vitb14_l5_k25,320,71.36296618181818,0.4237710581338302,537768.75
kNN_dinov2_vitb14_l5_k25,321,71.46931471818182,0.4299006898548213,727836.0625
kNN_dinov2_vitb14_l5_k25,322,71.72297334090909,0.4445208622928842,561784.5625
kNN_dinov2_vitb14_l5_k25,323,71.90808025909091,0.45518990651538743,578239.4375
kNN_dinov2_vitb14_l5_k25,324,71.99829709090909,0.46038975197625187,536498.8125
kNN_dinov2_vitb14_l5_k25,325,72.09644175681818,0.46604653558581094,577252.375
kNN_dinov2_vitb14_l5_k25,326,72.15469048045455,0.4694038288435938,661986.625
kNN_dinov2_vitb14_l5_k25,327,72.16259906363636,0.4698596574238161,606789.625
kNN_dinov2_vitb14_l5_k25,328,72.25012620454545,0.47490447663533314,540674.75
kNN_dinov2_vitb14_l5_k25,329,72.32991709090909,0.4795033998064825,619426.1875
kNN_dinov2_vitb14_l5_k25,330,72.3529890590909,0.4808332034207922,534561.375
kNN_dinov2_vitb14_l5_k25,331,72.35690482818183,0.48105889738191765,541841.1875
kNN_dinov2_vitb14_l5_k25,332,72.45495321363636,0.48671013165578725,623550.5625
kNN_dinov2_vitb14_l5_k25,333,72.62635492727273,0.49658924628079065,540944.875
kNN_dinov2_vitb14_l5_k25,334,72.63195748181819,0.49691216183031,517439.8125
kNN_dinov2_vitb14_l5_k25,335,72.83995069636363,0.5089003080636467,544599.5625
kNN_dinov2_vitb14_l5_k25,336,72.89617321363636,0.5121408164626576,526417.875
kNN_dinov2_vitb14_l5_k25,337,73.03390340545455,0.5200791988943657,689729.125
kNN_dinov2_vitb14_l5_k25,338,73.11911989545455,0.5249908386603275,614652.0625
kNN_dinov2_vitb14_l5_k25,339,73.13833258181818,0.5260982040816745,503288.03125
kNN_dinov2_vitb14_l5_k25,340,73.33471177272727,0.5374169505270702,491146.25
kNN_dinov2_vitb14_l5_k25,341,73.33981687045456,0.5377111940591194,529021.4375
kNN_dinov2_vitb14_l5_k25,342,73.39854528636364,0.541096135435736,569263.0
kNN_dinov2_vitb14_l5_k25,343,73.41015931818183,0.5417655356952554,716201.8125
kNN_dinov2_vitb14_l5_k25,344,73.44266513181819,0.5436390797344586,634233.25
kNN_dinov2_vitb14_l5_k25,345,73.44619574090909,0.5438425741521346,521066.59375
kNN_dinov2_vitb14_l5_k25,346,73.46868897499999,0.5451390211546568,614958.75
kNN_dinov2_vitb14_l5_k25,347,73.50964273636363,0.5474994812355564,604811.625
kNN_dinov2_vitb14_l5_k25,348,73.53120189545454,0.548742090771711,971168.625
kNN_dinov2_vitb14_l5_k25,349,73.63946159545455,0.5549818766109442,823733.75
kNN_dinov2_vitb14_l5_k25,350,73.76844457272728,0.562416094099894,534721.3125
kNN_dinov2_vitb14_l5_k25,351,73.80118299272728,0.5643030449182952,663348.9375
kNN_dinov2_vitb14_l5_k25,352,73.90576145,0.5703306542390226,898341.9375
kNN_dinov2_vitb14_l5_k25,353,73.96756481363637,0.5738928269887642,519129.96875
kNN_dinov2_vitb14_l5_k25,354,74.00717849454546,0.5761760485862414,591204.8125
kNN_dinov2_vitb14_l5_k25,355,74.01135728181818,0.5764169021785707,882032.0625
kNN_dinov2_vitb14_l5_k25,356,74.05095793636363,0.5786993729729389,504584.625
kNN_dinov2_vitb14_l5_k25,357,74.05302495909092,0.5788185103725725,440968.6875
kNN_dinov2_vitb14_l5_k25,358,74.20412883636364,0.5875277145700669,514812.46875
kNN_dinov2_vitb14_l5_k25,359,74.32802774090909,0.5946689003490705,785148.9375
kNN_dinov2_vitb14_l5_k25,360,74.38583995454546,0.5980010343932524,546486.25
kNN_dinov2_vitb14_l5_k25,361,74.46433656818182,0.602525359310058,506817.46875
kNN_dinov2_vitb14_l5_k25,362,74.52572066363636,0.6060633666162982,520173.0
kNN_dinov2_vitb14_l5_k25,363,74.86437946363637,0.625582711160682,900260.9375
kNN_dinov2_vitb14_l5_k25,364,74.89747095909091,0.6274900122592099,723154.5625
kNN_dinov2_vitb14_l5_k25,365,74.9084351090909,0.6281219551512479,621969.1875
kNN_dinov2_vitb14_l5_k25,366,75.02020153181819,0.634563858665071,514549.6875
kNN_dinov2_vitb14_l5_k25,367,75.04613550454546,0.6360586202040249,525129.0625
kNN_dinov2_vitb14_l5_k25,368,75.04910765454545,0.6362299266041167,585029.125
kNN_dinov2_vitb14_l5_k25,369,75.04911406363637,0.6362302960061632,594470.375
kNN_dinov2_vitb14_l5_k25,370,75.14242499545455,0.6416084767235004,498997.3125
kNN_dinov2_vitb14_l5_k25,371,75.14524949545454,0.6417712729912052,549161.25
kNN_dinov2_vitb14_l5_k25,372,75.21942449545455,0.6460465122041826,569472.9375
kNN_dinov2_vitb14_l5_k25,373,75.2494860690909,0.6477791770968547,527488.5625
kNN_dinov2_vitb14_l5_k25,374,75.29101026818182,0.6501725156103826,550428.375
kNN_dinov2_vitb14_l5_k25,375,75.30463428181818,0.6509577655913236,498572.71875
kNN_dinov2_vitb14_l5_k25,376,75.35053226363635,0.6536031966889378,646847.4375
kNN_dinov2_vitb14_l5_k25,377,75.358434425,0.6540586551335503,518067.875
kNN_dinov2_vitb14_l5_k25,378,75.4765098,0.6608641889830542,570774.3125
kNN_dinov2_vitb14_l5_k25,379,75.48288537727272,0.661231659397098,637346.875
kNN_dinov2_vitb14_l5_k25,380,75.54217925454545,0.664649192382683,640138.1875
kNN_dinov2_vitb14_l5_k25,381,75.65154605454546,0.6709527883645888,568809.375
kNN_dinov2_vitb14_l5_k25,382,75.68111334545455,0.672656964185499,753822.625
kNN_dinov2_vitb14_l5_k25,383,75.77031593636364,0.677798351641565,738170.1875
kNN_dinov2_vitb14_l5_k25,384,75.78166525454546,0.6784524945486285,611753.5
kNN_dinov2_vitb14_l5_k25,385,75.79512009954546,0.6792279941232632,613633.0
kNN_dinov2_vitb14_l5_k25,386,75.84170493636363,0.6819130136189849,570916.0
kNN_dinov2_vitb14_l5_k25,387,75.84312428636363,0.6819948209769487,475746.0
kNN_dinov2_vitb14_l5_k25,388,76.02107943636364,0.6922516573157579,547973.75
kNN_dinov2_vitb14_l5_k25,389,76.07231828181818,0.6952049208319687,558497.125
kNN_dinov2_vitb14_l5_k25,390,76.16321556363636,0.7004439855246826,616940.4375
kNN_dinov2_vitb14_l5_k25,391,76.19598609272727,0.7023327870211363,611259.5625
kNN_dinov2_vitb14_l5_k25,392,76.26727722727273,0.7064418083079089,471418.28125
kNN_dinov2_vitb14_l5_k25,393,76.28929185454545,0.7077106697541566,705330.1875
kNN_dinov2_vitb14_l5_k25,394,76.28997104545455,0.707749816415534,528099.375
kNN_dinov2_vitb14_l5_k25,395,76.32376224090909,0.7096974462619865,599564.25
kNN_dinov2_vitb14_l5_k25,396,76.35414479090909,0.7114486113331051,561259.375
kNN_dinov2_vitb14_l5_k25,397,76.39021483181818,0.71352758744781,538316.1875
kNN_dinov2_vitb14_l5_k25,398,76.45241142272727,0.7171124247159999,513665.28125
kNN_dinov2_vitb14_l5_k25,399,76.51437691681818,0.7206839422109638,572527.25
kNN_dinov2_vitb14_l5_k25,400,76.5471795409091,0.7225745935733101,628740.5
kNN_dinov2_vitb14_l5_k25,401,76.59774437272728,0.7254890088316404,603545.0625
kNN_dinov2_vitb14_l5_k25,402,76.63823088636364,0.7278225380624447,474136.8125
kNN_dinov2_vitb14_l5_k25,403,76.64452179545455,0.7281851284396704,641834.1875
kNN_dinov2_vitb14_l5_k25,404,76.67493643727272,0.7299381431932893,470692.71875
kNN_dinov2_vitb14_l5_k25,405,76.67586082272727,0.7299914221814013,585427.0
kNN_dinov2_vitb14_l5_k25,406,76.81212329090908,0.7378452091342544,703703.125
kNN_dinov2_vitb14_l5_k25,407,76.90558185454546,0.7432318989360301,771353.625
kNN_dinov2_vitb14_l5_k25,408,76.91644974545454,0.7438582937237196,619168.0625
kNN_dinov2_vitb14_l5_k25,409,76.98329391227273,0.7477110042480184,601901.75
kNN_dinov2_vitb14_l5_k25,410,77.11547369545454,0.7553294766743298,584460.8125
kNN_dinov2_vitb14_l5_k25,411,77.14402031818182,0.7569748240404465,589337.5
kNN_dinov2_vitb14_l5_k25,412,77.17084656363636,0.7585210136798696,478514.6875
kNN_dinov2_vitb14_l5_k25,413,77.25877326818183,0.7635888626200866,806327.5
kNN_dinov2_vitb14_l5_k25,414,77.34552212272727,0.7685888235858233,454532.3125
kNN_dinov2_vitb14_l5_k25,415,77.52582683636363,0.7789810821907805,487917.28125
kNN_dinov2_vitb14_l5_k25,416,77.65479755863636,0.7864145933358604,1038202.625
kNN_dinov2_vitb14_l5_k25,417,77.69959142727272,0.7889963864426363,705704.3125
kNN_dinov2_vitb14_l5_k25,418,77.72501827727272,0.7904619188481973,490159.46875
kNN_dinov2_vitb14_l5_k25,419,77.83570625,0.7968416635250904,737625.8125
kNN_dinov2_vitb14_l5_k25,420,77.9733424409091,0.8047746280077235,574244.6875
kNN_dinov2_vitb14_l5_k25,421,78.0566007590909,0.8095734042355274,601932.625
kNN_dinov2_vitb14_l5_k25,422,78.20425748181819,0.818083924101565,613116.0625
kNN_dinov2_vitb14_l5_k25,423,78.23482706363636,0.8198458691627494,473101.90625
kNN_dinov2_vitb14_l5_k25,424,78.25971381363637,0.8212802717172971,589106.3125
kNN_dinov2_vitb14_l5_k25,425,78.3483194,0.8263872495037559,438057.53125
kNN_dinov2_vitb14_l5_k25,426,78.4185978909091,0.8304379048480556,499204.96875
kNN_dinov2_vitb14_l5_k25,427,78.53980069090909,0.837423694713678,580544.4375
kNN_dinov2_vitb14_l5_k25,428,78.54177141363635,0.8375372816510761,655140.5
kNN_dinov2_vitb14_l5_k25,429,78.57485005,0.8394438415876266,526836.4375
kNN_dinov2_vitb14_l5_k25,430,78.5853263609091,0.8400476668010531,498538.4375
kNN_dinov2_vitb14_l5_k25,431,78.61859467727272,0.8419651593614511,656221.8125
kNN_dinov2_vitb14_l5_k25,432,78.63007529545455,0.8426268700327033,729573.625
kNN_dinov2_vitb14_l5_k25,433,78.86957993181818,0.8564312463464417,554170.5
kNN_dinov2_vitb14_l5_k25,434,79.22077921818182,0.8766733893950602,559414.375
kNN_dinov2_vitb14_l5_k25,435,79.25695136818182,0.8787582507917258,689642.0
kNN_dinov2_vitb14_l5_k25,436,79.28284742727273,0.8802508270948876,616036.125
kNN_dinov2_vitb14_l5_k25,437,79.36729972727272,0.8851184210899811,581257.6875
kNN_dinov2_vitb14_l5_k25,438,79.46781420454546,0.8909117939879693,740826.375
kNN_dinov2_vitb14_l5_k25,439,79.51125251363636,0.8934154564398847,665011.5
kNN_dinov2_vitb14_l5_k25,440,79.62850745318183,0.9001737026880812,569837.5625
kNN_dinov2_vitb14_l5_k25,441,79.6499864090909,0.9014116895375086,536774.0625
kNN_dinov2_vitb14_l5_k25,442,79.75645692727272,0.9075483519487911,493982.84375
kNN_dinov2_vitb14_l5_k25,443,79.91532173636364,0.9167048745155257,651968.25
kNN_dinov2_vitb14_l5_k25,444,79.94757872272727,0.9185640768477706,576433.1875
kNN_dinov2_vitb14_l5_k25,445,80.02392345454545,0.9229643733246603,579245.25
kNN_dinov2_vitb14_l5_k25,446,80.13685939999999,0.9294736848522888,613912.75
kNN_dinov2_vitb14_l5_k25,447,80.28660759545454,0.9381047513474663,632921.375
kNN_dinov2_vitb14_l5_k25,448,80.40461357272727,0.9449062853063745,628287.375
kNN_dinov2_vitb14_l5_k25,449,80.43965011363636,0.9469256933762311,708040.75
kNN_dinov2_vitb14_l5_k25,450,80.56802326363636,0.954324762129495,790083.375
kNN_dinov2_vitb14_l5_k25,451,80.69563893636364,0.9616801720146861,466785.59375
kNN_dinov2_vitb14_l5_k25,452,80.83871870454546,0.9699268890421825,1016371.9375
kNN_dinov2_vitb14_l5_k25,453,80.88731798181819,0.9727280152426367,509825.53125
kNN_dinov2_vitb14_l5_k25,454,80.98601989090909,0.9784169167881859,498786.03125
kNN_dinov2_vitb14_l5_k25,455,81.02786977272727,0.9808290267417757,501664.53125
kNN_dinov2_vitb14_l5_k25,456,81.46314962272727,1.0059173379428359,658351.0
kNN_dinov2_vitb14_l5_k25,457,81.49191450454545,1.0075752651515413,537591.875
kNN_dinov2_vitb14_l5_k25,458,81.53910919545454,1.0102954349286748,467480.90625
kNN_dinov2_vitb14_l5_k25,459,81.65584415909092,1.0170237112220841,931563.1875
kNN_dinov2_vitb14_l5_k25,460,81.66778405000001,1.017711893086772,563157.4375
kNN_dinov2_vitb14_l5_k25,461,82.0783984909091,1.0413785592032403,791882.75
kNN_dinov2_vitb14_l5_k25,462,82.11143467727273,1.0432826724407058,542681.625
kNN_dinov2_vitb14_l5_k25,463,82.15394328181819,1.0457327493270108,613365.1875
kNN_dinov2_vitb14_l5_k25,464,82.87086985,1.0870543883848574,465107.25
kNN_dinov2_vitb14_l5_k25,465,83.04785639090909,1.0972553968090384,535263.625
kNN_dinov2_vitb14_l5_k25,466,83.2706767,1.1100981352367167,502110.15625
kNN_dinov2_vitb14_l5_k25,467,83.28013232272727,1.1106431308426048,569689.1875
kNN_dinov2_vitb14_l5_k25,468,83.32162666818182,1.113034748676162,524816.75
kNN_dinov2_vitb14_l5_k25,469,83.35334443181819,1.1148628717209361,634594.25
kNN_dinov2_vitb14_l5_k25,470,83.45792123636365,1.1208903857830939,533071.6875
kNN_dinov2_vitb14_l5_k25,471,84.18152392727274,1.1625968178530641,529085.375
kNN_dinov2_vitb14_l5_k25,472,84.62887205909091,1.188380711011149,489426.4375
kNN_dinov2_vitb14_l5_k25,473,85.11071750454545,1.2161529326896323,421719.53125
kNN_dinov2_vitb14_l5_k25,474,85.12217595454545,1.2168133656489846,484931.28125
kNN_dinov2_vitb14_l5_k25,475,85.54109655454546,1.2409587755073437,614135.5625
kNN_dinov2_vitb14_l5_k25,476,85.8163718359091,1.256824871594287,1043118.3125
kNN_dinov2_vitb14_l5_k25,477,86.0069106,1.2678069921987163,657969.375
kNN_dinov2_vitb14_l5_k25,478,86.07828567272726,1.2719208514471514,751377.9375
kNN_dinov2_vitb14_l5_k25,479,86.46879091363637,1.2944284796076844,568235.5
kNN_dinov2_vitb14_l5_k25,480,87.81027129545454,1.371747650915916,734230.1875
kNN_dinov2_vitb14_l5_k50,1,10.383351573636363,-3.0909231051976005,671099.4375
kNN_dinov2_vitb14_l5_k50,2,11.237612673636363,-3.0416858884420805,760855.9375
kNN_dinov2_vitb14_l5_k50,3,12.873956289545454,-2.9473716263235947,823783.25
kNN_dinov2_vitb14_l5_k50,4,13.852077771363637,-2.8909954441311574,591718.8125
kNN_dinov2_vitb14_l5_k50,5,14.772021149545454,-2.8379724848575316,581511.75
kNN_dinov2_vitb14_l5_k50,6,15.774696462272727,-2.780181088634338,1090383.375
kNN_dinov2_vitb14_l5_k50,7,16.11136225,-2.760776615734313,853452.5
kNN_dinov2_vitb14_l5_k50,8,16.718538883636366,-2.7257806554602935,593539.8125
kNN_dinov2_vitb14_l5_k50,9,16.83383592,-2.719135257266808,536294.625
kNN_dinov2_vitb14_l5_k50,10,16.977602550909094,-2.710848951395825,548868.9375
kNN_dinov2_vitb14_l5_k50,11,17.128398308636363,-2.702157506345793,614798.1875
kNN_dinov2_vitb14_l5_k50,12,17.49981897681818,-2.680749859495494,607988.3125
kNN_dinov2_vitb14_l5_k50,13,18.01987185318182,-2.650775468530193,611070.9375
kNN_dinov2_vitb14_l5_k50,14,18.22368484818182,-2.639028258441373,730876.8125
kNN_dinov2_vitb14_l5_k50,15,18.40435578590909,-2.628614891705722,621098.4375
kNN_dinov2_vitb14_l5_k50,16,18.964998386363636,-2.5963010227481416,630840.0625
kNN_dinov2_vitb14_l5_k50,17,19.531784013636365,-2.563633086933271,555559.9375
kNN_dinov2_vitb14_l5_k50,18,21.457911477272727,-2.4526164956056054,627169.4375
kNN_dinov2_vitb14_l5_k50,19,22.164942098181818,-2.411865231226962,626243.9375
kNN_dinov2_vitb14_l5_k50,20,22.207954510454545,-2.4093861162745784,842343.0625
kNN_dinov2_vitb14_l5_k50,21,22.336504287727273,-2.401976867220102,545114.6875
kNN_dinov2_vitb14_l5_k50,22,22.775860404545455,-2.376653611418521,634089.625
kNN_dinov2_vitb14_l5_k50,23,23.03693973772727,-2.361605730017554,569300.25
kNN_dinov2_vitb14_l5_k50,24,23.073138160909092,-2.359519354308287,609871.1875
kNN_dinov2_vitb14_l5_k50,25,23.859046570909094,-2.314221795127428,777199.4375
kNN_dinov2_vitb14_l5_k50,26,24.108436355454547,-2.299847666563835,560015.375
kNN_dinov2_vitb14_l5_k50,27,24.136628927727273,-2.2982227256741137,644890.0625
kNN_dinov2_vitb14_l5_k50,28,24.706419758636365,-2.2653815783401448,697486.75
kNN_dinov2_vitb14_l5_k50,29,25.160939161363636,-2.2391843532157982,658956.3125
kNN_dinov2_vitb14_l5_k50,30,25.272293834545454,-2.2327661817923388,513824.0
kNN_dinov2_vitb14_l5_k50,31,25.739496508636364,-2.205837928436342,638671.9375
kNN_dinov2_vitb14_l5_k50,32,26.08368123090909,-2.1860000852119685,615844.625
kNN_dinov2_vitb14_l5_k50,33,26.26193154681818,-2.175726236337011,582518.0
kNN_dinov2_vitb14_l5_k50,34,26.29922768272727,-2.1735765915411758,609406.75
kNN_dinov2_vitb14_l5_k50,35,26.647243233181822,-2.153517950111732,879664.375
kNN_dinov2_vitb14_l5_k50,36,26.80277036,-2.144553802201322,547150.9375
kNN_dinov2_vitb14_l5_k50,37,27.710613355454544,-2.0922282750911965,769935.1875
kNN_dinov2_vitb14_l5_k50,38,27.723830698181818,-2.0914664644822447,600026.5
kNN_dinov2_vitb14_l5_k50,39,27.94224735681818,-2.078877540130785,619233.25
kNN_dinov2_vitb14_l5_k50,40,28.008295531363636,-2.0750707083712667,653457.5
kNN_dinov2_vitb14_l5_k50,41,28.427649107272728,-2.0509003429944066,624481.1875
kNN_dinov2_vitb14_l5_k50,42,28.610673086363636,-2.0403513535461495,699033.5
kNN_dinov2_vitb14_l5_k50,43,28.864666542727274,-2.0257118822352584,722490.0625
kNN_dinov2_vitb14_l5_k50,44,28.872480873181818,-2.0252614861182057,595325.625
kNN_dinov2_vitb14_l5_k50,45,29.867093540909092,-1.9679347981668596,1134649.75
kNN_dinov2_vitb14_l5_k50,46,30.946254809545454,-1.9057349657057894,643052.0625
kNN_dinov2_vitb14_l5_k50,47,31.113843444545456,-1.8960756262517786,623275.5625
kNN_dinov2_vitb14_l5_k50,48,31.75240744409091,-1.8592705861324392,602342.5625
kNN_dinov2_vitb14_l5_k50,49,31.962474827272725,-1.8471628906292867,529081.875
kNN_dinov2_vitb14_l5_k50,50,32.10326235227273,-1.8390482920775113,609413.5625
kNN_dinov2_vitb14_l5_k50,51,32.57260997909091,-1.8119964096549876,613413.6875
kNN_dinov2_vitb14_l5_k50,52,33.29309288772727,-1.770469793095747,513747.6875
kNN_dinov2_vitb14_l5_k50,53,33.63066458409091,-1.751013106159651,662118.875
kNN_dinov2_vitb14_l5_k50,54,33.94931614045454,-1.7326469230920152,614172.9375
kNN_dinov2_vitb14_l5_k50,55,34.254768114545456,-1.7150415269704833,631417.1875
kNN_dinov2_vitb14_l5_k50,56,35.01583384090909,-1.6711758304824154,690571.6875
kNN_dinov2_vitb14_l5_k50,57,35.61844186090909,-1.6364431923003018,592486.5
kNN_dinov2_vitb14_l5_k50,58,36.50372615909091,-1.5854178853071164,697815.25
kNN_dinov2_vitb14_l5_k50,59,36.74721518909091,-1.5713838597056917,641315.625
kNN_dinov2_vitb14_l5_k50,60,37.183868766818186,-1.5462163706866658,671936.625
kNN_dinov2_vitb14_l5_k50,61,37.586910895,-1.5229861514634166,577765.5
kNN_dinov2_vitb14_l5_k50,62,37.90925234181818,-1.504407293446501,579328.375
kNN_dinov2_vitb14_l5_k50,63,39.159607152727276,-1.4323403447746748,655362.75
kNN_dinov2_vitb14_l5_k50,64,39.16116855045455,-1.4322503501836308,760290.8125
kNN_dinov2_vitb14_l5_k50,65,39.50363207727273,-1.4125117118436592,632673.0625
kNN_dinov2_vitb14_l5_k50,66,39.72578294681818,-1.3997075580360745,558064.125
kNN_dinov2_vitb14_l5_k50,67,40.10658689318182,-1.3777590853168278,658503.75
kNN_dinov2_vitb14_l5_k50,68,40.511631334545456,-1.3544134583708745,604581.25
kNN_dinov2_vitb14_l5_k50,69,41.22542756590909,-1.3132722431581907,666459.0625
kNN_dinov2_vitb14_l5_k50,70,41.450596035,-1.3002941633660317,564662.1875
kNN_dinov2_vitb14_l5_k50,71,41.606778884545456,-1.2912922214345022,529230.5
kNN_dinov2_vitb14_l5_k50,72,41.74143011090909,-1.283531301946464,590881.4375
kNN_dinov2_vitb14_l5_k50,73,42.27668356454546,-1.2526807922886625,608923.0625
kNN_dinov2_vitb14_l5_k50,74,42.349748590454546,-1.2484695288729066,635497.8125
kNN_dinov2_vitb14_l5_k50,75,42.93479045136364,-1.2147493548925703,716461.4375
kNN_dinov2_vitb14_l5_k50,76,42.999259720454546,-1.2110335268204517,638239.0
kNN_dinov2_vitb14_l5_k50,77,43.14833512181818,-1.2024412382919711,676854.1875
kNN_dinov2_vitb14_l5_k50,78,43.849900354999995,-1.1620049835516937,607813.125
kNN_dinov2_vitb14_l5_k50,79,44.24228326,-1.1393891320928766,546977.1875
kNN_dinov2_vitb14_l5_k50,80,44.68483293727273,-1.113881808412842,645902.5625
kNN_dinov2_vitb14_l5_k50,81,45.014271393181815,-1.0948938986728347,533549.9375
kNN_dinov2_vitb14_l5_k50,82,45.044897863636365,-1.0931286747100122,850724.0
kNN_dinov2_vitb14_l5_k50,83,45.242849799999995,-1.0817192796223616,566802.8125
kNN_dinov2_vitb14_l5_k50,84,45.34376912590909,-1.0759025723830795,606684.8125
kNN_dinov2_vitb14_l5_k50,85,45.44974382363636,-1.0697944876738517,619369.625
kNN_dinov2_vitb14_l5_k50,86,45.87703164136364,-1.0451668148248472,565597.3125
kNN_dinov2_vitb14_l5_k50,87,46.05975058136364,-1.0346354069752812,658364.375
kNN_dinov2_vitb14_l5_k50,88,46.3385215,-1.0185678321482947,856700.8125
kNN_dinov2_vitb14_l5_k50,89,46.461104443636366,-1.0115024946696791,596715.9375
kNN_dinov2_vitb14_l5_k50,90,46.55172569545454,-1.00627933957292,651018.1875
kNN_dinov2_vitb14_l5_k50,91,46.63784059272727,-1.0013159181284732,530585.0625
kNN_dinov2_vitb14_l5_k50,92,46.92503363227272,-0.9847629158452418,615494.4375
kNN_dinov2_vitb14_l5_k50,93,46.98420985,-0.9813521644262555,567817.75
kNN_dinov2_vitb14_l5_k50,94,47.05894020545455,-0.9770449160806003,567947.375
kNN_dinov2_vitb14_l5_k50,95,47.18393024863636,-0.9698408401272126,849266.9375
kNN_dinov2_vitb14_l5_k50,96,47.45620903181818,-0.9541474538013544,573148.75
kNN_dinov2_vitb14_l5_k50,97,47.57944400681818,-0.9470445350614799,603833.5625
kNN_dinov2_vitb14_l5_k50,98,47.68605184090909,-0.9408999581458618,488604.0
kNN_dinov2_vitb14_l5_k50,99,47.85413733318182,-0.9312119812305011,746042.25
kNN_dinov2_vitb14_l5_k50,100,47.997159330454544,-0.9229685939563709,546880.5
kNN_dinov2_vitb14_l5_k50,101,48.745656067727275,-0.8798273387898924,590681.125
kNN_dinov2_vitb14_l5_k50,102,48.974869975454546,-0.8666160912472533,557411.8125
kNN_dinov2_vitb14_l5_k50,103,49.269933079999994,-0.8496094804638982,655930.8125
kNN_dinov2_vitb14_l5_k50,104,49.50143869090909,-0.8362661455696251,559195.875
kNN_dinov2_vitb14_l5_k50,105,50.02686477227273,-0.8059820581201266,621665.75
kNN_dinov2_vitb14_l5_k50,106,50.24467801363637,-0.793427913049909,624626.1875
kNN_dinov2_vitb14_l5_k50,107,50.26601576545454,-0.7921980648087251,627382.4375
kNN_dinov2_vitb14_l5_k50,108,50.287720933636365,-0.7909470397175866,654004.25
kNN_dinov2_vitb14_l5_k50,109,50.397065763181814,-0.7846447100511362,723862.5625
kNN_dinov2_vitb14_l5_k50,110,50.44004938636363,-0.782167254421305,816158.0
kNN_dinov2_vitb14_l5_k50,111,50.53053583909091,-0.7769518687665316,520237.75
kNN_dinov2_vitb14_l5_k50,112,50.744067415454545,-0.7646445068726515,537831.4375
kNN_dinov2_vitb14_l5_k50,113,50.877768575909094,-0.756938346522186,562342.125
kNN_dinov2_vitb14_l5_k50,114,50.952142585000004,-0.7526516369826949,626777.875
kNN_dinov2_vitb14_l5_k50,115,51.255980857727266,-0.7351392500872892,682625.8125
kNN_dinov2_vitb14_l5_k50,116,51.47010300409091,-0.7227978493929772,614419.75
kNN_dinov2_vitb14_l5_k50,117,51.48649149727273,-0.7218532625551946,629321.875
kNN_dinov2_vitb14_l5_k50,118,51.49088870772727,-0.7215998196625357,612353.5625
kNN_dinov2_vitb14_l5_k50,119,51.669473619090915,-0.7113066856428819,682308.1875
kNN_dinov2_vitb14_l5_k50,120,51.78909724363636,-0.7044119150267025,849125.4375
kNN_dinov2_vitb14_l5_k50,121,51.85205774272727,-0.7007830482308545,541305.0
kNN_dinov2_vitb14_l5_k50,122,51.87800455454545,-0.699287546682667,1042397.9375
kNN_dinov2_vitb14_l5_k50,123,51.92553946363636,-0.6965477676825893,740418.0
kNN_dinov2_vitb14_l5_k50,124,52.00039339090909,-0.6922333970034971,584947.6875
kNN_dinov2_vitb14_l5_k50,125,52.126720309090906,-0.6849522673201076,578392.25
kNN_dinov2_vitb14_l5_k50,126,52.30133809090909,-0.6748877875343021,570279.0625
kNN_dinov2_vitb14_l5_k50,127,52.82782977227273,-0.6445422818858776,602768.5
kNN_dinov2_vitb14_l5_k50,128,52.94948191,-0.637530593452388,586488.75
kNN_dinov2_vitb14_l5_k50,129,52.977303153181815,-0.6359270549312603,689191.375
kNN_dinov2_vitb14_l5_k50,130,53.02329102272727,-0.6332764429568486,781537.0625
kNN_dinov2_vitb14_l5_k50,131,53.11169118954546,-0.6281813049775454,606655.9375
kNN_dinov2_vitb14_l5_k50,132,53.15595768772727,-0.6256299080264427,580204.0
kNN_dinov2_vitb14_l5_k50,133,53.19575964181818,-0.6233358348901765,598121.0625
kNN_dinov2_vitb14_l5_k50,134,53.738266159999995,-0.5920672789100433,709594.5
kNN_dinov2_vitb14_l5_k50,135,54.35688324090909,-0.5564119233034402,630832.5
kNN_dinov2_vitb14_l5_k50,136,54.43010616227273,-0.5521915592359978,664589.1875
kNN_dinov2_vitb14_l5_k50,137,54.51598353272727,-0.5472418281719658,699019.75
kNN_dinov2_vitb14_l5_k50,138,54.63723127590909,-0.5402534479072425,605542.375
kNN_dinov2_vitb14_l5_k50,139,54.68535675181818,-0.5374796302901245,622015.1875
kNN_dinov2_vitb14_l5_k50,140,54.72388539863636,-0.5352589470181324,642683.9375
kNN_dinov2_vitb14_l5_k50,141,55.23867115454546,-0.5055881381210048,630809.6875
kNN_dinov2_vitb14_l5_k50,142,55.2775563909091,-0.5033469020265294,720205.125
kNN_dinov2_vitb14_l5_k50,143,55.699695931818184,-0.47901596143141617,636012.9375
kNN_dinov2_vitb14_l5_k50,144,55.80372709545455,-0.4730198965827504,691934.5
kNN_dinov2_vitb14_l5_k50,145,55.82518654818182,-0.4717830338420878,767105.25
kNN_dinov2_vitb14_l5_k50,146,56.236087309090905,-0.4480998650428898,632217.8125
kNN_dinov2_vitb14_l5_k50,147,56.34353036818182,-0.44190714809799403,609710.1875
kNN_dinov2_vitb14_l5_k50,148,56.343846956363635,-0.44188890084205507,741723.125
kNN_dinov2_vitb14_l5_k50,149,56.418747340909086,-0.4375718524959041,556143.25
kNN_dinov2_vitb14_l5_k50,150,56.4284854,-0.43701057804920695,890088.0625
kNN_dinov2_vitb14_l5_k50,151,56.43083487727272,-0.4368751607608167,664168.0625
kNN_dinov2_vitb14_l5_k50,152,56.73676582727273,-0.41924215780964386,846408.375
kNN_dinov2_vitb14_l5_k50,153,56.80215198181818,-0.415473483028404,1080567.875
kNN_dinov2_vitb14_l5_k50,154,56.838491672272724,-0.41337896506927063,571556.0625
kNN_dinov2_vitb14_l5_k50,155,56.87784920000001,-0.4111105074236286,685617.25
kNN_dinov2_vitb14_l5_k50,156,56.88495511818182,-0.41070094220549447,660061.5625
kNN_dinov2_vitb14_l5_k50,157,56.89427865,-0.4101635599495794,570028.0
kNN_dinov2_vitb14_l5_k50,158,57.014437336363635,-0.4032379498690725,644026.3125
kNN_dinov2_vitb14_l5_k50,159,57.01605029863636,-0.40314498324207687,705473.0625
kNN_dinov2_vitb14_l5_k50,160,57.06027285454545,-0.40059611900047776,580960.75
kNN_dinov2_vitb14_l5_k50,161,57.08577673045454,-0.3991261470372903,714193.625
kNN_dinov2_vitb14_l5_k50,162,57.165035822727276,-0.39455787498782163,933944.9375
kNN_dinov2_vitb14_l5_k50,163,57.30280682363637,-0.386617140434433,630772.4375
kNN_dinov2_vitb14_l5_k50,164,57.552973348181816,-0.3721982427531278,591977.625
kNN_dinov2_vitb14_l5_k50,165,57.715692645,-0.3628195583114009,623788.875
kNN_dinov2_vitb14_l5_k50,166,57.94736867727273,-0.34946640080713065,628194.5
kNN_dinov2_vitb14_l5_k50,167,58.01582408181818,-0.3455208230538053,696748.75
kNN_dinov2_vitb14_l5_k50,168,58.14704098045454,-0.33795784859535755,693370.375
kNN_dinov2_vitb14_l5_k50,169,58.40466673181818,-0.32310902197584374,711933.8125
kNN_dinov2_vitb14_l5_k50,170,58.48494007,-0.3184822916333907,581159.875
kNN_dinov2_vitb14_l5_k50,171,58.90741873181818,-0.2941318050590592,597660.3125
kNN_dinov2_vitb14_l5_k50,172,58.92814133636364,-0.29293741218345776,638843.9375
kNN_dinov2_vitb14_l5_k50,173,58.959711454090915,-0.29111779903528184,577104.3125
kNN_dinov2_vitb14_l5_k50,174,59.080638213636355,-0.2841479193681854,680463.8125
kNN_dinov2_vitb14_l5_k50,175,59.15176404636364,-0.2800484256151513,577317.875
kNN_dinov2_vitb14_l5_k50,176,59.165360129545455,-0.27926478546736844,556242.5
kNN_dinov2_vitb14_l5_k50,177,59.343238913181814,-0.26901235067183393,559638.0625
kNN_dinov2_vitb14_l5_k50,178,59.52943686818182,-0.2582804221434605,848010.375
kNN_dinov2_vitb14_l5_k50,179,59.53394987363636,-0.2580203051513792,845177.375
kNN_dinov2_vitb14_l5_k50,180,59.61907620909091,-0.2531138616408659,687320.9375
kNN_dinov2_vitb14_l5_k50,181,59.64024705,-0.25189363367691286,701881.125
kNN_dinov2_vitb14_l5_k50,182,59.81487126545455,-0.2418287830743299,680196.1875
kNN_dinov2_vitb14_l5_k50,183,59.821444613636366,-0.241449913699103,694580.0625
kNN_dinov2_vitb14_l5_k50,184,59.82249576181818,-0.241389328462493,741581.5
kNN_dinov2_vitb14_l5_k50,185,60.13491826227273,-0.22338217072795283,822670.1875
kNN_dinov2_vitb14_l5_k50,186,60.66603184545455,-0.19277027160609897,624862.9375
kNN_dinov2_vitb14_l5_k50,187,60.91525143409091,-0.1784059526579342,808528.0
kNN_dinov2_vitb14_l5_k50,188,60.98922430909091,-0.17414236336374334,617138.625
kNN_dinov2_vitb14_l5_k50,189,61.15445065909091,-0.16461917939964438,573101.0
kNN_dinov2_vitb14_l5_k50,190,61.257236485,-0.15869489232900422,662086.8125
kNN_dinov2_vitb14_l5_k50,191,61.38288141818182,-0.1514530703505647,640578.1875
kNN_dinov2_vitb14_l5_k50,192,61.41676890772727,-0.14949989038246164,547440.8125
kNN_dinov2_vitb14_l5_k50,193,61.450913154545454,-0.1475319116444142,772715.4375
kNN_dinov2_vitb14_l5_k50,194,61.557454278181815,-0.14139117973251966,618488.125
kNN_dinov2_vitb14_l5_k50,195,61.612018317727276,-0.1382462613438015,589816.9375
kNN_dinov2_vitb14_l5_k50,196,61.66026577136363,-0.13546541327218128,644447.8125
kNN_dinov2_vitb14_l5_k50,197,61.784896459090916,-0.12828204956052722,761154.25
kNN_dinov2_vitb14_l5_k50,198,61.80260090454545,-0.12726161492013313,635791.375
kNN_dinov2_vitb14_l5_k50,199,62.04634134636364,-0.11321309864578996,673696.8125
kNN_dinov2_vitb14_l5_k50,200,62.140166177272725,-0.1078052982244427,671778.5625
kNN_dinov2_vitb14_l5_k50,201,62.30800517363637,-0.0981315286427709,806456.625
kNN_dinov2_vitb14_l5_k50,202,62.48285368636363,-0.08805375017371433,649391.0625
kNN_dinov2_vitb14_l5_k50,203,62.50087945,-0.08701479565343062,700337.9375
kNN_dinov2_vitb14_l5_k50,204,62.515273900000004,-0.08618513987871876,554020.5
kNN_dinov2_vitb14_l5_k50,205,62.56153540454545,-0.08351875634944335,552836.875
kNN_dinov2_vitb14_l5_k50,206,62.62842450590909,-0.07966345592382028,751774.0625
kNN_dinov2_vitb14_l5_k50,207,62.64787497272727,-0.07854238550316901,655314.9375
kNN_dinov2_vitb14_l5_k50,208,62.80573838590909,-0.06944358059141646,693784.9375
kNN_dinov2_vitb14_l5_k50,209,62.831736559090906,-0.06794511871810778,592979.1875
kNN_dinov2_vitb14_l5_k50,210,63.033077886363635,-0.05634036863318487,948738.1875
kNN_dinov2_vitb14_l5_k50,211,63.2958711590909,-0.041193700558090865,853190.0
kNN_dinov2_vitb14_l5_k50,212,63.30556153181818,-0.04063517461980955,903425.5
kNN_dinov2_vitb14_l5_k50,213,63.451246159090914,-0.0322383208113255,742929.25
kNN_dinov2_vitb14_l5_k50,214,63.51674641363636,-0.02846306962571502,645872.25
kNN_dinov2_vitb14_l5_k50,215,63.52993807136364,-0.027702739428211564,618304.0625
kNN_dinov2_vitb14_l5_k50,216,63.601648069090906,-0.02356957604100441,620233.75
kNN_dinov2_vitb14_l5_k50,217,63.632569839545454,-0.021787331813408223,955551.125
kNN_dinov2_vitb14_l5_k50,218,63.65115097727273,-0.02071636708629849,812277.0625
kNN_dinov2_vitb14_l5_k50,219,63.71100458181818,-0.017266572988681755,587998.6875
kNN_dinov2_vitb14_l5_k50,220,63.89873966363636,-0.006446048776474242,575618.5
kNN_dinov2_vitb14_l5_k50,221,63.92419218818182,-0.004979036562035517,495609.25
kNN_dinov2_vitb14_l5_k50,222,63.96103896818182,-0.002855291382016408,745520.8125
kNN_dinov2_vitb14_l5_k50,223,63.99746849090909,-0.0007555957423308915,766389.8125
kNN_dinov2_vitb14_l5_k50,224,64.02118780454545,0.000611519050564863,835071.5
kNN_dinov2_vitb14_l5_k50,225,64.02835174090909,0.0010244282741725598,562553.8125
kNN_dinov2_vitb14_l5_k50,226,64.1043883409091,0.005406964896234798,712424.25
kNN_dinov2_vitb14_l5_k50,227,64.15682117727273,0.008429046703709133,563482.9375
kNN_dinov2_vitb14_l5_k50,228,64.23845857272727,0.01313439748621699,687458.3125
kNN_dinov2_vitb14_l5_k50,229,64.25370258636363,0.014013019729039077,636878.625
kNN_dinov2_vitb14_l5_k50,230,64.32671434181817,0.01822121278502206,629597.0
kNN_dinov2_vitb14_l5_k50,231,64.40631527727272,0.022809187717882526,705500.625
kNN_dinov2_vitb14_l5_k50,232,64.56676404090909,0.032057004987472486,932858.5625
kNN_dinov2_vitb14_l5_k50,233,64.70266141363636,0.0398897488610707,758047.4375
kNN_dinov2_vitb14_l5_k50,234,64.83579067045456,0.047562946288015,655112.75
kNN_dinov2_vitb14_l5_k50,235,64.88276691590909,0.05027052548108044,904151.1875
kNN_dinov2_vitb14_l5_k50,236,64.91428311818181,0.05208703109348984,620124.125
kNN_dinov2_vitb14_l5_k50,237,64.99876317727272,0.056956225044821694,772484.8125
kNN_dinov2_vitb14_l5_k50,238,65.11283459954545,0.06353098227543044,689548.0625
kNN_dinov2_vitb14_l5_k50,239,65.12859398045454,0.06443930884414997,621215.375
kNN_dinov2_vitb14_l5_k50,240,65.15700578272727,0.06607688553694015,732787.125
kNN_dinov2_vitb14_l5_k50,241,65.26560826818182,0.07233642856952589,714088.0
kNN_dinov2_vitb14_l5_k50,242,65.49862164545455,0.08576666689328061,618789.0625
kNN_dinov2_vitb14_l5_k50,243,65.58085287863636,0.09050624481886647,574615.5
kNN_dinov2_vitb14_l5_k50,244,65.74797291818182,0.10013857574355729,566827.6875
kNN_dinov2_vitb14_l5_k50,245,65.77319434545456,0.10159226815857124,738966.75
kNN_dinov2_vitb14_l5_k50,246,65.79643795909091,0.10293196493604907,576068.375
kNN_dinov2_vitb14_l5_k50,247,65.90152255454545,0.10898874664372764,659889.1875
kNN_dinov2_vitb14_l5_k50,248,66.06104215454546,0.11818300952419154,586423.5
kNN_dinov2_vitb14_l5_k50,249,66.34667021363636,0.13464581071801482,670030.6875
kNN_dinov2_vitb14_l5_k50,250,66.41367993636364,0.13850806342114064,720717.8125
kNN_dinov2_vitb14_l5_k50,251,66.49486482500001,0.14318733297826053,697406.0625
kNN_dinov2_vitb14_l5_k50,252,66.57540134545455,0.14782923240965884,584651.1875
kNN_dinov2_vitb14_l5_k50,253,66.64770191772728,0.15199643485928482,842662.8125
kNN_dinov2_vitb14_l5_k50,254,66.69631712272727,0.15479847908932004,679348.375
kNN_dinov2_vitb14_l5_k50,255,66.69915260454546,0.15496190831826281,818589.4375
kNN_dinov2_vitb14_l5_k50,256,66.84640655909091,0.16344921375457688,718403.1875
kNN_dinov2_vitb14_l5_k50,257,66.92138232272727,0.1677706067403678,578718.5
kNN_dinov2_vitb14_l5_k50,258,67.1600262,0.1815253713113582,541634.5
kNN_dinov2_vitb14_l5_k50,259,67.24224864545455,0.1862644427369615,724457.75
kNN_dinov2_vitb14_l5_k50,260,67.33497136227273,0.19160872038946963,1475583.25
kNN_dinov2_vitb14_l5_k50,261,67.50431248636363,0.20136906840541843,734963.5
kNN_dinov2_vitb14_l5_k50,262,67.65232870272727,0.20990030847760313,750906.5
kNN_dinov2_vitb14_l5_k50,263,67.78208407272727,0.2173790445196429,576842.3125
kNN_dinov2_vitb14_l5_k50,264,67.84529925,0.2210225902524589,639672.0625
kNN_dinov2_vitb14_l5_k50,265,67.89158320909091,0.22369026799883285,715468.375
kNN_dinov2_vitb14_l5_k50,266,67.98637594090908,0.22915385551719142,764863.375
kNN_dinov2_vitb14_l5_k50,267,68.0851692090909,0.234848022744816,622663.0625
kNN_dinov2_vitb14_l5_k50,268,68.12695885,0.23725666058115907,638487.25
kNN_dinov2_vitb14_l5_k50,269,68.2302839,0.24321202701786718,827713.8125
kNN_dinov2_vitb14_l5_k50,270,68.23565684545454,0.24352170854259156,670370.1875
kNN_dinov2_vitb14_l5_k50,271,68.26595938409092,0.24526826198284749,658970.9375
kNN_dinov2_vitb14_l5_k50,272,68.27114585318182,0.2455671955323495,677493.1875
kNN_dinov2_vitb14_l5_k50,273,68.32032611363637,0.24840180797589106,621873.4375
kNN_dinov2_vitb14_l5_k50,274,68.38830778636363,0.25232008115428434,743309.0625
kNN_dinov2_vitb14_l5_k50,275,68.41746199090909,0.2540004478343775,590363.9375
kNN_dinov2_vitb14_l5_k50,276,68.46063733181818,0.256488953536948,675746.875
kNN_dinov2_vitb14_l5_k50,277,68.46664887727273,0.256835442176758,616467.0625
kNN_dinov2_vitb14_l5_k50,278,68.47213741363636,0.2571517860376766,930736.875
kNN_dinov2_vitb14_l5_k50,279,68.93374281227273,0.283757428116166,575632.75
kNN_dinov2_vitb14_l5_k50,280,69.04567613727274,0.29020895140944425,704240.1875
kNN_dinov2_vitb14_l5_k50,281,69.05974111818182,0.2910196175086998,687439.0625
kNN_dinov2_vitb14_l5_k50,282,69.09219679545454,0.2928902718283501,709576.625
kNN_dinov2_vitb14_l5_k50,283,69.09712682727273,0.29317442505181285,609390.4375
kNN_dinov2_vitb14_l5_k50,284,69.10091421363637,0.29339271939217726,563538.1875
kNN_dinov2_vitb14_l5_k50,285,69.10780212727273,0.2937897194390094,597772.0
kNN_dinov2_vitb14_l5_k50,286,69.12065298636364,0.2945304069577943,761469.4375
kNN_dinov2_vitb14_l5_k50,287,69.18059698636364,0.2979854111961857,643458.8125
kNN_dinov2_vitb14_l5_k50,288,69.23367816363636,0.30104486155745686,810347.5
kNN_dinov2_vitb14_l5_k50,289,69.2644266,0.3028171152936152,703570.9375
kNN_dinov2_vitb14_l5_k50,290,69.35791935818182,0.30820577597320115,608177.625
kNN_dinov2_vitb14_l5_k50,291,69.61843814545455,0.32322134907823014,694585.9375
kNN_dinov2_vitb14_l5_k50,292,69.80519480454545,0.33398547974530074,724455.1875
kNN_dinov2_vitb14_l5_k50,293,69.8553488,0.33687621554651076,836770.8125
kNN_dinov2_vitb14_l5_k50,294,69.88728480909091,0.3387169176479122,1032086.1875
kNN_dinov2_vitb14_l5_k50,295,69.97248817863637,0.3436278011876287,746235.8125
kNN_dinov2_vitb14_l5_k50,296,70.05721009181819,0.3485109349312532,601801.125
kNN_dinov2_vitb14_l5_k50,297,70.14929492727272,0.35381844688886305,646440.0625
kNN_dinov2_vitb14_l5_k50,298,70.15787111818182,0.35431275450831085,673906.625
kNN_dinov2_vitb14_l5_k50,299,70.16147875909091,0.3545206888241977,730138.5625
kNN_dinov2_vitb14_l5_k50,300,70.20511073181818,0.3570355135056018,780873.5
kNN_dinov2_vitb14_l5_k50,301,70.32331571818182,0.3638485177910241,612963.0
kNN_dinov2_vitb14_l5_k50,302,70.37705808636363,0.36694607734409634,757312.0
kNN_dinov2_vitb14_l5_k50,303,70.399005675,0.36821107487114013,616830.6875
kNN_dinov2_vitb14_l5_k50,304,70.50181075318181,0.37413647158884883,666667.875
kNN_dinov2_vitb14_l5_k50,305,70.6102672090909,0.38038759788750787,732019.9375
kNN_dinov2_vitb14_l5_k50,306,70.7436578590909,0.38807586128520843,778377.4375
kNN_dinov2_vitb14_l5_k50,307,70.83137117272727,0.39313141097119886,863413.0625
kNN_dinov2_vitb14_l5_k50,308,70.8352099,0.39335266445774103,586719.1875
kNN_dinov2_vitb14_l5_k50,309,70.84563281363636,0.3939534120019492,648527.0
kNN_dinov2_vitb14_l5_k50,310,70.86294127272727,0.394951023097624,610104.625
kNN_dinov2_vitb14_l5_k50,311,70.88488886772727,0.3962160209914498,565265.375
kNN_dinov2_vitb14_l5_k50,312,70.94146290454545,0.3994767899923458,524157.96875
kNN_dinov2_vitb14_l5_k50,313,71.03486937272727,0.4048604771580567,790530.5625
kNN_dinov2_vitb14_l5_k50,314,71.06114357272727,0.4063748484439294,608167.8125
kNN_dinov2_vitb14_l5_k50,315,71.16676672727273,0.41246267118893826,861571.75
kNN_dinov2_vitb14_l5_k50,316,71.17873871818182,0.41315270320770386,630301.0625
kNN_dinov2_vitb14_l5_k50,317,71.2066498259091,0.4147614212694939,602705.375
kNN_dinov2_vitb14_l5_k50,318,71.25545576818182,0.4175744590616155,767804.3125
kNN_dinov2_vitb14_l5_k50,319,71.3174982909091,0.4211504162713988,652986.0
kNN_dinov2_vitb14_l5_k50,320,71.36296618181818,0.4237710581338302,623354.6875
kNN_dinov2_vitb14_l5_k50,321,71.46931471818182,0.4299006898548213,777320.8125
kNN_dinov2_vitb14_l5_k50,322,71.72297334090909,0.4445208622928842,642980.75
kNN_dinov2_vitb14_l5_k50,323,71.90808025909091,0.45518990651538743,641750.125
kNN_dinov2_vitb14_l5_k50,324,71.99829709090909,0.46038975197625187,619620.75
kNN_dinov2_vitb14_l5_k50,325,72.09644175681818,0.46604653558581094,664289.9375
kNN_dinov2_vitb14_l5_k50,326,72.15469048045455,0.4694038288435938,741892.25
kNN_dinov2_vitb14_l5_k50,327,72.16259906363636,0.4698596574238161,682630.1875
kNN_dinov2_vitb14_l5_k50,328,72.25012620454545,0.47490447663533314,618751.8125
kNN_dinov2_vitb14_l5_k50,329,72.32991709090909,0.4795033998064825,694540.0625
kNN_dinov2_vitb14_l5_k50,330,72.3529890590909,0.4808332034207922,610200.8125
kNN_dinov2_vitb14_l5_k50,331,72.35690482818183,0.48105889738191765,629486.5
kNN_dinov2_vitb14_l5_k50,332,72.45495321363636,0.48671013165578725,719288.0625
kNN_dinov2_vitb14_l5_k50,333,72.62635492727273,0.49658924628079065,619593.75
kNN_dinov2_vitb14_l5_k50,334,72.63195748181819,0.49691216183031,600177.125
kNN_dinov2_vitb14_l5_k50,335,72.83995069636363,0.5089003080636467,619795.6875
kNN_dinov2_vitb14_l5_k50,336,72.89617321363636,0.5121408164626576,605243.625
kNN_dinov2_vitb14_l5_k50,337,73.03390340545455,0.5200791988943657,770565.625
kNN_dinov2_vitb14_l5_k50,338,73.11911989545455,0.5249908386603275,674047.125
kNN_dinov2_vitb14_l5_k50,339,73.13833258181818,0.5260982040816745,570927.9375
kNN_dinov2_vitb14_l5_k50,340,73.33471177272727,0.5374169505270702,587277.0625
kNN_dinov2_vitb14_l5_k50,341,73.33981687045456,0.5377111940591194,597419.375
kNN_dinov2_vitb14_l5_k50,342,73.39854528636364,0.541096135435736,636846.75
kNN_dinov2_vitb14_l5_k50,343,73.41015931818183,0.5417655356952554,809935.0625
kNN_dinov2_vitb14_l5_k50,344,73.44266513181819,0.5436390797344586,715751.5
kNN_dinov2_vitb14_l5_k50,345,73.44619574090909,0.5438425741521346,598744.0
kNN_dinov2_vitb14_l5_k50,346,73.46868897499999,0.5451390211546568,690634.0
kNN_dinov2_vitb14_l5_k50,347,73.50964273636363,0.5474994812355564,667854.375
kNN_dinov2_vitb14_l5_k50,348,73.53120189545454,0.548742090771711,1046571.1875
kNN_dinov2_vitb14_l5_k50,349,73.63946159545455,0.5549818766109442,903375.5
kNN_dinov2_vitb14_l5_k50,350,73.76844457272728,0.562416094099894,600994.25
kNN_dinov2_vitb14_l5_k50,351,73.80118299272728,0.5643030449182952,738486.5625
kNN_dinov2_vitb14_l5_k50,352,73.90576145,0.5703306542390226,973675.5
kNN_dinov2_vitb14_l5_k50,353,73.96756481363637,0.5738928269887642,591310.1875
kNN_dinov2_vitb14_l5_k50,354,74.00717849454546,0.5761760485862414,672334.0
kNN_dinov2_vitb14_l5_k50,355,74.01135728181818,0.5764169021785707,962255.8125
kNN_dinov2_vitb14_l5_k50,356,74.05095793636363,0.5786993729729389,583535.5
kNN_dinov2_vitb14_l5_k50,357,74.05302495909092,0.5788185103725725,522740.96875
kNN_dinov2_vitb14_l5_k50,358,74.20412883636364,0.5875277145700669,612098.8125
kNN_dinov2_vitb14_l5_k50,359,74.32802774090909,0.5946689003490705,845418.875
kNN_dinov2_vitb14_l5_k50,360,74.38583995454546,0.5980010343932524,637409.375
kNN_dinov2_vitb14_l5_k50,361,74.46433656818182,0.602525359310058,580162.9375
kNN_dinov2_vitb14_l5_k50,362,74.52572066363636,0.6060633666162982,603612.6875
kNN_dinov2_vitb14_l5_k50,363,74.86437946363637,0.625582711160682,957042.0
kNN_dinov2_vitb14_l5_k50,364,74.89747095909091,0.6274900122592099,800518.625
kNN_dinov2_vitb14_l5_k50,365,74.9084351090909,0.6281219551512479,679899.375
kNN_dinov2_vitb14_l5_k50,366,75.02020153181819,0.634563858665071,599548.5625
kNN_dinov2_vitb14_l5_k50,367,75.04613550454546,0.6360586202040249,604249.5
kNN_dinov2_vitb14_l5_k50,368,75.04910765454545,0.6362299266041167,674753.25
kNN_dinov2_vitb14_l5_k50,369,75.04911406363637,0.6362302960061632,660802.875
kNN_dinov2_vitb14_l5_k50,370,75.14242499545455,0.6416084767235004,586849.375
kNN_dinov2_vitb14_l5_k50,371,75.14524949545454,0.6417712729912052,637478.375
kNN_dinov2_vitb14_l5_k50,372,75.21942449545455,0.6460465122041826,630251.1875
kNN_dinov2_vitb14_l5_k50,373,75.2494860690909,0.6477791770968547,617626.625
kNN_dinov2_vitb14_l5_k50,374,75.29101026818182,0.6501725156103826,636239.1875
kNN_dinov2_vitb14_l5_k50,375,75.30463428181818,0.6509577655913236,560302.1875
kNN_dinov2_vitb14_l5_k50,376,75.35053226363635,0.6536031966889378,735288.5
kNN_dinov2_vitb14_l5_k50,377,75.358434425,0.6540586551335503,616579.1875
kNN_dinov2_vitb14_l5_k50,378,75.4765098,0.6608641889830542,652503.8125
kNN_dinov2_vitb14_l5_k50,379,75.48288537727272,0.661231659397098,704386.0625
kNN_dinov2_vitb14_l5_k50,380,75.54217925454545,0.664649192382683,719838.875
kNN_dinov2_vitb14_l5_k50,381,75.65154605454546,0.6709527883645888,631960.25
kNN_dinov2_vitb14_l5_k50,382,75.68111334545455,0.672656964185499,823733.5
kNN_dinov2_vitb14_l5_k50,383,75.77031593636364,0.677798351641565,812038.0
kNN_dinov2_vitb14_l5_k50,384,75.78166525454546,0.6784524945486285,681331.125
kNN_dinov2_vitb14_l5_k50,385,75.79512009954546,0.6792279941232632,680031.125
kNN_dinov2_vitb14_l5_k50,386,75.84170493636363,0.6819130136189849,635309.4375
kNN_dinov2_vitb14_l5_k50,387,75.84312428636363,0.6819948209769487,559568.0625
kNN_dinov2_vitb14_l5_k50,388,76.02107943636364,0.6922516573157579,638805.25
kNN_dinov2_vitb14_l5_k50,389,76.07231828181818,0.6952049208319687,646537.9375
kNN_dinov2_vitb14_l5_k50,390,76.16321556363636,0.7004439855246826,686828.375
kNN_dinov2_vitb14_l5_k50,391,76.19598609272727,0.7023327870211363,695943.4375
kNN_dinov2_vitb14_l5_k50,392,76.26727722727273,0.7064418083079089,554168.25
kNN_dinov2_vitb14_l5_k50,393,76.28929185454545,0.7077106697541566,782896.5
kNN_dinov2_vitb14_l5_k50,394,76.28997104545455,0.707749816415534,593223.75
kNN_dinov2_vitb14_l5_k50,395,76.32376224090909,0.7096974462619865,687030.0
kNN_dinov2_vitb14_l5_k50,396,76.35414479090909,0.7114486113331051,628687.875
kNN_dinov2_vitb14_l5_k50,397,76.39021483181818,0.71352758744781,607234.6875
kNN_dinov2_vitb14_l5_k50,398,76.45241142272727,0.7171124247159999,609139.5
kNN_dinov2_vitb14_l5_k50,399,76.51437691681818,0.7206839422109638,661455.75
kNN_dinov2_vitb14_l5_k50,400,76.5471795409091,0.7225745935733101,705916.0
kNN_dinov2_vitb14_l5_k50,401,76.59774437272728,0.7254890088316404,680805.4375
kNN_dinov2_vitb14_l5_k50,402,76.63823088636364,0.7278225380624447,561333.5
kNN_dinov2_vitb14_l5_k50,403,76.64452179545455,0.7281851284396704,705235.4375
kNN_dinov2_vitb14_l5_k50,404,76.67493643727272,0.7299381431932893,548623.1875
kNN_dinov2_vitb14_l5_k50,405,76.67586082272727,0.7299914221814013,656052.1875
kNN_dinov2_vitb14_l5_k50,406,76.81212329090908,0.7378452091342544,792495.1875
kNN_dinov2_vitb14_l5_k50,407,76.90558185454546,0.7432318989360301,841206.75
kNN_dinov2_vitb14_l5_k50,408,76.91644974545454,0.7438582937237196,689771.8125
kNN_dinov2_vitb14_l5_k50,409,76.98329391227273,0.7477110042480184,668110.375
kNN_dinov2_vitb14_l5_k50,410,77.11547369545454,0.7553294766743298,662598.9375
kNN_dinov2_vitb14_l5_k50,411,77.14402031818182,0.7569748240404465,669593.9375
kNN_dinov2_vitb14_l5_k50,412,77.17084656363636,0.7585210136798696,559226.9375
kNN_dinov2_vitb14_l5_k50,413,77.25877326818183,0.7635888626200866,874711.75
kNN_dinov2_vitb14_l5_k50,414,77.34552212272727,0.7685888235858233,555726.5
kNN_dinov2_vitb14_l5_k50,415,77.52582683636363,0.7789810821907805,565198.25
kNN_dinov2_vitb14_l5_k50,416,77.65479755863636,0.7864145933358604,1100015.5
kNN_dinov2_vitb14_l5_k50,417,77.69959142727272,0.7889963864426363,754489.1875
kNN_dinov2_vitb14_l5_k50,418,77.72501827727272,0.7904619188481973,562468.75
kNN_dinov2_vitb14_l5_k50,419,77.83570625,0.7968416635250904,795452.9375
kNN_dinov2_vitb14_l5_k50,420,77.9733424409091,0.8047746280077235,664485.5
kNN_dinov2_vitb14_l5_k50,421,78.0566007590909,0.8095734042355274,682068.0625
kNN_dinov2_vitb14_l5_k50,422,78.20425748181819,0.818083924101565,678727.8125
kNN_dinov2_vitb14_l5_k50,423,78.23482706363636,0.8198458691627494,558942.4375
kNN_dinov2_vitb14_l5_k50,424,78.25971381363637,0.8212802717172971,651822.9375
kNN_dinov2_vitb14_l5_k50,425,78.3483194,0.8263872495037559,514053.71875
kNN_dinov2_vitb14_l5_k50,426,78.4185978909091,0.8304379048480556,586297.375
kNN_dinov2_vitb14_l5_k50,427,78.53980069090909,0.837423694713678,666852.75
kNN_dinov2_vitb14_l5_k50,428,78.54177141363635,0.8375372816510761,715235.6875
kNN_dinov2_vitb14_l5_k50,429,78.57485005,0.8394438415876266,596894.8125
kNN_dinov2_vitb14_l5_k50,430,78.5853263609091,0.8400476668010531,570253.1875
kNN_dinov2_vitb14_l5_k50,431,78.61859467727272,0.8419651593614511,711735.625
kNN_dinov2_vitb14_l5_k50,432,78.63007529545455,0.8426268700327033,812850.3125
kNN_dinov2_vitb14_l5_k50,433,78.86957993181818,0.8564312463464417,633735.25
kNN_dinov2_vitb14_l5_k50,434,79.22077921818182,0.8766733893950602,641371.8125
kNN_dinov2_vitb14_l5_k50,435,79.25695136818182,0.8787582507917258,744014.3125
kNN_dinov2_vitb14_l5_k50,436,79.28284742727273,0.8802508270948876,671129.375
kNN_dinov2_vitb14_l5_k50,437,79.36729972727272,0.8851184210899811,662850.5
kNN_dinov2_vitb14_l5_k50,438,79.46781420454546,0.8909117939879693,824738.3125
kNN_dinov2_vitb14_l5_k50,439,79.51125251363636,0.8934154564398847,723409.75
kNN_dinov2_vitb14_l5_k50,440,79.62850745318183,0.9001737026880812,630920.0625
kNN_dinov2_vitb14_l5_k50,441,79.6499864090909,0.9014116895375086,618957.6875
kNN_dinov2_vitb14_l5_k50,442,79.75645692727272,0.9075483519487911,564880.8125
kNN_dinov2_vitb14_l5_k50,443,79.91532173636364,0.9167048745155257,718642.875
kNN_dinov2_vitb14_l5_k50,444,79.94757872272727,0.9185640768477706,659133.8125
kNN_dinov2_vitb14_l5_k50,445,80.02392345454545,0.9229643733246603,636955.9375
kNN_dinov2_vitb14_l5_k50,446,80.13685939999999,0.9294736848522888,704685.4375
kNN_dinov2_vitb14_l5_k50,447,80.28660759545454,0.9381047513474663,698621.75
kNN_dinov2_vitb14_l5_k50,448,80.40461357272727,0.9449062853063745,678941.25
kNN_dinov2_vitb14_l5_k50,449,80.43965011363636,0.9469256933762311,775147.0625
kNN_dinov2_vitb14_l5_k50,450,80.56802326363636,0.954324762129495,873900.3125
kNN_dinov2_vitb14_l5_k50,451,80.69563893636364,0.9616801720146861,562615.25
kNN_dinov2_vitb14_l5_k50,452,80.83871870454546,0.9699268890421825,1098811.0
kNN_dinov2_vitb14_l5_k50,453,80.88731798181819,0.9727280152426367,604504.5
kNN_dinov2_vitb14_l5_k50,454,80.98601989090909,0.9784169167881859,593368.625
kNN_dinov2_vitb14_l5_k50,455,81.02786977272727,0.9808290267417757,590974.375
kNN_dinov2_vitb14_l5_k50,456,81.46314962272727,1.0059173379428359,710138.5625
kNN_dinov2_vitb14_l5_k50,457,81.49191450454545,1.0075752651515413,624943.25
kNN_dinov2_vitb14_l5_k50,458,81.53910919545454,1.0102954349286748,545478.5
kNN_dinov2_vitb14_l5_k50,459,81.65584415909092,1.0170237112220841,1003299.25
kNN_dinov2_vitb14_l5_k50,460,81.66778405000001,1.017711893086772,629015.375
kNN_dinov2_vitb14_l5_k50,461,82.0783984909091,1.0413785592032403,872987.375
kNN_dinov2_vitb14_l5_k50,462,82.11143467727273,1.0432826724407058,632029.0625
kNN_dinov2_vitb14_l5_k50,463,82.15394328181819,1.0457327493270108,693458.25
kNN_dinov2_vitb14_l5_k50,464,82.87086985,1.0870543883848574,569602.875
kNN_dinov2_vitb14_l5_k50,465,83.04785639090909,1.0972553968090384,608462.75
kNN_dinov2_vitb14_l5_k50,466,83.2706767,1.1100981352367167,575623.5
kNN_dinov2_vitb14_l5_k50,467,83.28013232272727,1.1106431308426048,663671.625
kNN_dinov2_vitb14_l5_k50,468,83.32162666818182,1.113034748676162,594438.5625
kNN_dinov2_vitb14_l5_k50,469,83.35334443181819,1.1148628717209361,699458.75
kNN_dinov2_vitb14_l5_k50,470,83.45792123636365,1.1208903857830939,619140.8125
kNN_dinov2_vitb14_l5_k50,471,84.18152392727274,1.1625968178530641,615953.8125
kNN_dinov2_vitb14_l5_k50,472,84.62887205909091,1.188380711011149,569116.625
kNN_dinov2_vitb14_l5_k50,473,85.11071750454545,1.2161529326896323,518190.4375
kNN_dinov2_vitb14_l5_k50,474,85.12217595454545,1.2168133656489846,566276.5625
kNN_dinov2_vitb14_l5_k50,475,85.54109655454546,1.2409587755073437,703784.5
kNN_dinov2_vitb14_l5_k50,476,85.8163718359091,1.256824871594287,1103506.25
kNN_dinov2_vitb14_l5_k50,477,86.0069106,1.2678069921987163,718602.9375
kNN_dinov2_vitb14_l5_k50,478,86.07828567272726,1.2719208514471514,801786.9375
kNN_dinov2_vitb14_l5_k50,479,86.46879091363637,1.2944284796076844,631171.9375
kNN_dinov2_vitb14_l5_k50,480,87.81027129545454,1.371747650915916,833863.75
kNN_dinov2_vitb14_l5_k100,1,10.383351573636363,-3.0909231051976005,671099.4375
kNN_dinov2_vitb14_l5_k100,2,11.237612673636363,-3.0416858884420805,760855.9375
kNN_dinov2_vitb14_l5_k100,3,12.873956289545454,-2.9473716263235947,823783.25
kNN_dinov2_vitb14_l5_k100,4,13.852077771363637,-2.8909954441311574,591718.8125
kNN_dinov2_vitb14_l5_k100,5,14.772021149545454,-2.8379724848575316,581511.75
kNN_dinov2_vitb14_l5_k100,6,15.774696462272727,-2.780181088634338,1090383.375
kNN_dinov2_vitb14_l5_k100,7,16.11136225,-2.760776615734313,853452.5
kNN_dinov2_vitb14_l5_k100,8,16.718538883636366,-2.7257806554602935,593539.8125
kNN_dinov2_vitb14_l5_k100,9,16.83383592,-2.719135257266808,536294.625
kNN_dinov2_vitb14_l5_k100,10,16.977602550909094,-2.710848951395825,548868.9375
kNN_dinov2_vitb14_l5_k100,11,17.128398308636363,-2.702157506345793,614798.1875
kNN_dinov2_vitb14_l5_k100,12,17.49981897681818,-2.680749859495494,607988.3125
kNN_dinov2_vitb14_l5_k100,13,18.01987185318182,-2.650775468530193,611070.9375
kNN_dinov2_vitb14_l5_k100,14,18.22368484818182,-2.639028258441373,730876.8125
kNN_dinov2_vitb14_l5_k100,15,18.40435578590909,-2.628614891705722,621098.4375
kNN_dinov2_vitb14_l5_k100,16,18.964998386363636,-2.5963010227481416,630840.0625
kNN_dinov2_vitb14_l5_k100,17,19.531784013636365,-2.563633086933271,555559.9375
kNN_dinov2_vitb14_l5_k100,18,21.457911477272727,-2.4526164956056054,627169.4375
kNN_dinov2_vitb14_l5_k100,19,22.164942098181818,-2.411865231226962,626243.9375
kNN_dinov2_vitb14_l5_k100,20,22.207954510454545,-2.4093861162745784,842343.0625
kNN_dinov2_vitb14_l5_k100,21,22.336504287727273,-2.401976867220102,545114.6875
kNN_dinov2_vitb14_l5_k100,22,22.775860404545455,-2.376653611418521,634089.625
kNN_dinov2_vitb14_l5_k100,23,23.03693973772727,-2.361605730017554,569300.25
kNN_dinov2_vitb14_l5_k100,24,23.073138160909092,-2.359519354308287,609871.1875
kNN_dinov2_vitb14_l5_k100,25,23.859046570909094,-2.314221795127428,777199.4375
kNN_dinov2_vitb14_l5_k100,26,24.108436355454547,-2.299847666563835,560015.375
kNN_dinov2_vitb14_l5_k100,27,24.136628927727273,-2.2982227256741137,644890.0625
kNN_dinov2_vitb14_l5_k100,28,24.706419758636365,-2.2653815783401448,697486.75
kNN_dinov2_vitb14_l5_k100,29,25.160939161363636,-2.2391843532157982,658956.3125
kNN_dinov2_vitb14_l5_k100,30,25.272293834545454,-2.2327661817923388,513824.0
kNN_dinov2_vitb14_l5_k100,31,25.739496508636364,-2.205837928436342,638671.9375
kNN_dinov2_vitb14_l5_k100,32,26.08368123090909,-2.1860000852119685,615844.625
kNN_dinov2_vitb14_l5_k100,33,26.26193154681818,-2.175726236337011,582518.0
kNN_dinov2_vitb14_l5_k100,34,26.29922768272727,-2.1735765915411758,609406.75
kNN_dinov2_vitb14_l5_k100,35,26.647243233181822,-2.153517950111732,879664.375
kNN_dinov2_vitb14_l5_k100,36,26.80277036,-2.144553802201322,547150.9375
kNN_dinov2_vitb14_l5_k100,37,27.710613355454544,-2.0922282750911965,769935.1875
kNN_dinov2_vitb14_l5_k100,38,27.723830698181818,-2.0914664644822447,600026.5
kNN_dinov2_vitb14_l5_k100,39,27.94224735681818,-2.078877540130785,619233.25
kNN_dinov2_vitb14_l5_k100,40,28.008295531363636,-2.0750707083712667,653457.5
kNN_dinov2_vitb14_l5_k100,41,28.427649107272728,-2.0509003429944066,624481.1875
kNN_dinov2_vitb14_l5_k100,42,28.610673086363636,-2.0403513535461495,699033.5
kNN_dinov2_vitb14_l5_k100,43,28.864666542727274,-2.0257118822352584,722490.0625
kNN_dinov2_vitb14_l5_k100,44,28.872480873181818,-2.0252614861182057,595325.625
kNN_dinov2_vitb14_l5_k100,45,29.867093540909092,-1.9679347981668596,1134649.75
kNN_dinov2_vitb14_l5_k100,46,30.946254809545454,-1.9057349657057894,643052.0625
kNN_dinov2_vitb14_l5_k100,47,31.113843444545456,-1.8960756262517786,623275.5625
kNN_dinov2_vitb14_l5_k100,48,31.75240744409091,-1.8592705861324392,602342.5625
kNN_dinov2_vitb14_l5_k100,49,31.962474827272725,-1.8471628906292867,529081.875
kNN_dinov2_vitb14_l5_k100,50,32.10326235227273,-1.8390482920775113,609413.5625
kNN_dinov2_vitb14_l5_k100,51,32.57260997909091,-1.8119964096549876,613413.6875
kNN_dinov2_vitb14_l5_k100,52,33.29309288772727,-1.770469793095747,513747.6875
kNN_dinov2_vitb14_l5_k100,53,33.63066458409091,-1.751013106159651,662118.875
kNN_dinov2_vitb14_l5_k100,54,33.94931614045454,-1.7326469230920152,614172.9375
kNN_dinov2_vitb14_l5_k100,55,34.254768114545456,-1.7150415269704833,631417.1875
kNN_dinov2_vitb14_l5_k100,56,35.01583384090909,-1.6711758304824154,690571.6875
kNN_dinov2_vitb14_l5_k100,57,35.61844186090909,-1.6364431923003018,592486.5
kNN_dinov2_vitb14_l5_k100,58,36.50372615909091,-1.5854178853071164,697815.25
kNN_dinov2_vitb14_l5_k100,59,36.74721518909091,-1.5713838597056917,641315.625
kNN_dinov2_vitb14_l5_k100,60,37.183868766818186,-1.5462163706866658,671936.625
kNN_dinov2_vitb14_l5_k100,61,37.586910895,-1.5229861514634166,577765.5
kNN_dinov2_vitb14_l5_k100,62,37.90925234181818,-1.504407293446501,579328.375
kNN_dinov2_vitb14_l5_k100,63,39.159607152727276,-1.4323403447746748,655362.75
kNN_dinov2_vitb14_l5_k100,64,39.16116855045455,-1.4322503501836308,760290.8125
kNN_dinov2_vitb14_l5_k100,65,39.50363207727273,-1.4125117118436592,632673.0625
kNN_dinov2_vitb14_l5_k100,66,39.72578294681818,-1.3997075580360745,558064.125
kNN_dinov2_vitb14_l5_k100,67,40.10658689318182,-1.3777590853168278,658503.75
kNN_dinov2_vitb14_l5_k100,68,40.511631334545456,-1.3544134583708745,604581.25
kNN_dinov2_vitb14_l5_k100,69,41.22542756590909,-1.3132722431581907,666459.0625
kNN_dinov2_vitb14_l5_k100,70,41.450596035,-1.3002941633660317,564662.1875
kNN_dinov2_vitb14_l5_k100,71,41.606778884545456,-1.2912922214345022,529230.5
kNN_dinov2_vitb14_l5_k100,72,41.74143011090909,-1.283531301946464,590881.4375
kNN_dinov2_vitb14_l5_k100,73,42.27668356454546,-1.2526807922886625,608923.0625
kNN_dinov2_vitb14_l5_k100,74,42.349748590454546,-1.2484695288729066,635497.8125
kNN_dinov2_vitb14_l5_k100,75,42.93479045136364,-1.2147493548925703,716461.4375
kNN_dinov2_vitb14_l5_k100,76,42.999259720454546,-1.2110335268204517,638239.0
kNN_dinov2_vitb14_l5_k100,77,43.14833512181818,-1.2024412382919711,676854.1875
kNN_dinov2_vitb14_l5_k100,78,43.849900354999995,-1.1620049835516937,607813.125
kNN_dinov2_vitb14_l5_k100,79,44.24228326,-1.1393891320928766,546977.1875
kNN_dinov2_vitb14_l5_k100,80,44.68483293727273,-1.113881808412842,645902.5625
kNN_dinov2_vitb14_l5_k100,81,45.014271393181815,-1.0948938986728347,533549.9375
kNN_dinov2_vitb14_l5_k100,82,45.044897863636365,-1.0931286747100122,850724.0
kNN_dinov2_vitb14_l5_k100,83,45.242849799999995,-1.0817192796223616,566802.8125
kNN_dinov2_vitb14_l5_k100,84,45.34376912590909,-1.0759025723830795,606684.8125
kNN_dinov2_vitb14_l5_k100,85,45.44974382363636,-1.0697944876738517,619369.625
kNN_dinov2_vitb14_l5_k100,86,45.87703164136364,-1.0451668148248472,565597.3125
kNN_dinov2_vitb14_l5_k100,87,46.05975058136364,-1.0346354069752812,658364.375
kNN_dinov2_vitb14_l5_k100,88,46.3385215,-1.0185678321482947,856700.8125
kNN_dinov2_vitb14_l5_k100,89,46.461104443636366,-1.0115024946696791,596715.9375
kNN_dinov2_vitb14_l5_k100,90,46.55172569545454,-1.00627933957292,651018.1875
kNN_dinov2_vitb14_l5_k100,91,46.63784059272727,-1.0013159181284732,530585.0625
kNN_dinov2_vitb14_l5_k100,92,46.92503363227272,-0.9847629158452418,615494.4375
kNN_dinov2_vitb14_l5_k100,93,46.98420985,-0.9813521644262555,567817.75
kNN_dinov2_vitb14_l5_k100,94,47.05894020545455,-0.9770449160806003,567947.375
kNN_dinov2_vitb14_l5_k100,95,47.18393024863636,-0.9698408401272126,849266.9375
kNN_dinov2_vitb14_l5_k100,96,47.45620903181818,-0.9541474538013544,573148.75
kNN_dinov2_vitb14_l5_k100,97,47.57944400681818,-0.9470445350614799,603833.5625
kNN_dinov2_vitb14_l5_k100,98,47.68605184090909,-0.9408999581458618,488604.0
kNN_dinov2_vitb14_l5_k100,99,47.85413733318182,-0.9312119812305011,746042.25
kNN_dinov2_vitb14_l5_k100,100,47.997159330454544,-0.9229685939563709,546880.5
kNN_dinov2_vitb14_l5_k100,101,48.745656067727275,-0.8798273387898924,590681.125
kNN_dinov2_vitb14_l5_k100,102,48.974869975454546,-0.8666160912472533,557411.8125
kNN_dinov2_vitb14_l5_k100,103,49.269933079999994,-0.8496094804638982,655930.8125
kNN_dinov2_vitb14_l5_k100,104,49.50143869090909,-0.8362661455696251,559195.875
kNN_dinov2_vitb14_l5_k100,105,50.02686477227273,-0.8059820581201266,621665.75
kNN_dinov2_vitb14_l5_k100,106,50.24467801363637,-0.793427913049909,624626.1875
kNN_dinov2_vitb14_l5_k100,107,50.26601576545454,-0.7921980648087251,627382.4375
kNN_dinov2_vitb14_l5_k100,108,50.287720933636365,-0.7909470397175866,654004.25
kNN_dinov2_vitb14_l5_k100,109,50.397065763181814,-0.7846447100511362,723862.5625
kNN_dinov2_vitb14_l5_k100,110,50.44004938636363,-0.782167254421305,816158.0
kNN_dinov2_vitb14_l5_k100,111,50.53053583909091,-0.7769518687665316,520237.75
kNN_dinov2_vitb14_l5_k100,112,50.744067415454545,-0.7646445068726515,537831.4375
kNN_dinov2_vitb14_l5_k100,113,50.877768575909094,-0.756938346522186,562342.125
kNN_dinov2_vitb14_l5_k100,114,50.952142585000004,-0.7526516369826949,626777.875
kNN_dinov2_vitb14_l5_k100,115,51.255980857727266,-0.7351392500872892,682625.8125
kNN_dinov2_vitb14_l5_k100,116,51.47010300409091,-0.7227978493929772,614419.75
kNN_dinov2_vitb14_l5_k100,117,51.48649149727273,-0.7218532625551946,629321.875
kNN_dinov2_vitb14_l5_k100,118,51.49088870772727,-0.7215998196625357,612353.5625
kNN_dinov2_vitb14_l5_k100,119,51.669473619090915,-0.7113066856428819,682308.1875
kNN_dinov2_vitb14_l5_k100,120,51.78909724363636,-0.7044119150267025,849125.4375
kNN_dinov2_vitb14_l5_k100,121,51.85205774272727,-0.7007830482308545,541305.0
kNN_dinov2_vitb14_l5_k100,122,51.87800455454545,-0.699287546682667,1042397.9375
kNN_dinov2_vitb14_l5_k100,123,51.92553946363636,-0.6965477676825893,740418.0
kNN_dinov2_vitb14_l5_k100,124,52.00039339090909,-0.6922333970034971,584947.6875
kNN_dinov2_vitb14_l5_k100,125,52.126720309090906,-0.6849522673201076,578392.25
kNN_dinov2_vitb14_l5_k100,126,52.30133809090909,-0.6748877875343021,570279.0625
kNN_dinov2_vitb14_l5_k100,127,52.82782977227273,-0.6445422818858776,602768.5
kNN_dinov2_vitb14_l5_k100,128,52.94948191,-0.637530593452388,586488.75
kNN_dinov2_vitb14_l5_k100,129,52.977303153181815,-0.6359270549312603,689191.375
kNN_dinov2_vitb14_l5_k100,130,53.02329102272727,-0.6332764429568486,781537.0625
kNN_dinov2_vitb14_l5_k100,131,53.11169118954546,-0.6281813049775454,606655.9375
kNN_dinov2_vitb14_l5_k100,132,53.15595768772727,-0.6256299080264427,580204.0
kNN_dinov2_vitb14_l5_k100,133,53.19575964181818,-0.6233358348901765,598121.0625
kNN_dinov2_vitb14_l5_k100,134,53.738266159999995,-0.5920672789100433,709594.5
kNN_dinov2_vitb14_l5_k100,135,54.35688324090909,-0.5564119233034402,630832.5
kNN_dinov2_vitb14_l5_k100,136,54.43010616227273,-0.5521915592359978,664589.1875
kNN_dinov2_vitb14_l5_k100,137,54.51598353272727,-0.5472418281719658,699019.75
kNN_dinov2_vitb14_l5_k100,138,54.63723127590909,-0.5402534479072425,605542.375
kNN_dinov2_vitb14_l5_k100,139,54.68535675181818,-0.5374796302901245,622015.1875
kNN_dinov2_vitb14_l5_k100,140,54.72388539863636,-0.5352589470181324,642683.9375
kNN_dinov2_vitb14_l5_k100,141,55.23867115454546,-0.5055881381210048,630809.6875
kNN_dinov2_vitb14_l5_k100,142,55.2775563909091,-0.5033469020265294,720205.125
kNN_dinov2_vitb14_l5_k100,143,55.699695931818184,-0.47901596143141617,636012.9375
kNN_dinov2_vitb14_l5_k100,144,55.80372709545455,-0.4730198965827504,691934.5
kNN_dinov2_vitb14_l5_k100,145,55.82518654818182,-0.4717830338420878,767105.25
kNN_dinov2_vitb14_l5_k100,146,56.236087309090905,-0.4480998650428898,632217.8125
kNN_dinov2_vitb14_l5_k100,147,56.34353036818182,-0.44190714809799403,609710.1875
kNN_dinov2_vitb14_l5_k100,148,56.343846956363635,-0.44188890084205507,741723.125
kNN_dinov2_vitb14_l5_k100,149,56.418747340909086,-0.4375718524959041,556143.25
kNN_dinov2_vitb14_l5_k100,150,56.4284854,-0.43701057804920695,890088.0625
kNN_dinov2_vitb14_l5_k100,151,56.43083487727272,-0.4368751607608167,664168.0625
kNN_dinov2_vitb14_l5_k100,152,56.73676582727273,-0.41924215780964386,846408.375
kNN_dinov2_vitb14_l5_k100,153,56.80215198181818,-0.415473483028404,1080567.875
kNN_dinov2_vitb14_l5_k100,154,56.838491672272724,-0.41337896506927063,571556.0625
kNN_dinov2_vitb14_l5_k100,155,56.87784920000001,-0.4111105074236286,685617.25
kNN_dinov2_vitb14_l5_k100,156,56.88495511818182,-0.41070094220549447,660061.5625
kNN_dinov2_vitb14_l5_k100,157,56.89427865,-0.4101635599495794,570028.0
kNN_dinov2_vitb14_l5_k100,158,57.014437336363635,-0.4032379498690725,644026.3125
kNN_dinov2_vitb14_l5_k100,159,57.01605029863636,-0.40314498324207687,705473.0625
kNN_dinov2_vitb14_l5_k100,160,57.06027285454545,-0.40059611900047776,580960.75
kNN_dinov2_vitb14_l5_k100,161,57.08577673045454,-0.3991261470372903,714193.625
kNN_dinov2_vitb14_l5_k100,162,57.165035822727276,-0.39455787498782163,933944.9375
kNN_dinov2_vitb14_l5_k100,163,57.30280682363637,-0.386617140434433,630772.4375
kNN_dinov2_vitb14_l5_k100,164,57.552973348181816,-0.3721982427531278,591977.625
kNN_dinov2_vitb14_l5_k100,165,57.715692645,-0.3628195583114009,623788.875
kNN_dinov2_vitb14_l5_k100,166,57.94736867727273,-0.34946640080713065,628194.5
kNN_dinov2_vitb14_l5_k100,167,58.01582408181818,-0.3455208230538053,696748.75
kNN_dinov2_vitb14_l5_k100,168,58.14704098045454,-0.33795784859535755,693370.375
kNN_dinov2_vitb14_l5_k100,169,58.40466673181818,-0.32310902197584374,711933.8125
kNN_dinov2_vitb14_l5_k100,170,58.48494007,-0.3184822916333907,581159.875
kNN_dinov2_vitb14_l5_k100,171,58.90741873181818,-0.2941318050590592,597660.3125
kNN_dinov2_vitb14_l5_k100,172,58.92814133636364,-0.29293741218345776,638843.9375
kNN_dinov2_vitb14_l5_k100,173,58.959711454090915,-0.29111779903528184,577104.3125
kNN_dinov2_vitb14_l5_k100,174,59.080638213636355,-0.2841479193681854,680463.8125
kNN_dinov2_vitb14_l5_k100,175,59.15176404636364,-0.2800484256151513,577317.875
kNN_dinov2_vitb14_l5_k100,176,59.165360129545455,-0.27926478546736844,556242.5
kNN_dinov2_vitb14_l5_k100,177,59.343238913181814,-0.26901235067183393,559638.0625
kNN_dinov2_vitb14_l5_k100,178,59.52943686818182,-0.2582804221434605,848010.375
kNN_dinov2_vitb14_l5_k100,179,59.53394987363636,-0.2580203051513792,845177.375
kNN_dinov2_vitb14_l5_k100,180,59.61907620909091,-0.2531138616408659,687320.9375
kNN_dinov2_vitb14_l5_k100,181,59.64024705,-0.25189363367691286,701881.125
kNN_dinov2_vitb14_l5_k100,182,59.81487126545455,-0.2418287830743299,680196.1875
kNN_dinov2_vitb14_l5_k100,183,59.821444613636366,-0.241449913699103,694580.0625
kNN_dinov2_vitb14_l5_k100,184,59.82249576181818,-0.241389328462493,741581.5
kNN_dinov2_vitb14_l5_k100,185,60.13491826227273,-0.22338217072795283,822670.1875
kNN_dinov2_vitb14_l5_k100,186,60.66603184545455,-0.19277027160609897,624862.9375
kNN_dinov2_vitb14_l5_k100,187,60.91525143409091,-0.1784059526579342,808528.0
kNN_dinov2_vitb14_l5_k100,188,60.98922430909091,-0.17414236336374334,617138.625
kNN_dinov2_vitb14_l5_k100,189,61.15445065909091,-0.16461917939964438,573101.0
kNN_dinov2_vitb14_l5_k100,190,61.257236485,-0.15869489232900422,662086.8125
kNN_dinov2_vitb14_l5_k100,191,61.38288141818182,-0.1514530703505647,640578.1875
kNN_dinov2_vitb14_l5_k100,192,61.41676890772727,-0.14949989038246164,547440.8125
kNN_dinov2_vitb14_l5_k100,193,61.450913154545454,-0.1475319116444142,772715.4375
kNN_dinov2_vitb14_l5_k100,194,61.557454278181815,-0.14139117973251966,618488.125
kNN_dinov2_vitb14_l5_k100,195,61.612018317727276,-0.1382462613438015,589816.9375
kNN_dinov2_vitb14_l5_k100,196,61.66026577136363,-0.13546541327218128,644447.8125
kNN_dinov2_vitb14_l5_k100,197,61.784896459090916,-0.12828204956052722,761154.25
kNN_dinov2_vitb14_l5_k100,198,61.80260090454545,-0.12726161492013313,635791.375
kNN_dinov2_vitb14_l5_k100,199,62.04634134636364,-0.11321309864578996,673696.8125
kNN_dinov2_vitb14_l5_k100,200,62.140166177272725,-0.1078052982244427,671778.5625
kNN_dinov2_vitb14_l5_k100,201,62.30800517363637,-0.0981315286427709,806456.625
kNN_dinov2_vitb14_l5_k100,202,62.48285368636363,-0.08805375017371433,649391.0625
kNN_dinov2_vitb14_l5_k100,203,62.50087945,-0.08701479565343062,700337.9375
kNN_dinov2_vitb14_l5_k100,204,62.515273900000004,-0.08618513987871876,554020.5
kNN_dinov2_vitb14_l5_k100,205,62.56153540454545,-0.08351875634944335,552836.875
kNN_dinov2_vitb14_l5_k100,206,62.62842450590909,-0.07966345592382028,751774.0625
kNN_dinov2_vitb14_l5_k100,207,62.64787497272727,-0.07854238550316901,655314.9375
kNN_dinov2_vitb14_l5_k100,208,62.80573838590909,-0.06944358059141646,693784.9375
kNN_dinov2_vitb14_l5_k100,209,62.831736559090906,-0.06794511871810778,592979.1875
kNN_dinov2_vitb14_l5_k100,210,63.033077886363635,-0.05634036863318487,948738.1875
kNN_dinov2_vitb14_l5_k100,211,63.2958711590909,-0.041193700558090865,853190.0
kNN_dinov2_vitb14_l5_k100,212,63.30556153181818,-0.04063517461980955,903425.5
kNN_dinov2_vitb14_l5_k100,213,63.451246159090914,-0.0322383208113255,742929.25
kNN_dinov2_vitb14_l5_k100,214,63.51674641363636,-0.02846306962571502,645872.25
kNN_dinov2_vitb14_l5_k100,215,63.52993807136364,-0.027702739428211564,618304.0625
kNN_dinov2_vitb14_l5_k100,216,63.601648069090906,-0.02356957604100441,620233.75
kNN_dinov2_vitb14_l5_k100,217,63.632569839545454,-0.021787331813408223,955551.125
kNN_dinov2_vitb14_l5_k100,218,63.65115097727273,-0.02071636708629849,812277.0625
kNN_dinov2_vitb14_l5_k100,219,63.71100458181818,-0.017266572988681755,587998.6875
kNN_dinov2_vitb14_l5_k100,220,63.89873966363636,-0.006446048776474242,575618.5
kNN_dinov2_vitb14_l5_k100,221,63.92419218818182,-0.004979036562035517,495609.25
kNN_dinov2_vitb14_l5_k100,222,63.96103896818182,-0.002855291382016408,745520.8125
kNN_dinov2_vitb14_l5_k100,223,63.99746849090909,-0.0007555957423308915,766389.8125
kNN_dinov2_vitb14_l5_k100,224,64.02118780454545,0.000611519050564863,835071.5
kNN_dinov2_vitb14_l5_k100,225,64.02835174090909,0.0010244282741725598,562553.8125
kNN_dinov2_vitb14_l5_k100,226,64.1043883409091,0.005406964896234798,712424.25
kNN_dinov2_vitb14_l5_k100,227,64.15682117727273,0.008429046703709133,563482.9375
kNN_dinov2_vitb14_l5_k100,228,64.23845857272727,0.01313439748621699,687458.3125
kNN_dinov2_vitb14_l5_k100,229,64.25370258636363,0.014013019729039077,636878.625
kNN_dinov2_vitb14_l5_k100,230,64.32671434181817,0.01822121278502206,629597.0
kNN_dinov2_vitb14_l5_k100,231,64.40631527727272,0.022809187717882526,705500.625
kNN_dinov2_vitb14_l5_k100,232,64.56676404090909,0.032057004987472486,932858.5625
kNN_dinov2_vitb14_l5_k100,233,64.70266141363636,0.0398897488610707,758047.4375
kNN_dinov2_vitb14_l5_k100,234,64.83579067045456,0.047562946288015,655112.75
kNN_dinov2_vitb14_l5_k100,235,64.88276691590909,0.05027052548108044,904151.1875
kNN_dinov2_vitb14_l5_k100,236,64.91428311818181,0.05208703109348984,620124.125
kNN_dinov2_vitb14_l5_k100,237,64.99876317727272,0.056956225044821694,772484.8125
kNN_dinov2_vitb14_l5_k100,238,65.11283459954545,0.06353098227543044,689548.0625
kNN_dinov2_vitb14_l5_k100,239,65.12859398045454,0.06443930884414997,621215.375
kNN_dinov2_vitb14_l5_k100,240,65.15700578272727,0.06607688553694015,732787.125
kNN_dinov2_vitb14_l5_k100,241,65.26560826818182,0.07233642856952589,714088.0
kNN_dinov2_vitb14_l5_k100,242,65.49862164545455,0.08576666689328061,618789.0625
kNN_dinov2_vitb14_l5_k100,243,65.58085287863636,0.09050624481886647,574615.5
kNN_dinov2_vitb14_l5_k100,244,65.74797291818182,0.10013857574355729,566827.6875
kNN_dinov2_vitb14_l5_k100,245,65.77319434545456,0.10159226815857124,738966.75
kNN_dinov2_vitb14_l5_k100,246,65.79643795909091,0.10293196493604907,576068.375
kNN_dinov2_vitb14_l5_k100,247,65.90152255454545,0.10898874664372764,659889.1875
kNN_dinov2_vitb14_l5_k100,248,66.06104215454546,0.11818300952419154,586423.5
kNN_dinov2_vitb14_l5_k100,249,66.34667021363636,0.13464581071801482,670030.6875
kNN_dinov2_vitb14_l5_k100,250,66.41367993636364,0.13850806342114064,720717.8125
kNN_dinov2_vitb14_l5_k100,251,66.49486482500001,0.14318733297826053,697406.0625
kNN_dinov2_vitb14_l5_k100,252,66.57540134545455,0.14782923240965884,584651.1875
kNN_dinov2_vitb14_l5_k100,253,66.64770191772728,0.15199643485928482,842662.8125
kNN_dinov2_vitb14_l5_k100,254,66.69631712272727,0.15479847908932004,679348.375
kNN_dinov2_vitb14_l5_k100,255,66.69915260454546,0.15496190831826281,818589.4375
kNN_dinov2_vitb14_l5_k100,256,66.84640655909091,0.16344921375457688,718403.1875
kNN_dinov2_vitb14_l5_k100,257,66.92138232272727,0.1677706067403678,578718.5
kNN_dinov2_vitb14_l5_k100,258,67.1600262,0.1815253713113582,541634.5
kNN_dinov2_vitb14_l5_k100,259,67.24224864545455,0.1862644427369615,724457.75
kNN_dinov2_vitb14_l5_k100,260,67.33497136227273,0.19160872038946963,1475583.25
kNN_dinov2_vitb14_l5_k100,261,67.50431248636363,0.20136906840541843,734963.5
kNN_dinov2_vitb14_l5_k100,262,67.65232870272727,0.20990030847760313,750906.5
kNN_dinov2_vitb14_l5_k100,263,67.78208407272727,0.2173790445196429,576842.3125
kNN_dinov2_vitb14_l5_k100,264,67.84529925,0.2210225902524589,639672.0625
kNN_dinov2_vitb14_l5_k100,265,67.89158320909091,0.22369026799883285,715468.375
kNN_dinov2_vitb14_l5_k100,266,67.98637594090908,0.22915385551719142,764863.375
kNN_dinov2_vitb14_l5_k100,267,68.0851692090909,0.234848022744816,622663.0625
kNN_dinov2_vitb14_l5_k100,268,68.12695885,0.23725666058115907,638487.25
kNN_dinov2_vitb14_l5_k100,269,68.2302839,0.24321202701786718,827713.8125
kNN_dinov2_vitb14_l5_k100,270,68.23565684545454,0.24352170854259156,670370.1875
kNN_dinov2_vitb14_l5_k100,271,68.26595938409092,0.24526826198284749,658970.9375
kNN_dinov2_vitb14_l5_k100,272,68.27114585318182,0.2455671955323495,677493.1875
kNN_dinov2_vitb14_l5_k100,273,68.32032611363637,0.24840180797589106,621873.4375
kNN_dinov2_vitb14_l5_k100,274,68.38830778636363,0.25232008115428434,743309.0625
kNN_dinov2_vitb14_l5_k100,275,68.41746199090909,0.2540004478343775,590363.9375
kNN_dinov2_vitb14_l5_k100,276,68.46063733181818,0.256488953536948,675746.875
kNN_dinov2_vitb14_l5_k100,277,68.46664887727273,0.256835442176758,616467.0625
kNN_dinov2_vitb14_l5_k100,278,68.47213741363636,0.2571517860376766,930736.875
kNN_dinov2_vitb14_l5_k100,279,68.93374281227273,0.283757428116166,575632.75
kNN_dinov2_vitb14_l5_k100,280,69.04567613727274,0.29020895140944425,704240.1875
kNN_dinov2_vitb14_l5_k100,281,69.05974111818182,0.2910196175086998,687439.0625
kNN_dinov2_vitb14_l5_k100,282,69.09219679545454,0.2928902718283501,709576.625
kNN_dinov2_vitb14_l5_k100,283,69.09712682727273,0.29317442505181285,609390.4375
kNN_dinov2_vitb14_l5_k100,284,69.10091421363637,0.29339271939217726,563538.1875
kNN_dinov2_vitb14_l5_k100,285,69.10780212727273,0.2937897194390094,597772.0
kNN_dinov2_vitb14_l5_k100,286,69.12065298636364,0.2945304069577943,761469.4375
kNN_dinov2_vitb14_l5_k100,287,69.18059698636364,0.2979854111961857,643458.8125
kNN_dinov2_vitb14_l5_k100,288,69.23367816363636,0.30104486155745686,810347.5
kNN_dinov2_vitb14_l5_k100,289,69.2644266,0.3028171152936152,703570.9375
kNN_dinov2_vitb14_l5_k100,290,69.35791935818182,0.30820577597320115,608177.625
kNN_dinov2_vitb14_l5_k100,291,69.61843814545455,0.32322134907823014,694585.9375
kNN_dinov2_vitb14_l5_k100,292,69.80519480454545,0.33398547974530074,724455.1875
kNN_dinov2_vitb14_l5_k100,293,69.8553488,0.33687621554651076,836770.8125
kNN_dinov2_vitb14_l5_k100,294,69.88728480909091,0.3387169176479122,1032086.1875
kNN_dinov2_vitb14_l5_k100,295,69.97248817863637,0.3436278011876287,746235.8125
kNN_dinov2_vitb14_l5_k100,296,70.05721009181819,0.3485109349312532,601801.125
kNN_dinov2_vitb14_l5_k100,297,70.14929492727272,0.35381844688886305,646440.0625
kNN_dinov2_vitb14_l5_k100,298,70.15787111818182,0.35431275450831085,673906.625
kNN_dinov2_vitb14_l5_k100,299,70.16147875909091,0.3545206888241977,730138.5625
kNN_dinov2_vitb14_l5_k100,300,70.20511073181818,0.3570355135056018,780873.5
kNN_dinov2_vitb14_l5_k100,301,70.32331571818182,0.3638485177910241,612963.0
kNN_dinov2_vitb14_l5_k100,302,70.37705808636363,0.36694607734409634,757312.0
kNN_dinov2_vitb14_l5_k100,303,70.399005675,0.36821107487114013,616830.6875
kNN_dinov2_vitb14_l5_k100,304,70.50181075318181,0.37413647158884883,666667.875
kNN_dinov2_vitb14_l5_k100,305,70.6102672090909,0.38038759788750787,732019.9375
kNN_dinov2_vitb14_l5_k100,306,70.7436578590909,0.38807586128520843,778377.4375
kNN_dinov2_vitb14_l5_k100,307,70.83137117272727,0.39313141097119886,863413.0625
kNN_dinov2_vitb14_l5_k100,308,70.8352099,0.39335266445774103,586719.1875
kNN_dinov2_vitb14_l5_k100,309,70.84563281363636,0.3939534120019492,648527.0
kNN_dinov2_vitb14_l5_k100,310,70.86294127272727,0.394951023097624,610104.625
kNN_dinov2_vitb14_l5_k100,311,70.88488886772727,0.3962160209914498,565265.375
kNN_dinov2_vitb14_l5_k100,312,70.94146290454545,0.3994767899923458,524157.96875
kNN_dinov2_vitb14_l5_k100,313,71.03486937272727,0.4048604771580567,790530.5625
kNN_dinov2_vitb14_l5_k100,314,71.06114357272727,0.4063748484439294,608167.8125
kNN_dinov2_vitb14_l5_k100,315,71.16676672727273,0.41246267118893826,861571.75
kNN_dinov2_vitb14_l5_k100,316,71.17873871818182,0.41315270320770386,630301.0625
kNN_dinov2_vitb14_l5_k100,317,71.2066498259091,0.4147614212694939,602705.375
kNN_dinov2_vitb14_l5_k100,318,71.25545576818182,0.4175744590616155,767804.3125
kNN_dinov2_vitb14_l5_k100,319,71.3174982909091,0.4211504162713988,652986.0
kNN_dinov2_vitb14_l5_k100,320,71.36296618181818,0.4237710581338302,623354.6875
kNN_dinov2_vitb14_l5_k100,321,71.46931471818182,0.4299006898548213,777320.8125
kNN_dinov2_vitb14_l5_k100,322,71.72297334090909,0.4445208622928842,642980.75
kNN_dinov2_vitb14_l5_k100,323,71.90808025909091,0.45518990651538743,641750.125
kNN_dinov2_vitb14_l5_k100,324,71.99829709090909,0.46038975197625187,619620.75
kNN_dinov2_vitb14_l5_k100,325,72.09644175681818,0.46604653558581094,664289.9375
kNN_dinov2_vitb14_l5_k100,326,72.15469048045455,0.4694038288435938,741892.25
kNN_dinov2_vitb14_l5_k100,327,72.16259906363636,0.4698596574238161,682630.1875
kNN_dinov2_vitb14_l5_k100,328,72.25012620454545,0.47490447663533314,618751.8125
kNN_dinov2_vitb14_l5_k100,329,72.32991709090909,0.4795033998064825,694540.0625
kNN_dinov2_vitb14_l5_k100,330,72.3529890590909,0.4808332034207922,610200.8125
kNN_dinov2_vitb14_l5_k100,331,72.35690482818183,0.48105889738191765,629486.5
kNN_dinov2_vitb14_l5_k100,332,72.45495321363636,0.48671013165578725,719288.0625
kNN_dinov2_vitb14_l5_k100,333,72.62635492727273,0.49658924628079065,619593.75
kNN_dinov2_vitb14_l5_k100,334,72.63195748181819,0.49691216183031,600177.125
kNN_dinov2_vitb14_l5_k100,335,72.83995069636363,0.5089003080636467,619795.6875
kNN_dinov2_vitb14_l5_k100,336,72.89617321363636,0.5121408164626576,605243.625
kNN_dinov2_vitb14_l5_k100,337,73.03390340545455,0.5200791988943657,770565.625
kNN_dinov2_vitb14_l5_k100,338,73.11911989545455,0.5249908386603275,674047.125
kNN_dinov2_vitb14_l5_k100,339,73.13833258181818,0.5260982040816745,570927.9375
kNN_dinov2_vitb14_l5_k100,340,73.33471177272727,0.5374169505270702,587277.0625
kNN_dinov2_vitb14_l5_k100,341,73.33981687045456,0.5377111940591194,597419.375
kNN_dinov2_vitb14_l5_k100,342,73.39854528636364,0.541096135435736,636846.75
kNN_dinov2_vitb14_l5_k100,343,73.41015931818183,0.5417655356952554,809935.0625
kNN_dinov2_vitb14_l5_k100,344,73.44266513181819,0.5436390797344586,715751.5
kNN_dinov2_vitb14_l5_k100,345,73.44619574090909,0.5438425741521346,598744.0
kNN_dinov2_vitb14_l5_k100,346,73.46868897499999,0.5451390211546568,690634.0
kNN_dinov2_vitb14_l5_k100,347,73.50964273636363,0.5474994812355564,667854.375
kNN_dinov2_vitb14_l5_k100,348,73.53120189545454,0.548742090771711,1046571.1875
kNN_dinov2_vitb14_l5_k100,349,73.63946159545455,0.5549818766109442,903375.5
kNN_dinov2_vitb14_l5_k100,350,73.76844457272728,0.562416094099894,600994.25
kNN_dinov2_vitb14_l5_k100,351,73.80118299272728,0.5643030449182952,738486.5625
kNN_dinov2_vitb14_l5_k100,352,73.90576145,0.5703306542390226,973675.5
kNN_dinov2_vitb14_l5_k100,353,73.96756481363637,0.5738928269887642,591310.1875
kNN_dinov2_vitb14_l5_k100,354,74.00717849454546,0.5761760485862414,672334.0
kNN_dinov2_vitb14_l5_k100,355,74.01135728181818,0.5764169021785707,962255.8125
kNN_dinov2_vitb14_l5_k100,356,74.05095793636363,0.5786993729729389,583535.5
kNN_dinov2_vitb14_l5_k100,357,74.05302495909092,0.5788185103725725,522740.96875
kNN_dinov2_vitb14_l5_k100,358,74.20412883636364,0.5875277145700669,612098.8125
kNN_dinov2_vitb14_l5_k100,359,74.32802774090909,0.5946689003490705,845418.875
kNN_dinov2_vitb14_l5_k100,360,74.38583995454546,0.5980010343932524,637409.375
kNN_dinov2_vitb14_l5_k100,361,74.46433656818182,0.602525359310058,580162.9375
kNN_dinov2_vitb14_l5_k100,362,74.52572066363636,0.6060633666162982,603612.6875
kNN_dinov2_vitb14_l5_k100,363,74.86437946363637,0.625582711160682,957042.0
kNN_dinov2_vitb14_l5_k100,364,74.89747095909091,0.6274900122592099,800518.625
kNN_dinov2_vitb14_l5_k100,365,74.9084351090909,0.6281219551512479,679899.375
kNN_dinov2_vitb14_l5_k100,366,75.02020153181819,0.634563858665071,599548.5625
kNN_dinov2_vitb14_l5_k100,367,75.04613550454546,0.6360586202040249,604249.5
kNN_dinov2_vitb14_l5_k100,368,75.04910765454545,0.6362299266041167,674753.25
kNN_dinov2_vitb14_l5_k100,369,75.04911406363637,0.6362302960061632,660802.875
kNN_dinov2_vitb14_l5_k100,370,75.14242499545455,0.6416084767235004,586849.375
kNN_dinov2_vitb14_l5_k100,371,75.14524949545454,0.6417712729912052,637478.375
kNN_dinov2_vitb14_l5_k100,372,75.21942449545455,0.6460465122041826,630251.1875
kNN_dinov2_vitb14_l5_k100,373,75.2494860690909,0.6477791770968547,617626.625
kNN_dinov2_vitb14_l5_k100,374,75.29101026818182,0.6501725156103826,636239.1875
kNN_dinov2_vitb14_l5_k100,375,75.30463428181818,0.6509577655913236,560302.1875
kNN_dinov2_vitb14_l5_k100,376,75.35053226363635,0.6536031966889378,735288.5
kNN_dinov2_vitb14_l5_k100,377,75.358434425,0.6540586551335503,616579.1875
kNN_dinov2_vitb14_l5_k100,378,75.4765098,0.6608641889830542,652503.8125
kNN_dinov2_vitb14_l5_k100,379,75.48288537727272,0.661231659397098,704386.0625
kNN_dinov2_vitb14_l5_k100,380,75.54217925454545,0.664649192382683,719838.875
kNN_dinov2_vitb14_l5_k100,381,75.65154605454546,0.6709527883645888,631960.25
kNN_dinov2_vitb14_l5_k100,382,75.68111334545455,0.672656964185499,823733.5
kNN_dinov2_vitb14_l5_k100,383,75.77031593636364,0.677798351641565,812038.0
kNN_dinov2_vitb14_l5_k100,384,75.78166525454546,0.6784524945486285,681331.125
kNN_dinov2_vitb14_l5_k100,385,75.79512009954546,0.6792279941232632,680031.125
kNN_dinov2_vitb14_l5_k100,386,75.84170493636363,0.6819130136189849,635309.4375
kNN_dinov2_vitb14_l5_k100,387,75.84312428636363,0.6819948209769487,559568.0625
kNN_dinov2_vitb14_l5_k100,388,76.02107943636364,0.6922516573157579,638805.25
kNN_dinov2_vitb14_l5_k100,389,76.07231828181818,0.6952049208319687,646537.9375
kNN_dinov2_vitb14_l5_k100,390,76.16321556363636,0.7004439855246826,686828.375
kNN_dinov2_vitb14_l5_k100,391,76.19598609272727,0.7023327870211363,695943.4375
kNN_dinov2_vitb14_l5_k100,392,76.26727722727273,0.7064418083079089,554168.25
kNN_dinov2_vitb14_l5_k100,393,76.28929185454545,0.7077106697541566,782896.5
kNN_dinov2_vitb14_l5_k100,394,76.28997104545455,0.707749816415534,593223.75
kNN_dinov2_vitb14_l5_k100,395,76.32376224090909,0.7096974462619865,687030.0
kNN_dinov2_vitb14_l5_k100,396,76.35414479090909,0.7114486113331051,628687.875
kNN_dinov2_vitb14_l5_k100,397,76.39021483181818,0.71352758744781,607234.6875
kNN_dinov2_vitb14_l5_k100,398,76.45241142272727,0.7171124247159999,609139.5
kNN_dinov2_vitb14_l5_k100,399,76.51437691681818,0.7206839422109638,661455.75
kNN_dinov2_vitb14_l5_k100,400,76.5471795409091,0.7225745935733101,705916.0
kNN_dinov2_vitb14_l5_k100,401,76.59774437272728,0.7254890088316404,680805.4375
kNN_dinov2_vitb14_l5_k100,402,76.63823088636364,0.7278225380624447,561333.5
kNN_dinov2_vitb14_l5_k100,403,76.64452179545455,0.7281851284396704,705235.4375
kNN_dinov2_vitb14_l5_k100,404,76.67493643727272,0.7299381431932893,548623.1875
kNN_dinov2_vitb14_l5_k100,405,76.67586082272727,0.7299914221814013,656052.1875
kNN_dinov2_vitb14_l5_k100,406,76.81212329090908,0.7378452091342544,792495.1875
kNN_dinov2_vitb14_l5_k100,407,76.90558185454546,0.7432318989360301,841206.75
kNN_dinov2_vitb14_l5_k100,408,76.91644974545454,0.7438582937237196,689771.8125
kNN_dinov2_vitb14_l5_k100,409,76.98329391227273,0.7477110042480184,668110.375
kNN_dinov2_vitb14_l5_k100,410,77.11547369545454,0.7553294766743298,662598.9375
kNN_dinov2_vitb14_l5_k100,411,77.14402031818182,0.7569748240404465,669593.9375
kNN_dinov2_vitb14_l5_k100,412,77.17084656363636,0.7585210136798696,559226.9375
kNN_dinov2_vitb14_l5_k100,413,77.25877326818183,0.7635888626200866,874711.75
kNN_dinov2_vitb14_l5_k100,414,77.34552212272727,0.7685888235858233,555726.5
kNN_dinov2_vitb14_l5_k100,415,77.52582683636363,0.7789810821907805,565198.25
kNN_dinov2_vitb14_l5_k100,416,77.65479755863636,0.7864145933358604,1100015.5
kNN_dinov2_vitb14_l5_k100,417,77.69959142727272,0.7889963864426363,754489.1875
kNN_dinov2_vitb14_l5_k100,418,77.72501827727272,0.7904619188481973,562468.75
kNN_dinov2_vitb14_l5_k100,419,77.83570625,0.7968416635250904,795452.9375
kNN_dinov2_vitb14_l5_k100,420,77.9733424409091,0.8047746280077235,664485.5
kNN_dinov2_vitb14_l5_k100,421,78.0566007590909,0.8095734042355274,682068.0625
kNN_dinov2_vitb14_l5_k100,422,78.20425748181819,0.818083924101565,678727.8125
kNN_dinov2_vitb14_l5_k100,423,78.23482706363636,0.8198458691627494,558942.4375
kNN_dinov2_vitb14_l5_k100,424,78.25971381363637,0.8212802717172971,651822.9375
kNN_dinov2_vitb14_l5_k100,425,78.3483194,0.8263872495037559,514053.71875
kNN_dinov2_vitb14_l5_k100,426,78.4185978909091,0.8304379048480556,586297.375
kNN_dinov2_vitb14_l5_k100,427,78.53980069090909,0.837423694713678,666852.75
kNN_dinov2_vitb14_l5_k100,428,78.54177141363635,0.8375372816510761,715235.6875
kNN_dinov2_vitb14_l5_k100,429,78.57485005,0.8394438415876266,596894.8125
kNN_dinov2_vitb14_l5_k100,430,78.5853263609091,0.8400476668010531,570253.1875
kNN_dinov2_vitb14_l5_k100,431,78.61859467727272,0.8419651593614511,711735.625
kNN_dinov2_vitb14_l5_k100,432,78.63007529545455,0.8426268700327033,812850.3125
kNN_dinov2_vitb14_l5_k100,433,78.86957993181818,0.8564312463464417,633735.25
kNN_dinov2_vitb14_l5_k100,434,79.22077921818182,0.8766733893950602,641371.8125
kNN_dinov2_vitb14_l5_k100,435,79.25695136818182,0.8787582507917258,744014.3125
kNN_dinov2_vitb14_l5_k100,436,79.28284742727273,0.8802508270948876,671129.375
kNN_dinov2_vitb14_l5_k100,437,79.36729972727272,0.8851184210899811,662850.5
kNN_dinov2_vitb14_l5_k100,438,79.46781420454546,0.8909117939879693,824738.3125
kNN_dinov2_vitb14_l5_k100,439,79.51125251363636,0.8934154564398847,723409.75
kNN_dinov2_vitb14_l5_k100,440,79.62850745318183,0.9001737026880812,630920.0625
kNN_dinov2_vitb14_l5_k100,441,79.6499864090909,0.9014116895375086,618957.6875
kNN_dinov2_vitb14_l5_k100,442,79.75645692727272,0.9075483519487911,564880.8125
kNN_dinov2_vitb14_l5_k100,443,79.91532173636364,0.9167048745155257,718642.875
kNN_dinov2_vitb14_l5_k100,444,79.94757872272727,0.9185640768477706,659133.8125
kNN_dinov2_vitb14_l5_k100,445,80.02392345454545,0.9229643733246603,636955.9375
kNN_dinov2_vitb14_l5_k100,446,80.13685939999999,0.9294736848522888,704685.4375
kNN_dinov2_vitb14_l5_k100,447,80.28660759545454,0.9381047513474663,698621.75
kNN_dinov2_vitb14_l5_k100,448,80.40461357272727,0.9449062853063745,678941.25
kNN_dinov2_vitb14_l5_k100,449,80.43965011363636,0.9469256933762311,775147.0625
kNN_dinov2_vitb14_l5_k100,450,80.56802326363636,0.954324762129495,873900.3125
kNN_dinov2_vitb14_l5_k100,451,80.69563893636364,0.9616801720146861,562615.25
kNN_dinov2_vitb14_l5_k100,452,80.83871870454546,0.9699268890421825,1098811.0
kNN_dinov2_vitb14_l5_k100,453,80.88731798181819,0.9727280152426367,604504.5
kNN_dinov2_vitb14_l5_k100,454,80.98601989090909,0.9784169167881859,593368.625
kNN_dinov2_vitb14_l5_k100,455,81.02786977272727,0.9808290267417757,590974.375
kNN_dinov2_vitb14_l5_k100,456,81.46314962272727,1.0059173379428359,710138.5625
kNN_dinov2_vitb14_l5_k100,457,81.49191450454545,1.0075752651515413,624943.25
kNN_dinov2_vitb14_l5_k100,458,81.53910919545454,1.0102954349286748,545478.5
kNN_dinov2_vitb14_l5_k100,459,81.65584415909092,1.0170237112220841,1003299.25
kNN_dinov2_vitb14_l5_k100,460,81.66778405000001,1.017711893086772,629015.375
kNN_dinov2_vitb14_l5_k100,461,82.0783984909091,1.0413785592032403,872987.375
kNN_dinov2_vitb14_l5_k100,462,82.11143467727273,1.0432826724407058,632029.0625
kNN_dinov2_vitb14_l5_k100,463,82.15394328181819,1.0457327493270108,693458.25
kNN_dinov2_vitb14_l5_k100,464,82.87086985,1.0870543883848574,569602.875
kNN_dinov2_vitb14_l5_k100,465,83.04785639090909,1.0972553968090384,608462.75
kNN_dinov2_vitb14_l5_k100,466,83.2706767,1.1100981352367167,575623.5
kNN_dinov2_vitb14_l5_k100,467,83.28013232272727,1.1106431308426048,663671.625
kNN_dinov2_vitb14_l5_k100,468,83.32162666818182,1.113034748676162,594438.5625
kNN_dinov2_vitb14_l5_k100,469,83.35334443181819,1.1148628717209361,699458.75
kNN_dinov2_vitb14_l5_k100,470,83.45792123636365,1.1208903857830939,619140.8125
kNN_dinov2_vitb14_l5_k100,471,84.18152392727274,1.1625968178530641,615953.8125
kNN_dinov2_vitb14_l5_k100,472,84.62887205909091,1.188380711011149,569116.625
kNN_dinov2_vitb14_l5_k100,473,85.11071750454545,1.2161529326896323,518190.4375
kNN_dinov2_vitb14_l5_k100,474,85.12217595454545,1.2168133656489846,566276.5625
kNN_dinov2_vitb14_l5_k100,475,85.54109655454546,1.2409587755073437,703784.5
kNN_dinov2_vitb14_l5_k100,476,85.8163718359091,1.256824871594287,1103506.25
kNN_dinov2_vitb14_l5_k100,477,86.0069106,1.2678069921987163,718602.9375
kNN_dinov2_vitb14_l5_k100,478,86.07828567272726,1.2719208514471514,801786.9375
kNN_dinov2_vitb14_l5_k100,479,86.46879091363637,1.2944284796076844,631171.9375
kNN_dinov2_vitb14_l5_k100,480,87.81027129545454,1.371747650915916,833863.75
kNN_dinov2_vitb14_l5_k200,1,10.383351573636363,-3.0909231051976005,671099.4375
kNN_dinov2_vitb14_l5_k200,2,11.237612673636363,-3.0416858884420805,760855.9375
kNN_dinov2_vitb14_l5_k200,3,12.873956289545454,-2.9473716263235947,823783.25
kNN_dinov2_vitb14_l5_k200,4,13.852077771363637,-2.8909954441311574,591718.8125
kNN_dinov2_vitb14_l5_k200,5,14.772021149545454,-2.8379724848575316,581511.75
kNN_dinov2_vitb14_l5_k200,6,15.774696462272727,-2.780181088634338,1090383.375
kNN_dinov2_vitb14_l5_k200,7,16.11136225,-2.760776615734313,853452.5
kNN_dinov2_vitb14_l5_k200,8,16.718538883636366,-2.7257806554602935,593539.8125
kNN_dinov2_vitb14_l5_k200,9,16.83383592,-2.719135257266808,536294.625
kNN_dinov2_vitb14_l5_k200,10,16.977602550909094,-2.710848951395825,548868.9375
kNN_dinov2_vitb14_l5_k200,11,17.128398308636363,-2.702157506345793,614798.1875
kNN_dinov2_vitb14_l5_k200,12,17.49981897681818,-2.680749859495494,607988.3125
kNN_dinov2_vitb14_l5_k200,13,18.01987185318182,-2.650775468530193,611070.9375
kNN_dinov2_vitb14_l5_k200,14,18.22368484818182,-2.639028258441373,730876.8125
kNN_dinov2_vitb14_l5_k200,15,18.40435578590909,-2.628614891705722,621098.4375
kNN_dinov2_vitb14_l5_k200,16,18.964998386363636,-2.5963010227481416,630840.0625
kNN_dinov2_vitb14_l5_k200,17,19.531784013636365,-2.563633086933271,555559.9375
kNN_dinov2_vitb14_l5_k200,18,21.457911477272727,-2.4526164956056054,627169.4375
kNN_dinov2_vitb14_l5_k200,19,22.164942098181818,-2.411865231226962,626243.9375
kNN_dinov2_vitb14_l5_k200,20,22.207954510454545,-2.4093861162745784,842343.0625
kNN_dinov2_vitb14_l5_k200,21,22.336504287727273,-2.401976867220102,545114.6875
kNN_dinov2_vitb14_l5_k200,22,22.775860404545455,-2.376653611418521,634089.625
kNN_dinov2_vitb14_l5_k200,23,23.03693973772727,-2.361605730017554,569300.25
kNN_dinov2_vitb14_l5_k200,24,23.073138160909092,-2.359519354308287,609871.1875
kNN_dinov2_vitb14_l5_k200,25,23.859046570909094,-2.314221795127428,777199.4375
kNN_dinov2_vitb14_l5_k200,26,24.108436355454547,-2.299847666563835,560015.375
kNN_dinov2_vitb14_l5_k200,27,24.136628927727273,-2.2982227256741137,644890.0625
kNN_dinov2_vitb14_l5_k200,28,24.706419758636365,-2.2653815783401448,697486.75
kNN_dinov2_vitb14_l5_k200,29,25.160939161363636,-2.2391843532157982,658956.3125
kNN_dinov2_vitb14_l5_k200,30,25.272293834545454,-2.2327661817923388,513824.0
kNN_dinov2_vitb14_l5_k200,31,25.739496508636364,-2.205837928436342,638671.9375
kNN_dinov2_vitb14_l5_k200,32,26.08368123090909,-2.1860000852119685,615844.625
kNN_dinov2_vitb14_l5_k200,33,26.26193154681818,-2.175726236337011,582518.0
kNN_dinov2_vitb14_l5_k200,34,26.29922768272727,-2.1735765915411758,609406.75
kNN_dinov2_vitb14_l5_k200,35,26.647243233181822,-2.153517950111732,879664.375
kNN_dinov2_vitb14_l5_k200,36,26.80277036,-2.144553802201322,547150.9375
kNN_dinov2_vitb14_l5_k200,37,27.710613355454544,-2.0922282750911965,769935.1875
kNN_dinov2_vitb14_l5_k200,38,27.723830698181818,-2.0914664644822447,600026.5
kNN_dinov2_vitb14_l5_k200,39,27.94224735681818,-2.078877540130785,619233.25
kNN_dinov2_vitb14_l5_k200,40,28.008295531363636,-2.0750707083712667,653457.5
kNN_dinov2_vitb14_l5_k200,41,28.427649107272728,-2.0509003429944066,624481.1875
kNN_dinov2_vitb14_l5_k200,42,28.610673086363636,-2.0403513535461495,699033.5
kNN_dinov2_vitb14_l5_k200,43,28.864666542727274,-2.0257118822352584,722490.0625
kNN_dinov2_vitb14_l5_k200,44,28.872480873181818,-2.0252614861182057,595325.625
kNN_dinov2_vitb14_l5_k200,45,29.867093540909092,-1.9679347981668596,1134649.75
kNN_dinov2_vitb14_l5_k200,46,30.946254809545454,-1.9057349657057894,643052.0625
kNN_dinov2_vitb14_l5_k200,47,31.113843444545456,-1.8960756262517786,623275.5625
kNN_dinov2_vitb14_l5_k200,48,31.75240744409091,-1.8592705861324392,602342.5625
kNN_dinov2_vitb14_l5_k200,49,31.962474827272725,-1.8471628906292867,529081.875
kNN_dinov2_vitb14_l5_k200,50,32.10326235227273,-1.8390482920775113,609413.5625
kNN_dinov2_vitb14_l5_k200,51,32.57260997909091,-1.8119964096549876,613413.6875
kNN_dinov2_vitb14_l5_k200,52,33.29309288772727,-1.770469793095747,513747.6875
kNN_dinov2_vitb14_l5_k200,53,33.63066458409091,-1.751013106159651,662118.875
kNN_dinov2_vitb14_l5_k200,54,33.94931614045454,-1.7326469230920152,614172.9375
kNN_dinov2_vitb14_l5_k200,55,34.254768114545456,-1.7150415269704833,631417.1875
kNN_dinov2_vitb14_l5_k200,56,35.01583384090909,-1.6711758304824154,690571.6875
kNN_dinov2_vitb14_l5_k200,57,35.61844186090909,-1.6364431923003018,592486.5
kNN_dinov2_vitb14_l5_k200,58,36.50372615909091,-1.5854178853071164,697815.25
kNN_dinov2_vitb14_l5_k200,59,36.74721518909091,-1.5713838597056917,641315.625
kNN_dinov2_vitb14_l5_k200,60,37.183868766818186,-1.5462163706866658,671936.625
kNN_dinov2_vitb14_l5_k200,61,37.586910895,-1.5229861514634166,577765.5
kNN_dinov2_vitb14_l5_k200,62,37.90925234181818,-1.504407293446501,579328.375
kNN_dinov2_vitb14_l5_k200,63,39.159607152727276,-1.4323403447746748,655362.75
kNN_dinov2_vitb14_l5_k200,64,39.16116855045455,-1.4322503501836308,760290.8125
kNN_dinov2_vitb14_l5_k200,65,39.50363207727273,-1.4125117118436592,632673.0625
kNN_dinov2_vitb14_l5_k200,66,39.72578294681818,-1.3997075580360745,558064.125
kNN_dinov2_vitb14_l5_k200,67,40.10658689318182,-1.3777590853168278,658503.75
kNN_dinov2_vitb14_l5_k200,68,40.511631334545456,-1.3544134583708745,604581.25
kNN_dinov2_vitb14_l5_k200,69,41.22542756590909,-1.3132722431581907,666459.0625
kNN_dinov2_vitb14_l5_k200,70,41.450596035,-1.3002941633660317,564662.1875
kNN_dinov2_vitb14_l5_k200,71,41.606778884545456,-1.2912922214345022,529230.5
kNN_dinov2_vitb14_l5_k200,72,41.74143011090909,-1.283531301946464,590881.4375
kNN_dinov2_vitb14_l5_k200,73,42.27668356454546,-1.2526807922886625,608923.0625
kNN_dinov2_vitb14_l5_k200,74,42.349748590454546,-1.2484695288729066,635497.8125
kNN_dinov2_vitb14_l5_k200,75,42.93479045136364,-1.2147493548925703,716461.4375
kNN_dinov2_vitb14_l5_k200,76,42.999259720454546,-1.2110335268204517,638239.0
kNN_dinov2_vitb14_l5_k200,77,43.14833512181818,-1.2024412382919711,676854.1875
kNN_dinov2_vitb14_l5_k200,78,43.849900354999995,-1.1620049835516937,607813.125
kNN_dinov2_vitb14_l5_k200,79,44.24228326,-1.1393891320928766,546977.1875
kNN_dinov2_vitb14_l5_k200,80,44.68483293727273,-1.113881808412842,645902.5625
kNN_dinov2_vitb14_l5_k200,81,45.014271393181815,-1.0948938986728347,533549.9375
kNN_dinov2_vitb14_l5_k200,82,45.044897863636365,-1.0931286747100122,850724.0
kNN_dinov2_vitb14_l5_k200,83,45.242849799999995,-1.0817192796223616,566802.8125
kNN_dinov2_vitb14_l5_k200,84,45.34376912590909,-1.0759025723830795,606684.8125
kNN_dinov2_vitb14_l5_k200,85,45.44974382363636,-1.0697944876738517,619369.625
kNN_dinov2_vitb14_l5_k200,86,45.87703164136364,-1.0451668148248472,565597.3125
kNN_dinov2_vitb14_l5_k200,87,46.05975058136364,-1.0346354069752812,658364.375
kNN_dinov2_vitb14_l5_k200,88,46.3385215,-1.0185678321482947,856700.8125
kNN_dinov2_vitb14_l5_k200,89,46.461104443636366,-1.0115024946696791,596715.9375
kNN_dinov2_vitb14_l5_k200,90,46.55172569545454,-1.00627933957292,651018.1875
kNN_dinov2_vitb14_l5_k200,91,46.63784059272727,-1.0013159181284732,530585.0625
kNN_dinov2_vitb14_l5_k200,92,46.92503363227272,-0.9847629158452418,615494.4375
kNN_dinov2_vitb14_l5_k200,93,46.98420985,-0.9813521644262555,567817.75
kNN_dinov2_vitb14_l5_k200,94,47.05894020545455,-0.9770449160806003,567947.375
kNN_dinov2_vitb14_l5_k200,95,47.18393024863636,-0.9698408401272126,849266.9375
kNN_dinov2_vitb14_l5_k200,96,47.45620903181818,-0.9541474538013544,573148.75
kNN_dinov2_vitb14_l5_k200,97,47.57944400681818,-0.9470445350614799,603833.5625
kNN_dinov2_vitb14_l5_k200,98,47.68605184090909,-0.9408999581458618,488604.0
kNN_dinov2_vitb14_l5_k200,99,47.85413733318182,-0.9312119812305011,746042.25
kNN_dinov2_vitb14_l5_k200,100,47.997159330454544,-0.9229685939563709,546880.5
kNN_dinov2_vitb14_l5_k200,101,48.745656067727275,-0.8798273387898924,590681.125
kNN_dinov2_vitb14_l5_k200,102,48.974869975454546,-0.8666160912472533,557411.8125
kNN_dinov2_vitb14_l5_k200,103,49.269933079999994,-0.8496094804638982,655930.8125
kNN_dinov2_vitb14_l5_k200,104,49.50143869090909,-0.8362661455696251,559195.875
kNN_dinov2_vitb14_l5_k200,105,50.02686477227273,-0.8059820581201266,621665.75
kNN_dinov2_vitb14_l5_k200,106,50.24467801363637,-0.793427913049909,624626.1875
kNN_dinov2_vitb14_l5_k200,107,50.26601576545454,-0.7921980648087251,627382.4375
kNN_dinov2_vitb14_l5_k200,108,50.287720933636365,-0.7909470397175866,654004.25
kNN_dinov2_vitb14_l5_k200,109,50.397065763181814,-0.7846447100511362,723862.5625
kNN_dinov2_vitb14_l5_k200,110,50.44004938636363,-0.782167254421305,816158.0
kNN_dinov2_vitb14_l5_k200,111,50.53053583909091,-0.7769518687665316,520237.75
kNN_dinov2_vitb14_l5_k200,112,50.744067415454545,-0.7646445068726515,537831.4375
kNN_dinov2_vitb14_l5_k200,113,50.877768575909094,-0.756938346522186,562342.125
kNN_dinov2_vitb14_l5_k200,114,50.952142585000004,-0.7526516369826949,626777.875
kNN_dinov2_vitb14_l5_k200,115,51.255980857727266,-0.7351392500872892,682625.8125
kNN_dinov2_vitb14_l5_k200,116,51.47010300409091,-0.7227978493929772,614419.75
kNN_dinov2_vitb14_l5_k200,117,51.48649149727273,-0.7218532625551946,629321.875
kNN_dinov2_vitb14_l5_k200,118,51.49088870772727,-0.7215998196625357,612353.5625
kNN_dinov2_vitb14_l5_k200,119,51.669473619090915,-0.7113066856428819,682308.1875
kNN_dinov2_vitb14_l5_k200,120,51.78909724363636,-0.7044119150267025,849125.4375
kNN_dinov2_vitb14_l5_k200,121,51.85205774272727,-0.7007830482308545,541305.0
kNN_dinov2_vitb14_l5_k200,122,51.87800455454545,-0.699287546682667,1042397.9375
kNN_dinov2_vitb14_l5_k200,123,51.92553946363636,-0.6965477676825893,740418.0
kNN_dinov2_vitb14_l5_k200,124,52.00039339090909,-0.6922333970034971,584947.6875
kNN_dinov2_vitb14_l5_k200,125,52.126720309090906,-0.6849522673201076,578392.25
kNN_dinov2_vitb14_l5_k200,126,52.30133809090909,-0.6748877875343021,570279.0625
kNN_dinov2_vitb14_l5_k200,127,52.82782977227273,-0.6445422818858776,602768.5
kNN_dinov2_vitb14_l5_k200,128,52.94948191,-0.637530593452388,586488.75
kNN_dinov2_vitb14_l5_k200,129,52.977303153181815,-0.6359270549312603,689191.375
kNN_dinov2_vitb14_l5_k200,130,53.02329102272727,-0.6332764429568486,781537.0625
kNN_dinov2_vitb14_l5_k200,131,53.11169118954546,-0.6281813049775454,606655.9375
kNN_dinov2_vitb14_l5_k200,132,53.15595768772727,-0.6256299080264427,580204.0
kNN_dinov2_vitb14_l5_k200,133,53.19575964181818,-0.6233358348901765,598121.0625
kNN_dinov2_vitb14_l5_k200,134,53.738266159999995,-0.5920672789100433,709594.5
kNN_dinov2_vitb14_l5_k200,135,54.35688324090909,-0.5564119233034402,630832.5
kNN_dinov2_vitb14_l5_k200,136,54.43010616227273,-0.5521915592359978,664589.1875
kNN_dinov2_vitb14_l5_k200,137,54.51598353272727,-0.5472418281719658,699019.75
kNN_dinov2_vitb14_l5_k200,138,54.63723127590909,-0.5402534479072425,605542.375
kNN_dinov2_vitb14_l5_k200,139,54.68535675181818,-0.5374796302901245,622015.1875
kNN_dinov2_vitb14_l5_k200,140,54.72388539863636,-0.5352589470181324,642683.9375
kNN_dinov2_vitb14_l5_k200,141,55.23867115454546,-0.5055881381210048,630809.6875
kNN_dinov2_vitb14_l5_k200,142,55.2775563909091,-0.5033469020265294,720205.125
kNN_dinov2_vitb14_l5_k200,143,55.699695931818184,-0.47901596143141617,636012.9375
kNN_dinov2_vitb14_l5_k200,144,55.80372709545455,-0.4730198965827504,691934.5
kNN_dinov2_vitb14_l5_k200,145,55.82518654818182,-0.4717830338420878,767105.25
kNN_dinov2_vitb14_l5_k200,146,56.236087309090905,-0.4480998650428898,632217.8125
kNN_dinov2_vitb14_l5_k200,147,56.34353036818182,-0.44190714809799403,609710.1875
kNN_dinov2_vitb14_l5_k200,148,56.343846956363635,-0.44188890084205507,741723.125
kNN_dinov2_vitb14_l5_k200,149,56.418747340909086,-0.4375718524959041,556143.25
kNN_dinov2_vitb14_l5_k200,150,56.4284854,-0.43701057804920695,890088.0625
kNN_dinov2_vitb14_l5_k200,151,56.43083487727272,-0.4368751607608167,664168.0625
kNN_dinov2_vitb14_l5_k200,152,56.73676582727273,-0.41924215780964386,846408.375
kNN_dinov2_vitb14_l5_k200,153,56.80215198181818,-0.415473483028404,1080567.875
kNN_dinov2_vitb14_l5_k200,154,56.838491672272724,-0.41337896506927063,571556.0625
kNN_dinov2_vitb14_l5_k200,155,56.87784920000001,-0.4111105074236286,685617.25
kNN_dinov2_vitb14_l5_k200,156,56.88495511818182,-0.41070094220549447,660061.5625
kNN_dinov2_vitb14_l5_k200,157,56.89427865,-0.4101635599495794,570028.0
kNN_dinov2_vitb14_l5_k200,158,57.014437336363635,-0.4032379498690725,644026.3125
kNN_dinov2_vitb14_l5_k200,159,57.01605029863636,-0.40314498324207687,705473.0625
kNN_dinov2_vitb14_l5_k200,160,57.06027285454545,-0.40059611900047776,580960.75
kNN_dinov2_vitb14_l5_k200,161,57.08577673045454,-0.3991261470372903,714193.625
kNN_dinov2_vitb14_l5_k200,162,57.165035822727276,-0.39455787498782163,933944.9375
kNN_dinov2_vitb14_l5_k200,163,57.30280682363637,-0.386617140434433,630772.4375
kNN_dinov2_vitb14_l5_k200,164,57.552973348181816,-0.3721982427531278,591977.625
kNN_dinov2_vitb14_l5_k200,165,57.715692645,-0.3628195583114009,623788.875
kNN_dinov2_vitb14_l5_k200,166,57.94736867727273,-0.34946640080713065,628194.5
kNN_dinov2_vitb14_l5_k200,167,58.01582408181818,-0.3455208230538053,696748.75
kNN_dinov2_vitb14_l5_k200,168,58.14704098045454,-0.33795784859535755,693370.375
kNN_dinov2_vitb14_l5_k200,169,58.40466673181818,-0.32310902197584374,711933.8125
kNN_dinov2_vitb14_l5_k200,170,58.48494007,-0.3184822916333907,581159.875
kNN_dinov2_vitb14_l5_k200,171,58.90741873181818,-0.2941318050590592,597660.3125
kNN_dinov2_vitb14_l5_k200,172,58.92814133636364,-0.29293741218345776,638843.9375
kNN_dinov2_vitb14_l5_k200,173,58.959711454090915,-0.29111779903528184,577104.3125
kNN_dinov2_vitb14_l5_k200,174,59.080638213636355,-0.2841479193681854,680463.8125
kNN_dinov2_vitb14_l5_k200,175,59.15176404636364,-0.2800484256151513,577317.875
kNN_dinov2_vitb14_l5_k200,176,59.165360129545455,-0.27926478546736844,556242.5
kNN_dinov2_vitb14_l5_k200,177,59.343238913181814,-0.26901235067183393,559638.0625
kNN_dinov2_vitb14_l5_k200,178,59.52943686818182,-0.2582804221434605,848010.375
kNN_dinov2_vitb14_l5_k200,179,59.53394987363636,-0.2580203051513792,845177.375
kNN_dinov2_vitb14_l5_k200,180,59.61907620909091,-0.2531138616408659,687320.9375
kNN_dinov2_vitb14_l5_k200,181,59.64024705,-0.25189363367691286,701881.125
kNN_dinov2_vitb14_l5_k200,182,59.81487126545455,-0.2418287830743299,680196.1875
kNN_dinov2_vitb14_l5_k200,183,59.821444613636366,-0.241449913699103,694580.0625
kNN_dinov2_vitb14_l5_k200,184,59.82249576181818,-0.241389328462493,741581.5
kNN_dinov2_vitb14_l5_k200,185,60.13491826227273,-0.22338217072795283,822670.1875
kNN_dinov2_vitb14_l5_k200,186,60.66603184545455,-0.19277027160609897,624862.9375
kNN_dinov2_vitb14_l5_k200,187,60.91525143409091,-0.1784059526579342,808528.0
kNN_dinov2_vitb14_l5_k200,188,60.98922430909091,-0.17414236336374334,617138.625
kNN_dinov2_vitb14_l5_k200,189,61.15445065909091,-0.16461917939964438,573101.0
kNN_dinov2_vitb14_l5_k200,190,61.257236485,-0.15869489232900422,662086.8125
kNN_dinov2_vitb14_l5_k200,191,61.38288141818182,-0.1514530703505647,640578.1875
kNN_dinov2_vitb14_l5_k200,192,61.41676890772727,-0.14949989038246164,547440.8125
kNN_dinov2_vitb14_l5_k200,193,61.450913154545454,-0.1475319116444142,772715.4375
kNN_dinov2_vitb14_l5_k200,194,61.557454278181815,-0.14139117973251966,618488.125
kNN_dinov2_vitb14_l5_k200,195,61.612018317727276,-0.1382462613438015,589816.9375
kNN_dinov2_vitb14_l5_k200,196,61.66026577136363,-0.13546541327218128,644447.8125
kNN_dinov2_vitb14_l5_k200,197,61.784896459090916,-0.12828204956052722,761154.25
kNN_dinov2_vitb14_l5_k200,198,61.80260090454545,-0.12726161492013313,635791.375
kNN_dinov2_vitb14_l5_k200,199,62.04634134636364,-0.11321309864578996,673696.8125
kNN_dinov2_vitb14_l5_k200,200,62.140166177272725,-0.1078052982244427,671778.5625
kNN_dinov2_vitb14_l5_k200,201,62.30800517363637,-0.0981315286427709,806456.625
kNN_dinov2_vitb14_l5_k200,202,62.48285368636363,-0.08805375017371433,649391.0625
kNN_dinov2_vitb14_l5_k200,203,62.50087945,-0.08701479565343062,700337.9375
kNN_dinov2_vitb14_l5_k200,204,62.515273900000004,-0.08618513987871876,554020.5
kNN_dinov2_vitb14_l5_k200,205,62.56153540454545,-0.08351875634944335,552836.875
kNN_dinov2_vitb14_l5_k200,206,62.62842450590909,-0.07966345592382028,751774.0625
kNN_dinov2_vitb14_l5_k200,207,62.64787497272727,-0.07854238550316901,655314.9375
kNN_dinov2_vitb14_l5_k200,208,62.80573838590909,-0.06944358059141646,693784.9375
kNN_dinov2_vitb14_l5_k200,209,62.831736559090906,-0.06794511871810778,592979.1875
kNN_dinov2_vitb14_l5_k200,210,63.033077886363635,-0.05634036863318487,948738.1875
kNN_dinov2_vitb14_l5_k200,211,63.2958711590909,-0.041193700558090865,853190.0
kNN_dinov2_vitb14_l5_k200,212,63.30556153181818,-0.04063517461980955,903425.5
kNN_dinov2_vitb14_l5_k200,213,63.451246159090914,-0.0322383208113255,742929.25
kNN_dinov2_vitb14_l5_k200,214,63.51674641363636,-0.02846306962571502,645872.25
kNN_dinov2_vitb14_l5_k200,215,63.52993807136364,-0.027702739428211564,618304.0625
kNN_dinov2_vitb14_l5_k200,216,63.601648069090906,-0.02356957604100441,620233.75
kNN_dinov2_vitb14_l5_k200,217,63.632569839545454,-0.021787331813408223,955551.125
kNN_dinov2_vitb14_l5_k200,218,63.65115097727273,-0.02071636708629849,812277.0625
kNN_dinov2_vitb14_l5_k200,219,63.71100458181818,-0.017266572988681755,587998.6875
kNN_dinov2_vitb14_l5_k200,220,63.89873966363636,-0.006446048776474242,575618.5
kNN_dinov2_vitb14_l5_k200,221,63.92419218818182,-0.004979036562035517,495609.25
kNN_dinov2_vitb14_l5_k200,222,63.96103896818182,-0.002855291382016408,745520.8125
kNN_dinov2_vitb14_l5_k200,223,63.99746849090909,-0.0007555957423308915,766389.8125
kNN_dinov2_vitb14_l5_k200,224,64.02118780454545,0.000611519050564863,835071.5
kNN_dinov2_vitb14_l5_k200,225,64.02835174090909,0.0010244282741725598,562553.8125
kNN_dinov2_vitb14_l5_k200,226,64.1043883409091,0.005406964896234798,712424.25
kNN_dinov2_vitb14_l5_k200,227,64.15682117727273,0.008429046703709133,563482.9375
kNN_dinov2_vitb14_l5_k200,228,64.23845857272727,0.01313439748621699,687458.3125
kNN_dinov2_vitb14_l5_k200,229,64.25370258636363,0.014013019729039077,636878.625
kNN_dinov2_vitb14_l5_k200,230,64.32671434181817,0.01822121278502206,629597.0
kNN_dinov2_vitb14_l5_k200,231,64.40631527727272,0.022809187717882526,705500.625
kNN_dinov2_vitb14_l5_k200,232,64.56676404090909,0.032057004987472486,932858.5625
kNN_dinov2_vitb14_l5_k200,233,64.70266141363636,0.0398897488610707,758047.4375
kNN_dinov2_vitb14_l5_k200,234,64.83579067045456,0.047562946288015,655112.75
kNN_dinov2_vitb14_l5_k200,235,64.88276691590909,0.05027052548108044,904151.1875
kNN_dinov2_vitb14_l5_k200,236,64.91428311818181,0.05208703109348984,620124.125
kNN_dinov2_vitb14_l5_k200,237,64.99876317727272,0.056956225044821694,772484.8125
kNN_dinov2_vitb14_l5_k200,238,65.11283459954545,0.06353098227543044,689548.0625
kNN_dinov2_vitb14_l5_k200,239,65.12859398045454,0.06443930884414997,621215.375
kNN_dinov2_vitb14_l5_k200,240,65.15700578272727,0.06607688553694015,732787.125
kNN_dinov2_vitb14_l5_k200,241,65.26560826818182,0.07233642856952589,714088.0
kNN_dinov2_vitb14_l5_k200,242,65.49862164545455,0.08576666689328061,618789.0625
kNN_dinov2_vitb14_l5_k200,243,65.58085287863636,0.09050624481886647,574615.5
kNN_dinov2_vitb14_l5_k200,244,65.74797291818182,0.10013857574355729,566827.6875
kNN_dinov2_vitb14_l5_k200,245,65.77319434545456,0.10159226815857124,738966.75
kNN_dinov2_vitb14_l5_k200,246,65.79643795909091,0.10293196493604907,576068.375
kNN_dinov2_vitb14_l5_k200,247,65.90152255454545,0.10898874664372764,659889.1875
kNN_dinov2_vitb14_l5_k200,248,66.06104215454546,0.11818300952419154,586423.5
kNN_dinov2_vitb14_l5_k200,249,66.34667021363636,0.13464581071801482,670030.6875
kNN_dinov2_vitb14_l5_k200,250,66.41367993636364,0.13850806342114064,720717.8125
kNN_dinov2_vitb14_l5_k200,251,66.49486482500001,0.14318733297826053,697406.0625
kNN_dinov2_vitb14_l5_k200,252,66.57540134545455,0.14782923240965884,584651.1875
kNN_dinov2_vitb14_l5_k200,253,66.64770191772728,0.15199643485928482,842662.8125
kNN_dinov2_vitb14_l5_k200,254,66.69631712272727,0.15479847908932004,679348.375
kNN_dinov2_vitb14_l5_k200,255,66.69915260454546,0.15496190831826281,818589.4375
kNN_dinov2_vitb14_l5_k200,256,66.84640655909091,0.16344921375457688,718403.1875
kNN_dinov2_vitb14_l5_k200,257,66.92138232272727,0.1677706067403678,578718.5
kNN_dinov2_vitb14_l5_k200,258,67.1600262,0.1815253713113582,541634.5
kNN_dinov2_vitb14_l5_k200,259,67.24224864545455,0.1862644427369615,724457.75
kNN_dinov2_vitb14_l5_k200,260,67.33497136227273,0.19160872038946963,1475583.25
kNN_dinov2_vitb14_l5_k200,261,67.50431248636363,0.20136906840541843,734963.5
kNN_dinov2_vitb14_l5_k200,262,67.65232870272727,0.20990030847760313,750906.5
kNN_dinov2_vitb14_l5_k200,263,67.78208407272727,0.2173790445196429,576842.3125
kNN_dinov2_vitb14_l5_k200,264,67.84529925,0.2210225902524589,639672.0625
kNN_dinov2_vitb14_l5_k200,265,67.89158320909091,0.22369026799883285,715468.375
kNN_dinov2_vitb14_l5_k200,266,67.98637594090908,0.22915385551719142,764863.375
kNN_dinov2_vitb14_l5_k200,267,68.0851692090909,0.234848022744816,622663.0625
kNN_dinov2_vitb14_l5_k200,268,68.12695885,0.23725666058115907,638487.25
kNN_dinov2_vitb14_l5_k200,269,68.2302839,0.24321202701786718,827713.8125
kNN_dinov2_vitb14_l5_k200,270,68.23565684545454,0.24352170854259156,670370.1875
kNN_dinov2_vitb14_l5_k200,271,68.26595938409092,0.24526826198284749,658970.9375
kNN_dinov2_vitb14_l5_k200,272,68.27114585318182,0.2455671955323495,677493.1875
kNN_dinov2_vitb14_l5_k200,273,68.32032611363637,0.24840180797589106,621873.4375
kNN_dinov2_vitb14_l5_k200,274,68.38830778636363,0.25232008115428434,743309.0625
kNN_dinov2_vitb14_l5_k200,275,68.41746199090909,0.2540004478343775,590363.9375
kNN_dinov2_vitb14_l5_k200,276,68.46063733181818,0.256488953536948,675746.875
kNN_dinov2_vitb14_l5_k200,277,68.46664887727273,0.256835442176758,616467.0625
kNN_dinov2_vitb14_l5_k200,278,68.47213741363636,0.2571517860376766,930736.875
kNN_dinov2_vitb14_l5_k200,279,68.93374281227273,0.283757428116166,575632.75
kNN_dinov2_vitb14_l5_k200,280,69.04567613727274,0.29020895140944425,704240.1875
kNN_dinov2_vitb14_l5_k200,281,69.05974111818182,0.2910196175086998,687439.0625
kNN_dinov2_vitb14_l5_k200,282,69.09219679545454,0.2928902718283501,709576.625
kNN_dinov2_vitb14_l5_k200,283,69.09712682727273,0.29317442505181285,609390.4375
kNN_dinov2_vitb14_l5_k200,284,69.10091421363637,0.29339271939217726,563538.1875
kNN_dinov2_vitb14_l5_k200,285,69.10780212727273,0.2937897194390094,597772.0
kNN_dinov2_vitb14_l5_k200,286,69.12065298636364,0.2945304069577943,761469.4375
kNN_dinov2_vitb14_l5_k200,287,69.18059698636364,0.2979854111961857,643458.8125
kNN_dinov2_vitb14_l5_k200,288,69.23367816363636,0.30104486155745686,810347.5
kNN_dinov2_vitb14_l5_k200,289,69.2644266,0.3028171152936152,703570.9375
kNN_dinov2_vitb14_l5_k200,290,69.35791935818182,0.30820577597320115,608177.625
kNN_dinov2_vitb14_l5_k200,291,69.61843814545455,0.32322134907823014,694585.9375
kNN_dinov2_vitb14_l5_k200,292,69.80519480454545,0.33398547974530074,724455.1875
kNN_dinov2_vitb14_l5_k200,293,69.8553488,0.33687621554651076,836770.8125
kNN_dinov2_vitb14_l5_k200,294,69.88728480909091,0.3387169176479122,1032086.1875
kNN_dinov2_vitb14_l5_k200,295,69.97248817863637,0.3436278011876287,746235.8125
kNN_dinov2_vitb14_l5_k200,296,70.05721009181819,0.3485109349312532,601801.125
kNN_dinov2_vitb14_l5_k200,297,70.14929492727272,0.35381844688886305,646440.0625
kNN_dinov2_vitb14_l5_k200,298,70.15787111818182,0.35431275450831085,673906.625
kNN_dinov2_vitb14_l5_k200,299,70.16147875909091,0.3545206888241977,730138.5625
kNN_dinov2_vitb14_l5_k200,300,70.20511073181818,0.3570355135056018,780873.5
kNN_dinov2_vitb14_l5_k200,301,70.32331571818182,0.3638485177910241,612963.0
kNN_dinov2_vitb14_l5_k200,302,70.37705808636363,0.36694607734409634,757312.0
kNN_dinov2_vitb14_l5_k200,303,70.399005675,0.36821107487114013,616830.6875
kNN_dinov2_vitb14_l5_k200,304,70.50181075318181,0.37413647158884883,666667.875
kNN_dinov2_vitb14_l5_k200,305,70.6102672090909,0.38038759788750787,732019.9375
kNN_dinov2_vitb14_l5_k200,306,70.7436578590909,0.38807586128520843,778377.4375
kNN_dinov2_vitb14_l5_k200,307,70.83137117272727,0.39313141097119886,863413.0625
kNN_dinov2_vitb14_l5_k200,308,70.8352099,0.39335266445774103,586719.1875
kNN_dinov2_vitb14_l5_k200,309,70.84563281363636,0.3939534120019492,648527.0
kNN_dinov2_vitb14_l5_k200,310,70.86294127272727,0.394951023097624,610104.625
kNN_dinov2_vitb14_l5_k200,311,70.88488886772727,0.3962160209914498,565265.375
kNN_dinov2_vitb14_l5_k200,312,70.94146290454545,0.3994767899923458,524157.96875
kNN_dinov2_vitb14_l5_k200,313,71.03486937272727,0.4048604771580567,790530.5625
kNN_dinov2_vitb14_l5_k200,314,71.06114357272727,0.4063748484439294,608167.8125
kNN_dinov2_vitb14_l5_k200,315,71.16676672727273,0.41246267118893826,861571.75
kNN_dinov2_vitb14_l5_k200,316,71.17873871818182,0.41315270320770386,630301.0625
kNN_dinov2_vitb14_l5_k200,317,71.2066498259091,0.4147614212694939,602705.375
kNN_dinov2_vitb14_l5_k200,318,71.25545576818182,0.4175744590616155,767804.3125
kNN_dinov2_vitb14_l5_k200,319,71.3174982909091,0.4211504162713988,652986.0
kNN_dinov2_vitb14_l5_k200,320,71.36296618181818,0.4237710581338302,623354.6875
kNN_dinov2_vitb14_l5_k200,321,71.46931471818182,0.4299006898548213,777320.8125
kNN_dinov2_vitb14_l5_k200,322,71.72297334090909,0.4445208622928842,642980.75
kNN_dinov2_vitb14_l5_k200,323,71.90808025909091,0.45518990651538743,641750.125
kNN_dinov2_vitb14_l5_k200,324,71.99829709090909,0.46038975197625187,619620.75
kNN_dinov2_vitb14_l5_k200,325,72.09644175681818,0.46604653558581094,664289.9375
kNN_dinov2_vitb14_l5_k200,326,72.15469048045455,0.4694038288435938,741892.25
kNN_dinov2_vitb14_l5_k200,327,72.16259906363636,0.4698596574238161,682630.1875
kNN_dinov2_vitb14_l5_k200,328,72.25012620454545,0.47490447663533314,618751.8125
kNN_dinov2_vitb14_l5_k200,329,72.32991709090909,0.4795033998064825,694540.0625
kNN_dinov2_vitb14_l5_k200,330,72.3529890590909,0.4808332034207922,610200.8125
kNN_dinov2_vitb14_l5_k200,331,72.35690482818183,0.48105889738191765,629486.5
kNN_dinov2_vitb14_l5_k200,332,72.45495321363636,0.48671013165578725,719288.0625
kNN_dinov2_vitb14_l5_k200,333,72.62635492727273,0.49658924628079065,619593.75
kNN_dinov2_vitb14_l5_k200,334,72.63195748181819,0.49691216183031,600177.125
kNN_dinov2_vitb14_l5_k200,335,72.83995069636363,0.5089003080636467,619795.6875
kNN_dinov2_vitb14_l5_k200,336,72.89617321363636,0.5121408164626576,605243.625
kNN_dinov2_vitb14_l5_k200,337,73.03390340545455,0.5200791988943657,770565.625
kNN_dinov2_vitb14_l5_k200,338,73.11911989545455,0.5249908386603275,674047.125
kNN_dinov2_vitb14_l5_k200,339,73.13833258181818,0.5260982040816745,570927.9375
kNN_dinov2_vitb14_l5_k200,340,73.33471177272727,0.5374169505270702,587277.0625
kNN_dinov2_vitb14_l5_k200,341,73.33981687045456,0.5377111940591194,597419.375
kNN_dinov2_vitb14_l5_k200,342,73.39854528636364,0.541096135435736,636846.75
kNN_dinov2_vitb14_l5_k200,343,73.41015931818183,0.5417655356952554,809935.0625
kNN_dinov2_vitb14_l5_k200,344,73.44266513181819,0.5436390797344586,715751.5
kNN_dinov2_vitb14_l5_k200,345,73.44619574090909,0.5438425741521346,598744.0
kNN_dinov2_vitb14_l5_k200,346,73.46868897499999,0.5451390211546568,690634.0
kNN_dinov2_vitb14_l5_k200,347,73.50964273636363,0.5474994812355564,667854.375
kNN_dinov2_vitb14_l5_k200,348,73.53120189545454,0.548742090771711,1046571.1875
kNN_dinov2_vitb14_l5_k200,349,73.63946159545455,0.5549818766109442,903375.5
kNN_dinov2_vitb14_l5_k200,350,73.76844457272728,0.562416094099894,600994.25
kNN_dinov2_vitb14_l5_k200,351,73.80118299272728,0.5643030449182952,738486.5625
kNN_dinov2_vitb14_l5_k200,352,73.90576145,0.5703306542390226,973675.5
kNN_dinov2_vitb14_l5_k200,353,73.96756481363637,0.5738928269887642,591310.1875
kNN_dinov2_vitb14_l5_k200,354,74.00717849454546,0.5761760485862414,672334.0
kNN_dinov2_vitb14_l5_k200,355,74.01135728181818,0.5764169021785707,962255.8125
kNN_dinov2_vitb14_l5_k200,356,74.05095793636363,0.5786993729729389,583535.5
kNN_dinov2_vitb14_l5_k200,357,74.05302495909092,0.5788185103725725,522740.96875
kNN_dinov2_vitb14_l5_k200,358,74.20412883636364,0.5875277145700669,612098.8125
kNN_dinov2_vitb14_l5_k200,359,74.32802774090909,0.5946689003490705,845418.875
kNN_dinov2_vitb14_l5_k200,360,74.38583995454546,0.5980010343932524,637409.375
kNN_dinov2_vitb14_l5_k200,361,74.46433656818182,0.602525359310058,580162.9375
kNN_dinov2_vitb14_l5_k200,362,74.52572066363636,0.6060633666162982,603612.6875
kNN_dinov2_vitb14_l5_k200,363,74.86437946363637,0.625582711160682,957042.0
kNN_dinov2_vitb14_l5_k200,364,74.89747095909091,0.6274900122592099,800518.625
kNN_dinov2_vitb14_l5_k200,365,74.9084351090909,0.6281219551512479,679899.375
kNN_dinov2_vitb14_l5_k200,366,75.02020153181819,0.634563858665071,599548.5625
kNN_dinov2_vitb14_l5_k200,367,75.04613550454546,0.6360586202040249,604249.5
kNN_dinov2_vitb14_l5_k200,368,75.04910765454545,0.6362299266041167,674753.25
kNN_dinov2_vitb14_l5_k200,369,75.04911406363637,0.6362302960061632,660802.875
kNN_dinov2_vitb14_l5_k200,370,75.14242499545455,0.6416084767235004,586849.375
kNN_dinov2_vitb14_l5_k200,371,75.14524949545454,0.6417712729912052,637478.375
kNN_dinov2_vitb14_l5_k200,372,75.21942449545455,0.6460465122041826,630251.1875
kNN_dinov2_vitb14_l5_k200,373,75.2494860690909,0.6477791770968547,617626.625
kNN_dinov2_vitb14_l5_k200,374,75.29101026818182,0.6501725156103826,636239.1875
kNN_dinov2_vitb14_l5_k200,375,75.30463428181818,0.6509577655913236,560302.1875
kNN_dinov2_vitb14_l5_k200,376,75.35053226363635,0.6536031966889378,735288.5
kNN_dinov2_vitb14_l5_k200,377,75.358434425,0.6540586551335503,616579.1875
kNN_dinov2_vitb14_l5_k200,378,75.4765098,0.6608641889830542,652503.8125
kNN_dinov2_vitb14_l5_k200,379,75.48288537727272,0.661231659397098,704386.0625
kNN_dinov2_vitb14_l5_k200,380,75.54217925454545,0.664649192382683,719838.875
kNN_dinov2_vitb14_l5_k200,381,75.65154605454546,0.6709527883645888,631960.25
kNN_dinov2_vitb14_l5_k200,382,75.68111334545455,0.672656964185499,823733.5
kNN_dinov2_vitb14_l5_k200,383,75.77031593636364,0.677798351641565,812038.0
kNN_dinov2_vitb14_l5_k200,384,75.78166525454546,0.6784524945486285,681331.125
kNN_dinov2_vitb14_l5_k200,385,75.79512009954546,0.6792279941232632,680031.125
kNN_dinov2_vitb14_l5_k200,386,75.84170493636363,0.6819130136189849,635309.4375
kNN_dinov2_vitb14_l5_k200,387,75.84312428636363,0.6819948209769487,559568.0625
kNN_dinov2_vitb14_l5_k200,388,76.02107943636364,0.6922516573157579,638805.25
kNN_dinov2_vitb14_l5_k200,389,76.07231828181818,0.6952049208319687,646537.9375
kNN_dinov2_vitb14_l5_k200,390,76.16321556363636,0.7004439855246826,686828.375
kNN_dinov2_vitb14_l5_k200,391,76.19598609272727,0.7023327870211363,695943.4375
kNN_dinov2_vitb14_l5_k200,392,76.26727722727273,0.7064418083079089,554168.25
kNN_dinov2_vitb14_l5_k200,393,76.28929185454545,0.7077106697541566,782896.5
kNN_dinov2_vitb14_l5_k200,394,76.28997104545455,0.707749816415534,593223.75
kNN_dinov2_vitb14_l5_k200,395,76.32376224090909,0.7096974462619865,687030.0
kNN_dinov2_vitb14_l5_k200,396,76.35414479090909,0.7114486113331051,628687.875
kNN_dinov2_vitb14_l5_k200,397,76.39021483181818,0.71352758744781,607234.6875
kNN_dinov2_vitb14_l5_k200,398,76.45241142272727,0.7171124247159999,609139.5
kNN_dinov2_vitb14_l5_k200,399,76.51437691681818,0.7206839422109638,661455.75
kNN_dinov2_vitb14_l5_k200,400,76.5471795409091,0.7225745935733101,705916.0
kNN_dinov2_vitb14_l5_k200,401,76.59774437272728,0.7254890088316404,680805.4375
kNN_dinov2_vitb14_l5_k200,402,76.63823088636364,0.7278225380624447,561333.5
kNN_dinov2_vitb14_l5_k200,403,76.64452179545455,0.7281851284396704,705235.4375
kNN_dinov2_vitb14_l5_k200,404,76.67493643727272,0.7299381431932893,548623.1875
kNN_dinov2_vitb14_l5_k200,405,76.67586082272727,0.7299914221814013,656052.1875
kNN_dinov2_vitb14_l5_k200,406,76.81212329090908,0.7378452091342544,792495.1875
kNN_dinov2_vitb14_l5_k200,407,76.90558185454546,0.7432318989360301,841206.75
kNN_dinov2_vitb14_l5_k200,408,76.91644974545454,0.7438582937237196,689771.8125
kNN_dinov2_vitb14_l5_k200,409,76.98329391227273,0.7477110042480184,668110.375
kNN_dinov2_vitb14_l5_k200,410,77.11547369545454,0.7553294766743298,662598.9375
kNN_dinov2_vitb14_l5_k200,411,77.14402031818182,0.7569748240404465,669593.9375
kNN_dinov2_vitb14_l5_k200,412,77.17084656363636,0.7585210136798696,559226.9375
kNN_dinov2_vitb14_l5_k200,413,77.25877326818183,0.7635888626200866,874711.75
kNN_dinov2_vitb14_l5_k200,414,77.34552212272727,0.7685888235858233,555726.5
kNN_dinov2_vitb14_l5_k200,415,77.52582683636363,0.7789810821907805,565198.25
kNN_dinov2_vitb14_l5_k200,416,77.65479755863636,0.7864145933358604,1100015.5
kNN_dinov2_vitb14_l5_k200,417,77.69959142727272,0.7889963864426363,754489.1875
kNN_dinov2_vitb14_l5_k200,418,77.72501827727272,0.7904619188481973,562468.75
kNN_dinov2_vitb14_l5_k200,419,77.83570625,0.7968416635250904,795452.9375
kNN_dinov2_vitb14_l5_k200,420,77.9733424409091,0.8047746280077235,664485.5
kNN_dinov2_vitb14_l5_k200,421,78.0566007590909,0.8095734042355274,682068.0625
kNN_dinov2_vitb14_l5_k200,422,78.20425748181819,0.818083924101565,678727.8125
kNN_dinov2_vitb14_l5_k200,423,78.23482706363636,0.8198458691627494,558942.4375
kNN_dinov2_vitb14_l5_k200,424,78.25971381363637,0.8212802717172971,651822.9375
kNN_dinov2_vitb14_l5_k200,425,78.3483194,0.8263872495037559,514053.71875
kNN_dinov2_vitb14_l5_k200,426,78.4185978909091,0.8304379048480556,586297.375
kNN_dinov2_vitb14_l5_k200,427,78.53980069090909,0.837423694713678,666852.75
kNN_dinov2_vitb14_l5_k200,428,78.54177141363635,0.8375372816510761,715235.6875
kNN_dinov2_vitb14_l5_k200,429,78.57485005,0.8394438415876266,596894.8125
kNN_dinov2_vitb14_l5_k200,430,78.5853263609091,0.8400476668010531,570253.1875
kNN_dinov2_vitb14_l5_k200,431,78.61859467727272,0.8419651593614511,711735.625
kNN_dinov2_vitb14_l5_k200,432,78.63007529545455,0.8426268700327033,812850.3125
kNN_dinov2_vitb14_l5_k200,433,78.86957993181818,0.8564312463464417,633735.25
kNN_dinov2_vitb14_l5_k200,434,79.22077921818182,0.8766733893950602,641371.8125
kNN_dinov2_vitb14_l5_k200,435,79.25695136818182,0.8787582507917258,744014.3125
kNN_dinov2_vitb14_l5_k200,436,79.28284742727273,0.8802508270948876,671129.375
kNN_dinov2_vitb14_l5_k200,437,79.36729972727272,0.8851184210899811,662850.5
kNN_dinov2_vitb14_l5_k200,438,79.46781420454546,0.8909117939879693,824738.3125
kNN_dinov2_vitb14_l5_k200,439,79.51125251363636,0.8934154564398847,723409.75
kNN_dinov2_vitb14_l5_k200,440,79.62850745318183,0.9001737026880812,630920.0625
kNN_dinov2_vitb14_l5_k200,441,79.6499864090909,0.9014116895375086,618957.6875
kNN_dinov2_vitb14_l5_k200,442,79.75645692727272,0.9075483519487911,564880.8125
kNN_dinov2_vitb14_l5_k200,443,79.91532173636364,0.9167048745155257,718642.875
kNN_dinov2_vitb14_l5_k200,444,79.94757872272727,0.9185640768477706,659133.8125
kNN_dinov2_vitb14_l5_k200,445,80.02392345454545,0.9229643733246603,636955.9375
kNN_dinov2_vitb14_l5_k200,446,80.13685939999999,0.9294736848522888,704685.4375
kNN_dinov2_vitb14_l5_k200,447,80.28660759545454,0.9381047513474663,698621.75
kNN_dinov2_vitb14_l5_k200,448,80.40461357272727,0.9449062853063745,678941.25
kNN_dinov2_vitb14_l5_k200,449,80.43965011363636,0.9469256933762311,775147.0625
kNN_dinov2_vitb14_l5_k200,450,80.56802326363636,0.954324762129495,873900.3125
kNN_dinov2_vitb14_l5_k200,451,80.69563893636364,0.9616801720146861,562615.25
kNN_dinov2_vitb14_l5_k200,452,80.83871870454546,0.9699268890421825,1098811.0
kNN_dinov2_vitb14_l5_k200,453,80.88731798181819,0.9727280152426367,604504.5
kNN_dinov2_vitb14_l5_k200,454,80.98601989090909,0.9784169167881859,593368.625
kNN_dinov2_vitb14_l5_k200,455,81.02786977272727,0.9808290267417757,590974.375
kNN_dinov2_vitb14_l5_k200,456,81.46314962272727,1.0059173379428359,710138.5625
kNN_dinov2_vitb14_l5_k200,457,81.49191450454545,1.0075752651515413,624943.25
kNN_dinov2_vitb14_l5_k200,458,81.53910919545454,1.0102954349286748,545478.5
kNN_dinov2_vitb14_l5_k200,459,81.65584415909092,1.0170237112220841,1003299.25
kNN_dinov2_vitb14_l5_k200,460,81.66778405000001,1.017711893086772,629015.375
kNN_dinov2_vitb14_l5_k200,461,82.0783984909091,1.0413785592032403,872987.375
kNN_dinov2_vitb14_l5_k200,462,82.11143467727273,1.0432826724407058,632029.0625
kNN_dinov2_vitb14_l5_k200,463,82.15394328181819,1.0457327493270108,693458.25
kNN_dinov2_vitb14_l5_k200,464,82.87086985,1.0870543883848574,569602.875
kNN_dinov2_vitb14_l5_k200,465,83.04785639090909,1.0972553968090384,608462.75
kNN_dinov2_vitb14_l5_k200,466,83.2706767,1.1100981352367167,575623.5
kNN_dinov2_vitb14_l5_k200,467,83.28013232272727,1.1106431308426048,663671.625
kNN_dinov2_vitb14_l5_k200,468,83.32162666818182,1.113034748676162,594438.5625
kNN_dinov2_vitb14_l5_k200,469,83.35334443181819,1.1148628717209361,699458.75
kNN_dinov2_vitb14_l5_k200,470,83.45792123636365,1.1208903857830939,619140.8125
kNN_dinov2_vitb14_l5_k200,471,84.18152392727274,1.1625968178530641,615953.8125
kNN_dinov2_vitb14_l5_k200,472,84.62887205909091,1.188380711011149,569116.625
kNN_dinov2_vitb14_l5_k200,473,85.11071750454545,1.2161529326896323,518190.4375
kNN_dinov2_vitb14_l5_k200,474,85.12217595454545,1.2168133656489846,566276.5625
kNN_dinov2_vitb14_l5_k200,475,85.54109655454546,1.2409587755073437,703784.5
kNN_dinov2_vitb14_l5_k200,476,85.8163718359091,1.256824871594287,1103506.25
kNN_dinov2_vitb14_l5_k200,477,86.0069106,1.2678069921987163,718602.9375
kNN_dinov2_vitb14_l5_k200,478,86.07828567272726,1.2719208514471514,801786.9375
kNN_dinov2_vitb14_l5_k200,479,86.46879091363637,1.2944284796076844,631171.9375
kNN_dinov2_vitb14_l5_k200,480,87.81027129545454,1.371747650915916,833863.75
kNN_dinov2_vitb14_l5_k500,1,10.383351573636363,-3.0909231051976005,671099.4375
kNN_dinov2_vitb14_l5_k500,2,11.237612673636363,-3.0416858884420805,760855.9375
kNN_dinov2_vitb14_l5_k500,3,12.873956289545454,-2.9473716263235947,823783.25
kNN_dinov2_vitb14_l5_k500,4,13.852077771363637,-2.8909954441311574,591718.8125
kNN_dinov2_vitb14_l5_k500,5,14.772021149545454,-2.8379724848575316,581511.75
kNN_dinov2_vitb14_l5_k500,6,15.774696462272727,-2.780181088634338,1090383.375
kNN_dinov2_vitb14_l5_k500,7,16.11136225,-2.760776615734313,853452.5
kNN_dinov2_vitb14_l5_k500,8,16.718538883636366,-2.7257806554602935,593539.8125
kNN_dinov2_vitb14_l5_k500,9,16.83383592,-2.719135257266808,536294.625
kNN_dinov2_vitb14_l5_k500,10,16.977602550909094,-2.710848951395825,548868.9375
kNN_dinov2_vitb14_l5_k500,11,17.128398308636363,-2.702157506345793,614798.1875
kNN_dinov2_vitb14_l5_k500,12,17.49981897681818,-2.680749859495494,607988.3125
kNN_dinov2_vitb14_l5_k500,13,18.01987185318182,-2.650775468530193,611070.9375
kNN_dinov2_vitb14_l5_k500,14,18.22368484818182,-2.639028258441373,730876.8125
kNN_dinov2_vitb14_l5_k500,15,18.40435578590909,-2.628614891705722,621098.4375
kNN_dinov2_vitb14_l5_k500,16,18.964998386363636,-2.5963010227481416,630840.0625
kNN_dinov2_vitb14_l5_k500,17,19.531784013636365,-2.563633086933271,555559.9375
kNN_dinov2_vitb14_l5_k500,18,21.457911477272727,-2.4526164956056054,627169.4375
kNN_dinov2_vitb14_l5_k500,19,22.164942098181818,-2.411865231226962,626243.9375
kNN_dinov2_vitb14_l5_k500,20,22.207954510454545,-2.4093861162745784,842343.0625
kNN_dinov2_vitb14_l5_k500,21,22.336504287727273,-2.401976867220102,545114.6875
kNN_dinov2_vitb14_l5_k500,22,22.775860404545455,-2.376653611418521,634089.625
kNN_dinov2_vitb14_l5_k500,23,23.03693973772727,-2.361605730017554,569300.25
kNN_dinov2_vitb14_l5_k500,24,23.073138160909092,-2.359519354308287,609871.1875
kNN_dinov2_vitb14_l5_k500,25,23.859046570909094,-2.314221795127428,777199.4375
kNN_dinov2_vitb14_l5_k500,26,24.108436355454547,-2.299847666563835,560015.375
kNN_dinov2_vitb14_l5_k500,27,24.136628927727273,-2.2982227256741137,644890.0625
kNN_dinov2_vitb14_l5_k500,28,24.706419758636365,-2.2653815783401448,697486.75
kNN_dinov2_vitb14_l5_k500,29,25.160939161363636,-2.2391843532157982,658956.3125
kNN_dinov2_vitb14_l5_k500,30,25.272293834545454,-2.2327661817923388,513824.0
kNN_dinov2_vitb14_l5_k500,31,25.739496508636364,-2.205837928436342,638671.9375
kNN_dinov2_vitb14_l5_k500,32,26.08368123090909,-2.1860000852119685,615844.625
kNN_dinov2_vitb14_l5_k500,33,26.26193154681818,-2.175726236337011,582518.0
kNN_dinov2_vitb14_l5_k500,34,26.29922768272727,-2.1735765915411758,609406.75
kNN_dinov2_vitb14_l5_k500,35,26.647243233181822,-2.153517950111732,879664.375
kNN_dinov2_vitb14_l5_k500,36,26.80277036,-2.144553802201322,547150.9375
kNN_dinov2_vitb14_l5_k500,37,27.710613355454544,-2.0922282750911965,769935.1875
kNN_dinov2_vitb14_l5_k500,38,27.723830698181818,-2.0914664644822447,600026.5
kNN_dinov2_vitb14_l5_k500,39,27.94224735681818,-2.078877540130785,619233.25
kNN_dinov2_vitb14_l5_k500,40,28.008295531363636,-2.0750707083712667,653457.5
kNN_dinov2_vitb14_l5_k500,41,28.427649107272728,-2.0509003429944066,624481.1875
kNN_dinov2_vitb14_l5_k500,42,28.610673086363636,-2.0403513535461495,699033.5
kNN_dinov2_vitb14_l5_k500,43,28.864666542727274,-2.0257118822352584,722490.0625
kNN_dinov2_vitb14_l5_k500,44,28.872480873181818,-2.0252614861182057,595325.625
kNN_dinov2_vitb14_l5_k500,45,29.867093540909092,-1.9679347981668596,1134649.75
kNN_dinov2_vitb14_l5_k500,46,30.946254809545454,-1.9057349657057894,643052.0625
kNN_dinov2_vitb14_l5_k500,47,31.113843444545456,-1.8960756262517786,623275.5625
kNN_dinov2_vitb14_l5_k500,48,31.75240744409091,-1.8592705861324392,602342.5625
kNN_dinov2_vitb14_l5_k500,49,31.962474827272725,-1.8471628906292867,529081.875
kNN_dinov2_vitb14_l5_k500,50,32.10326235227273,-1.8390482920775113,609413.5625
kNN_dinov2_vitb14_l5_k500,51,32.57260997909091,-1.8119964096549876,613413.6875
kNN_dinov2_vitb14_l5_k500,52,33.29309288772727,-1.770469793095747,513747.6875
kNN_dinov2_vitb14_l5_k500,53,33.63066458409091,-1.751013106159651,662118.875
kNN_dinov2_vitb14_l5_k500,54,33.94931614045454,-1.7326469230920152,614172.9375
kNN_dinov2_vitb14_l5_k500,55,34.254768114545456,-1.7150415269704833,631417.1875
kNN_dinov2_vitb14_l5_k500,56,35.01583384090909,-1.6711758304824154,690571.6875
kNN_dinov2_vitb14_l5_k500,57,35.61844186090909,-1.6364431923003018,592486.5
kNN_dinov2_vitb14_l5_k500,58,36.50372615909091,-1.5854178853071164,697815.25
kNN_dinov2_vitb14_l5_k500,59,36.74721518909091,-1.5713838597056917,641315.625
kNN_dinov2_vitb14_l5_k500,60,37.183868766818186,-1.5462163706866658,671936.625
kNN_dinov2_vitb14_l5_k500,61,37.586910895,-1.5229861514634166,577765.5
kNN_dinov2_vitb14_l5_k500,62,37.90925234181818,-1.504407293446501,579328.375
kNN_dinov2_vitb14_l5_k500,63,39.159607152727276,-1.4323403447746748,655362.75
kNN_dinov2_vitb14_l5_k500,64,39.16116855045455,-1.4322503501836308,760290.8125
kNN_dinov2_vitb14_l5_k500,65,39.50363207727273,-1.4125117118436592,632673.0625
kNN_dinov2_vitb14_l5_k500,66,39.72578294681818,-1.3997075580360745,558064.125
kNN_dinov2_vitb14_l5_k500,67,40.10658689318182,-1.3777590853168278,658503.75
kNN_dinov2_vitb14_l5_k500,68,40.511631334545456,-1.3544134583708745,604581.25
kNN_dinov2_vitb14_l5_k500,69,41.22542756590909,-1.3132722431581907,666459.0625
kNN_dinov2_vitb14_l5_k500,70,41.450596035,-1.3002941633660317,564662.1875
kNN_dinov2_vitb14_l5_k500,71,41.606778884545456,-1.2912922214345022,529230.5
kNN_dinov2_vitb14_l5_k500,72,41.74143011090909,-1.283531301946464,590881.4375
kNN_dinov2_vitb14_l5_k500,73,42.27668356454546,-1.2526807922886625,608923.0625
kNN_dinov2_vitb14_l5_k500,74,42.349748590454546,-1.2484695288729066,635497.8125
kNN_dinov2_vitb14_l5_k500,75,42.93479045136364,-1.2147493548925703,716461.4375
kNN_dinov2_vitb14_l5_k500,76,42.999259720454546,-1.2110335268204517,638239.0
kNN_dinov2_vitb14_l5_k500,77,43.14833512181818,-1.2024412382919711,676854.1875
kNN_dinov2_vitb14_l5_k500,78,43.849900354999995,-1.1620049835516937,607813.125
kNN_dinov2_vitb14_l5_k500,79,44.24228326,-1.1393891320928766,546977.1875
kNN_dinov2_vitb14_l5_k500,80,44.68483293727273,-1.113881808412842,645902.5625
kNN_dinov2_vitb14_l5_k500,81,45.014271393181815,-1.0948938986728347,533549.9375
kNN_dinov2_vitb14_l5_k500,82,45.044897863636365,-1.0931286747100122,850724.0
kNN_dinov2_vitb14_l5_k500,83,45.242849799999995,-1.0817192796223616,566802.8125
kNN_dinov2_vitb14_l5_k500,84,45.34376912590909,-1.0759025723830795,606684.8125
kNN_dinov2_vitb14_l5_k500,85,45.44974382363636,-1.0697944876738517,619369.625
kNN_dinov2_vitb14_l5_k500,86,45.87703164136364,-1.0451668148248472,565597.3125
kNN_dinov2_vitb14_l5_k500,87,46.05975058136364,-1.0346354069752812,658364.375
kNN_dinov2_vitb14_l5_k500,88,46.3385215,-1.0185678321482947,856700.8125
kNN_dinov2_vitb14_l5_k500,89,46.461104443636366,-1.0115024946696791,596715.9375
kNN_dinov2_vitb14_l5_k500,90,46.55172569545454,-1.00627933957292,651018.1875
kNN_dinov2_vitb14_l5_k500,91,46.63784059272727,-1.0013159181284732,530585.0625
kNN_dinov2_vitb14_l5_k500,92,46.92503363227272,-0.9847629158452418,615494.4375
kNN_dinov2_vitb14_l5_k500,93,46.98420985,-0.9813521644262555,567817.75
kNN_dinov2_vitb14_l5_k500,94,47.05894020545455,-0.9770449160806003,567947.375
kNN_dinov2_vitb14_l5_k500,95,47.18393024863636,-0.9698408401272126,849266.9375
kNN_dinov2_vitb14_l5_k500,96,47.45620903181818,-0.9541474538013544,573148.75
kNN_dinov2_vitb14_l5_k500,97,47.57944400681818,-0.9470445350614799,603833.5625
kNN_dinov2_vitb14_l5_k500,98,47.68605184090909,-0.9408999581458618,488604.0
kNN_dinov2_vitb14_l5_k500,99,47.85413733318182,-0.9312119812305011,746042.25
kNN_dinov2_vitb14_l5_k500,100,47.997159330454544,-0.9229685939563709,546880.5
kNN_dinov2_vitb14_l5_k500,101,48.745656067727275,-0.8798273387898924,590681.125
kNN_dinov2_vitb14_l5_k500,102,48.974869975454546,-0.8666160912472533,557411.8125
kNN_dinov2_vitb14_l5_k500,103,49.269933079999994,-0.8496094804638982,655930.8125
kNN_dinov2_vitb14_l5_k500,104,49.50143869090909,-0.8362661455696251,559195.875
kNN_dinov2_vitb14_l5_k500,105,50.02686477227273,-0.8059820581201266,621665.75
kNN_dinov2_vitb14_l5_k500,106,50.24467801363637,-0.793427913049909,624626.1875
kNN_dinov2_vitb14_l5_k500,107,50.26601576545454,-0.7921980648087251,627382.4375
kNN_dinov2_vitb14_l5_k500,108,50.287720933636365,-0.7909470397175866,654004.25
kNN_dinov2_vitb14_l5_k500,109,50.397065763181814,-0.7846447100511362,723862.5625
kNN_dinov2_vitb14_l5_k500,110,50.44004938636363,-0.782167254421305,816158.0
kNN_dinov2_vitb14_l5_k500,111,50.53053583909091,-0.7769518687665316,520237.75
kNN_dinov2_vitb14_l5_k500,112,50.744067415454545,-0.7646445068726515,537831.4375
kNN_dinov2_vitb14_l5_k500,113,50.877768575909094,-0.756938346522186,562342.125
kNN_dinov2_vitb14_l5_k500,114,50.952142585000004,-0.7526516369826949,626777.875
kNN_dinov2_vitb14_l5_k500,115,51.255980857727266,-0.7351392500872892,682625.8125
kNN_dinov2_vitb14_l5_k500,116,51.47010300409091,-0.7227978493929772,614419.75
kNN_dinov2_vitb14_l5_k500,117,51.48649149727273,-0.7218532625551946,629321.875
kNN_dinov2_vitb14_l5_k500,118,51.49088870772727,-0.7215998196625357,612353.5625
kNN_dinov2_vitb14_l5_k500,119,51.669473619090915,-0.7113066856428819,682308.1875
kNN_dinov2_vitb14_l5_k500,120,51.78909724363636,-0.7044119150267025,849125.4375
kNN_dinov2_vitb14_l5_k500,121,51.85205774272727,-0.7007830482308545,541305.0
kNN_dinov2_vitb14_l5_k500,122,51.87800455454545,-0.699287546682667,1042397.9375
kNN_dinov2_vitb14_l5_k500,123,51.92553946363636,-0.6965477676825893,740418.0
kNN_dinov2_vitb14_l5_k500,124,52.00039339090909,-0.6922333970034971,584947.6875
kNN_dinov2_vitb14_l5_k500,125,52.126720309090906,-0.6849522673201076,578392.25
kNN_dinov2_vitb14_l5_k500,126,52.30133809090909,-0.6748877875343021,570279.0625
kNN_dinov2_vitb14_l5_k500,127,52.82782977227273,-0.6445422818858776,602768.5
kNN_dinov2_vitb14_l5_k500,128,52.94948191,-0.637530593452388,586488.75
kNN_dinov2_vitb14_l5_k500,129,52.977303153181815,-0.6359270549312603,689191.375
kNN_dinov2_vitb14_l5_k500,130,53.02329102272727,-0.6332764429568486,781537.0625
kNN_dinov2_vitb14_l5_k500,131,53.11169118954546,-0.6281813049775454,606655.9375
kNN_dinov2_vitb14_l5_k500,132,53.15595768772727,-0.6256299080264427,580204.0
kNN_dinov2_vitb14_l5_k500,133,53.19575964181818,-0.6233358348901765,598121.0625
kNN_dinov2_vitb14_l5_k500,134,53.738266159999995,-0.5920672789100433,709594.5
kNN_dinov2_vitb14_l5_k500,135,54.35688324090909,-0.5564119233034402,630832.5
kNN_dinov2_vitb14_l5_k500,136,54.43010616227273,-0.5521915592359978,664589.1875
kNN_dinov2_vitb14_l5_k500,137,54.51598353272727,-0.5472418281719658,699019.75
kNN_dinov2_vitb14_l5_k500,138,54.63723127590909,-0.5402534479072425,605542.375
kNN_dinov2_vitb14_l5_k500,139,54.68535675181818,-0.5374796302901245,622015.1875
kNN_dinov2_vitb14_l5_k500,140,54.72388539863636,-0.5352589470181324,642683.9375
kNN_dinov2_vitb14_l5_k500,141,55.23867115454546,-0.5055881381210048,630809.6875
kNN_dinov2_vitb14_l5_k500,142,55.2775563909091,-0.5033469020265294,720205.125
kNN_dinov2_vitb14_l5_k500,143,55.699695931818184,-0.47901596143141617,636012.9375
kNN_dinov2_vitb14_l5_k500,144,55.80372709545455,-0.4730198965827504,691934.5
kNN_dinov2_vitb14_l5_k500,145,55.82518654818182,-0.4717830338420878,767105.25
kNN_dinov2_vitb14_l5_k500,146,56.236087309090905,-0.4480998650428898,632217.8125
kNN_dinov2_vitb14_l5_k500,147,56.34353036818182,-0.44190714809799403,609710.1875
kNN_dinov2_vitb14_l5_k500,148,56.343846956363635,-0.44188890084205507,741723.125
kNN_dinov2_vitb14_l5_k500,149,56.418747340909086,-0.4375718524959041,556143.25
kNN_dinov2_vitb14_l5_k500,150,56.4284854,-0.43701057804920695,890088.0625
kNN_dinov2_vitb14_l5_k500,151,56.43083487727272,-0.4368751607608167,664168.0625
kNN_dinov2_vitb14_l5_k500,152,56.73676582727273,-0.41924215780964386,846408.375
kNN_dinov2_vitb14_l5_k500,153,56.80215198181818,-0.415473483028404,1080567.875
kNN_dinov2_vitb14_l5_k500,154,56.838491672272724,-0.41337896506927063,571556.0625
kNN_dinov2_vitb14_l5_k500,155,56.87784920000001,-0.4111105074236286,685617.25
kNN_dinov2_vitb14_l5_k500,156,56.88495511818182,-0.41070094220549447,660061.5625
kNN_dinov2_vitb14_l5_k500,157,56.89427865,-0.4101635599495794,570028.0
kNN_dinov2_vitb14_l5_k500,158,57.014437336363635,-0.4032379498690725,644026.3125
kNN_dinov2_vitb14_l5_k500,159,57.01605029863636,-0.40314498324207687,705473.0625
kNN_dinov2_vitb14_l5_k500,160,57.06027285454545,-0.40059611900047776,580960.75
kNN_dinov2_vitb14_l5_k500,161,57.08577673045454,-0.3991261470372903,714193.625
kNN_dinov2_vitb14_l5_k500,162,57.165035822727276,-0.39455787498782163,933944.9375
kNN_dinov2_vitb14_l5_k500,163,57.30280682363637,-0.386617140434433,630772.4375
kNN_dinov2_vitb14_l5_k500,164,57.552973348181816,-0.3721982427531278,591977.625
kNN_dinov2_vitb14_l5_k500,165,57.715692645,-0.3628195583114009,623788.875
kNN_dinov2_vitb14_l5_k500,166,57.94736867727273,-0.34946640080713065,628194.5
kNN_dinov2_vitb14_l5_k500,167,58.01582408181818,-0.3455208230538053,696748.75
kNN_dinov2_vitb14_l5_k500,168,58.14704098045454,-0.33795784859535755,693370.375
kNN_dinov2_vitb14_l5_k500,169,58.40466673181818,-0.32310902197584374,711933.8125
kNN_dinov2_vitb14_l5_k500,170,58.48494007,-0.3184822916333907,581159.875
kNN_dinov2_vitb14_l5_k500,171,58.90741873181818,-0.2941318050590592,597660.3125
kNN_dinov2_vitb14_l5_k500,172,58.92814133636364,-0.29293741218345776,638843.9375
kNN_dinov2_vitb14_l5_k500,173,58.959711454090915,-0.29111779903528184,577104.3125
kNN_dinov2_vitb14_l5_k500,174,59.080638213636355,-0.2841479193681854,680463.8125
kNN_dinov2_vitb14_l5_k500,175,59.15176404636364,-0.2800484256151513,577317.875
kNN_dinov2_vitb14_l5_k500,176,59.165360129545455,-0.27926478546736844,556242.5
kNN_dinov2_vitb14_l5_k500,177,59.343238913181814,-0.26901235067183393,559638.0625
kNN_dinov2_vitb14_l5_k500,178,59.52943686818182,-0.2582804221434605,848010.375
kNN_dinov2_vitb14_l5_k500,179,59.53394987363636,-0.2580203051513792,845177.375
kNN_dinov2_vitb14_l5_k500,180,59.61907620909091,-0.2531138616408659,687320.9375
kNN_dinov2_vitb14_l5_k500,181,59.64024705,-0.25189363367691286,701881.125
kNN_dinov2_vitb14_l5_k500,182,59.81487126545455,-0.2418287830743299,680196.1875
kNN_dinov2_vitb14_l5_k500,183,59.821444613636366,-0.241449913699103,694580.0625
kNN_dinov2_vitb14_l5_k500,184,59.82249576181818,-0.241389328462493,741581.5
kNN_dinov2_vitb14_l5_k500,185,60.13491826227273,-0.22338217072795283,822670.1875
kNN_dinov2_vitb14_l5_k500,186,60.66603184545455,-0.19277027160609897,624862.9375
kNN_dinov2_vitb14_l5_k500,187,60.91525143409091,-0.1784059526579342,808528.0
kNN_dinov2_vitb14_l5_k500,188,60.98922430909091,-0.17414236336374334,617138.625
kNN_dinov2_vitb14_l5_k500,189,61.15445065909091,-0.16461917939964438,573101.0
kNN_dinov2_vitb14_l5_k500,190,61.257236485,-0.15869489232900422,662086.8125
kNN_dinov2_vitb14_l5_k500,191,61.38288141818182,-0.1514530703505647,640578.1875
kNN_dinov2_vitb14_l5_k500,192,61.41676890772727,-0.14949989038246164,547440.8125
kNN_dinov2_vitb14_l5_k500,193,61.450913154545454,-0.1475319116444142,772715.4375
kNN_dinov2_vitb14_l5_k500,194,61.557454278181815,-0.14139117973251966,618488.125
kNN_dinov2_vitb14_l5_k500,195,61.612018317727276,-0.1382462613438015,589816.9375
kNN_dinov2_vitb14_l5_k500,196,61.66026577136363,-0.13546541327218128,644447.8125
kNN_dinov2_vitb14_l5_k500,197,61.784896459090916,-0.12828204956052722,761154.25
kNN_dinov2_vitb14_l5_k500,198,61.80260090454545,-0.12726161492013313,635791.375
kNN_dinov2_vitb14_l5_k500,199,62.04634134636364,-0.11321309864578996,673696.8125
kNN_dinov2_vitb14_l5_k500,200,62.140166177272725,-0.1078052982244427,671778.5625
kNN_dinov2_vitb14_l5_k500,201,62.30800517363637,-0.0981315286427709,806456.625
kNN_dinov2_vitb14_l5_k500,202,62.48285368636363,-0.08805375017371433,649391.0625
kNN_dinov2_vitb14_l5_k500,203,62.50087945,-0.08701479565343062,700337.9375
kNN_dinov2_vitb14_l5_k500,204,62.515273900000004,-0.08618513987871876,554020.5
kNN_dinov2_vitb14_l5_k500,205,62.56153540454545,-0.08351875634944335,552836.875
kNN_dinov2_vitb14_l5_k500,206,62.62842450590909,-0.07966345592382028,751774.0625
kNN_dinov2_vitb14_l5_k500,207,62.64787497272727,-0.07854238550316901,655314.9375
kNN_dinov2_vitb14_l5_k500,208,62.80573838590909,-0.06944358059141646,693784.9375
kNN_dinov2_vitb14_l5_k500,209,62.831736559090906,-0.06794511871810778,592979.1875
kNN_dinov2_vitb14_l5_k500,210,63.033077886363635,-0.05634036863318487,948738.1875
kNN_dinov2_vitb14_l5_k500,211,63.2958711590909,-0.041193700558090865,853190.0
kNN_dinov2_vitb14_l5_k500,212,63.30556153181818,-0.04063517461980955,903425.5
kNN_dinov2_vitb14_l5_k500,213,63.451246159090914,-0.0322383208113255,742929.25
kNN_dinov2_vitb14_l5_k500,214,63.51674641363636,-0.02846306962571502,645872.25
kNN_dinov2_vitb14_l5_k500,215,63.52993807136364,-0.027702739428211564,618304.0625
kNN_dinov2_vitb14_l5_k500,216,63.601648069090906,-0.02356957604100441,620233.75
kNN_dinov2_vitb14_l5_k500,217,63.632569839545454,-0.021787331813408223,955551.125
kNN_dinov2_vitb14_l5_k500,218,63.65115097727273,-0.02071636708629849,812277.0625
kNN_dinov2_vitb14_l5_k500,219,63.71100458181818,-0.017266572988681755,587998.6875
kNN_dinov2_vitb14_l5_k500,220,63.89873966363636,-0.006446048776474242,575618.5
kNN_dinov2_vitb14_l5_k500,221,63.92419218818182,-0.004979036562035517,495609.25
kNN_dinov2_vitb14_l5_k500,222,63.96103896818182,-0.002855291382016408,745520.8125
kNN_dinov2_vitb14_l5_k500,223,63.99746849090909,-0.0007555957423308915,766389.8125
kNN_dinov2_vitb14_l5_k500,224,64.02118780454545,0.000611519050564863,835071.5
kNN_dinov2_vitb14_l5_k500,225,64.02835174090909,0.0010244282741725598,562553.8125
kNN_dinov2_vitb14_l5_k500,226,64.1043883409091,0.005406964896234798,712424.25
kNN_dinov2_vitb14_l5_k500,227,64.15682117727273,0.008429046703709133,563482.9375
kNN_dinov2_vitb14_l5_k500,228,64.23845857272727,0.01313439748621699,687458.3125
kNN_dinov2_vitb14_l5_k500,229,64.25370258636363,0.014013019729039077,636878.625
kNN_dinov2_vitb14_l5_k500,230,64.32671434181817,0.01822121278502206,629597.0
kNN_dinov2_vitb14_l5_k500,231,64.40631527727272,0.022809187717882526,705500.625
kNN_dinov2_vitb14_l5_k500,232,64.56676404090909,0.032057004987472486,932858.5625
kNN_dinov2_vitb14_l5_k500,233,64.70266141363636,0.0398897488610707,758047.4375
kNN_dinov2_vitb14_l5_k500,234,64.83579067045456,0.047562946288015,655112.75
kNN_dinov2_vitb14_l5_k500,235,64.88276691590909,0.05027052548108044,904151.1875
kNN_dinov2_vitb14_l5_k500,236,64.91428311818181,0.05208703109348984,620124.125
kNN_dinov2_vitb14_l5_k500,237,64.99876317727272,0.056956225044821694,772484.8125
kNN_dinov2_vitb14_l5_k500,238,65.11283459954545,0.06353098227543044,689548.0625
kNN_dinov2_vitb14_l5_k500,239,65.12859398045454,0.06443930884414997,621215.375
kNN_dinov2_vitb14_l5_k500,240,65.15700578272727,0.06607688553694015,732787.125
kNN_dinov2_vitb14_l5_k500,241,65.26560826818182,0.07233642856952589,714088.0
kNN_dinov2_vitb14_l5_k500,242,65.49862164545455,0.08576666689328061,618789.0625
kNN_dinov2_vitb14_l5_k500,243,65.58085287863636,0.09050624481886647,574615.5
kNN_dinov2_vitb14_l5_k500,244,65.74797291818182,0.10013857574355729,566827.6875
kNN_dinov2_vitb14_l5_k500,245,65.77319434545456,0.10159226815857124,738966.75
kNN_dinov2_vitb14_l5_k500,246,65.79643795909091,0.10293196493604907,576068.375
kNN_dinov2_vitb14_l5_k500,247,65.90152255454545,0.10898874664372764,659889.1875
kNN_dinov2_vitb14_l5_k500,248,66.06104215454546,0.11818300952419154,586423.5
kNN_dinov2_vitb14_l5_k500,249,66.34667021363636,0.13464581071801482,670030.6875
kNN_dinov2_vitb14_l5_k500,250,66.41367993636364,0.13850806342114064,720717.8125
kNN_dinov2_vitb14_l5_k500,251,66.49486482500001,0.14318733297826053,697406.0625
kNN_dinov2_vitb14_l5_k500,252,66.57540134545455,0.14782923240965884,584651.1875
kNN_dinov2_vitb14_l5_k500,253,66.64770191772728,0.15199643485928482,842662.8125
kNN_dinov2_vitb14_l5_k500,254,66.69631712272727,0.15479847908932004,679348.375
kNN_dinov2_vitb14_l5_k500,255,66.69915260454546,0.15496190831826281,818589.4375
kNN_dinov2_vitb14_l5_k500,256,66.84640655909091,0.16344921375457688,718403.1875
kNN_dinov2_vitb14_l5_k500,257,66.92138232272727,0.1677706067403678,578718.5
kNN_dinov2_vitb14_l5_k500,258,67.1600262,0.1815253713113582,541634.5
kNN_dinov2_vitb14_l5_k500,259,67.24224864545455,0.1862644427369615,724457.75
kNN_dinov2_vitb14_l5_k500,260,67.33497136227273,0.19160872038946963,1475583.25
kNN_dinov2_vitb14_l5_k500,261,67.50431248636363,0.20136906840541843,734963.5
kNN_dinov2_vitb14_l5_k500,262,67.65232870272727,0.20990030847760313,750906.5
kNN_dinov2_vitb14_l5_k500,263,67.78208407272727,0.2173790445196429,576842.3125
kNN_dinov2_vitb14_l5_k500,264,67.84529925,0.2210225902524589,639672.0625
kNN_dinov2_vitb14_l5_k500,265,67.89158320909091,0.22369026799883285,715468.375
kNN_dinov2_vitb14_l5_k500,266,67.98637594090908,0.22915385551719142,764863.375
kNN_dinov2_vitb14_l5_k500,267,68.0851692090909,0.234848022744816,622663.0625
kNN_dinov2_vitb14_l5_k500,268,68.12695885,0.23725666058115907,638487.25
kNN_dinov2_vitb14_l5_k500,269,68.2302839,0.24321202701786718,827713.8125
kNN_dinov2_vitb14_l5_k500,270,68.23565684545454,0.24352170854259156,670370.1875
kNN_dinov2_vitb14_l5_k500,271,68.26595938409092,0.24526826198284749,658970.9375
kNN_dinov2_vitb14_l5_k500,272,68.27114585318182,0.2455671955323495,677493.1875
kNN_dinov2_vitb14_l5_k500,273,68.32032611363637,0.24840180797589106,621873.4375
kNN_dinov2_vitb14_l5_k500,274,68.38830778636363,0.25232008115428434,743309.0625
kNN_dinov2_vitb14_l5_k500,275,68.41746199090909,0.2540004478343775,590363.9375
kNN_dinov2_vitb14_l5_k500,276,68.46063733181818,0.256488953536948,675746.875
kNN_dinov2_vitb14_l5_k500,277,68.46664887727273,0.256835442176758,616467.0625
kNN_dinov2_vitb14_l5_k500,278,68.47213741363636,0.2571517860376766,930736.875
kNN_dinov2_vitb14_l5_k500,279,68.93374281227273,0.283757428116166,575632.75
kNN_dinov2_vitb14_l5_k500,280,69.04567613727274,0.29020895140944425,704240.1875
kNN_dinov2_vitb14_l5_k500,281,69.05974111818182,0.2910196175086998,687439.0625
kNN_dinov2_vitb14_l5_k500,282,69.09219679545454,0.2928902718283501,709576.625
kNN_dinov2_vitb14_l5_k500,283,69.09712682727273,0.29317442505181285,609390.4375
kNN_dinov2_vitb14_l5_k500,284,69.10091421363637,0.29339271939217726,563538.1875
kNN_dinov2_vitb14_l5_k500,285,69.10780212727273,0.2937897194390094,597772.0
kNN_dinov2_vitb14_l5_k500,286,69.12065298636364,0.2945304069577943,761469.4375
kNN_dinov2_vitb14_l5_k500,287,69.18059698636364,0.2979854111961857,643458.8125
kNN_dinov2_vitb14_l5_k500,288,69.23367816363636,0.30104486155745686,810347.5
kNN_dinov2_vitb14_l5_k500,289,69.2644266,0.3028171152936152,703570.9375
kNN_dinov2_vitb14_l5_k500,290,69.35791935818182,0.30820577597320115,608177.625
kNN_dinov2_vitb14_l5_k500,291,69.61843814545455,0.32322134907823014,694585.9375
kNN_dinov2_vitb14_l5_k500,292,69.80519480454545,0.33398547974530074,724455.1875
kNN_dinov2_vitb14_l5_k500,293,69.8553488,0.33687621554651076,836770.8125
kNN_dinov2_vitb14_l5_k500,294,69.88728480909091,0.3387169176479122,1032086.1875
kNN_dinov2_vitb14_l5_k500,295,69.97248817863637,0.3436278011876287,746235.8125
kNN_dinov2_vitb14_l5_k500,296,70.05721009181819,0.3485109349312532,601801.125
kNN_dinov2_vitb14_l5_k500,297,70.14929492727272,0.35381844688886305,646440.0625
kNN_dinov2_vitb14_l5_k500,298,70.15787111818182,0.35431275450831085,673906.625
kNN_dinov2_vitb14_l5_k500,299,70.16147875909091,0.3545206888241977,730138.5625
kNN_dinov2_vitb14_l5_k500,300,70.20511073181818,0.3570355135056018,780873.5
kNN_dinov2_vitb14_l5_k500,301,70.32331571818182,0.3638485177910241,612963.0
kNN_dinov2_vitb14_l5_k500,302,70.37705808636363,0.36694607734409634,757312.0
kNN_dinov2_vitb14_l5_k500,303,70.399005675,0.36821107487114013,616830.6875
kNN_dinov2_vitb14_l5_k500,304,70.50181075318181,0.37413647158884883,666667.875
kNN_dinov2_vitb14_l5_k500,305,70.6102672090909,0.38038759788750787,732019.9375
kNN_dinov2_vitb14_l5_k500,306,70.7436578590909,0.38807586128520843,778377.4375
kNN_dinov2_vitb14_l5_k500,307,70.83137117272727,0.39313141097119886,863413.0625
kNN_dinov2_vitb14_l5_k500,308,70.8352099,0.39335266445774103,586719.1875
kNN_dinov2_vitb14_l5_k500,309,70.84563281363636,0.3939534120019492,648527.0
kNN_dinov2_vitb14_l5_k500,310,70.86294127272727,0.394951023097624,610104.625
kNN_dinov2_vitb14_l5_k500,311,70.88488886772727,0.3962160209914498,565265.375
kNN_dinov2_vitb14_l5_k500,312,70.94146290454545,0.3994767899923458,524157.96875
kNN_dinov2_vitb14_l5_k500,313,71.03486937272727,0.4048604771580567,790530.5625
kNN_dinov2_vitb14_l5_k500,314,71.06114357272727,0.4063748484439294,608167.8125
kNN_dinov2_vitb14_l5_k500,315,71.16676672727273,0.41246267118893826,861571.75
kNN_dinov2_vitb14_l5_k500,316,71.17873871818182,0.41315270320770386,630301.0625
kNN_dinov2_vitb14_l5_k500,317,71.2066498259091,0.4147614212694939,602705.375
kNN_dinov2_vitb14_l5_k500,318,71.25545576818182,0.4175744590616155,767804.3125
kNN_dinov2_vitb14_l5_k500,319,71.3174982909091,0.4211504162713988,652986.0
kNN_dinov2_vitb14_l5_k500,320,71.36296618181818,0.4237710581338302,623354.6875
kNN_dinov2_vitb14_l5_k500,321,71.46931471818182,0.4299006898548213,777320.8125
kNN_dinov2_vitb14_l5_k500,322,71.72297334090909,0.4445208622928842,642980.75
kNN_dinov2_vitb14_l5_k500,323,71.90808025909091,0.45518990651538743,641750.125
kNN_dinov2_vitb14_l5_k500,324,71.99829709090909,0.46038975197625187,619620.75
kNN_dinov2_vitb14_l5_k500,325,72.09644175681818,0.46604653558581094,664289.9375
kNN_dinov2_vitb14_l5_k500,326,72.15469048045455,0.4694038288435938,741892.25
kNN_dinov2_vitb14_l5_k500,327,72.16259906363636,0.4698596574238161,682630.1875
kNN_dinov2_vitb14_l5_k500,328,72.25012620454545,0.47490447663533314,618751.8125
kNN_dinov2_vitb14_l5_k500,329,72.32991709090909,0.4795033998064825,694540.0625
kNN_dinov2_vitb14_l5_k500,330,72.3529890590909,0.4808332034207922,610200.8125
kNN_dinov2_vitb14_l5_k500,331,72.35690482818183,0.48105889738191765,629486.5
kNN_dinov2_vitb14_l5_k500,332,72.45495321363636,0.48671013165578725,719288.0625
kNN_dinov2_vitb14_l5_k500,333,72.62635492727273,0.49658924628079065,619593.75
kNN_dinov2_vitb14_l5_k500,334,72.63195748181819,0.49691216183031,600177.125
kNN_dinov2_vitb14_l5_k500,335,72.83995069636363,0.5089003080636467,619795.6875
kNN_dinov2_vitb14_l5_k500,336,72.89617321363636,0.5121408164626576,605243.625
kNN_dinov2_vitb14_l5_k500,337,73.03390340545455,0.5200791988943657,770565.625
kNN_dinov2_vitb14_l5_k500,338,73.11911989545455,0.5249908386603275,674047.125
kNN_dinov2_vitb14_l5_k500,339,73.13833258181818,0.5260982040816745,570927.9375
kNN_dinov2_vitb14_l5_k500,340,73.33471177272727,0.5374169505270702,587277.0625
kNN_dinov2_vitb14_l5_k500,341,73.33981687045456,0.5377111940591194,597419.375
kNN_dinov2_vitb14_l5_k500,342,73.39854528636364,0.541096135435736,636846.75
kNN_dinov2_vitb14_l5_k500,343,73.41015931818183,0.5417655356952554,809935.0625
kNN_dinov2_vitb14_l5_k500,344,73.44266513181819,0.5436390797344586,715751.5
kNN_dinov2_vitb14_l5_k500,345,73.44619574090909,0.5438425741521346,598744.0
kNN_dinov2_vitb14_l5_k500,346,73.46868897499999,0.5451390211546568,690634.0
kNN_dinov2_vitb14_l5_k500,347,73.50964273636363,0.5474994812355564,667854.375
kNN_dinov2_vitb14_l5_k500,348,73.53120189545454,0.548742090771711,1046571.1875
kNN_dinov2_vitb14_l5_k500,349,73.63946159545455,0.5549818766109442,903375.5
kNN_dinov2_vitb14_l5_k500,350,73.76844457272728,0.562416094099894,600994.25
kNN_dinov2_vitb14_l5_k500,351,73.80118299272728,0.5643030449182952,738486.5625
kNN_dinov2_vitb14_l5_k500,352,73.90576145,0.5703306542390226,973675.5
kNN_dinov2_vitb14_l5_k500,353,73.96756481363637,0.5738928269887642,591310.1875
kNN_dinov2_vitb14_l5_k500,354,74.00717849454546,0.5761760485862414,672334.0
kNN_dinov2_vitb14_l5_k500,355,74.01135728181818,0.5764169021785707,962255.8125
kNN_dinov2_vitb14_l5_k500,356,74.05095793636363,0.5786993729729389,583535.5
kNN_dinov2_vitb14_l5_k500,357,74.05302495909092,0.5788185103725725,522740.96875
kNN_dinov2_vitb14_l5_k500,358,74.20412883636364,0.5875277145700669,612098.8125
kNN_dinov2_vitb14_l5_k500,359,74.32802774090909,0.5946689003490705,845418.875
kNN_dinov2_vitb14_l5_k500,360,74.38583995454546,0.5980010343932524,637409.375
kNN_dinov2_vitb14_l5_k500,361,74.46433656818182,0.602525359310058,580162.9375
kNN_dinov2_vitb14_l5_k500,362,74.52572066363636,0.6060633666162982,603612.6875
kNN_dinov2_vitb14_l5_k500,363,74.86437946363637,0.625582711160682,957042.0
kNN_dinov2_vitb14_l5_k500,364,74.89747095909091,0.6274900122592099,800518.625
kNN_dinov2_vitb14_l5_k500,365,74.9084351090909,0.6281219551512479,679899.375
kNN_dinov2_vitb14_l5_k500,366,75.02020153181819,0.634563858665071,599548.5625
kNN_dinov2_vitb14_l5_k500,367,75.04613550454546,0.6360586202040249,604249.5
kNN_dinov2_vitb14_l5_k500,368,75.04910765454545,0.6362299266041167,674753.25
kNN_dinov2_vitb14_l5_k500,369,75.04911406363637,0.6362302960061632,660802.875
kNN_dinov2_vitb14_l5_k500,370,75.14242499545455,0.6416084767235004,586849.375
kNN_dinov2_vitb14_l5_k500,371,75.14524949545454,0.6417712729912052,637478.375
kNN_dinov2_vitb14_l5_k500,372,75.21942449545455,0.6460465122041826,630251.1875
kNN_dinov2_vitb14_l5_k500,373,75.2494860690909,0.6477791770968547,617626.625
kNN_dinov2_vitb14_l5_k500,374,75.29101026818182,0.6501725156103826,636239.1875
kNN_dinov2_vitb14_l5_k500,375,75.30463428181818,0.6509577655913236,560302.1875
kNN_dinov2_vitb14_l5_k500,376,75.35053226363635,0.6536031966889378,735288.5
kNN_dinov2_vitb14_l5_k500,377,75.358434425,0.6540586551335503,616579.1875
kNN_dinov2_vitb14_l5_k500,378,75.4765098,0.6608641889830542,652503.8125
kNN_dinov2_vitb14_l5_k500,379,75.48288537727272,0.661231659397098,704386.0625
kNN_dinov2_vitb14_l5_k500,380,75.54217925454545,0.664649192382683,719838.875
kNN_dinov2_vitb14_l5_k500,381,75.65154605454546,0.6709527883645888,631960.25
kNN_dinov2_vitb14_l5_k500,382,75.68111334545455,0.672656964185499,823733.5
kNN_dinov2_vitb14_l5_k500,383,75.77031593636364,0.677798351641565,812038.0
kNN_dinov2_vitb14_l5_k500,384,75.78166525454546,0.6784524945486285,681331.125
kNN_dinov2_vitb14_l5_k500,385,75.79512009954546,0.6792279941232632,680031.125
kNN_dinov2_vitb14_l5_k500,386,75.84170493636363,0.6819130136189849,635309.4375
kNN_dinov2_vitb14_l5_k500,387,75.84312428636363,0.6819948209769487,559568.0625
kNN_dinov2_vitb14_l5_k500,388,76.02107943636364,0.6922516573157579,638805.25
kNN_dinov2_vitb14_l5_k500,389,76.07231828181818,0.6952049208319687,646537.9375
kNN_dinov2_vitb14_l5_k500,390,76.16321556363636,0.7004439855246826,686828.375
kNN_dinov2_vitb14_l5_k500,391,76.19598609272727,0.7023327870211363,695943.4375
kNN_dinov2_vitb14_l5_k500,392,76.26727722727273,0.7064418083079089,554168.25
kNN_dinov2_vitb14_l5_k500,393,76.28929185454545,0.7077106697541566,782896.5
kNN_dinov2_vitb14_l5_k500,394,76.28997104545455,0.707749816415534,593223.75
kNN_dinov2_vitb14_l5_k500,395,76.32376224090909,0.7096974462619865,687030.0
kNN_dinov2_vitb14_l5_k500,396,76.35414479090909,0.7114486113331051,628687.875
kNN_dinov2_vitb14_l5_k500,397,76.39021483181818,0.71352758744781,607234.6875
kNN_dinov2_vitb14_l5_k500,398,76.45241142272727,0.7171124247159999,609139.5
kNN_dinov2_vitb14_l5_k500,399,76.51437691681818,0.7206839422109638,661455.75
kNN_dinov2_vitb14_l5_k500,400,76.5471795409091,0.7225745935733101,705916.0
kNN_dinov2_vitb14_l5_k500,401,76.59774437272728,0.7254890088316404,680805.4375
kNN_dinov2_vitb14_l5_k500,402,76.63823088636364,0.7278225380624447,561333.5
kNN_dinov2_vitb14_l5_k500,403,76.64452179545455,0.7281851284396704,705235.4375
kNN_dinov2_vitb14_l5_k500,404,76.67493643727272,0.7299381431932893,548623.1875
kNN_dinov2_vitb14_l5_k500,405,76.67586082272727,0.7299914221814013,656052.1875
kNN_dinov2_vitb14_l5_k500,406,76.81212329090908,0.7378452091342544,792495.1875
kNN_dinov2_vitb14_l5_k500,407,76.90558185454546,0.7432318989360301,841206.75
kNN_dinov2_vitb14_l5_k500,408,76.91644974545454,0.7438582937237196,689771.8125
kNN_dinov2_vitb14_l5_k500,409,76.98329391227273,0.7477110042480184,668110.375
kNN_dinov2_vitb14_l5_k500,410,77.11547369545454,0.7553294766743298,662598.9375
kNN_dinov2_vitb14_l5_k500,411,77.14402031818182,0.7569748240404465,669593.9375
kNN_dinov2_vitb14_l5_k500,412,77.17084656363636,0.7585210136798696,559226.9375
kNN_dinov2_vitb14_l5_k500,413,77.25877326818183,0.7635888626200866,874711.75
kNN_dinov2_vitb14_l5_k500,414,77.34552212272727,0.7685888235858233,555726.5
kNN_dinov2_vitb14_l5_k500,415,77.52582683636363,0.7789810821907805,565198.25
kNN_dinov2_vitb14_l5_k500,416,77.65479755863636,0.7864145933358604,1100015.5
kNN_dinov2_vitb14_l5_k500,417,77.69959142727272,0.7889963864426363,754489.1875
kNN_dinov2_vitb14_l5_k500,418,77.72501827727272,0.7904619188481973,562468.75
kNN_dinov2_vitb14_l5_k500,419,77.83570625,0.7968416635250904,795452.9375
kNN_dinov2_vitb14_l5_k500,420,77.9733424409091,0.8047746280077235,664485.5
kNN_dinov2_vitb14_l5_k500,421,78.0566007590909,0.8095734042355274,682068.0625
kNN_dinov2_vitb14_l5_k500,422,78.20425748181819,0.818083924101565,678727.8125
kNN_dinov2_vitb14_l5_k500,423,78.23482706363636,0.8198458691627494,558942.4375
kNN_dinov2_vitb14_l5_k500,424,78.25971381363637,0.8212802717172971,651822.9375
kNN_dinov2_vitb14_l5_k500,425,78.3483194,0.8263872495037559,514053.71875
kNN_dinov2_vitb14_l5_k500,426,78.4185978909091,0.8304379048480556,586297.375
kNN_dinov2_vitb14_l5_k500,427,78.53980069090909,0.837423694713678,666852.75
kNN_dinov2_vitb14_l5_k500,428,78.54177141363635,0.8375372816510761,715235.6875
kNN_dinov2_vitb14_l5_k500,429,78.57485005,0.8394438415876266,596894.8125
kNN_dinov2_vitb14_l5_k500,430,78.5853263609091,0.8400476668010531,570253.1875
kNN_dinov2_vitb14_l5_k500,431,78.61859467727272,0.8419651593614511,711735.625
kNN_dinov2_vitb14_l5_k500,432,78.63007529545455,0.8426268700327033,812850.3125
kNN_dinov2_vitb14_l5_k500,433,78.86957993181818,0.8564312463464417,633735.25
kNN_dinov2_vitb14_l5_k500,434,79.22077921818182,0.8766733893950602,641371.8125
kNN_dinov2_vitb14_l5_k500,435,79.25695136818182,0.8787582507917258,744014.3125
kNN_dinov2_vitb14_l5_k500,436,79.28284742727273,0.8802508270948876,671129.375
kNN_dinov2_vitb14_l5_k500,437,79.36729972727272,0.8851184210899811,662850.5
kNN_dinov2_vitb14_l5_k500,438,79.46781420454546,0.8909117939879693,824738.3125
kNN_dinov2_vitb14_l5_k500,439,79.51125251363636,0.8934154564398847,723409.75
kNN_dinov2_vitb14_l5_k500,440,79.62850745318183,0.9001737026880812,630920.0625
kNN_dinov2_vitb14_l5_k500,441,79.6499864090909,0.9014116895375086,618957.6875
kNN_dinov2_vitb14_l5_k500,442,79.75645692727272,0.9075483519487911,564880.8125
kNN_dinov2_vitb14_l5_k500,443,79.91532173636364,0.9167048745155257,718642.875
kNN_dinov2_vitb14_l5_k500,444,79.94757872272727,0.9185640768477706,659133.8125
kNN_dinov2_vitb14_l5_k500,445,80.02392345454545,0.9229643733246603,636955.9375
kNN_dinov2_vitb14_l5_k500,446,80.13685939999999,0.9294736848522888,704685.4375
kNN_dinov2_vitb14_l5_k500,447,80.28660759545454,0.9381047513474663,698621.75
kNN_dinov2_vitb14_l5_k500,448,80.40461357272727,0.9449062853063745,678941.25
kNN_dinov2_vitb14_l5_k500,449,80.43965011363636,0.9469256933762311,775147.0625
kNN_dinov2_vitb14_l5_k500,450,80.56802326363636,0.954324762129495,873900.3125
kNN_dinov2_vitb14_l5_k500,451,80.69563893636364,0.9616801720146861,562615.25
kNN_dinov2_vitb14_l5_k500,452,80.83871870454546,0.9699268890421825,1098811.0
kNN_dinov2_vitb14_l5_k500,453,80.88731798181819,0.9727280152426367,604504.5
kNN_dinov2_vitb14_l5_k500,454,80.98601989090909,0.9784169167881859,593368.625
kNN_dinov2_vitb14_l5_k500,455,81.02786977272727,0.9808290267417757,590974.375
kNN_dinov2_vitb14_l5_k500,456,81.46314962272727,1.0059173379428359,710138.5625
kNN_dinov2_vitb14_l5_k500,457,81.49191450454545,1.0075752651515413,624943.25
kNN_dinov2_vitb14_l5_k500,458,81.53910919545454,1.0102954349286748,545478.5
kNN_dinov2_vitb14_l5_k500,459,81.65584415909092,1.0170237112220841,1003299.25
kNN_dinov2_vitb14_l5_k500,460,81.66778405000001,1.017711893086772,629015.375
kNN_dinov2_vitb14_l5_k500,461,82.0783984909091,1.0413785592032403,872987.375
kNN_dinov2_vitb14_l5_k500,462,82.11143467727273,1.0432826724407058,632029.0625
kNN_dinov2_vitb14_l5_k500,463,82.15394328181819,1.0457327493270108,693458.25
kNN_dinov2_vitb14_l5_k500,464,82.87086985,1.0870543883848574,569602.875
kNN_dinov2_vitb14_l5_k500,465,83.04785639090909,1.0972553968090384,608462.75
kNN_dinov2_vitb14_l5_k500,466,83.2706767,1.1100981352367167,575623.5
kNN_dinov2_vitb14_l5_k500,467,83.28013232272727,1.1106431308426048,663671.625
kNN_dinov2_vitb14_l5_k500,468,83.32162666818182,1.113034748676162,594438.5625
kNN_dinov2_vitb14_l5_k500,469,83.35334443181819,1.1148628717209361,699458.75
kNN_dinov2_vitb14_l5_k500,470,83.45792123636365,1.1208903857830939,619140.8125
kNN_dinov2_vitb14_l5_k500,471,84.18152392727274,1.1625968178530641,615953.8125
kNN_dinov2_vitb14_l5_k500,472,84.62887205909091,1.188380711011149,569116.625
kNN_dinov2_vitb14_l5_k500,473,85.11071750454545,1.2161529326896323,518190.4375
kNN_dinov2_vitb14_l5_k500,474,85.12217595454545,1.2168133656489846,566276.5625
kNN_dinov2_vitb14_l5_k500,475,85.54109655454546,1.2409587755073437,703784.5
kNN_dinov2_vitb14_l5_k500,476,85.8163718359091,1.256824871594287,1103506.25
kNN_dinov2_vitb14_l5_k500,477,86.0069106,1.2678069921987163,718602.9375
kNN_dinov2_vitb14_l5_k500,478,86.07828567272726,1.2719208514471514,801786.9375
kNN_dinov2_vitb14_l5_k500,479,86.46879091363637,1.2944284796076844,631171.9375
kNN_dinov2_vitb14_l5_k500,480,87.81027129545454,1.371747650915916,833863.75
MMDpt_dinov2_vitb14_l5_g2.80e-05,1,10.383351573636363,-3.0909231051976005,1.0200064182281494
MMDpt_dinov2_vitb14_l5_g2.80e-05,2,11.237612673636363,-3.0416858884420805,1.020006537437439
MMDpt_dinov2_vitb14_l5_g2.80e-05,3,12.873956289545454,-2.9473716263235947,1.020006537437439
MMDpt_dinov2_vitb14_l5_g2.80e-05,4,13.852077771363637,-2.8909954441311574,1.0200046300888062
MMDpt_dinov2_vitb14_l5_g2.80e-05,5,14.772021149545454,-2.8379724848575316,1.0200046300888062
MMDpt_dinov2_vitb14_l5_g2.80e-05,6,15.774696462272727,-2.780181088634338,1.020006537437439
MMDpt_dinov2_vitb14_l5_g2.80e-05,7,16.11136225,-2.760776615734313,1.020006537437439
MMDpt_dinov2_vitb14_l5_g2.80e-05,8,16.718538883636366,-2.7257806554602935,1.0200055837631226
MMDpt_dinov2_vitb14_l5_g2.80e-05,9,16.83383592,-2.719135257266808,1.0199987888336182
MMDpt_dinov2_vitb14_l5_g2.80e-05,10,16.977602550909094,-2.710848951395825,1.0200015306472778
MMDpt_dinov2_vitb14_l5_g2.80e-05,11,17.128398308636363,-2.702157506345793,1.0200061798095703
MMDpt_dinov2_vitb14_l5_g2.80e-05,12,17.49981897681818,-2.680749859495494,1.0200061798095703
MMDpt_dinov2_vitb14_l5_g2.80e-05,13,18.01987185318182,-2.650775468530193,1.020005464553833
MMDpt_dinov2_vitb14_l5_g2.80e-05,14,18.22368484818182,-2.639028258441373,1.020006537437439
MMDpt_dinov2_vitb14_l5_g2.80e-05,15,18.40435578590909,-2.628614891705722,1.0200061798095703
MMDpt_dinov2_vitb14_l5_g2.80e-05,16,18.964998386363636,-2.5963010227481416,1.0200061798095703
MMDpt_dinov2_vitb14_l5_g2.80e-05,17,19.531784013636365,-2.563633086933271,1.0200040340423584
MMDpt_dinov2_vitb14_l5_g2.80e-05,18,21.457911477272727,-2.4526164956056054,1.0200062990188599
MMDpt_dinov2_vitb14_l5_g2.80e-05,19,22.164942098181818,-2.411865231226962,1.0200062990188599
MMDpt_dinov2_vitb14_l5_g2.80e-05,20,22.207954510454545,-2.4093861162745784,1.020006537437439
MMDpt_dinov2_vitb14_l5_g2.80e-05,21,22.336504287727273,-2.401976867220102,1.0200008153915405
MMDpt_dinov2_vitb14_l5_g2.80e-05,22,22.775860404545455,-2.376653611418521,1.0200062990188599
MMDpt_dinov2_vitb14_l5_g2.80e-05,23,23.03693973772727,-2.361605730017554,1.0200049877166748
MMDpt_dinov2_vitb14_l5_g2.80e-05,24,23.073138160909092,-2.359519354308287,1.0200062990188599
MMDpt_dinov2_vitb14_l5_g2.80e-05,25,23.859046570909094,-2.314221795127428,1.020006537437439
MMDpt_dinov2_vitb14_l5_g2.80e-05,26,24.108436355454547,-2.299847666563835,1.0200045108795166
MMDpt_dinov2_vitb14_l5_g2.80e-05,27,24.136628927727273,-2.2982227256741137,1.0200060606002808
MMDpt_dinov2_vitb14_l5_g2.80e-05,28,24.706419758636365,-2.2653815783401448,1.020006537437439
MMDpt_dinov2_vitb14_l5_g2.80e-05,29,25.160939161363636,-2.2391843532157982,1.0200064182281494
MMDpt_dinov2_vitb14_l5_g2.80e-05,30,25.272293834545454,-2.2327661817923388,1.0199967622756958
MMDpt_dinov2_vitb14_l5_g2.80e-05,31,25.739496508636364,-2.205837928436342,1.0200062990188599
MMDpt_dinov2_vitb14_l5_g2.80e-05,32,26.08368123090909,-2.1860000852119685,1.020004391670227
MMDpt_dinov2_vitb14_l5_g2.80e-05,33,26.26193154681818,-2.175726236337011,1.0200059413909912
MMDpt_dinov2_vitb14_l5_g2.80e-05,34,26.29922768272727,-2.1735765915411758,1.0200055837631226
MMDpt_dinov2_vitb14_l5_g2.80e-05,35,26.647243233181822,-2.153517950111732,1.020006537437439
MMDpt_dinov2_vitb14_l5_g2.80e-05,36,26.80277036,-2.144553802201322,1.020001769065857
MMDpt_dinov2_vitb14_l5_g2.80e-05,37,27.710613355454544,-2.0922282750911965,1.020006537437439
MMDpt_dinov2_vitb14_l5_g2.80e-05,38,27.723830698181818,-2.0914664644822447,1.020005702972412
MMDpt_dinov2_vitb14_l5_g2.80e-05,39,27.94224735681818,-2.078877540130785,1.0200060606002808
MMDpt_dinov2_vitb14_l5_g2.80e-05,40,28.008295531363636,-2.0750707083712667,1.0200061798095703
MMDpt_dinov2_vitb14_l5_g2.80e-05,41,28.427649107272728,-2.0509003429944066,1.0200061798095703
MMDpt_dinov2_vitb14_l5_g2.80e-05,42,28.610673086363636,-2.0403513535461495,1.020006537437439
MMDpt_dinov2_vitb14_l5_g2.80e-05,43,28.864666542727274,-2.0257118822352584,1.020006537437439
MMDpt_dinov2_vitb14_l5_g2.80e-05,44,28.872480873181818,-2.0252614861182057,1.020005702972412
MMDpt_dinov2_vitb14_l5_g2.80e-05,45,29.867093540909092,-1.9679347981668596,1.020006537437439
MMDpt_dinov2_vitb14_l5_g2.80e-05,46,30.946254809545454,-1.9057349657057894,1.0200046300888062
MMDpt_dinov2_vitb14_l5_g2.80e-05,47,31.113843444545456,-1.8960756262517786,1.0200061798095703
MMDpt_dinov2_vitb14_l5_g2.80e-05,48,31.75240744409091,-1.8592705861324392,1.0200039148330688
MMDpt_dinov2_vitb14_l5_g2.80e-05,49,31.962474827272725,-1.8471628906292867,1.0200005769729614
MMDpt_dinov2_vitb14_l5_g2.80e-05,50,32.10326235227273,-1.8390482920775113,1.0200059413909912
MMDpt_dinov2_vitb14_l5_g2.80e-05,51,32.57260997909091,-1.8119964096549876,1.0200060606002808
MMDpt_dinov2_vitb14_l5_g2.80e-05,52,33.29309288772727,-1.770469793095747,1.0199956893920898
MMDpt_dinov2_vitb14_l5_g2.80e-05,53,33.63066458409091,-1.751013106159651,1.0200064182281494
MMDpt_dinov2_vitb14_l5_g2.80e-05,54,33.94931614045454,-1.7326469230920152,1.0200061798095703
MMDpt_dinov2_vitb14_l5_g2.80e-05,55,34.254768114545456,-1.7150415269704833,1.0200055837631226
MMDpt_dinov2_vitb14_l5_g2.80e-05,56,35.01583384090909,-1.6711758304824154,1.0200064182281494
MMDpt_dinov2_vitb14_l5_g2.80e-05,57,35.61844186090909,-1.6364431923003018,1.020005464553833
MMDpt_dinov2_vitb14_l5_g2.80e-05,58,36.50372615909091,-1.5854178853071164,1.020006537437439
MMDpt_dinov2_vitb14_l5_g2.80e-05,59,36.74721518909091,-1.5713838597056917,1.0200062990188599
MMDpt_dinov2_vitb14_l5_g2.80e-05,60,37.183868766818186,-1.5462163706866658,1.0200064182281494
MMDpt_dinov2_vitb14_l5_g2.80e-05,61,37.586910895,-1.5229861514634166,1.0200036764144897
MMDpt_dinov2_vitb14_l5_g2.80e-05,62,37.90925234181818,-1.504407293446501,1.0200042724609375
MMDpt_dinov2_vitb14_l5_g2.80e-05,63,39.159607152727276,-1.4323403447746748,1.0200061798095703
MMDpt_dinov2_vitb14_l5_g2.80e-05,64,39.16116855045455,-1.4322503501836308,1.020006537437439
MMDpt_dinov2_vitb14_l5_g2.80e-05,65,39.50363207727273,-1.4125117118436592,1.0200059413909912
MMDpt_dinov2_vitb14_l5_g2.80e-05,66,39.72578294681818,-1.3997075580360745,1.0200024843215942
MMDpt_dinov2_vitb14_l5_g2.80e-05,67,40.10658689318182,-1.3777590853168278,1.0200064182281494
MMDpt_dinov2_vitb14_l5_g2.80e-05,68,40.511631334545456,-1.3544134583708745,1.0200060606002808
MMDpt_dinov2_vitb14_l5_g2.80e-05,69,41.22542756590909,-1.3132722431581907,1.0200064182281494
MMDpt_dinov2_vitb14_l5_g2.80e-05,70,41.450596035,-1.3002941633660317,1.0200046300888062
MMDpt_dinov2_vitb14_l5_g2.80e-05,71,41.606778884545456,-1.2912922214345022,1.0199979543685913
MMDpt_dinov2_vitb14_l5_g2.80e-05,72,41.74143011090909,-1.283531301946464,1.020005464553833
MMDpt_dinov2_vitb14_l5_g2.80e-05,73,42.27668356454546,-1.2526807922886625,1.0200060606002808
MMDpt_dinov2_vitb14_l5_g2.80e-05,74,42.349748590454546,-1.2484695288729066,1.0200064182281494
MMDpt_dinov2_vitb14_l5_g2.80e-05,75,42.93479045136364,-1.2147493548925703,1.020006537437439
MMDpt_dinov2_vitb14_l5_g2.80e-05,76,42.999259720454546,-1.2110335268204517,1.0200061798095703
MMDpt_dinov2_vitb14_l5_g2.80e-05,77,43.14833512181818,-1.2024412382919711,1.0200064182281494
MMDpt_dinov2_vitb14_l5_g2.80e-05,78,43.849900354999995,-1.1620049835516937,1.0200061798095703
MMDpt_dinov2_vitb14_l5_g2.80e-05,79,44.24228326,-1.1393891320928766,1.020003080368042
MMDpt_dinov2_vitb14_l5_g2.80e-05,80,44.68483293727273,-1.113881808412842,1.0200062990188599
MMDpt_dinov2_vitb14_l5_g2.80e-05,81,45.014271393181815,-1.0948938986728347,1.0200023651123047
MMDpt_dinov2_vitb14_l5_g2.80e-05,82,45.044897863636365,-1.0931286747100122,1.020006537437439
MMDpt_dinov2_vitb14_l5_g2.80e-05,83,45.242849799999995,-1.0817192796223616,1.020003318786621
MMDpt_dinov2_vitb14_l5_g2.80e-05,84,45.34376912590909,-1.0759025723830795,1.0200062990188599
MMDpt_dinov2_vitb14_l5_g2.80e-05,85,45.44974382363636,-1.0697944876738517,1.0200059413909912
MMDpt_dinov2_vitb14_l5_g2.80e-05,86,45.87703164136364,-1.0451668148248472,1.0200036764144897
MMDpt_dinov2_vitb14_l5_g2.80e-05,87,46.05975058136364,-1.0346354069752812,1.0200064182281494
MMDpt_dinov2_vitb14_l5_g2.80e-05,88,46.3385215,-1.0185678321482947,1.020006537437439
MMDpt_dinov2_vitb14_l5_g2.80e-05,89,46.461104443636366,-1.0115024946696791,1.0200059413909912
MMDpt_dinov2_vitb14_l5_g2.80e-05,90,46.55172569545454,-1.00627933957292,1.0200064182281494
MMDpt_dinov2_vitb14_l5_g2.80e-05,91,46.63784059272727,-1.0013159181284732,1.020003318786621
MMDpt_dinov2_vitb14_l5_g2.80e-05,92,46.92503363227272,-0.9847629158452418,1.0200053453445435
MMDpt_dinov2_vitb14_l5_g2.80e-05,93,46.98420985,-0.9813521644262555,1.0200049877166748
MMDpt_dinov2_vitb14_l5_g2.80e-05,94,47.05894020545455,-0.9770449160806003,1.020005464553833
MMDpt_dinov2_vitb14_l5_g2.80e-05,95,47.18393024863636,-0.9698408401272126,1.020006537437439
MMDpt_dinov2_vitb14_l5_g2.80e-05,96,47.45620903181818,-0.9541474538013544,1.0200051069259644
MMDpt_dinov2_vitb14_l5_g2.80e-05,97,47.57944400681818,-0.9470445350614799,1.020005226135254
MMDpt_dinov2_vitb14_l5_g2.80e-05,98,47.68605184090909,-0.9408999581458618,1.0199825763702393
MMDpt_dinov2_vitb14_l5_g2.80e-05,99,47.85413733318182,-0.9312119812305011,1.020006537437439
MMDpt_dinov2_vitb14_l5_g2.80e-05,100,47.997159330454544,-0.9229685939563709,1.0199968814849854
MMDpt_dinov2_vitb14_l5_g2.80e-05,101,48.745656067727275,-0.8798273387898924,1.0200048685073853
MMDpt_dinov2_vitb14_l5_g2.80e-05,102,48.974869975454546,-0.8666160912472533,1.020005226135254
MMDpt_dinov2_vitb14_l5_g2.80e-05,103,49.269933079999994,-0.8496094804638982,1.0200055837631226
MMDpt_dinov2_vitb14_l5_g2.80e-05,104,49.50143869090909,-0.8362661455696251,1.0200040340423584
MMDpt_dinov2_vitb14_l5_g2.80e-05,105,50.02686477227273,-0.8059820581201266,1.0200060606002808
MMDpt_dinov2_vitb14_l5_g2.80e-05,106,50.24467801363637,-0.793427913049909,1.0200062990188599
MMDpt_dinov2_vitb14_l5_g2.80e-05,107,50.26601576545454,-0.7921980648087251,1.0200060606002808
MMDpt_dinov2_vitb14_l5_g2.80e-05,108,50.287720933636365,-0.7909470397175866,1.0200062990188599
MMDpt_dinov2_vitb14_l5_g2.80e-05,109,50.397065763181814,-0.7846447100511362,1.020006537437439
MMDpt_dinov2_vitb14_l5_g2.80e-05,110,50.44004938636363,-0.782167254421305,1.020006537437439
MMDpt_dinov2_vitb14_l5_g2.80e-05,111,50.53053583909091,-0.7769518687665316,1.0199965238571167
MMDpt_dinov2_vitb14_l5_g2.80e-05,112,50.744067415454545,-0.7646445068726515,1.0200037956237793
MMDpt_dinov2_vitb14_l5_g2.80e-05,113,50.877768575909094,-0.756938346522186,1.0200026035308838
MMDpt_dinov2_vitb14_l5_g2.80e-05,114,50.952142585000004,-0.7526516369826949,1.0200062990188599
MMDpt_dinov2_vitb14_l5_g2.80e-05,115,51.255980857727266,-0.7351392500872892,1.0200062990188599
MMDpt_dinov2_vitb14_l5_g2.80e-05,116,51.47010300409091,-0.7227978493929772,1.0200061798095703
MMDpt_dinov2_vitb14_l5_g2.80e-05,117,51.48649149727273,-0.7218532625551946,1.0200064182281494
MMDpt_dinov2_vitb14_l5_g2.80e-05,118,51.49088870772727,-0.7215998196625357,1.0200059413909912
MMDpt_dinov2_vitb14_l5_g2.80e-05,119,51.669473619090915,-0.7113066856428819,1.020006537437439
MMDpt_dinov2_vitb14_l5_g2.80e-05,120,51.78909724363636,-0.7044119150267025,1.020006537437439
MMDpt_dinov2_vitb14_l5_g2.80e-05,121,51.85205774272727,-0.7007830482308545,1.0200034379959106
MMDpt_dinov2_vitb14_l5_g2.80e-05,122,51.87800455454545,-0.699287546682667,1.020006537437439
MMDpt_dinov2_vitb14_l5_g2.80e-05,123,51.92553946363636,-0.6965477676825893,1.020006537437439
MMDpt_dinov2_vitb14_l5_g2.80e-05,124,52.00039339090909,-0.6922333970034971,1.0200047492980957
MMDpt_dinov2_vitb14_l5_g2.80e-05,125,52.126720309090906,-0.6849522673201076,1.0200029611587524
MMDpt_dinov2_vitb14_l5_g2.80e-05,126,52.30133809090909,-0.6748877875343021,1.0200048685073853
MMDpt_dinov2_vitb14_l5_g2.80e-05,127,52.82782977227273,-0.6445422818858776,1.0200059413909912
MMDpt_dinov2_vitb14_l5_g2.80e-05,128,52.94948191,-0.637530593452388,1.0200058221817017
MMDpt_dinov2_vitb14_l5_g2.80e-05,129,52.977303153181815,-0.6359270549312603,1.0200064182281494
MMDpt_dinov2_vitb14_l5_g2.80e-05,130,53.02329102272727,-0.6332764429568486,1.020006537437439
MMDpt_dinov2_vitb14_l5_g2.80e-05,131,53.11169118954546,-0.6281813049775454,1.0200060606002808
MMDpt_dinov2_vitb14_l5_g2.80e-05,132,53.15595768772727,-0.6256299080264427,1.020005464553833
MMDpt_dinov2_vitb14_l5_g2.80e-05,133,53.19575964181818,-0.6233358348901765,1.0200047492980957
MMDpt_dinov2_vitb14_l5_g2.80e-05,134,53.738266159999995,-0.5920672789100433,1.020006537437439
MMDpt_dinov2_vitb14_l5_g2.80e-05,135,54.35688324090909,-0.5564119233034402,1.0200061798095703
MMDpt_dinov2_vitb14_l5_g2.80e-05,136,54.43010616227273,-0.5521915592359978,1.0200064182281494
MMDpt_dinov2_vitb14_l5_g2.80e-05,137,54.51598353272727,-0.5472418281719658,1.020006537437439
MMDpt_dinov2_vitb14_l5_g2.80e-05,138,54.63723127590909,-0.5402534479072425,1.0200060606002808
MMDpt_dinov2_vitb14_l5_g2.80e-05,139,54.68535675181818,-0.5374796302901245,1.0200059413909912
MMDpt_dinov2_vitb14_l5_g2.80e-05,140,54.72388539863636,-0.5352589470181324,1.0200064182281494
MMDpt_dinov2_vitb14_l5_g2.80e-05,141,55.23867115454546,-0.5055881381210048,1.0200060606002808
MMDpt_dinov2_vitb14_l5_g2.80e-05,142,55.2775563909091,-0.5033469020265294,1.020006537437439
MMDpt_dinov2_vitb14_l5_g2.80e-05,143,55.699695931818184,-0.47901596143141617,1.0200064182281494
MMDpt_dinov2_vitb14_l5_g2.80e-05,144,55.80372709545455,-0.4730198965827504,1.020006537437439
MMDpt_dinov2_vitb14_l5_g2.80e-05,145,55.82518654818182,-0.4717830338420878,1.020006537437439
MMDpt_dinov2_vitb14_l5_g2.80e-05,146,56.236087309090905,-0.4480998650428898,1.0200062990188599
MMDpt_dinov2_vitb14_l5_g2.80e-05,147,56.34353036818182,-0.44190714809799403,1.0200061798095703
MMDpt_dinov2_vitb14_l5_g2.80e-05,148,56.343846956363635,-0.44188890084205507,1.0200064182281494
MMDpt_dinov2_vitb14_l5_g2.80e-05,149,56.418747340909086,-0.4375718524959041,1.0200040340423584
MMDpt_dinov2_vitb14_l5_g2.80e-05,150,56.4284854,-0.43701057804920695,1.020006537437439
MMDpt_dinov2_vitb14_l5_g2.80e-05,151,56.43083487727272,-0.4368751607608167,1.0200064182281494
MMDpt_dinov2_vitb14_l5_g2.80e-05,152,56.73676582727273,-0.41924215780964386,1.020006537437439
MMDpt_dinov2_vitb14_l5_g2.80e-05,153,56.80215198181818,-0.415473483028404,1.020006537437439
MMDpt_dinov2_vitb14_l5_g2.80e-05,154,56.838491672272724,-0.41337896506927063,1.0200046300888062
MMDpt_dinov2_vitb14_l5_g2.80e-05,155,56.87784920000001,-0.4111105074236286,1.0200064182281494
MMDpt_dinov2_vitb14_l5_g2.80e-05,156,56.88495511818182,-0.41070094220549447,1.0200064182281494
MMDpt_dinov2_vitb14_l5_g2.80e-05,157,56.89427865,-0.4101635599495794,1.0200027227401733
MMDpt_dinov2_vitb14_l5_g2.80e-05,158,57.014437336363635,-0.4032379498690725,1.0200060606002808
MMDpt_dinov2_vitb14_l5_g2.80e-05,159,57.01605029863636,-0.40314498324207687,1.020006537437439
MMDpt_dinov2_vitb14_l5_g2.80e-05,160,57.06027285454545,-0.40059611900047776,1.0200055837631226
MMDpt_dinov2_vitb14_l5_g2.80e-05,161,57.08577673045454,-0.3991261470372903,1.020006537437439
MMDpt_dinov2_vitb14_l5_g2.80e-05,162,57.165035822727276,-0.39455787498782163,1.020006537437439
MMDpt_dinov2_vitb14_l5_g2.80e-05,163,57.30280682363637,-0.386617140434433,1.0200062990188599
MMDpt_dinov2_vitb14_l5_g2.80e-05,164,57.552973348181816,-0.3721982427531278,1.0200047492980957
MMDpt_dinov2_vitb14_l5_g2.80e-05,165,57.715692645,-0.3628195583114009,1.0200061798095703
MMDpt_dinov2_vitb14_l5_g2.80e-05,166,57.94736867727273,-0.34946640080713065,1.0200061798095703
MMDpt_dinov2_vitb14_l5_g2.80e-05,167,58.01582408181818,-0.3455208230538053,1.020006537437439
MMDpt_dinov2_vitb14_l5_g2.80e-05,168,58.14704098045454,-0.33795784859535755,1.0200064182281494
MMDpt_dinov2_vitb14_l5_g2.80e-05,169,58.40466673181818,-0.32310902197584374,1.020006537437439
MMDpt_dinov2_vitb14_l5_g2.80e-05,170,58.48494007,-0.3184822916333907,1.0200053453445435
MMDpt_dinov2_vitb14_l5_g2.80e-05,171,58.90741873181818,-0.2941318050590592,1.020005226135254
MMDpt_dinov2_vitb14_l5_g2.80e-05,172,58.92814133636364,-0.29293741218345776,1.0200062990188599
MMDpt_dinov2_vitb14_l5_g2.80e-05,173,58.959711454090915,-0.29111779903528184,1.0200055837631226
MMDpt_dinov2_vitb14_l5_g2.80e-05,174,59.080638213636355,-0.2841479193681854,1.0200064182281494
MMDpt_dinov2_vitb14_l5_g2.80e-05,175,59.15176404636364,-0.2800484256151513,1.0199998617172241
MMDpt_dinov2_vitb14_l5_g2.80e-05,176,59.165360129545455,-0.27926478546736844,1.0200012922286987
MMDpt_dinov2_vitb14_l5_g2.80e-05,177,59.343238913181814,-0.26901235067183393,1.0200048685073853
MMDpt_dinov2_vitb14_l5_g2.80e-05,178,59.52943686818182,-0.2582804221434605,1.020006537437439
MMDpt_dinov2_vitb14_l5_g2.80e-05,179,59.53394987363636,-0.2580203051513792,1.020006537437439
MMDpt_dinov2_vitb14_l5_g2.80e-05,180,59.61907620909091,-0.2531138616408659,1.0200064182281494
MMDpt_dinov2_vitb14_l5_g2.80e-05,181,59.64024705,-0.25189363367691286,1.020006537437439
MMDpt_dinov2_vitb14_l5_g2.80e-05,182,59.81487126545455,-0.2418287830743299,1.0200064182281494
MMDpt_dinov2_vitb14_l5_g2.80e-05,183,59.821444613636366,-0.241449913699103,1.0200064182281494
MMDpt_dinov2_vitb14_l5_g2.80e-05,184,59.82249576181818,-0.241389328462493,1.020006537437439
MMDpt_dinov2_vitb14_l5_g2.80e-05,185,60.13491826227273,-0.22338217072795283,1.020006537437439
MMDpt_dinov2_vitb14_l5_g2.80e-05,186,60.66603184545455,-0.19277027160609897,1.0200036764144897
MMDpt_dinov2_vitb14_l5_g2.80e-05,187,60.91525143409091,-0.1784059526579342,1.020006537437439
MMDpt_dinov2_vitb14_l5_g2.80e-05,188,60.98922430909091,-0.17414236336374334,1.0200062990188599
MMDpt_dinov2_vitb14_l5_g2.80e-05,189,61.15445065909091,-0.16461917939964438,1.0200042724609375
MMDpt_dinov2_vitb14_l5_g2.80e-05,190,61.257236485,-0.15869489232900422,1.0200061798095703
MMDpt_dinov2_vitb14_l5_g2.80e-05,191,61.38288141818182,-0.1514530703505647,1.0200051069259644
MMDpt_dinov2_vitb14_l5_g2.80e-05,192,61.41676890772727,-0.14949989038246164,1.0200039148330688
MMDpt_dinov2_vitb14_l5_g2.80e-05,193,61.450913154545454,-0.1475319116444142,1.020006537437439
MMDpt_dinov2_vitb14_l5_g2.80e-05,194,61.557454278181815,-0.14139117973251966,1.0200060606002808
MMDpt_dinov2_vitb14_l5_g2.80e-05,195,61.612018317727276,-0.1382462613438015,1.0200058221817017
MMDpt_dinov2_vitb14_l5_g2.80e-05,196,61.66026577136363,-0.13546541327218128,1.0200062990188599
MMDpt_dinov2_vitb14_l5_g2.80e-05,197,61.784896459090916,-0.12828204956052722,1.020006537437439
MMDpt_dinov2_vitb14_l5_g2.80e-05,198,61.80260090454545,-0.12726161492013313,1.0200062990188599
MMDpt_dinov2_vitb14_l5_g2.80e-05,199,62.04634134636364,-0.11321309864578996,1.0200064182281494
MMDpt_dinov2_vitb14_l5_g2.80e-05,200,62.140166177272725,-0.1078052982244427,1.0200062990188599
MMDpt_dinov2_vitb14_l5_g2.80e-05,201,62.30800517363637,-0.0981315286427709,1.020006537437439
MMDpt_dinov2_vitb14_l5_g2.80e-05,202,62.48285368636363,-0.08805375017371433,1.0200058221817017
MMDpt_dinov2_vitb14_l5_g2.80e-05,203,62.50087945,-0.08701479565343062,1.0200064182281494
MMDpt_dinov2_vitb14_l5_g2.80e-05,204,62.515273900000004,-0.08618513987871876,1.0200046300888062
MMDpt_dinov2_vitb14_l5_g2.80e-05,205,62.56153540454545,-0.08351875634944335,1.0200046300888062
MMDpt_dinov2_vitb14_l5_g2.80e-05,206,62.62842450590909,-0.07966345592382028,1.020006537437439
MMDpt_dinov2_vitb14_l5_g2.80e-05,207,62.64787497272727,-0.07854238550316901,1.0200060606002808
MMDpt_dinov2_vitb14_l5_g2.80e-05,208,62.80573838590909,-0.06944358059141646,1.020006537437439
MMDpt_dinov2_vitb14_l5_g2.80e-05,209,62.831736559090906,-0.06794511871810778,1.0200031995773315
MMDpt_dinov2_vitb14_l5_g2.80e-05,210,63.033077886363635,-0.05634036863318487,1.020006537437439
MMDpt_dinov2_vitb14_l5_g2.80e-05,211,63.2958711590909,-0.041193700558090865,1.020006537437439
MMDpt_dinov2_vitb14_l5_g2.80e-05,212,63.30556153181818,-0.04063517461980955,1.020006537437439
MMDpt_dinov2_vitb14_l5_g2.80e-05,213,63.451246159090914,-0.0322383208113255,1.0200064182281494
MMDpt_dinov2_vitb14_l5_g2.80e-05,214,63.51674641363636,-0.02846306962571502,1.0200062990188599
MMDpt_dinov2_vitb14_l5_g2.80e-05,215,63.52993807136364,-0.027702739428211564,1.0200060606002808
MMDpt_dinov2_vitb14_l5_g2.80e-05,216,63.601648069090906,-0.02356957604100441,1.0200042724609375
MMDpt_dinov2_vitb14_l5_g2.80e-05,217,63.632569839545454,-0.021787331813408223,1.020006537437439
MMDpt_dinov2_vitb14_l5_g2.80e-05,218,63.65115097727273,-0.02071636708629849,1.020006537437439
MMDpt_dinov2_vitb14_l5_g2.80e-05,219,63.71100458181818,-0.017266572988681755,1.0200058221817017
MMDpt_dinov2_vitb14_l5_g2.80e-05,220,63.89873966363636,-0.006446048776474242,1.0200037956237793
MMDpt_dinov2_vitb14_l5_g2.80e-05,221,63.92419218818182,-0.004979036562035517,1.0199939012527466
MMDpt_dinov2_vitb14_l5_g2.80e-05,222,63.96103896818182,-0.002855291382016408,1.020006537437439
MMDpt_dinov2_vitb14_l5_g2.80e-05,223,63.99746849090909,-0.0007555957423308915,1.020006537437439
MMDpt_dinov2_vitb14_l5_g2.80e-05,224,64.02118780454545,0.000611519050564863,1.020006537437439
MMDpt_dinov2_vitb14_l5_g2.80e-05,225,64.02835174090909,0.0010244282741725598,1.0200045108795166
MMDpt_dinov2_vitb14_l5_g2.80e-05,226,64.1043883409091,0.005406964896234798,1.020006537437439
MMDpt_dinov2_vitb14_l5_g2.80e-05,227,64.15682117727273,0.008429046703709133,1.020004153251648
MMDpt_dinov2_vitb14_l5_g2.80e-05,228,64.23845857272727,0.01313439748621699,1.020006537437439
MMDpt_dinov2_vitb14_l5_g2.80e-05,229,64.25370258636363,0.014013019729039077,1.0200060606002808
MMDpt_dinov2_vitb14_l5_g2.80e-05,230,64.32671434181817,0.01822121278502206,1.0200061798095703
MMDpt_dinov2_vitb14_l5_g2.80e-05,231,64.40631527727272,0.022809187717882526,1.020006537437439
MMDpt_dinov2_vitb14_l5_g2.80e-05,232,64.56676404090909,0.032057004987472486,1.020006537437439
MMDpt_dinov2_vitb14_l5_g2.80e-05,233,64.70266141363636,0.0398897488610707,1.020006537437439
MMDpt_dinov2_vitb14_l5_g2.80e-05,234,64.83579067045456,0.047562946288015,1.0200064182281494
MMDpt_dinov2_vitb14_l5_g2.80e-05,235,64.88276691590909,0.05027052548108044,1.020006537437439
MMDpt_dinov2_vitb14_l5_g2.80e-05,236,64.91428311818181,0.05208703109348984,1.020005464553833
MMDpt_dinov2_vitb14_l5_g2.80e-05,237,64.99876317727272,0.056956225044821694,1.020006537437439
MMDpt_dinov2_vitb14_l5_g2.80e-05,238,65.11283459954545,0.06353098227543044,1.0200062990188599
MMDpt_dinov2_vitb14_l5_g2.80e-05,239,65.12859398045454,0.06443930884414997,1.0200058221817017
MMDpt_dinov2_vitb14_l5_g2.80e-05,240,65.15700578272727,0.06607688553694015,1.020006537437439
MMDpt_dinov2_vitb14_l5_g2.80e-05,241,65.26560826818182,0.07233642856952589,1.020006537437439
MMDpt_dinov2_vitb14_l5_g2.80e-05,242,65.49862164545455,0.08576666689328061,1.020005702972412
MMDpt_dinov2_vitb14_l5_g2.80e-05,243,65.58085287863636,0.09050624481886647,1.0200047492980957
MMDpt_dinov2_vitb14_l5_g2.80e-05,244,65.74797291818182,0.10013857574355729,1.0200048685073853
MMDpt_dinov2_vitb14_l5_g2.80e-05,245,65.77319434545456,0.10159226815857124,1.020006537437439
MMDpt_dinov2_vitb14_l5_g2.80e-05,246,65.79643795909091,0.10293196493604907,1.0200049877166748
MMDpt_dinov2_vitb14_l5_g2.80e-05,247,65.90152255454545,0.10898874664372764,1.0200064182281494
MMDpt_dinov2_vitb14_l5_g2.80e-05,248,66.06104215454546,0.11818300952419154,1.020005702972412
MMDpt_dinov2_vitb14_l5_g2.80e-05,249,66.34667021363636,0.13464581071801482,1.0200064182281494
MMDpt_dinov2_vitb14_l5_g2.80e-05,250,66.41367993636364,0.13850806342114064,1.0200064182281494
MMDpt_dinov2_vitb14_l5_g2.80e-05,251,66.49486482500001,0.14318733297826053,1.020006537437439
MMDpt_dinov2_vitb14_l5_g2.80e-05,252,66.57540134545455,0.14782923240965884,1.0200047492980957
MMDpt_dinov2_vitb14_l5_g2.80e-05,253,66.64770191772728,0.15199643485928482,1.020006537437439
MMDpt_dinov2_vitb14_l5_g2.80e-05,254,66.69631712272727,0.15479847908932004,1.0200064182281494
MMDpt_dinov2_vitb14_l5_g2.80e-05,255,66.69915260454546,0.15496190831826281,1.020006537437439
MMDpt_dinov2_vitb14_l5_g2.80e-05,256,66.84640655909091,0.16344921375457688,1.0200064182281494
MMDpt_dinov2_vitb14_l5_g2.80e-05,257,66.92138232272727,0.1677706067403678,1.020005702972412
MMDpt_dinov2_vitb14_l5_g2.80e-05,258,67.1600262,0.1815253713113582,1.020001769065857
MMDpt_dinov2_vitb14_l5_g2.80e-05,259,67.24224864545455,0.1862644427369615,1.020006537437439
MMDpt_dinov2_vitb14_l5_g2.80e-05,260,67.33497136227273,0.19160872038946963,1.020006537437439
MMDpt_dinov2_vitb14_l5_g2.80e-05,261,67.50431248636363,0.20136906840541843,1.020006537437439
MMDpt_dinov2_vitb14_l5_g2.80e-05,262,67.65232870272727,0.20990030847760313,1.020006537437439
MMDpt_dinov2_vitb14_l5_g2.80e-05,263,67.78208407272727,0.2173790445196429,1.020005464553833
MMDpt_dinov2_vitb14_l5_g2.80e-05,264,67.84529925,0.2210225902524589,1.0200062990188599
MMDpt_dinov2_vitb14_l5_g2.80e-05,265,67.89158320909091,0.22369026799883285,1.020006537437439
MMDpt_dinov2_vitb14_l5_g2.80e-05,266,67.98637594090908,0.22915385551719142,1.020006537437439
MMDpt_dinov2_vitb14_l5_g2.80e-05,267,68.0851692090909,0.234848022744816,1.0200062990188599
MMDpt_dinov2_vitb14_l5_g2.80e-05,268,68.12695885,0.23725666058115907,1.0200062990188599
MMDpt_dinov2_vitb14_l5_g2.80e-05,269,68.2302839,0.24321202701786718,1.020006537437439
MMDpt_dinov2_vitb14_l5_g2.80e-05,270,68.23565684545454,0.24352170854259156,1.020006537437439
MMDpt_dinov2_vitb14_l5_g2.80e-05,271,68.26595938409092,0.24526826198284749,1.0200064182281494
MMDpt_dinov2_vitb14_l5_g2.80e-05,272,68.27114585318182,0.2455671955323495,1.0200064182281494
MMDpt_dinov2_vitb14_l5_g2.80e-05,273,68.32032611363637,0.24840180797589106,1.0200061798095703
MMDpt_dinov2_vitb14_l5_g2.80e-05,274,68.38830778636363,0.25232008115428434,1.020006537437439
MMDpt_dinov2_vitb14_l5_g2.80e-05,275,68.41746199090909,0.2540004478343775,1.020003080368042
MMDpt_dinov2_vitb14_l5_g2.80e-05,276,68.46063733181818,0.256488953536948,1.0200064182281494
MMDpt_dinov2_vitb14_l5_g2.80e-05,277,68.46664887727273,0.256835442176758,1.0200062990188599
MMDpt_dinov2_vitb14_l5_g2.80e-05,278,68.47213741363636,0.2571517860376766,1.020006537437439
MMDpt_dinov2_vitb14_l5_g2.80e-05,279,68.93374281227273,0.283757428116166,1.020005464553833
MMDpt_dinov2_vitb14_l5_g2.80e-05,280,69.04567613727274,0.29020895140944425,1.0200064182281494
MMDpt_dinov2_vitb14_l5_g2.80e-05,281,69.05974111818182,0.2910196175086998,1.0200064182281494
MMDpt_dinov2_vitb14_l5_g2.80e-05,282,69.09219679545454,0.2928902718283501,1.020006537437439
MMDpt_dinov2_vitb14_l5_g2.80e-05,283,69.09712682727273,0.29317442505181285,1.0200060606002808
MMDpt_dinov2_vitb14_l5_g2.80e-05,284,69.10091421363637,0.29339271939217726,1.0200049877166748
MMDpt_dinov2_vitb14_l5_g2.80e-05,285,69.10780212727273,0.2937897194390094,1.0200047492980957
MMDpt_dinov2_vitb14_l5_g2.80e-05,286,69.12065298636364,0.2945304069577943,1.020006537437439
MMDpt_dinov2_vitb14_l5_g2.80e-05,287,69.18059698636364,0.2979854111961857,1.0200059413909912
MMDpt_dinov2_vitb14_l5_g2.80e-05,288,69.23367816363636,0.30104486155745686,1.020006537437439
MMDpt_dinov2_vitb14_l5_g2.80e-05,289,69.2644266,0.3028171152936152,1.020006537437439
MMDpt_dinov2_vitb14_l5_g2.80e-05,290,69.35791935818182,0.30820577597320115,1.0200061798095703
MMDpt_dinov2_vitb14_l5_g2.80e-05,291,69.61843814545455,0.32322134907823014,1.020006537437439
MMDpt_dinov2_vitb14_l5_g2.80e-05,292,69.80519480454545,0.33398547974530074,1.020006537437439
MMDpt_dinov2_vitb14_l5_g2.80e-05,293,69.8553488,0.33687621554651076,1.020006537437439
MMDpt_dinov2_vitb14_l5_g2.80e-05,294,69.88728480909091,0.3387169176479122,1.020006537437439
MMDpt_dinov2_vitb14_l5_g2.80e-05,295,69.97248817863637,0.3436278011876287,1.020006537437439
MMDpt_dinov2_vitb14_l5_g2.80e-05,296,70.05721009181819,0.3485109349312532,1.0200060606002808
MMDpt_dinov2_vitb14_l5_g2.80e-05,297,70.14929492727272,0.35381844688886305,1.0200061798095703
MMDpt_dinov2_vitb14_l5_g2.80e-05,298,70.15787111818182,0.35431275450831085,1.0200064182281494
MMDpt_dinov2_vitb14_l5_g2.80e-05,299,70.16147875909091,0.3545206888241977,1.020006537437439
MMDpt_dinov2_vitb14_l5_g2.80e-05,300,70.20511073181818,0.3570355135056018,1.020006537437439
MMDpt_dinov2_vitb14_l5_g2.80e-05,301,70.32331571818182,0.3638485177910241,1.0200058221817017
MMDpt_dinov2_vitb14_l5_g2.80e-05,302,70.37705808636363,0.36694607734409634,1.020006537437439
MMDpt_dinov2_vitb14_l5_g2.80e-05,303,70.399005675,0.36821107487114013,1.0200061798095703
MMDpt_dinov2_vitb14_l5_g2.80e-05,304,70.50181075318181,0.37413647158884883,1.0200064182281494
MMDpt_dinov2_vitb14_l5_g2.80e-05,305,70.6102672090909,0.38038759788750787,1.020006537437439
MMDpt_dinov2_vitb14_l5_g2.80e-05,306,70.7436578590909,0.38807586128520843,1.020006537437439
MMDpt_dinov2_vitb14_l5_g2.80e-05,307,70.83137117272727,0.39313141097119886,1.020006537437439
MMDpt_dinov2_vitb14_l5_g2.80e-05,308,70.8352099,0.39335266445774103,1.0200058221817017
MMDpt_dinov2_vitb14_l5_g2.80e-05,309,70.84563281363636,0.3939534120019492,1.0200064182281494
MMDpt_dinov2_vitb14_l5_g2.80e-05,310,70.86294127272727,0.394951023097624,1.020005702972412
MMDpt_dinov2_vitb14_l5_g2.80e-05,311,70.88488886772727,0.3962160209914498,1.0200049877166748
MMDpt_dinov2_vitb14_l5_g2.80e-05,312,70.94146290454545,0.3994767899923458,1.0200011730194092
MMDpt_dinov2_vitb14_l5_g2.80e-05,313,71.03486937272727,0.4048604771580567,1.020006537437439
MMDpt_dinov2_vitb14_l5_g2.80e-05,314,71.06114357272727,0.4063748484439294,1.0200055837631226
MMDpt_dinov2_vitb14_l5_g2.80e-05,315,71.16676672727273,0.41246267118893826,1.020006537437439
MMDpt_dinov2_vitb14_l5_g2.80e-05,316,71.17873871818182,0.41315270320770386,1.0200064182281494
MMDpt_dinov2_vitb14_l5_g2.80e-05,317,71.2066498259091,0.4147614212694939,1.0200059413909912
MMDpt_dinov2_vitb14_l5_g2.80e-05,318,71.25545576818182,0.4175744590616155,1.020006537437439
MMDpt_dinov2_vitb14_l5_g2.80e-05,319,71.3174982909091,0.4211504162713988,1.0200064182281494
MMDpt_dinov2_vitb14_l5_g2.80e-05,320,71.36296618181818,0.4237710581338302,1.020005702972412
MMDpt_dinov2_vitb14_l5_g2.80e-05,321,71.46931471818182,0.4299006898548213,1.020006537437439
MMDpt_dinov2_vitb14_l5_g2.80e-05,322,71.72297334090909,0.4445208622928842,1.0200062990188599
MMDpt_dinov2_vitb14_l5_g2.80e-05,323,71.90808025909091,0.45518990651538743,1.0200062990188599
MMDpt_dinov2_vitb14_l5_g2.80e-05,324,71.99829709090909,0.46038975197625187,1.0200059413909912
MMDpt_dinov2_vitb14_l5_g2.80e-05,325,72.09644175681818,0.46604653558581094,1.0200062990188599
MMDpt_dinov2_vitb14_l5_g2.80e-05,326,72.15469048045455,0.4694038288435938,1.020006537437439
MMDpt_dinov2_vitb14_l5_g2.80e-05,327,72.16259906363636,0.4698596574238161,1.0200064182281494
MMDpt_dinov2_vitb14_l5_g2.80e-05,328,72.25012620454545,0.47490447663533314,1.0200061798095703
MMDpt_dinov2_vitb14_l5_g2.80e-05,329,72.32991709090909,0.4795033998064825,1.020006537437439
MMDpt_dinov2_vitb14_l5_g2.80e-05,330,72.3529890590909,0.4808332034207922,1.0200060606002808
MMDpt_dinov2_vitb14_l5_g2.80e-05,331,72.35690482818183,0.48105889738191765,1.0200059413909912
MMDpt_dinov2_vitb14_l5_g2.80e-05,332,72.45495321363636,0.48671013165578725,1.020006537437439
MMDpt_dinov2_vitb14_l5_g2.80e-05,333,72.62635492727273,0.49658924628079065,1.0200060606002808
MMDpt_dinov2_vitb14_l5_g2.80e-05,334,72.63195748181819,0.49691216183031,1.0200048685073853
MMDpt_dinov2_vitb14_l5_g2.80e-05,335,72.83995069636363,0.5089003080636467,1.0200061798095703
MMDpt_dinov2_vitb14_l5_g2.80e-05,336,72.89617321363636,0.5121408164626576,1.020005702972412
MMDpt_dinov2_vitb14_l5_g2.80e-05,337,73.03390340545455,0.5200791988943657,1.020006537437439
MMDpt_dinov2_vitb14_l5_g2.80e-05,338,73.11911989545455,0.5249908386603275,1.020006537437439
MMDpt_dinov2_vitb14_l5_g2.80e-05,339,73.13833258181818,0.5260982040816745,1.020005226135254
MMDpt_dinov2_vitb14_l5_g2.80e-05,340,73.33471177272727,0.5374169505270702,1.020004391670227
MMDpt_dinov2_vitb14_l5_g2.80e-05,341,73.33981687045456,0.5377111940591194,1.0200060606002808
MMDpt_dinov2_vitb14_l5_g2.80e-05,342,73.39854528636364,0.541096135435736,1.0200062990188599
MMDpt_dinov2_vitb14_l5_g2.80e-05,343,73.41015931818183,0.5417655356952554,1.020006537437439
MMDpt_dinov2_vitb14_l5_g2.80e-05,344,73.44266513181819,0.5436390797344586,1.020006537437439
MMDpt_dinov2_vitb14_l5_g2.80e-05,345,73.44619574090909,0.5438425741521346,1.020005702972412
MMDpt_dinov2_vitb14_l5_g2.80e-05,346,73.46868897499999,0.5451390211546568,1.020006537437439
MMDpt_dinov2_vitb14_l5_g2.80e-05,347,73.50964273636363,0.5474994812355564,1.0200064182281494
MMDpt_dinov2_vitb14_l5_g2.80e-05,348,73.53120189545454,0.548742090771711,1.020006537437439
MMDpt_dinov2_vitb14_l5_g2.80e-05,349,73.63946159545455,0.5549818766109442,1.020006537437439
MMDpt_dinov2_vitb14_l5_g2.80e-05,350,73.76844457272728,0.562416094099894,1.0200060606002808
MMDpt_dinov2_vitb14_l5_g2.80e-05,351,73.80118299272728,0.5643030449182952,1.020006537437439
MMDpt_dinov2_vitb14_l5_g2.80e-05,352,73.90576145,0.5703306542390226,1.020006537437439
MMDpt_dinov2_vitb14_l5_g2.80e-05,353,73.96756481363637,0.5738928269887642,1.020005702972412
MMDpt_dinov2_vitb14_l5_g2.80e-05,354,74.00717849454546,0.5761760485862414,1.0200064182281494
MMDpt_dinov2_vitb14_l5_g2.80e-05,355,74.01135728181818,0.5764169021785707,1.020006537437439
MMDpt_dinov2_vitb14_l5_g2.80e-05,356,74.05095793636363,0.5786993729729389,1.020005464553833
MMDpt_dinov2_vitb14_l5_g2.80e-05,357,74.05302495909092,0.5788185103725725,1.0199992656707764
MMDpt_dinov2_vitb14_l5_g2.80e-05,358,74.20412883636364,0.5875277145700669,1.0200051069259644
MMDpt_dinov2_vitb14_l5_g2.80e-05,359,74.32802774090909,0.5946689003490705,1.020006537437439
MMDpt_dinov2_vitb14_l5_g2.80e-05,360,74.38583995454546,0.5980010343932524,1.0200060606002808
MMDpt_dinov2_vitb14_l5_g2.80e-05,361,74.46433656818182,0.602525359310058,1.020005226135254
MMDpt_dinov2_vitb14_l5_g2.80e-05,362,74.52572066363636,0.6060633666162982,1.020005702972412
MMDpt_dinov2_vitb14_l5_g2.80e-05,363,74.86437946363637,0.625582711160682,1.020006537437439
MMDpt_dinov2_vitb14_l5_g2.80e-05,364,74.89747095909091,0.6274900122592099,1.020006537437439
MMDpt_dinov2_vitb14_l5_g2.80e-05,365,74.9084351090909,0.6281219551512479,1.020006537437439
MMDpt_dinov2_vitb14_l5_g2.80e-05,366,75.02020153181819,0.634563858665071,1.020005226135254
MMDpt_dinov2_vitb14_l5_g2.80e-05,367,75.04613550454546,0.6360586202040249,1.0200058221817017
MMDpt_dinov2_vitb14_l5_g2.80e-05,368,75.04910765454545,0.6362299266041167,1.0200064182281494
MMDpt_dinov2_vitb14_l5_g2.80e-05,369,75.04911406363637,0.6362302960061632,1.0200064182281494
MMDpt_dinov2_vitb14_l5_g2.80e-05,370,75.14242499545455,0.6416084767235004,1.0200048685073853
MMDpt_dinov2_vitb14_l5_g2.80e-05,371,75.14524949545454,0.6417712729912052,1.0200059413909912
MMDpt_dinov2_vitb14_l5_g2.80e-05,372,75.21942449545455,0.6460465122041826,1.0200064182281494
MMDpt_dinov2_vitb14_l5_g2.80e-05,373,75.2494860690909,0.6477791770968547,1.0200058221817017
MMDpt_dinov2_vitb14_l5_g2.80e-05,374,75.29101026818182,0.6501725156103826,1.0200061798095703
MMDpt_dinov2_vitb14_l5_g2.80e-05,375,75.30463428181818,0.6509577655913236,1.0200053453445435
MMDpt_dinov2_vitb14_l5_g2.80e-05,376,75.35053226363635,0.6536031966889378,1.020006537437439
MMDpt_dinov2_vitb14_l5_g2.80e-05,377,75.358434425,0.6540586551335503,1.0200039148330688
MMDpt_dinov2_vitb14_l5_g2.80e-05,378,75.4765098,0.6608641889830542,1.0200062990188599
MMDpt_dinov2_vitb14_l5_g2.80e-05,379,75.48288537727272,0.661231659397098,1.020006537437439
MMDpt_dinov2_vitb14_l5_g2.80e-05,380,75.54217925454545,0.664649192382683,1.020006537437439
MMDpt_dinov2_vitb14_l5_g2.80e-05,381,75.65154605454546,0.6709527883645888,1.0200064182281494
MMDpt_dinov2_vitb14_l5_g2.80e-05,382,75.68111334545455,0.672656964185499,1.020006537437439
MMDpt_dinov2_vitb14_l5_g2.80e-05,383,75.77031593636364,0.677798351641565,1.020006537437439
MMDpt_dinov2_vitb14_l5_g2.80e-05,384,75.78166525454546,0.6784524945486285,1.020006537437439
MMDpt_dinov2_vitb14_l5_g2.80e-05,385,75.79512009954546,0.6792279941232632,1.020006537437439
MMDpt_dinov2_vitb14_l5_g2.80e-05,386,75.84170493636363,0.6819130136189849,1.0200064182281494
MMDpt_dinov2_vitb14_l5_g2.80e-05,387,75.84312428636363,0.6819948209769487,1.0200027227401733
MMDpt_dinov2_vitb14_l5_g2.80e-05,388,76.02107943636364,0.6922516573157579,1.0200061798095703
MMDpt_dinov2_vitb14_l5_g2.80e-05,389,76.07231828181818,0.6952049208319687,1.0200062990188599
MMDpt_dinov2_vitb14_l5_g2.80e-05,390,76.16321556363636,0.7004439855246826,1.020006537437439
MMDpt_dinov2_vitb14_l5_g2.80e-05,391,76.19598609272727,0.7023327870211363,1.0200064182281494
MMDpt_dinov2_vitb14_l5_g2.80e-05,392,76.26727722727273,0.7064418083079089,1.0200023651123047
MMDpt_dinov2_vitb14_l5_g2.80e-05,393,76.28929185454545,0.7077106697541566,1.020006537437439
MMDpt_dinov2_vitb14_l5_g2.80e-05,394,76.28997104545455,0.707749816415534,1.0200059413909912
MMDpt_dinov2_vitb14_l5_g2.80e-05,395,76.32376224090909,0.7096974462619865,1.0200064182281494
MMDpt_dinov2_vitb14_l5_g2.80e-05,396,76.35414479090909,0.7114486113331051,1.0200062990188599
MMDpt_dinov2_vitb14_l5_g2.80e-05,397,76.39021483181818,0.71352758744781,1.0200060606002808
MMDpt_dinov2_vitb14_l5_g2.80e-05,398,76.45241142272727,0.7171124247159999,1.020005226135254
MMDpt_dinov2_vitb14_l5_g2.80e-05,399,76.51437691681818,0.7206839422109638,1.0200062990188599
MMDpt_dinov2_vitb14_l5_g2.80e-05,400,76.5471795409091,0.7225745935733101,1.020006537437439
MMDpt_dinov2_vitb14_l5_g2.80e-05,401,76.59774437272728,0.7254890088316404,1.0200064182281494
MMDpt_dinov2_vitb14_l5_g2.80e-05,402,76.63823088636364,0.7278225380624447,1.020003080368042
MMDpt_dinov2_vitb14_l5_g2.80e-05,403,76.64452179545455,0.7281851284396704,1.020006537437439
MMDpt_dinov2_vitb14_l5_g2.80e-05,404,76.67493643727272,0.7299381431932893,1.0200022459030151
MMDpt_dinov2_vitb14_l5_g2.80e-05,405,76.67586082272727,0.7299914221814013,1.0200064182281494
MMDpt_dinov2_vitb14_l5_g2.80e-05,406,76.81212329090908,0.7378452091342544,1.020006537437439
MMDpt_dinov2_vitb14_l5_g2.80e-05,407,76.90558185454546,0.7432318989360301,1.020006537437439
MMDpt_dinov2_vitb14_l5_g2.80e-05,408,76.91644974545454,0.7438582937237196,1.020006537437439
MMDpt_dinov2_vitb14_l5_g2.80e-05,409,76.98329391227273,0.7477110042480184,1.0200060606002808
MMDpt_dinov2_vitb14_l5_g2.80e-05,410,77.11547369545454,0.7553294766743298,1.0200064182281494
MMDpt_dinov2_vitb14_l5_g2.80e-05,411,77.14402031818182,0.7569748240404465,1.0200064182281494
MMDpt_dinov2_vitb14_l5_g2.80e-05,412,77.17084656363636,0.7585210136798696,1.020004153251648
MMDpt_dinov2_vitb14_l5_g2.80e-05,413,77.25877326818183,0.7635888626200866,1.020006537437439
MMDpt_dinov2_vitb14_l5_g2.80e-05,414,77.34552212272727,0.7685888235858233,1.0199991464614868
MMDpt_dinov2_vitb14_l5_g2.80e-05,415,77.52582683636363,0.7789810821907805,1.0200042724609375
MMDpt_dinov2_vitb14_l5_g2.80e-05,416,77.65479755863636,0.7864145933358604,1.020006537437439
MMDpt_dinov2_vitb14_l5_g2.80e-05,417,77.69959142727272,0.7889963864426363,1.020006537437439
MMDpt_dinov2_vitb14_l5_g2.80e-05,418,77.72501827727272,0.7904619188481973,1.0200047492980957
MMDpt_dinov2_vitb14_l5_g2.80e-05,419,77.83570625,0.7968416635250904,1.020006537437439
MMDpt_dinov2_vitb14_l5_g2.80e-05,420,77.9733424409091,0.8047746280077235,1.0200061798095703
MMDpt_dinov2_vitb14_l5_g2.80e-05,421,78.0566007590909,0.8095734042355274,1.0200064182281494
MMDpt_dinov2_vitb14_l5_g2.80e-05,422,78.20425748181819,0.818083924101565,1.020006537437439
MMDpt_dinov2_vitb14_l5_g2.80e-05,423,78.23482706363636,0.8198458691627494,1.0200018882751465
MMDpt_dinov2_vitb14_l5_g2.80e-05,424,78.25971381363637,0.8212802717172971,1.0200064182281494
MMDpt_dinov2_vitb14_l5_g2.80e-05,425,78.3483194,0.8263872495037559,1.0199991464614868
MMDpt_dinov2_vitb14_l5_g2.80e-05,426,78.4185978909091,0.8304379048480556,1.020004153251648
MMDpt_dinov2_vitb14_l5_g2.80e-05,427,78.53980069090909,0.837423694713678,1.0200062990188599
MMDpt_dinov2_vitb14_l5_g2.80e-05,428,78.54177141363635,0.8375372816510761,1.020006537437439
MMDpt_dinov2_vitb14_l5_g2.80e-05,429,78.57485005,0.8394438415876266,1.020005702972412
MMDpt_dinov2_vitb14_l5_g2.80e-05,430,78.5853263609091,0.8400476668010531,1.0200051069259644
MMDpt_dinov2_vitb14_l5_g2.80e-05,431,78.61859467727272,0.8419651593614511,1.020006537437439
MMDpt_dinov2_vitb14_l5_g2.80e-05,432,78.63007529545455,0.8426268700327033,1.020006537437439
MMDpt_dinov2_vitb14_l5_g2.80e-05,433,78.86957993181818,0.8564312463464417,1.0200062990188599
MMDpt_dinov2_vitb14_l5_g2.80e-05,434,79.22077921818182,0.8766733893950602,1.0200058221817017
MMDpt_dinov2_vitb14_l5_g2.80e-05,435,79.25695136818182,0.8787582507917258,1.020006537437439
MMDpt_dinov2_vitb14_l5_g2.80e-05,436,79.28284742727273,0.8802508270948876,1.020006537437439
MMDpt_dinov2_vitb14_l5_g2.80e-05,437,79.36729972727272,0.8851184210899811,1.0200064182281494
MMDpt_dinov2_vitb14_l5_g2.80e-05,438,79.46781420454546,0.8909117939879693,1.020006537437439
MMDpt_dinov2_vitb14_l5_g2.80e-05,439,79.51125251363636,0.8934154564398847,1.020006537437439
MMDpt_dinov2_vitb14_l5_g2.80e-05,440,79.62850745318183,0.9001737026880812,1.0200064182281494
MMDpt_dinov2_vitb14_l5_g2.80e-05,441,79.6499864090909,0.9014116895375086,1.0200060606002808
MMDpt_dinov2_vitb14_l5_g2.80e-05,442,79.75645692727272,0.9075483519487911,1.0200049877166748
MMDpt_dinov2_vitb14_l5_g2.80e-05,443,79.91532173636364,0.9167048745155257,1.020006537437439
MMDpt_dinov2_vitb14_l5_g2.80e-05,444,79.94757872272727,0.9185640768477706,1.0200064182281494
MMDpt_dinov2_vitb14_l5_g2.80e-05,445,80.02392345454545,0.9229643733246603,1.0200064182281494
MMDpt_dinov2_vitb14_l5_g2.80e-05,446,80.13685939999999,0.9294736848522888,1.0200062990188599
MMDpt_dinov2_vitb14_l5_g2.80e-05,447,80.28660759545454,0.9381047513474663,1.020006537437439
MMDpt_dinov2_vitb14_l5_g2.80e-05,448,80.40461357272727,0.9449062853063745,1.020006537437439
MMDpt_dinov2_vitb14_l5_g2.80e-05,449,80.43965011363636,0.9469256933762311,1.020006537437439
MMDpt_dinov2_vitb14_l5_g2.80e-05,450,80.56802326363636,0.954324762129495,1.020006537437439
MMDpt_dinov2_vitb14_l5_g2.80e-05,451,80.69563893636364,0.9616801720146861,1.0200015306472778
MMDpt_dinov2_vitb14_l5_g2.80e-05,452,80.83871870454546,0.9699268890421825,1.020006537437439
MMDpt_dinov2_vitb14_l5_g2.80e-05,453,80.88731798181819,0.9727280152426367,1.0200049877166748
MMDpt_dinov2_vitb14_l5_g2.80e-05,454,80.98601989090909,0.9784169167881859,1.020004153251648
MMDpt_dinov2_vitb14_l5_g2.80e-05,455,81.02786977272727,0.9808290267417757,1.0200048685073853
MMDpt_dinov2_vitb14_l5_g2.80e-05,456,81.46314962272727,1.0059173379428359,1.020006537437439
MMDpt_dinov2_vitb14_l5_g2.80e-05,457,81.49191450454545,1.0075752651515413,1.020005702972412
MMDpt_dinov2_vitb14_l5_g2.80e-05,458,81.53910919545454,1.0102954349286748,1.0200027227401733
MMDpt_dinov2_vitb14_l5_g2.80e-05,459,81.65584415909092,1.0170237112220841,1.020006537437439
MMDpt_dinov2_vitb14_l5_g2.80e-05,460,81.66778405000001,1.017711893086772,1.0200062990188599
MMDpt_dinov2_vitb14_l5_g2.80e-05,461,82.0783984909091,1.0413785592032403,1.020006537437439
MMDpt_dinov2_vitb14_l5_g2.80e-05,462,82.11143467727273,1.0432826724407058,1.020005702972412
MMDpt_dinov2_vitb14_l5_g2.80e-05,463,82.15394328181819,1.0457327493270108,1.0200064182281494
MMDpt_dinov2_vitb14_l5_g2.80e-05,464,82.87086985,1.0870543883848574,1.0199991464614868
MMDpt_dinov2_vitb14_l5_g2.80e-05,465,83.04785639090909,1.0972553968090384,1.0200059413909912
MMDpt_dinov2_vitb14_l5_g2.80e-05,466,83.2706767,1.1100981352367167,1.0200053453445435
MMDpt_dinov2_vitb14_l5_g2.80e-05,467,83.28013232272727,1.1106431308426048,1.0200061798095703
MMDpt_dinov2_vitb14_l5_g2.80e-05,468,83.32162666818182,1.113034748676162,1.0200059413909912
MMDpt_dinov2_vitb14_l5_g2.80e-05,469,83.35334443181819,1.1148628717209361,1.020006537437439
MMDpt_dinov2_vitb14_l5_g2.80e-05,470,83.45792123636365,1.1208903857830939,1.0200060606002808
MMDpt_dinov2_vitb14_l5_g2.80e-05,471,84.18152392727274,1.1625968178530641,1.020005226135254
MMDpt_dinov2_vitb14_l5_g2.80e-05,472,84.62887205909091,1.188380711011149,1.0200045108795166
MMDpt_dinov2_vitb14_l5_g2.80e-05,473,85.11071750454545,1.2161529326896323,1.0199902057647705
MMDpt_dinov2_vitb14_l5_g2.80e-05,474,85.12217595454545,1.2168133656489846,1.0200040340423584
MMDpt_dinov2_vitb14_l5_g2.80e-05,475,85.54109655454546,1.2409587755073437,1.0200064182281494
MMDpt_dinov2_vitb14_l5_g2.80e-05,476,85.8163718359091,1.256824871594287,1.020006537437439
MMDpt_dinov2_vitb14_l5_g2.80e-05,477,86.0069106,1.2678069921987163,1.020006537437439
MMDpt_dinov2_vitb14_l5_g2.80e-05,478,86.07828567272726,1.2719208514471514,1.020006537437439
MMDpt_dinov2_vitb14_l5_g2.80e-05,479,86.46879091363637,1.2944284796076844,1.0200064182281494
MMDpt_dinov2_vitb14_l5_g2.80e-05,480,87.81027129545454,1.371747650915916,1.020006537437439
